<?xml version='1.0' encoding='UTF-8'?><gpx version="1.1" creator="Garmin Sports" xmlns="http://www.topografix.com/GPX/1/1"><metadata><author><name>Garmin Sports</name></author><copyright author="Garmin Sports"><year>2026</year></copyright></metadata><trk><trkseg><trkpt lat="37.58837127685547" lon="127.01934814453125"><ele>31.0</ele><time>2026-09-10T11:07:19Z</time></trkpt><trkpt lat="37.58835983276367" lon="127.01935577392578"><ele>31.0</ele><time>2026-09-10T11:07:20Z</time></trkpt><trkpt lat="37.588348388671875" lon="127.01937103271484"><ele>31.200000762939453</ele><time>2026-09-10T11:07:21Z</time></trkpt><trkpt lat="37.58833312988281" lon="127.0193862915039"><ele>31.200000762939453</ele><time>2026-09-10T11:07:22Z</time></trkpt><trkpt lat="37.58831787109375" lon="127.01940155029297"><ele>31.399999618530273</ele><time>2026-09-10T11:07:23Z</time></trkpt><trkpt lat="37.58830261230469" lon="127.01942443847656"><ele>31.399999618530273</ele><time>2026-09-10T11:07:24Z</time></trkpt><trkpt lat="37.588287353515625" lon="127.01943969726562"><ele>31.200000762939453</ele><time>2026-09-10T11:07:25Z</time></trkpt><trkpt lat="37.58827209472656" lon="127.01946258544922"><ele>31.200000762939453</ele><time>2026-09-10T11:07:26Z</time></trkpt><trkpt lat="37.588260650634766" lon="127.01948547363281"><ele>31.200000762939453</ele><time>2026-09-10T11:07:27Z</time></trkpt><trkpt lat="37.5882453918457" lon="127.0195083618164"><ele>31.200000762939453</ele><time>2026-09-10T11:07:28Z</time></trkpt><trkpt lat="37.58823013305664" lon="127.01953125"><ele>31.200000762939453</ele><time>2026-09-10T11:07:29Z</time></trkpt><trkpt lat="37.58821487426758" lon="127.0195541381836"><ele>31.200000762939453</ele><time>2026-09-10T11:07:30Z</time></trkpt><trkpt lat="37.588199615478516" lon="127.01957702636719"><ele>31.200000762939453</ele><time>2026-09-10T11:07:31Z</time></trkpt><trkpt lat="37.58818054199219" lon="127.01959991455078"><ele>31.200000762939453</ele><time>2026-09-10T11:07:32Z</time></trkpt><trkpt lat="37.588157653808594" lon="127.01961517333984"><ele>31.200000762939453</ele><time>2026-09-10T11:07:33Z</time></trkpt><trkpt lat="37.58814239501953" lon="127.0196304321289"><ele>31.200000762939453</ele><time>2026-09-10T11:07:34Z</time></trkpt><trkpt lat="37.5881233215332" lon="127.0196533203125"><ele>31.200000762939453</ele><time>2026-09-10T11:07:35Z</time></trkpt><trkpt lat="37.58810806274414" lon="127.01966857910156"><ele>31.200000762939453</ele><time>2026-09-10T11:07:36Z</time></trkpt><trkpt lat="37.58808898925781" lon="127.01969146728516"><ele>31.200000762939453</ele><time>2026-09-10T11:07:37Z</time></trkpt><trkpt lat="37.588077545166016" lon="127.01970672607422"><ele>31.200000762939453</ele><time>2026-09-10T11:07:38Z</time></trkpt><trkpt lat="37.58806228637695" lon="127.01972961425781"><ele>31.200000762939453</ele><time>2026-09-10T11:07:39Z</time></trkpt><trkpt lat="37.58804702758789" lon="127.01974487304688"><ele>31.200000762939453</ele><time>2026-09-10T11:07:40Z</time></trkpt><trkpt lat="37.588035583496094" lon="127.01976013183594"><ele>31.200000762939453</ele><time>2026-09-10T11:07:41Z</time></trkpt><trkpt lat="37.588016510009766" lon="127.01978302001953"><ele>31.200000762939453</ele><time>2026-09-10T11:07:42Z</time></trkpt><trkpt lat="37.58800506591797" lon="127.0197982788086"><ele>31.200000762939453</ele><time>2026-09-10T11:07:43Z</time></trkpt><trkpt lat="37.587989807128906" lon="127.01981353759766"><ele>31.200000762939453</ele><time>2026-09-10T11:07:44Z</time></trkpt><trkpt lat="37.58797073364258" lon="127.01983642578125"><ele>31.200000762939453</ele><time>2026-09-10T11:07:45Z</time></trkpt><trkpt lat="37.58795166015625" lon="127.01985168457031"><ele>31.0</ele><time>2026-09-10T11:07:46Z</time></trkpt><trkpt lat="37.58793258666992" lon="127.01986694335938"><ele>31.0</ele><time>2026-09-10T11:07:47Z</time></trkpt><trkpt lat="37.58791732788086" lon="127.01988983154297"><ele>31.0</ele><time>2026-09-10T11:07:48Z</time></trkpt><trkpt lat="37.5879020690918" lon="127.01991271972656"><ele>31.0</ele><time>2026-09-10T11:07:49Z</time></trkpt><trkpt lat="37.58788299560547" lon="127.01992797851562"><ele>31.0</ele><time>2026-09-10T11:07:50Z</time></trkpt><trkpt lat="37.58787536621094" lon="127.01994323730469"><ele>31.0</ele><time>2026-09-10T11:07:51Z</time></trkpt><trkpt lat="37.58786392211914" lon="127.01995849609375"><ele>31.0</ele><time>2026-09-10T11:07:52Z</time></trkpt><trkpt lat="37.58785629272461" lon="127.01997375488281"><ele>31.200000762939453</ele><time>2026-09-10T11:07:53Z</time></trkpt><trkpt lat="37.58784103393555" lon="127.0199966430664"><ele>31.0</ele><time>2026-09-10T11:07:54Z</time></trkpt><trkpt lat="37.58783721923828" lon="127.02001190185547"><ele>31.0</ele><time>2026-09-10T11:07:55Z</time></trkpt><trkpt lat="37.587825775146484" lon="127.02002716064453"><ele>31.0</ele><time>2026-09-10T11:07:56Z</time></trkpt><trkpt lat="37.58781051635742" lon="127.0200424194336"><ele>31.0</ele><time>2026-09-10T11:07:57Z</time></trkpt><trkpt lat="37.587799072265625" lon="127.02005004882812"><ele>31.0</ele><time>2026-09-10T11:07:58Z</time></trkpt><trkpt lat="37.58778381347656" lon="127.02006530761719"><ele>31.0</ele><time>2026-09-10T11:07:59Z</time></trkpt><trkpt lat="37.587772369384766" lon="127.02008056640625"><ele>31.0</ele><time>2026-09-10T11:08:00Z</time></trkpt><trkpt lat="37.58776092529297" lon="127.02008819580078"><ele>31.0</ele><time>2026-09-10T11:08:01Z</time></trkpt><trkpt lat="37.58774185180664" lon="127.02010345458984"><ele>31.0</ele><time>2026-09-10T11:08:02Z</time></trkpt><trkpt lat="37.587730407714844" lon="127.0201187133789"><ele>31.0</ele><time>2026-09-10T11:08:03Z</time></trkpt><trkpt lat="37.58771514892578" lon="127.02012634277344"><ele>31.0</ele><time>2026-09-10T11:08:04Z</time></trkpt><trkpt lat="37.587703704833984" lon="127.0201416015625"><ele>31.0</ele><time>2026-09-10T11:08:05Z</time></trkpt><trkpt lat="37.58768844604492" lon="127.02015686035156"><ele>30.799999237060547</ele><time>2026-09-10T11:08:06Z</time></trkpt><trkpt lat="37.587669372558594" lon="127.02017211914062"><ele>30.799999237060547</ele><time>2026-09-10T11:08:07Z</time></trkpt><trkpt lat="37.5876579284668" lon="127.02018737792969"><ele>30.799999237060547</ele><time>2026-09-10T11:08:08Z</time></trkpt><trkpt lat="37.587642669677734" lon="127.02019500732422"><ele>30.799999237060547</ele><time>2026-09-10T11:08:09Z</time></trkpt><trkpt lat="37.5876350402832" lon="127.02020263671875"><ele>30.799999237060547</ele><time>2026-09-10T11:08:10Z</time></trkpt><trkpt lat="37.587623596191406" lon="127.02021789550781"><ele>30.799999237060547</ele><time>2026-09-10T11:08:11Z</time></trkpt><trkpt lat="37.58761215209961" lon="127.02021789550781"><ele>30.799999237060547</ele><time>2026-09-10T11:08:12Z</time></trkpt><trkpt lat="37.58759689331055" lon="127.02022552490234"><ele>30.799999237060547</ele><time>2026-09-10T11:08:13Z</time></trkpt><trkpt lat="37.58758544921875" lon="127.02023315429688"><ele>30.799999237060547</ele><time>2026-09-10T11:08:14Z</time></trkpt><trkpt lat="37.58756637573242" lon="127.02024841308594"><ele>30.799999237060547</ele><time>2026-09-10T11:08:15Z</time></trkpt><trkpt lat="37.58755874633789" lon="127.020263671875"><ele>30.600000381469727</ele><time>2026-09-10T11:08:16Z</time></trkpt><trkpt lat="37.58754348754883" lon="127.02027130126953"><ele>30.600000381469727</ele><time>2026-09-10T11:08:17Z</time></trkpt><trkpt lat="37.587528228759766" lon="127.0202865600586"><ele>30.600000381469727</ele><time>2026-09-10T11:08:18Z</time></trkpt><trkpt lat="37.5875129699707" lon="127.02030181884766"><ele>30.600000381469727</ele><time>2026-09-10T11:08:19Z</time></trkpt><trkpt lat="37.58749771118164" lon="127.02031707763672"><ele>30.600000381469727</ele><time>2026-09-10T11:08:20Z</time></trkpt><trkpt lat="37.58747863769531" lon="127.02032470703125"><ele>30.600000381469727</ele><time>2026-09-10T11:08:21Z</time></trkpt><trkpt lat="37.587459564208984" lon="127.02032470703125"><ele>30.600000381469727</ele><time>2026-09-10T11:08:22Z</time></trkpt><trkpt lat="37.58744430541992" lon="127.02033996582031"><ele>30.399999618530273</ele><time>2026-09-10T11:08:23Z</time></trkpt><trkpt lat="37.58742904663086" lon="127.02034759521484"><ele>30.399999618530273</ele><time>2026-09-10T11:08:24Z</time></trkpt><trkpt lat="37.5874137878418" lon="127.0203628540039"><ele>30.399999618530273</ele><time>2026-09-10T11:08:25Z</time></trkpt><trkpt lat="37.587398529052734" lon="127.02037811279297"><ele>30.399999618530273</ele><time>2026-09-10T11:08:26Z</time></trkpt><trkpt lat="37.58738327026367" lon="127.02037811279297"><ele>30.600000381469727</ele><time>2026-09-10T11:08:27Z</time></trkpt><trkpt lat="37.58736038208008" lon="127.0203857421875"><ele>30.600000381469727</ele><time>2026-09-10T11:08:28Z</time></trkpt><trkpt lat="37.587345123291016" lon="127.02039337158203"><ele>30.600000381469727</ele><time>2026-09-10T11:08:29Z</time></trkpt><trkpt lat="37.58732604980469" lon="127.02040100097656"><ele>30.399999618530273</ele><time>2026-09-10T11:08:30Z</time></trkpt><trkpt lat="37.587310791015625" lon="127.0204086303711"><ele>30.399999618530273</ele><time>2026-09-10T11:08:31Z</time></trkpt><trkpt lat="37.5872917175293" lon="127.02041625976562"><ele>30.399999618530273</ele><time>2026-09-10T11:08:32Z</time></trkpt><trkpt lat="37.5872688293457" lon="127.02042388916016"><ele>30.399999618530273</ele><time>2026-09-10T11:08:33Z</time></trkpt><trkpt lat="37.587249755859375" lon="127.02043914794922"><ele>30.399999618530273</ele><time>2026-09-10T11:08:34Z</time></trkpt><trkpt lat="37.58723068237305" lon="127.02044677734375"><ele>30.399999618530273</ele><time>2026-09-10T11:08:35Z</time></trkpt><trkpt lat="37.587215423583984" lon="127.02046203613281"><ele>30.200000762939453</ele><time>2026-09-10T11:08:36Z</time></trkpt><trkpt lat="37.58720016479492" lon="127.0204849243164"><ele>30.200000762939453</ele><time>2026-09-10T11:08:37Z</time></trkpt><trkpt lat="37.587181091308594" lon="127.02049255371094"><ele>30.200000762939453</ele><time>2026-09-10T11:08:38Z</time></trkpt><trkpt lat="37.58716583251953" lon="127.02050018310547"><ele>30.200000762939453</ele><time>2026-09-10T11:08:39Z</time></trkpt><trkpt lat="37.5871467590332" lon="127.02051544189453"><ele>30.200000762939453</ele><time>2026-09-10T11:08:40Z</time></trkpt><trkpt lat="37.58713150024414" lon="127.02052307128906"><ele>30.200000762939453</ele><time>2026-09-10T11:08:41Z</time></trkpt><trkpt lat="37.58711624145508" lon="127.02053833007812"><ele>30.0</ele><time>2026-09-10T11:08:42Z</time></trkpt><trkpt lat="37.587093353271484" lon="127.02054595947266"><ele>30.0</ele><time>2026-09-10T11:08:43Z</time></trkpt><trkpt lat="37.587074279785156" lon="127.02055358886719"><ele>30.200000762939453</ele><time>2026-09-10T11:08:44Z</time></trkpt><trkpt lat="37.587059020996094" lon="127.02056121826172"><ele>30.200000762939453</ele><time>2026-09-10T11:08:45Z</time></trkpt><trkpt lat="37.587039947509766" lon="127.02056884765625"><ele>30.0</ele><time>2026-09-10T11:08:46Z</time></trkpt><trkpt lat="37.5870246887207" lon="127.02057647705078"><ele>30.0</ele><time>2026-09-10T11:08:47Z</time></trkpt><trkpt lat="37.58700942993164" lon="127.02057647705078"><ele>30.0</ele><time>2026-09-10T11:08:48Z</time></trkpt><trkpt lat="37.586997985839844" lon="127.02057647705078"><ele>30.0</ele><time>2026-09-10T11:08:49Z</time></trkpt><trkpt lat="37.58698654174805" lon="127.02058410644531"><ele>30.0</ele><time>2026-09-10T11:08:50Z</time></trkpt><trkpt lat="37.58696365356445" lon="127.02057647705078"><ele>30.200000762939453</ele><time>2026-09-10T11:08:51Z</time></trkpt><trkpt lat="37.586952209472656" lon="127.02057647705078"><ele>30.200000762939453</ele><time>2026-09-10T11:08:52Z</time></trkpt><trkpt lat="37.58693313598633" lon="127.02059173583984"><ele>30.200000762939453</ele><time>2026-09-10T11:08:53Z</time></trkpt><trkpt lat="37.586910247802734" lon="127.02059936523438"><ele>30.200000762939453</ele><time>2026-09-10T11:08:54Z</time></trkpt><trkpt lat="37.58689880371094" lon="127.0206069946289"><ele>30.200000762939453</ele><time>2026-09-10T11:08:55Z</time></trkpt><trkpt lat="37.58687973022461" lon="127.02061462402344"><ele>30.200000762939453</ele><time>2026-09-10T11:08:56Z</time></trkpt><trkpt lat="37.58685302734375" lon="127.02061462402344"><ele>30.200000762939453</ele><time>2026-09-10T11:08:57Z</time></trkpt><trkpt lat="37.58683776855469" lon="127.0206298828125"><ele>30.200000762939453</ele><time>2026-09-10T11:08:58Z</time></trkpt><trkpt lat="37.58681869506836" lon="127.02063751220703"><ele>30.200000762939453</ele><time>2026-09-10T11:08:59Z</time></trkpt><trkpt lat="37.586795806884766" lon="127.02063751220703"><ele>30.200000762939453</ele><time>2026-09-10T11:09:00Z</time></trkpt><trkpt lat="37.5867805480957" lon="127.02064514160156"><ele>30.200000762939453</ele><time>2026-09-10T11:09:01Z</time></trkpt><trkpt lat="37.58675765991211" lon="127.0206527709961"><ele>30.200000762939453</ele><time>2026-09-10T11:09:02Z</time></trkpt><trkpt lat="37.58674240112305" lon="127.02066802978516"><ele>30.200000762939453</ele><time>2026-09-10T11:09:03Z</time></trkpt><trkpt lat="37.58672332763672" lon="127.02067565917969"><ele>30.0</ele><time>2026-09-10T11:09:04Z</time></trkpt><trkpt lat="37.58670425415039" lon="127.02068328857422"><ele>30.0</ele><time>2026-09-10T11:09:05Z</time></trkpt><trkpt lat="37.58668518066406" lon="127.02069091796875"><ele>30.0</ele><time>2026-09-10T11:09:06Z</time></trkpt><trkpt lat="37.5866584777832" lon="127.02069854736328"><ele>30.0</ele><time>2026-09-10T11:09:07Z</time></trkpt><trkpt lat="37.586639404296875" lon="127.02069854736328"><ele>30.0</ele><time>2026-09-10T11:09:08Z</time></trkpt><trkpt lat="37.58661651611328" lon="127.02070617675781"><ele>30.0</ele><time>2026-09-10T11:09:09Z</time></trkpt><trkpt lat="37.58659744262695" lon="127.02071380615234"><ele>29.799999237060547</ele><time>2026-09-10T11:09:10Z</time></trkpt><trkpt lat="37.586578369140625" lon="127.02072143554688"><ele>29.799999237060547</ele><time>2026-09-10T11:09:11Z</time></trkpt><trkpt lat="37.58655548095703" lon="127.0207290649414"><ele>29.799999237060547</ele><time>2026-09-10T11:09:12Z</time></trkpt><trkpt lat="37.586524963378906" lon="127.02073669433594"><ele>29.799999237060547</ele><time>2026-09-10T11:09:13Z</time></trkpt><trkpt lat="37.58650588989258" lon="127.02074432373047"><ele>29.799999237060547</ele><time>2026-09-10T11:09:14Z</time></trkpt><trkpt lat="37.586483001708984" lon="127.020751953125"><ele>29.799999237060547</ele><time>2026-09-10T11:09:15Z</time></trkpt><trkpt lat="37.586463928222656" lon="127.02075958251953"><ele>29.799999237060547</ele><time>2026-09-10T11:09:16Z</time></trkpt><trkpt lat="37.58644485473633" lon="127.02076721191406"><ele>29.799999237060547</ele><time>2026-09-10T11:09:17Z</time></trkpt><trkpt lat="37.586429595947266" lon="127.0207748413086"><ele>29.799999237060547</ele><time>2026-09-10T11:09:18Z</time></trkpt><trkpt lat="37.5864143371582" lon="127.02078247070312"><ele>29.600000381469727</ele><time>2026-09-10T11:09:19Z</time></trkpt><trkpt lat="37.58639144897461" lon="127.02078247070312"><ele>29.600000381469727</ele><time>2026-09-10T11:09:20Z</time></trkpt><trkpt lat="37.58637619018555" lon="127.02079010009766"><ele>29.600000381469727</ele><time>2026-09-10T11:09:21Z</time></trkpt><trkpt lat="37.586360931396484" lon="127.02079772949219"><ele>29.600000381469727</ele><time>2026-09-10T11:09:22Z</time></trkpt><trkpt lat="37.586341857910156" lon="127.02079772949219"><ele>29.399999618530273</ele><time>2026-09-10T11:09:23Z</time></trkpt><trkpt lat="37.586326599121094" lon="127.02080535888672"><ele>29.399999618530273</ele><time>2026-09-10T11:09:24Z</time></trkpt><trkpt lat="37.586307525634766" lon="127.02081298828125"><ele>29.399999618530273</ele><time>2026-09-10T11:09:25Z</time></trkpt><trkpt lat="37.5862922668457" lon="127.02081298828125"><ele>29.399999618530273</ele><time>2026-09-10T11:09:26Z</time></trkpt><trkpt lat="37.586273193359375" lon="127.02082061767578"><ele>29.399999618530273</ele><time>2026-09-10T11:09:27Z</time></trkpt><trkpt lat="37.58625411987305" lon="127.02082824707031"><ele>29.399999618530273</ele><time>2026-09-10T11:09:28Z</time></trkpt><trkpt lat="37.58623504638672" lon="127.02083587646484"><ele>29.399999618530273</ele><time>2026-09-10T11:09:29Z</time></trkpt><trkpt lat="37.58621597290039" lon="127.02084350585938"><ele>29.399999618530273</ele><time>2026-09-10T11:09:30Z</time></trkpt><trkpt lat="37.58619689941406" lon="127.0208511352539"><ele>29.399999618530273</ele><time>2026-09-10T11:09:31Z</time></trkpt><trkpt lat="37.586177825927734" lon="127.02085876464844"><ele>29.399999618530273</ele><time>2026-09-10T11:09:32Z</time></trkpt><trkpt lat="37.586158752441406" lon="127.02085876464844"><ele>29.399999618530273</ele><time>2026-09-10T11:09:33Z</time></trkpt><trkpt lat="37.586143493652344" lon="127.02086639404297"><ele>29.399999618530273</ele><time>2026-09-10T11:09:34Z</time></trkpt><trkpt lat="37.586116790771484" lon="127.0208740234375"><ele>29.399999618530273</ele><time>2026-09-10T11:09:35Z</time></trkpt><trkpt lat="37.58610153198242" lon="127.02088165283203"><ele>29.200000762939453</ele><time>2026-09-10T11:09:36Z</time></trkpt><trkpt lat="37.58607482910156" lon="127.02088928222656"><ele>29.200000762939453</ele><time>2026-09-10T11:09:37Z</time></trkpt><trkpt lat="37.58604431152344" lon="127.02088928222656"><ele>29.200000762939453</ele><time>2026-09-10T11:09:38Z</time></trkpt><trkpt lat="37.586021423339844" lon="127.02090454101562"><ele>29.200000762939453</ele><time>2026-09-10T11:09:39Z</time></trkpt><trkpt lat="37.58599853515625" lon="127.02091217041016"><ele>29.200000762939453</ele><time>2026-09-10T11:09:40Z</time></trkpt><trkpt lat="37.58598327636719" lon="127.02091979980469"><ele>29.200000762939453</ele><time>2026-09-10T11:09:41Z</time></trkpt><trkpt lat="37.58596420288086" lon="127.02092742919922"><ele>29.0</ele><time>2026-09-10T11:09:42Z</time></trkpt><trkpt lat="37.58594512939453" lon="127.02093505859375"><ele>29.0</ele><time>2026-09-10T11:09:43Z</time></trkpt><trkpt lat="37.58592987060547" lon="127.02094268798828"><ele>29.0</ele><time>2026-09-10T11:09:44Z</time></trkpt><trkpt lat="37.58591079711914" lon="127.02095031738281"><ele>29.0</ele><time>2026-09-10T11:09:45Z</time></trkpt><trkpt lat="37.58589172363281" lon="127.02095794677734"><ele>29.0</ele><time>2026-09-10T11:09:46Z</time></trkpt><trkpt lat="37.585872650146484" lon="127.0209732055664"><ele>29.200000762939453</ele><time>2026-09-10T11:09:47Z</time></trkpt><trkpt lat="37.585853576660156" lon="127.02098846435547"><ele>29.200000762939453</ele><time>2026-09-10T11:09:48Z</time></trkpt><trkpt lat="37.58583450317383" lon="127.02099609375"><ele>29.200000762939453</ele><time>2026-09-10T11:09:49Z</time></trkpt><trkpt lat="37.585811614990234" lon="127.0210189819336"><ele>29.200000762939453</ele><time>2026-09-10T11:09:50Z</time></trkpt><trkpt lat="37.58580780029297" lon="127.02101135253906"><ele>29.0</ele><time>2026-09-10T11:09:51Z</time></trkpt><trkpt lat="37.585784912109375" lon="127.02103424072266"><ele>29.0</ele><time>2026-09-10T11:09:52Z</time></trkpt><trkpt lat="37.585758209228516" lon="127.02103424072266"><ele>29.0</ele><time>2026-09-10T11:09:53Z</time></trkpt><trkpt lat="37.585731506347656" lon="127.02104187011719"><ele>29.0</ele><time>2026-09-10T11:09:54Z</time></trkpt><trkpt lat="37.58570861816406" lon="127.02104187011719"><ele>29.0</ele><time>2026-09-10T11:09:55Z</time></trkpt><trkpt lat="37.585693359375" lon="127.02104949951172"><ele>29.0</ele><time>2026-09-10T11:09:56Z</time></trkpt><trkpt lat="37.58567810058594" lon="127.02105712890625"><ele>29.0</ele><time>2026-09-10T11:09:57Z</time></trkpt><trkpt lat="37.585655212402344" lon="127.02106475830078"><ele>29.0</ele><time>2026-09-10T11:09:58Z</time></trkpt><trkpt lat="37.58564376831055" lon="127.02107238769531"><ele>28.799999237060547</ele><time>2026-09-10T11:09:59Z</time></trkpt><trkpt lat="37.58562469482422" lon="127.02108764648438"><ele>29.0</ele><time>2026-09-10T11:10:00Z</time></trkpt><trkpt lat="37.58560562133789" lon="127.02108764648438"><ele>28.799999237060547</ele><time>2026-09-10T11:10:01Z</time></trkpt><trkpt lat="37.58558654785156" lon="127.0210952758789"><ele>28.799999237060547</ele><time>2026-09-10T11:10:02Z</time></trkpt><trkpt lat="37.58556365966797" lon="127.02110290527344"><ele>28.799999237060547</ele><time>2026-09-10T11:10:03Z</time></trkpt><trkpt lat="37.585540771484375" lon="127.02110290527344"><ele>28.799999237060547</ele><time>2026-09-10T11:10:04Z</time></trkpt><trkpt lat="37.58551788330078" lon="127.02111053466797"><ele>28.600000381469727</ele><time>2026-09-10T11:10:05Z</time></trkpt><trkpt lat="37.58549880981445" lon="127.02111053466797"><ele>28.600000381469727</ele><time>2026-09-10T11:10:06Z</time></trkpt><trkpt lat="37.585479736328125" lon="127.0211181640625"><ele>28.600000381469727</ele><time>2026-09-10T11:10:07Z</time></trkpt><trkpt lat="37.58545684814453" lon="127.02112579345703"><ele>28.600000381469727</ele><time>2026-09-10T11:10:08Z</time></trkpt><trkpt lat="37.58544158935547" lon="127.02113342285156"><ele>28.600000381469727</ele><time>2026-09-10T11:10:09Z</time></trkpt><trkpt lat="37.58541488647461" lon="127.0211410522461"><ele>28.600000381469727</ele><time>2026-09-10T11:10:10Z</time></trkpt><trkpt lat="37.585391998291016" lon="127.02114868164062"><ele>28.600000381469727</ele><time>2026-09-10T11:10:11Z</time></trkpt><trkpt lat="37.58537292480469" lon="127.02115631103516"><ele>28.600000381469727</ele><time>2026-09-10T11:10:12Z</time></trkpt><trkpt lat="37.585350036621094" lon="127.02116394042969"><ele>28.799999237060547</ele><time>2026-09-10T11:10:13Z</time></trkpt><trkpt lat="37.5853271484375" lon="127.02117156982422"><ele>28.799999237060547</ele><time>2026-09-10T11:10:14Z</time></trkpt><trkpt lat="37.58530807495117" lon="127.02117919921875"><ele>28.799999237060547</ele><time>2026-09-10T11:10:15Z</time></trkpt><trkpt lat="37.58528518676758" lon="127.02117919921875"><ele>28.799999237060547</ele><time>2026-09-10T11:10:16Z</time></trkpt><trkpt lat="37.58526611328125" lon="127.02118682861328"><ele>28.799999237060547</ele><time>2026-09-10T11:10:17Z</time></trkpt><trkpt lat="37.58524703979492" lon="127.02118682861328"><ele>28.799999237060547</ele><time>2026-09-10T11:10:18Z</time></trkpt><trkpt lat="37.58523178100586" lon="127.02119445800781"><ele>28.799999237060547</ele><time>2026-09-10T11:10:19Z</time></trkpt><trkpt lat="37.58521270751953" lon="127.02120971679688"><ele>28.799999237060547</ele><time>2026-09-10T11:10:20Z</time></trkpt><trkpt lat="37.5851936340332" lon="127.0212173461914"><ele>28.799999237060547</ele><time>2026-09-10T11:10:21Z</time></trkpt><trkpt lat="37.58517837524414" lon="127.02122497558594"><ele>28.600000381469727</ele><time>2026-09-10T11:10:22Z</time></trkpt><trkpt lat="37.58515548706055" lon="127.02123260498047"><ele>28.600000381469727</ele><time>2026-09-10T11:10:23Z</time></trkpt><trkpt lat="37.58514404296875" lon="127.02124786376953"><ele>28.600000381469727</ele><time>2026-09-10T11:10:24Z</time></trkpt><trkpt lat="37.58512496948242" lon="127.02125549316406"><ele>28.600000381469727</ele><time>2026-09-10T11:10:25Z</time></trkpt><trkpt lat="37.585113525390625" lon="127.0212631225586"><ele>28.600000381469727</ele><time>2026-09-10T11:10:26Z</time></trkpt><trkpt lat="37.58509826660156" lon="127.02127838134766"><ele>28.600000381469727</ele><time>2026-09-10T11:10:27Z</time></trkpt><trkpt lat="37.585079193115234" lon="127.02127838134766"><ele>28.600000381469727</ele><time>2026-09-10T11:10:28Z</time></trkpt><trkpt lat="37.585060119628906" lon="127.02128601074219"><ele>28.600000381469727</ele><time>2026-09-10T11:10:29Z</time></trkpt><trkpt lat="37.58503723144531" lon="127.02128601074219"><ele>28.600000381469727</ele><time>2026-09-10T11:10:30Z</time></trkpt><trkpt lat="37.58501434326172" lon="127.02128601074219"><ele>28.600000381469727</ele><time>2026-09-10T11:10:31Z</time></trkpt><trkpt lat="37.58499526977539" lon="127.02129364013672"><ele>28.600000381469727</ele><time>2026-09-10T11:10:32Z</time></trkpt><trkpt lat="37.5849723815918" lon="127.02130126953125"><ele>28.600000381469727</ele><time>2026-09-10T11:10:33Z</time></trkpt><trkpt lat="37.584964752197266" lon="127.02131652832031"><ele>28.600000381469727</ele><time>2026-09-10T11:10:34Z</time></trkpt><trkpt lat="37.58494567871094" lon="127.02131652832031"><ele>28.600000381469727</ele><time>2026-09-10T11:10:35Z</time></trkpt><trkpt lat="37.58492660522461" lon="127.02132415771484"><ele>28.600000381469727</ele><time>2026-09-10T11:10:36Z</time></trkpt><trkpt lat="37.58491134643555" lon="127.0213394165039"><ele>28.600000381469727</ele><time>2026-09-10T11:10:37Z</time></trkpt><trkpt lat="37.58488845825195" lon="127.0213394165039"><ele>28.399999618530273</ele><time>2026-09-10T11:10:38Z</time></trkpt><trkpt lat="37.584877014160156" lon="127.0213394165039"><ele>28.399999618530273</ele><time>2026-09-10T11:10:39Z</time></trkpt><trkpt lat="37.58485794067383" lon="127.02135467529297"><ele>28.399999618530273</ele><time>2026-09-10T11:10:40Z</time></trkpt><trkpt lat="37.584835052490234" lon="127.0213623046875"><ele>28.399999618530273</ele><time>2026-09-10T11:10:41Z</time></trkpt><trkpt lat="37.58481979370117" lon="127.0213623046875"><ele>28.399999618530273</ele><time>2026-09-10T11:10:42Z</time></trkpt><trkpt lat="37.58479309082031" lon="127.0213623046875"><ele>28.399999618530273</ele><time>2026-09-10T11:10:43Z</time></trkpt><trkpt lat="37.58477783203125" lon="127.0213623046875"><ele>28.399999618530273</ele><time>2026-09-10T11:10:44Z</time></trkpt><trkpt lat="37.58476257324219" lon="127.02136993408203"><ele>28.399999618530273</ele><time>2026-09-10T11:10:45Z</time></trkpt><trkpt lat="37.58473587036133" lon="127.02136993408203"><ele>28.399999618530273</ele><time>2026-09-10T11:10:46Z</time></trkpt><trkpt lat="37.58472442626953" lon="127.02137756347656"><ele>28.200000762939453</ele><time>2026-09-10T11:10:47Z</time></trkpt><trkpt lat="37.58470153808594" lon="127.0213851928711"><ele>28.200000762939453</ele><time>2026-09-10T11:10:48Z</time></trkpt><trkpt lat="37.58468246459961" lon="127.02139282226562"><ele>28.200000762939453</ele><time>2026-09-10T11:10:49Z</time></trkpt><trkpt lat="37.58466339111328" lon="127.02140045166016"><ele>28.200000762939453</ele><time>2026-09-10T11:10:50Z</time></trkpt><trkpt lat="37.584632873535156" lon="127.02142333984375"><ele>28.200000762939453</ele><time>2026-09-10T11:10:51Z</time></trkpt><trkpt lat="37.58461380004883" lon="127.02143096923828"><ele>28.399999618530273</ele><time>2026-09-10T11:10:52Z</time></trkpt><trkpt lat="37.584590911865234" lon="127.02143859863281"><ele>28.399999618530273</ele><time>2026-09-10T11:10:53Z</time></trkpt><trkpt lat="37.584571838378906" lon="127.02143859863281"><ele>28.399999618530273</ele><time>2026-09-10T11:10:54Z</time></trkpt><trkpt lat="37.58455276489258" lon="127.02144622802734"><ele>28.399999618530273</ele><time>2026-09-10T11:10:55Z</time></trkpt><trkpt lat="37.58453369140625" lon="127.02144622802734"><ele>28.200000762939453</ele><time>2026-09-10T11:10:56Z</time></trkpt><trkpt lat="37.58451461791992" lon="127.02145385742188"><ele>28.200000762939453</ele><time>2026-09-10T11:10:57Z</time></trkpt><trkpt lat="37.58449935913086" lon="127.02145385742188"><ele>28.200000762939453</ele><time>2026-09-10T11:10:58Z</time></trkpt><trkpt lat="37.58448028564453" lon="127.0214614868164"><ele>28.200000762939453</ele><time>2026-09-10T11:10:59Z</time></trkpt><trkpt lat="37.58446502685547" lon="127.02147674560547"><ele>28.200000762939453</ele><time>2026-09-10T11:11:00Z</time></trkpt><trkpt lat="37.58444595336914" lon="127.021484375"><ele>28.200000762939453</ele><time>2026-09-10T11:11:01Z</time></trkpt><trkpt lat="37.58442687988281" lon="127.02149200439453"><ele>28.200000762939453</ele><time>2026-09-10T11:11:02Z</time></trkpt><trkpt lat="37.58440399169922" lon="127.02149200439453"><ele>28.200000762939453</ele><time>2026-09-10T11:11:03Z</time></trkpt><trkpt lat="37.58438491821289" lon="127.02149963378906"><ele>28.200000762939453</ele><time>2026-09-10T11:11:04Z</time></trkpt><trkpt lat="37.58436584472656" lon="127.0215072631836"><ele>28.200000762939453</ele><time>2026-09-10T11:11:05Z</time></trkpt><trkpt lat="37.5843391418457" lon="127.02151489257812"><ele>28.200000762939453</ele><time>2026-09-10T11:11:06Z</time></trkpt><trkpt lat="37.58432388305664" lon="127.02152252197266"><ele>28.200000762939453</ele><time>2026-09-10T11:11:07Z</time></trkpt><trkpt lat="37.58430480957031" lon="127.02153778076172"><ele>28.200000762939453</ele><time>2026-09-10T11:11:08Z</time></trkpt><trkpt lat="37.58428192138672" lon="127.02154541015625"><ele>28.200000762939453</ele><time>2026-09-10T11:11:09Z</time></trkpt><trkpt lat="37.58426284790039" lon="127.02156066894531"><ele>28.200000762939453</ele><time>2026-09-10T11:11:10Z</time></trkpt><trkpt lat="37.58423614501953" lon="127.02156829833984"><ele>28.200000762939453</ele><time>2026-09-10T11:11:11Z</time></trkpt><trkpt lat="37.58422088623047" lon="127.02156829833984"><ele>28.200000762939453</ele><time>2026-09-10T11:11:12Z</time></trkpt><trkpt lat="37.584197998046875" lon="127.02156829833984"><ele>28.200000762939453</ele><time>2026-09-10T11:11:13Z</time></trkpt><trkpt lat="37.58418273925781" lon="127.02156829833984"><ele>28.0</ele><time>2026-09-10T11:11:14Z</time></trkpt><trkpt lat="37.584171295166016" lon="127.0215835571289"><ele>28.0</ele><time>2026-09-10T11:11:15Z</time></trkpt><trkpt lat="37.58415222167969" lon="127.02159118652344"><ele>28.0</ele><time>2026-09-10T11:11:16Z</time></trkpt><trkpt lat="37.58414077758789" lon="127.02159118652344"><ele>28.0</ele><time>2026-09-10T11:11:17Z</time></trkpt><trkpt lat="37.584129333496094" lon="127.02159881591797"><ele>28.0</ele><time>2026-09-10T11:11:18Z</time></trkpt><trkpt lat="37.58411407470703" lon="127.0216064453125"><ele>28.0</ele><time>2026-09-10T11:11:19Z</time></trkpt><trkpt lat="37.58409118652344" lon="127.02161407470703"><ele>28.0</ele><time>2026-09-10T11:11:20Z</time></trkpt><trkpt lat="37.584075927734375" lon="127.02161407470703"><ele>28.0</ele><time>2026-09-10T11:11:21Z</time></trkpt><trkpt lat="37.58405685424805" lon="127.02161407470703"><ele>28.0</ele><time>2026-09-10T11:11:22Z</time></trkpt><trkpt lat="37.58403778076172" lon="127.02161407470703"><ele>28.0</ele><time>2026-09-10T11:11:23Z</time></trkpt><trkpt lat="37.58401870727539" lon="127.02162170410156"><ele>28.0</ele><time>2026-09-10T11:11:24Z</time></trkpt><trkpt lat="37.58399200439453" lon="127.0216293334961"><ele>28.0</ele><time>2026-09-10T11:11:25Z</time></trkpt><trkpt lat="37.58397674560547" lon="127.0216293334961"><ele>27.799999237060547</ele><time>2026-09-10T11:11:26Z</time></trkpt><trkpt lat="37.583953857421875" lon="127.0216293334961"><ele>27.600000381469727</ele><time>2026-09-10T11:11:27Z</time></trkpt><trkpt lat="37.58393096923828" lon="127.0216293334961"><ele>27.600000381469727</ele><time>2026-09-10T11:11:28Z</time></trkpt><trkpt lat="37.58391189575195" lon="127.02163696289062"><ele>27.399999618530273</ele><time>2026-09-10T11:11:29Z</time></trkpt><trkpt lat="37.58388900756836" lon="127.02163696289062"><ele>27.200000762939453</ele><time>2026-09-10T11:11:30Z</time></trkpt><trkpt lat="37.58386993408203" lon="127.02163696289062"><ele>27.200000762939453</ele><time>2026-09-10T11:11:31Z</time></trkpt><trkpt lat="37.58384704589844" lon="127.02163696289062"><ele>27.200000762939453</ele><time>2026-09-10T11:11:32Z</time></trkpt><trkpt lat="37.583824157714844" lon="127.02163696289062"><ele>27.200000762939453</ele><time>2026-09-10T11:11:33Z</time></trkpt><trkpt lat="37.583805084228516" lon="127.02164459228516"><ele>27.399999618530273</ele><time>2026-09-10T11:11:34Z</time></trkpt><trkpt lat="37.58378601074219" lon="127.02165222167969"><ele>27.600000381469727</ele><time>2026-09-10T11:11:35Z</time></trkpt><trkpt lat="37.58377456665039" lon="127.02167510986328"><ele>27.600000381469727</ele><time>2026-09-10T11:11:36Z</time></trkpt><trkpt lat="37.58375549316406" lon="127.02169799804688"><ele>27.600000381469727</ele><time>2026-09-10T11:11:37Z</time></trkpt><trkpt lat="37.58373260498047" lon="127.0217056274414"><ele>27.600000381469727</ele><time>2026-09-10T11:11:38Z</time></trkpt><trkpt lat="37.58371353149414" lon="127.02171325683594"><ele>27.600000381469727</ele><time>2026-09-10T11:11:39Z</time></trkpt><trkpt lat="37.58368682861328" lon="127.021728515625"><ele>27.600000381469727</ele><time>2026-09-10T11:11:40Z</time></trkpt><trkpt lat="37.58366775512695" lon="127.02173614501953"><ele>27.600000381469727</ele><time>2026-09-10T11:11:41Z</time></trkpt><trkpt lat="37.583648681640625" lon="127.0217514038086"><ele>27.600000381469727</ele><time>2026-09-10T11:11:42Z</time></trkpt><trkpt lat="37.583621978759766" lon="127.02175903320312"><ele>27.399999618530273</ele><time>2026-09-10T11:11:43Z</time></trkpt><trkpt lat="37.5836067199707" lon="127.02177429199219"><ele>27.399999618530273</ele><time>2026-09-10T11:11:44Z</time></trkpt><trkpt lat="37.58358383178711" lon="127.02178192138672"><ele>27.600000381469727</ele><time>2026-09-10T11:11:45Z</time></trkpt><trkpt lat="37.58356475830078" lon="127.02178955078125"><ele>27.600000381469727</ele><time>2026-09-10T11:11:46Z</time></trkpt><trkpt lat="37.58354568481445" lon="127.02180480957031"><ele>27.600000381469727</ele><time>2026-09-10T11:11:47Z</time></trkpt><trkpt lat="37.58352279663086" lon="127.02180480957031"><ele>27.600000381469727</ele><time>2026-09-10T11:11:48Z</time></trkpt><trkpt lat="37.58350372314453" lon="127.02181243896484"><ele>27.600000381469727</ele><time>2026-09-10T11:11:49Z</time></trkpt><trkpt lat="37.583473205566406" lon="127.0218276977539"><ele>27.600000381469727</ele><time>2026-09-10T11:11:50Z</time></trkpt><trkpt lat="37.58345031738281" lon="127.02183532714844"><ele>27.600000381469727</ele><time>2026-09-10T11:11:51Z</time></trkpt><trkpt lat="37.58341979980469" lon="127.0218505859375"><ele>27.600000381469727</ele><time>2026-09-10T11:11:52Z</time></trkpt><trkpt lat="37.583396911621094" lon="127.02185821533203"><ele>27.799999237060547</ele><time>2026-09-10T11:11:53Z</time></trkpt><trkpt lat="37.583377838134766" lon="127.0218734741211"><ele>27.799999237060547</ele><time>2026-09-10T11:11:54Z</time></trkpt><trkpt lat="37.58335876464844" lon="127.02188110351562"><ele>27.799999237060547</ele><time>2026-09-10T11:11:55Z</time></trkpt><trkpt lat="37.58333969116211" lon="127.02188873291016"><ele>27.799999237060547</ele><time>2026-09-10T11:11:56Z</time></trkpt><trkpt lat="37.58332443237305" lon="127.02189636230469"><ele>27.600000381469727</ele><time>2026-09-10T11:11:57Z</time></trkpt><trkpt lat="37.58330154418945" lon="127.02189636230469"><ele>27.600000381469727</ele><time>2026-09-10T11:11:58Z</time></trkpt><trkpt lat="37.583282470703125" lon="127.02189636230469"><ele>27.399999618530273</ele><time>2026-09-10T11:11:59Z</time></trkpt><trkpt lat="37.58325958251953" lon="127.02190399169922"><ele>27.399999618530273</ele><time>2026-09-10T11:12:00Z</time></trkpt><trkpt lat="37.58324432373047" lon="127.02191162109375"><ele>27.399999618530273</ele><time>2026-09-10T11:12:01Z</time></trkpt><trkpt lat="37.58322525024414" lon="127.02191162109375"><ele>27.399999618530273</ele><time>2026-09-10T11:12:02Z</time></trkpt><trkpt lat="37.58320617675781" lon="127.02191925048828"><ele>27.399999618530273</ele><time>2026-09-10T11:12:03Z</time></trkpt><trkpt lat="37.583187103271484" lon="127.02192687988281"><ele>27.399999618530273</ele><time>2026-09-10T11:12:04Z</time></trkpt><trkpt lat="37.58316421508789" lon="127.02193450927734"><ele>27.600000381469727</ele><time>2026-09-10T11:12:05Z</time></trkpt><trkpt lat="37.583152770996094" lon="127.0219497680664"><ele>27.600000381469727</ele><time>2026-09-10T11:12:06Z</time></trkpt><trkpt lat="37.58313751220703" lon="127.02195739746094"><ele>27.600000381469727</ele><time>2026-09-10T11:12:07Z</time></trkpt><trkpt lat="37.5831298828125" lon="127.02196502685547"><ele>27.600000381469727</ele><time>2026-09-10T11:12:08Z</time></trkpt><trkpt lat="37.5831184387207" lon="127.02197265625"><ele>27.600000381469727</ele><time>2026-09-10T11:12:09Z</time></trkpt><trkpt lat="37.583099365234375" lon="127.02198028564453"><ele>27.399999618530273</ele><time>2026-09-10T11:12:10Z</time></trkpt><trkpt lat="37.58308792114258" lon="127.02198791503906"><ele>27.399999618530273</ele><time>2026-09-10T11:12:11Z</time></trkpt><trkpt lat="37.583065032958984" lon="127.02198791503906"><ele>27.399999618530273</ele><time>2026-09-10T11:12:12Z</time></trkpt><trkpt lat="37.58304977416992" lon="127.02200317382812"><ele>27.399999618530273</ele><time>2026-09-10T11:12:13Z</time></trkpt><trkpt lat="37.583030700683594" lon="127.02201080322266"><ele>27.399999618530273</ele><time>2026-09-10T11:12:14Z</time></trkpt><trkpt lat="37.5830078125" lon="127.02201843261719"><ele>27.399999618530273</ele><time>2026-09-10T11:12:15Z</time></trkpt><trkpt lat="37.5829963684082" lon="127.02203369140625"><ele>27.399999618530273</ele><time>2026-09-10T11:12:16Z</time></trkpt><trkpt lat="37.58297348022461" lon="127.02204132080078"><ele>27.399999618530273</ele><time>2026-09-10T11:12:17Z</time></trkpt><trkpt lat="37.58295440673828" lon="127.02204895019531"><ele>27.399999618530273</ele><time>2026-09-10T11:12:18Z</time></trkpt><trkpt lat="37.58293533325195" lon="127.02206420898438"><ele>27.600000381469727</ele><time>2026-09-10T11:12:19Z</time></trkpt><trkpt lat="37.582908630371094" lon="127.0220718383789"><ele>27.600000381469727</ele><time>2026-09-10T11:12:20Z</time></trkpt><trkpt lat="37.582889556884766" lon="127.02207946777344"><ele>27.600000381469727</ele><time>2026-09-10T11:12:21Z</time></trkpt><trkpt lat="37.58286666870117" lon="127.0220947265625"><ele>27.600000381469727</ele><time>2026-09-10T11:12:22Z</time></trkpt><trkpt lat="37.582855224609375" lon="127.02210998535156"><ele>27.399999618530273</ele><time>2026-09-10T11:12:23Z</time></trkpt><trkpt lat="37.58283233642578" lon="127.02212524414062"><ele>27.399999618530273</ele><time>2026-09-10T11:12:24Z</time></trkpt><trkpt lat="37.58281326293945" lon="127.02214050292969"><ele>27.399999618530273</ele><time>2026-09-10T11:12:25Z</time></trkpt><trkpt lat="37.582794189453125" lon="127.02215576171875"><ele>27.399999618530273</ele><time>2026-09-10T11:12:26Z</time></trkpt><trkpt lat="37.582767486572266" lon="127.02217864990234"><ele>27.399999618530273</ele><time>2026-09-10T11:12:27Z</time></trkpt><trkpt lat="37.58274841308594" lon="127.02218627929688"><ele>27.399999618530273</ele><time>2026-09-10T11:12:28Z</time></trkpt><trkpt lat="37.58272933959961" lon="127.0221939086914"><ele>27.399999618530273</ele><time>2026-09-10T11:12:29Z</time></trkpt><trkpt lat="37.582706451416016" lon="127.02220153808594"><ele>27.399999618530273</ele><time>2026-09-10T11:12:30Z</time></trkpt><trkpt lat="37.58268737792969" lon="127.02220916748047"><ele>27.399999618530273</ele><time>2026-09-10T11:12:31Z</time></trkpt><trkpt lat="37.582664489746094" lon="127.022216796875"><ele>27.399999618530273</ele><time>2026-09-10T11:12:32Z</time></trkpt><trkpt lat="37.5826416015625" lon="127.02222442626953"><ele>27.399999618530273</ele><time>2026-09-10T11:12:33Z</time></trkpt><trkpt lat="37.582618713378906" lon="127.0222396850586"><ele>27.399999618530273</ele><time>2026-09-10T11:12:34Z</time></trkpt><trkpt lat="37.58259963989258" lon="127.02224731445312"><ele>27.399999618530273</ele><time>2026-09-10T11:12:35Z</time></trkpt><trkpt lat="37.58258056640625" lon="127.02225494384766"><ele>27.399999618530273</ele><time>2026-09-10T11:12:36Z</time></trkpt><trkpt lat="37.582557678222656" lon="127.02226257324219"><ele>27.200000762939453</ele><time>2026-09-10T11:12:37Z</time></trkpt><trkpt lat="37.582542419433594" lon="127.02227020263672"><ele>27.399999618530273</ele><time>2026-09-10T11:12:38Z</time></trkpt><trkpt lat="37.58251953125" lon="127.02228546142578"><ele>27.399999618530273</ele><time>2026-09-10T11:12:39Z</time></trkpt><trkpt lat="37.58250045776367" lon="127.02229309082031"><ele>27.399999618530273</ele><time>2026-09-10T11:12:40Z</time></trkpt><trkpt lat="37.582481384277344" lon="127.02230834960938"><ele>27.399999618530273</ele><time>2026-09-10T11:12:41Z</time></trkpt><trkpt lat="37.582462310791016" lon="127.02230834960938"><ele>27.399999618530273</ele><time>2026-09-10T11:12:42Z</time></trkpt><trkpt lat="37.58244705200195" lon="127.02232360839844"><ele>27.200000762939453</ele><time>2026-09-10T11:12:43Z</time></trkpt><trkpt lat="37.58242416381836" lon="127.02233123779297"><ele>27.200000762939453</ele><time>2026-09-10T11:12:44Z</time></trkpt><trkpt lat="37.58240509033203" lon="127.0223388671875"><ele>27.200000762939453</ele><time>2026-09-10T11:12:45Z</time></trkpt><trkpt lat="37.58238220214844" lon="127.02234649658203"><ele>27.0</ele><time>2026-09-10T11:12:46Z</time></trkpt><trkpt lat="37.582366943359375" lon="127.02235412597656"><ele>27.0</ele><time>2026-09-10T11:12:47Z</time></trkpt><trkpt lat="37.58234405517578" lon="127.0223617553711"><ele>27.0</ele><time>2026-09-10T11:12:48Z</time></trkpt><trkpt lat="37.58232879638672" lon="127.02236938476562"><ele>26.799999237060547</ele><time>2026-09-10T11:12:49Z</time></trkpt><trkpt lat="37.58230972290039" lon="127.02238464355469"><ele>26.600000381469727</ele><time>2026-09-10T11:12:50Z</time></trkpt><trkpt lat="37.58229064941406" lon="127.02239227294922"><ele>26.600000381469727</ele><time>2026-09-10T11:12:51Z</time></trkpt><trkpt lat="37.582275390625" lon="127.02239990234375"><ele>26.399999618530273</ele><time>2026-09-10T11:12:52Z</time></trkpt><trkpt lat="37.58225631713867" lon="127.02240753173828"><ele>26.399999618530273</ele><time>2026-09-10T11:12:53Z</time></trkpt><trkpt lat="37.58224105834961" lon="127.02241516113281"><ele>26.200000762939453</ele><time>2026-09-10T11:12:54Z</time></trkpt><trkpt lat="37.58222579956055" lon="127.02242279052734"><ele>26.200000762939453</ele><time>2026-09-10T11:12:55Z</time></trkpt><trkpt lat="37.582218170166016" lon="127.0224380493164"><ele>26.200000762939453</ele><time>2026-09-10T11:12:56Z</time></trkpt><trkpt lat="37.582191467285156" lon="127.02245330810547"><ele>26.200000762939453</ele><time>2026-09-10T11:12:57Z</time></trkpt><trkpt lat="37.58216857910156" lon="127.02247619628906"><ele>26.399999618530273</ele><time>2026-09-10T11:12:58Z</time></trkpt><trkpt lat="37.58213806152344" lon="127.02249145507812"><ele>26.399999618530273</ele><time>2026-09-10T11:12:59Z</time></trkpt><trkpt lat="37.58211135864258" lon="127.02250671386719"><ele>26.600000381469727</ele><time>2026-09-10T11:13:00Z</time></trkpt><trkpt lat="37.58209228515625" lon="127.02252197265625"><ele>26.600000381469727</ele><time>2026-09-10T11:13:01Z</time></trkpt><trkpt lat="37.582069396972656" lon="127.02253723144531"><ele>26.799999237060547</ele><time>2026-09-10T11:13:02Z</time></trkpt><trkpt lat="37.582054138183594" lon="127.02255249023438"><ele>26.799999237060547</ele><time>2026-09-10T11:13:03Z</time></trkpt><trkpt lat="37.582035064697266" lon="127.0225601196289"><ele>26.799999237060547</ele><time>2026-09-10T11:13:04Z</time></trkpt><trkpt lat="37.58201217651367" lon="127.02257537841797"><ele>26.799999237060547</ele><time>2026-09-10T11:13:05Z</time></trkpt><trkpt lat="37.581993103027344" lon="127.02259063720703"><ele>26.600000381469727</ele><time>2026-09-10T11:13:06Z</time></trkpt><trkpt lat="37.58197021484375" lon="127.02259826660156"><ele>26.600000381469727</ele><time>2026-09-10T11:13:07Z</time></trkpt><trkpt lat="37.58195495605469" lon="127.02261352539062"><ele>26.600000381469727</ele><time>2026-09-10T11:13:08Z</time></trkpt><trkpt lat="37.581932067871094" lon="127.02262878417969"><ele>26.799999237060547</ele><time>2026-09-10T11:13:09Z</time></trkpt><trkpt lat="37.58191680908203" lon="127.02264404296875"><ele>26.799999237060547</ele><time>2026-09-10T11:13:10Z</time></trkpt><trkpt lat="37.58189392089844" lon="127.02265167236328"><ele>26.799999237060547</ele><time>2026-09-10T11:13:11Z</time></trkpt><trkpt lat="37.58187484741211" lon="127.02265930175781"><ele>26.799999237060547</ele><time>2026-09-10T11:13:12Z</time></trkpt><trkpt lat="37.58185577392578" lon="127.02266693115234"><ele>26.799999237060547</ele><time>2026-09-10T11:13:13Z</time></trkpt><trkpt lat="37.58183288574219" lon="127.0226821899414"><ele>26.799999237060547</ele><time>2026-09-10T11:13:14Z</time></trkpt><trkpt lat="37.581817626953125" lon="127.02268981933594"><ele>26.799999237060547</ele><time>2026-09-10T11:13:15Z</time></trkpt><trkpt lat="37.581787109375" lon="127.02269744873047"><ele>26.799999237060547</ele><time>2026-09-10T11:13:16Z</time></trkpt><trkpt lat="37.58176040649414" lon="127.02271270751953"><ele>26.799999237060547</ele><time>2026-09-10T11:13:17Z</time></trkpt><trkpt lat="37.58174514770508" lon="127.02271270751953"><ele>26.799999237060547</ele><time>2026-09-10T11:13:18Z</time></trkpt><trkpt lat="37.58172607421875" lon="127.02272033691406"><ele>26.799999237060547</ele><time>2026-09-10T11:13:19Z</time></trkpt><trkpt lat="37.58170700073242" lon="127.0227279663086"><ele>26.799999237060547</ele><time>2026-09-10T11:13:20Z</time></trkpt><trkpt lat="37.58168411254883" lon="127.02274322509766"><ele>26.799999237060547</ele><time>2026-09-10T11:13:21Z</time></trkpt><trkpt lat="37.58167266845703" lon="127.02275085449219"><ele>26.799999237060547</ele><time>2026-09-10T11:13:22Z</time></trkpt><trkpt lat="37.5816535949707" lon="127.02275848388672"><ele>26.799999237060547</ele><time>2026-09-10T11:13:23Z</time></trkpt><trkpt lat="37.58163070678711" lon="127.02276611328125"><ele>26.799999237060547</ele><time>2026-09-10T11:13:24Z</time></trkpt><trkpt lat="37.58161926269531" lon="127.02278137207031"><ele>26.799999237060547</ele><time>2026-09-10T11:13:25Z</time></trkpt><trkpt lat="37.58159637451172" lon="127.02279663085938"><ele>26.799999237060547</ele><time>2026-09-10T11:13:26Z</time></trkpt><trkpt lat="37.581581115722656" lon="127.0228042602539"><ele>26.799999237060547</ele><time>2026-09-10T11:13:27Z</time></trkpt><trkpt lat="37.58155822753906" lon="127.02281188964844"><ele>26.799999237060547</ele><time>2026-09-10T11:13:28Z</time></trkpt><trkpt lat="37.58153533935547" lon="127.02281951904297"><ele>26.799999237060547</ele><time>2026-09-10T11:13:29Z</time></trkpt><trkpt lat="37.58151626586914" lon="127.0228271484375"><ele>26.799999237060547</ele><time>2026-09-10T11:13:30Z</time></trkpt><trkpt lat="37.58149719238281" lon="127.02284240722656"><ele>26.799999237060547</ele><time>2026-09-10T11:13:31Z</time></trkpt><trkpt lat="37.581485748291016" lon="127.0228500366211"><ele>26.600000381469727</ele><time>2026-09-10T11:13:32Z</time></trkpt><trkpt lat="37.58146286010742" lon="127.02287292480469"><ele>26.600000381469727</ele><time>2026-09-10T11:13:33Z</time></trkpt><trkpt lat="37.581443786621094" lon="127.02288055419922"><ele>26.600000381469727</ele><time>2026-09-10T11:13:34Z</time></trkpt><trkpt lat="37.581424713134766" lon="127.02289581298828"><ele>26.399999618530273</ele><time>2026-09-10T11:13:35Z</time></trkpt><trkpt lat="37.58140563964844" lon="127.02290344238281"><ele>26.399999618530273</ele><time>2026-09-10T11:13:36Z</time></trkpt><trkpt lat="37.581382751464844" lon="127.02291107177734"><ele>26.399999618530273</ele><time>2026-09-10T11:13:37Z</time></trkpt><trkpt lat="37.58135986328125" lon="127.02291870117188"><ele>26.399999618530273</ele><time>2026-09-10T11:13:38Z</time></trkpt><trkpt lat="37.58134078979492" lon="127.02291870117188"><ele>26.399999618530273</ele><time>2026-09-10T11:13:39Z</time></trkpt><trkpt lat="37.58131790161133" lon="127.02293395996094"><ele>26.399999618530273</ele><time>2026-09-10T11:13:40Z</time></trkpt><trkpt lat="37.581302642822266" lon="127.02294158935547"><ele>26.399999618530273</ele><time>2026-09-10T11:13:41Z</time></trkpt><trkpt lat="37.58128356933594" lon="127.02295684814453"><ele>26.399999618530273</ele><time>2026-09-10T11:13:42Z</time></trkpt><trkpt lat="37.58126449584961" lon="127.02296447753906"><ele>26.399999618530273</ele><time>2026-09-10T11:13:43Z</time></trkpt><trkpt lat="37.58124923706055" lon="127.0229721069336"><ele>26.399999618530273</ele><time>2026-09-10T11:13:44Z</time></trkpt><trkpt lat="37.58122253417969" lon="127.02298736572266"><ele>26.399999618530273</ele><time>2026-09-10T11:13:45Z</time></trkpt><trkpt lat="37.581207275390625" lon="127.02299499511719"><ele>26.399999618530273</ele><time>2026-09-10T11:13:46Z</time></trkpt><trkpt lat="37.58118438720703" lon="127.02301025390625"><ele>26.399999618530273</ele><time>2026-09-10T11:13:47Z</time></trkpt><trkpt lat="37.5811653137207" lon="127.02301788330078"><ele>26.399999618530273</ele><time>2026-09-10T11:13:48Z</time></trkpt><trkpt lat="37.581146240234375" lon="127.02303314208984"><ele>26.399999618530273</ele><time>2026-09-10T11:13:49Z</time></trkpt><trkpt lat="37.58112335205078" lon="127.02304077148438"><ele>26.399999618530273</ele><time>2026-09-10T11:13:50Z</time></trkpt><trkpt lat="37.58110809326172" lon="127.02304077148438"><ele>26.399999618530273</ele><time>2026-09-10T11:13:51Z</time></trkpt><trkpt lat="37.581085205078125" lon="127.02305603027344"><ele>26.399999618530273</ele><time>2026-09-10T11:13:52Z</time></trkpt><trkpt lat="37.58106994628906" lon="127.02305603027344"><ele>26.399999618530273</ele><time>2026-09-10T11:13:53Z</time></trkpt><trkpt lat="37.581050872802734" lon="127.0230712890625"><ele>26.399999618530273</ele><time>2026-09-10T11:13:54Z</time></trkpt><trkpt lat="37.581031799316406" lon="127.02307891845703"><ele>26.399999618530273</ele><time>2026-09-10T11:13:55Z</time></trkpt><trkpt lat="37.581016540527344" lon="127.0230941772461"><ele>26.399999618530273</ele><time>2026-09-10T11:13:56Z</time></trkpt><trkpt lat="37.580997467041016" lon="127.02310180664062"><ele>26.399999618530273</ele><time>2026-09-10T11:13:57Z</time></trkpt><trkpt lat="37.58098220825195" lon="127.02311706542969"><ele>26.200000762939453</ele><time>2026-09-10T11:13:58Z</time></trkpt><trkpt lat="37.580955505371094" lon="127.02313232421875"><ele>26.200000762939453</ele><time>2026-09-10T11:13:59Z</time></trkpt><trkpt lat="37.58094024658203" lon="127.02313995361328"><ele>26.200000762939453</ele><time>2026-09-10T11:14:00Z</time></trkpt><trkpt lat="37.5809211730957" lon="127.02315521240234"><ele>26.200000762939453</ele><time>2026-09-10T11:14:01Z</time></trkpt><trkpt lat="37.58089828491211" lon="127.02316284179688"><ele>26.200000762939453</ele><time>2026-09-10T11:14:02Z</time></trkpt><trkpt lat="37.58087921142578" lon="127.0231704711914"><ele>26.200000762939453</ele><time>2026-09-10T11:14:03Z</time></trkpt><trkpt lat="37.58085632324219" lon="127.02318572998047"><ele>26.200000762939453</ele><time>2026-09-10T11:14:04Z</time></trkpt><trkpt lat="37.580841064453125" lon="127.023193359375"><ele>26.200000762939453</ele><time>2026-09-10T11:14:05Z</time></trkpt><trkpt lat="37.580814361572266" lon="127.02320861816406"><ele>26.200000762939453</ele><time>2026-09-10T11:14:06Z</time></trkpt><trkpt lat="37.58079147338867" lon="127.0232162475586"><ele>26.200000762939453</ele><time>2026-09-10T11:14:07Z</time></trkpt><trkpt lat="37.58076477050781" lon="127.02323150634766"><ele>26.399999618530273</ele><time>2026-09-10T11:14:08Z</time></trkpt><trkpt lat="37.580745697021484" lon="127.02323913574219"><ele>26.399999618530273</ele><time>2026-09-10T11:14:09Z</time></trkpt><trkpt lat="37.58073043823242" lon="127.02325439453125"><ele>26.200000762939453</ele><time>2026-09-10T11:14:10Z</time></trkpt><trkpt lat="37.580711364746094" lon="127.02326965332031"><ele>26.200000762939453</ele><time>2026-09-10T11:14:11Z</time></trkpt><trkpt lat="37.5806999206543" lon="127.0232925415039"><ele>26.200000762939453</ele><time>2026-09-10T11:14:12Z</time></trkpt><trkpt lat="37.5806770324707" lon="127.02330780029297"><ele>26.0</ele><time>2026-09-10T11:14:13Z</time></trkpt><trkpt lat="37.580665588378906" lon="127.0233154296875"><ele>26.0</ele><time>2026-09-10T11:14:14Z</time></trkpt><trkpt lat="37.58064270019531" lon="127.02333068847656"><ele>26.0</ele><time>2026-09-10T11:14:15Z</time></trkpt><trkpt lat="37.580623626708984" lon="127.0233383178711"><ele>25.799999237060547</ele><time>2026-09-10T11:14:16Z</time></trkpt><trkpt lat="37.580604553222656" lon="127.02334594726562"><ele>25.799999237060547</ele><time>2026-09-10T11:14:17Z</time></trkpt><trkpt lat="37.580589294433594" lon="127.02335357666016"><ele>25.799999237060547</ele><time>2026-09-10T11:14:18Z</time></trkpt><trkpt lat="37.580570220947266" lon="127.02336120605469"><ele>25.799999237060547</ele><time>2026-09-10T11:14:19Z</time></trkpt><trkpt lat="37.5805549621582" lon="127.02336883544922"><ele>25.799999237060547</ele><time>2026-09-10T11:14:20Z</time></trkpt><trkpt lat="37.58055114746094" lon="127.02337646484375"><ele>25.799999237060547</ele><time>2026-09-10T11:14:21Z</time></trkpt><trkpt lat="37.58053207397461" lon="127.02339935302734"><ele>25.799999237060547</ele><time>2026-09-10T11:14:22Z</time></trkpt><trkpt lat="37.58049774169922" lon="127.02340698242188"><ele>25.799999237060547</ele><time>2026-09-10T11:14:23Z</time></trkpt><trkpt lat="37.58047866821289" lon="127.0234146118164"><ele>25.799999237060547</ele><time>2026-09-10T11:14:24Z</time></trkpt><trkpt lat="37.58045959472656" lon="127.02342224121094"><ele>26.0</ele><time>2026-09-10T11:14:25Z</time></trkpt><trkpt lat="37.580440521240234" lon="127.02342987060547"><ele>26.0</ele><time>2026-09-10T11:14:26Z</time></trkpt><trkpt lat="37.58042907714844" lon="127.0234375"><ele>26.0</ele><time>2026-09-10T11:14:27Z</time></trkpt><trkpt lat="37.58041000366211" lon="127.02345275878906"><ele>26.0</ele><time>2026-09-10T11:14:28Z</time></trkpt><trkpt lat="37.58039093017578" lon="127.0234603881836"><ele>26.0</ele><time>2026-09-10T11:14:29Z</time></trkpt><trkpt lat="37.58037185668945" lon="127.02346801757812"><ele>26.0</ele><time>2026-09-10T11:14:30Z</time></trkpt><trkpt lat="37.58034896850586" lon="127.02347564697266"><ele>26.0</ele><time>2026-09-10T11:14:31Z</time></trkpt><trkpt lat="37.5803337097168" lon="127.02348327636719"><ele>26.0</ele><time>2026-09-10T11:14:32Z</time></trkpt><trkpt lat="37.5803108215332" lon="127.02349853515625"><ele>26.0</ele><time>2026-09-10T11:14:33Z</time></trkpt><trkpt lat="37.58029556274414" lon="127.02350616455078"><ele>26.0</ele><time>2026-09-10T11:14:34Z</time></trkpt><trkpt lat="37.58027648925781" lon="127.02352142333984"><ele>26.0</ele><time>2026-09-10T11:14:35Z</time></trkpt><trkpt lat="37.580257415771484" lon="127.02352905273438"><ele>26.0</ele><time>2026-09-10T11:14:36Z</time></trkpt><trkpt lat="37.58024215698242" lon="127.02354431152344"><ele>26.0</ele><time>2026-09-10T11:14:37Z</time></trkpt><trkpt lat="37.58021926879883" lon="127.0235595703125"><ele>26.0</ele><time>2026-09-10T11:14:38Z</time></trkpt><trkpt lat="37.5802001953125" lon="127.02357482910156"><ele>26.0</ele><time>2026-09-10T11:14:39Z</time></trkpt><trkpt lat="37.58018493652344" lon="127.02359008789062"><ele>26.200000762939453</ele><time>2026-09-10T11:14:40Z</time></trkpt><trkpt lat="37.58016586303711" lon="127.02359771728516"><ele>26.200000762939453</ele><time>2026-09-10T11:14:41Z</time></trkpt><trkpt lat="37.58015060424805" lon="127.02360534667969"><ele>26.200000762939453</ele><time>2026-09-10T11:14:42Z</time></trkpt><trkpt lat="37.58013153076172" lon="127.02362060546875"><ele>26.200000762939453</ele><time>2026-09-10T11:14:43Z</time></trkpt><trkpt lat="37.58012008666992" lon="127.02362823486328"><ele>26.200000762939453</ele><time>2026-09-10T11:14:44Z</time></trkpt><trkpt lat="37.58009719848633" lon="127.02364349365234"><ele>26.0</ele><time>2026-09-10T11:14:45Z</time></trkpt><trkpt lat="37.580078125" lon="127.02365112304688"><ele>26.0</ele><time>2026-09-10T11:14:46Z</time></trkpt><trkpt lat="37.58005905151367" lon="127.02366638183594"><ele>26.0</ele><time>2026-09-10T11:14:47Z</time></trkpt><trkpt lat="37.58003616333008" lon="127.02366638183594"><ele>26.0</ele><time>2026-09-10T11:14:48Z</time></trkpt><trkpt lat="37.580020904541016" lon="127.023681640625"><ele>26.0</ele><time>2026-09-10T11:14:49Z</time></trkpt><trkpt lat="37.58000183105469" lon="127.02369689941406"><ele>26.0</ele><time>2026-09-10T11:14:50Z</time></trkpt><trkpt lat="37.579986572265625" lon="127.02369689941406"><ele>25.799999237060547</ele><time>2026-09-10T11:14:51Z</time></trkpt><trkpt lat="37.5799674987793" lon="127.0237045288086"><ele>25.799999237060547</ele><time>2026-09-10T11:14:52Z</time></trkpt><trkpt lat="37.579952239990234" lon="127.02371215820312"><ele>25.799999237060547</ele><time>2026-09-10T11:14:53Z</time></trkpt><trkpt lat="37.57993698120117" lon="127.02372741699219"><ele>25.799999237060547</ele><time>2026-09-10T11:14:54Z</time></trkpt><trkpt lat="37.579917907714844" lon="127.02372741699219"><ele>25.799999237060547</ele><time>2026-09-10T11:14:55Z</time></trkpt><trkpt lat="37.57990264892578" lon="127.02373504638672"><ele>25.799999237060547</ele><time>2026-09-10T11:14:56Z</time></trkpt><trkpt lat="37.57988357543945" lon="127.02374267578125"><ele>25.799999237060547</ele><time>2026-09-10T11:14:57Z</time></trkpt><trkpt lat="37.579864501953125" lon="127.02375030517578"><ele>25.799999237060547</ele><time>2026-09-10T11:14:58Z</time></trkpt><trkpt lat="37.5798454284668" lon="127.02375793457031"><ele>25.799999237060547</ele><time>2026-09-10T11:14:59Z</time></trkpt><trkpt lat="37.5798225402832" lon="127.02376556396484"><ele>25.799999237060547</ele><time>2026-09-10T11:15:00Z</time></trkpt><trkpt lat="37.57979965209961" lon="127.02377319335938"><ele>25.799999237060547</ele><time>2026-09-10T11:15:01Z</time></trkpt><trkpt lat="37.579776763916016" lon="127.02378845214844"><ele>25.799999237060547</ele><time>2026-09-10T11:15:02Z</time></trkpt><trkpt lat="37.57976150512695" lon="127.0238037109375"><ele>25.799999237060547</ele><time>2026-09-10T11:15:03Z</time></trkpt><trkpt lat="37.57973861694336" lon="127.02381134033203"><ele>25.799999237060547</ele><time>2026-09-10T11:15:04Z</time></trkpt><trkpt lat="37.57971954345703" lon="127.02381896972656"><ele>25.799999237060547</ele><time>2026-09-10T11:15:05Z</time></trkpt><trkpt lat="37.57970428466797" lon="127.02383422851562"><ele>25.799999237060547</ele><time>2026-09-10T11:15:06Z</time></trkpt><trkpt lat="37.57968521118164" lon="127.02384948730469"><ele>25.799999237060547</ele><time>2026-09-10T11:15:07Z</time></trkpt><trkpt lat="37.579673767089844" lon="127.02385711669922"><ele>25.799999237060547</ele><time>2026-09-10T11:15:08Z</time></trkpt><trkpt lat="37.579654693603516" lon="127.02387237548828"><ele>25.799999237060547</ele><time>2026-09-10T11:15:09Z</time></trkpt><trkpt lat="37.57963180541992" lon="127.02388763427734"><ele>25.799999237060547</ele><time>2026-09-10T11:15:10Z</time></trkpt><trkpt lat="37.57961654663086" lon="127.02391052246094"><ele>25.799999237060547</ele><time>2026-09-10T11:15:11Z</time></trkpt><trkpt lat="37.57959747314453" lon="127.02392578125"><ele>25.799999237060547</ele><time>2026-09-10T11:15:12Z</time></trkpt><trkpt lat="37.57958221435547" lon="127.02394104003906"><ele>25.799999237060547</ele><time>2026-09-10T11:15:13Z</time></trkpt><trkpt lat="37.579559326171875" lon="127.02396392822266"><ele>25.600000381469727</ele><time>2026-09-10T11:15:14Z</time></trkpt><trkpt lat="37.57954406738281" lon="127.02397918701172"><ele>25.600000381469727</ele><time>2026-09-10T11:15:15Z</time></trkpt><trkpt lat="37.579524993896484" lon="127.02399444580078"><ele>25.600000381469727</ele><time>2026-09-10T11:15:16Z</time></trkpt><trkpt lat="37.579505920410156" lon="127.02401733398438"><ele>25.600000381469727</ele><time>2026-09-10T11:15:17Z</time></trkpt><trkpt lat="37.57948684692383" lon="127.02403259277344"><ele>25.600000381469727</ele><time>2026-09-10T11:15:18Z</time></trkpt><trkpt lat="37.579471588134766" lon="127.02405548095703"><ele>25.600000381469727</ele><time>2026-09-10T11:15:19Z</time></trkpt><trkpt lat="37.5794563293457" lon="127.0240707397461"><ele>25.600000381469727</ele><time>2026-09-10T11:15:20Z</time></trkpt><trkpt lat="37.57944107055664" lon="127.02409362792969"><ele>25.600000381469727</ele><time>2026-09-10T11:15:21Z</time></trkpt><trkpt lat="37.57942581176758" lon="127.02411651611328"><ele>25.600000381469727</ele><time>2026-09-10T11:15:22Z</time></trkpt><trkpt lat="37.57941436767578" lon="127.02413177490234"><ele>25.600000381469727</ele><time>2026-09-10T11:15:23Z</time></trkpt><trkpt lat="37.57939910888672" lon="127.02415466308594"><ele>25.600000381469727</ele><time>2026-09-10T11:15:24Z</time></trkpt><trkpt lat="37.57938766479492" lon="127.02417755126953"><ele>25.600000381469727</ele><time>2026-09-10T11:15:25Z</time></trkpt><trkpt lat="37.579376220703125" lon="127.0241928100586"><ele>25.600000381469727</ele><time>2026-09-10T11:15:26Z</time></trkpt><trkpt lat="37.57936477661133" lon="127.02421569824219"><ele>25.600000381469727</ele><time>2026-09-10T11:15:27Z</time></trkpt><trkpt lat="37.57935333251953" lon="127.02423095703125"><ele>25.600000381469727</ele><time>2026-09-10T11:15:28Z</time></trkpt><trkpt lat="37.579341888427734" lon="127.02425384521484"><ele>25.799999237060547</ele><time>2026-09-10T11:15:29Z</time></trkpt><trkpt lat="37.57932662963867" lon="127.0242691040039"><ele>25.799999237060547</ele><time>2026-09-10T11:15:30Z</time></trkpt><trkpt lat="37.57929611206055" lon="127.0242919921875"><ele>25.600000381469727</ele><time>2026-09-10T11:15:31Z</time></trkpt><trkpt lat="37.57928466796875" lon="127.0243148803711"><ele>25.600000381469727</ele><time>2026-09-10T11:15:32Z</time></trkpt><trkpt lat="37.57926559448242" lon="127.02433013916016"><ele>25.399999618530273</ele><time>2026-09-10T11:15:33Z</time></trkpt><trkpt lat="37.579254150390625" lon="127.02436065673828"><ele>25.200000762939453</ele><time>2026-09-10T11:15:34Z</time></trkpt><trkpt lat="37.57924270629883" lon="127.02438354492188"><ele>25.200000762939453</ele><time>2026-09-10T11:15:35Z</time></trkpt><trkpt lat="37.57923126220703" lon="127.02439880371094"><ele>25.0</ele><time>2026-09-10T11:15:36Z</time></trkpt><trkpt lat="37.579219818115234" lon="127.02442169189453"><ele>24.799999237060547</ele><time>2026-09-10T11:15:37Z</time></trkpt><trkpt lat="37.57920837402344" lon="127.0244369506836"><ele>24.799999237060547</ele><time>2026-09-10T11:15:38Z</time></trkpt><trkpt lat="37.57919692993164" lon="127.02445983886719"><ele>24.600000381469727</ele><time>2026-09-10T11:15:39Z</time></trkpt><trkpt lat="37.579185485839844" lon="127.02447509765625"><ele>24.600000381469727</ele><time>2026-09-10T11:15:40Z</time></trkpt><trkpt lat="37.57917404174805" lon="127.02450561523438"><ele>24.600000381469727</ele><time>2026-09-10T11:15:41Z</time></trkpt><trkpt lat="37.57916259765625" lon="127.02452850341797"><ele>24.600000381469727</ele><time>2026-09-10T11:15:42Z</time></trkpt><trkpt lat="37.579158782958984" lon="127.0245590209961"><ele>24.600000381469727</ele><time>2026-09-10T11:15:43Z</time></trkpt><trkpt lat="37.57915496826172" lon="127.02458190917969"><ele>24.600000381469727</ele><time>2026-09-10T11:15:44Z</time></trkpt><trkpt lat="37.57915115356445" lon="127.02462005615234"><ele>24.600000381469727</ele><time>2026-09-10T11:15:45Z</time></trkpt><trkpt lat="37.57917404174805" lon="127.02466583251953"><ele>24.600000381469727</ele><time>2026-09-10T11:15:46Z</time></trkpt><trkpt lat="37.57917404174805" lon="127.02469635009766"><ele>24.799999237060547</ele><time>2026-09-10T11:15:47Z</time></trkpt><trkpt lat="37.579166412353516" lon="127.02473449707031"><ele>24.799999237060547</ele><time>2026-09-10T11:15:48Z</time></trkpt><trkpt lat="37.579166412353516" lon="127.02476501464844"><ele>25.0</ele><time>2026-09-10T11:15:49Z</time></trkpt><trkpt lat="37.57916259765625" lon="127.02479553222656"><ele>25.0</ele><time>2026-09-10T11:15:50Z</time></trkpt><trkpt lat="37.57915496826172" lon="127.02482604980469"><ele>25.0</ele><time>2026-09-10T11:15:51Z</time></trkpt><trkpt lat="37.57915496826172" lon="127.02484893798828"><ele>25.200000762939453</ele><time>2026-09-10T11:15:52Z</time></trkpt><trkpt lat="37.57915115356445" lon="127.02487182617188"><ele>25.200000762939453</ele><time>2026-09-10T11:15:53Z</time></trkpt><trkpt lat="37.57915115356445" lon="127.02489471435547"><ele>25.200000762939453</ele><time>2026-09-10T11:15:54Z</time></trkpt><trkpt lat="37.57914352416992" lon="127.02491760253906"><ele>25.200000762939453</ele><time>2026-09-10T11:15:55Z</time></trkpt><trkpt lat="37.57913589477539" lon="127.02494812011719"><ele>25.0</ele><time>2026-09-10T11:15:56Z</time></trkpt><trkpt lat="37.579132080078125" lon="127.02496337890625"><ele>25.0</ele><time>2026-09-10T11:15:57Z</time></trkpt><trkpt lat="37.57912826538086" lon="127.02499389648438"><ele>25.0</ele><time>2026-09-10T11:15:58Z</time></trkpt><trkpt lat="37.579124450683594" lon="127.02501678466797"><ele>25.0</ele><time>2026-09-10T11:15:59Z</time></trkpt><trkpt lat="37.57912063598633" lon="127.0250473022461"><ele>25.200000762939453</ele><time>2026-09-10T11:16:00Z</time></trkpt><trkpt lat="37.57911682128906" lon="127.02507019042969"><ele>25.200000762939453</ele><time>2026-09-10T11:16:01Z</time></trkpt><trkpt lat="37.5791130065918" lon="127.02508544921875"><ele>25.399999618530273</ele><time>2026-09-10T11:16:02Z</time></trkpt><trkpt lat="37.5791130065918" lon="127.0251235961914"><ele>25.399999618530273</ele><time>2026-09-10T11:16:03Z</time></trkpt><trkpt lat="37.5791130065918" lon="127.025146484375"><ele>25.200000762939453</ele><time>2026-09-10T11:16:04Z</time></trkpt><trkpt lat="37.57910919189453" lon="127.02517700195312"><ele>25.200000762939453</ele><time>2026-09-10T11:16:05Z</time></trkpt><trkpt lat="37.579105377197266" lon="127.02519226074219"><ele>25.0</ele><time>2026-09-10T11:16:06Z</time></trkpt><trkpt lat="37.57909393310547" lon="127.02523040771484"><ele>25.0</ele><time>2026-09-10T11:16:07Z</time></trkpt><trkpt lat="37.5790901184082" lon="127.02525329589844"><ele>25.0</ele><time>2026-09-10T11:16:08Z</time></trkpt><trkpt lat="37.57908630371094" lon="127.02527618408203"><ele>25.0</ele><time>2026-09-10T11:16:09Z</time></trkpt><trkpt lat="37.57908248901367" lon="127.02530670166016"><ele>25.0</ele><time>2026-09-10T11:16:10Z</time></trkpt><trkpt lat="37.57908248901367" lon="127.02532196044922"><ele>25.0</ele><time>2026-09-10T11:16:11Z</time></trkpt><trkpt lat="37.57907485961914" lon="127.02535247802734"><ele>25.0</ele><time>2026-09-10T11:16:12Z</time></trkpt><trkpt lat="37.57906723022461" lon="127.02538299560547"><ele>25.0</ele><time>2026-09-10T11:16:13Z</time></trkpt><trkpt lat="37.57906723022461" lon="127.0254135131836"><ele>25.0</ele><time>2026-09-10T11:16:14Z</time></trkpt><trkpt lat="37.579063415527344" lon="127.02544403076172"><ele>25.0</ele><time>2026-09-10T11:16:15Z</time></trkpt><trkpt lat="37.579063415527344" lon="127.02545928955078"><ele>25.0</ele><time>2026-09-10T11:16:16Z</time></trkpt><trkpt lat="37.57905960083008" lon="127.0254898071289"><ele>25.0</ele><time>2026-09-10T11:16:17Z</time></trkpt><trkpt lat="37.57905960083008" lon="127.02550506591797"><ele>25.0</ele><time>2026-09-10T11:16:18Z</time></trkpt><trkpt lat="37.57905578613281" lon="127.02552795410156"><ele>25.0</ele><time>2026-09-10T11:16:19Z</time></trkpt><trkpt lat="37.57905197143555" lon="127.02555847167969"><ele>25.0</ele><time>2026-09-10T11:16:20Z</time></trkpt><trkpt lat="37.57905197143555" lon="127.02558135986328"><ele>25.0</ele><time>2026-09-10T11:16:21Z</time></trkpt><trkpt lat="37.57904052734375" lon="127.0256118774414"><ele>25.0</ele><time>2026-09-10T11:16:22Z</time></trkpt><trkpt lat="37.57902908325195" lon="127.02562713623047"><ele>24.799999237060547</ele><time>2026-09-10T11:16:23Z</time></trkpt><trkpt lat="37.57902145385742" lon="127.02565002441406"><ele>24.799999237060547</ele><time>2026-09-10T11:16:24Z</time></trkpt><trkpt lat="37.57901382446289" lon="127.02568054199219"><ele>24.799999237060547</ele><time>2026-09-10T11:16:25Z</time></trkpt><trkpt lat="37.57901382446289" lon="127.02571105957031"><ele>24.799999237060547</ele><time>2026-09-10T11:16:26Z</time></trkpt><trkpt lat="37.57900619506836" lon="127.02574157714844"><ele>24.799999237060547</ele><time>2026-09-10T11:16:27Z</time></trkpt><trkpt lat="37.579002380371094" lon="127.02576446533203"><ele>25.0</ele><time>2026-09-10T11:16:28Z</time></trkpt><trkpt lat="37.57899475097656" lon="127.02578735351562"><ele>25.0</ele><time>2026-09-10T11:16:29Z</time></trkpt><trkpt lat="37.57898712158203" lon="127.02580261230469"><ele>25.0</ele><time>2026-09-10T11:16:30Z</time></trkpt><trkpt lat="37.578983306884766" lon="127.02581787109375"><ele>25.0</ele><time>2026-09-10T11:16:31Z</time></trkpt><trkpt lat="37.5789680480957" lon="127.02584075927734"><ele>24.799999237060547</ele><time>2026-09-10T11:16:32Z</time></trkpt><trkpt lat="37.57896041870117" lon="127.02584838867188"><ele>24.799999237060547</ele><time>2026-09-10T11:16:33Z</time></trkpt><trkpt lat="37.578948974609375" lon="127.02587127685547"><ele>24.799999237060547</ele><time>2026-09-10T11:16:34Z</time></trkpt><trkpt lat="37.578941345214844" lon="127.02589416503906"><ele>24.799999237060547</ele><time>2026-09-10T11:16:35Z</time></trkpt><trkpt lat="37.57893371582031" lon="127.02592468261719"><ele>24.799999237060547</ele><time>2026-09-10T11:16:36Z</time></trkpt><trkpt lat="37.578922271728516" lon="127.02595520019531"><ele>24.799999237060547</ele><time>2026-09-10T11:16:37Z</time></trkpt><trkpt lat="37.578914642333984" lon="127.02597045898438"><ele>24.799999237060547</ele><time>2026-09-10T11:16:38Z</time></trkpt><trkpt lat="37.57890319824219" lon="127.0260009765625"><ele>25.0</ele><time>2026-09-10T11:16:39Z</time></trkpt><trkpt lat="37.57889175415039" lon="127.0260238647461"><ele>25.0</ele><time>2026-09-10T11:16:40Z</time></trkpt><trkpt lat="37.57888412475586" lon="127.02603912353516"><ele>25.0</ele><time>2026-09-10T11:16:41Z</time></trkpt><trkpt lat="37.57887268066406" lon="127.02606201171875"><ele>25.0</ele><time>2026-09-10T11:16:42Z</time></trkpt><trkpt lat="37.57886505126953" lon="127.02607727050781"><ele>25.0</ele><time>2026-09-10T11:16:43Z</time></trkpt><trkpt lat="37.57884979248047" lon="127.0261001586914"><ele>25.0</ele><time>2026-09-10T11:16:44Z</time></trkpt><trkpt lat="37.578834533691406" lon="127.026123046875"><ele>25.0</ele><time>2026-09-10T11:16:45Z</time></trkpt><trkpt lat="37.57882308959961" lon="127.02613830566406"><ele>25.0</ele><time>2026-09-10T11:16:46Z</time></trkpt><trkpt lat="37.57881164550781" lon="127.02616882324219"><ele>24.799999237060547</ele><time>2026-09-10T11:16:47Z</time></trkpt><trkpt lat="37.57880401611328" lon="127.02618408203125"><ele>24.799999237060547</ele><time>2026-09-10T11:16:48Z</time></trkpt><trkpt lat="37.578792572021484" lon="127.02620697021484"><ele>24.799999237060547</ele><time>2026-09-10T11:16:49Z</time></trkpt><trkpt lat="37.57877731323242" lon="127.0262222290039"><ele>24.799999237060547</ele><time>2026-09-10T11:16:50Z</time></trkpt><trkpt lat="37.57876968383789" lon="127.02623748779297"><ele>24.799999237060547</ele><time>2026-09-10T11:16:51Z</time></trkpt><trkpt lat="37.578758239746094" lon="127.0262680053711"><ele>24.799999237060547</ele><time>2026-09-10T11:16:52Z</time></trkpt><trkpt lat="37.57875061035156" lon="127.02628326416016"><ele>24.799999237060547</ele><time>2026-09-10T11:16:53Z</time></trkpt><trkpt lat="37.5787353515625" lon="127.02630615234375"><ele>24.799999237060547</ele><time>2026-09-10T11:16:54Z</time></trkpt><trkpt lat="37.5787239074707" lon="127.02632141113281"><ele>24.799999237060547</ele><time>2026-09-10T11:16:55Z</time></trkpt><trkpt lat="37.578712463378906" lon="127.0263442993164"><ele>24.799999237060547</ele><time>2026-09-10T11:16:56Z</time></trkpt><trkpt lat="37.57870101928711" lon="127.02637481689453"><ele>24.799999237060547</ele><time>2026-09-10T11:16:57Z</time></trkpt><trkpt lat="37.57869338989258" lon="127.0263900756836"><ele>24.600000381469727</ele><time>2026-09-10T11:16:58Z</time></trkpt><trkpt lat="37.578678131103516" lon="127.02641296386719"><ele>24.600000381469727</ele><time>2026-09-10T11:16:59Z</time></trkpt><trkpt lat="37.57866668701172" lon="127.02642822265625"><ele>24.600000381469727</ele><time>2026-09-10T11:17:00Z</time></trkpt><trkpt lat="37.57865524291992" lon="127.02645111083984"><ele>24.600000381469727</ele><time>2026-09-10T11:17:01Z</time></trkpt><trkpt lat="37.578643798828125" lon="127.02647399902344"><ele>24.600000381469727</ele><time>2026-09-10T11:17:02Z</time></trkpt><trkpt lat="37.57863998413086" lon="127.02649688720703"><ele>24.600000381469727</ele><time>2026-09-10T11:17:03Z</time></trkpt><trkpt lat="37.5786247253418" lon="127.02651977539062"><ele>24.600000381469727</ele><time>2026-09-10T11:17:04Z</time></trkpt><trkpt lat="37.578617095947266" lon="127.02654266357422"><ele>24.600000381469727</ele><time>2026-09-10T11:17:05Z</time></trkpt><trkpt lat="37.57860565185547" lon="127.02656555175781"><ele>24.600000381469727</ele><time>2026-09-10T11:17:06Z</time></trkpt><trkpt lat="37.578590393066406" lon="127.0265884399414"><ele>24.600000381469727</ele><time>2026-09-10T11:17:07Z</time></trkpt><trkpt lat="37.578590393066406" lon="127.02660369873047"><ele>24.600000381469727</ele><time>2026-09-10T11:17:08Z</time></trkpt><trkpt lat="37.57857894897461" lon="127.0266342163086"><ele>24.600000381469727</ele><time>2026-09-10T11:17:09Z</time></trkpt><trkpt lat="37.57857131958008" lon="127.02665710449219"><ele>24.600000381469727</ele><time>2026-09-10T11:17:10Z</time></trkpt><trkpt lat="37.578556060791016" lon="127.02668762207031"><ele>24.600000381469727</ele><time>2026-09-10T11:17:11Z</time></trkpt><trkpt lat="37.57854461669922" lon="127.0267105102539"><ele>24.600000381469727</ele><time>2026-09-10T11:17:12Z</time></trkpt><trkpt lat="37.57853317260742" lon="127.02672576904297"><ele>24.399999618530273</ele><time>2026-09-10T11:17:13Z</time></trkpt><trkpt lat="37.578521728515625" lon="127.0267562866211"><ele>24.399999618530273</ele><time>2026-09-10T11:17:14Z</time></trkpt><trkpt lat="37.578514099121094" lon="127.02677154541016"><ele>24.200000762939453</ele><time>2026-09-10T11:17:15Z</time></trkpt><trkpt lat="37.57849884033203" lon="127.02679443359375"><ele>24.200000762939453</ele><time>2026-09-10T11:17:16Z</time></trkpt><trkpt lat="37.578487396240234" lon="127.02680969238281"><ele>24.200000762939453</ele><time>2026-09-10T11:17:17Z</time></trkpt><trkpt lat="37.57847595214844" lon="127.0268325805664"><ele>24.200000762939453</ele><time>2026-09-10T11:17:18Z</time></trkpt><trkpt lat="37.57846450805664" lon="127.02685546875"><ele>24.200000762939453</ele><time>2026-09-10T11:17:19Z</time></trkpt><trkpt lat="37.578453063964844" lon="127.0268783569336"><ele>24.0</ele><time>2026-09-10T11:17:20Z</time></trkpt><trkpt lat="37.57844543457031" lon="127.02689361572266"><ele>24.0</ele><time>2026-09-10T11:17:21Z</time></trkpt><trkpt lat="37.57843017578125" lon="127.02691650390625"><ele>24.0</ele><time>2026-09-10T11:17:22Z</time></trkpt><trkpt lat="37.57842254638672" lon="127.02692413330078"><ele>24.0</ele><time>2026-09-10T11:17:23Z</time></trkpt><trkpt lat="37.57840347290039" lon="127.02694702148438"><ele>24.0</ele><time>2026-09-10T11:17:24Z</time></trkpt><trkpt lat="37.57838821411133" lon="127.02696990966797"><ele>24.0</ele><time>2026-09-10T11:17:25Z</time></trkpt><trkpt lat="37.578365325927734" lon="127.02698516845703"><ele>24.200000762939453</ele><time>2026-09-10T11:17:26Z</time></trkpt><trkpt lat="37.578346252441406" lon="127.0270004272461"><ele>24.200000762939453</ele><time>2026-09-10T11:17:27Z</time></trkpt><trkpt lat="37.57833480834961" lon="127.02701568603516"><ele>24.399999618530273</ele><time>2026-09-10T11:17:28Z</time></trkpt><trkpt lat="37.57830810546875" lon="127.02703857421875"><ele>24.399999618530273</ele><time>2026-09-10T11:17:29Z</time></trkpt><trkpt lat="37.57829284667969" lon="127.02704620361328"><ele>24.399999618530273</ele><time>2026-09-10T11:17:30Z</time></trkpt><trkpt lat="37.57827377319336" lon="127.02706909179688"><ele>24.399999618530273</ele><time>2026-09-10T11:17:31Z</time></trkpt><trkpt lat="37.57825469970703" lon="127.02709197998047"><ele>24.200000762939453</ele><time>2026-09-10T11:17:32Z</time></trkpt><trkpt lat="37.5782356262207" lon="127.02710723876953"><ele>24.200000762939453</ele><time>2026-09-10T11:17:33Z</time></trkpt><trkpt lat="37.57821273803711" lon="127.0271224975586"><ele>24.200000762939453</ele><time>2026-09-10T11:17:34Z</time></trkpt><trkpt lat="37.57819366455078" lon="127.02713775634766"><ele>24.200000762939453</ele><time>2026-09-10T11:17:35Z</time></trkpt><trkpt lat="37.57817840576172" lon="127.02715301513672"><ele>24.200000762939453</ele><time>2026-09-10T11:17:36Z</time></trkpt><trkpt lat="37.578163146972656" lon="127.02717590332031"><ele>24.200000762939453</ele><time>2026-09-10T11:17:37Z</time></trkpt><trkpt lat="37.578147888183594" lon="127.02719116210938"><ele>24.200000762939453</ele><time>2026-09-10T11:17:38Z</time></trkpt><trkpt lat="37.578128814697266" lon="127.02720642089844"><ele>24.399999618530273</ele><time>2026-09-10T11:17:39Z</time></trkpt><trkpt lat="37.5781135559082" lon="127.0272216796875"><ele>24.399999618530273</ele><time>2026-09-10T11:17:40Z</time></trkpt><trkpt lat="37.578102111816406" lon="127.02723693847656"><ele>24.399999618530273</ele><time>2026-09-10T11:17:41Z</time></trkpt><trkpt lat="37.578086853027344" lon="127.02725982666016"><ele>24.200000762939453</ele><time>2026-09-10T11:17:42Z</time></trkpt><trkpt lat="37.57807922363281" lon="127.02726745605469"><ele>24.200000762939453</ele><time>2026-09-10T11:17:43Z</time></trkpt><trkpt lat="37.578060150146484" lon="127.02728271484375"><ele>24.200000762939453</ele><time>2026-09-10T11:17:44Z</time></trkpt><trkpt lat="37.57804870605469" lon="127.02729797363281"><ele>24.200000762939453</ele><time>2026-09-10T11:17:45Z</time></trkpt><trkpt lat="37.57803726196289" lon="127.0273208618164"><ele>24.0</ele><time>2026-09-10T11:17:46Z</time></trkpt><trkpt lat="37.5780143737793" lon="127.02733612060547"><ele>24.0</ele><time>2026-09-10T11:17:47Z</time></trkpt><trkpt lat="37.5780029296875" lon="127.02735137939453"><ele>24.0</ele><time>2026-09-10T11:17:48Z</time></trkpt><trkpt lat="37.57798385620117" lon="127.0273666381836"><ele>24.0</ele><time>2026-09-10T11:17:49Z</time></trkpt><trkpt lat="37.577964782714844" lon="127.02738952636719"><ele>24.0</ele><time>2026-09-10T11:17:50Z</time></trkpt><trkpt lat="37.57794952392578" lon="127.02740478515625"><ele>24.200000762939453</ele><time>2026-09-10T11:17:51Z</time></trkpt><trkpt lat="37.57793045043945" lon="127.02742767333984"><ele>24.200000762939453</ele><time>2026-09-10T11:17:52Z</time></trkpt><trkpt lat="37.577911376953125" lon="127.0274429321289"><ele>24.200000762939453</ele><time>2026-09-10T11:17:53Z</time></trkpt><trkpt lat="37.57789611816406" lon="127.02745819091797"><ele>24.200000762939453</ele><time>2026-09-10T11:17:54Z</time></trkpt><trkpt lat="37.577877044677734" lon="127.02747344970703"><ele>24.200000762939453</ele><time>2026-09-10T11:17:55Z</time></trkpt><trkpt lat="37.577857971191406" lon="127.0274887084961"><ele>24.0</ele><time>2026-09-10T11:17:56Z</time></trkpt><trkpt lat="37.57783508300781" lon="127.02749633789062"><ele>24.0</ele><time>2026-09-10T11:17:57Z</time></trkpt><trkpt lat="37.57781982421875" lon="127.02750396728516"><ele>24.0</ele><time>2026-09-10T11:17:58Z</time></trkpt><trkpt lat="37.577796936035156" lon="127.02751922607422"><ele>24.0</ele><time>2026-09-10T11:17:59Z</time></trkpt><trkpt lat="37.577781677246094" lon="127.02752685546875"><ele>24.0</ele><time>2026-09-10T11:18:00Z</time></trkpt><trkpt lat="37.577762603759766" lon="127.02753448486328"><ele>24.0</ele><time>2026-09-10T11:18:01Z</time></trkpt><trkpt lat="37.57773971557617" lon="127.02754974365234"><ele>24.0</ele><time>2026-09-10T11:18:02Z</time></trkpt><trkpt lat="37.577720642089844" lon="127.0275650024414"><ele>24.0</ele><time>2026-09-10T11:18:03Z</time></trkpt><trkpt lat="37.577701568603516" lon="127.02758026123047"><ele>24.0</ele><time>2026-09-10T11:18:04Z</time></trkpt><trkpt lat="37.57768630981445" lon="127.027587890625"><ele>24.0</ele><time>2026-09-10T11:18:05Z</time></trkpt><trkpt lat="37.577667236328125" lon="127.02760314941406"><ele>24.0</ele><time>2026-09-10T11:18:06Z</time></trkpt><trkpt lat="37.57765197753906" lon="127.02761840820312"><ele>24.0</ele><time>2026-09-10T11:18:07Z</time></trkpt><trkpt lat="37.577632904052734" lon="127.02762603759766"><ele>24.0</ele><time>2026-09-10T11:18:08Z</time></trkpt><trkpt lat="37.577613830566406" lon="127.02764129638672"><ele>24.0</ele><time>2026-09-10T11:18:09Z</time></trkpt><trkpt lat="37.57759475708008" lon="127.02765655517578"><ele>24.0</ele><time>2026-09-10T11:18:10Z</time></trkpt><trkpt lat="37.577571868896484" lon="127.02766418457031"><ele>24.0</ele><time>2026-09-10T11:18:11Z</time></trkpt><trkpt lat="37.577552795410156" lon="127.02767181396484"><ele>24.0</ele><time>2026-09-10T11:18:12Z</time></trkpt><trkpt lat="37.57753372192383" lon="127.0276870727539"><ele>23.799999237060547</ele><time>2026-09-10T11:18:13Z</time></trkpt><trkpt lat="37.577510833740234" lon="127.02769470214844"><ele>23.600000381469727</ele><time>2026-09-10T11:18:14Z</time></trkpt><trkpt lat="37.577491760253906" lon="127.02770233154297"><ele>23.600000381469727</ele><time>2026-09-10T11:18:15Z</time></trkpt><trkpt lat="37.577476501464844" lon="127.02770233154297"><ele>23.399999618530273</ele><time>2026-09-10T11:18:16Z</time></trkpt><trkpt lat="37.577457427978516" lon="127.0277099609375"><ele>23.399999618530273</ele><time>2026-09-10T11:18:17Z</time></trkpt><trkpt lat="37.57744216918945" lon="127.02772521972656"><ele>23.399999618530273</ele><time>2026-09-10T11:18:18Z</time></trkpt><trkpt lat="37.57741928100586" lon="127.0277328491211"><ele>23.399999618530273</ele><time>2026-09-10T11:18:19Z</time></trkpt><trkpt lat="37.5774040222168" lon="127.02774047851562"><ele>23.399999618530273</ele><time>2026-09-10T11:18:20Z</time></trkpt><trkpt lat="37.5773811340332" lon="127.02774810791016"><ele>23.399999618530273</ele><time>2026-09-10T11:18:21Z</time></trkpt><trkpt lat="37.57735824584961" lon="127.02775573730469"><ele>23.399999618530273</ele><time>2026-09-10T11:18:22Z</time></trkpt><trkpt lat="37.57733917236328" lon="127.02776336669922"><ele>23.399999618530273</ele><time>2026-09-10T11:18:23Z</time></trkpt><trkpt lat="37.57731246948242" lon="127.02777099609375"><ele>23.399999618530273</ele><time>2026-09-10T11:18:24Z</time></trkpt><trkpt lat="37.577293395996094" lon="127.02777099609375"><ele>23.399999618530273</ele><time>2026-09-10T11:18:25Z</time></trkpt><trkpt lat="37.577266693115234" lon="127.02777862548828"><ele>23.200000762939453</ele><time>2026-09-10T11:18:26Z</time></trkpt><trkpt lat="37.577247619628906" lon="127.02777862548828"><ele>23.0</ele><time>2026-09-10T11:18:27Z</time></trkpt><trkpt lat="37.57721710205078" lon="127.02778625488281"><ele>22.799999237060547</ele><time>2026-09-10T11:18:28Z</time></trkpt><trkpt lat="37.57719421386719" lon="127.02778625488281"><ele>22.600000381469727</ele><time>2026-09-10T11:18:29Z</time></trkpt><trkpt lat="37.57717514038086" lon="127.02779388427734"><ele>22.399999618530273</ele><time>2026-09-10T11:18:30Z</time></trkpt><trkpt lat="37.5771484375" lon="127.02779388427734"><ele>22.399999618530273</ele><time>2026-09-10T11:18:31Z</time></trkpt><trkpt lat="37.577125549316406" lon="127.02777862548828"><ele>22.600000381469727</ele><time>2026-09-10T11:18:32Z</time></trkpt><trkpt lat="37.57709884643555" lon="127.02777099609375"><ele>22.600000381469727</ele><time>2026-09-10T11:18:33Z</time></trkpt><trkpt lat="37.57706069946289" lon="127.02777099609375"><ele>22.600000381469727</ele><time>2026-09-10T11:18:34Z</time></trkpt><trkpt lat="37.577049255371094" lon="127.02777099609375"><ele>22.600000381469727</ele><time>2026-09-10T11:18:35Z</time></trkpt><trkpt lat="37.577030181884766" lon="127.02777099609375"><ele>22.600000381469727</ele><time>2026-09-10T11:18:36Z</time></trkpt><trkpt lat="37.57700729370117" lon="127.02777862548828"><ele>22.399999618530273</ele><time>2026-09-10T11:18:37Z</time></trkpt><trkpt lat="37.576988220214844" lon="127.02778625488281"><ele>22.399999618530273</ele><time>2026-09-10T11:18:38Z</time></trkpt><trkpt lat="37.57696533203125" lon="127.02778625488281"><ele>22.399999618530273</ele><time>2026-09-10T11:18:39Z</time></trkpt><trkpt lat="37.57694625854492" lon="127.02778625488281"><ele>22.399999618530273</ele><time>2026-09-10T11:18:40Z</time></trkpt><trkpt lat="37.57693099975586" lon="127.02778625488281"><ele>22.399999618530273</ele><time>2026-09-10T11:18:41Z</time></trkpt><trkpt lat="37.57689666748047" lon="127.02778625488281"><ele>22.200000762939453</ele><time>2026-09-10T11:18:42Z</time></trkpt><trkpt lat="37.57687759399414" lon="127.02778625488281"><ele>22.200000762939453</ele><time>2026-09-10T11:18:43Z</time></trkpt><trkpt lat="37.576866149902344" lon="127.02778625488281"><ele>22.200000762939453</ele><time>2026-09-10T11:18:44Z</time></trkpt><trkpt lat="37.576839447021484" lon="127.02779388427734"><ele>22.200000762939453</ele><time>2026-09-10T11:18:45Z</time></trkpt><trkpt lat="37.576820373535156" lon="127.0278091430664"><ele>22.200000762939453</ele><time>2026-09-10T11:18:46Z</time></trkpt><trkpt lat="37.57681655883789" lon="127.02783203125"><ele>22.200000762939453</ele><time>2026-09-10T11:18:47Z</time></trkpt><trkpt lat="37.57678985595703" lon="127.02783203125"><ele>22.200000762939453</ele><time>2026-09-10T11:18:48Z</time></trkpt><trkpt lat="37.57676696777344" lon="127.02783203125"><ele>22.200000762939453</ele><time>2026-09-10T11:18:49Z</time></trkpt><trkpt lat="37.57674789428711" lon="127.02783966064453"><ele>22.200000762939453</ele><time>2026-09-10T11:18:50Z</time></trkpt><trkpt lat="37.57672882080078" lon="127.02783966064453"><ele>22.200000762939453</ele><time>2026-09-10T11:18:51Z</time></trkpt><trkpt lat="37.57670593261719" lon="127.02783966064453"><ele>22.200000762939453</ele><time>2026-09-10T11:18:52Z</time></trkpt><trkpt lat="37.576683044433594" lon="127.02784729003906"><ele>22.200000762939453</ele><time>2026-09-10T11:18:53Z</time></trkpt><trkpt lat="37.576663970947266" lon="127.02784729003906"><ele>22.200000762939453</ele><time>2026-09-10T11:18:54Z</time></trkpt><trkpt lat="37.57664489746094" lon="127.02786254882812"><ele>22.200000762939453</ele><time>2026-09-10T11:18:55Z</time></trkpt><trkpt lat="37.576622009277344" lon="127.02786254882812"><ele>22.200000762939453</ele><time>2026-09-10T11:18:56Z</time></trkpt><trkpt lat="37.57659912109375" lon="127.02787017822266"><ele>22.200000762939453</ele><time>2026-09-10T11:18:57Z</time></trkpt><trkpt lat="37.576576232910156" lon="127.02787017822266"><ele>22.200000762939453</ele><time>2026-09-10T11:18:58Z</time></trkpt><trkpt lat="37.57655715942383" lon="127.02787780761719"><ele>22.200000762939453</ele><time>2026-09-10T11:18:59Z</time></trkpt><trkpt lat="37.576534271240234" lon="127.02788543701172"><ele>22.200000762939453</ele><time>2026-09-10T11:19:00Z</time></trkpt><trkpt lat="37.576515197753906" lon="127.02788543701172"><ele>22.200000762939453</ele><time>2026-09-10T11:19:01Z</time></trkpt><trkpt lat="37.57648849487305" lon="127.02787780761719"><ele>22.399999618530273</ele><time>2026-09-10T11:19:02Z</time></trkpt><trkpt lat="37.576473236083984" lon="127.02787780761719"><ele>22.399999618530273</ele><time>2026-09-10T11:19:03Z</time></trkpt><trkpt lat="37.576454162597656" lon="127.02788543701172"><ele>22.399999618530273</ele><time>2026-09-10T11:19:04Z</time></trkpt><trkpt lat="37.5764274597168" lon="127.02788543701172"><ele>22.399999618530273</ele><time>2026-09-10T11:19:05Z</time></trkpt><trkpt lat="37.576412200927734" lon="127.02789306640625"><ele>22.399999618530273</ele><time>2026-09-10T11:19:06Z</time></trkpt><trkpt lat="37.576385498046875" lon="127.02790069580078"><ele>22.399999618530273</ele><time>2026-09-10T11:19:07Z</time></trkpt><trkpt lat="37.57637023925781" lon="127.02790069580078"><ele>22.399999618530273</ele><time>2026-09-10T11:19:08Z</time></trkpt><trkpt lat="37.57635498046875" lon="127.02790832519531"><ele>22.399999618530273</ele><time>2026-09-10T11:19:09Z</time></trkpt><trkpt lat="37.57632827758789" lon="127.02790069580078"><ele>22.399999618530273</ele><time>2026-09-10T11:19:10Z</time></trkpt><trkpt lat="37.57630920410156" lon="127.02790832519531"><ele>22.399999618530273</ele><time>2026-09-10T11:19:11Z</time></trkpt><trkpt lat="37.5762825012207" lon="127.02790832519531"><ele>22.600000381469727</ele><time>2026-09-10T11:19:12Z</time></trkpt><trkpt lat="37.57626724243164" lon="127.02790832519531"><ele>22.600000381469727</ele><time>2026-09-10T11:19:13Z</time></trkpt><trkpt lat="37.57625198364258" lon="127.02790832519531"><ele>22.600000381469727</ele><time>2026-09-10T11:19:14Z</time></trkpt><trkpt lat="37.57623291015625" lon="127.02790069580078"><ele>22.600000381469727</ele><time>2026-09-10T11:19:15Z</time></trkpt><trkpt lat="37.57621765136719" lon="127.02790832519531"><ele>22.399999618530273</ele><time>2026-09-10T11:19:16Z</time></trkpt><trkpt lat="37.576194763183594" lon="127.02790069580078"><ele>22.399999618530273</ele><time>2026-09-10T11:19:17Z</time></trkpt><trkpt lat="37.576175689697266" lon="127.02790069580078"><ele>22.399999618530273</ele><time>2026-09-10T11:19:18Z</time></trkpt><trkpt lat="37.57615280151367" lon="127.02790069580078"><ele>22.399999618530273</ele><time>2026-09-10T11:19:19Z</time></trkpt><trkpt lat="37.576133728027344" lon="127.02790069580078"><ele>22.399999618530273</ele><time>2026-09-10T11:19:20Z</time></trkpt><trkpt lat="37.576114654541016" lon="127.02790832519531"><ele>22.399999618530273</ele><time>2026-09-10T11:19:21Z</time></trkpt><trkpt lat="37.57609176635742" lon="127.02791595458984"><ele>22.399999618530273</ele><time>2026-09-10T11:19:22Z</time></trkpt><trkpt lat="37.57607650756836" lon="127.02791595458984"><ele>22.200000762939453</ele><time>2026-09-10T11:19:23Z</time></trkpt><trkpt lat="37.57605743408203" lon="127.02792358398438"><ele>22.200000762939453</ele><time>2026-09-10T11:19:24Z</time></trkpt><trkpt lat="37.57603073120117" lon="127.02791595458984"><ele>22.200000762939453</ele><time>2026-09-10T11:19:25Z</time></trkpt><trkpt lat="37.576011657714844" lon="127.02791595458984"><ele>22.200000762939453</ele><time>2026-09-10T11:19:26Z</time></trkpt><trkpt lat="37.575992584228516" lon="127.02791595458984"><ele>22.200000762939453</ele><time>2026-09-10T11:19:27Z</time></trkpt><trkpt lat="37.57596206665039" lon="127.02792358398438"><ele>22.200000762939453</ele><time>2026-09-10T11:19:28Z</time></trkpt><trkpt lat="37.57594680786133" lon="127.0279312133789"><ele>22.200000762939453</ele><time>2026-09-10T11:19:29Z</time></trkpt><trkpt lat="37.575927734375" lon="127.0279312133789"><ele>22.200000762939453</ele><time>2026-09-10T11:19:30Z</time></trkpt><trkpt lat="37.5759162902832" lon="127.02793884277344"><ele>22.0</ele><time>2026-09-10T11:19:31Z</time></trkpt><trkpt lat="37.57589340209961" lon="127.02794647216797"><ele>22.0</ele><time>2026-09-10T11:19:32Z</time></trkpt><trkpt lat="37.57587432861328" lon="127.02794647216797"><ele>22.0</ele><time>2026-09-10T11:19:33Z</time></trkpt><trkpt lat="37.57585525512695" lon="127.0279541015625"><ele>22.0</ele><time>2026-09-10T11:19:34Z</time></trkpt><trkpt lat="37.575828552246094" lon="127.0279541015625"><ele>22.0</ele><time>2026-09-10T11:19:35Z</time></trkpt><trkpt lat="37.575809478759766" lon="127.02796173095703"><ele>22.0</ele><time>2026-09-10T11:19:36Z</time></trkpt><trkpt lat="37.575782775878906" lon="127.0279541015625"><ele>22.0</ele><time>2026-09-10T11:19:37Z</time></trkpt><trkpt lat="37.57575988769531" lon="127.02796173095703"><ele>22.0</ele><time>2026-09-10T11:19:38Z</time></trkpt><trkpt lat="37.575740814208984" lon="127.02796173095703"><ele>22.0</ele><time>2026-09-10T11:19:39Z</time></trkpt><trkpt lat="37.57571029663086" lon="127.02796936035156"><ele>22.0</ele><time>2026-09-10T11:19:40Z</time></trkpt><trkpt lat="37.5756950378418" lon="127.0279769897461"><ele>22.0</ele><time>2026-09-10T11:19:41Z</time></trkpt><trkpt lat="37.57566833496094" lon="127.0279769897461"><ele>22.0</ele><time>2026-09-10T11:19:42Z</time></trkpt><trkpt lat="37.57564926147461" lon="127.0279769897461"><ele>22.0</ele><time>2026-09-10T11:19:43Z</time></trkpt><trkpt lat="37.57563400268555" lon="127.02798461914062"><ele>22.0</ele><time>2026-09-10T11:19:44Z</time></trkpt><trkpt lat="37.57560729980469" lon="127.02799224853516"><ele>22.0</ele><time>2026-09-10T11:19:45Z</time></trkpt><trkpt lat="37.575592041015625" lon="127.02799224853516"><ele>22.0</ele><time>2026-09-10T11:19:46Z</time></trkpt><trkpt lat="37.57557678222656" lon="127.02799224853516"><ele>22.0</ele><time>2026-09-10T11:19:47Z</time></trkpt><trkpt lat="37.57555389404297" lon="127.02799224853516"><ele>22.0</ele><time>2026-09-10T11:19:48Z</time></trkpt><trkpt lat="37.575538635253906" lon="127.02799987792969"><ele>22.0</ele><time>2026-09-10T11:19:49Z</time></trkpt><trkpt lat="37.57551574707031" lon="127.02799987792969"><ele>22.0</ele><time>2026-09-10T11:19:50Z</time></trkpt><trkpt lat="37.575496673583984" lon="127.02800750732422"><ele>22.0</ele><time>2026-09-10T11:19:51Z</time></trkpt><trkpt lat="37.575469970703125" lon="127.02800750732422"><ele>22.0</ele><time>2026-09-10T11:19:52Z</time></trkpt><trkpt lat="37.57545471191406" lon="127.02799987792969"><ele>22.0</ele><time>2026-09-10T11:19:53Z</time></trkpt><trkpt lat="37.57543182373047" lon="127.02800750732422"><ele>22.0</ele><time>2026-09-10T11:19:54Z</time></trkpt><trkpt lat="37.57540512084961" lon="127.02800750732422"><ele>22.0</ele><time>2026-09-10T11:19:55Z</time></trkpt><trkpt lat="37.57538604736328" lon="127.02801513671875"><ele>22.0</ele><time>2026-09-10T11:19:56Z</time></trkpt><trkpt lat="37.57535934448242" lon="127.02801513671875"><ele>21.799999237060547</ele><time>2026-09-10T11:19:57Z</time></trkpt><trkpt lat="37.57533264160156" lon="127.02801513671875"><ele>22.0</ele><time>2026-09-10T11:19:58Z</time></trkpt><trkpt lat="37.57530975341797" lon="127.02801513671875"><ele>22.0</ele><time>2026-09-10T11:19:59Z</time></trkpt><trkpt lat="37.57529067993164" lon="127.02802276611328"><ele>22.0</ele><time>2026-09-10T11:20:00Z</time></trkpt><trkpt lat="37.57527160644531" lon="127.02802276611328"><ele>22.0</ele><time>2026-09-10T11:20:01Z</time></trkpt><trkpt lat="37.57524871826172" lon="127.02803039550781"><ele>22.0</ele><time>2026-09-10T11:20:02Z</time></trkpt><trkpt lat="37.57522964477539" lon="127.02803039550781"><ele>22.0</ele><time>2026-09-10T11:20:03Z</time></trkpt><trkpt lat="37.5752067565918" lon="127.02803039550781"><ele>21.799999237060547</ele><time>2026-09-10T11:20:04Z</time></trkpt><trkpt lat="37.57518768310547" lon="127.02803802490234"><ele>21.799999237060547</ele><time>2026-09-10T11:20:05Z</time></trkpt><trkpt lat="37.575164794921875" lon="127.02803802490234"><ele>22.0</ele><time>2026-09-10T11:20:06Z</time></trkpt><trkpt lat="37.57514572143555" lon="127.02803802490234"><ele>21.799999237060547</ele><time>2026-09-10T11:20:07Z</time></trkpt><trkpt lat="37.57512664794922" lon="127.02803802490234"><ele>21.799999237060547</ele><time>2026-09-10T11:20:08Z</time></trkpt><trkpt lat="37.575103759765625" lon="127.02804565429688"><ele>21.799999237060547</ele><time>2026-09-10T11:20:09Z</time></trkpt><trkpt lat="37.5750846862793" lon="127.02804565429688"><ele>21.799999237060547</ele><time>2026-09-10T11:20:10Z</time></trkpt><trkpt lat="37.57506561279297" lon="127.02804565429688"><ele>21.799999237060547</ele><time>2026-09-10T11:20:11Z</time></trkpt><trkpt lat="37.575042724609375" lon="127.02804565429688"><ele>21.600000381469727</ele><time>2026-09-10T11:20:12Z</time></trkpt><trkpt lat="37.57502746582031" lon="127.0280532836914"><ele>21.600000381469727</ele><time>2026-09-10T11:20:13Z</time></trkpt><trkpt lat="37.57500457763672" lon="127.0280532836914"><ele>21.600000381469727</ele><time>2026-09-10T11:20:14Z</time></trkpt><trkpt lat="37.57498550415039" lon="127.0280532836914"><ele>21.600000381469727</ele><time>2026-09-10T11:20:15Z</time></trkpt><trkpt lat="37.5749626159668" lon="127.0280532836914"><ele>21.600000381469727</ele><time>2026-09-10T11:20:16Z</time></trkpt><trkpt lat="37.57494354248047" lon="127.0280532836914"><ele>21.399999618530273</ele><time>2026-09-10T11:20:17Z</time></trkpt><trkpt lat="37.57492446899414" lon="127.0280532836914"><ele>21.399999618530273</ele><time>2026-09-10T11:20:18Z</time></trkpt><trkpt lat="37.57490158081055" lon="127.0280532836914"><ele>21.399999618530273</ele><time>2026-09-10T11:20:19Z</time></trkpt><trkpt lat="37.574886322021484" lon="127.0280532836914"><ele>21.399999618530273</ele><time>2026-09-10T11:20:20Z</time></trkpt><trkpt lat="37.57487106323242" lon="127.0280532836914"><ele>21.399999618530273</ele><time>2026-09-10T11:20:21Z</time></trkpt><trkpt lat="37.57484436035156" lon="127.0280532836914"><ele>21.399999618530273</ele><time>2026-09-10T11:20:22Z</time></trkpt><trkpt lat="37.57481384277344" lon="127.02806854248047"><ele>21.600000381469727</ele><time>2026-09-10T11:20:23Z</time></trkpt><trkpt lat="37.574790954589844" lon="127.02806854248047"><ele>21.399999618530273</ele><time>2026-09-10T11:20:24Z</time></trkpt><trkpt lat="37.574771881103516" lon="127.02806854248047"><ele>21.399999618530273</ele><time>2026-09-10T11:20:25Z</time></trkpt><trkpt lat="37.57475280761719" lon="127.028076171875"><ele>21.399999618530273</ele><time>2026-09-10T11:20:26Z</time></trkpt><trkpt lat="37.57473373413086" lon="127.028076171875"><ele>21.399999618530273</ele><time>2026-09-10T11:20:27Z</time></trkpt><trkpt lat="37.57471466064453" lon="127.028076171875"><ele>21.399999618530273</ele><time>2026-09-10T11:20:28Z</time></trkpt><trkpt lat="37.57469177246094" lon="127.028076171875"><ele>21.200000762939453</ele><time>2026-09-10T11:20:29Z</time></trkpt><trkpt lat="37.574676513671875" lon="127.02808380126953"><ele>21.200000762939453</ele><time>2026-09-10T11:20:30Z</time></trkpt><trkpt lat="37.574649810791016" lon="127.02808380126953"><ele>21.200000762939453</ele><time>2026-09-10T11:20:31Z</time></trkpt><trkpt lat="37.57463073730469" lon="127.02808380126953"><ele>21.200000762939453</ele><time>2026-09-10T11:20:32Z</time></trkpt><trkpt lat="37.57461166381836" lon="127.02808380126953"><ele>21.200000762939453</ele><time>2026-09-10T11:20:33Z</time></trkpt><trkpt lat="37.5745849609375" lon="127.02809143066406"><ele>21.200000762939453</ele><time>2026-09-10T11:20:34Z</time></trkpt><trkpt lat="37.57456970214844" lon="127.02809143066406"><ele>21.200000762939453</ele><time>2026-09-10T11:20:35Z</time></trkpt><trkpt lat="37.57454299926758" lon="127.0280990600586"><ele>21.399999618530273</ele><time>2026-09-10T11:20:36Z</time></trkpt><trkpt lat="37.574527740478516" lon="127.0280990600586"><ele>21.399999618530273</ele><time>2026-09-10T11:20:37Z</time></trkpt><trkpt lat="37.57450485229492" lon="127.02810668945312"><ele>21.399999618530273</ele><time>2026-09-10T11:20:38Z</time></trkpt><trkpt lat="37.574485778808594" lon="127.02811431884766"><ele>21.399999618530273</ele><time>2026-09-10T11:20:39Z</time></trkpt><trkpt lat="37.574462890625" lon="127.02811431884766"><ele>21.399999618530273</ele><time>2026-09-10T11:20:40Z</time></trkpt><trkpt lat="37.574440002441406" lon="127.02812194824219"><ele>21.399999618530273</ele><time>2026-09-10T11:20:41Z</time></trkpt><trkpt lat="37.57442092895508" lon="127.02812957763672"><ele>21.399999618530273</ele><time>2026-09-10T11:20:42Z</time></trkpt><trkpt lat="37.57439422607422" lon="127.02812194824219"><ele>21.399999618530273</ele><time>2026-09-10T11:20:43Z</time></trkpt><trkpt lat="37.57437515258789" lon="127.02812957763672"><ele>21.200000762939453</ele><time>2026-09-10T11:20:44Z</time></trkpt><trkpt lat="37.5743522644043" lon="127.02812957763672"><ele>21.399999618530273</ele><time>2026-09-10T11:20:45Z</time></trkpt><trkpt lat="37.5743293762207" lon="127.02812957763672"><ele>21.399999618530273</ele><time>2026-09-10T11:20:46Z</time></trkpt><trkpt lat="37.574310302734375" lon="127.02813720703125"><ele>21.399999618530273</ele><time>2026-09-10T11:20:47Z</time></trkpt><trkpt lat="37.57427978515625" lon="127.02813720703125"><ele>21.200000762939453</ele><time>2026-09-10T11:20:48Z</time></trkpt><trkpt lat="37.57426071166992" lon="127.02813720703125"><ele>21.200000762939453</ele><time>2026-09-10T11:20:49Z</time></trkpt><trkpt lat="37.57423782348633" lon="127.02813720703125"><ele>21.200000762939453</ele><time>2026-09-10T11:20:50Z</time></trkpt><trkpt lat="37.57421875" lon="127.02813720703125"><ele>21.200000762939453</ele><time>2026-09-10T11:20:51Z</time></trkpt><trkpt lat="37.57419204711914" lon="127.02813720703125"><ele>21.200000762939453</ele><time>2026-09-10T11:20:52Z</time></trkpt><trkpt lat="37.57416915893555" lon="127.02813720703125"><ele>21.200000762939453</ele><time>2026-09-10T11:20:53Z</time></trkpt><trkpt lat="37.57415008544922" lon="127.02814483642578"><ele>21.0</ele><time>2026-09-10T11:20:54Z</time></trkpt><trkpt lat="37.57412338256836" lon="127.02813720703125"><ele>21.0</ele><time>2026-09-10T11:20:55Z</time></trkpt><trkpt lat="37.5741081237793" lon="127.02814483642578"><ele>21.0</ele><time>2026-09-10T11:20:56Z</time></trkpt><trkpt lat="37.57407760620117" lon="127.02814483642578"><ele>20.799999237060547</ele><time>2026-09-10T11:20:57Z</time></trkpt><trkpt lat="37.57405090332031" lon="127.02815246582031"><ele>20.799999237060547</ele><time>2026-09-10T11:20:58Z</time></trkpt><trkpt lat="37.573978424072266" lon="127.02816009521484"><ele>20.799999237060547</ele><time>2026-09-10T11:20:59Z</time></trkpt><trkpt lat="37.573978424072266" lon="127.02814483642578"><ele>20.799999237060547</ele><time>2026-09-10T11:21:00Z</time></trkpt><trkpt lat="37.57395935058594" lon="127.02814483642578"><ele>20.799999237060547</ele><time>2026-09-10T11:21:01Z</time></trkpt><trkpt lat="37.573936462402344" lon="127.02814483642578"><ele>20.799999237060547</ele><time>2026-09-10T11:21:02Z</time></trkpt><trkpt lat="37.573917388916016" lon="127.02813720703125"><ele>20.799999237060547</ele><time>2026-09-10T11:21:03Z</time></trkpt><trkpt lat="37.57389831542969" lon="127.02813720703125"><ele>20.799999237060547</ele><time>2026-09-10T11:21:04Z</time></trkpt><trkpt lat="37.57387924194336" lon="127.02813720703125"><ele>20.799999237060547</ele><time>2026-09-10T11:21:05Z</time></trkpt><trkpt lat="37.57386016845703" lon="127.02812957763672"><ele>20.799999237060547</ele><time>2026-09-10T11:21:06Z</time></trkpt><trkpt lat="37.5738410949707" lon="127.02812957763672"><ele>20.799999237060547</ele><time>2026-09-10T11:21:07Z</time></trkpt><trkpt lat="37.573822021484375" lon="127.02812957763672"><ele>20.799999237060547</ele><time>2026-09-10T11:21:08Z</time></trkpt><trkpt lat="37.57380294799805" lon="127.02812194824219"><ele>20.799999237060547</ele><time>2026-09-10T11:21:09Z</time></trkpt><trkpt lat="37.573787689208984" lon="127.02812194824219"><ele>20.799999237060547</ele><time>2026-09-10T11:21:10Z</time></trkpt><trkpt lat="37.573760986328125" lon="127.02811431884766"><ele>20.799999237060547</ele><time>2026-09-10T11:21:11Z</time></trkpt><trkpt lat="37.57373046875" lon="127.02811431884766"><ele>20.799999237060547</ele><time>2026-09-10T11:21:12Z</time></trkpt><trkpt lat="37.57368850708008" lon="127.02812194824219"><ele>21.0</ele><time>2026-09-10T11:21:13Z</time></trkpt><trkpt lat="37.573699951171875" lon="127.02812957763672"><ele>21.0</ele><time>2026-09-10T11:21:14Z</time></trkpt><trkpt lat="37.57368087768555" lon="127.02812957763672"><ele>21.0</ele><time>2026-09-10T11:21:15Z</time></trkpt><trkpt lat="37.57365417480469" lon="127.02813720703125"><ele>21.0</ele><time>2026-09-10T11:21:16Z</time></trkpt><trkpt lat="37.57363510131836" lon="127.02813720703125"><ele>21.0</ele><time>2026-09-10T11:21:17Z</time></trkpt><trkpt lat="37.573604583740234" lon="127.02813720703125"><ele>21.0</ele><time>2026-09-10T11:21:18Z</time></trkpt><trkpt lat="37.573585510253906" lon="127.02813720703125"><ele>21.0</ele><time>2026-09-10T11:21:19Z</time></trkpt><trkpt lat="37.57356262207031" lon="127.02813720703125"><ele>21.0</ele><time>2026-09-10T11:21:20Z</time></trkpt><trkpt lat="37.57353591918945" lon="127.02812957763672"><ele>21.0</ele><time>2026-09-10T11:21:21Z</time></trkpt><trkpt lat="37.57351303100586" lon="127.02812957763672"><ele>21.0</ele><time>2026-09-10T11:21:22Z</time></trkpt><trkpt lat="37.5734977722168" lon="127.02812957763672"><ele>21.200000762939453</ele><time>2026-09-10T11:21:23Z</time></trkpt><trkpt lat="37.573486328125" lon="127.02812957763672"><ele>21.200000762939453</ele><time>2026-09-10T11:21:24Z</time></trkpt><trkpt lat="37.57347106933594" lon="127.02812957763672"><ele>21.200000762939453</ele><time>2026-09-10T11:21:25Z</time></trkpt><trkpt lat="37.57345199584961" lon="127.02812957763672"><ele>21.0</ele><time>2026-09-10T11:21:26Z</time></trkpt><trkpt lat="37.57343292236328" lon="127.02812957763672"><ele>21.0</ele><time>2026-09-10T11:21:27Z</time></trkpt><trkpt lat="37.57340621948242" lon="127.02812957763672"><ele>21.0</ele><time>2026-09-10T11:21:28Z</time></trkpt><trkpt lat="37.573387145996094" lon="127.02812957763672"><ele>21.0</ele><time>2026-09-10T11:21:29Z</time></trkpt><trkpt lat="37.5733642578125" lon="127.02812194824219"><ele>21.0</ele><time>2026-09-10T11:21:30Z</time></trkpt><trkpt lat="37.57334518432617" lon="127.02812194824219"><ele>21.0</ele><time>2026-09-10T11:21:31Z</time></trkpt><trkpt lat="37.573326110839844" lon="127.02812194824219"><ele>21.0</ele><time>2026-09-10T11:21:32Z</time></trkpt><trkpt lat="37.573299407958984" lon="127.02812194824219"><ele>21.0</ele><time>2026-09-10T11:21:33Z</time></trkpt><trkpt lat="37.57328414916992" lon="127.02811431884766"><ele>21.0</ele><time>2026-09-10T11:21:34Z</time></trkpt><trkpt lat="37.57326126098633" lon="127.02811431884766"><ele>20.799999237060547</ele><time>2026-09-10T11:21:35Z</time></trkpt><trkpt lat="37.5732421875" lon="127.02811431884766"><ele>20.799999237060547</ele><time>2026-09-10T11:21:36Z</time></trkpt><trkpt lat="37.573219299316406" lon="127.02811431884766"><ele>20.799999237060547</ele><time>2026-09-10T11:21:37Z</time></trkpt><trkpt lat="37.57319259643555" lon="127.02810668945312"><ele>20.799999237060547</ele><time>2026-09-10T11:21:38Z</time></trkpt><trkpt lat="37.57317352294922" lon="127.02810668945312"><ele>20.799999237060547</ele><time>2026-09-10T11:21:39Z</time></trkpt><trkpt lat="37.573150634765625" lon="127.02810668945312"><ele>20.799999237060547</ele><time>2026-09-10T11:21:40Z</time></trkpt><trkpt lat="37.5731315612793" lon="127.02810668945312"><ele>20.799999237060547</ele><time>2026-09-10T11:21:41Z</time></trkpt><trkpt lat="37.573116302490234" lon="127.02810668945312"><ele>20.799999237060547</ele><time>2026-09-10T11:21:42Z</time></trkpt><trkpt lat="37.573089599609375" lon="127.02810668945312"><ele>20.799999237060547</ele><time>2026-09-10T11:21:43Z</time></trkpt><trkpt lat="37.57307815551758" lon="127.0280990600586"><ele>20.799999237060547</ele><time>2026-09-10T11:21:44Z</time></trkpt><trkpt lat="37.573055267333984" lon="127.0280990600586"><ele>20.799999237060547</ele><time>2026-09-10T11:21:45Z</time></trkpt><trkpt lat="37.57304000854492" lon="127.02809143066406"><ele>20.600000381469727</ele><time>2026-09-10T11:21:46Z</time></trkpt><trkpt lat="37.57302474975586" lon="127.02809143066406"><ele>20.600000381469727</ele><time>2026-09-10T11:21:47Z</time></trkpt><trkpt lat="37.57300567626953" lon="127.02809143066406"><ele>20.600000381469727</ele><time>2026-09-10T11:21:48Z</time></trkpt><trkpt lat="37.57299041748047" lon="127.02809143066406"><ele>20.600000381469727</ele><time>2026-09-10T11:21:49Z</time></trkpt><trkpt lat="37.57297134399414" lon="127.02809143066406"><ele>20.600000381469727</ele><time>2026-09-10T11:21:50Z</time></trkpt><trkpt lat="37.57295227050781" lon="127.02808380126953"><ele>20.600000381469727</ele><time>2026-09-10T11:21:51Z</time></trkpt><trkpt lat="37.572933197021484" lon="127.02808380126953"><ele>20.600000381469727</ele><time>2026-09-10T11:21:52Z</time></trkpt><trkpt lat="37.572906494140625" lon="127.028076171875"><ele>20.600000381469727</ele><time>2026-09-10T11:21:53Z</time></trkpt><trkpt lat="37.57289505004883" lon="127.028076171875"><ele>20.600000381469727</ele><time>2026-09-10T11:21:54Z</time></trkpt><trkpt lat="37.5728759765625" lon="127.028076171875"><ele>20.600000381469727</ele><time>2026-09-10T11:21:55Z</time></trkpt><trkpt lat="37.572853088378906" lon="127.028076171875"><ele>20.600000381469727</ele><time>2026-09-10T11:21:56Z</time></trkpt><trkpt lat="37.57283401489258" lon="127.028076171875"><ele>20.600000381469727</ele><time>2026-09-10T11:21:57Z</time></trkpt><trkpt lat="37.572811126708984" lon="127.028076171875"><ele>20.600000381469727</ele><time>2026-09-10T11:21:58Z</time></trkpt><trkpt lat="37.57278823852539" lon="127.028076171875"><ele>20.600000381469727</ele><time>2026-09-10T11:21:59Z</time></trkpt><trkpt lat="37.57276153564453" lon="127.02806854248047"><ele>20.600000381469727</ele><time>2026-09-10T11:22:00Z</time></trkpt><trkpt lat="37.57273483276367" lon="127.02806091308594"><ele>20.600000381469727</ele><time>2026-09-10T11:22:01Z</time></trkpt><trkpt lat="37.572715759277344" lon="127.02804565429688"><ele>20.600000381469727</ele><time>2026-09-10T11:22:02Z</time></trkpt><trkpt lat="37.572696685791016" lon="127.02804565429688"><ele>20.600000381469727</ele><time>2026-09-10T11:22:03Z</time></trkpt><trkpt lat="37.572669982910156" lon="127.02803802490234"><ele>20.600000381469727</ele><time>2026-09-10T11:22:04Z</time></trkpt><trkpt lat="37.57265090942383" lon="127.02803802490234"><ele>20.600000381469727</ele><time>2026-09-10T11:22:05Z</time></trkpt><trkpt lat="37.572628021240234" lon="127.02803039550781"><ele>20.399999618530273</ele><time>2026-09-10T11:22:06Z</time></trkpt><trkpt lat="37.572608947753906" lon="127.02803039550781"><ele>20.399999618530273</ele><time>2026-09-10T11:22:07Z</time></trkpt><trkpt lat="37.57258987426758" lon="127.02802276611328"><ele>20.399999618530273</ele><time>2026-09-10T11:22:08Z</time></trkpt><trkpt lat="37.572566986083984" lon="127.02802276611328"><ele>20.399999618530273</ele><time>2026-09-10T11:22:09Z</time></trkpt><trkpt lat="37.572547912597656" lon="127.02802276611328"><ele>20.600000381469727</ele><time>2026-09-10T11:22:10Z</time></trkpt><trkpt lat="37.57252883911133" lon="127.02802276611328"><ele>20.600000381469727</ele><time>2026-09-10T11:22:11Z</time></trkpt><trkpt lat="37.572509765625" lon="127.02802276611328"><ele>20.600000381469727</ele><time>2026-09-10T11:22:12Z</time></trkpt><trkpt lat="37.57248306274414" lon="127.02801513671875"><ele>20.600000381469727</ele><time>2026-09-10T11:22:13Z</time></trkpt><trkpt lat="37.57246398925781" lon="127.02801513671875"><ele>20.600000381469727</ele><time>2026-09-10T11:22:14Z</time></trkpt><trkpt lat="37.57244110107422" lon="127.02800750732422"><ele>20.600000381469727</ele><time>2026-09-10T11:22:15Z</time></trkpt><trkpt lat="37.572418212890625" lon="127.02800750732422"><ele>20.600000381469727</ele><time>2026-09-10T11:22:16Z</time></trkpt><trkpt lat="37.5723991394043" lon="127.02800750732422"><ele>20.399999618530273</ele><time>2026-09-10T11:22:17Z</time></trkpt><trkpt lat="37.5723762512207" lon="127.02799987792969"><ele>20.399999618530273</ele><time>2026-09-10T11:22:18Z</time></trkpt><trkpt lat="37.572357177734375" lon="127.02799987792969"><ele>20.399999618530273</ele><time>2026-09-10T11:22:19Z</time></trkpt><trkpt lat="37.57232666015625" lon="127.02800750732422"><ele>20.399999618530273</ele><time>2026-09-10T11:22:20Z</time></trkpt><trkpt lat="37.572303771972656" lon="127.02800750732422"><ele>20.399999618530273</ele><time>2026-09-10T11:22:21Z</time></trkpt><trkpt lat="37.57228088378906" lon="127.02799987792969"><ele>20.399999618530273</ele><time>2026-09-10T11:22:22Z</time></trkpt><trkpt lat="37.572261810302734" lon="127.02799987792969"><ele>20.399999618530273</ele><time>2026-09-10T11:22:23Z</time></trkpt><trkpt lat="37.572242736816406" lon="127.02799987792969"><ele>20.399999618530273</ele><time>2026-09-10T11:22:24Z</time></trkpt><trkpt lat="37.57221984863281" lon="127.02799224853516"><ele>20.399999618530273</ele><time>2026-09-10T11:22:25Z</time></trkpt><trkpt lat="37.57218933105469" lon="127.02799224853516"><ele>20.399999618530273</ele><time>2026-09-10T11:22:26Z</time></trkpt><trkpt lat="37.572166442871094" lon="127.02799224853516"><ele>20.399999618530273</ele><time>2026-09-10T11:22:27Z</time></trkpt><trkpt lat="37.572147369384766" lon="127.02799224853516"><ele>20.399999618530273</ele><time>2026-09-10T11:22:28Z</time></trkpt><trkpt lat="37.572120666503906" lon="127.02798461914062"><ele>20.399999618530273</ele><time>2026-09-10T11:22:29Z</time></trkpt><trkpt lat="37.57210159301758" lon="127.02798461914062"><ele>20.600000381469727</ele><time>2026-09-10T11:22:30Z</time></trkpt><trkpt lat="37.57208251953125" lon="127.02798461914062"><ele>20.600000381469727</ele><time>2026-09-10T11:22:31Z</time></trkpt><trkpt lat="37.57206344604492" lon="127.0279769897461"><ele>20.600000381469727</ele><time>2026-09-10T11:22:32Z</time></trkpt><trkpt lat="37.572044372558594" lon="127.0279769897461"><ele>20.600000381469727</ele><time>2026-09-10T11:22:33Z</time></trkpt><trkpt lat="37.572017669677734" lon="127.02796936035156"><ele>20.600000381469727</ele><time>2026-09-10T11:22:34Z</time></trkpt><trkpt lat="37.571998596191406" lon="127.02796936035156"><ele>20.399999618530273</ele><time>2026-09-10T11:22:35Z</time></trkpt><trkpt lat="37.57197570800781" lon="127.02796936035156"><ele>20.200000762939453</ele><time>2026-09-10T11:22:36Z</time></trkpt><trkpt lat="37.57195281982422" lon="127.02796936035156"><ele>20.200000762939453</ele><time>2026-09-10T11:22:37Z</time></trkpt><trkpt lat="37.571929931640625" lon="127.02796173095703"><ele>20.399999618530273</ele><time>2026-09-10T11:22:38Z</time></trkpt><trkpt lat="37.5719108581543" lon="127.02796173095703"><ele>20.399999618530273</ele><time>2026-09-10T11:22:39Z</time></trkpt><trkpt lat="37.57189178466797" lon="127.0279541015625"><ele>20.399999618530273</ele><time>2026-09-10T11:22:40Z</time></trkpt><trkpt lat="37.571868896484375" lon="127.0279541015625"><ele>20.399999618530273</ele><time>2026-09-10T11:22:41Z</time></trkpt><trkpt lat="37.57185745239258" lon="127.0279541015625"><ele>20.399999618530273</ele><time>2026-09-10T11:22:42Z</time></trkpt><trkpt lat="37.571834564208984" lon="127.02794647216797"><ele>20.399999618530273</ele><time>2026-09-10T11:22:43Z</time></trkpt><trkpt lat="37.571815490722656" lon="127.02794647216797"><ele>20.399999618530273</ele><time>2026-09-10T11:22:44Z</time></trkpt><trkpt lat="37.57180404663086" lon="127.02794647216797"><ele>20.399999618530273</ele><time>2026-09-10T11:22:45Z</time></trkpt><trkpt lat="37.571781158447266" lon="127.02794647216797"><ele>20.399999618530273</ele><time>2026-09-10T11:22:46Z</time></trkpt><trkpt lat="37.57176208496094" lon="127.02794647216797"><ele>20.399999618530273</ele><time>2026-09-10T11:22:47Z</time></trkpt><trkpt lat="37.571739196777344" lon="127.02793884277344"><ele>20.399999618530273</ele><time>2026-09-10T11:22:48Z</time></trkpt><trkpt lat="37.571720123291016" lon="127.0279312133789"><ele>20.399999618530273</ele><time>2026-09-10T11:22:49Z</time></trkpt><trkpt lat="37.57169723510742" lon="127.02792358398438"><ele>20.200000762939453</ele><time>2026-09-10T11:22:50Z</time></trkpt><trkpt lat="37.57167434692383" lon="127.02791595458984"><ele>20.200000762939453</ele><time>2026-09-10T11:22:51Z</time></trkpt><trkpt lat="37.5716552734375" lon="127.02791595458984"><ele>20.200000762939453</ele><time>2026-09-10T11:22:52Z</time></trkpt><trkpt lat="37.571632385253906" lon="127.02790832519531"><ele>20.200000762939453</ele><time>2026-09-10T11:22:53Z</time></trkpt><trkpt lat="37.57161331176758" lon="127.02790832519531"><ele>20.200000762939453</ele><time>2026-09-10T11:22:54Z</time></trkpt><trkpt lat="37.57158660888672" lon="127.02789306640625"><ele>20.200000762939453</ele><time>2026-09-10T11:22:55Z</time></trkpt><trkpt lat="37.57156753540039" lon="127.02789306640625"><ele>20.200000762939453</ele><time>2026-09-10T11:22:56Z</time></trkpt><trkpt lat="37.57154846191406" lon="127.02788543701172"><ele>20.200000762939453</ele><time>2026-09-10T11:22:57Z</time></trkpt><trkpt lat="37.57152557373047" lon="127.02788543701172"><ele>20.200000762939453</ele><time>2026-09-10T11:22:58Z</time></trkpt><trkpt lat="37.571510314941406" lon="127.02788543701172"><ele>20.0</ele><time>2026-09-10T11:22:59Z</time></trkpt><trkpt lat="37.57148742675781" lon="127.02787780761719"><ele>20.0</ele><time>2026-09-10T11:23:00Z</time></trkpt><trkpt lat="37.57147216796875" lon="127.02787017822266"><ele>20.0</ele><time>2026-09-10T11:23:01Z</time></trkpt><trkpt lat="37.571449279785156" lon="127.02787017822266"><ele>20.0</ele><time>2026-09-10T11:23:02Z</time></trkpt><trkpt lat="37.571434020996094" lon="127.02787017822266"><ele>20.200000762939453</ele><time>2026-09-10T11:23:03Z</time></trkpt><trkpt lat="37.571414947509766" lon="127.02787017822266"><ele>20.200000762939453</ele><time>2026-09-10T11:23:04Z</time></trkpt><trkpt lat="37.57139587402344" lon="127.02787017822266"><ele>20.200000762939453</ele><time>2026-09-10T11:23:05Z</time></trkpt><trkpt lat="37.571380615234375" lon="127.02787017822266"><ele>20.200000762939453</ele><time>2026-09-10T11:23:06Z</time></trkpt><trkpt lat="37.57136917114258" lon="127.02787017822266"><ele>20.200000762939453</ele><time>2026-09-10T11:23:07Z</time></trkpt><trkpt lat="37.571353912353516" lon="127.02787017822266"><ele>20.399999618530273</ele><time>2026-09-10T11:23:08Z</time></trkpt><trkpt lat="37.57133865356445" lon="127.02787780761719"><ele>20.399999618530273</ele><time>2026-09-10T11:23:09Z</time></trkpt><trkpt lat="37.57130813598633" lon="127.02788543701172"><ele>20.399999618530273</ele><time>2026-09-10T11:23:10Z</time></trkpt><trkpt lat="37.571285247802734" lon="127.02789306640625"><ele>20.399999618530273</ele><time>2026-09-10T11:23:11Z</time></trkpt><trkpt lat="37.57125473022461" lon="127.02790069580078"><ele>20.200000762939453</ele><time>2026-09-10T11:23:12Z</time></trkpt><trkpt lat="37.57123565673828" lon="127.02790832519531"><ele>20.200000762939453</ele><time>2026-09-10T11:23:13Z</time></trkpt><trkpt lat="37.57120895385742" lon="127.02791595458984"><ele>20.200000762939453</ele><time>2026-09-10T11:23:14Z</time></trkpt><trkpt lat="37.57118606567383" lon="127.02792358398438"><ele>20.200000762939453</ele><time>2026-09-10T11:23:15Z</time></trkpt><trkpt lat="37.571163177490234" lon="127.0279312133789"><ele>20.200000762939453</ele><time>2026-09-10T11:23:16Z</time></trkpt><trkpt lat="37.57114028930664" lon="127.02793884277344"><ele>20.200000762939453</ele><time>2026-09-10T11:23:17Z</time></trkpt><trkpt lat="37.57112121582031" lon="127.02793884277344"><ele>20.399999618530273</ele><time>2026-09-10T11:23:18Z</time></trkpt><trkpt lat="37.571102142333984" lon="127.02793884277344"><ele>20.600000381469727</ele><time>2026-09-10T11:23:19Z</time></trkpt><trkpt lat="37.57107925415039" lon="127.02793884277344"><ele>20.799999237060547</ele><time>2026-09-10T11:23:20Z</time></trkpt><trkpt lat="37.57106399536133" lon="127.02793884277344"><ele>21.0</ele><time>2026-09-10T11:23:21Z</time></trkpt><trkpt lat="37.571041107177734" lon="127.02793884277344"><ele>21.399999618530273</ele><time>2026-09-10T11:23:22Z</time></trkpt><trkpt lat="37.57102584838867" lon="127.02793884277344"><ele>21.600000381469727</ele><time>2026-09-10T11:23:23Z</time></trkpt><trkpt lat="37.57101058959961" lon="127.02793884277344"><ele>22.0</ele><time>2026-09-10T11:23:24Z</time></trkpt><trkpt lat="37.57098388671875" lon="127.02794647216797"><ele>22.200000762939453</ele><time>2026-09-10T11:23:25Z</time></trkpt><trkpt lat="37.57096481323242" lon="127.0279541015625"><ele>22.600000381469727</ele><time>2026-09-10T11:23:26Z</time></trkpt><trkpt lat="37.57094192504883" lon="127.0279541015625"><ele>22.799999237060547</ele><time>2026-09-10T11:23:27Z</time></trkpt><trkpt lat="37.5709228515625" lon="127.0279541015625"><ele>23.0</ele><time>2026-09-10T11:23:28Z</time></trkpt><trkpt lat="37.57090759277344" lon="127.02796173095703"><ele>23.399999618530273</ele><time>2026-09-10T11:23:29Z</time></trkpt><trkpt lat="37.57087707519531" lon="127.02796173095703"><ele>23.600000381469727</ele><time>2026-09-10T11:23:30Z</time></trkpt><trkpt lat="37.57086181640625" lon="127.02796936035156"><ele>23.799999237060547</ele><time>2026-09-10T11:23:31Z</time></trkpt><trkpt lat="37.57084274291992" lon="127.02796936035156"><ele>24.0</ele><time>2026-09-10T11:23:32Z</time></trkpt><trkpt lat="37.570831298828125" lon="127.02798461914062"><ele>24.399999618530273</ele><time>2026-09-10T11:23:33Z</time></trkpt><trkpt lat="37.570823669433594" lon="127.02799224853516"><ele>24.600000381469727</ele><time>2026-09-10T11:23:34Z</time></trkpt><trkpt lat="37.5708122253418" lon="127.02800750732422"><ele>24.600000381469727</ele><time>2026-09-10T11:23:35Z</time></trkpt><trkpt lat="37.570796966552734" lon="127.02801513671875"><ele>24.799999237060547</ele><time>2026-09-10T11:23:36Z</time></trkpt><trkpt lat="37.570777893066406" lon="127.02802276611328"><ele>24.799999237060547</ele><time>2026-09-10T11:23:37Z</time></trkpt><trkpt lat="37.57075500488281" lon="127.02802276611328"><ele>24.600000381469727</ele><time>2026-09-10T11:23:38Z</time></trkpt><trkpt lat="37.570735931396484" lon="127.02801513671875"><ele>24.600000381469727</ele><time>2026-09-10T11:23:39Z</time></trkpt><trkpt lat="37.57072067260742" lon="127.02799224853516"><ele>24.399999618530273</ele><time>2026-09-10T11:23:40Z</time></trkpt><trkpt lat="37.57072448730469" lon="127.02796173095703"><ele>24.399999618530273</ele><time>2026-09-10T11:23:41Z</time></trkpt><trkpt lat="37.57072448730469" lon="127.02793884277344"><ele>24.399999618530273</ele><time>2026-09-10T11:23:42Z</time></trkpt><trkpt lat="37.57072830200195" lon="127.02790832519531"><ele>24.399999618530273</ele><time>2026-09-10T11:23:43Z</time></trkpt><trkpt lat="37.57073211669922" lon="127.02788543701172"><ele>24.399999618530273</ele><time>2026-09-10T11:23:44Z</time></trkpt><trkpt lat="37.57073974609375" lon="127.02786254882812"><ele>24.600000381469727</ele><time>2026-09-10T11:23:45Z</time></trkpt><trkpt lat="37.57075500488281" lon="127.02783203125"><ele>24.600000381469727</ele><time>2026-09-10T11:23:46Z</time></trkpt><trkpt lat="37.57076644897461" lon="127.0278091430664"><ele>24.600000381469727</ele><time>2026-09-10T11:23:47Z</time></trkpt><trkpt lat="37.570777893066406" lon="127.02778625488281"><ele>24.600000381469727</ele><time>2026-09-10T11:23:48Z</time></trkpt><trkpt lat="37.5707893371582" lon="127.02776336669922"><ele>24.600000381469727</ele><time>2026-09-10T11:23:49Z</time></trkpt><trkpt lat="37.5707893371582" lon="127.02774047851562"><ele>24.600000381469727</ele><time>2026-09-10T11:23:50Z</time></trkpt><trkpt lat="37.57080078125" lon="127.0277099609375"><ele>24.600000381469727</ele><time>2026-09-10T11:23:51Z</time></trkpt><trkpt lat="37.570804595947266" lon="127.0276870727539"><ele>24.600000381469727</ele><time>2026-09-10T11:23:52Z</time></trkpt><trkpt lat="37.5708122253418" lon="127.02765655517578"><ele>24.600000381469727</ele><time>2026-09-10T11:23:53Z</time></trkpt><trkpt lat="37.57081985473633" lon="127.02763366699219"><ele>24.600000381469727</ele><time>2026-09-10T11:23:54Z</time></trkpt><trkpt lat="37.570823669433594" lon="127.0276107788086"><ele>24.600000381469727</ele><time>2026-09-10T11:23:55Z</time></trkpt><trkpt lat="37.57082748413086" lon="127.027587890625"><ele>24.600000381469727</ele><time>2026-09-10T11:23:56Z</time></trkpt><trkpt lat="37.57082748413086" lon="127.0275650024414"><ele>24.600000381469727</ele><time>2026-09-10T11:23:57Z</time></trkpt><trkpt lat="37.570838928222656" lon="127.02753448486328"><ele>24.600000381469727</ele><time>2026-09-10T11:23:58Z</time></trkpt><trkpt lat="37.57084274291992" lon="127.02751159667969"><ele>24.399999618530273</ele><time>2026-09-10T11:23:59Z</time></trkpt><trkpt lat="37.57085037231445" lon="127.0274887084961"><ele>24.399999618530273</ele><time>2026-09-10T11:24:00Z</time></trkpt><trkpt lat="37.570858001708984" lon="127.0274658203125"><ele>24.399999618530273</ele><time>2026-09-10T11:24:01Z</time></trkpt><trkpt lat="37.570858001708984" lon="127.0274429321289"><ele>24.200000762939453</ele><time>2026-09-10T11:24:02Z</time></trkpt><trkpt lat="37.57086944580078" lon="127.02742004394531"><ele>24.200000762939453</ele><time>2026-09-10T11:24:03Z</time></trkpt><trkpt lat="37.57087326049805" lon="127.02740478515625"><ele>24.200000762939453</ele><time>2026-09-10T11:24:04Z</time></trkpt><trkpt lat="37.570884704589844" lon="127.02737426757812"><ele>24.200000762939453</ele><time>2026-09-10T11:24:05Z</time></trkpt><trkpt lat="37.570892333984375" lon="127.02735900878906"><ele>24.200000762939453</ele><time>2026-09-10T11:24:06Z</time></trkpt><trkpt lat="37.57090377807617" lon="127.02732849121094"><ele>24.200000762939453</ele><time>2026-09-10T11:24:07Z</time></trkpt><trkpt lat="37.57091522216797" lon="127.02730560302734"><ele>24.200000762939453</ele><time>2026-09-10T11:24:08Z</time></trkpt><trkpt lat="37.5709228515625" lon="127.02728271484375"><ele>24.200000762939453</ele><time>2026-09-10T11:24:09Z</time></trkpt><trkpt lat="37.57093811035156" lon="127.02725219726562"><ele>24.200000762939453</ele><time>2026-09-10T11:24:10Z</time></trkpt><trkpt lat="37.57094192504883" lon="127.02722930908203"><ele>24.200000762939453</ele><time>2026-09-10T11:24:11Z</time></trkpt><trkpt lat="37.570953369140625" lon="127.0271987915039"><ele>24.200000762939453</ele><time>2026-09-10T11:24:12Z</time></trkpt><trkpt lat="37.57096862792969" lon="127.02717590332031"><ele>24.200000762939453</ele><time>2026-09-10T11:24:13Z</time></trkpt><trkpt lat="37.57097625732422" lon="127.02715301513672"><ele>24.200000762939453</ele><time>2026-09-10T11:24:14Z</time></trkpt><trkpt lat="37.570987701416016" lon="127.0271224975586"><ele>24.200000762939453</ele><time>2026-09-10T11:24:15Z</time></trkpt><trkpt lat="37.57099151611328" lon="127.027099609375"><ele>24.200000762939453</ele><time>2026-09-10T11:24:16Z</time></trkpt><trkpt lat="37.57099914550781" lon="127.02706909179688"><ele>24.200000762939453</ele><time>2026-09-10T11:24:17Z</time></trkpt><trkpt lat="37.57100296020508" lon="127.02704620361328"><ele>24.200000762939453</ele><time>2026-09-10T11:24:18Z</time></trkpt><trkpt lat="37.571006774902344" lon="127.02701568603516"><ele>24.200000762939453</ele><time>2026-09-10T11:24:19Z</time></trkpt><trkpt lat="37.57101058959961" lon="127.02699279785156"><ele>24.200000762939453</ele><time>2026-09-10T11:24:20Z</time></trkpt><trkpt lat="37.571006774902344" lon="127.02696228027344"><ele>24.200000762939453</ele><time>2026-09-10T11:24:21Z</time></trkpt><trkpt lat="37.571006774902344" lon="127.02693176269531"><ele>24.200000762939453</ele><time>2026-09-10T11:24:22Z</time></trkpt><trkpt lat="37.571006774902344" lon="127.02691650390625"><ele>24.200000762939453</ele><time>2026-09-10T11:24:23Z</time></trkpt><trkpt lat="37.571006774902344" lon="127.02689361572266"><ele>24.200000762939453</ele><time>2026-09-10T11:24:24Z</time></trkpt><trkpt lat="37.571006774902344" lon="127.02686309814453"><ele>24.200000762939453</ele><time>2026-09-10T11:24:25Z</time></trkpt><trkpt lat="37.57093048095703" lon="127.02681732177734"><ele>24.0</ele><time>2026-09-10T11:25:08Z</time></trkpt><trkpt lat="37.570926666259766" lon="127.02681732177734"><ele>24.200000762939453</ele><time>2026-09-10T11:25:09Z</time></trkpt><trkpt lat="37.57090377807617" lon="127.02680969238281"><ele>24.200000762939453</ele><time>2026-09-10T11:25:10Z</time></trkpt><trkpt lat="37.57087707519531" lon="127.02680206298828"><ele>24.399999618530273</ele><time>2026-09-10T11:25:11Z</time></trkpt><trkpt lat="37.57085418701172" lon="127.02680206298828"><ele>24.200000762939453</ele><time>2026-09-10T11:25:12Z</time></trkpt><trkpt lat="37.570831298828125" lon="127.02679443359375"><ele>24.200000762939453</ele><time>2026-09-10T11:25:13Z</time></trkpt><trkpt lat="37.5708122253418" lon="127.02679443359375"><ele>24.200000762939453</ele><time>2026-09-10T11:25:14Z</time></trkpt><trkpt lat="37.5707893371582" lon="127.02678680419922"><ele>24.200000762939453</ele><time>2026-09-10T11:25:15Z</time></trkpt><trkpt lat="37.570770263671875" lon="127.02678680419922"><ele>24.200000762939453</ele><time>2026-09-10T11:25:16Z</time></trkpt><trkpt lat="37.57074737548828" lon="127.02678680419922"><ele>24.200000762939453</ele><time>2026-09-10T11:25:17Z</time></trkpt><trkpt lat="37.57072448730469" lon="127.02677917480469"><ele>24.200000762939453</ele><time>2026-09-10T11:25:18Z</time></trkpt><trkpt lat="37.570709228515625" lon="127.02677154541016"><ele>24.399999618530273</ele><time>2026-09-10T11:25:19Z</time></trkpt><trkpt lat="37.570682525634766" lon="127.0267562866211"><ele>24.399999618530273</ele><time>2026-09-10T11:25:20Z</time></trkpt><trkpt lat="37.57067108154297" lon="127.02674865722656"><ele>24.399999618530273</ele><time>2026-09-10T11:25:21Z</time></trkpt><trkpt lat="37.570655822753906" lon="127.02674102783203"><ele>24.399999618530273</ele><time>2026-09-10T11:25:22Z</time></trkpt><trkpt lat="37.57063674926758" lon="127.02672576904297"><ele>24.399999618530273</ele><time>2026-09-10T11:25:23Z</time></trkpt><trkpt lat="37.57061767578125" lon="127.02672576904297"><ele>24.399999618530273</ele><time>2026-09-10T11:25:24Z</time></trkpt><trkpt lat="37.57059860229492" lon="127.0267105102539"><ele>24.399999618530273</ele><time>2026-09-10T11:25:25Z</time></trkpt><trkpt lat="37.57058334350586" lon="127.0267105102539"><ele>24.399999618530273</ele><time>2026-09-10T11:25:26Z</time></trkpt><trkpt lat="37.57056427001953" lon="127.02670288085938"><ele>24.200000762939453</ele><time>2026-09-10T11:25:27Z</time></trkpt><trkpt lat="37.570556640625" lon="127.02669525146484"><ele>24.200000762939453</ele><time>2026-09-10T11:25:28Z</time></trkpt><trkpt lat="37.5705451965332" lon="127.02670288085938"><ele>24.200000762939453</ele><time>2026-09-10T11:25:29Z</time></trkpt><trkpt lat="37.5705451965332" lon="127.02671813964844"><ele>24.200000762939453</ele><time>2026-09-10T11:25:30Z</time></trkpt><trkpt lat="37.57054138183594" lon="127.02674865722656"><ele>24.200000762939453</ele><time>2026-09-10T11:25:31Z</time></trkpt><trkpt lat="37.57054138183594" lon="127.02676391601562"><ele>24.0</ele><time>2026-09-10T11:25:32Z</time></trkpt><trkpt lat="37.57053756713867" lon="127.02678680419922"><ele>24.200000762939453</ele><time>2026-09-10T11:25:33Z</time></trkpt><trkpt lat="37.570533752441406" lon="127.02680206298828"><ele>24.200000762939453</ele><time>2026-09-10T11:25:34Z</time></trkpt><trkpt lat="37.57052993774414" lon="127.02682495117188"><ele>24.0</ele><time>2026-09-10T11:25:35Z</time></trkpt><trkpt lat="37.570526123046875" lon="127.02684783935547"><ele>24.0</ele><time>2026-09-10T11:25:36Z</time></trkpt><trkpt lat="37.570526123046875" lon="127.02687072753906"><ele>23.799999237060547</ele><time>2026-09-10T11:25:37Z</time></trkpt><trkpt lat="37.57052230834961" lon="127.02689361572266"><ele>23.600000381469727</ele><time>2026-09-10T11:25:38Z</time></trkpt><trkpt lat="37.570518493652344" lon="127.02691650390625"><ele>23.399999618530273</ele><time>2026-09-10T11:25:39Z</time></trkpt><trkpt lat="37.57051086425781" lon="127.02693939208984"><ele>23.200000762939453</ele><time>2026-09-10T11:25:40Z</time></trkpt><trkpt lat="37.57051086425781" lon="127.0269546508789"><ele>23.200000762939453</ele><time>2026-09-10T11:25:41Z</time></trkpt><trkpt lat="37.57050323486328" lon="127.0269775390625"><ele>23.200000762939453</ele><time>2026-09-10T11:25:42Z</time></trkpt><trkpt lat="37.57049560546875" lon="127.02699279785156"><ele>23.200000762939453</ele><time>2026-09-10T11:25:43Z</time></trkpt><trkpt lat="37.57049560546875" lon="127.02700805664062"><ele>23.0</ele><time>2026-09-10T11:25:44Z</time></trkpt><trkpt lat="37.57049560546875" lon="127.02703094482422"><ele>22.799999237060547</ele><time>2026-09-10T11:25:45Z</time></trkpt><trkpt lat="37.570491790771484" lon="127.02704620361328"><ele>22.600000381469727</ele><time>2026-09-10T11:25:46Z</time></trkpt><trkpt lat="37.570491790771484" lon="127.02706909179688"><ele>22.399999618530273</ele><time>2026-09-10T11:25:47Z</time></trkpt><trkpt lat="37.57048416137695" lon="127.02708435058594"><ele>22.0</ele><time>2026-09-10T11:25:48Z</time></trkpt><trkpt lat="37.57048034667969" lon="127.027099609375"><ele>22.0</ele><time>2026-09-10T11:25:49Z</time></trkpt><trkpt lat="37.57048034667969" lon="127.0271224975586"><ele>21.799999237060547</ele><time>2026-09-10T11:25:50Z</time></trkpt><trkpt lat="37.570472717285156" lon="127.02714538574219"><ele>21.600000381469727</ele><time>2026-09-10T11:25:51Z</time></trkpt><trkpt lat="37.57046890258789" lon="127.02716064453125"><ele>21.600000381469727</ele><time>2026-09-10T11:25:52Z</time></trkpt><trkpt lat="37.57046127319336" lon="127.02717590332031"><ele>21.399999618530273</ele><time>2026-09-10T11:25:53Z</time></trkpt><trkpt lat="37.57045364379883" lon="127.02720642089844"><ele>21.399999618530273</ele><time>2026-09-10T11:25:54Z</time></trkpt><trkpt lat="37.5704460144043" lon="127.0272216796875"><ele>21.200000762939453</ele><time>2026-09-10T11:25:55Z</time></trkpt><trkpt lat="37.57044219970703" lon="127.0272445678711"><ele>21.200000762939453</ele><time>2026-09-10T11:25:56Z</time></trkpt><trkpt lat="37.5704345703125" lon="127.02725982666016"><ele>21.0</ele><time>2026-09-10T11:25:57Z</time></trkpt><trkpt lat="37.5704345703125" lon="127.02728271484375"><ele>21.0</ele><time>2026-09-10T11:25:58Z</time></trkpt><trkpt lat="37.57042694091797" lon="127.02730560302734"><ele>20.799999237060547</ele><time>2026-09-10T11:25:59Z</time></trkpt><trkpt lat="37.5704231262207" lon="127.0273208618164"><ele>20.600000381469727</ele><time>2026-09-10T11:26:00Z</time></trkpt><trkpt lat="37.570411682128906" lon="127.02734375"><ele>20.399999618530273</ele><time>2026-09-10T11:26:01Z</time></trkpt><trkpt lat="37.57040786743164" lon="127.0273666381836"><ele>20.399999618530273</ele><time>2026-09-10T11:26:02Z</time></trkpt><trkpt lat="37.57040786743164" lon="127.02738952636719"><ele>20.200000762939453</ele><time>2026-09-10T11:26:03Z</time></trkpt><trkpt lat="37.57040023803711" lon="127.02741241455078"><ele>20.0</ele><time>2026-09-10T11:26:04Z</time></trkpt><trkpt lat="37.570396423339844" lon="127.02742767333984"><ele>19.799999237060547</ele><time>2026-09-10T11:26:05Z</time></trkpt><trkpt lat="37.57038879394531" lon="127.02745056152344"><ele>19.799999237060547</ele><time>2026-09-10T11:26:06Z</time></trkpt><trkpt lat="37.57038497924805" lon="127.0274658203125"><ele>19.600000381469727</ele><time>2026-09-10T11:26:07Z</time></trkpt><trkpt lat="37.57038497924805" lon="127.0274887084961"><ele>19.399999618530273</ele><time>2026-09-10T11:26:08Z</time></trkpt><trkpt lat="37.570377349853516" lon="127.02751159667969"><ele>19.200000762939453</ele><time>2026-09-10T11:26:09Z</time></trkpt><trkpt lat="37.570377349853516" lon="127.02753448486328"><ele>19.200000762939453</ele><time>2026-09-10T11:26:10Z</time></trkpt><trkpt lat="37.57036209106445" lon="127.0275650024414"><ele>19.0</ele><time>2026-09-10T11:26:11Z</time></trkpt><trkpt lat="37.570350646972656" lon="127.027587890625"><ele>18.799999237060547</ele><time>2026-09-10T11:26:12Z</time></trkpt><trkpt lat="37.570343017578125" lon="127.0276107788086"><ele>18.600000381469727</ele><time>2026-09-10T11:26:13Z</time></trkpt><trkpt lat="37.57033920288086" lon="127.02763366699219"><ele>18.600000381469727</ele><time>2026-09-10T11:26:14Z</time></trkpt><trkpt lat="37.570343017578125" lon="127.02765655517578"><ele>18.399999618530273</ele><time>2026-09-10T11:26:15Z</time></trkpt><trkpt lat="37.570335388183594" lon="127.0276870727539"><ele>18.399999618530273</ele><time>2026-09-10T11:26:16Z</time></trkpt><trkpt lat="37.57033157348633" lon="127.0277099609375"><ele>18.399999618530273</ele><time>2026-09-10T11:26:17Z</time></trkpt><trkpt lat="37.5703239440918" lon="127.0277328491211"><ele>18.399999618530273</ele><time>2026-09-10T11:26:18Z</time></trkpt><trkpt lat="37.570316314697266" lon="127.02775573730469"><ele>18.399999618530273</ele><time>2026-09-10T11:26:19Z</time></trkpt><trkpt lat="37.5703125" lon="127.02777862548828"><ele>18.399999618530273</ele><time>2026-09-10T11:26:20Z</time></trkpt><trkpt lat="37.570308685302734" lon="127.0278091430664"><ele>18.399999618530273</ele><time>2026-09-10T11:26:21Z</time></trkpt><trkpt lat="37.57030487060547" lon="127.02783203125"><ele>18.399999618530273</ele><time>2026-09-10T11:26:22Z</time></trkpt><trkpt lat="37.5703010559082" lon="127.02786254882812"><ele>18.399999618530273</ele><time>2026-09-10T11:26:23Z</time></trkpt><trkpt lat="37.57029342651367" lon="127.02789306640625"><ele>18.399999618530273</ele><time>2026-09-10T11:26:24Z</time></trkpt><trkpt lat="37.57029342651367" lon="127.02791595458984"><ele>18.399999618530273</ele><time>2026-09-10T11:26:25Z</time></trkpt><trkpt lat="37.570289611816406" lon="127.02794647216797"><ele>18.399999618530273</ele><time>2026-09-10T11:26:26Z</time></trkpt><trkpt lat="37.570281982421875" lon="127.02796936035156"><ele>18.399999618530273</ele><time>2026-09-10T11:26:27Z</time></trkpt><trkpt lat="37.57026672363281" lon="127.02799987792969"><ele>18.200000762939453</ele><time>2026-09-10T11:26:28Z</time></trkpt><trkpt lat="37.57025909423828" lon="127.02801513671875"><ele>18.200000762939453</ele><time>2026-09-10T11:26:29Z</time></trkpt><trkpt lat="37.57025146484375" lon="127.02803802490234"><ele>18.399999618530273</ele><time>2026-09-10T11:26:30Z</time></trkpt><trkpt lat="37.57024383544922" lon="127.02806854248047"><ele>18.399999618530273</ele><time>2026-09-10T11:26:31Z</time></trkpt><trkpt lat="37.57024002075195" lon="127.02808380126953"><ele>18.399999618530273</ele><time>2026-09-10T11:26:32Z</time></trkpt><trkpt lat="37.570228576660156" lon="127.02811431884766"><ele>18.399999618530273</ele><time>2026-09-10T11:26:33Z</time></trkpt><trkpt lat="37.57022476196289" lon="127.02813720703125"><ele>18.399999618530273</ele><time>2026-09-10T11:26:34Z</time></trkpt><trkpt lat="37.570220947265625" lon="127.02815246582031"><ele>18.200000762939453</ele><time>2026-09-10T11:26:35Z</time></trkpt><trkpt lat="37.570213317871094" lon="127.0281753540039"><ele>18.200000762939453</ele><time>2026-09-10T11:26:36Z</time></trkpt><trkpt lat="37.570213317871094" lon="127.0281982421875"><ele>18.200000762939453</ele><time>2026-09-10T11:26:37Z</time></trkpt><trkpt lat="37.57020568847656" lon="127.02822875976562"><ele>18.200000762939453</ele><time>2026-09-10T11:26:38Z</time></trkpt><trkpt lat="37.570194244384766" lon="127.02824401855469"><ele>18.200000762939453</ele><time>2026-09-10T11:26:39Z</time></trkpt><trkpt lat="37.570186614990234" lon="127.02826690673828"><ele>18.399999618530273</ele><time>2026-09-10T11:26:40Z</time></trkpt><trkpt lat="37.570186614990234" lon="127.0282974243164"><ele>18.200000762939453</ele><time>2026-09-10T11:26:41Z</time></trkpt><trkpt lat="37.5701789855957" lon="127.0283203125"><ele>18.200000762939453</ele><time>2026-09-10T11:26:42Z</time></trkpt><trkpt lat="37.57017135620117" lon="127.0283432006836"><ele>18.200000762939453</ele><time>2026-09-10T11:26:43Z</time></trkpt><trkpt lat="37.570167541503906" lon="127.02836608886719"><ele>18.200000762939453</ele><time>2026-09-10T11:26:44Z</time></trkpt><trkpt lat="37.57016372680664" lon="127.02838897705078"><ele>18.200000762939453</ele><time>2026-09-10T11:26:45Z</time></trkpt><trkpt lat="37.57015609741211" lon="127.02841186523438"><ele>18.200000762939453</ele><time>2026-09-10T11:26:46Z</time></trkpt><trkpt lat="37.57014846801758" lon="127.02843475341797"><ele>18.200000762939453</ele><time>2026-09-10T11:26:47Z</time></trkpt><trkpt lat="37.57014465332031" lon="127.0284652709961"><ele>18.200000762939453</ele><time>2026-09-10T11:26:48Z</time></trkpt><trkpt lat="37.57014083862305" lon="127.02848052978516"><ele>18.399999618530273</ele><time>2026-09-10T11:26:49Z</time></trkpt><trkpt lat="37.570133209228516" lon="127.02851104736328"><ele>18.399999618530273</ele><time>2026-09-10T11:26:50Z</time></trkpt><trkpt lat="37.570125579833984" lon="127.02853393554688"><ele>18.399999618530273</ele><time>2026-09-10T11:26:51Z</time></trkpt><trkpt lat="37.57011795043945" lon="127.02855682373047"><ele>18.399999618530273</ele><time>2026-09-10T11:26:52Z</time></trkpt><trkpt lat="37.57011032104492" lon="127.0285873413086"><ele>18.399999618530273</ele><time>2026-09-10T11:26:53Z</time></trkpt><trkpt lat="37.57010269165039" lon="127.02861022949219"><ele>18.399999618530273</ele><time>2026-09-10T11:26:54Z</time></trkpt><trkpt lat="37.57009506225586" lon="127.02863311767578"><ele>18.399999618530273</ele><time>2026-09-10T11:26:55Z</time></trkpt><trkpt lat="37.57008743286133" lon="127.02865600585938"><ele>18.399999618530273</ele><time>2026-09-10T11:26:56Z</time></trkpt><trkpt lat="37.57008361816406" lon="127.02867889404297"><ele>18.399999618530273</ele><time>2026-09-10T11:26:57Z</time></trkpt><trkpt lat="37.57007598876953" lon="127.02870178222656"><ele>18.399999618530273</ele><time>2026-09-10T11:26:58Z</time></trkpt><trkpt lat="37.570068359375" lon="127.02872467041016"><ele>18.399999618530273</ele><time>2026-09-10T11:26:59Z</time></trkpt><trkpt lat="37.570064544677734" lon="127.02875518798828"><ele>18.399999618530273</ele><time>2026-09-10T11:27:00Z</time></trkpt><trkpt lat="37.5700569152832" lon="127.02877807617188"><ele>18.200000762939453</ele><time>2026-09-10T11:27:01Z</time></trkpt><trkpt lat="37.57004928588867" lon="127.02880096435547"><ele>18.200000762939453</ele><time>2026-09-10T11:27:02Z</time></trkpt><trkpt lat="37.57004928588867" lon="127.02882385253906"><ele>18.200000762939453</ele><time>2026-09-10T11:27:03Z</time></trkpt><trkpt lat="37.570045471191406" lon="127.02885437011719"><ele>18.200000762939453</ele><time>2026-09-10T11:27:04Z</time></trkpt><trkpt lat="37.570037841796875" lon="127.02886962890625"><ele>18.200000762939453</ele><time>2026-09-10T11:27:05Z</time></trkpt><trkpt lat="37.57002639770508" lon="127.02889251708984"><ele>18.200000762939453</ele><time>2026-09-10T11:27:06Z</time></trkpt><trkpt lat="37.57001876831055" lon="127.02891540527344"><ele>18.200000762939453</ele><time>2026-09-10T11:27:07Z</time></trkpt><trkpt lat="37.57001876831055" lon="127.0289306640625"><ele>18.200000762939453</ele><time>2026-09-10T11:27:08Z</time></trkpt><trkpt lat="37.570011138916016" lon="127.02896118164062"><ele>18.200000762939453</ele><time>2026-09-10T11:27:09Z</time></trkpt><trkpt lat="37.57000732421875" lon="127.02898406982422"><ele>18.200000762939453</ele><time>2026-09-10T11:27:10Z</time></trkpt><trkpt lat="37.56999969482422" lon="127.02900695800781"><ele>18.399999618530273</ele><time>2026-09-10T11:27:11Z</time></trkpt><trkpt lat="37.56999588012695" lon="127.02903747558594"><ele>18.399999618530273</ele><time>2026-09-10T11:27:12Z</time></trkpt><trkpt lat="37.56998825073242" lon="127.02906036376953"><ele>18.399999618530273</ele><time>2026-09-10T11:27:13Z</time></trkpt><trkpt lat="37.569984436035156" lon="127.02909088134766"><ele>18.399999618530273</ele><time>2026-09-10T11:27:14Z</time></trkpt><trkpt lat="37.56998062133789" lon="127.02911376953125"><ele>18.200000762939453</ele><time>2026-09-10T11:27:15Z</time></trkpt><trkpt lat="37.569969177246094" lon="127.02914428710938"><ele>18.200000762939453</ele><time>2026-09-10T11:27:16Z</time></trkpt><trkpt lat="37.5699577331543" lon="127.02916717529297"><ele>18.200000762939453</ele><time>2026-09-10T11:27:17Z</time></trkpt><trkpt lat="37.5699462890625" lon="127.02918243408203"><ele>18.200000762939453</ele><time>2026-09-10T11:27:18Z</time></trkpt><trkpt lat="37.56993865966797" lon="127.02921295166016"><ele>18.200000762939453</ele><time>2026-09-10T11:27:19Z</time></trkpt><trkpt lat="37.56993865966797" lon="127.02923583984375"><ele>18.200000762939453</ele><time>2026-09-10T11:27:20Z</time></trkpt><trkpt lat="37.5699348449707" lon="127.02925872802734"><ele>18.200000762939453</ele><time>2026-09-10T11:27:21Z</time></trkpt><trkpt lat="37.5699348449707" lon="127.0292739868164"><ele>18.200000762939453</ele><time>2026-09-10T11:27:22Z</time></trkpt><trkpt lat="37.56992721557617" lon="127.029296875"><ele>18.200000762939453</ele><time>2026-09-10T11:27:23Z</time></trkpt><trkpt lat="37.56991958618164" lon="127.0293197631836"><ele>18.200000762939453</ele><time>2026-09-10T11:27:24Z</time></trkpt><trkpt lat="37.56991195678711" lon="127.02935028076172"><ele>18.200000762939453</ele><time>2026-09-10T11:27:25Z</time></trkpt><trkpt lat="37.56990051269531" lon="127.02937316894531"><ele>18.200000762939453</ele><time>2026-09-10T11:27:26Z</time></trkpt><trkpt lat="37.56989288330078" lon="127.0293960571289"><ele>18.200000762939453</ele><time>2026-09-10T11:27:27Z</time></trkpt><trkpt lat="37.569881439208984" lon="127.02942657470703"><ele>18.200000762939453</ele><time>2026-09-10T11:27:28Z</time></trkpt><trkpt lat="37.56986999511719" lon="127.02944946289062"><ele>18.200000762939453</ele><time>2026-09-10T11:27:29Z</time></trkpt><trkpt lat="37.569862365722656" lon="127.02946472167969"><ele>18.200000762939453</ele><time>2026-09-10T11:27:30Z</time></trkpt><trkpt lat="37.56985092163086" lon="127.02949523925781"><ele>18.200000762939453</ele><time>2026-09-10T11:27:31Z</time></trkpt><trkpt lat="37.569847106933594" lon="127.0295181274414"><ele>18.200000762939453</ele><time>2026-09-10T11:27:32Z</time></trkpt><trkpt lat="37.5698356628418" lon="127.02954864501953"><ele>18.0</ele><time>2026-09-10T11:27:33Z</time></trkpt><trkpt lat="37.569828033447266" lon="127.0295639038086"><ele>18.0</ele><time>2026-09-10T11:27:34Z</time></trkpt><trkpt lat="37.56981658935547" lon="127.02958679199219"><ele>18.0</ele><time>2026-09-10T11:27:35Z</time></trkpt><trkpt lat="37.56980895996094" lon="127.02960968017578"><ele>18.0</ele><time>2026-09-10T11:27:36Z</time></trkpt><trkpt lat="37.56980514526367" lon="127.02963256835938"><ele>18.0</ele><time>2026-09-10T11:27:37Z</time></trkpt><trkpt lat="37.56979751586914" lon="127.0296630859375"><ele>18.0</ele><time>2026-09-10T11:27:38Z</time></trkpt><trkpt lat="37.569786071777344" lon="127.0296859741211"><ele>18.0</ele><time>2026-09-10T11:27:39Z</time></trkpt><trkpt lat="37.56977462768555" lon="127.02971649169922"><ele>18.0</ele><time>2026-09-10T11:27:40Z</time></trkpt><trkpt lat="37.56977462768555" lon="127.02973175048828"><ele>18.0</ele><time>2026-09-10T11:27:41Z</time></trkpt><trkpt lat="37.56976318359375" lon="127.0297622680664"><ele>18.0</ele><time>2026-09-10T11:27:42Z</time></trkpt><trkpt lat="37.56975555419922" lon="127.02979278564453"><ele>18.0</ele><time>2026-09-10T11:27:43Z</time></trkpt><trkpt lat="37.569759368896484" lon="127.02981567382812"><ele>18.0</ele><time>2026-09-10T11:27:44Z</time></trkpt><trkpt lat="37.56975173950195" lon="127.02984619140625"><ele>18.200000762939453</ele><time>2026-09-10T11:27:45Z</time></trkpt><trkpt lat="37.56975173950195" lon="127.02987670898438"><ele>18.200000762939453</ele><time>2026-09-10T11:27:46Z</time></trkpt><trkpt lat="37.56974411010742" lon="127.02989959716797"><ele>18.200000762939453</ele><time>2026-09-10T11:27:47Z</time></trkpt><trkpt lat="37.56974411010742" lon="127.0299301147461"><ele>18.200000762939453</ele><time>2026-09-10T11:27:48Z</time></trkpt><trkpt lat="37.569740295410156" lon="127.02995300292969"><ele>18.0</ele><time>2026-09-10T11:27:49Z</time></trkpt><trkpt lat="37.56973648071289" lon="127.02997589111328"><ele>18.0</ele><time>2026-09-10T11:27:50Z</time></trkpt><trkpt lat="37.56973648071289" lon="127.02999877929688"><ele>18.0</ele><time>2026-09-10T11:27:51Z</time></trkpt><trkpt lat="37.56972885131836" lon="127.03002166748047"><ele>18.0</ele><time>2026-09-10T11:27:52Z</time></trkpt><trkpt lat="37.56972885131836" lon="127.0300521850586"><ele>18.0</ele><time>2026-09-10T11:27:53Z</time></trkpt><trkpt lat="37.56973648071289" lon="127.03008270263672"><ele>18.0</ele><time>2026-09-10T11:27:54Z</time></trkpt><trkpt lat="37.56975173950195" lon="127.03011322021484"><ele>18.200000762939453</ele><time>2026-09-10T11:27:55Z</time></trkpt><trkpt lat="37.569766998291016" lon="127.03014373779297"><ele>18.200000762939453</ele><time>2026-09-10T11:27:56Z</time></trkpt><trkpt lat="37.569766998291016" lon="127.0301742553711"><ele>18.200000762939453</ele><time>2026-09-10T11:27:57Z</time></trkpt><trkpt lat="37.56977081298828" lon="127.03019714355469"><ele>18.200000762939453</ele><time>2026-09-10T11:27:58Z</time></trkpt><trkpt lat="37.56976318359375" lon="127.03021240234375"><ele>18.200000762939453</ele><time>2026-09-10T11:27:59Z</time></trkpt><trkpt lat="37.569759368896484" lon="127.03022766113281"><ele>18.0</ele><time>2026-09-10T11:28:00Z</time></trkpt><trkpt lat="37.569759368896484" lon="127.03024291992188"><ele>18.0</ele><time>2026-09-10T11:28:01Z</time></trkpt><trkpt lat="37.56975555419922" lon="127.03025817871094"><ele>18.200000762939453</ele><time>2026-09-10T11:28:02Z</time></trkpt><trkpt lat="37.569759368896484" lon="127.0302734375"><ele>18.200000762939453</ele><time>2026-09-10T11:28:03Z</time></trkpt><trkpt lat="37.56976318359375" lon="127.0302963256836"><ele>18.200000762939453</ele><time>2026-09-10T11:28:04Z</time></trkpt><trkpt lat="37.56977081298828" lon="127.03031158447266"><ele>18.399999618530273</ele><time>2026-09-10T11:28:05Z</time></trkpt><trkpt lat="37.56977462768555" lon="127.03032684326172"><ele>18.399999618530273</ele><time>2026-09-10T11:28:06Z</time></trkpt><trkpt lat="37.56978225708008" lon="127.03034210205078"><ele>18.200000762939453</ele><time>2026-09-10T11:28:07Z</time></trkpt><trkpt lat="37.569793701171875" lon="127.03036499023438"><ele>18.200000762939453</ele><time>2026-09-10T11:28:08Z</time></trkpt><trkpt lat="37.56979751586914" lon="127.0303955078125"><ele>18.200000762939453</ele><time>2026-09-10T11:28:09Z</time></trkpt><trkpt lat="37.56980895996094" lon="127.03043365478516"><ele>18.399999618530273</ele><time>2026-09-10T11:28:10Z</time></trkpt><trkpt lat="37.56979751586914" lon="127.03046417236328"><ele>18.200000762939453</ele><time>2026-09-10T11:28:11Z</time></trkpt><trkpt lat="37.56977844238281" lon="127.03050231933594"><ele>18.200000762939453</ele><time>2026-09-10T11:28:12Z</time></trkpt><trkpt lat="37.56977462768555" lon="127.0305404663086"><ele>18.200000762939453</ele><time>2026-09-10T11:28:13Z</time></trkpt><trkpt lat="37.56977081298828" lon="127.03057861328125"><ele>18.200000762939453</ele><time>2026-09-10T11:28:14Z</time></trkpt><trkpt lat="37.569766998291016" lon="127.03060150146484"><ele>18.0</ele><time>2026-09-10T11:28:15Z</time></trkpt><trkpt lat="37.569766998291016" lon="127.0306396484375"><ele>18.0</ele><time>2026-09-10T11:28:16Z</time></trkpt><trkpt lat="37.569766998291016" lon="127.03067016601562"><ele>18.0</ele><time>2026-09-10T11:28:17Z</time></trkpt><trkpt lat="37.56976318359375" lon="127.03069305419922"><ele>18.0</ele><time>2026-09-10T11:28:18Z</time></trkpt><trkpt lat="37.56975555419922" lon="127.03072357177734"><ele>18.0</ele><time>2026-09-10T11:28:19Z</time></trkpt><trkpt lat="37.56974792480469" lon="127.03074645996094"><ele>18.0</ele><time>2026-09-10T11:28:20Z</time></trkpt><trkpt lat="37.56974411010742" lon="127.03077697753906"><ele>18.0</ele><time>2026-09-10T11:28:21Z</time></trkpt><trkpt lat="37.569740295410156" lon="127.03079986572266"><ele>18.0</ele><time>2026-09-10T11:28:22Z</time></trkpt><trkpt lat="37.56973648071289" lon="127.03081512451172"><ele>18.0</ele><time>2026-09-10T11:28:23Z</time></trkpt><trkpt lat="37.569732666015625" lon="127.03084564208984"><ele>18.0</ele><time>2026-09-10T11:28:24Z</time></trkpt><trkpt lat="37.56972885131836" lon="127.03087615966797"><ele>18.0</ele><time>2026-09-10T11:28:25Z</time></trkpt><trkpt lat="37.569725036621094" lon="127.0309066772461"><ele>17.799999237060547</ele><time>2026-09-10T11:28:26Z</time></trkpt><trkpt lat="37.56972122192383" lon="127.03092193603516"><ele>17.799999237060547</ele><time>2026-09-10T11:28:27Z</time></trkpt><trkpt lat="37.56971740722656" lon="127.03095245361328"><ele>17.799999237060547</ele><time>2026-09-10T11:28:28Z</time></trkpt><trkpt lat="37.56971740722656" lon="127.03097534179688"><ele>17.799999237060547</ele><time>2026-09-10T11:28:29Z</time></trkpt><trkpt lat="37.56971740722656" lon="127.03099822998047"><ele>17.799999237060547</ele><time>2026-09-10T11:28:30Z</time></trkpt><trkpt lat="37.56970977783203" lon="127.03102111816406"><ele>17.799999237060547</ele><time>2026-09-10T11:28:31Z</time></trkpt><trkpt lat="37.56970977783203" lon="127.03104400634766"><ele>17.799999237060547</ele><time>2026-09-10T11:28:32Z</time></trkpt><trkpt lat="37.56970977783203" lon="127.03108215332031"><ele>17.799999237060547</ele><time>2026-09-10T11:28:33Z</time></trkpt><trkpt lat="37.569705963134766" lon="127.03109741210938"><ele>17.799999237060547</ele><time>2026-09-10T11:28:34Z</time></trkpt><trkpt lat="37.5697021484375" lon="127.03112030029297"><ele>17.799999237060547</ele><time>2026-09-10T11:28:35Z</time></trkpt><trkpt lat="37.569698333740234" lon="127.0311508178711"><ele>17.799999237060547</ele><time>2026-09-10T11:28:36Z</time></trkpt><trkpt lat="37.5697021484375" lon="127.03117370605469"><ele>18.0</ele><time>2026-09-10T11:28:37Z</time></trkpt><trkpt lat="37.5697021484375" lon="127.03120422363281"><ele>18.0</ele><time>2026-09-10T11:28:38Z</time></trkpt><trkpt lat="37.569705963134766" lon="127.03121948242188"><ele>17.799999237060547</ele><time>2026-09-10T11:28:39Z</time></trkpt><trkpt lat="37.5697021484375" lon="127.03124237060547"><ele>17.799999237060547</ele><time>2026-09-10T11:28:40Z</time></trkpt><trkpt lat="37.5697021484375" lon="127.0312728881836"><ele>17.799999237060547</ele><time>2026-09-10T11:28:41Z</time></trkpt><trkpt lat="37.569698333740234" lon="127.03130340576172"><ele>17.799999237060547</ele><time>2026-09-10T11:28:42Z</time></trkpt><trkpt lat="37.5697021484375" lon="127.03133392333984"><ele>17.799999237060547</ele><time>2026-09-10T11:28:43Z</time></trkpt><trkpt lat="37.569698333740234" lon="127.03135681152344"><ele>18.0</ele><time>2026-09-10T11:28:44Z</time></trkpt><trkpt lat="37.569698333740234" lon="127.03138732910156"><ele>18.0</ele><time>2026-09-10T11:28:45Z</time></trkpt><trkpt lat="37.569698333740234" lon="127.03141021728516"><ele>18.0</ele><time>2026-09-10T11:28:46Z</time></trkpt><trkpt lat="37.5697021484375" lon="127.03143310546875"><ele>18.0</ele><time>2026-09-10T11:28:47Z</time></trkpt><trkpt lat="37.569705963134766" lon="127.03146362304688"><ele>18.200000762939453</ele><time>2026-09-10T11:28:48Z</time></trkpt><trkpt lat="37.569705963134766" lon="127.03147888183594"><ele>18.200000762939453</ele><time>2026-09-10T11:28:49Z</time></trkpt><trkpt lat="37.569705963134766" lon="127.031494140625"><ele>18.0</ele><time>2026-09-10T11:28:50Z</time></trkpt><trkpt lat="37.569705963134766" lon="127.03152465820312"><ele>18.0</ele><time>2026-09-10T11:28:51Z</time></trkpt><trkpt lat="37.56970977783203" lon="127.03154754638672"><ele>18.0</ele><time>2026-09-10T11:28:52Z</time></trkpt><trkpt lat="37.56970977783203" lon="127.03157806396484"><ele>18.0</ele><time>2026-09-10T11:28:53Z</time></trkpt><trkpt lat="37.5697135925293" lon="127.03160095214844"><ele>18.0</ele><time>2026-09-10T11:28:54Z</time></trkpt><trkpt lat="37.56971740722656" lon="127.03162384033203"><ele>18.0</ele><time>2026-09-10T11:28:55Z</time></trkpt><trkpt lat="37.569725036621094" lon="127.03164672851562"><ele>18.0</ele><time>2026-09-10T11:28:56Z</time></trkpt><trkpt lat="37.569725036621094" lon="127.03166961669922"><ele>18.200000762939453</ele><time>2026-09-10T11:28:57Z</time></trkpt><trkpt lat="37.569732666015625" lon="127.03170013427734"><ele>18.200000762939453</ele><time>2026-09-10T11:28:58Z</time></trkpt><trkpt lat="37.56973648071289" lon="127.03172302246094"><ele>18.200000762939453</ele><time>2026-09-10T11:28:59Z</time></trkpt><trkpt lat="37.56974411010742" lon="127.03174591064453"><ele>18.200000762939453</ele><time>2026-09-10T11:29:00Z</time></trkpt><trkpt lat="37.56974792480469" lon="127.0317611694336"><ele>18.0</ele><time>2026-09-10T11:29:01Z</time></trkpt><trkpt lat="37.569759368896484" lon="127.03179168701172"><ele>18.0</ele><time>2026-09-10T11:29:02Z</time></trkpt><trkpt lat="37.56976318359375" lon="127.03180694580078"><ele>18.0</ele><time>2026-09-10T11:29:03Z</time></trkpt><trkpt lat="37.56977462768555" lon="127.03182983398438"><ele>18.200000762939453</ele><time>2026-09-10T11:29:04Z</time></trkpt><trkpt lat="37.56978225708008" lon="127.03186798095703"><ele>18.200000762939453</ele><time>2026-09-10T11:29:05Z</time></trkpt><trkpt lat="37.56978988647461" lon="127.03189086914062"><ele>18.200000762939453</ele><time>2026-09-10T11:29:06Z</time></trkpt><trkpt lat="37.569793701171875" lon="127.03192138671875"><ele>18.0</ele><time>2026-09-10T11:29:07Z</time></trkpt><trkpt lat="37.56979751586914" lon="127.03194427490234"><ele>18.0</ele><time>2026-09-10T11:29:08Z</time></trkpt><trkpt lat="37.56980514526367" lon="127.03196716308594"><ele>18.0</ele><time>2026-09-10T11:29:09Z</time></trkpt><trkpt lat="37.5698127746582" lon="127.03199005126953"><ele>17.799999237060547</ele><time>2026-09-10T11:29:10Z</time></trkpt><trkpt lat="37.56982421875" lon="127.03201293945312"><ele>17.799999237060547</ele><time>2026-09-10T11:29:11Z</time></trkpt><trkpt lat="37.56983184814453" lon="127.03204345703125"><ele>17.799999237060547</ele><time>2026-09-10T11:29:12Z</time></trkpt><trkpt lat="37.5698356628418" lon="127.03206634521484"><ele>17.799999237060547</ele><time>2026-09-10T11:29:13Z</time></trkpt><trkpt lat="37.56984329223633" lon="127.03208923339844"><ele>17.799999237060547</ele><time>2026-09-10T11:29:14Z</time></trkpt><trkpt lat="37.569847106933594" lon="127.03211212158203"><ele>17.799999237060547</ele><time>2026-09-10T11:29:15Z</time></trkpt><trkpt lat="37.56985092163086" lon="127.0321273803711"><ele>17.799999237060547</ele><time>2026-09-10T11:29:16Z</time></trkpt><trkpt lat="37.56985855102539" lon="127.03215789794922"><ele>17.799999237060547</ele><time>2026-09-10T11:29:17Z</time></trkpt><trkpt lat="37.56986618041992" lon="127.03218078613281"><ele>17.799999237060547</ele><time>2026-09-10T11:29:18Z</time></trkpt><trkpt lat="37.56987380981445" lon="127.0322036743164"><ele>17.799999237060547</ele><time>2026-09-10T11:29:19Z</time></trkpt><trkpt lat="37.56987762451172" lon="127.03223419189453"><ele>17.799999237060547</ele><time>2026-09-10T11:29:20Z</time></trkpt><trkpt lat="37.569889068603516" lon="127.03225708007812"><ele>17.799999237060547</ele><time>2026-09-10T11:29:21Z</time></trkpt><trkpt lat="37.56989669799805" lon="127.03227996826172"><ele>17.799999237060547</ele><time>2026-09-10T11:29:22Z</time></trkpt><trkpt lat="37.56990432739258" lon="127.03230285644531"><ele>17.799999237060547</ele><time>2026-09-10T11:29:23Z</time></trkpt><trkpt lat="37.569915771484375" lon="127.0323257446289"><ele>17.799999237060547</ele><time>2026-09-10T11:29:24Z</time></trkpt><trkpt lat="37.56992721557617" lon="127.0323486328125"><ele>17.799999237060547</ele><time>2026-09-10T11:29:25Z</time></trkpt><trkpt lat="37.56993865966797" lon="127.03236389160156"><ele>17.799999237060547</ele><time>2026-09-10T11:29:26Z</time></trkpt><trkpt lat="37.56995391845703" lon="127.03239440917969"><ele>17.799999237060547</ele><time>2026-09-10T11:29:27Z</time></trkpt><trkpt lat="37.56996154785156" lon="127.03240966796875"><ele>18.0</ele><time>2026-09-10T11:29:28Z</time></trkpt><trkpt lat="37.56997299194336" lon="127.03244018554688"><ele>18.0</ele><time>2026-09-10T11:29:29Z</time></trkpt><trkpt lat="37.56998062133789" lon="127.03246307373047"><ele>18.0</ele><time>2026-09-10T11:29:30Z</time></trkpt><trkpt lat="37.56999206542969" lon="127.03247833251953"><ele>18.0</ele><time>2026-09-10T11:29:31Z</time></trkpt><trkpt lat="37.56999969482422" lon="127.03250885009766"><ele>18.0</ele><time>2026-09-10T11:29:32Z</time></trkpt><trkpt lat="37.570011138916016" lon="127.03253173828125"><ele>18.0</ele><time>2026-09-10T11:29:33Z</time></trkpt><trkpt lat="37.57002258300781" lon="127.03255462646484"><ele>18.0</ele><time>2026-09-10T11:29:34Z</time></trkpt><trkpt lat="37.57003402709961" lon="127.03257751464844"><ele>18.0</ele><time>2026-09-10T11:29:35Z</time></trkpt><trkpt lat="37.570045471191406" lon="127.0325927734375"><ele>18.0</ele><time>2026-09-10T11:29:36Z</time></trkpt><trkpt lat="37.57005310058594" lon="127.0326156616211"><ele>18.0</ele><time>2026-09-10T11:29:37Z</time></trkpt><trkpt lat="37.57006072998047" lon="127.03263092041016"><ele>18.0</ele><time>2026-09-10T11:29:38Z</time></trkpt><trkpt lat="37.570068359375" lon="127.03265380859375"><ele>18.0</ele><time>2026-09-10T11:29:39Z</time></trkpt><trkpt lat="37.5700798034668" lon="127.03266906738281"><ele>18.0</ele><time>2026-09-10T11:29:40Z</time></trkpt><trkpt lat="37.570098876953125" lon="127.0326919555664"><ele>18.0</ele><time>2026-09-10T11:29:41Z</time></trkpt><trkpt lat="37.57011413574219" lon="127.03271484375"><ele>17.799999237060547</ele><time>2026-09-10T11:29:42Z</time></trkpt><trkpt lat="37.570125579833984" lon="127.03273010253906"><ele>17.799999237060547</ele><time>2026-09-10T11:29:43Z</time></trkpt><trkpt lat="37.57014465332031" lon="127.03275299072266"><ele>17.799999237060547</ele><time>2026-09-10T11:29:44Z</time></trkpt><trkpt lat="37.570159912109375" lon="127.03276824951172"><ele>17.799999237060547</ele><time>2026-09-10T11:29:45Z</time></trkpt><trkpt lat="37.5701789855957" lon="127.03279113769531"><ele>17.799999237060547</ele><time>2026-09-10T11:29:46Z</time></trkpt><trkpt lat="37.570194244384766" lon="127.0328140258789"><ele>17.799999237060547</ele><time>2026-09-10T11:29:47Z</time></trkpt><trkpt lat="37.570213317871094" lon="127.0328369140625"><ele>17.799999237060547</ele><time>2026-09-10T11:29:48Z</time></trkpt><trkpt lat="37.570228576660156" lon="127.0328598022461"><ele>17.799999237060547</ele><time>2026-09-10T11:29:49Z</time></trkpt><trkpt lat="37.57024002075195" lon="127.03288269042969"><ele>17.799999237060547</ele><time>2026-09-10T11:29:50Z</time></trkpt><trkpt lat="37.570255279541016" lon="127.03290557861328"><ele>17.799999237060547</ele><time>2026-09-10T11:29:51Z</time></trkpt><trkpt lat="37.570274353027344" lon="127.03292083740234"><ele>17.799999237060547</ele><time>2026-09-10T11:29:52Z</time></trkpt><trkpt lat="37.570289611816406" lon="127.03294372558594"><ele>17.799999237060547</ele><time>2026-09-10T11:29:53Z</time></trkpt><trkpt lat="37.5703010559082" lon="127.032958984375"><ele>17.799999237060547</ele><time>2026-09-10T11:29:54Z</time></trkpt><trkpt lat="37.570316314697266" lon="127.0329818725586"><ele>17.799999237060547</ele><time>2026-09-10T11:29:55Z</time></trkpt><trkpt lat="37.57032775878906" lon="127.03300476074219"><ele>17.799999237060547</ele><time>2026-09-10T11:29:56Z</time></trkpt><trkpt lat="37.570343017578125" lon="127.03302001953125"><ele>17.799999237060547</ele><time>2026-09-10T11:29:57Z</time></trkpt><trkpt lat="37.570350646972656" lon="127.03305053710938"><ele>17.799999237060547</ele><time>2026-09-10T11:29:58Z</time></trkpt><trkpt lat="37.57036209106445" lon="127.03306579589844"><ele>17.799999237060547</ele><time>2026-09-10T11:29:59Z</time></trkpt><trkpt lat="37.57037353515625" lon="127.03308868408203"><ele>17.799999237060547</ele><time>2026-09-10T11:30:00Z</time></trkpt><trkpt lat="37.57038497924805" lon="127.03311157226562"><ele>17.799999237060547</ele><time>2026-09-10T11:30:01Z</time></trkpt><trkpt lat="37.57040023803711" lon="127.03313446044922"><ele>17.600000381469727</ele><time>2026-09-10T11:30:02Z</time></trkpt><trkpt lat="37.570411682128906" lon="127.03315734863281"><ele>17.600000381469727</ele><time>2026-09-10T11:30:03Z</time></trkpt><trkpt lat="37.5704231262207" lon="127.03317260742188"><ele>17.600000381469727</ele><time>2026-09-10T11:30:04Z</time></trkpt><trkpt lat="37.5704345703125" lon="127.03319549560547"><ele>17.600000381469727</ele><time>2026-09-10T11:30:05Z</time></trkpt><trkpt lat="37.5704460144043" lon="127.03321075439453"><ele>17.600000381469727</ele><time>2026-09-10T11:30:06Z</time></trkpt><trkpt lat="37.57045364379883" lon="127.0332260131836"><ele>17.600000381469727</ele><time>2026-09-10T11:30:07Z</time></trkpt><trkpt lat="37.57046890258789" lon="127.03324890136719"><ele>17.600000381469727</ele><time>2026-09-10T11:30:08Z</time></trkpt><trkpt lat="37.57048034667969" lon="127.03326416015625"><ele>17.600000381469727</ele><time>2026-09-10T11:30:09Z</time></trkpt><trkpt lat="37.570491790771484" lon="127.03328704833984"><ele>17.600000381469727</ele><time>2026-09-10T11:30:10Z</time></trkpt><trkpt lat="37.57050323486328" lon="127.0333023071289"><ele>17.600000381469727</ele><time>2026-09-10T11:30:11Z</time></trkpt><trkpt lat="37.57051467895508" lon="127.0333251953125"><ele>17.600000381469727</ele><time>2026-09-10T11:30:12Z</time></trkpt><trkpt lat="37.57052230834961" lon="127.03335571289062"><ele>17.600000381469727</ele><time>2026-09-10T11:30:13Z</time></trkpt><trkpt lat="37.57054138183594" lon="127.03336334228516"><ele>17.600000381469727</ele><time>2026-09-10T11:30:14Z</time></trkpt><trkpt lat="37.570560455322266" lon="127.03338623046875"><ele>17.600000381469727</ele><time>2026-09-10T11:30:15Z</time></trkpt><trkpt lat="37.57057571411133" lon="127.03339385986328"><ele>17.600000381469727</ele><time>2026-09-10T11:30:16Z</time></trkpt><trkpt lat="37.57059097290039" lon="127.0334243774414"><ele>17.600000381469727</ele><time>2026-09-10T11:30:17Z</time></trkpt><trkpt lat="37.57060241699219" lon="127.03343963623047"><ele>17.600000381469727</ele><time>2026-09-10T11:30:18Z</time></trkpt><trkpt lat="37.570613861083984" lon="127.03346252441406"><ele>17.600000381469727</ele><time>2026-09-10T11:30:19Z</time></trkpt><trkpt lat="37.57062911987305" lon="127.03347778320312"><ele>17.600000381469727</ele><time>2026-09-10T11:30:20Z</time></trkpt><trkpt lat="37.570648193359375" lon="127.03349304199219"><ele>17.600000381469727</ele><time>2026-09-10T11:30:21Z</time></trkpt><trkpt lat="37.57066345214844" lon="127.03352355957031"><ele>17.600000381469727</ele><time>2026-09-10T11:30:22Z</time></trkpt><trkpt lat="37.57067108154297" lon="127.03353118896484"><ele>17.600000381469727</ele><time>2026-09-10T11:30:23Z</time></trkpt><trkpt lat="37.57068634033203" lon="127.03356170654297"><ele>17.600000381469727</ele><time>2026-09-10T11:30:24Z</time></trkpt><trkpt lat="37.57069396972656" lon="127.03357696533203"><ele>17.600000381469727</ele><time>2026-09-10T11:30:25Z</time></trkpt><trkpt lat="37.570716857910156" lon="127.0335922241211"><ele>17.600000381469727</ele><time>2026-09-10T11:30:26Z</time></trkpt><trkpt lat="37.57072830200195" lon="127.03360748291016"><ele>17.600000381469727</ele><time>2026-09-10T11:30:27Z</time></trkpt><trkpt lat="37.57073974609375" lon="127.03362274169922"><ele>17.399999618530273</ele><time>2026-09-10T11:30:28Z</time></trkpt><trkpt lat="37.57075119018555" lon="127.03364562988281"><ele>17.399999618530273</ele><time>2026-09-10T11:30:29Z</time></trkpt><trkpt lat="37.57075881958008" lon="127.0336685180664"><ele>17.399999618530273</ele><time>2026-09-10T11:30:30Z</time></trkpt><trkpt lat="37.57076644897461" lon="127.03369140625"><ele>17.399999618530273</ele><time>2026-09-10T11:30:31Z</time></trkpt><trkpt lat="37.57077407836914" lon="127.0337142944336"><ele>17.600000381469727</ele><time>2026-09-10T11:30:32Z</time></trkpt><trkpt lat="37.57078552246094" lon="127.03373718261719"><ele>17.600000381469727</ele><time>2026-09-10T11:30:33Z</time></trkpt><trkpt lat="37.570796966552734" lon="127.03376007080078"><ele>17.600000381469727</ele><time>2026-09-10T11:30:34Z</time></trkpt><trkpt lat="37.57080841064453" lon="127.0337905883789"><ele>17.600000381469727</ele><time>2026-09-10T11:30:35Z</time></trkpt><trkpt lat="37.57081985473633" lon="127.03380584716797"><ele>17.600000381469727</ele><time>2026-09-10T11:30:36Z</time></trkpt><trkpt lat="37.57083511352539" lon="127.0338363647461"><ele>17.399999618530273</ele><time>2026-09-10T11:30:37Z</time></trkpt><trkpt lat="37.57084655761719" lon="127.03385162353516"><ele>17.200000762939453</ele><time>2026-09-10T11:30:38Z</time></trkpt><trkpt lat="37.570858001708984" lon="127.03387451171875"><ele>17.200000762939453</ele><time>2026-09-10T11:30:39Z</time></trkpt><trkpt lat="37.570865631103516" lon="127.03388977050781"><ele>17.399999618530273</ele><time>2026-09-10T11:30:40Z</time></trkpt><trkpt lat="37.57088088989258" lon="127.03390502929688"><ele>17.399999618530273</ele><time>2026-09-10T11:30:41Z</time></trkpt><trkpt lat="37.57089614868164" lon="127.03392791748047"><ele>17.399999618530273</ele><time>2026-09-10T11:30:42Z</time></trkpt><trkpt lat="37.57090759277344" lon="127.03394317626953"><ele>17.399999618530273</ele><time>2026-09-10T11:30:43Z</time></trkpt><trkpt lat="37.5709228515625" lon="127.03397369384766"><ele>17.399999618530273</ele><time>2026-09-10T11:30:44Z</time></trkpt><trkpt lat="37.57093811035156" lon="127.03398895263672"><ele>17.399999618530273</ele><time>2026-09-10T11:30:45Z</time></trkpt><trkpt lat="37.57094955444336" lon="127.03401184082031"><ele>17.200000762939453</ele><time>2026-09-10T11:30:46Z</time></trkpt><trkpt lat="37.570960998535156" lon="127.03402709960938"><ele>17.399999618530273</ele><time>2026-09-10T11:30:47Z</time></trkpt><trkpt lat="37.57097244262695" lon="127.0340347290039"><ele>17.200000762939453</ele><time>2026-09-10T11:30:48Z</time></trkpt><trkpt lat="37.570987701416016" lon="127.0340576171875"><ele>17.200000762939453</ele><time>2026-09-10T11:30:49Z</time></trkpt><trkpt lat="37.57099914550781" lon="127.03406524658203"><ele>17.200000762939453</ele><time>2026-09-10T11:30:50Z</time></trkpt><trkpt lat="37.571014404296875" lon="127.03408813476562"><ele>17.200000762939453</ele><time>2026-09-10T11:30:51Z</time></trkpt><trkpt lat="37.5710334777832" lon="127.03410339355469"><ele>17.200000762939453</ele><time>2026-09-10T11:30:52Z</time></trkpt><trkpt lat="37.57105255126953" lon="127.03412628173828"><ele>17.399999618530273</ele><time>2026-09-10T11:30:53Z</time></trkpt><trkpt lat="37.57107162475586" lon="127.03414916992188"><ele>17.399999618530273</ele><time>2026-09-10T11:30:54Z</time></trkpt><trkpt lat="37.57109069824219" lon="127.0341567993164"><ele>17.399999618530273</ele><time>2026-09-10T11:30:55Z</time></trkpt><trkpt lat="37.571109771728516" lon="127.0341796875"><ele>17.399999618530273</ele><time>2026-09-10T11:30:56Z</time></trkpt><trkpt lat="37.57112503051758" lon="127.03418731689453"><ele>17.200000762939453</ele><time>2026-09-10T11:30:57Z</time></trkpt><trkpt lat="37.57114028930664" lon="127.03421783447266"><ele>17.200000762939453</ele><time>2026-09-10T11:30:58Z</time></trkpt><trkpt lat="37.57115173339844" lon="127.03423309326172"><ele>17.200000762939453</ele><time>2026-09-10T11:30:59Z</time></trkpt><trkpt lat="37.5711669921875" lon="127.03426361083984"><ele>17.200000762939453</ele><time>2026-09-10T11:31:00Z</time></trkpt><trkpt lat="37.57118225097656" lon="127.0342788696289"><ele>17.200000762939453</ele><time>2026-09-10T11:31:01Z</time></trkpt><trkpt lat="37.57119369506836" lon="127.0343017578125"><ele>17.200000762939453</ele><time>2026-09-10T11:31:02Z</time></trkpt><trkpt lat="37.57121276855469" lon="127.0343246459961"><ele>17.200000762939453</ele><time>2026-09-10T11:31:03Z</time></trkpt><trkpt lat="37.57122802734375" lon="127.03433990478516"><ele>17.200000762939453</ele><time>2026-09-10T11:31:04Z</time></trkpt><trkpt lat="37.57123947143555" lon="127.03437042236328"><ele>17.200000762939453</ele><time>2026-09-10T11:31:05Z</time></trkpt><trkpt lat="37.57125473022461" lon="127.03438568115234"><ele>17.200000762939453</ele><time>2026-09-10T11:31:06Z</time></trkpt><trkpt lat="37.57127380371094" lon="127.0344009399414"><ele>17.200000762939453</ele><time>2026-09-10T11:31:07Z</time></trkpt><trkpt lat="37.571285247802734" lon="127.034423828125"><ele>17.200000762939453</ele><time>2026-09-10T11:31:08Z</time></trkpt><trkpt lat="37.5713005065918" lon="127.03443908691406"><ele>17.200000762939453</ele><time>2026-09-10T11:31:09Z</time></trkpt><trkpt lat="37.57130813598633" lon="127.03446960449219"><ele>17.200000762939453</ele><time>2026-09-10T11:31:10Z</time></trkpt><trkpt lat="37.571319580078125" lon="127.03447723388672"><ele>17.0</ele><time>2026-09-10T11:31:11Z</time></trkpt><trkpt lat="37.57133102416992" lon="127.03450012207031"><ele>17.200000762939453</ele><time>2026-09-10T11:31:12Z</time></trkpt><trkpt lat="37.57134246826172" lon="127.0345230102539"><ele>17.0</ele><time>2026-09-10T11:31:13Z</time></trkpt><trkpt lat="37.571353912353516" lon="127.03453063964844"><ele>17.0</ele><time>2026-09-10T11:31:14Z</time></trkpt><trkpt lat="37.57136535644531" lon="127.03456115722656"><ele>17.0</ele><time>2026-09-10T11:31:15Z</time></trkpt><trkpt lat="37.571380615234375" lon="127.0345687866211"><ele>17.0</ele><time>2026-09-10T11:31:16Z</time></trkpt><trkpt lat="37.57139205932617" lon="127.03459167480469"><ele>17.0</ele><time>2026-09-10T11:31:17Z</time></trkpt><trkpt lat="37.57139205932617" lon="127.03460693359375"><ele>17.0</ele><time>2026-09-10T11:31:18Z</time></trkpt><trkpt lat="37.57140350341797" lon="127.03462219238281"><ele>17.0</ele><time>2026-09-10T11:31:19Z</time></trkpt><trkpt lat="37.57141876220703" lon="127.03465270996094"><ele>17.0</ele><time>2026-09-10T11:31:20Z</time></trkpt><trkpt lat="37.571434020996094" lon="127.03466033935547"><ele>16.799999237060547</ele><time>2026-09-10T11:31:21Z</time></trkpt><trkpt lat="37.57144546508789" lon="127.0346908569336"><ele>16.799999237060547</ele><time>2026-09-10T11:31:22Z</time></trkpt><trkpt lat="37.57146072387695" lon="127.03471374511719"><ele>16.799999237060547</ele><time>2026-09-10T11:31:23Z</time></trkpt><trkpt lat="37.57146453857422" lon="127.03473663330078"><ele>16.799999237060547</ele><time>2026-09-10T11:31:24Z</time></trkpt><trkpt lat="37.57147216796875" lon="127.03475189208984"><ele>16.799999237060547</ele><time>2026-09-10T11:31:25Z</time></trkpt><trkpt lat="37.571475982666016" lon="127.0347671508789"><ele>16.799999237060547</ele><time>2026-09-10T11:31:26Z</time></trkpt><trkpt lat="37.57148361206055" lon="127.03477478027344"><ele>17.0</ele><time>2026-09-10T11:31:27Z</time></trkpt><trkpt lat="37.57149124145508" lon="127.0347900390625"><ele>17.0</ele><time>2026-09-10T11:31:28Z</time></trkpt><trkpt lat="37.57149887084961" lon="127.03480529785156"><ele>17.0</ele><time>2026-09-10T11:31:29Z</time></trkpt><trkpt lat="37.57151412963867" lon="127.0348129272461"><ele>17.0</ele><time>2026-09-10T11:31:30Z</time></trkpt><trkpt lat="37.57152557373047" lon="127.03482055664062"><ele>17.0</ele><time>2026-09-10T11:31:31Z</time></trkpt><trkpt lat="37.57155227661133" lon="127.03485107421875"><ele>17.0</ele><time>2026-09-10T11:31:32Z</time></trkpt><trkpt lat="37.57156753540039" lon="127.03487396240234"><ele>17.0</ele><time>2026-09-10T11:31:33Z</time></trkpt><trkpt lat="37.57158279418945" lon="127.03489685058594"><ele>17.0</ele><time>2026-09-10T11:31:34Z</time></trkpt><trkpt lat="37.57159423828125" lon="127.03492736816406"><ele>17.0</ele><time>2026-09-10T11:31:35Z</time></trkpt><trkpt lat="37.57160949707031" lon="127.03495788574219"><ele>17.0</ele><time>2026-09-10T11:31:36Z</time></trkpt><trkpt lat="37.57162094116211" lon="127.03498840332031"><ele>16.799999237060547</ele><time>2026-09-10T11:31:37Z</time></trkpt><trkpt lat="37.571632385253906" lon="127.0350112915039"><ele>17.0</ele><time>2026-09-10T11:31:38Z</time></trkpt><trkpt lat="37.571651458740234" lon="127.03504180908203"><ele>17.0</ele><time>2026-09-10T11:31:39Z</time></trkpt><trkpt lat="37.571659088134766" lon="127.03506469726562"><ele>17.0</ele><time>2026-09-10T11:31:40Z</time></trkpt><trkpt lat="37.57167053222656" lon="127.03510284423828"><ele>17.0</ele><time>2026-09-10T11:31:41Z</time></trkpt><trkpt lat="37.57168197631836" lon="127.03512573242188"><ele>17.0</ele><time>2026-09-10T11:31:42Z</time></trkpt><trkpt lat="37.571693420410156" lon="127.03514862060547"><ele>16.799999237060547</ele><time>2026-09-10T11:31:43Z</time></trkpt><trkpt lat="37.57170486450195" lon="127.0351791381836"><ele>16.799999237060547</ele><time>2026-09-10T11:31:44Z</time></trkpt><trkpt lat="37.571712493896484" lon="127.03520202636719"><ele>16.600000381469727</ele><time>2026-09-10T11:31:45Z</time></trkpt><trkpt lat="37.571720123291016" lon="127.03522491455078"><ele>16.600000381469727</ele><time>2026-09-10T11:31:46Z</time></trkpt><trkpt lat="37.57173156738281" lon="127.0352554321289"><ele>16.600000381469727</ele><time>2026-09-10T11:31:47Z</time></trkpt><trkpt lat="37.571739196777344" lon="127.03527069091797"><ele>16.600000381469727</ele><time>2026-09-10T11:31:48Z</time></trkpt><trkpt lat="37.57174301147461" lon="127.03529357910156"><ele>16.600000381469727</ele><time>2026-09-10T11:31:49Z</time></trkpt><trkpt lat="37.571754455566406" lon="127.03530883789062"><ele>16.600000381469727</ele><time>2026-09-10T11:31:50Z</time></trkpt><trkpt lat="37.571754455566406" lon="127.03533935546875"><ele>16.600000381469727</ele><time>2026-09-10T11:31:51Z</time></trkpt><trkpt lat="37.57176208496094" lon="127.03535461425781"><ele>16.600000381469727</ele><time>2026-09-10T11:31:52Z</time></trkpt><trkpt lat="37.57176971435547" lon="127.03538513183594"><ele>16.600000381469727</ele><time>2026-09-10T11:31:53Z</time></trkpt><trkpt lat="37.571773529052734" lon="127.03540802001953"><ele>16.600000381469727</ele><time>2026-09-10T11:31:54Z</time></trkpt><trkpt lat="37.571781158447266" lon="127.03543090820312"><ele>16.600000381469727</ele><time>2026-09-10T11:31:55Z</time></trkpt><trkpt lat="37.57178497314453" lon="127.03546142578125"><ele>16.600000381469727</ele><time>2026-09-10T11:31:56Z</time></trkpt><trkpt lat="37.57179260253906" lon="127.03547668457031"><ele>16.600000381469727</ele><time>2026-09-10T11:31:57Z</time></trkpt><trkpt lat="37.571800231933594" lon="127.03550720214844"><ele>16.399999618530273</ele><time>2026-09-10T11:31:58Z</time></trkpt><trkpt lat="37.571807861328125" lon="127.03553009033203"><ele>16.399999618530273</ele><time>2026-09-10T11:31:59Z</time></trkpt><trkpt lat="37.57181930541992" lon="127.0355453491211"><ele>16.399999618530273</ele><time>2026-09-10T11:32:00Z</time></trkpt><trkpt lat="37.57181930541992" lon="127.03557586669922"><ele>16.200000762939453</ele><time>2026-09-10T11:32:01Z</time></trkpt><trkpt lat="37.57183074951172" lon="127.03559112548828"><ele>16.200000762939453</ele><time>2026-09-10T11:32:02Z</time></trkpt><trkpt lat="37.57183837890625" lon="127.03561401367188"><ele>16.399999618530273</ele><time>2026-09-10T11:32:03Z</time></trkpt><trkpt lat="37.57184600830078" lon="127.03563690185547"><ele>16.399999618530273</ele><time>2026-09-10T11:32:04Z</time></trkpt><trkpt lat="37.57185745239258" lon="127.03565216064453"><ele>16.399999618530273</ele><time>2026-09-10T11:32:05Z</time></trkpt><trkpt lat="37.571868896484375" lon="127.03568267822266"><ele>16.399999618530273</ele><time>2026-09-10T11:32:06Z</time></trkpt><trkpt lat="37.57187271118164" lon="127.03570556640625"><ele>16.399999618530273</ele><time>2026-09-10T11:32:07Z</time></trkpt><trkpt lat="37.57188034057617" lon="127.03572845458984"><ele>16.200000762939453</ele><time>2026-09-10T11:32:08Z</time></trkpt><trkpt lat="37.5718879699707" lon="127.03575897216797"><ele>16.200000762939453</ele><time>2026-09-10T11:32:09Z</time></trkpt><trkpt lat="37.571895599365234" lon="127.03577423095703"><ele>16.200000762939453</ele><time>2026-09-10T11:32:10Z</time></trkpt><trkpt lat="37.5718994140625" lon="127.03580474853516"><ele>16.200000762939453</ele><time>2026-09-10T11:32:11Z</time></trkpt><trkpt lat="37.57190704345703" lon="127.03582763671875"><ele>16.200000762939453</ele><time>2026-09-10T11:32:12Z</time></trkpt><trkpt lat="37.57191467285156" lon="127.03585052490234"><ele>16.399999618530273</ele><time>2026-09-10T11:32:13Z</time></trkpt><trkpt lat="37.571922302246094" lon="127.03588104248047"><ele>16.399999618530273</ele><time>2026-09-10T11:32:14Z</time></trkpt><trkpt lat="37.57192611694336" lon="127.03590393066406"><ele>16.399999618530273</ele><time>2026-09-10T11:32:15Z</time></trkpt><trkpt lat="37.57193374633789" lon="127.03593444824219"><ele>16.399999618530273</ele><time>2026-09-10T11:32:16Z</time></trkpt><trkpt lat="37.57194519042969" lon="127.03594970703125"><ele>16.399999618530273</ele><time>2026-09-10T11:32:17Z</time></trkpt><trkpt lat="37.57194519042969" lon="127.03598022460938"><ele>16.200000762939453</ele><time>2026-09-10T11:32:18Z</time></trkpt><trkpt lat="37.57194900512695" lon="127.03599548339844"><ele>16.200000762939453</ele><time>2026-09-10T11:32:19Z</time></trkpt><trkpt lat="37.57195281982422" lon="127.03602600097656"><ele>16.200000762939453</ele><time>2026-09-10T11:32:20Z</time></trkpt><trkpt lat="37.571956634521484" lon="127.03604888916016"><ele>16.200000762939453</ele><time>2026-09-10T11:32:21Z</time></trkpt><trkpt lat="37.57195281982422" lon="127.03607177734375"><ele>16.200000762939453</ele><time>2026-09-10T11:32:22Z</time></trkpt><trkpt lat="37.57194900512695" lon="127.03610229492188"><ele>16.200000762939453</ele><time>2026-09-10T11:32:23Z</time></trkpt><trkpt lat="37.57195281982422" lon="127.03612518310547"><ele>16.200000762939453</ele><time>2026-09-10T11:32:24Z</time></trkpt><trkpt lat="37.57194900512695" lon="127.0361557006836"><ele>16.200000762939453</ele><time>2026-09-10T11:32:25Z</time></trkpt><trkpt lat="37.57194519042969" lon="127.03617095947266"><ele>16.200000762939453</ele><time>2026-09-10T11:32:26Z</time></trkpt><trkpt lat="37.57194519042969" lon="127.03620147705078"><ele>16.200000762939453</ele><time>2026-09-10T11:32:27Z</time></trkpt><trkpt lat="37.57194900512695" lon="127.03622436523438"><ele>16.200000762939453</ele><time>2026-09-10T11:32:28Z</time></trkpt><trkpt lat="37.571964263916016" lon="127.03624725341797"><ele>16.200000762939453</ele><time>2026-09-10T11:32:29Z</time></trkpt><trkpt lat="37.571964263916016" lon="127.0362777709961"><ele>16.200000762939453</ele><time>2026-09-10T11:32:30Z</time></trkpt><trkpt lat="37.57197189331055" lon="127.03629302978516"><ele>16.200000762939453</ele><time>2026-09-10T11:32:31Z</time></trkpt><trkpt lat="37.57197570800781" lon="127.03630828857422"><ele>16.200000762939453</ele><time>2026-09-10T11:32:32Z</time></trkpt><trkpt lat="37.571983337402344" lon="127.03633880615234"><ele>16.200000762939453</ele><time>2026-09-10T11:32:33Z</time></trkpt><trkpt lat="37.571990966796875" lon="127.03636169433594"><ele>16.0</ele><time>2026-09-10T11:32:34Z</time></trkpt><trkpt lat="37.57199478149414" lon="127.0363998413086"><ele>16.0</ele><time>2026-09-10T11:32:35Z</time></trkpt><trkpt lat="37.57200241088867" lon="127.03641510009766"><ele>16.0</ele><time>2026-09-10T11:32:36Z</time></trkpt><trkpt lat="37.57200622558594" lon="127.03644561767578"><ele>16.0</ele><time>2026-09-10T11:32:37Z</time></trkpt><trkpt lat="37.5720100402832" lon="127.03646087646484"><ele>16.0</ele><time>2026-09-10T11:32:38Z</time></trkpt><trkpt lat="37.572017669677734" lon="127.03648376464844"><ele>16.0</ele><time>2026-09-10T11:32:39Z</time></trkpt><trkpt lat="37.57202911376953" lon="127.0364990234375"><ele>16.0</ele><time>2026-09-10T11:32:40Z</time></trkpt><trkpt lat="37.57203674316406" lon="127.0365219116211"><ele>16.200000762939453</ele><time>2026-09-10T11:32:41Z</time></trkpt><trkpt lat="37.57204055786133" lon="127.03654479980469"><ele>16.0</ele><time>2026-09-10T11:32:42Z</time></trkpt><trkpt lat="37.57204818725586" lon="127.03657531738281"><ele>16.0</ele><time>2026-09-10T11:32:43Z</time></trkpt><trkpt lat="37.572052001953125" lon="127.0365982055664"><ele>16.0</ele><time>2026-09-10T11:32:44Z</time></trkpt><trkpt lat="37.572052001953125" lon="127.03663635253906"><ele>16.200000762939453</ele><time>2026-09-10T11:32:45Z</time></trkpt><trkpt lat="37.572052001953125" lon="127.03665924072266"><ele>16.200000762939453</ele><time>2026-09-10T11:32:46Z</time></trkpt><trkpt lat="37.572052001953125" lon="127.03668975830078"><ele>16.200000762939453</ele><time>2026-09-10T11:32:47Z</time></trkpt><trkpt lat="37.57204818725586" lon="127.0367202758789"><ele>16.200000762939453</ele><time>2026-09-10T11:32:48Z</time></trkpt><trkpt lat="37.572052001953125" lon="127.0367431640625"><ele>16.200000762939453</ele><time>2026-09-10T11:32:49Z</time></trkpt><trkpt lat="37.57205581665039" lon="127.03677368164062"><ele>16.200000762939453</ele><time>2026-09-10T11:32:50Z</time></trkpt><trkpt lat="37.57205581665039" lon="127.03680419921875"><ele>16.200000762939453</ele><time>2026-09-10T11:32:51Z</time></trkpt><trkpt lat="37.57206344604492" lon="127.03683471679688"><ele>16.200000762939453</ele><time>2026-09-10T11:32:52Z</time></trkpt><trkpt lat="37.57206344604492" lon="127.03685760498047"><ele>16.200000762939453</ele><time>2026-09-10T11:32:53Z</time></trkpt><trkpt lat="37.57206344604492" lon="127.0368881225586"><ele>16.0</ele><time>2026-09-10T11:32:54Z</time></trkpt><trkpt lat="37.57206726074219" lon="127.03691864013672"><ele>16.0</ele><time>2026-09-10T11:32:55Z</time></trkpt><trkpt lat="37.57206726074219" lon="127.03694915771484"><ele>16.0</ele><time>2026-09-10T11:32:56Z</time></trkpt><trkpt lat="37.57207107543945" lon="127.03697967529297"><ele>16.0</ele><time>2026-09-10T11:32:57Z</time></trkpt><trkpt lat="37.57207107543945" lon="127.0370101928711"><ele>16.0</ele><time>2026-09-10T11:32:58Z</time></trkpt><trkpt lat="37.57207489013672" lon="127.03704071044922"><ele>16.200000762939453</ele><time>2026-09-10T11:32:59Z</time></trkpt><trkpt lat="37.572078704833984" lon="127.03707122802734"><ele>16.200000762939453</ele><time>2026-09-10T11:33:00Z</time></trkpt><trkpt lat="37.57208251953125" lon="127.03710174560547"><ele>16.200000762939453</ele><time>2026-09-10T11:33:01Z</time></trkpt><trkpt lat="37.572086334228516" lon="127.03712463378906"><ele>16.200000762939453</ele><time>2026-09-10T11:33:02Z</time></trkpt><trkpt lat="37.57209014892578" lon="127.03714752197266"><ele>16.200000762939453</ele><time>2026-09-10T11:33:03Z</time></trkpt><trkpt lat="37.57209396362305" lon="127.03717041015625"><ele>16.200000762939453</ele><time>2026-09-10T11:33:04Z</time></trkpt><trkpt lat="37.57209014892578" lon="127.03719329833984"><ele>16.399999618530273</ele><time>2026-09-10T11:33:05Z</time></trkpt><trkpt lat="37.57209014892578" lon="127.03721618652344"><ele>16.399999618530273</ele><time>2026-09-10T11:33:06Z</time></trkpt><trkpt lat="37.57209396362305" lon="127.03723907470703"><ele>16.399999618530273</ele><time>2026-09-10T11:33:07Z</time></trkpt><trkpt lat="37.57209396362305" lon="127.03726196289062"><ele>16.399999618530273</ele><time>2026-09-10T11:33:08Z</time></trkpt><trkpt lat="37.57209396362305" lon="127.03727722167969"><ele>16.399999618530273</ele><time>2026-09-10T11:33:09Z</time></trkpt><trkpt lat="37.57209396362305" lon="127.03730010986328"><ele>16.200000762939453</ele><time>2026-09-10T11:33:10Z</time></trkpt><trkpt lat="37.57209396362305" lon="127.03732299804688"><ele>16.200000762939453</ele><time>2026-09-10T11:33:11Z</time></trkpt><trkpt lat="37.57209396362305" lon="127.03733825683594"><ele>16.200000762939453</ele><time>2026-09-10T11:33:12Z</time></trkpt><trkpt lat="37.57209396362305" lon="127.037353515625"><ele>16.200000762939453</ele><time>2026-09-10T11:33:13Z</time></trkpt><trkpt lat="37.57209396362305" lon="127.03736877441406"><ele>16.200000762939453</ele><time>2026-09-10T11:33:14Z</time></trkpt><trkpt lat="37.57209014892578" lon="127.03738403320312"><ele>16.200000762939453</ele><time>2026-09-10T11:33:15Z</time></trkpt><trkpt lat="37.57209396362305" lon="127.03739166259766"><ele>16.200000762939453</ele><time>2026-09-10T11:33:16Z</time></trkpt><trkpt lat="37.57209396362305" lon="127.03741455078125"><ele>16.0</ele><time>2026-09-10T11:33:17Z</time></trkpt><trkpt lat="37.57209014892578" lon="127.03743743896484"><ele>16.200000762939453</ele><time>2026-09-10T11:33:18Z</time></trkpt><trkpt lat="37.57209777832031" lon="127.03746795654297"><ele>16.200000762939453</ele><time>2026-09-10T11:33:19Z</time></trkpt><trkpt lat="37.57210159301758" lon="127.03748321533203"><ele>16.200000762939453</ele><time>2026-09-10T11:33:20Z</time></trkpt><trkpt lat="37.57209777832031" lon="127.03751373291016"><ele>16.200000762939453</ele><time>2026-09-10T11:33:21Z</time></trkpt><trkpt lat="37.57209777832031" lon="127.03753662109375"><ele>16.399999618530273</ele><time>2026-09-10T11:33:22Z</time></trkpt><trkpt lat="37.57209777832031" lon="127.03756713867188"><ele>16.399999618530273</ele><time>2026-09-10T11:33:23Z</time></trkpt><trkpt lat="37.572105407714844" lon="127.03760528564453"><ele>16.399999618530273</ele><time>2026-09-10T11:33:24Z</time></trkpt><trkpt lat="37.572113037109375" lon="127.03762817382812"><ele>16.200000762939453</ele><time>2026-09-10T11:33:25Z</time></trkpt><trkpt lat="37.57210159301758" lon="127.03765106201172"><ele>16.200000762939453</ele><time>2026-09-10T11:33:26Z</time></trkpt><trkpt lat="37.572105407714844" lon="127.03767395019531"><ele>16.0</ele><time>2026-09-10T11:33:27Z</time></trkpt><trkpt lat="37.572105407714844" lon="127.03771209716797"><ele>16.0</ele><time>2026-09-10T11:33:28Z</time></trkpt><trkpt lat="37.57210922241211" lon="127.03772735595703"><ele>15.800000190734863</ele><time>2026-09-10T11:33:29Z</time></trkpt><trkpt lat="37.57210922241211" lon="127.03775024414062"><ele>15.800000190734863</ele><time>2026-09-10T11:33:30Z</time></trkpt><trkpt lat="37.572113037109375" lon="127.03778076171875"><ele>15.800000190734863</ele><time>2026-09-10T11:33:31Z</time></trkpt><trkpt lat="37.572120666503906" lon="127.03781127929688"><ele>15.800000190734863</ele><time>2026-09-10T11:33:32Z</time></trkpt><trkpt lat="37.572120666503906" lon="127.037841796875"><ele>15.800000190734863</ele><time>2026-09-10T11:33:33Z</time></trkpt><trkpt lat="37.57212829589844" lon="127.03787231445312"><ele>15.800000190734863</ele><time>2026-09-10T11:33:34Z</time></trkpt><trkpt lat="37.5721321105957" lon="127.03789520263672"><ele>15.800000190734863</ele><time>2026-09-10T11:33:35Z</time></trkpt><trkpt lat="37.5721321105957" lon="127.03791809082031"><ele>15.800000190734863</ele><time>2026-09-10T11:33:36Z</time></trkpt><trkpt lat="37.5721321105957" lon="127.03794860839844"><ele>15.800000190734863</ele><time>2026-09-10T11:33:37Z</time></trkpt><trkpt lat="37.572139739990234" lon="127.03799438476562"><ele>15.800000190734863</ele><time>2026-09-10T11:33:38Z</time></trkpt><trkpt lat="37.57215118408203" lon="127.03804016113281"><ele>15.800000190734863</ele><time>2026-09-10T11:33:39Z</time></trkpt><trkpt lat="37.57213592529297" lon="127.03807830810547"><ele>15.800000190734863</ele><time>2026-09-10T11:33:40Z</time></trkpt><trkpt lat="37.57213592529297" lon="127.03811645507812"><ele>15.800000190734863</ele><time>2026-09-10T11:33:41Z</time></trkpt><trkpt lat="37.5721321105957" lon="127.03814697265625"><ele>16.0</ele><time>2026-09-10T11:33:42Z</time></trkpt><trkpt lat="37.57212448120117" lon="127.03817749023438"><ele>16.0</ele><time>2026-09-10T11:33:43Z</time></trkpt><trkpt lat="37.572120666503906" lon="127.03820037841797"><ele>16.200000762939453</ele><time>2026-09-10T11:33:44Z</time></trkpt><trkpt lat="37.57210159301758" lon="127.03823852539062"><ele>16.200000762939453</ele><time>2026-09-10T11:33:45Z</time></trkpt><trkpt lat="37.57209014892578" lon="127.03826141357422"><ele>16.200000762939453</ele><time>2026-09-10T11:33:46Z</time></trkpt><trkpt lat="37.57209014892578" lon="127.03827667236328"><ele>16.200000762939453</ele><time>2026-09-10T11:33:47Z</time></trkpt><trkpt lat="37.57207489013672" lon="127.03829193115234"><ele>16.200000762939453</ele><time>2026-09-10T11:33:48Z</time></trkpt><trkpt lat="37.57207107543945" lon="127.03832244873047"><ele>16.200000762939453</ele><time>2026-09-10T11:33:49Z</time></trkpt><trkpt lat="37.57207107543945" lon="127.0383529663086"><ele>16.200000762939453</ele><time>2026-09-10T11:33:50Z</time></trkpt><trkpt lat="37.57206344604492" lon="127.03837585449219"><ele>16.200000762939453</ele><time>2026-09-10T11:33:51Z</time></trkpt><trkpt lat="37.572059631347656" lon="127.03839874267578"><ele>16.200000762939453</ele><time>2026-09-10T11:33:52Z</time></trkpt><trkpt lat="37.57204818725586" lon="127.03843688964844"><ele>16.200000762939453</ele><time>2026-09-10T11:33:53Z</time></trkpt><trkpt lat="37.572044372558594" lon="127.03845977783203"><ele>16.399999618530273</ele><time>2026-09-10T11:33:54Z</time></trkpt><trkpt lat="37.57203674316406" lon="127.03849792480469"><ele>16.200000762939453</ele><time>2026-09-10T11:33:55Z</time></trkpt><trkpt lat="37.57202911376953" lon="127.03852081298828"><ele>16.200000762939453</ele><time>2026-09-10T11:33:56Z</time></trkpt><trkpt lat="37.572025299072266" lon="127.0385513305664"><ele>16.399999618530273</ele><time>2026-09-10T11:33:57Z</time></trkpt><trkpt lat="37.5720100402832" lon="127.03858184814453"><ele>16.200000762939453</ele><time>2026-09-10T11:33:58Z</time></trkpt><trkpt lat="37.57200622558594" lon="127.03861236572266"><ele>16.399999618530273</ele><time>2026-09-10T11:33:59Z</time></trkpt><trkpt lat="37.571998596191406" lon="127.03864288330078"><ele>16.600000381469727</ele><time>2026-09-10T11:34:00Z</time></trkpt><trkpt lat="37.571990966796875" lon="127.03866577148438"><ele>16.600000381469727</ele><time>2026-09-10T11:34:01Z</time></trkpt><trkpt lat="37.571983337402344" lon="127.03868865966797"><ele>16.399999618530273</ele><time>2026-09-10T11:34:02Z</time></trkpt><trkpt lat="37.57196807861328" lon="127.03873443603516"><ele>16.200000762939453</ele><time>2026-09-10T11:34:03Z</time></trkpt><trkpt lat="37.571964263916016" lon="127.03874969482422"><ele>16.0</ele><time>2026-09-10T11:34:04Z</time></trkpt><trkpt lat="37.571964263916016" lon="127.03878021240234"><ele>15.800000190734863</ele><time>2026-09-10T11:34:05Z</time></trkpt><trkpt lat="37.57195281982422" lon="127.03881072998047"><ele>15.800000190734863</ele><time>2026-09-10T11:34:06Z</time></trkpt><trkpt lat="37.57194519042969" lon="127.03883361816406"><ele>15.600000381469727</ele><time>2026-09-10T11:34:07Z</time></trkpt><trkpt lat="37.57194137573242" lon="127.03886413574219"><ele>15.600000381469727</ele><time>2026-09-10T11:34:08Z</time></trkpt><trkpt lat="37.57193374633789" lon="127.03888702392578"><ele>15.600000381469727</ele><time>2026-09-10T11:34:09Z</time></trkpt><trkpt lat="37.57192611694336" lon="127.03890991210938"><ele>15.600000381469727</ele><time>2026-09-10T11:34:10Z</time></trkpt><trkpt lat="37.571922302246094" lon="127.03892517089844"><ele>15.600000381469727</ele><time>2026-09-10T11:34:11Z</time></trkpt><trkpt lat="37.57191848754883" lon="127.03895568847656"><ele>15.600000381469727</ele><time>2026-09-10T11:34:12Z</time></trkpt><trkpt lat="37.5719108581543" lon="127.03897857666016"><ele>15.600000381469727</ele><time>2026-09-10T11:34:13Z</time></trkpt><trkpt lat="37.57190704345703" lon="127.03900146484375"><ele>15.600000381469727</ele><time>2026-09-10T11:34:14Z</time></trkpt><trkpt lat="37.57190704345703" lon="127.03903198242188"><ele>15.600000381469727</ele><time>2026-09-10T11:34:15Z</time></trkpt><trkpt lat="37.571903228759766" lon="127.03907012939453"><ele>15.600000381469727</ele><time>2026-09-10T11:34:16Z</time></trkpt><trkpt lat="37.5718994140625" lon="127.03910064697266"><ele>15.600000381469727</ele><time>2026-09-10T11:34:17Z</time></trkpt><trkpt lat="37.571895599365234" lon="127.03913116455078"><ele>15.600000381469727</ele><time>2026-09-10T11:34:18Z</time></trkpt><trkpt lat="37.57189178466797" lon="127.0391616821289"><ele>15.399999618530273</ele><time>2026-09-10T11:34:19Z</time></trkpt><trkpt lat="37.57189178466797" lon="127.03917694091797"><ele>15.600000381469727</ele><time>2026-09-10T11:34:20Z</time></trkpt><trkpt lat="37.57189178466797" lon="127.03919982910156"><ele>15.399999618530273</ele><time>2026-09-10T11:34:21Z</time></trkpt><trkpt lat="37.5718879699707" lon="127.03922271728516"><ele>15.399999618530273</ele><time>2026-09-10T11:34:22Z</time></trkpt><trkpt lat="37.57188415527344" lon="127.03924560546875"><ele>15.399999618530273</ele><time>2026-09-10T11:34:23Z</time></trkpt><trkpt lat="37.57188034057617" lon="127.03926849365234"><ele>15.199999809265137</ele><time>2026-09-10T11:34:24Z</time></trkpt><trkpt lat="37.57188034057617" lon="127.03929901123047"><ele>15.199999809265137</ele><time>2026-09-10T11:34:25Z</time></trkpt><trkpt lat="37.571876525878906" lon="127.03932189941406"><ele>15.199999809265137</ele><time>2026-09-10T11:34:26Z</time></trkpt><trkpt lat="37.57187271118164" lon="127.03934478759766"><ele>15.199999809265137</ele><time>2026-09-10T11:34:27Z</time></trkpt><trkpt lat="37.571868896484375" lon="127.03936767578125"><ele>15.199999809265137</ele><time>2026-09-10T11:34:28Z</time></trkpt><trkpt lat="37.571868896484375" lon="127.03939056396484"><ele>15.199999809265137</ele><time>2026-09-10T11:34:29Z</time></trkpt><trkpt lat="37.571868896484375" lon="127.03941345214844"><ele>15.399999618530273</ele><time>2026-09-10T11:34:30Z</time></trkpt><trkpt lat="37.571868896484375" lon="127.03943634033203"><ele>15.199999809265137</ele><time>2026-09-10T11:34:31Z</time></trkpt><trkpt lat="37.571868896484375" lon="127.03946685791016"><ele>15.199999809265137</ele><time>2026-09-10T11:34:32Z</time></trkpt><trkpt lat="37.571868896484375" lon="127.03948211669922"><ele>15.199999809265137</ele><time>2026-09-10T11:34:33Z</time></trkpt><trkpt lat="37.571868896484375" lon="127.03950500488281"><ele>15.199999809265137</ele><time>2026-09-10T11:34:34Z</time></trkpt><trkpt lat="37.57187271118164" lon="127.03953552246094"><ele>15.199999809265137</ele><time>2026-09-10T11:34:35Z</time></trkpt><trkpt lat="37.57187271118164" lon="127.03955078125"><ele>15.399999618530273</ele><time>2026-09-10T11:34:36Z</time></trkpt><trkpt lat="37.57187271118164" lon="127.0395736694336"><ele>15.199999809265137</ele><time>2026-09-10T11:34:37Z</time></trkpt><trkpt lat="37.571868896484375" lon="127.03959655761719"><ele>15.199999809265137</ele><time>2026-09-10T11:34:38Z</time></trkpt><trkpt lat="37.571868896484375" lon="127.03961181640625"><ele>15.199999809265137</ele><time>2026-09-10T11:34:39Z</time></trkpt><trkpt lat="37.571868896484375" lon="127.03964233398438"><ele>15.199999809265137</ele><time>2026-09-10T11:34:40Z</time></trkpt><trkpt lat="37.571868896484375" lon="127.03965759277344"><ele>15.199999809265137</ele><time>2026-09-10T11:34:41Z</time></trkpt><trkpt lat="37.571868896484375" lon="127.03968048095703"><ele>15.199999809265137</ele><time>2026-09-10T11:34:42Z</time></trkpt><trkpt lat="37.57186508178711" lon="127.03971099853516"><ele>15.199999809265137</ele><time>2026-09-10T11:34:43Z</time></trkpt><trkpt lat="37.57186508178711" lon="127.03973388671875"><ele>15.199999809265137</ele><time>2026-09-10T11:34:44Z</time></trkpt><trkpt lat="37.57186508178711" lon="127.03976440429688"><ele>15.199999809265137</ele><time>2026-09-10T11:34:45Z</time></trkpt><trkpt lat="37.57186508178711" lon="127.039794921875"><ele>15.199999809265137</ele><time>2026-09-10T11:34:46Z</time></trkpt><trkpt lat="37.57186508178711" lon="127.0398178100586"><ele>15.199999809265137</ele><time>2026-09-10T11:34:47Z</time></trkpt><trkpt lat="37.57186508178711" lon="127.03984832763672"><ele>15.199999809265137</ele><time>2026-09-10T11:34:48Z</time></trkpt><trkpt lat="37.57186508178711" lon="127.03987121582031"><ele>15.199999809265137</ele><time>2026-09-10T11:34:49Z</time></trkpt><trkpt lat="37.57186508178711" lon="127.03990173339844"><ele>15.199999809265137</ele><time>2026-09-10T11:34:50Z</time></trkpt><trkpt lat="37.57186508178711" lon="127.03992462158203"><ele>15.199999809265137</ele><time>2026-09-10T11:34:51Z</time></trkpt><trkpt lat="37.57186508178711" lon="127.03994750976562"><ele>15.199999809265137</ele><time>2026-09-10T11:34:52Z</time></trkpt><trkpt lat="37.57186508178711" lon="127.03996276855469"><ele>15.0</ele><time>2026-09-10T11:34:53Z</time></trkpt><trkpt lat="37.571868896484375" lon="127.03998565673828"><ele>15.0</ele><time>2026-09-10T11:34:54Z</time></trkpt><trkpt lat="37.571868896484375" lon="127.04000854492188"><ele>15.0</ele><time>2026-09-10T11:34:55Z</time></trkpt><trkpt lat="37.571876525878906" lon="127.04002380371094"><ele>15.0</ele><time>2026-09-10T11:34:56Z</time></trkpt><trkpt lat="37.571876525878906" lon="127.04004669189453"><ele>15.0</ele><time>2026-09-10T11:34:57Z</time></trkpt><trkpt lat="37.57188034057617" lon="127.04007720947266"><ele>15.0</ele><time>2026-09-10T11:34:58Z</time></trkpt><trkpt lat="37.571876525878906" lon="127.04011535644531"><ele>15.0</ele><time>2026-09-10T11:34:59Z</time></trkpt><trkpt lat="37.571868896484375" lon="127.04014587402344"><ele>15.0</ele><time>2026-09-10T11:35:00Z</time></trkpt><trkpt lat="37.57186508178711" lon="127.04016876220703"><ele>15.0</ele><time>2026-09-10T11:35:01Z</time></trkpt><trkpt lat="37.57185745239258" lon="127.04019927978516"><ele>15.0</ele><time>2026-09-10T11:35:02Z</time></trkpt><trkpt lat="37.57184982299805" lon="127.04022216796875"><ele>15.0</ele><time>2026-09-10T11:35:03Z</time></trkpt><trkpt lat="37.57184600830078" lon="127.04024505615234"><ele>15.0</ele><time>2026-09-10T11:35:04Z</time></trkpt><trkpt lat="37.57183837890625" lon="127.04026794433594"><ele>15.0</ele><time>2026-09-10T11:35:05Z</time></trkpt><trkpt lat="37.571834564208984" lon="127.04029083251953"><ele>15.0</ele><time>2026-09-10T11:35:06Z</time></trkpt><trkpt lat="37.57182693481445" lon="127.0403060913086"><ele>15.0</ele><time>2026-09-10T11:35:07Z</time></trkpt><trkpt lat="37.57182312011719" lon="127.04032897949219"><ele>15.0</ele><time>2026-09-10T11:35:08Z</time></trkpt><trkpt lat="37.57181167602539" lon="127.04035949707031"><ele>15.0</ele><time>2026-09-10T11:35:09Z</time></trkpt><trkpt lat="37.571807861328125" lon="127.04039001464844"><ele>15.0</ele><time>2026-09-10T11:35:10Z</time></trkpt><trkpt lat="37.571800231933594" lon="127.0404281616211"><ele>15.0</ele><time>2026-09-10T11:35:11Z</time></trkpt><trkpt lat="37.57179260253906" lon="127.04045104980469"><ele>15.0</ele><time>2026-09-10T11:35:12Z</time></trkpt><trkpt lat="37.57178497314453" lon="127.04048156738281"><ele>15.0</ele><time>2026-09-10T11:35:13Z</time></trkpt><trkpt lat="37.571781158447266" lon="127.04051208496094"><ele>15.0</ele><time>2026-09-10T11:35:14Z</time></trkpt><trkpt lat="37.57177734375" lon="127.04054260253906"><ele>15.0</ele><time>2026-09-10T11:35:15Z</time></trkpt><trkpt lat="37.571773529052734" lon="127.04057312011719"><ele>15.199999809265137</ele><time>2026-09-10T11:35:16Z</time></trkpt><trkpt lat="37.571773529052734" lon="127.04059600830078"><ele>15.199999809265137</ele><time>2026-09-10T11:35:17Z</time></trkpt><trkpt lat="37.5717658996582" lon="127.0406265258789"><ele>15.199999809265137</ele><time>2026-09-10T11:35:18Z</time></trkpt><trkpt lat="37.5717658996582" lon="127.0406494140625"><ele>15.199999809265137</ele><time>2026-09-10T11:35:19Z</time></trkpt><trkpt lat="37.57176208496094" lon="127.04067993164062"><ele>15.0</ele><time>2026-09-10T11:35:20Z</time></trkpt><trkpt lat="37.57175827026367" lon="127.04071044921875"><ele>15.0</ele><time>2026-09-10T11:35:21Z</time></trkpt><trkpt lat="37.57175827026367" lon="127.04074096679688"><ele>15.0</ele><time>2026-09-10T11:35:22Z</time></trkpt><trkpt lat="37.571754455566406" lon="127.040771484375"><ele>15.0</ele><time>2026-09-10T11:35:23Z</time></trkpt><trkpt lat="37.571754455566406" lon="127.04080200195312"><ele>15.0</ele><time>2026-09-10T11:35:24Z</time></trkpt><trkpt lat="37.57175064086914" lon="127.04082489013672"><ele>15.0</ele><time>2026-09-10T11:35:25Z</time></trkpt><trkpt lat="37.57175064086914" lon="127.04084777832031"><ele>15.0</ele><time>2026-09-10T11:35:26Z</time></trkpt><trkpt lat="37.571746826171875" lon="127.0408706665039"><ele>15.0</ele><time>2026-09-10T11:35:27Z</time></trkpt><trkpt lat="37.571746826171875" lon="127.04088592529297"><ele>15.0</ele><time>2026-09-10T11:35:28Z</time></trkpt><trkpt lat="37.571746826171875" lon="127.0409164428711"><ele>15.0</ele><time>2026-09-10T11:35:29Z</time></trkpt><trkpt lat="37.571746826171875" lon="127.04096221923828"><ele>15.0</ele><time>2026-09-10T11:35:30Z</time></trkpt><trkpt lat="37.571746826171875" lon="127.04100036621094"><ele>15.0</ele><time>2026-09-10T11:35:31Z</time></trkpt><trkpt lat="37.571746826171875" lon="127.04104614257812"><ele>15.0</ele><time>2026-09-10T11:35:32Z</time></trkpt><trkpt lat="37.57175064086914" lon="127.04107666015625"><ele>14.800000190734863</ele><time>2026-09-10T11:35:33Z</time></trkpt><trkpt lat="37.57175064086914" lon="127.0411148071289"><ele>14.800000190734863</ele><time>2026-09-10T11:35:34Z</time></trkpt><trkpt lat="37.57175064086914" lon="127.04114532470703"><ele>14.800000190734863</ele><time>2026-09-10T11:35:35Z</time></trkpt><trkpt lat="37.571746826171875" lon="127.04117584228516"><ele>14.800000190734863</ele><time>2026-09-10T11:35:36Z</time></trkpt><trkpt lat="37.571739196777344" lon="127.04120635986328"><ele>14.800000190734863</ele><time>2026-09-10T11:35:37Z</time></trkpt><trkpt lat="37.57172775268555" lon="127.04122924804688"><ele>14.800000190734863</ele><time>2026-09-10T11:35:38Z</time></trkpt><trkpt lat="37.57172393798828" lon="127.04125213623047"><ele>14.800000190734863</ele><time>2026-09-10T11:35:39Z</time></trkpt><trkpt lat="37.57171630859375" lon="127.04126739501953"><ele>14.800000190734863</ele><time>2026-09-10T11:35:40Z</time></trkpt><trkpt lat="37.571712493896484" lon="127.04129028320312"><ele>15.0</ele><time>2026-09-10T11:35:41Z</time></trkpt><trkpt lat="37.57170486450195" lon="127.04130554199219"><ele>15.0</ele><time>2026-09-10T11:35:42Z</time></trkpt><trkpt lat="37.57170104980469" lon="127.04132080078125"><ele>15.0</ele><time>2026-09-10T11:35:43Z</time></trkpt><trkpt lat="37.571693420410156" lon="127.04133605957031"><ele>15.0</ele><time>2026-09-10T11:35:44Z</time></trkpt><trkpt lat="37.57168197631836" lon="127.0413589477539"><ele>15.0</ele><time>2026-09-10T11:35:45Z</time></trkpt><trkpt lat="37.57167053222656" lon="127.04137420654297"><ele>14.800000190734863</ele><time>2026-09-10T11:35:46Z</time></trkpt><trkpt lat="37.5716552734375" lon="127.0413818359375"><ele>15.0</ele><time>2026-09-10T11:35:47Z</time></trkpt><trkpt lat="37.57164001464844" lon="127.04138946533203"><ele>15.0</ele><time>2026-09-10T11:35:48Z</time></trkpt><trkpt lat="37.571624755859375" lon="127.0414047241211"><ele>14.800000190734863</ele><time>2026-09-10T11:35:49Z</time></trkpt><trkpt lat="37.57161331176758" lon="127.04141235351562"><ele>14.800000190734863</ele><time>2026-09-10T11:35:50Z</time></trkpt><trkpt lat="37.57160186767578" lon="127.04141998291016"><ele>14.800000190734863</ele><time>2026-09-10T11:35:51Z</time></trkpt><trkpt lat="37.57159423828125" lon="127.04143524169922"><ele>14.800000190734863</ele><time>2026-09-10T11:35:52Z</time></trkpt><trkpt lat="37.57158660888672" lon="127.04145050048828"><ele>14.800000190734863</ele><time>2026-09-10T11:35:53Z</time></trkpt><trkpt lat="37.57157516479492" lon="127.04147338867188"><ele>15.0</ele><time>2026-09-10T11:35:54Z</time></trkpt><trkpt lat="37.57156753540039" lon="127.04148864746094"><ele>15.0</ele><time>2026-09-10T11:35:55Z</time></trkpt><trkpt lat="37.571556091308594" lon="127.04151153564453"><ele>15.0</ele><time>2026-09-10T11:35:56Z</time></trkpt><trkpt lat="37.57154846191406" lon="127.04154205322266"><ele>15.0</ele><time>2026-09-10T11:35:57Z</time></trkpt><trkpt lat="37.57154083251953" lon="127.04156494140625"><ele>15.0</ele><time>2026-09-10T11:35:58Z</time></trkpt><trkpt lat="37.571533203125" lon="127.04158782958984"><ele>15.0</ele><time>2026-09-10T11:35:59Z</time></trkpt><trkpt lat="37.571529388427734" lon="127.04161071777344"><ele>15.0</ele><time>2026-09-10T11:36:00Z</time></trkpt><trkpt lat="37.5715217590332" lon="127.04163360595703"><ele>15.0</ele><time>2026-09-10T11:36:01Z</time></trkpt><trkpt lat="37.571510314941406" lon="127.04165649414062"><ele>14.800000190734863</ele><time>2026-09-10T11:36:02Z</time></trkpt><trkpt lat="37.571502685546875" lon="127.04167175292969"><ele>14.800000190734863</ele><time>2026-09-10T11:36:03Z</time></trkpt><trkpt lat="37.57148361206055" lon="127.04168701171875"><ele>14.800000190734863</ele><time>2026-09-10T11:36:04Z</time></trkpt><trkpt lat="37.57147216796875" lon="127.04170227050781"><ele>14.800000190734863</ele><time>2026-09-10T11:36:05Z</time></trkpt><trkpt lat="37.57145690917969" lon="127.0417251586914"><ele>14.800000190734863</ele><time>2026-09-10T11:36:06Z</time></trkpt><trkpt lat="37.571441650390625" lon="127.04174041748047"><ele>14.800000190734863</ele><time>2026-09-10T11:36:07Z</time></trkpt><trkpt lat="37.57142639160156" lon="127.04175567626953"><ele>14.800000190734863</ele><time>2026-09-10T11:36:08Z</time></trkpt><trkpt lat="37.57140350341797" lon="127.04177856445312"><ele>15.0</ele><time>2026-09-10T11:36:09Z</time></trkpt><trkpt lat="37.57139587402344" lon="127.04179382324219"><ele>15.0</ele><time>2026-09-10T11:36:10Z</time></trkpt><trkpt lat="37.57137680053711" lon="127.04181671142578"><ele>15.0</ele><time>2026-09-10T11:36:11Z</time></trkpt><trkpt lat="37.57136917114258" lon="127.04183197021484"><ele>15.0</ele><time>2026-09-10T11:36:12Z</time></trkpt><trkpt lat="37.571353912353516" lon="127.0418472290039"><ele>15.0</ele><time>2026-09-10T11:36:13Z</time></trkpt><trkpt lat="37.57133865356445" lon="127.0418701171875"><ele>15.0</ele><time>2026-09-10T11:36:14Z</time></trkpt><trkpt lat="37.571327209472656" lon="127.04188537597656"><ele>15.0</ele><time>2026-09-10T11:36:15Z</time></trkpt><trkpt lat="37.571311950683594" lon="127.04190063476562"><ele>15.0</ele><time>2026-09-10T11:36:16Z</time></trkpt><trkpt lat="37.5713005065918" lon="127.04192352294922"><ele>15.0</ele><time>2026-09-10T11:36:17Z</time></trkpt><trkpt lat="37.5712890625" lon="127.04194641113281"><ele>15.0</ele><time>2026-09-10T11:36:18Z</time></trkpt><trkpt lat="37.5712776184082" lon="127.04197692871094"><ele>15.0</ele><time>2026-09-10T11:36:19Z</time></trkpt><trkpt lat="37.57126235961914" lon="127.04200744628906"><ele>15.0</ele><time>2026-09-10T11:36:20Z</time></trkpt><trkpt lat="37.571250915527344" lon="127.04203796386719"><ele>15.0</ele><time>2026-09-10T11:36:21Z</time></trkpt><trkpt lat="37.57123947143555" lon="127.04206085205078"><ele>15.0</ele><time>2026-09-10T11:36:22Z</time></trkpt><trkpt lat="37.571224212646484" lon="127.04208374023438"><ele>15.0</ele><time>2026-09-10T11:36:23Z</time></trkpt><trkpt lat="37.57121276855469" lon="127.04210662841797"><ele>15.0</ele><time>2026-09-10T11:36:24Z</time></trkpt><trkpt lat="37.57119369506836" lon="127.04212951660156"><ele>15.0</ele><time>2026-09-10T11:36:25Z</time></trkpt><trkpt lat="37.57118606567383" lon="127.04215240478516"><ele>15.0</ele><time>2026-09-10T11:36:26Z</time></trkpt><trkpt lat="37.571170806884766" lon="127.04216766357422"><ele>15.0</ele><time>2026-09-10T11:36:27Z</time></trkpt><trkpt lat="37.57115936279297" lon="127.04219055175781"><ele>15.0</ele><time>2026-09-10T11:36:28Z</time></trkpt><trkpt lat="37.57115173339844" lon="127.04220581054688"><ele>15.0</ele><time>2026-09-10T11:36:29Z</time></trkpt><trkpt lat="37.571136474609375" lon="127.04222869873047"><ele>15.0</ele><time>2026-09-10T11:36:30Z</time></trkpt><trkpt lat="37.571128845214844" lon="127.04225158691406"><ele>15.0</ele><time>2026-09-10T11:36:31Z</time></trkpt><trkpt lat="37.57111358642578" lon="127.04227447509766"><ele>15.0</ele><time>2026-09-10T11:36:32Z</time></trkpt><trkpt lat="37.571102142333984" lon="127.04229736328125"><ele>15.0</ele><time>2026-09-10T11:36:33Z</time></trkpt><trkpt lat="37.57108688354492" lon="127.04232025146484"><ele>15.0</ele><time>2026-09-10T11:36:34Z</time></trkpt><trkpt lat="37.57107925415039" lon="127.0423355102539"><ele>15.0</ele><time>2026-09-10T11:36:35Z</time></trkpt><trkpt lat="37.57106399536133" lon="127.04236602783203"><ele>14.800000190734863</ele><time>2026-09-10T11:36:36Z</time></trkpt><trkpt lat="37.5710563659668" lon="127.0423812866211"><ele>14.800000190734863</ele><time>2026-09-10T11:36:37Z</time></trkpt><trkpt lat="37.571041107177734" lon="127.04241180419922"><ele>14.800000190734863</ele><time>2026-09-10T11:36:38Z</time></trkpt><trkpt lat="37.57102584838867" lon="127.04242706298828"><ele>14.800000190734863</ele><time>2026-09-10T11:36:39Z</time></trkpt><trkpt lat="37.571014404296875" lon="127.04244995117188"><ele>14.800000190734863</ele><time>2026-09-10T11:36:40Z</time></trkpt><trkpt lat="37.57100296020508" lon="127.04247283935547"><ele>14.800000190734863</ele><time>2026-09-10T11:36:41Z</time></trkpt><trkpt lat="37.57099151611328" lon="127.04248809814453"><ele>14.800000190734863</ele><time>2026-09-10T11:36:42Z</time></trkpt><trkpt lat="37.57097625732422" lon="127.04251098632812"><ele>14.800000190734863</ele><time>2026-09-10T11:36:43Z</time></trkpt><trkpt lat="37.57096862792969" lon="127.04252624511719"><ele>14.800000190734863</ele><time>2026-09-10T11:36:44Z</time></trkpt><trkpt lat="37.570953369140625" lon="127.04254913330078"><ele>14.800000190734863</ele><time>2026-09-10T11:36:45Z</time></trkpt><trkpt lat="37.570945739746094" lon="127.04257202148438"><ele>14.800000190734863</ele><time>2026-09-10T11:36:46Z</time></trkpt><trkpt lat="37.570926666259766" lon="127.04259490966797"><ele>14.800000190734863</ele><time>2026-09-10T11:36:47Z</time></trkpt><trkpt lat="37.5709114074707" lon="127.04261016845703"><ele>14.800000190734863</ele><time>2026-09-10T11:36:48Z</time></trkpt><trkpt lat="37.57089614868164" lon="127.04263305664062"><ele>14.800000190734863</ele><time>2026-09-10T11:36:49Z</time></trkpt><trkpt lat="37.57088851928711" lon="127.04265594482422"><ele>14.800000190734863</ele><time>2026-09-10T11:36:50Z</time></trkpt><trkpt lat="37.57087707519531" lon="127.04267120361328"><ele>14.800000190734863</ele><time>2026-09-10T11:36:51Z</time></trkpt><trkpt lat="37.570865631103516" lon="127.04269409179688"><ele>14.800000190734863</ele><time>2026-09-10T11:36:52Z</time></trkpt><trkpt lat="37.57085418701172" lon="127.04270935058594"><ele>15.0</ele><time>2026-09-10T11:36:53Z</time></trkpt><trkpt lat="37.57084655761719" lon="127.042724609375"><ele>15.0</ele><time>2026-09-10T11:36:54Z</time></trkpt><trkpt lat="37.570838928222656" lon="127.04273986816406"><ele>15.0</ele><time>2026-09-10T11:36:55Z</time></trkpt><trkpt lat="37.57082748413086" lon="127.04276275634766"><ele>14.800000190734863</ele><time>2026-09-10T11:36:56Z</time></trkpt><trkpt lat="37.57081604003906" lon="127.04279327392578"><ele>14.800000190734863</ele><time>2026-09-10T11:36:57Z</time></trkpt><trkpt lat="37.57080078125" lon="127.04281616210938"><ele>14.800000190734863</ele><time>2026-09-10T11:36:58Z</time></trkpt><trkpt lat="37.5707893371582" lon="127.04283142089844"><ele>14.800000190734863</ele><time>2026-09-10T11:36:59Z</time></trkpt><trkpt lat="37.570777893066406" lon="127.04285430908203"><ele>14.800000190734863</ele><time>2026-09-10T11:37:00Z</time></trkpt><trkpt lat="37.570762634277344" lon="127.04287719726562"><ele>14.800000190734863</ele><time>2026-09-10T11:37:01Z</time></trkpt><trkpt lat="37.57075500488281" lon="127.04289245605469"><ele>14.800000190734863</ele><time>2026-09-10T11:37:02Z</time></trkpt><trkpt lat="37.570735931396484" lon="127.04291534423828"><ele>14.600000381469727</ele><time>2026-09-10T11:37:03Z</time></trkpt><trkpt lat="37.57072448730469" lon="127.04293060302734"><ele>14.600000381469727</ele><time>2026-09-10T11:37:04Z</time></trkpt><trkpt lat="37.570709228515625" lon="127.04295349121094"><ele>14.600000381469727</ele><time>2026-09-10T11:37:05Z</time></trkpt><trkpt lat="37.57069778442383" lon="127.04297637939453"><ele>14.800000190734863</ele><time>2026-09-10T11:37:06Z</time></trkpt><trkpt lat="37.57069396972656" lon="127.0429916381836"><ele>14.800000190734863</ele><time>2026-09-10T11:37:07Z</time></trkpt><trkpt lat="37.57069778442383" lon="127.04302215576172"><ele>14.800000190734863</ele><time>2026-09-10T11:37:08Z</time></trkpt><trkpt lat="37.57071304321289" lon="127.04303741455078"><ele>14.800000190734863</ele><time>2026-09-10T11:37:09Z</time></trkpt><trkpt lat="37.57072830200195" lon="127.04305267333984"><ele>14.800000190734863</ele><time>2026-09-10T11:37:10Z</time></trkpt><trkpt lat="37.570743560791016" lon="127.04306030273438"><ele>14.800000190734863</ele><time>2026-09-10T11:37:11Z</time></trkpt><trkpt lat="37.57075881958008" lon="127.04307556152344"><ele>14.800000190734863</ele><time>2026-09-10T11:37:12Z</time></trkpt><trkpt lat="37.570770263671875" lon="127.0430908203125"><ele>14.800000190734863</ele><time>2026-09-10T11:37:13Z</time></trkpt><trkpt lat="37.57078552246094" lon="127.04309844970703"><ele>14.800000190734863</ele><time>2026-09-10T11:37:14Z</time></trkpt><trkpt lat="37.57080078125" lon="127.0431137084961"><ele>14.800000190734863</ele><time>2026-09-10T11:37:15Z</time></trkpt><trkpt lat="37.5708122253418" lon="127.04312133789062"><ele>14.800000190734863</ele><time>2026-09-10T11:37:16Z</time></trkpt><trkpt lat="37.570823669433594" lon="127.04313659667969"><ele>14.600000381469727</ele><time>2026-09-10T11:37:17Z</time></trkpt><trkpt lat="37.57083511352539" lon="127.04316711425781"><ele>14.600000381469727</ele><time>2026-09-10T11:37:18Z</time></trkpt><trkpt lat="37.57083511352539" lon="127.04318237304688"><ele>14.600000381469727</ele><time>2026-09-10T11:37:19Z</time></trkpt><trkpt lat="37.57082748413086" lon="127.04320526123047"><ele>14.399999618530273</ele><time>2026-09-10T11:37:20Z</time></trkpt><trkpt lat="37.57081985473633" lon="127.04322052001953"><ele>14.399999618530273</ele><time>2026-09-10T11:37:21Z</time></trkpt><trkpt lat="37.57081604003906" lon="127.04324340820312"><ele>14.399999618530273</ele><time>2026-09-10T11:37:22Z</time></trkpt><trkpt lat="37.570804595947266" lon="127.04325866699219"><ele>14.399999618530273</ele><time>2026-09-10T11:37:23Z</time></trkpt><trkpt lat="37.570796966552734" lon="127.04328155517578"><ele>14.399999618530273</ele><time>2026-09-10T11:37:24Z</time></trkpt><trkpt lat="37.57078552246094" lon="127.04330444335938"><ele>14.399999618530273</ele><time>2026-09-10T11:37:25Z</time></trkpt><trkpt lat="37.57078170776367" lon="127.04331970214844"><ele>14.399999618530273</ele><time>2026-09-10T11:37:26Z</time></trkpt><trkpt lat="37.57077407836914" lon="127.04334259033203"><ele>14.399999618530273</ele><time>2026-09-10T11:37:27Z</time></trkpt><trkpt lat="37.570770263671875" lon="127.04336547851562"><ele>14.399999618530273</ele><time>2026-09-10T11:37:28Z</time></trkpt><trkpt lat="37.57075881958008" lon="127.04338073730469"><ele>14.399999618530273</ele><time>2026-09-10T11:37:29Z</time></trkpt><trkpt lat="37.57074737548828" lon="127.04340362548828"><ele>14.399999618530273</ele><time>2026-09-10T11:37:30Z</time></trkpt><trkpt lat="37.570743560791016" lon="127.0434341430664"><ele>14.399999618530273</ele><time>2026-09-10T11:37:31Z</time></trkpt><trkpt lat="37.57072830200195" lon="127.04346466064453"><ele>14.399999618530273</ele><time>2026-09-10T11:37:32Z</time></trkpt><trkpt lat="37.57072067260742" lon="127.04348754882812"><ele>14.399999618530273</ele><time>2026-09-10T11:37:33Z</time></trkpt><trkpt lat="37.570709228515625" lon="127.04351043701172"><ele>14.399999618530273</ele><time>2026-09-10T11:37:34Z</time></trkpt><trkpt lat="37.57069778442383" lon="127.04353332519531"><ele>14.399999618530273</ele><time>2026-09-10T11:37:35Z</time></trkpt><trkpt lat="37.57069396972656" lon="127.0435562133789"><ele>14.199999809265137</ele><time>2026-09-10T11:37:36Z</time></trkpt><trkpt lat="37.570682525634766" lon="127.04358673095703"><ele>14.399999618530273</ele><time>2026-09-10T11:37:37Z</time></trkpt><trkpt lat="37.57067108154297" lon="127.04360961914062"><ele>14.199999809265137</ele><time>2026-09-10T11:37:38Z</time></trkpt><trkpt lat="37.570655822753906" lon="127.04363250732422"><ele>14.399999618530273</ele><time>2026-09-10T11:37:39Z</time></trkpt><trkpt lat="37.570648193359375" lon="127.04365539550781"><ele>14.199999809265137</ele><time>2026-09-10T11:37:40Z</time></trkpt><trkpt lat="37.57063293457031" lon="127.0436782836914"><ele>14.199999809265137</ele><time>2026-09-10T11:37:41Z</time></trkpt><trkpt lat="37.57061767578125" lon="127.04369354248047"><ele>14.199999809265137</ele><time>2026-09-10T11:37:42Z</time></trkpt><trkpt lat="37.57060623168945" lon="127.04371643066406"><ele>14.199999809265137</ele><time>2026-09-10T11:37:43Z</time></trkpt><trkpt lat="37.570594787597656" lon="127.04373168945312"><ele>14.199999809265137</ele><time>2026-09-10T11:37:44Z</time></trkpt><trkpt lat="37.570579528808594" lon="127.04376220703125"><ele>14.199999809265137</ele><time>2026-09-10T11:37:45Z</time></trkpt><trkpt lat="37.57057189941406" lon="127.04378509521484"><ele>14.199999809265137</ele><time>2026-09-10T11:37:46Z</time></trkpt><trkpt lat="37.570560455322266" lon="127.04380798339844"><ele>14.199999809265137</ele><time>2026-09-10T11:37:47Z</time></trkpt><trkpt lat="37.5705451965332" lon="127.0438232421875"><ele>14.199999809265137</ele><time>2026-09-10T11:37:48Z</time></trkpt><trkpt lat="37.570533752441406" lon="127.04383850097656"><ele>14.199999809265137</ele><time>2026-09-10T11:37:49Z</time></trkpt><trkpt lat="37.570526123046875" lon="127.04386138916016"><ele>14.0</ele><time>2026-09-10T11:37:50Z</time></trkpt><trkpt lat="37.570518493652344" lon="127.04387664794922"><ele>14.0</ele><time>2026-09-10T11:37:51Z</time></trkpt><trkpt lat="37.57050323486328" lon="127.04389953613281"><ele>14.0</ele><time>2026-09-10T11:37:52Z</time></trkpt><trkpt lat="37.570491790771484" lon="127.04391479492188"><ele>14.0</ele><time>2026-09-10T11:37:53Z</time></trkpt><trkpt lat="37.57047653198242" lon="127.04393768310547"><ele>14.0</ele><time>2026-09-10T11:37:54Z</time></trkpt><trkpt lat="37.570465087890625" lon="127.04395294189453"><ele>14.0</ele><time>2026-09-10T11:37:55Z</time></trkpt><trkpt lat="37.570457458496094" lon="127.04397583007812"><ele>14.0</ele><time>2026-09-10T11:37:56Z</time></trkpt><trkpt lat="37.5704460144043" lon="127.04399871826172"><ele>14.199999809265137</ele><time>2026-09-10T11:37:57Z</time></trkpt><trkpt lat="37.570438385009766" lon="127.04402160644531"><ele>14.199999809265137</ele><time>2026-09-10T11:37:58Z</time></trkpt><trkpt lat="37.570430755615234" lon="127.04403686523438"><ele>14.199999809265137</ele><time>2026-09-10T11:37:59Z</time></trkpt><trkpt lat="37.57041549682617" lon="127.04405975341797"><ele>14.199999809265137</ele><time>2026-09-10T11:38:00Z</time></trkpt><trkpt lat="37.570404052734375" lon="127.0440902709961"><ele>14.199999809265137</ele><time>2026-09-10T11:38:01Z</time></trkpt><trkpt lat="37.57038879394531" lon="127.04411315917969"><ele>14.0</ele><time>2026-09-10T11:38:02Z</time></trkpt><trkpt lat="37.57038116455078" lon="127.04413604736328"><ele>14.0</ele><time>2026-09-10T11:38:03Z</time></trkpt><trkpt lat="37.57036590576172" lon="127.04415893554688"><ele>14.0</ele><time>2026-09-10T11:38:04Z</time></trkpt><trkpt lat="37.57035446166992" lon="127.04419708251953"><ele>14.0</ele><time>2026-09-10T11:38:05Z</time></trkpt><trkpt lat="37.570335388183594" lon="127.04422760009766"><ele>14.0</ele><time>2026-09-10T11:38:06Z</time></trkpt><trkpt lat="37.5703239440918" lon="127.04425048828125"><ele>14.0</ele><time>2026-09-10T11:38:07Z</time></trkpt><trkpt lat="37.570316314697266" lon="127.04427337646484"><ele>13.800000190734863</ele><time>2026-09-10T11:38:08Z</time></trkpt><trkpt lat="37.5703010559082" lon="127.04429626464844"><ele>13.800000190734863</ele><time>2026-09-10T11:38:09Z</time></trkpt><trkpt lat="37.570289611816406" lon="127.0443115234375"><ele>13.800000190734863</ele><time>2026-09-10T11:38:10Z</time></trkpt><trkpt lat="37.570281982421875" lon="127.04432678222656"><ele>13.600000381469727</ele><time>2026-09-10T11:38:11Z</time></trkpt><trkpt lat="37.57027053833008" lon="127.04434967041016"><ele>13.600000381469727</ele><time>2026-09-10T11:38:12Z</time></trkpt><trkpt lat="37.57025909423828" lon="127.04437255859375"><ele>13.600000381469727</ele><time>2026-09-10T11:38:13Z</time></trkpt><trkpt lat="37.570247650146484" lon="127.04439544677734"><ele>13.600000381469727</ele><time>2026-09-10T11:38:14Z</time></trkpt><trkpt lat="37.570228576660156" lon="127.04442596435547"><ele>13.600000381469727</ele><time>2026-09-10T11:38:15Z</time></trkpt><trkpt lat="37.570213317871094" lon="127.0444564819336"><ele>13.600000381469727</ele><time>2026-09-10T11:38:16Z</time></trkpt><trkpt lat="37.5702018737793" lon="127.04448699951172"><ele>13.600000381469727</ele><time>2026-09-10T11:38:17Z</time></trkpt><trkpt lat="37.5701904296875" lon="127.04451751708984"><ele>13.800000190734863</ele><time>2026-09-10T11:38:18Z</time></trkpt><trkpt lat="37.5701789855957" lon="127.04454040527344"><ele>13.600000381469727</ele><time>2026-09-10T11:38:19Z</time></trkpt><trkpt lat="37.570167541503906" lon="127.04457092285156"><ele>13.600000381469727</ele><time>2026-09-10T11:38:20Z</time></trkpt><trkpt lat="37.570159912109375" lon="127.04459381103516"><ele>13.600000381469727</ele><time>2026-09-10T11:38:21Z</time></trkpt><trkpt lat="37.57014465332031" lon="127.04462432861328"><ele>13.600000381469727</ele><time>2026-09-10T11:38:22Z</time></trkpt><trkpt lat="37.57013702392578" lon="127.04463958740234"><ele>13.600000381469727</ele><time>2026-09-10T11:38:23Z</time></trkpt><trkpt lat="37.570125579833984" lon="127.04467010498047"><ele>13.600000381469727</ele><time>2026-09-10T11:38:24Z</time></trkpt><trkpt lat="37.57011413574219" lon="127.04468536376953"><ele>13.600000381469727</ele><time>2026-09-10T11:38:25Z</time></trkpt><trkpt lat="37.570106506347656" lon="127.04471588134766"><ele>13.600000381469727</ele><time>2026-09-10T11:38:26Z</time></trkpt><trkpt lat="37.57009506225586" lon="127.04473876953125"><ele>13.600000381469727</ele><time>2026-09-10T11:38:27Z</time></trkpt><trkpt lat="37.57008361816406" lon="127.04476928710938"><ele>13.600000381469727</ele><time>2026-09-10T11:38:28Z</time></trkpt><trkpt lat="37.57007598876953" lon="127.04479217529297"><ele>13.600000381469727</ele><time>2026-09-10T11:38:29Z</time></trkpt><trkpt lat="37.570068359375" lon="127.04481506347656"><ele>13.600000381469727</ele><time>2026-09-10T11:38:30Z</time></trkpt><trkpt lat="37.57005310058594" lon="127.04484558105469"><ele>13.600000381469727</ele><time>2026-09-10T11:38:31Z</time></trkpt><trkpt lat="37.570045471191406" lon="127.04486846923828"><ele>13.600000381469727</ele><time>2026-09-10T11:38:32Z</time></trkpt><trkpt lat="37.570030212402344" lon="127.0448989868164"><ele>13.600000381469727</ele><time>2026-09-10T11:38:33Z</time></trkpt><trkpt lat="37.57002258300781" lon="127.044921875"><ele>13.600000381469727</ele><time>2026-09-10T11:38:34Z</time></trkpt><trkpt lat="37.57001495361328" lon="127.04495239257812"><ele>13.600000381469727</ele><time>2026-09-10T11:38:35Z</time></trkpt><trkpt lat="37.570003509521484" lon="127.04497528076172"><ele>13.600000381469727</ele><time>2026-09-10T11:38:36Z</time></trkpt><trkpt lat="37.56999588012695" lon="127.04500579833984"><ele>13.600000381469727</ele><time>2026-09-10T11:38:37Z</time></trkpt><trkpt lat="37.569984436035156" lon="127.04502868652344"><ele>13.600000381469727</ele><time>2026-09-10T11:38:38Z</time></trkpt><trkpt lat="37.56997299194336" lon="127.0450439453125"><ele>13.600000381469727</ele><time>2026-09-10T11:38:39Z</time></trkpt><trkpt lat="37.56996154785156" lon="127.0450668334961"><ele>13.600000381469727</ele><time>2026-09-10T11:38:40Z</time></trkpt><trkpt lat="37.569950103759766" lon="127.04508972167969"><ele>13.399999618530273</ele><time>2026-09-10T11:38:41Z</time></trkpt><trkpt lat="37.56993865966797" lon="127.04511260986328"><ele>13.399999618530273</ele><time>2026-09-10T11:38:42Z</time></trkpt><trkpt lat="37.56992721557617" lon="127.04512786865234"><ele>13.399999618530273</ele><time>2026-09-10T11:38:43Z</time></trkpt><trkpt lat="37.569915771484375" lon="127.04515838623047"><ele>13.399999618530273</ele><time>2026-09-10T11:38:44Z</time></trkpt><trkpt lat="37.56990051269531" lon="127.04518127441406"><ele>13.399999618530273</ele><time>2026-09-10T11:38:45Z</time></trkpt><trkpt lat="37.569889068603516" lon="127.04519653320312"><ele>13.399999618530273</ele><time>2026-09-10T11:38:46Z</time></trkpt><trkpt lat="37.56987380981445" lon="127.04521942138672"><ele>13.399999618530273</ele><time>2026-09-10T11:38:47Z</time></trkpt><trkpt lat="37.569862365722656" lon="127.04524230957031"><ele>13.399999618530273</ele><time>2026-09-10T11:38:48Z</time></trkpt><trkpt lat="37.569847106933594" lon="127.04525756835938"><ele>13.399999618530273</ele><time>2026-09-10T11:38:49Z</time></trkpt><trkpt lat="37.56983184814453" lon="127.04527282714844"><ele>13.199999809265137</ele><time>2026-09-10T11:38:50Z</time></trkpt><trkpt lat="37.56981658935547" lon="127.04529571533203"><ele>13.399999618530273</ele><time>2026-09-10T11:38:51Z</time></trkpt><trkpt lat="37.56979751586914" lon="127.04531860351562"><ele>13.399999618530273</ele><time>2026-09-10T11:38:52Z</time></trkpt><trkpt lat="37.569786071777344" lon="127.04534149169922"><ele>13.399999618530273</ele><time>2026-09-10T11:38:53Z</time></trkpt><trkpt lat="37.569766998291016" lon="127.04536437988281"><ele>13.399999618530273</ele><time>2026-09-10T11:38:54Z</time></trkpt><trkpt lat="37.56975173950195" lon="127.0453872680664"><ele>13.399999618530273</ele><time>2026-09-10T11:38:55Z</time></trkpt><trkpt lat="37.56973648071289" lon="127.04540252685547"><ele>13.399999618530273</ele><time>2026-09-10T11:38:56Z</time></trkpt><trkpt lat="37.56972122192383" lon="127.04542541503906"><ele>13.399999618530273</ele><time>2026-09-10T11:38:57Z</time></trkpt><trkpt lat="37.56970977783203" lon="127.04544067382812"><ele>13.399999618530273</ele><time>2026-09-10T11:38:58Z</time></trkpt><trkpt lat="37.5696907043457" lon="127.04545593261719"><ele>13.399999618530273</ele><time>2026-09-10T11:38:59Z</time></trkpt><trkpt lat="37.569679260253906" lon="127.04547882080078"><ele>13.399999618530273</ele><time>2026-09-10T11:39:00Z</time></trkpt><trkpt lat="37.56966018676758" lon="127.04550170898438"><ele>13.399999618530273</ele><time>2026-09-10T11:39:01Z</time></trkpt><trkpt lat="37.56964874267578" lon="127.04551696777344"><ele>13.399999618530273</ele><time>2026-09-10T11:39:02Z</time></trkpt><trkpt lat="37.56963348388672" lon="127.0455322265625"><ele>13.199999809265137</ele><time>2026-09-10T11:39:03Z</time></trkpt><trkpt lat="37.56961441040039" lon="127.0455551147461"><ele>13.199999809265137</ele><time>2026-09-10T11:39:04Z</time></trkpt><trkpt lat="37.569602966308594" lon="127.04557037353516"><ele>13.199999809265137</ele><time>2026-09-10T11:39:05Z</time></trkpt><trkpt lat="37.569583892822266" lon="127.04559326171875"><ele>13.199999809265137</ele><time>2026-09-10T11:39:06Z</time></trkpt><trkpt lat="37.5695686340332" lon="127.04560852050781"><ele>13.199999809265137</ele><time>2026-09-10T11:39:07Z</time></trkpt><trkpt lat="37.56955337524414" lon="127.04561614990234"><ele>13.199999809265137</ele><time>2026-09-10T11:39:08Z</time></trkpt><trkpt lat="37.569541931152344" lon="127.0456314086914"><ele>13.199999809265137</ele><time>2026-09-10T11:39:09Z</time></trkpt><trkpt lat="37.56953048706055" lon="127.04564666748047"><ele>13.0</ele><time>2026-09-10T11:39:10Z</time></trkpt><trkpt lat="37.56951904296875" lon="127.04566192626953"><ele>13.199999809265137</ele><time>2026-09-10T11:39:11Z</time></trkpt><trkpt lat="37.56950378417969" lon="127.04566955566406"><ele>13.199999809265137</ele><time>2026-09-10T11:39:12Z</time></trkpt><trkpt lat="37.569488525390625" lon="127.04568481445312"><ele>13.199999809265137</ele><time>2026-09-10T11:39:13Z</time></trkpt><trkpt lat="37.56947326660156" lon="127.04569244384766"><ele>13.199999809265137</ele><time>2026-09-10T11:39:14Z</time></trkpt><trkpt lat="37.5694580078125" lon="127.04570770263672"><ele>13.0</ele><time>2026-09-10T11:39:15Z</time></trkpt><trkpt lat="37.56944274902344" lon="127.04571533203125"><ele>13.0</ele><time>2026-09-10T11:39:16Z</time></trkpt><trkpt lat="37.569427490234375" lon="127.04573822021484"><ele>13.0</ele><time>2026-09-10T11:39:17Z</time></trkpt><trkpt lat="37.56941223144531" lon="127.0457534790039"><ele>13.0</ele><time>2026-09-10T11:39:18Z</time></trkpt><trkpt lat="37.56939697265625" lon="127.04576873779297"><ele>13.0</ele><time>2026-09-10T11:39:19Z</time></trkpt><trkpt lat="37.56937789916992" lon="127.0457763671875"><ele>13.0</ele><time>2026-09-10T11:39:20Z</time></trkpt><trkpt lat="37.56936264038086" lon="127.04579162597656"><ele>13.0</ele><time>2026-09-10T11:39:21Z</time></trkpt><trkpt lat="37.56934356689453" lon="127.0457992553711"><ele>13.0</ele><time>2026-09-10T11:39:22Z</time></trkpt><trkpt lat="37.56932830810547" lon="127.04580688476562"><ele>13.0</ele><time>2026-09-10T11:39:23Z</time></trkpt><trkpt lat="37.569313049316406" lon="127.04581451416016"><ele>13.0</ele><time>2026-09-10T11:39:24Z</time></trkpt><trkpt lat="37.56929397583008" lon="127.04582214355469"><ele>12.800000190734863</ele><time>2026-09-10T11:39:25Z</time></trkpt><trkpt lat="37.569278717041016" lon="127.04583740234375"><ele>12.800000190734863</ele><time>2026-09-10T11:39:26Z</time></trkpt><trkpt lat="37.56926345825195" lon="127.04584503173828"><ele>12.800000190734863</ele><time>2026-09-10T11:39:27Z</time></trkpt><trkpt lat="37.569244384765625" lon="127.04585266113281"><ele>12.800000190734863</ele><time>2026-09-10T11:39:28Z</time></trkpt><trkpt lat="37.5692253112793" lon="127.0458755493164"><ele>12.600000381469727</ele><time>2026-09-10T11:39:29Z</time></trkpt><trkpt lat="37.569210052490234" lon="127.04589080810547"><ele>12.600000381469727</ele><time>2026-09-10T11:39:30Z</time></trkpt><trkpt lat="37.56918716430664" lon="127.0458984375"><ele>12.600000381469727</ele><time>2026-09-10T11:39:31Z</time></trkpt><trkpt lat="37.56916427612305" lon="127.04590606689453"><ele>12.600000381469727</ele><time>2026-09-10T11:39:32Z</time></trkpt><trkpt lat="37.56913757324219" lon="127.0459213256836"><ele>12.600000381469727</ele><time>2026-09-10T11:39:33Z</time></trkpt><trkpt lat="37.5691032409668" lon="127.04592895507812"><ele>12.600000381469727</ele><time>2026-09-10T11:39:34Z</time></trkpt><trkpt lat="37.56907653808594" lon="127.04595184326172"><ele>12.600000381469727</ele><time>2026-09-10T11:39:35Z</time></trkpt><trkpt lat="37.56904983520508" lon="127.04596710205078"><ele>12.600000381469727</ele><time>2026-09-10T11:39:36Z</time></trkpt><trkpt lat="37.56902313232422" lon="127.04598236083984"><ele>12.600000381469727</ele><time>2026-09-10T11:39:37Z</time></trkpt><trkpt lat="37.56899642944336" lon="127.0459976196289"><ele>12.600000381469727</ele><time>2026-09-10T11:39:38Z</time></trkpt><trkpt lat="37.568973541259766" lon="127.0460205078125"><ele>12.600000381469727</ele><time>2026-09-10T11:39:39Z</time></trkpt><trkpt lat="37.568946838378906" lon="127.04603576660156"><ele>12.399999618530273</ele><time>2026-09-10T11:39:40Z</time></trkpt><trkpt lat="37.56892013549805" lon="127.04605102539062"><ele>12.399999618530273</ele><time>2026-09-10T11:39:41Z</time></trkpt><trkpt lat="37.56890106201172" lon="127.04607391357422"><ele>12.399999618530273</ele><time>2026-09-10T11:39:42Z</time></trkpt><trkpt lat="37.56887435913086" lon="127.04608154296875"><ele>12.199999809265137</ele><time>2026-09-10T11:39:43Z</time></trkpt><trkpt lat="37.56885528564453" lon="127.04609680175781"><ele>12.199999809265137</ele><time>2026-09-10T11:39:44Z</time></trkpt><trkpt lat="37.56882858276367" lon="127.04611206054688"><ele>12.199999809265137</ele><time>2026-09-10T11:39:45Z</time></trkpt><trkpt lat="37.568809509277344" lon="127.0461196899414"><ele>12.199999809265137</ele><time>2026-09-10T11:39:46Z</time></trkpt><trkpt lat="37.568790435791016" lon="127.04612731933594"><ele>12.199999809265137</ele><time>2026-09-10T11:39:47Z</time></trkpt><trkpt lat="37.56877136230469" lon="127.04613494873047"><ele>12.199999809265137</ele><time>2026-09-10T11:39:48Z</time></trkpt><trkpt lat="37.568756103515625" lon="127.04615020751953"><ele>12.0</ele><time>2026-09-10T11:39:49Z</time></trkpt><trkpt lat="37.568729400634766" lon="127.04615783691406"><ele>12.0</ele><time>2026-09-10T11:39:50Z</time></trkpt><trkpt lat="37.56871032714844" lon="127.04617309570312"><ele>12.0</ele><time>2026-09-10T11:39:51Z</time></trkpt><trkpt lat="37.56868362426758" lon="127.04618072509766"><ele>12.0</ele><time>2026-09-10T11:39:52Z</time></trkpt><trkpt lat="37.568668365478516" lon="127.04618072509766"><ele>12.0</ele><time>2026-09-10T11:39:53Z</time></trkpt><trkpt lat="37.56865310668945" lon="127.04618835449219"><ele>12.0</ele><time>2026-09-10T11:39:54Z</time></trkpt><trkpt lat="37.56863784790039" lon="127.04620361328125"><ele>12.0</ele><time>2026-09-10T11:39:55Z</time></trkpt><trkpt lat="37.56862258911133" lon="127.04621124267578"><ele>11.800000190734863</ele><time>2026-09-10T11:39:56Z</time></trkpt><trkpt lat="37.568607330322266" lon="127.04621887207031"><ele>11.800000190734863</ele><time>2026-09-10T11:39:57Z</time></trkpt><trkpt lat="37.56859588623047" lon="127.04622650146484"><ele>11.800000190734863</ele><time>2026-09-10T11:39:58Z</time></trkpt><trkpt lat="37.56857681274414" lon="127.04623413085938"><ele>11.800000190734863</ele><time>2026-09-10T11:39:59Z</time></trkpt><trkpt lat="37.568565368652344" lon="127.04624938964844"><ele>11.800000190734863</ele><time>2026-09-10T11:40:00Z</time></trkpt><trkpt lat="37.56855773925781" lon="127.04625701904297"><ele>11.800000190734863</ele><time>2026-09-10T11:40:01Z</time></trkpt><trkpt lat="37.56854248046875" lon="127.0462646484375"><ele>11.800000190734863</ele><time>2026-09-10T11:40:02Z</time></trkpt><trkpt lat="37.56852340698242" lon="127.04627227783203"><ele>11.600000381469727</ele><time>2026-09-10T11:40:03Z</time></trkpt><trkpt lat="37.56850051879883" lon="127.0462875366211"><ele>11.600000381469727</ele><time>2026-09-10T11:40:04Z</time></trkpt><trkpt lat="37.56849670410156" lon="127.0462875366211"><ele>11.600000381469727</ele><time>2026-09-10T11:40:05Z</time></trkpt><trkpt lat="37.56848907470703" lon="127.04629516601562"><ele>11.600000381469727</ele><time>2026-09-10T11:40:06Z</time></trkpt><trkpt lat="37.568485260009766" lon="127.04629516601562"><ele>11.600000381469727</ele><time>2026-09-10T11:40:07Z</time></trkpt><trkpt lat="37.568485260009766" lon="127.04630279541016"><ele>11.600000381469727</ele><time>2026-09-10T11:40:08Z</time></trkpt><trkpt lat="37.5684814453125" lon="127.04630279541016"><ele>11.600000381469727</ele><time>2026-09-10T11:40:09Z</time></trkpt><trkpt lat="37.5684814453125" lon="127.04631042480469"><ele>11.600000381469727</ele><time>2026-09-10T11:40:10Z</time></trkpt><trkpt lat="37.56847381591797" lon="127.04632568359375"><ele>11.600000381469727</ele><time>2026-09-10T11:40:11Z</time></trkpt><trkpt lat="37.5684700012207" lon="127.04632568359375"><ele>11.600000381469727</ele><time>2026-09-10T11:40:12Z</time></trkpt><trkpt lat="37.56843948364258" lon="127.04635620117188"><ele>11.600000381469727</ele><time>2026-09-10T11:40:13Z</time></trkpt><trkpt lat="37.56840133666992" lon="127.04638671875"><ele>11.399999618530273</ele><time>2026-09-10T11:40:14Z</time></trkpt><trkpt lat="37.5683479309082" lon="127.04640197753906"><ele>11.399999618530273</ele><time>2026-09-10T11:40:15Z</time></trkpt><trkpt lat="37.568302154541016" lon="127.0464096069336"><ele>11.399999618530273</ele><time>2026-09-10T11:40:16Z</time></trkpt><trkpt lat="37.568260192871094" lon="127.04642486572266"><ele>11.399999618530273</ele><time>2026-09-10T11:40:17Z</time></trkpt><trkpt lat="37.56821823120117" lon="127.04641723632812"><ele>11.399999618530273</ele><time>2026-09-10T11:40:18Z</time></trkpt><trkpt lat="37.56818771362305" lon="127.04643249511719"><ele>11.399999618530273</ele><time>2026-09-10T11:40:19Z</time></trkpt><trkpt lat="37.56815719604492" lon="127.04644012451172"><ele>11.600000381469727</ele><time>2026-09-10T11:40:20Z</time></trkpt><trkpt lat="37.56813049316406" lon="127.04644775390625"><ele>11.600000381469727</ele><time>2026-09-10T11:40:21Z</time></trkpt><trkpt lat="37.5681037902832" lon="127.04645538330078"><ele>11.399999618530273</ele><time>2026-09-10T11:40:22Z</time></trkpt><trkpt lat="37.568084716796875" lon="127.04646301269531"><ele>11.399999618530273</ele><time>2026-09-10T11:40:23Z</time></trkpt><trkpt lat="37.56806945800781" lon="127.04647064208984"><ele>11.399999618530273</ele><time>2026-09-10T11:40:24Z</time></trkpt><trkpt lat="37.568050384521484" lon="127.0464859008789"><ele>11.399999618530273</ele><time>2026-09-10T11:40:25Z</time></trkpt><trkpt lat="37.568031311035156" lon="127.04649353027344"><ele>11.399999618530273</ele><time>2026-09-10T11:40:26Z</time></trkpt><trkpt lat="37.56801223754883" lon="127.04650115966797"><ele>11.399999618530273</ele><time>2026-09-10T11:40:27Z</time></trkpt><trkpt lat="37.567996978759766" lon="127.04651641845703"><ele>11.399999618530273</ele><time>2026-09-10T11:40:28Z</time></trkpt><trkpt lat="37.56797790527344" lon="127.04652404785156"><ele>11.399999618530273</ele><time>2026-09-10T11:40:29Z</time></trkpt><trkpt lat="37.56795883178711" lon="127.04653930664062"><ele>11.399999618530273</ele><time>2026-09-10T11:40:30Z</time></trkpt><trkpt lat="37.56793975830078" lon="127.04655456542969"><ele>11.399999618530273</ele><time>2026-09-10T11:40:31Z</time></trkpt><trkpt lat="37.56791687011719" lon="127.04656982421875"><ele>11.399999618530273</ele><time>2026-09-10T11:40:32Z</time></trkpt><trkpt lat="37.567893981933594" lon="127.04657745361328"><ele>11.399999618530273</ele><time>2026-09-10T11:40:33Z</time></trkpt><trkpt lat="37.567867279052734" lon="127.04659271240234"><ele>11.199999809265137</ele><time>2026-09-10T11:40:34Z</time></trkpt><trkpt lat="37.56784439086914" lon="127.0466079711914"><ele>11.199999809265137</ele><time>2026-09-10T11:40:35Z</time></trkpt><trkpt lat="37.56782150268555" lon="127.04661560058594"><ele>11.199999809265137</ele><time>2026-09-10T11:40:36Z</time></trkpt><trkpt lat="37.56779861450195" lon="127.046630859375"><ele>11.199999809265137</ele><time>2026-09-10T11:40:37Z</time></trkpt><trkpt lat="37.567779541015625" lon="127.04663848876953"><ele>11.199999809265137</ele><time>2026-09-10T11:40:38Z</time></trkpt><trkpt lat="37.56775665283203" lon="127.0466537475586"><ele>11.199999809265137</ele><time>2026-09-10T11:40:39Z</time></trkpt><trkpt lat="37.56773376464844" lon="127.04666900634766"><ele>11.199999809265137</ele><time>2026-09-10T11:40:40Z</time></trkpt><trkpt lat="37.567710876464844" lon="127.04667663574219"><ele>11.199999809265137</ele><time>2026-09-10T11:40:41Z</time></trkpt><trkpt lat="37.567691802978516" lon="127.04669189453125"><ele>11.199999809265137</ele><time>2026-09-10T11:40:42Z</time></trkpt><trkpt lat="37.56767272949219" lon="127.04669952392578"><ele>11.199999809265137</ele><time>2026-09-10T11:40:43Z</time></trkpt><trkpt lat="37.56765365600586" lon="127.04670715332031"><ele>11.199999809265137</ele><time>2026-09-10T11:40:44Z</time></trkpt><trkpt lat="37.56763458251953" lon="127.04671478271484"><ele>11.199999809265137</ele><time>2026-09-10T11:40:45Z</time></trkpt><trkpt lat="37.5676155090332" lon="127.04672241210938"><ele>11.199999809265137</ele><time>2026-09-10T11:40:46Z</time></trkpt><trkpt lat="37.567604064941406" lon="127.04672241210938"><ele>11.199999809265137</ele><time>2026-09-10T11:40:47Z</time></trkpt><trkpt lat="37.56758117675781" lon="127.0467300415039"><ele>11.199999809265137</ele><time>2026-09-10T11:40:48Z</time></trkpt><trkpt lat="37.56756591796875" lon="127.04673767089844"><ele>11.199999809265137</ele><time>2026-09-10T11:40:49Z</time></trkpt><trkpt lat="37.56755065917969" lon="127.04674530029297"><ele>11.199999809265137</ele><time>2026-09-10T11:40:50Z</time></trkpt><trkpt lat="37.56752395629883" lon="127.0467529296875"><ele>11.199999809265137</ele><time>2026-09-10T11:40:51Z</time></trkpt><trkpt lat="37.56751251220703" lon="127.04676055908203"><ele>11.199999809265137</ele><time>2026-09-10T11:40:52Z</time></trkpt><trkpt lat="37.5674934387207" lon="127.04676818847656"><ele>11.199999809265137</ele><time>2026-09-10T11:40:53Z</time></trkpt><trkpt lat="37.56747817993164" lon="127.04678344726562"><ele>11.199999809265137</ele><time>2026-09-10T11:40:54Z</time></trkpt><trkpt lat="37.56745910644531" lon="127.04678344726562"><ele>11.199999809265137</ele><time>2026-09-10T11:40:55Z</time></trkpt><trkpt lat="37.56744384765625" lon="127.04679870605469"><ele>11.199999809265137</ele><time>2026-09-10T11:40:56Z</time></trkpt><trkpt lat="37.56743240356445" lon="127.04680633544922"><ele>11.0</ele><time>2026-09-10T11:40:57Z</time></trkpt><trkpt lat="37.567413330078125" lon="127.04681396484375"><ele>11.0</ele><time>2026-09-10T11:40:58Z</time></trkpt><trkpt lat="37.56739807128906" lon="127.04682922363281"><ele>11.0</ele><time>2026-09-10T11:40:59Z</time></trkpt><trkpt lat="37.567378997802734" lon="127.04683685302734"><ele>11.0</ele><time>2026-09-10T11:41:00Z</time></trkpt><trkpt lat="37.567359924316406" lon="127.04684448242188"><ele>11.0</ele><time>2026-09-10T11:41:01Z</time></trkpt><trkpt lat="37.56734085083008" lon="127.0468521118164"><ele>11.0</ele><time>2026-09-10T11:41:02Z</time></trkpt><trkpt lat="37.567325592041016" lon="127.04685974121094"><ele>11.0</ele><time>2026-09-10T11:41:03Z</time></trkpt><trkpt lat="37.56730651855469" lon="127.04686737060547"><ele>11.0</ele><time>2026-09-10T11:41:04Z</time></trkpt><trkpt lat="37.567291259765625" lon="127.046875"><ele>11.0</ele><time>2026-09-10T11:41:05Z</time></trkpt><trkpt lat="37.56727600097656" lon="127.04688262939453"><ele>10.800000190734863</ele><time>2026-09-10T11:41:06Z</time></trkpt><trkpt lat="37.56725311279297" lon="127.04689025878906"><ele>10.800000190734863</ele><time>2026-09-10T11:41:07Z</time></trkpt><trkpt lat="37.567237854003906" lon="127.0468978881836"><ele>10.800000190734863</ele><time>2026-09-10T11:41:08Z</time></trkpt><trkpt lat="37.56721496582031" lon="127.04691314697266"><ele>10.800000190734863</ele><time>2026-09-10T11:41:09Z</time></trkpt><trkpt lat="37.567195892333984" lon="127.04692077636719"><ele>10.800000190734863</ele><time>2026-09-10T11:41:10Z</time></trkpt><trkpt lat="37.567176818847656" lon="127.04692840576172"><ele>10.800000190734863</ele><time>2026-09-10T11:41:11Z</time></trkpt><trkpt lat="37.56715393066406" lon="127.04693603515625"><ele>10.800000190734863</ele><time>2026-09-10T11:41:12Z</time></trkpt><trkpt lat="37.567134857177734" lon="127.04694366455078"><ele>10.800000190734863</ele><time>2026-09-10T11:41:13Z</time></trkpt><trkpt lat="37.56711196899414" lon="127.04695129394531"><ele>10.800000190734863</ele><time>2026-09-10T11:41:14Z</time></trkpt><trkpt lat="37.56708908081055" lon="127.04696655273438"><ele>10.800000190734863</ele><time>2026-09-10T11:41:15Z</time></trkpt><trkpt lat="37.56707000732422" lon="127.0469741821289"><ele>10.800000190734863</ele><time>2026-09-10T11:41:16Z</time></trkpt><trkpt lat="37.567047119140625" lon="127.04698944091797"><ele>10.800000190734863</ele><time>2026-09-10T11:41:17Z</time></trkpt><trkpt lat="37.56702423095703" lon="127.0469970703125"><ele>10.800000190734863</ele><time>2026-09-10T11:41:18Z</time></trkpt><trkpt lat="37.56700134277344" lon="127.04701232910156"><ele>10.800000190734863</ele><time>2026-09-10T11:41:19Z</time></trkpt><trkpt lat="37.56698226928711" lon="127.0470199584961"><ele>10.800000190734863</ele><time>2026-09-10T11:41:20Z</time></trkpt><trkpt lat="37.566959381103516" lon="127.04703521728516"><ele>11.0</ele><time>2026-09-10T11:41:21Z</time></trkpt><trkpt lat="37.56694412231445" lon="127.04705047607422"><ele>11.0</ele><time>2026-09-10T11:41:22Z</time></trkpt><trkpt lat="37.566925048828125" lon="127.04705810546875"><ele>11.0</ele><time>2026-09-10T11:41:23Z</time></trkpt><trkpt lat="37.566898345947266" lon="127.04707336425781"><ele>11.0</ele><time>2026-09-10T11:41:24Z</time></trkpt><trkpt lat="37.56687927246094" lon="127.04708099365234"><ele>11.0</ele><time>2026-09-10T11:41:25Z</time></trkpt><trkpt lat="37.566856384277344" lon="127.0470962524414"><ele>11.0</ele><time>2026-09-10T11:41:26Z</time></trkpt><trkpt lat="37.56683349609375" lon="127.04710388183594"><ele>11.0</ele><time>2026-09-10T11:41:27Z</time></trkpt><trkpt lat="37.566810607910156" lon="127.04711151123047"><ele>11.0</ele><time>2026-09-10T11:41:28Z</time></trkpt><trkpt lat="37.56679153442383" lon="127.04712677001953"><ele>11.0</ele><time>2026-09-10T11:41:29Z</time></trkpt><trkpt lat="37.566768646240234" lon="127.04713439941406"><ele>11.0</ele><time>2026-09-10T11:41:30Z</time></trkpt><trkpt lat="37.56674575805664" lon="127.0471420288086"><ele>11.0</ele><time>2026-09-10T11:41:31Z</time></trkpt><trkpt lat="37.56672668457031" lon="127.04715728759766"><ele>11.0</ele><time>2026-09-10T11:41:32Z</time></trkpt><trkpt lat="37.56669998168945" lon="127.04716491699219"><ele>11.0</ele><time>2026-09-10T11:41:33Z</time></trkpt><trkpt lat="37.566680908203125" lon="127.04718017578125"><ele>11.0</ele><time>2026-09-10T11:41:34Z</time></trkpt><trkpt lat="37.5666618347168" lon="127.04719543457031"><ele>11.0</ele><time>2026-09-10T11:41:35Z</time></trkpt><trkpt lat="37.56664276123047" lon="127.04720306396484"><ele>11.0</ele><time>2026-09-10T11:41:36Z</time></trkpt><trkpt lat="37.56662368774414" lon="127.04721069335938"><ele>11.0</ele><time>2026-09-10T11:41:37Z</time></trkpt><trkpt lat="37.56660461425781" lon="127.0472183227539"><ele>11.0</ele><time>2026-09-10T11:41:38Z</time></trkpt><trkpt lat="37.566585540771484" lon="127.04722595214844"><ele>11.0</ele><time>2026-09-10T11:41:39Z</time></trkpt><trkpt lat="37.566566467285156" lon="127.04723358154297"><ele>11.0</ele><time>2026-09-10T11:41:40Z</time></trkpt><trkpt lat="37.56654739379883" lon="127.0472412109375"><ele>11.0</ele><time>2026-09-10T11:41:41Z</time></trkpt><trkpt lat="37.5665283203125" lon="127.04724884033203"><ele>11.0</ele><time>2026-09-10T11:41:42Z</time></trkpt><trkpt lat="37.56650924682617" lon="127.0472640991211"><ele>11.0</ele><time>2026-09-10T11:41:43Z</time></trkpt><trkpt lat="37.56649398803711" lon="127.04727172851562"><ele>11.0</ele><time>2026-09-10T11:41:44Z</time></trkpt><trkpt lat="37.56647872924805" lon="127.04727935791016"><ele>11.0</ele><time>2026-09-10T11:41:45Z</time></trkpt><trkpt lat="37.56645965576172" lon="127.04728698730469"><ele>11.199999809265137</ele><time>2026-09-10T11:41:46Z</time></trkpt><trkpt lat="37.56644058227539" lon="127.04730224609375"><ele>11.199999809265137</ele><time>2026-09-10T11:41:47Z</time></trkpt><trkpt lat="37.56642532348633" lon="127.04730987548828"><ele>11.199999809265137</ele><time>2026-09-10T11:41:48Z</time></trkpt><trkpt lat="37.56641387939453" lon="127.04732513427734"><ele>11.199999809265137</ele><time>2026-09-10T11:41:49Z</time></trkpt><trkpt lat="37.56639862060547" lon="127.04733276367188"><ele>11.199999809265137</ele><time>2026-09-10T11:41:50Z</time></trkpt><trkpt lat="37.566383361816406" lon="127.0473403930664"><ele>11.0</ele><time>2026-09-10T11:41:51Z</time></trkpt><trkpt lat="37.566368103027344" lon="127.04734802246094"><ele>11.0</ele><time>2026-09-10T11:41:52Z</time></trkpt><trkpt lat="37.56635284423828" lon="127.04736328125"><ele>11.0</ele><time>2026-09-10T11:41:53Z</time></trkpt><trkpt lat="37.56633758544922" lon="127.04737854003906"><ele>11.0</ele><time>2026-09-10T11:41:54Z</time></trkpt><trkpt lat="37.566322326660156" lon="127.0473861694336"><ele>11.0</ele><time>2026-09-10T11:41:55Z</time></trkpt><trkpt lat="37.56629943847656" lon="127.04740142822266"><ele>11.0</ele><time>2026-09-10T11:41:56Z</time></trkpt><trkpt lat="37.566280364990234" lon="127.04741668701172"><ele>11.0</ele><time>2026-09-10T11:41:57Z</time></trkpt><trkpt lat="37.566261291503906" lon="127.04742431640625"><ele>11.0</ele><time>2026-09-10T11:41:58Z</time></trkpt><trkpt lat="37.56624221801758" lon="127.04743957519531"><ele>11.0</ele><time>2026-09-10T11:41:59Z</time></trkpt><trkpt lat="37.56622314453125" lon="127.04744720458984"><ele>11.0</ele><time>2026-09-10T11:42:00Z</time></trkpt><trkpt lat="37.566200256347656" lon="127.0474624633789"><ele>11.0</ele><time>2026-09-10T11:42:01Z</time></trkpt><trkpt lat="37.56618118286133" lon="127.04747009277344"><ele>11.0</ele><time>2026-09-10T11:42:02Z</time></trkpt><trkpt lat="37.566158294677734" lon="127.0474853515625"><ele>11.0</ele><time>2026-09-10T11:42:03Z</time></trkpt><trkpt lat="37.566139221191406" lon="127.04750061035156"><ele>11.0</ele><time>2026-09-10T11:42:04Z</time></trkpt><trkpt lat="37.56611633300781" lon="127.0475082397461"><ele>11.0</ele><time>2026-09-10T11:42:05Z</time></trkpt><trkpt lat="37.56610107421875" lon="127.04752349853516"><ele>11.0</ele><time>2026-09-10T11:42:06Z</time></trkpt><trkpt lat="37.56608200073242" lon="127.04753112792969"><ele>11.0</ele><time>2026-09-10T11:42:07Z</time></trkpt><trkpt lat="37.56605911254883" lon="127.04753112792969"><ele>11.0</ele><time>2026-09-10T11:42:08Z</time></trkpt><trkpt lat="37.566043853759766" lon="127.04753875732422"><ele>11.199999809265137</ele><time>2026-09-10T11:42:09Z</time></trkpt><trkpt lat="37.56602478027344" lon="127.04754638671875"><ele>11.199999809265137</ele><time>2026-09-10T11:42:10Z</time></trkpt><trkpt lat="37.566001892089844" lon="127.04756164550781"><ele>11.199999809265137</ele><time>2026-09-10T11:42:11Z</time></trkpt><trkpt lat="37.56597900390625" lon="127.04756927490234"><ele>11.199999809265137</ele><time>2026-09-10T11:42:12Z</time></trkpt><trkpt lat="37.56595993041992" lon="127.04757690429688"><ele>11.199999809265137</ele><time>2026-09-10T11:42:13Z</time></trkpt><trkpt lat="37.565940856933594" lon="127.0475845336914"><ele>11.0</ele><time>2026-09-10T11:42:14Z</time></trkpt><trkpt lat="37.56591796875" lon="127.04759216308594"><ele>11.0</ele><time>2026-09-10T11:42:15Z</time></trkpt><trkpt lat="37.56589889526367" lon="127.04759216308594"><ele>10.800000190734863</ele><time>2026-09-10T11:42:16Z</time></trkpt><trkpt lat="37.565879821777344" lon="127.04759979248047"><ele>10.800000190734863</ele><time>2026-09-10T11:42:17Z</time></trkpt><trkpt lat="37.56586456298828" lon="127.047607421875"><ele>10.800000190734863</ele><time>2026-09-10T11:42:18Z</time></trkpt><trkpt lat="37.56584548950195" lon="127.047607421875"><ele>10.800000190734863</ele><time>2026-09-10T11:42:19Z</time></trkpt><trkpt lat="37.56583023071289" lon="127.04761505126953"><ele>10.800000190734863</ele><time>2026-09-10T11:42:20Z</time></trkpt><trkpt lat="37.56581497192383" lon="127.04762268066406"><ele>10.800000190734863</ele><time>2026-09-10T11:42:21Z</time></trkpt><trkpt lat="37.565792083740234" lon="127.0476303100586"><ele>10.800000190734863</ele><time>2026-09-10T11:42:22Z</time></trkpt><trkpt lat="37.565773010253906" lon="127.04763793945312"><ele>10.800000190734863</ele><time>2026-09-10T11:42:23Z</time></trkpt><trkpt lat="37.56574630737305" lon="127.04765319824219"><ele>10.800000190734863</ele><time>2026-09-10T11:42:24Z</time></trkpt><trkpt lat="37.56572723388672" lon="127.04766082763672"><ele>10.800000190734863</ele><time>2026-09-10T11:42:25Z</time></trkpt><trkpt lat="37.56570816040039" lon="127.04767608642578"><ele>10.800000190734863</ele><time>2026-09-10T11:42:26Z</time></trkpt><trkpt lat="37.5656852722168" lon="127.04768371582031"><ele>10.800000190734863</ele><time>2026-09-10T11:42:27Z</time></trkpt><trkpt lat="37.56566619873047" lon="127.04769134521484"><ele>10.800000190734863</ele><time>2026-09-10T11:42:28Z</time></trkpt><trkpt lat="37.56564712524414" lon="127.04769897460938"><ele>10.800000190734863</ele><time>2026-09-10T11:42:29Z</time></trkpt><trkpt lat="37.56563186645508" lon="127.04771423339844"><ele>10.800000190734863</ele><time>2026-09-10T11:42:30Z</time></trkpt><trkpt lat="37.565616607666016" lon="127.04772186279297"><ele>10.800000190734863</ele><time>2026-09-10T11:42:31Z</time></trkpt><trkpt lat="37.56560134887695" lon="127.0477294921875"><ele>10.800000190734863</ele><time>2026-09-10T11:42:32Z</time></trkpt><trkpt lat="37.56559371948242" lon="127.04773712158203"><ele>10.800000190734863</ele><time>2026-09-10T11:42:33Z</time></trkpt><trkpt lat="37.56557083129883" lon="127.0477523803711"><ele>10.600000381469727</ele><time>2026-09-10T11:42:34Z</time></trkpt><trkpt lat="37.565555572509766" lon="127.04776763916016"><ele>10.600000381469727</ele><time>2026-09-10T11:42:35Z</time></trkpt><trkpt lat="37.56553649902344" lon="127.04778289794922"><ele>10.600000381469727</ele><time>2026-09-10T11:42:36Z</time></trkpt><trkpt lat="37.56552505493164" lon="127.04779815673828"><ele>10.399999618530273</ele><time>2026-09-10T11:42:37Z</time></trkpt><trkpt lat="37.56550598144531" lon="127.04781341552734"><ele>10.399999618530273</ele><time>2026-09-10T11:42:38Z</time></trkpt><trkpt lat="37.565486907958984" lon="127.0478286743164"><ele>10.399999618530273</ele><time>2026-09-10T11:42:39Z</time></trkpt><trkpt lat="37.56547164916992" lon="127.04784393310547"><ele>10.399999618530273</ele><time>2026-09-10T11:42:40Z</time></trkpt><trkpt lat="37.56544876098633" lon="127.04785919189453"><ele>10.399999618530273</ele><time>2026-09-10T11:42:41Z</time></trkpt><trkpt lat="37.5654296875" lon="127.04786682128906"><ele>10.399999618530273</ele><time>2026-09-10T11:42:42Z</time></trkpt><trkpt lat="37.565406799316406" lon="127.04788208007812"><ele>10.199999809265137</ele><time>2026-09-10T11:42:43Z</time></trkpt><trkpt lat="37.565391540527344" lon="127.04789733886719"><ele>10.199999809265137</ele><time>2026-09-10T11:42:44Z</time></trkpt><trkpt lat="37.56537628173828" lon="127.04790496826172"><ele>10.199999809265137</ele><time>2026-09-10T11:42:45Z</time></trkpt><trkpt lat="37.56535339355469" lon="127.04792022705078"><ele>10.199999809265137</ele><time>2026-09-10T11:42:46Z</time></trkpt><trkpt lat="37.565338134765625" lon="127.04792785644531"><ele>10.199999809265137</ele><time>2026-09-10T11:42:47Z</time></trkpt><trkpt lat="37.56531524658203" lon="127.04793548583984"><ele>10.199999809265137</ele><time>2026-09-10T11:42:48Z</time></trkpt><trkpt lat="37.56529998779297" lon="127.0479507446289"><ele>10.199999809265137</ele><time>2026-09-10T11:42:49Z</time></trkpt><trkpt lat="37.565277099609375" lon="127.04795837402344"><ele>10.199999809265137</ele><time>2026-09-10T11:42:50Z</time></trkpt><trkpt lat="37.56526184082031" lon="127.04796600341797"><ele>10.199999809265137</ele><time>2026-09-10T11:42:51Z</time></trkpt><trkpt lat="37.565242767333984" lon="127.04798126220703"><ele>10.199999809265137</ele><time>2026-09-10T11:42:52Z</time></trkpt><trkpt lat="37.565223693847656" lon="127.04798889160156"><ele>10.199999809265137</ele><time>2026-09-10T11:42:53Z</time></trkpt><trkpt lat="37.56520462036133" lon="127.04800415039062"><ele>10.199999809265137</ele><time>2026-09-10T11:42:54Z</time></trkpt><trkpt lat="37.565181732177734" lon="127.04801177978516"><ele>10.199999809265137</ele><time>2026-09-10T11:42:55Z</time></trkpt><trkpt lat="37.565162658691406" lon="127.04802703857422"><ele>10.0</ele><time>2026-09-10T11:42:56Z</time></trkpt><trkpt lat="37.56513977050781" lon="127.04803466796875"><ele>10.0</ele><time>2026-09-10T11:42:57Z</time></trkpt><trkpt lat="37.56512451171875" lon="127.04804229736328"><ele>10.0</ele><time>2026-09-10T11:42:58Z</time></trkpt><trkpt lat="37.56510543823242" lon="127.04804992675781"><ele>10.0</ele><time>2026-09-10T11:42:59Z</time></trkpt><trkpt lat="37.56508255004883" lon="127.04805755615234"><ele>10.0</ele><time>2026-09-10T11:43:00Z</time></trkpt><trkpt lat="37.565067291259766" lon="127.04806518554688"><ele>10.0</ele><time>2026-09-10T11:43:01Z</time></trkpt><trkpt lat="37.56504440307617" lon="127.04808044433594"><ele>10.0</ele><time>2026-09-10T11:43:02Z</time></trkpt><trkpt lat="37.56502151489258" lon="127.04808807373047"><ele>10.0</ele><time>2026-09-10T11:43:03Z</time></trkpt><trkpt lat="37.564998626708984" lon="127.048095703125"><ele>10.0</ele><time>2026-09-10T11:43:04Z</time></trkpt><trkpt lat="37.564979553222656" lon="127.04810333251953"><ele>10.0</ele><time>2026-09-10T11:43:05Z</time></trkpt><trkpt lat="37.564964294433594" lon="127.04811096191406"><ele>10.0</ele><time>2026-09-10T11:43:06Z</time></trkpt><trkpt lat="37.56494140625" lon="127.0481185913086"><ele>9.800000190734863</ele><time>2026-09-10T11:43:07Z</time></trkpt><trkpt lat="37.56492233276367" lon="127.04812622070312"><ele>9.800000190734863</ele><time>2026-09-10T11:43:08Z</time></trkpt><trkpt lat="37.564903259277344" lon="127.04813385009766"><ele>9.800000190734863</ele><time>2026-09-10T11:43:09Z</time></trkpt><trkpt lat="37.56488800048828" lon="127.04814147949219"><ele>9.800000190734863</ele><time>2026-09-10T11:43:10Z</time></trkpt><trkpt lat="37.56486511230469" lon="127.04814910888672"><ele>9.800000190734863</ele><time>2026-09-10T11:43:11Z</time></trkpt><trkpt lat="37.56484603881836" lon="127.04815673828125"><ele>9.800000190734863</ele><time>2026-09-10T11:43:12Z</time></trkpt><trkpt lat="37.56482696533203" lon="127.04816436767578"><ele>9.800000190734863</ele><time>2026-09-10T11:43:13Z</time></trkpt><trkpt lat="37.56480026245117" lon="127.04817199707031"><ele>9.800000190734863</ele><time>2026-09-10T11:43:14Z</time></trkpt><trkpt lat="37.564781188964844" lon="127.04817962646484"><ele>9.800000190734863</ele><time>2026-09-10T11:43:15Z</time></trkpt><trkpt lat="37.56475830078125" lon="127.0481948852539"><ele>9.800000190734863</ele><time>2026-09-10T11:43:16Z</time></trkpt><trkpt lat="37.564735412597656" lon="127.04820251464844"><ele>9.800000190734863</ele><time>2026-09-10T11:43:17Z</time></trkpt><trkpt lat="37.564720153808594" lon="127.0482177734375"><ele>9.800000190734863</ele><time>2026-09-10T11:43:18Z</time></trkpt><trkpt lat="37.564697265625" lon="127.0482177734375"><ele>9.800000190734863</ele><time>2026-09-10T11:43:19Z</time></trkpt><trkpt lat="37.56467819213867" lon="127.04822540283203"><ele>9.800000190734863</ele><time>2026-09-10T11:43:20Z</time></trkpt><trkpt lat="37.56465148925781" lon="127.04823303222656"><ele>9.800000190734863</ele><time>2026-09-10T11:43:21Z</time></trkpt><trkpt lat="37.564632415771484" lon="127.0482406616211"><ele>9.800000190734863</ele><time>2026-09-10T11:43:22Z</time></trkpt><trkpt lat="37.564613342285156" lon="127.04824829101562"><ele>9.800000190734863</ele><time>2026-09-10T11:43:23Z</time></trkpt><trkpt lat="37.56459426879883" lon="127.04826354980469"><ele>9.800000190734863</ele><time>2026-09-10T11:43:24Z</time></trkpt><trkpt lat="37.564571380615234" lon="127.04827117919922"><ele>9.800000190734863</ele><time>2026-09-10T11:43:25Z</time></trkpt><trkpt lat="37.564552307128906" lon="127.04827880859375"><ele>9.800000190734863</ele><time>2026-09-10T11:43:26Z</time></trkpt><trkpt lat="37.56453323364258" lon="127.04829406738281"><ele>9.800000190734863</ele><time>2026-09-10T11:43:27Z</time></trkpt><trkpt lat="37.564510345458984" lon="127.04829406738281"><ele>9.800000190734863</ele><time>2026-09-10T11:43:28Z</time></trkpt><trkpt lat="37.564491271972656" lon="127.04830169677734"><ele>9.800000190734863</ele><time>2026-09-10T11:43:29Z</time></trkpt><trkpt lat="37.56446838378906" lon="127.04830932617188"><ele>9.600000381469727</ele><time>2026-09-10T11:43:30Z</time></trkpt><trkpt lat="37.564449310302734" lon="127.04832458496094"><ele>9.600000381469727</ele><time>2026-09-10T11:43:31Z</time></trkpt><trkpt lat="37.564430236816406" lon="127.04833221435547"><ele>9.600000381469727</ele><time>2026-09-10T11:43:32Z</time></trkpt><trkpt lat="37.56440734863281" lon="127.04833984375"><ele>9.600000381469727</ele><time>2026-09-10T11:43:33Z</time></trkpt><trkpt lat="37.564388275146484" lon="127.04834747314453"><ele>9.600000381469727</ele><time>2026-09-10T11:43:34Z</time></trkpt><trkpt lat="37.564369201660156" lon="127.04835510253906"><ele>9.600000381469727</ele><time>2026-09-10T11:43:35Z</time></trkpt><trkpt lat="37.56435012817383" lon="127.0483627319336"><ele>9.600000381469727</ele><time>2026-09-10T11:43:36Z</time></trkpt><trkpt lat="37.56432342529297" lon="127.04837036132812"><ele>9.600000381469727</ele><time>2026-09-10T11:43:37Z</time></trkpt><trkpt lat="37.564308166503906" lon="127.04838562011719"><ele>9.600000381469727</ele><time>2026-09-10T11:43:38Z</time></trkpt><trkpt lat="37.56428527832031" lon="127.04839324951172"><ele>9.600000381469727</ele><time>2026-09-10T11:43:39Z</time></trkpt><trkpt lat="37.564266204833984" lon="127.04840087890625"><ele>9.600000381469727</ele><time>2026-09-10T11:43:40Z</time></trkpt><trkpt lat="37.564247131347656" lon="127.04841613769531"><ele>9.600000381469727</ele><time>2026-09-10T11:43:41Z</time></trkpt><trkpt lat="37.5642204284668" lon="127.04842376708984"><ele>9.600000381469727</ele><time>2026-09-10T11:43:42Z</time></trkpt><trkpt lat="37.56420135498047" lon="127.04843139648438"><ele>9.600000381469727</ele><time>2026-09-10T11:43:43Z</time></trkpt><trkpt lat="37.564178466796875" lon="127.04844665527344"><ele>9.600000381469727</ele><time>2026-09-10T11:43:44Z</time></trkpt><trkpt lat="37.56416320800781" lon="127.04845428466797"><ele>9.600000381469727</ele><time>2026-09-10T11:43:45Z</time></trkpt><trkpt lat="37.56414794921875" lon="127.0484619140625"><ele>9.600000381469727</ele><time>2026-09-10T11:43:46Z</time></trkpt><trkpt lat="37.56413269042969" lon="127.04847717285156"><ele>9.399999618530273</ele><time>2026-09-10T11:43:47Z</time></trkpt><trkpt lat="37.564117431640625" lon="127.0484848022461"><ele>9.399999618530273</ele><time>2026-09-10T11:43:48Z</time></trkpt><trkpt lat="37.5640983581543" lon="127.04850006103516"><ele>9.399999618530273</ele><time>2026-09-10T11:43:49Z</time></trkpt><trkpt lat="37.5640869140625" lon="127.04850769042969"><ele>9.399999618530273</ele><time>2026-09-10T11:43:50Z</time></trkpt><trkpt lat="37.56406784057617" lon="127.04852294921875"><ele>9.399999618530273</ele><time>2026-09-10T11:43:51Z</time></trkpt><trkpt lat="37.56405258178711" lon="127.04853820800781"><ele>9.399999618530273</ele><time>2026-09-10T11:43:52Z</time></trkpt><trkpt lat="37.56403732299805" lon="127.04855346679688"><ele>9.399999618530273</ele><time>2026-09-10T11:43:53Z</time></trkpt><trkpt lat="37.56402587890625" lon="127.04857635498047"><ele>9.399999618530273</ele><time>2026-09-10T11:43:54Z</time></trkpt><trkpt lat="37.56401062011719" lon="127.048583984375"><ele>9.399999618530273</ele><time>2026-09-10T11:43:55Z</time></trkpt><trkpt lat="37.563995361328125" lon="127.04859161376953"><ele>9.199999809265137</ele><time>2026-09-10T11:43:56Z</time></trkpt><trkpt lat="37.56398010253906" lon="127.04859924316406"><ele>9.199999809265137</ele><time>2026-09-10T11:43:57Z</time></trkpt><trkpt lat="37.563961029052734" lon="127.0486068725586"><ele>9.199999809265137</ele><time>2026-09-10T11:43:58Z</time></trkpt><trkpt lat="37.56394577026367" lon="127.04861450195312"><ele>9.0</ele><time>2026-09-10T11:43:59Z</time></trkpt><trkpt lat="37.563926696777344" lon="127.04862213134766"><ele>9.0</ele><time>2026-09-10T11:44:00Z</time></trkpt><trkpt lat="37.56391143798828" lon="127.04862976074219"><ele>9.0</ele><time>2026-09-10T11:44:01Z</time></trkpt><trkpt lat="37.56389236450195" lon="127.04863739013672"><ele>9.0</ele><time>2026-09-10T11:44:02Z</time></trkpt><trkpt lat="37.563873291015625" lon="127.04864501953125"><ele>9.0</ele><time>2026-09-10T11:44:03Z</time></trkpt><trkpt lat="37.56386184692383" lon="127.04865264892578"><ele>9.0</ele><time>2026-09-10T11:44:04Z</time></trkpt><trkpt lat="37.5638427734375" lon="127.04866027832031"><ele>8.800000190734863</ele><time>2026-09-10T11:44:05Z</time></trkpt><trkpt lat="37.56382369995117" lon="127.04866790771484"><ele>8.800000190734863</ele><time>2026-09-10T11:44:06Z</time></trkpt><trkpt lat="37.56380844116211" lon="127.04867553710938"><ele>8.800000190734863</ele><time>2026-09-10T11:44:07Z</time></trkpt><trkpt lat="37.56378936767578" lon="127.04867553710938"><ele>8.600000381469727</ele><time>2026-09-10T11:44:08Z</time></trkpt><trkpt lat="37.56377410888672" lon="127.04869079589844"><ele>8.600000381469727</ele><time>2026-09-10T11:44:09Z</time></trkpt><trkpt lat="37.563751220703125" lon="127.04869842529297"><ele>8.800000190734863</ele><time>2026-09-10T11:44:10Z</time></trkpt><trkpt lat="37.5637321472168" lon="127.0487060546875"><ele>8.800000190734863</ele><time>2026-09-10T11:44:11Z</time></trkpt><trkpt lat="37.56371307373047" lon="127.04871368408203"><ele>8.600000381469727</ele><time>2026-09-10T11:44:12Z</time></trkpt><trkpt lat="37.56369400024414" lon="127.04872131347656"><ele>8.600000381469727</ele><time>2026-09-10T11:44:13Z</time></trkpt><trkpt lat="37.56367492675781" lon="127.0487289428711"><ele>8.399999618530273</ele><time>2026-09-10T11:44:14Z</time></trkpt><trkpt lat="37.56364822387695" lon="127.0487289428711"><ele>8.199999809265137</ele><time>2026-09-10T11:44:15Z</time></trkpt><trkpt lat="37.56362533569336" lon="127.04873657226562"><ele>8.199999809265137</ele><time>2026-09-10T11:44:16Z</time></trkpt><trkpt lat="37.563602447509766" lon="127.04873657226562"><ele>8.199999809265137</ele><time>2026-09-10T11:44:17Z</time></trkpt><trkpt lat="37.563575744628906" lon="127.04873657226562"><ele>8.0</ele><time>2026-09-10T11:44:18Z</time></trkpt><trkpt lat="37.56355285644531" lon="127.04874420166016"><ele>8.0</ele><time>2026-09-10T11:44:19Z</time></trkpt><trkpt lat="37.56352996826172" lon="127.04874420166016"><ele>8.0</ele><time>2026-09-10T11:44:20Z</time></trkpt><trkpt lat="37.56350326538086" lon="127.04875183105469"><ele>7.800000190734863</ele><time>2026-09-10T11:44:21Z</time></trkpt><trkpt lat="37.56348419189453" lon="127.04875183105469"><ele>7.800000190734863</ele><time>2026-09-10T11:44:22Z</time></trkpt><trkpt lat="37.56345748901367" lon="127.04875183105469"><ele>7.800000190734863</ele><time>2026-09-10T11:44:23Z</time></trkpt><trkpt lat="37.563438415527344" lon="127.04875946044922"><ele>7.800000190734863</ele><time>2026-09-10T11:44:24Z</time></trkpt><trkpt lat="37.56341552734375" lon="127.04876708984375"><ele>7.800000190734863</ele><time>2026-09-10T11:44:25Z</time></trkpt><trkpt lat="37.56339645385742" lon="127.04877471923828"><ele>7.800000190734863</ele><time>2026-09-10T11:44:26Z</time></trkpt><trkpt lat="37.563377380371094" lon="127.04878234863281"><ele>7.800000190734863</ele><time>2026-09-10T11:44:27Z</time></trkpt><trkpt lat="37.563358306884766" lon="127.04878997802734"><ele>7.800000190734863</ele><time>2026-09-10T11:44:28Z</time></trkpt><trkpt lat="37.56333541870117" lon="127.04879760742188"><ele>7.599999904632568</ele><time>2026-09-10T11:44:29Z</time></trkpt><trkpt lat="37.563316345214844" lon="127.0488052368164"><ele>7.599999904632568</ele><time>2026-09-10T11:44:30Z</time></trkpt><trkpt lat="37.563297271728516" lon="127.04881286621094"><ele>7.400000095367432</ele><time>2026-09-10T11:44:31Z</time></trkpt><trkpt lat="37.56328582763672" lon="127.048828125"><ele>7.400000095367432</ele><time>2026-09-10T11:44:32Z</time></trkpt><trkpt lat="37.56326675415039" lon="127.04883575439453"><ele>7.400000095367432</ele><time>2026-09-10T11:44:33Z</time></trkpt><trkpt lat="37.56325149536133" lon="127.04884338378906"><ele>7.400000095367432</ele><time>2026-09-10T11:44:34Z</time></trkpt><trkpt lat="37.563236236572266" lon="127.0488510131836"><ele>7.199999809265137</ele><time>2026-09-10T11:44:35Z</time></trkpt><trkpt lat="37.56322479248047" lon="127.04885864257812"><ele>7.199999809265137</ele><time>2026-09-10T11:44:36Z</time></trkpt><trkpt lat="37.56321334838867" lon="127.04887390136719"><ele>7.199999809265137</ele><time>2026-09-10T11:44:37Z</time></trkpt><trkpt lat="37.56320571899414" lon="127.04889678955078"><ele>7.0</ele><time>2026-09-10T11:44:38Z</time></trkpt><trkpt lat="37.56320571899414" lon="127.04891967773438"><ele>7.199999809265137</ele><time>2026-09-10T11:44:39Z</time></trkpt><trkpt lat="37.56321334838867" lon="127.04895782470703"><ele>7.199999809265137</ele><time>2026-09-10T11:44:40Z</time></trkpt><trkpt lat="37.5632209777832" lon="127.04898071289062"><ele>7.400000095367432</ele><time>2026-09-10T11:44:41Z</time></trkpt><trkpt lat="37.563232421875" lon="127.04901123046875"><ele>7.400000095367432</ele><time>2026-09-10T11:44:42Z</time></trkpt><trkpt lat="37.5632438659668" lon="127.04904174804688"><ele>7.400000095367432</ele><time>2026-09-10T11:44:43Z</time></trkpt><trkpt lat="37.563255310058594" lon="127.04905700683594"><ele>7.199999809265137</ele><time>2026-09-10T11:44:44Z</time></trkpt><trkpt lat="37.56325912475586" lon="127.04907989501953"><ele>7.0</ele><time>2026-09-10T11:44:45Z</time></trkpt><trkpt lat="37.563262939453125" lon="127.04910278320312"><ele>6.800000190734863</ele><time>2026-09-10T11:44:46Z</time></trkpt><trkpt lat="37.56325149536133" lon="127.04912567138672"><ele>6.800000190734863</ele><time>2026-09-10T11:44:47Z</time></trkpt><trkpt lat="37.563236236572266" lon="127.04913330078125"><ele>6.800000190734863</ele><time>2026-09-10T11:44:48Z</time></trkpt><trkpt lat="37.56321716308594" lon="127.04914093017578"><ele>6.800000190734863</ele><time>2026-09-10T11:44:49Z</time></trkpt><trkpt lat="37.563201904296875" lon="127.04914093017578"><ele>6.800000190734863</ele><time>2026-09-10T11:44:50Z</time></trkpt><trkpt lat="37.56318283081055" lon="127.04914093017578"><ele>7.0</ele><time>2026-09-10T11:44:51Z</time></trkpt><trkpt lat="37.56317138671875" lon="127.04914855957031"><ele>7.0</ele><time>2026-09-10T11:44:52Z</time></trkpt><trkpt lat="37.563148498535156" lon="127.0491714477539"><ele>7.199999809265137</ele><time>2026-09-10T11:44:53Z</time></trkpt><trkpt lat="37.56312942504883" lon="127.04917907714844"><ele>7.400000095367432</ele><time>2026-09-10T11:44:54Z</time></trkpt><trkpt lat="37.5630989074707" lon="127.04918670654297"><ele>7.400000095367432</ele><time>2026-09-10T11:44:55Z</time></trkpt><trkpt lat="37.563079833984375" lon="127.0491943359375"><ele>7.199999809265137</ele><time>2026-09-10T11:44:56Z</time></trkpt><trkpt lat="37.56304931640625" lon="127.04920959472656"><ele>7.199999809265137</ele><time>2026-09-10T11:44:57Z</time></trkpt><trkpt lat="37.563026428222656" lon="127.0492172241211"><ele>6.800000190734863</ele><time>2026-09-10T11:44:58Z</time></trkpt><trkpt lat="37.56300354003906" lon="127.04923248291016"><ele>6.599999904632568</ele><time>2026-09-10T11:44:59Z</time></trkpt><trkpt lat="37.562984466552734" lon="127.04924011230469"><ele>6.599999904632568</ele><time>2026-09-10T11:45:00Z</time></trkpt><trkpt lat="37.562965393066406" lon="127.04925537109375"><ele>6.599999904632568</ele><time>2026-09-10T11:45:01Z</time></trkpt><trkpt lat="37.56294631958008" lon="127.04927825927734"><ele>6.599999904632568</ele><time>2026-09-10T11:45:02Z</time></trkpt><trkpt lat="37.56292724609375" lon="127.04928588867188"><ele>6.599999904632568</ele><time>2026-09-10T11:45:03Z</time></trkpt><trkpt lat="37.56290817260742" lon="127.0492935180664"><ele>6.599999904632568</ele><time>2026-09-10T11:45:04Z</time></trkpt><trkpt lat="37.562889099121094" lon="127.04930877685547"><ele>6.599999904632568</ele><time>2026-09-10T11:45:05Z</time></trkpt><trkpt lat="37.562870025634766" lon="127.04930877685547"><ele>6.400000095367432</ele><time>2026-09-10T11:45:06Z</time></trkpt><trkpt lat="37.5628547668457" lon="127.04932403564453"><ele>6.400000095367432</ele><time>2026-09-10T11:45:07Z</time></trkpt><trkpt lat="37.562835693359375" lon="127.04933166503906"><ele>6.400000095367432</ele><time>2026-09-10T11:45:08Z</time></trkpt><trkpt lat="37.56282424926758" lon="127.04934692382812"><ele>6.400000095367432</ele><time>2026-09-10T11:45:09Z</time></trkpt><trkpt lat="37.56280517578125" lon="127.04936218261719"><ele>6.400000095367432</ele><time>2026-09-10T11:45:10Z</time></trkpt><trkpt lat="37.56278610229492" lon="127.04936981201172"><ele>6.400000095367432</ele><time>2026-09-10T11:45:11Z</time></trkpt><trkpt lat="37.562774658203125" lon="127.04938507080078"><ele>6.400000095367432</ele><time>2026-09-10T11:45:12Z</time></trkpt><trkpt lat="37.56275177001953" lon="127.04940032958984"><ele>6.400000095367432</ele><time>2026-09-10T11:45:13Z</time></trkpt><trkpt lat="37.56273651123047" lon="127.0494155883789"><ele>6.199999809265137</ele><time>2026-09-10T11:45:14Z</time></trkpt><trkpt lat="37.56271743774414" lon="127.04943084716797"><ele>6.199999809265137</ele><time>2026-09-10T11:45:15Z</time></trkpt><trkpt lat="37.56269454956055" lon="127.04944610595703"><ele>6.199999809265137</ele><time>2026-09-10T11:45:16Z</time></trkpt><trkpt lat="37.562679290771484" lon="127.0494613647461"><ele>6.199999809265137</ele><time>2026-09-10T11:45:17Z</time></trkpt><trkpt lat="37.56265640258789" lon="127.04947662353516"><ele>6.199999809265137</ele><time>2026-09-10T11:45:18Z</time></trkpt><trkpt lat="37.56264114379883" lon="127.04949188232422"><ele>6.199999809265137</ele><time>2026-09-10T11:45:19Z</time></trkpt><trkpt lat="37.5626220703125" lon="127.04949951171875"><ele>6.199999809265137</ele><time>2026-09-10T11:45:20Z</time></trkpt><trkpt lat="37.562599182128906" lon="127.04950714111328"><ele>6.199999809265137</ele><time>2026-09-10T11:45:21Z</time></trkpt><trkpt lat="37.562583923339844" lon="127.04952239990234"><ele>6.199999809265137</ele><time>2026-09-10T11:45:22Z</time></trkpt><trkpt lat="37.562564849853516" lon="127.04953002929688"><ele>6.0</ele><time>2026-09-10T11:45:23Z</time></trkpt><trkpt lat="37.56254959106445" lon="127.04954528808594"><ele>6.0</ele><time>2026-09-10T11:45:24Z</time></trkpt><trkpt lat="37.562530517578125" lon="127.04955291748047"><ele>6.0</ele><time>2026-09-10T11:45:25Z</time></trkpt><trkpt lat="37.56251525878906" lon="127.049560546875"><ele>6.0</ele><time>2026-09-10T11:45:26Z</time></trkpt><trkpt lat="37.562496185302734" lon="127.04956817626953"><ele>6.0</ele><time>2026-09-10T11:45:27Z</time></trkpt><trkpt lat="37.56248092651367" lon="127.04957580566406"><ele>6.199999809265137</ele><time>2026-09-10T11:45:28Z</time></trkpt><trkpt lat="37.562461853027344" lon="127.0495834350586"><ele>6.199999809265137</ele><time>2026-09-10T11:45:29Z</time></trkpt><trkpt lat="37.562442779541016" lon="127.04959106445312"><ele>6.199999809265137</ele><time>2026-09-10T11:45:30Z</time></trkpt><trkpt lat="37.56242752075195" lon="127.04959106445312"><ele>6.199999809265137</ele><time>2026-09-10T11:45:31Z</time></trkpt><trkpt lat="37.562400817871094" lon="127.04959869384766"><ele>6.199999809265137</ele><time>2026-09-10T11:45:32Z</time></trkpt><trkpt lat="37.562381744384766" lon="127.04960632324219"><ele>6.199999809265137</ele><time>2026-09-10T11:45:33Z</time></trkpt><trkpt lat="37.56236267089844" lon="127.04961395263672"><ele>6.199999809265137</ele><time>2026-09-10T11:45:34Z</time></trkpt><trkpt lat="37.56234359741211" lon="127.04962158203125"><ele>6.199999809265137</ele><time>2026-09-10T11:45:35Z</time></trkpt><trkpt lat="37.56233215332031" lon="127.04963684082031"><ele>6.199999809265137</ele><time>2026-09-10T11:45:36Z</time></trkpt><trkpt lat="37.56230926513672" lon="127.04965209960938"><ele>6.199999809265137</ele><time>2026-09-10T11:45:37Z</time></trkpt><trkpt lat="37.562286376953125" lon="127.04965209960938"><ele>6.0</ele><time>2026-09-10T11:45:38Z</time></trkpt><trkpt lat="37.5622673034668" lon="127.04966735839844"><ele>6.0</ele><time>2026-09-10T11:45:39Z</time></trkpt><trkpt lat="37.5622444152832" lon="127.04967498779297"><ele>6.0</ele><time>2026-09-10T11:45:40Z</time></trkpt><trkpt lat="37.56222152709961" lon="127.0496826171875"><ele>6.0</ele><time>2026-09-10T11:45:41Z</time></trkpt><trkpt lat="37.562198638916016" lon="127.04969024658203"><ele>6.0</ele><time>2026-09-10T11:45:42Z</time></trkpt><trkpt lat="37.562171936035156" lon="127.04969787597656"><ele>6.0</ele><time>2026-09-10T11:45:43Z</time></trkpt><trkpt lat="37.56215286254883" lon="127.04971313476562"><ele>6.0</ele><time>2026-09-10T11:45:44Z</time></trkpt><trkpt lat="37.562129974365234" lon="127.04972839355469"><ele>6.0</ele><time>2026-09-10T11:45:45Z</time></trkpt><trkpt lat="37.56211471557617" lon="127.04973602294922"><ele>6.0</ele><time>2026-09-10T11:45:46Z</time></trkpt><trkpt lat="37.562095642089844" lon="127.04975128173828"><ele>6.0</ele><time>2026-09-10T11:45:47Z</time></trkpt><trkpt lat="37.562076568603516" lon="127.04975891113281"><ele>6.0</ele><time>2026-09-10T11:45:48Z</time></trkpt><trkpt lat="37.56205749511719" lon="127.04977416992188"><ele>6.0</ele><time>2026-09-10T11:45:49Z</time></trkpt><trkpt lat="37.562042236328125" lon="127.0497817993164"><ele>6.0</ele><time>2026-09-10T11:45:50Z</time></trkpt><trkpt lat="37.56202697753906" lon="127.04979705810547"><ele>6.0</ele><time>2026-09-10T11:45:51Z</time></trkpt><trkpt lat="37.56200408935547" lon="127.0498046875"><ele>6.0</ele><time>2026-09-10T11:45:52Z</time></trkpt><trkpt lat="37.561988830566406" lon="127.04981231689453"><ele>6.0</ele><time>2026-09-10T11:45:53Z</time></trkpt><trkpt lat="37.56196975708008" lon="127.0498275756836"><ele>6.0</ele><time>2026-09-10T11:45:54Z</time></trkpt><trkpt lat="37.561954498291016" lon="127.04983520507812"><ele>6.0</ele><time>2026-09-10T11:45:55Z</time></trkpt><trkpt lat="37.56193923950195" lon="127.04985046386719"><ele>6.0</ele><time>2026-09-10T11:45:56Z</time></trkpt><trkpt lat="37.561912536621094" lon="127.04985809326172"><ele>6.0</ele><time>2026-09-10T11:45:57Z</time></trkpt><trkpt lat="37.561893463134766" lon="127.04985046386719"><ele>6.0</ele><time>2026-09-10T11:45:58Z</time></trkpt><trkpt lat="37.56187438964844" lon="127.04985046386719"><ele>6.0</ele><time>2026-09-10T11:45:59Z</time></trkpt><trkpt lat="37.561851501464844" lon="127.04984283447266"><ele>6.199999809265137</ele><time>2026-09-10T11:46:00Z</time></trkpt><trkpt lat="37.56183624267578" lon="127.04984283447266"><ele>6.199999809265137</ele><time>2026-09-10T11:46:01Z</time></trkpt><trkpt lat="37.56181716918945" lon="127.04984283447266"><ele>6.199999809265137</ele><time>2026-09-10T11:46:02Z</time></trkpt><trkpt lat="37.56179428100586" lon="127.04983520507812"><ele>6.400000095367432</ele><time>2026-09-10T11:46:03Z</time></trkpt><trkpt lat="37.56177520751953" lon="127.0498275756836"><ele>6.400000095367432</ele><time>2026-09-10T11:46:04Z</time></trkpt><trkpt lat="37.56175231933594" lon="127.04981994628906"><ele>6.400000095367432</ele><time>2026-09-10T11:46:05Z</time></trkpt><trkpt lat="37.561729431152344" lon="127.04981231689453"><ele>6.400000095367432</ele><time>2026-09-10T11:46:06Z</time></trkpt><trkpt lat="37.56170654296875" lon="127.04979705810547"><ele>6.199999809265137</ele><time>2026-09-10T11:46:07Z</time></trkpt><trkpt lat="37.56167984008789" lon="127.04978942871094"><ele>6.199999809265137</ele><time>2026-09-10T11:46:08Z</time></trkpt><trkpt lat="37.56166458129883" lon="127.0497817993164"><ele>6.199999809265137</ele><time>2026-09-10T11:46:09Z</time></trkpt><trkpt lat="37.5616455078125" lon="127.04977416992188"><ele>6.199999809265137</ele><time>2026-09-10T11:46:10Z</time></trkpt><trkpt lat="37.56163024902344" lon="127.04977416992188"><ele>6.199999809265137</ele><time>2026-09-10T11:46:11Z</time></trkpt><trkpt lat="37.56161117553711" lon="127.04976654052734"><ele>6.199999809265137</ele><time>2026-09-10T11:46:12Z</time></trkpt><trkpt lat="37.56159210205078" lon="127.04976654052734"><ele>6.400000095367432</ele><time>2026-09-10T11:46:13Z</time></trkpt><trkpt lat="37.56157302856445" lon="127.04977416992188"><ele>6.400000095367432</ele><time>2026-09-10T11:46:14Z</time></trkpt><trkpt lat="37.561553955078125" lon="127.04977416992188"><ele>6.599999904632568</ele><time>2026-09-10T11:46:15Z</time></trkpt><trkpt lat="37.56153869628906" lon="127.0497817993164"><ele>6.599999904632568</ele><time>2026-09-10T11:46:16Z</time></trkpt><trkpt lat="37.56151580810547" lon="127.04978942871094"><ele>6.800000190734863</ele><time>2026-09-10T11:46:17Z</time></trkpt><trkpt lat="37.561500549316406" lon="127.04978942871094"><ele>6.800000190734863</ele><time>2026-09-10T11:46:18Z</time></trkpt><trkpt lat="37.56148147583008" lon="127.04979705810547"><ele>6.800000190734863</ele><time>2026-09-10T11:46:19Z</time></trkpt><trkpt lat="37.561466217041016" lon="127.0498046875"><ele>6.800000190734863</ele><time>2026-09-10T11:46:20Z</time></trkpt><trkpt lat="37.56145095825195" lon="127.04981231689453"><ele>6.800000190734863</ele><time>2026-09-10T11:46:21Z</time></trkpt><trkpt lat="37.561431884765625" lon="127.04981231689453"><ele>6.800000190734863</ele><time>2026-09-10T11:46:22Z</time></trkpt><trkpt lat="37.56140899658203" lon="127.04981994628906"><ele>6.599999904632568</ele><time>2026-09-10T11:46:23Z</time></trkpt><trkpt lat="37.56139373779297" lon="127.0498275756836"><ele>6.800000190734863</ele><time>2026-09-10T11:46:24Z</time></trkpt><trkpt lat="37.56137466430664" lon="127.0498275756836"><ele>6.800000190734863</ele><time>2026-09-10T11:46:25Z</time></trkpt><trkpt lat="37.56135177612305" lon="127.04984283447266"><ele>6.800000190734863</ele><time>2026-09-10T11:46:26Z</time></trkpt><trkpt lat="37.56132888793945" lon="127.04985046386719"><ele>6.800000190734863</ele><time>2026-09-10T11:46:27Z</time></trkpt><trkpt lat="37.56130599975586" lon="127.04985809326172"><ele>6.800000190734863</ele><time>2026-09-10T11:46:28Z</time></trkpt><trkpt lat="37.56128692626953" lon="127.04987335205078"><ele>6.800000190734863</ele><time>2026-09-10T11:46:29Z</time></trkpt><trkpt lat="37.56126022338867" lon="127.04988861083984"><ele>6.800000190734863</ele><time>2026-09-10T11:46:30Z</time></trkpt><trkpt lat="37.561248779296875" lon="127.04989624023438"><ele>6.800000190734863</ele><time>2026-09-10T11:46:31Z</time></trkpt><trkpt lat="37.56122589111328" lon="127.04991149902344"><ele>6.800000190734863</ele><time>2026-09-10T11:46:32Z</time></trkpt><trkpt lat="37.561214447021484" lon="127.0499267578125"><ele>6.800000190734863</ele><time>2026-09-10T11:46:33Z</time></trkpt><trkpt lat="37.56119918823242" lon="127.04993438720703"><ele>6.800000190734863</ele><time>2026-09-10T11:46:34Z</time></trkpt><trkpt lat="37.561180114746094" lon="127.04994201660156"><ele>6.800000190734863</ele><time>2026-09-10T11:46:35Z</time></trkpt><trkpt lat="37.5611686706543" lon="127.04995727539062"><ele>7.0</ele><time>2026-09-10T11:46:36Z</time></trkpt><trkpt lat="37.56114959716797" lon="127.04996490478516"><ele>7.0</ele><time>2026-09-10T11:46:37Z</time></trkpt><trkpt lat="37.561134338378906" lon="127.04998016357422"><ele>7.199999809265137</ele><time>2026-09-10T11:46:38Z</time></trkpt><trkpt lat="37.56111526489258" lon="127.04998779296875"><ele>7.199999809265137</ele><time>2026-09-10T11:46:39Z</time></trkpt><trkpt lat="37.561092376708984" lon="127.04999542236328"><ele>7.199999809265137</ele><time>2026-09-10T11:46:40Z</time></trkpt><trkpt lat="37.56107711791992" lon="127.05001068115234"><ele>7.199999809265137</ele><time>2026-09-10T11:46:41Z</time></trkpt><trkpt lat="37.56105041503906" lon="127.05001068115234"><ele>7.0</ele><time>2026-09-10T11:46:42Z</time></trkpt><trkpt lat="37.56103515625" lon="127.0500259399414"><ele>7.0</ele><time>2026-09-10T11:46:43Z</time></trkpt><trkpt lat="37.56100845336914" lon="127.0500259399414"><ele>7.0</ele><time>2026-09-10T11:46:44Z</time></trkpt><trkpt lat="37.56099319458008" lon="127.05004119873047"><ele>7.0</ele><time>2026-09-10T11:46:45Z</time></trkpt><trkpt lat="37.56097412109375" lon="127.05004119873047"><ele>7.0</ele><time>2026-09-10T11:46:46Z</time></trkpt><trkpt lat="37.56095504760742" lon="127.050048828125"><ele>6.800000190734863</ele><time>2026-09-10T11:46:47Z</time></trkpt><trkpt lat="37.56093978881836" lon="127.05006408691406"><ele>6.800000190734863</ele><time>2026-09-10T11:46:48Z</time></trkpt><trkpt lat="37.5609130859375" lon="127.0500717163086"><ele>6.800000190734863</ele><time>2026-09-10T11:46:49Z</time></trkpt><trkpt lat="37.56089782714844" lon="127.05008697509766"><ele>6.800000190734863</ele><time>2026-09-10T11:46:50Z</time></trkpt><trkpt lat="37.56087875366211" lon="127.05009460449219"><ele>6.800000190734863</ele><time>2026-09-10T11:46:51Z</time></trkpt><trkpt lat="37.56086349487305" lon="127.05010223388672"><ele>6.599999904632568</ele><time>2026-09-10T11:46:52Z</time></trkpt><trkpt lat="37.560848236083984" lon="127.05010986328125"><ele>6.599999904632568</ele><time>2026-09-10T11:46:53Z</time></trkpt><trkpt lat="37.56082534790039" lon="127.05011749267578"><ele>6.400000095367432</ele><time>2026-09-10T11:46:54Z</time></trkpt><trkpt lat="37.56081008911133" lon="127.05012512207031"><ele>6.199999809265137</ele><time>2026-09-10T11:46:55Z</time></trkpt><trkpt lat="37.560787200927734" lon="127.05013275146484"><ele>6.199999809265137</ele><time>2026-09-10T11:46:56Z</time></trkpt><trkpt lat="37.560768127441406" lon="127.05014038085938"><ele>6.199999809265137</ele><time>2026-09-10T11:46:57Z</time></trkpt><trkpt lat="37.560752868652344" lon="127.0501480102539"><ele>6.0</ele><time>2026-09-10T11:46:58Z</time></trkpt><trkpt lat="37.560733795166016" lon="127.05015563964844"><ele>6.0</ele><time>2026-09-10T11:46:59Z</time></trkpt><trkpt lat="37.56072235107422" lon="127.0501708984375"><ele>6.0</ele><time>2026-09-10T11:47:00Z</time></trkpt><trkpt lat="37.560699462890625" lon="127.0501708984375"><ele>6.0</ele><time>2026-09-10T11:47:01Z</time></trkpt><trkpt lat="37.56068801879883" lon="127.05018615722656"><ele>5.800000190734863</ele><time>2026-09-10T11:47:02Z</time></trkpt><trkpt lat="37.560665130615234" lon="127.05018615722656"><ele>5.800000190734863</ele><time>2026-09-10T11:47:03Z</time></trkpt><trkpt lat="37.56064987182617" lon="127.0501937866211"><ele>5.800000190734863</ele><time>2026-09-10T11:47:04Z</time></trkpt><trkpt lat="37.560630798339844" lon="127.05020904541016"><ele>5.800000190734863</ele><time>2026-09-10T11:47:05Z</time></trkpt><trkpt lat="37.56060791015625" lon="127.05020904541016"><ele>5.800000190734863</ele><time>2026-09-10T11:47:06Z</time></trkpt><trkpt lat="37.56059265136719" lon="127.05022430419922"><ele>5.800000190734863</ele><time>2026-09-10T11:47:07Z</time></trkpt><trkpt lat="37.56056594848633" lon="127.05023193359375"><ele>5.800000190734863</ele><time>2026-09-10T11:47:08Z</time></trkpt><trkpt lat="37.560543060302734" lon="127.05023956298828"><ele>5.599999904632568</ele><time>2026-09-10T11:47:09Z</time></trkpt><trkpt lat="37.56052017211914" lon="127.05024719238281"><ele>5.599999904632568</ele><time>2026-09-10T11:47:10Z</time></trkpt><trkpt lat="37.56050109863281" lon="127.05026245117188"><ele>5.599999904632568</ele><time>2026-09-10T11:47:11Z</time></trkpt><trkpt lat="37.560482025146484" lon="127.0502700805664"><ele>5.400000095367432</ele><time>2026-09-10T11:47:12Z</time></trkpt><trkpt lat="37.560455322265625" lon="127.05027770996094"><ele>5.400000095367432</ele><time>2026-09-10T11:47:13Z</time></trkpt><trkpt lat="37.56043243408203" lon="127.05029296875"><ele>5.400000095367432</ele><time>2026-09-10T11:47:14Z</time></trkpt><trkpt lat="37.56040573120117" lon="127.05030059814453"><ele>5.400000095367432</ele><time>2026-09-10T11:47:15Z</time></trkpt><trkpt lat="37.560394287109375" lon="127.0503158569336"><ele>5.400000095367432</ele><time>2026-09-10T11:47:16Z</time></trkpt><trkpt lat="37.56037521362305" lon="127.05032348632812"><ele>5.400000095367432</ele><time>2026-09-10T11:47:17Z</time></trkpt><trkpt lat="37.56035614013672" lon="127.05033111572266"><ele>5.400000095367432</ele><time>2026-09-10T11:47:18Z</time></trkpt><trkpt lat="37.56033706665039" lon="127.05034637451172"><ele>5.400000095367432</ele><time>2026-09-10T11:47:19Z</time></trkpt><trkpt lat="37.5603141784668" lon="127.05035400390625"><ele>5.400000095367432</ele><time>2026-09-10T11:47:20Z</time></trkpt><trkpt lat="37.56029510498047" lon="127.05036926269531"><ele>5.400000095367432</ele><time>2026-09-10T11:47:21Z</time></trkpt><trkpt lat="37.560272216796875" lon="127.05037689208984"><ele>5.400000095367432</ele><time>2026-09-10T11:47:22Z</time></trkpt><trkpt lat="37.56025695800781" lon="127.05038452148438"><ele>5.199999809265137</ele><time>2026-09-10T11:47:23Z</time></trkpt><trkpt lat="37.560237884521484" lon="127.05039978027344"><ele>5.199999809265137</ele><time>2026-09-10T11:47:24Z</time></trkpt><trkpt lat="37.56021499633789" lon="127.05040740966797"><ele>5.199999809265137</ele><time>2026-09-10T11:47:25Z</time></trkpt><trkpt lat="37.56019973754883" lon="127.0504150390625"><ele>5.199999809265137</ele><time>2026-09-10T11:47:26Z</time></trkpt><trkpt lat="37.560176849365234" lon="127.05042266845703"><ele>5.199999809265137</ele><time>2026-09-10T11:47:27Z</time></trkpt><trkpt lat="37.56015396118164" lon="127.05043029785156"><ele>5.199999809265137</ele><time>2026-09-10T11:47:28Z</time></trkpt><trkpt lat="37.56013488769531" lon="127.05044555664062"><ele>5.199999809265137</ele><time>2026-09-10T11:47:29Z</time></trkpt><trkpt lat="37.56011199951172" lon="127.05045318603516"><ele>5.199999809265137</ele><time>2026-09-10T11:47:30Z</time></trkpt><trkpt lat="37.560096740722656" lon="127.05046081542969"><ele>5.199999809265137</ele><time>2026-09-10T11:47:31Z</time></trkpt><trkpt lat="37.56007385253906" lon="127.05046844482422"><ele>5.199999809265137</ele><time>2026-09-10T11:47:32Z</time></trkpt><trkpt lat="37.560054779052734" lon="127.05048370361328"><ele>5.199999809265137</ele><time>2026-09-10T11:47:33Z</time></trkpt><trkpt lat="37.560035705566406" lon="127.05049133300781"><ele>5.199999809265137</ele><time>2026-09-10T11:47:34Z</time></trkpt><trkpt lat="37.56001663208008" lon="127.05049896240234"><ele>5.400000095367432</ele><time>2026-09-10T11:47:35Z</time></trkpt><trkpt lat="37.56000518798828" lon="127.0505142211914"><ele>5.400000095367432</ele><time>2026-09-10T11:47:36Z</time></trkpt><trkpt lat="37.55998229980469" lon="127.05052185058594"><ele>5.400000095367432</ele><time>2026-09-10T11:47:37Z</time></trkpt><trkpt lat="37.559967041015625" lon="127.05052947998047"><ele>5.400000095367432</ele><time>2026-09-10T11:47:38Z</time></trkpt><trkpt lat="37.55995178222656" lon="127.05054473876953"><ele>5.400000095367432</ele><time>2026-09-10T11:47:39Z</time></trkpt><trkpt lat="37.55992889404297" lon="127.05055236816406"><ele>5.400000095367432</ele><time>2026-09-10T11:47:40Z</time></trkpt><trkpt lat="37.55990982055664" lon="127.0505599975586"><ele>5.400000095367432</ele><time>2026-09-10T11:47:41Z</time></trkpt><trkpt lat="37.55988693237305" lon="127.05057525634766"><ele>5.400000095367432</ele><time>2026-09-10T11:47:42Z</time></trkpt><trkpt lat="37.55986785888672" lon="127.05058288574219"><ele>5.400000095367432</ele><time>2026-09-10T11:47:43Z</time></trkpt><trkpt lat="37.559844970703125" lon="127.05059051513672"><ele>5.400000095367432</ele><time>2026-09-10T11:47:44Z</time></trkpt><trkpt lat="37.55982971191406" lon="127.05059814453125"><ele>5.400000095367432</ele><time>2026-09-10T11:47:45Z</time></trkpt><trkpt lat="37.559810638427734" lon="127.05060577392578"><ele>5.400000095367432</ele><time>2026-09-10T11:47:46Z</time></trkpt><trkpt lat="37.55978775024414" lon="127.05061340332031"><ele>5.199999809265137</ele><time>2026-09-10T11:47:47Z</time></trkpt><trkpt lat="37.55977249145508" lon="127.05062103271484"><ele>5.199999809265137</ele><time>2026-09-10T11:47:48Z</time></trkpt><trkpt lat="37.55975341796875" lon="127.05062866210938"><ele>5.199999809265137</ele><time>2026-09-10T11:47:49Z</time></trkpt><trkpt lat="37.55973815917969" lon="127.0506362915039"><ele>5.199999809265137</ele><time>2026-09-10T11:47:50Z</time></trkpt><trkpt lat="37.559722900390625" lon="127.05064392089844"><ele>5.199999809265137</ele><time>2026-09-10T11:47:51Z</time></trkpt><trkpt lat="37.5597038269043" lon="127.05065155029297"><ele>5.199999809265137</ele><time>2026-09-10T11:47:52Z</time></trkpt><trkpt lat="37.559688568115234" lon="127.05066680908203"><ele>5.199999809265137</ele><time>2026-09-10T11:47:53Z</time></trkpt><trkpt lat="37.55967330932617" lon="127.05067443847656"><ele>5.199999809265137</ele><time>2026-09-10T11:47:54Z</time></trkpt><trkpt lat="37.55965805053711" lon="127.0506820678711"><ele>5.199999809265137</ele><time>2026-09-10T11:47:55Z</time></trkpt><trkpt lat="37.55964660644531" lon="127.05068969726562"><ele>5.199999809265137</ele><time>2026-09-10T11:47:56Z</time></trkpt><trkpt lat="37.559627532958984" lon="127.05070495605469"><ele>5.0</ele><time>2026-09-10T11:47:57Z</time></trkpt><trkpt lat="37.55961227416992" lon="127.05071258544922"><ele>5.0</ele><time>2026-09-10T11:47:58Z</time></trkpt><trkpt lat="37.55959701538086" lon="127.05072021484375"><ele>5.0</ele><time>2026-09-10T11:47:59Z</time></trkpt><trkpt lat="37.55958557128906" lon="127.05072784423828"><ele>4.800000190734863</ele><time>2026-09-10T11:48:00Z</time></trkpt><trkpt lat="37.559566497802734" lon="127.05073547363281"><ele>4.800000190734863</ele><time>2026-09-10T11:48:01Z</time></trkpt><trkpt lat="37.55955505371094" lon="127.05074310302734"><ele>4.800000190734863</ele><time>2026-09-10T11:48:02Z</time></trkpt><trkpt lat="37.55953598022461" lon="127.05075073242188"><ele>4.800000190734863</ele><time>2026-09-10T11:48:03Z</time></trkpt><trkpt lat="37.55952453613281" lon="127.0507583618164"><ele>4.599999904632568</ele><time>2026-09-10T11:48:04Z</time></trkpt><trkpt lat="37.559513092041016" lon="127.05077362060547"><ele>4.599999904632568</ele><time>2026-09-10T11:48:05Z</time></trkpt><trkpt lat="37.55949783325195" lon="127.05078125"><ele>4.599999904632568</ele><time>2026-09-10T11:48:06Z</time></trkpt><trkpt lat="37.559486389160156" lon="127.05078125"><ele>4.599999904632568</ele><time>2026-09-10T11:48:07Z</time></trkpt><trkpt lat="37.559471130371094" lon="127.05078887939453"><ele>4.599999904632568</ele><time>2026-09-10T11:48:08Z</time></trkpt><trkpt lat="37.559452056884766" lon="127.05078887939453"><ele>4.599999904632568</ele><time>2026-09-10T11:48:09Z</time></trkpt><trkpt lat="37.5594367980957" lon="127.05079650878906"><ele>4.599999904632568</ele><time>2026-09-10T11:48:10Z</time></trkpt><trkpt lat="37.559417724609375" lon="127.05081176757812"><ele>4.599999904632568</ele><time>2026-09-10T11:48:11Z</time></trkpt><trkpt lat="37.55939865112305" lon="127.05081939697266"><ele>4.599999904632568</ele><time>2026-09-10T11:48:12Z</time></trkpt><trkpt lat="37.55937957763672" lon="127.05082702636719"><ele>4.599999904632568</ele><time>2026-09-10T11:48:13Z</time></trkpt><trkpt lat="37.559356689453125" lon="127.05083465576172"><ele>4.400000095367432</ele><time>2026-09-10T11:48:14Z</time></trkpt><trkpt lat="37.5593376159668" lon="127.05084228515625"><ele>4.400000095367432</ele><time>2026-09-10T11:48:15Z</time></trkpt><trkpt lat="37.55931854248047" lon="127.05084991455078"><ele>4.400000095367432</ele><time>2026-09-10T11:48:16Z</time></trkpt><trkpt lat="37.559295654296875" lon="127.05084991455078"><ele>4.400000095367432</ele><time>2026-09-10T11:48:17Z</time></trkpt><trkpt lat="37.55928039550781" lon="127.05085754394531"><ele>4.400000095367432</ele><time>2026-09-10T11:48:18Z</time></trkpt><trkpt lat="37.559261322021484" lon="127.05086517333984"><ele>4.400000095367432</ele><time>2026-09-10T11:48:19Z</time></trkpt><trkpt lat="37.55924606323242" lon="127.05087280273438"><ele>4.400000095367432</ele><time>2026-09-10T11:48:20Z</time></trkpt><trkpt lat="37.55923080444336" lon="127.0508804321289"><ele>4.199999809265137</ele><time>2026-09-10T11:48:21Z</time></trkpt><trkpt lat="37.5592155456543" lon="127.05088806152344"><ele>4.199999809265137</ele><time>2026-09-10T11:48:22Z</time></trkpt><trkpt lat="37.55919647216797" lon="127.05089569091797"><ele>4.199999809265137</ele><time>2026-09-10T11:48:23Z</time></trkpt><trkpt lat="37.559181213378906" lon="127.0509033203125"><ele>4.199999809265137</ele><time>2026-09-10T11:48:24Z</time></trkpt><trkpt lat="37.55916213989258" lon="127.0509033203125"><ele>4.199999809265137</ele><time>2026-09-10T11:48:25Z</time></trkpt><trkpt lat="37.559146881103516" lon="127.05091094970703"><ele>4.199999809265137</ele><time>2026-09-10T11:48:26Z</time></trkpt><trkpt lat="37.55912780761719" lon="127.05091857910156"><ele>4.199999809265137</ele><time>2026-09-10T11:48:27Z</time></trkpt><trkpt lat="37.559104919433594" lon="127.0509262084961"><ele>4.199999809265137</ele><time>2026-09-10T11:48:28Z</time></trkpt><trkpt lat="37.5590934753418" lon="127.05093383789062"><ele>4.199999809265137</ele><time>2026-09-10T11:48:29Z</time></trkpt><trkpt lat="37.55907440185547" lon="127.05094146728516"><ele>4.0</ele><time>2026-09-10T11:48:30Z</time></trkpt><trkpt lat="37.559059143066406" lon="127.05095672607422"><ele>4.0</ele><time>2026-09-10T11:48:31Z</time></trkpt><trkpt lat="37.55904006958008" lon="127.05096435546875"><ele>4.0</ele><time>2026-09-10T11:48:32Z</time></trkpt><trkpt lat="37.559024810791016" lon="127.05097198486328"><ele>4.0</ele><time>2026-09-10T11:48:33Z</time></trkpt><trkpt lat="37.55900955200195" lon="127.05097961425781"><ele>4.0</ele><time>2026-09-10T11:48:34Z</time></trkpt><trkpt lat="37.55899429321289" lon="127.05098724365234"><ele>4.0</ele><time>2026-09-10T11:48:35Z</time></trkpt><trkpt lat="37.55897903442383" lon="127.05099487304688"><ele>4.0</ele><time>2026-09-10T11:48:36Z</time></trkpt><trkpt lat="37.55896759033203" lon="127.05101013183594"><ele>4.0</ele><time>2026-09-10T11:48:37Z</time></trkpt><trkpt lat="37.5589485168457" lon="127.05101013183594"><ele>4.0</ele><time>2026-09-10T11:48:38Z</time></trkpt><trkpt lat="37.558929443359375" lon="127.05101776123047"><ele>4.0</ele><time>2026-09-10T11:48:39Z</time></trkpt><trkpt lat="37.55891418457031" lon="127.051025390625"><ele>3.799999952316284</ele><time>2026-09-10T11:48:40Z</time></trkpt><trkpt lat="37.558895111083984" lon="127.05103302001953"><ele>3.799999952316284</ele><time>2026-09-10T11:48:41Z</time></trkpt><trkpt lat="37.558876037597656" lon="127.05104064941406"><ele>3.799999952316284</ele><time>2026-09-10T11:48:42Z</time></trkpt><trkpt lat="37.55885696411133" lon="127.0510482788086"><ele>3.799999952316284</ele><time>2026-09-10T11:48:43Z</time></trkpt><trkpt lat="37.558837890625" lon="127.05105590820312"><ele>3.799999952316284</ele><time>2026-09-10T11:48:44Z</time></trkpt><trkpt lat="37.55882263183594" lon="127.05106353759766"><ele>3.799999952316284</ele><time>2026-09-10T11:48:45Z</time></trkpt><trkpt lat="37.55880355834961" lon="127.05107879638672"><ele>3.799999952316284</ele><time>2026-09-10T11:48:46Z</time></trkpt><trkpt lat="37.55878448486328" lon="127.05108642578125"><ele>3.5999999046325684</ele><time>2026-09-10T11:48:47Z</time></trkpt><trkpt lat="37.55876541137695" lon="127.05109405517578"><ele>3.5999999046325684</ele><time>2026-09-10T11:48:48Z</time></trkpt><trkpt lat="37.558746337890625" lon="127.05110168457031"><ele>3.5999999046325684</ele><time>2026-09-10T11:48:49Z</time></trkpt><trkpt lat="37.55873107910156" lon="127.05110931396484"><ele>3.5999999046325684</ele><time>2026-09-10T11:48:50Z</time></trkpt><trkpt lat="37.55870819091797" lon="127.05111694335938"><ele>3.5999999046325684</ele><time>2026-09-10T11:48:51Z</time></trkpt><trkpt lat="37.558685302734375" lon="127.0511245727539"><ele>3.5999999046325684</ele><time>2026-09-10T11:48:52Z</time></trkpt><trkpt lat="37.55866241455078" lon="127.05113220214844"><ele>3.5999999046325684</ele><time>2026-09-10T11:48:53Z</time></trkpt><trkpt lat="37.55863952636719" lon="127.05113983154297"><ele>3.5999999046325684</ele><time>2026-09-10T11:48:54Z</time></trkpt><trkpt lat="37.55861282348633" lon="127.05115509033203"><ele>3.5999999046325684</ele><time>2026-09-10T11:48:55Z</time></trkpt><trkpt lat="37.558589935302734" lon="127.0511703491211"><ele>3.4000000953674316</ele><time>2026-09-10T11:48:56Z</time></trkpt><trkpt lat="37.558570861816406" lon="127.05117797851562"><ele>3.4000000953674316</ele><time>2026-09-10T11:48:57Z</time></trkpt><trkpt lat="37.55855178833008" lon="127.05119323730469"><ele>3.4000000953674316</ele><time>2026-09-10T11:48:58Z</time></trkpt><trkpt lat="37.558528900146484" lon="127.05120086669922"><ele>3.4000000953674316</ele><time>2026-09-10T11:48:59Z</time></trkpt><trkpt lat="37.55851364135742" lon="127.05120849609375"><ele>3.4000000953674316</ele><time>2026-09-10T11:49:00Z</time></trkpt><trkpt lat="37.55849075317383" lon="127.05122375488281"><ele>3.5999999046325684</ele><time>2026-09-10T11:49:01Z</time></trkpt><trkpt lat="37.558475494384766" lon="127.05123138427734"><ele>3.5999999046325684</ele><time>2026-09-10T11:49:02Z</time></trkpt><trkpt lat="37.55845642089844" lon="127.05123901367188"><ele>3.4000000953674316</ele><time>2026-09-10T11:49:03Z</time></trkpt><trkpt lat="37.55843734741211" lon="127.0512466430664"><ele>3.4000000953674316</ele><time>2026-09-10T11:49:04Z</time></trkpt><trkpt lat="37.55842590332031" lon="127.05125427246094"><ele>3.4000000953674316</ele><time>2026-09-10T11:49:05Z</time></trkpt><trkpt lat="37.558406829833984" lon="127.05126190185547"><ele>3.4000000953674316</ele><time>2026-09-10T11:49:06Z</time></trkpt><trkpt lat="37.55839157104492" lon="127.05126190185547"><ele>3.4000000953674316</ele><time>2026-09-10T11:49:07Z</time></trkpt><trkpt lat="37.55837631225586" lon="127.05126953125"><ele>3.4000000953674316</ele><time>2026-09-10T11:49:08Z</time></trkpt><trkpt lat="37.55835723876953" lon="127.05127716064453"><ele>3.4000000953674316</ele><time>2026-09-10T11:49:09Z</time></trkpt><trkpt lat="37.558345794677734" lon="127.05128479003906"><ele>3.4000000953674316</ele><time>2026-09-10T11:49:10Z</time></trkpt><trkpt lat="37.558326721191406" lon="127.0512924194336"><ele>3.4000000953674316</ele><time>2026-09-10T11:49:11Z</time></trkpt><trkpt lat="37.558311462402344" lon="127.05130004882812"><ele>3.200000047683716</ele><time>2026-09-10T11:49:12Z</time></trkpt><trkpt lat="37.55830001831055" lon="127.05130767822266"><ele>3.200000047683716</ele><time>2026-09-10T11:49:13Z</time></trkpt><trkpt lat="37.55828094482422" lon="127.05130767822266"><ele>3.200000047683716</ele><time>2026-09-10T11:49:14Z</time></trkpt><trkpt lat="37.558265686035156" lon="127.05130767822266"><ele>3.200000047683716</ele><time>2026-09-10T11:49:15Z</time></trkpt><trkpt lat="37.55824661254883" lon="127.05130767822266"><ele>3.200000047683716</ele><time>2026-09-10T11:49:16Z</time></trkpt><trkpt lat="37.558231353759766" lon="127.05130767822266"><ele>3.200000047683716</ele><time>2026-09-10T11:49:17Z</time></trkpt><trkpt lat="37.5582160949707" lon="127.05130004882812"><ele>3.4000000953674316</ele><time>2026-09-10T11:49:18Z</time></trkpt><trkpt lat="37.558197021484375" lon="127.05130767822266"><ele>3.4000000953674316</ele><time>2026-09-10T11:49:19Z</time></trkpt><trkpt lat="37.55818557739258" lon="127.05132293701172"><ele>3.4000000953674316</ele><time>2026-09-10T11:49:20Z</time></trkpt><trkpt lat="37.55816650390625" lon="127.05133056640625"><ele>3.4000000953674316</ele><time>2026-09-10T11:49:21Z</time></trkpt><trkpt lat="37.558143615722656" lon="127.05134582519531"><ele>3.4000000953674316</ele><time>2026-09-10T11:49:22Z</time></trkpt><trkpt lat="37.558128356933594" lon="127.05136108398438"><ele>3.4000000953674316</ele><time>2026-09-10T11:49:23Z</time></trkpt><trkpt lat="37.558109283447266" lon="127.05137634277344"><ele>3.200000047683716</ele><time>2026-09-10T11:49:24Z</time></trkpt><trkpt lat="37.55809020996094" lon="127.05138397216797"><ele>3.0</ele><time>2026-09-10T11:49:25Z</time></trkpt><trkpt lat="37.55807113647461" lon="127.0513916015625"><ele>3.0</ele><time>2026-09-10T11:49:26Z</time></trkpt><trkpt lat="37.55804443359375" lon="127.05139923095703"><ele>3.0</ele><time>2026-09-10T11:49:27Z</time></trkpt><trkpt lat="37.55802536010742" lon="127.05140686035156"><ele>2.799999952316284</ele><time>2026-09-10T11:49:28Z</time></trkpt><trkpt lat="37.55799865722656" lon="127.0514144897461"><ele>2.799999952316284</ele><time>2026-09-10T11:49:29Z</time></trkpt><trkpt lat="37.5579833984375" lon="127.05142211914062"><ele>2.799999952316284</ele><time>2026-09-10T11:49:30Z</time></trkpt><trkpt lat="37.557960510253906" lon="127.05142974853516"><ele>2.799999952316284</ele><time>2026-09-10T11:49:31Z</time></trkpt><trkpt lat="37.55794143676758" lon="127.05143737792969"><ele>2.799999952316284</ele><time>2026-09-10T11:49:32Z</time></trkpt><trkpt lat="37.557926177978516" lon="127.05143737792969"><ele>2.799999952316284</ele><time>2026-09-10T11:49:33Z</time></trkpt><trkpt lat="37.55790328979492" lon="127.05144500732422"><ele>2.799999952316284</ele><time>2026-09-10T11:49:34Z</time></trkpt><trkpt lat="37.55788803100586" lon="127.05145263671875"><ele>2.799999952316284</ele><time>2026-09-10T11:49:35Z</time></trkpt><trkpt lat="37.557861328125" lon="127.05145263671875"><ele>2.799999952316284</ele><time>2026-09-10T11:49:36Z</time></trkpt><trkpt lat="37.55784606933594" lon="127.05145263671875"><ele>2.799999952316284</ele><time>2026-09-10T11:49:37Z</time></trkpt><trkpt lat="37.55782699584961" lon="127.05146026611328"><ele>2.799999952316284</ele><time>2026-09-10T11:49:38Z</time></trkpt><trkpt lat="37.55780792236328" lon="127.05146789550781"><ele>2.799999952316284</ele><time>2026-09-10T11:49:39Z</time></trkpt><trkpt lat="37.55778884887695" lon="127.05146789550781"><ele>2.799999952316284</ele><time>2026-09-10T11:49:40Z</time></trkpt><trkpt lat="37.55776596069336" lon="127.05147552490234"><ele>3.0</ele><time>2026-09-10T11:49:41Z</time></trkpt><trkpt lat="37.5577507019043" lon="127.05148315429688"><ele>3.0</ele><time>2026-09-10T11:49:42Z</time></trkpt><trkpt lat="37.5577278137207" lon="127.0514907836914"><ele>2.799999952316284</ele><time>2026-09-10T11:49:43Z</time></trkpt><trkpt lat="37.55771255493164" lon="127.0514907836914"><ele>2.799999952316284</ele><time>2026-09-10T11:49:44Z</time></trkpt><trkpt lat="37.55769729614258" lon="127.0514907836914"><ele>2.799999952316284</ele><time>2026-09-10T11:49:45Z</time></trkpt><trkpt lat="37.557674407958984" lon="127.0514907836914"><ele>2.5999999046325684</ele><time>2026-09-10T11:49:46Z</time></trkpt><trkpt lat="37.55765914916992" lon="127.05149841308594"><ele>2.5999999046325684</ele><time>2026-09-10T11:49:47Z</time></trkpt><trkpt lat="37.55764389038086" lon="127.05150604248047"><ele>2.799999952316284</ele><time>2026-09-10T11:49:48Z</time></trkpt><trkpt lat="37.55762481689453" lon="127.05150604248047"><ele>2.799999952316284</ele><time>2026-09-10T11:49:49Z</time></trkpt><trkpt lat="37.55760955810547" lon="127.05150604248047"><ele>2.799999952316284</ele><time>2026-09-10T11:49:50Z</time></trkpt><trkpt lat="37.55759048461914" lon="127.051513671875"><ele>2.799999952316284</ele><time>2026-09-10T11:49:51Z</time></trkpt><trkpt lat="37.55757522583008" lon="127.05152130126953"><ele>2.799999952316284</ele><time>2026-09-10T11:49:52Z</time></trkpt><trkpt lat="37.55755615234375" lon="127.05152130126953"><ele>2.5999999046325684</ele><time>2026-09-10T11:49:53Z</time></trkpt><trkpt lat="37.55754089355469" lon="127.05152893066406"><ele>2.5999999046325684</ele><time>2026-09-10T11:49:54Z</time></trkpt><trkpt lat="37.557518005371094" lon="127.05152893066406"><ele>2.4000000953674316</ele><time>2026-09-10T11:49:55Z</time></trkpt><trkpt lat="37.55750274658203" lon="127.05152893066406"><ele>2.4000000953674316</ele><time>2026-09-10T11:49:56Z</time></trkpt><trkpt lat="37.55747985839844" lon="127.05152893066406"><ele>2.4000000953674316</ele><time>2026-09-10T11:49:57Z</time></trkpt><trkpt lat="37.557456970214844" lon="127.05152130126953"><ele>2.5999999046325684</ele><time>2026-09-10T11:49:58Z</time></trkpt><trkpt lat="37.55744171142578" lon="127.05152893066406"><ele>2.5999999046325684</ele><time>2026-09-10T11:49:59Z</time></trkpt><trkpt lat="37.55741882324219" lon="127.05152893066406"><ele>2.4000000953674316</ele><time>2026-09-10T11:50:00Z</time></trkpt><trkpt lat="37.557403564453125" lon="127.05152893066406"><ele>2.4000000953674316</ele><time>2026-09-10T11:50:01Z</time></trkpt><trkpt lat="37.55738067626953" lon="127.05152893066406"><ele>2.4000000953674316</ele><time>2026-09-10T11:50:02Z</time></trkpt><trkpt lat="37.5573616027832" lon="127.05152893066406"><ele>2.200000047683716</ele><time>2026-09-10T11:50:03Z</time></trkpt><trkpt lat="37.557342529296875" lon="127.05152893066406"><ele>2.200000047683716</ele><time>2026-09-10T11:50:04Z</time></trkpt><trkpt lat="37.55731964111328" lon="127.05152130126953"><ele>2.200000047683716</ele><time>2026-09-10T11:50:05Z</time></trkpt><trkpt lat="37.55730056762695" lon="127.05152130126953"><ele>2.200000047683716</ele><time>2026-09-10T11:50:06Z</time></trkpt><trkpt lat="37.55727767944336" lon="127.051513671875"><ele>2.200000047683716</ele><time>2026-09-10T11:50:07Z</time></trkpt><trkpt lat="37.5572624206543" lon="127.051513671875"><ele>2.200000047683716</ele><time>2026-09-10T11:50:08Z</time></trkpt><trkpt lat="37.5572395324707" lon="127.051513671875"><ele>2.200000047683716</ele><time>2026-09-10T11:50:09Z</time></trkpt><trkpt lat="37.557220458984375" lon="127.05150604248047"><ele>2.200000047683716</ele><time>2026-09-10T11:50:10Z</time></trkpt><trkpt lat="37.55719757080078" lon="127.05150604248047"><ele>2.200000047683716</ele><time>2026-09-10T11:50:11Z</time></trkpt><trkpt lat="37.55717849731445" lon="127.05149841308594"><ele>2.200000047683716</ele><time>2026-09-10T11:50:12Z</time></trkpt><trkpt lat="37.557159423828125" lon="127.05149841308594"><ele>2.200000047683716</ele><time>2026-09-10T11:50:13Z</time></trkpt><trkpt lat="37.5571403503418" lon="127.05149841308594"><ele>2.200000047683716</ele><time>2026-09-10T11:50:14Z</time></trkpt><trkpt lat="37.55712127685547" lon="127.05149841308594"><ele>2.200000047683716</ele><time>2026-09-10T11:50:15Z</time></trkpt><trkpt lat="37.557098388671875" lon="127.0514907836914"><ele>2.200000047683716</ele><time>2026-09-10T11:50:16Z</time></trkpt><trkpt lat="37.55707931518555" lon="127.0514907836914"><ele>2.200000047683716</ele><time>2026-09-10T11:50:17Z</time></trkpt><trkpt lat="37.55705642700195" lon="127.05148315429688"><ele>2.200000047683716</ele><time>2026-09-10T11:50:18Z</time></trkpt><trkpt lat="37.557037353515625" lon="127.05148315429688"><ele>2.200000047683716</ele><time>2026-09-10T11:50:19Z</time></trkpt><trkpt lat="37.5570182800293" lon="127.05148315429688"><ele>2.200000047683716</ele><time>2026-09-10T11:50:20Z</time></trkpt><trkpt lat="37.5569953918457" lon="127.05147552490234"><ele>2.200000047683716</ele><time>2026-09-10T11:50:21Z</time></trkpt><trkpt lat="37.556976318359375" lon="127.05146789550781"><ele>2.200000047683716</ele><time>2026-09-10T11:50:22Z</time></trkpt><trkpt lat="37.55695343017578" lon="127.05146789550781"><ele>2.200000047683716</ele><time>2026-09-10T11:50:23Z</time></trkpt><trkpt lat="37.55693435668945" lon="127.05146789550781"><ele>2.200000047683716</ele><time>2026-09-10T11:50:24Z</time></trkpt><trkpt lat="37.556915283203125" lon="127.05146789550781"><ele>2.200000047683716</ele><time>2026-09-10T11:50:25Z</time></trkpt><trkpt lat="37.55689239501953" lon="127.05146789550781"><ele>2.200000047683716</ele><time>2026-09-10T11:50:26Z</time></trkpt><trkpt lat="37.5568733215332" lon="127.05146789550781"><ele>2.200000047683716</ele><time>2026-09-10T11:50:27Z</time></trkpt><trkpt lat="37.556846618652344" lon="127.05146789550781"><ele>2.200000047683716</ele><time>2026-09-10T11:50:28Z</time></trkpt><trkpt lat="37.55683135986328" lon="127.05146789550781"><ele>2.200000047683716</ele><time>2026-09-10T11:50:29Z</time></trkpt><trkpt lat="37.55680847167969" lon="127.05146789550781"><ele>2.200000047683716</ele><time>2026-09-10T11:50:30Z</time></trkpt><trkpt lat="37.55678939819336" lon="127.05146026611328"><ele>2.200000047683716</ele><time>2026-09-10T11:50:31Z</time></trkpt><trkpt lat="37.55677795410156" lon="127.05144500732422"><ele>2.200000047683716</ele><time>2026-09-10T11:50:32Z</time></trkpt><trkpt lat="37.556766510009766" lon="127.05142974853516"><ele>2.200000047683716</ele><time>2026-09-10T11:50:33Z</time></trkpt><trkpt lat="37.55675506591797" lon="127.05142211914062"><ele>2.200000047683716</ele><time>2026-09-10T11:50:34Z</time></trkpt><trkpt lat="37.556739807128906" lon="127.05142211914062"><ele>2.200000047683716</ele><time>2026-09-10T11:50:35Z</time></trkpt><trkpt lat="37.55672073364258" lon="127.05142974853516"><ele>2.200000047683716</ele><time>2026-09-10T11:50:36Z</time></trkpt><trkpt lat="37.55670166015625" lon="127.05142974853516"><ele>2.200000047683716</ele><time>2026-09-10T11:50:37Z</time></trkpt><trkpt lat="37.556678771972656" lon="127.05142974853516"><ele>2.200000047683716</ele><time>2026-09-10T11:50:38Z</time></trkpt><trkpt lat="37.55665969848633" lon="127.05142974853516"><ele>2.200000047683716</ele><time>2026-09-10T11:50:39Z</time></trkpt><trkpt lat="37.556636810302734" lon="127.05142211914062"><ele>2.200000047683716</ele><time>2026-09-10T11:50:40Z</time></trkpt><trkpt lat="37.55661392211914" lon="127.05142211914062"><ele>2.200000047683716</ele><time>2026-09-10T11:50:41Z</time></trkpt><trkpt lat="37.55659103393555" lon="127.05142211914062"><ele>2.200000047683716</ele><time>2026-09-10T11:50:42Z</time></trkpt><trkpt lat="37.55656814575195" lon="127.0514144897461"><ele>2.200000047683716</ele><time>2026-09-10T11:50:43Z</time></trkpt><trkpt lat="37.55655288696289" lon="127.0514144897461"><ele>2.200000047683716</ele><time>2026-09-10T11:50:44Z</time></trkpt><trkpt lat="37.5565299987793" lon="127.0514144897461"><ele>2.200000047683716</ele><time>2026-09-10T11:50:45Z</time></trkpt><trkpt lat="37.556514739990234" lon="127.05140686035156"><ele>2.200000047683716</ele><time>2026-09-10T11:50:46Z</time></trkpt><trkpt lat="37.556495666503906" lon="127.05140686035156"><ele>2.200000047683716</ele><time>2026-09-10T11:50:47Z</time></trkpt><trkpt lat="37.55648422241211" lon="127.05139923095703"><ele>2.200000047683716</ele><time>2026-09-10T11:50:48Z</time></trkpt><trkpt lat="37.55646896362305" lon="127.05139923095703"><ele>2.200000047683716</ele><time>2026-09-10T11:50:49Z</time></trkpt><trkpt lat="37.556453704833984" lon="127.0513916015625"><ele>2.200000047683716</ele><time>2026-09-10T11:50:50Z</time></trkpt><trkpt lat="37.55644226074219" lon="127.0513916015625"><ele>2.0</ele><time>2026-09-10T11:50:51Z</time></trkpt><trkpt lat="37.55642318725586" lon="127.0513916015625"><ele>2.0</ele><time>2026-09-10T11:50:52Z</time></trkpt><trkpt lat="37.5564079284668" lon="127.05138397216797"><ele>2.0</ele><time>2026-09-10T11:50:53Z</time></trkpt><trkpt lat="37.5563850402832" lon="127.05138397216797"><ele>2.0</ele><time>2026-09-10T11:50:54Z</time></trkpt><trkpt lat="37.556365966796875" lon="127.05138397216797"><ele>1.7999999523162842</ele><time>2026-09-10T11:50:55Z</time></trkpt><trkpt lat="37.55634689331055" lon="127.05137634277344"><ele>1.7999999523162842</ele><time>2026-09-10T11:50:56Z</time></trkpt><trkpt lat="37.55632400512695" lon="127.0513687133789"><ele>1.7999999523162842</ele><time>2026-09-10T11:50:57Z</time></trkpt><trkpt lat="37.556304931640625" lon="127.0513687133789"><ele>1.7999999523162842</ele><time>2026-09-10T11:50:58Z</time></trkpt><trkpt lat="37.556278228759766" lon="127.0513687133789"><ele>1.7999999523162842</ele><time>2026-09-10T11:50:59Z</time></trkpt><trkpt lat="37.55625915527344" lon="127.05136108398438"><ele>1.7999999523162842</ele><time>2026-09-10T11:51:00Z</time></trkpt><trkpt lat="37.55624008178711" lon="127.05136108398438"><ele>1.7999999523162842</ele><time>2026-09-10T11:51:01Z</time></trkpt><trkpt lat="37.556217193603516" lon="127.05135345458984"><ele>1.600000023841858</ele><time>2026-09-10T11:51:02Z</time></trkpt><trkpt lat="37.55620193481445" lon="127.05135345458984"><ele>1.600000023841858</ele><time>2026-09-10T11:51:03Z</time></trkpt><trkpt lat="37.556175231933594" lon="127.05134582519531"><ele>1.600000023841858</ele><time>2026-09-10T11:51:04Z</time></trkpt><trkpt lat="37.55615997314453" lon="127.05133819580078"><ele>1.600000023841858</ele><time>2026-09-10T11:51:05Z</time></trkpt><trkpt lat="37.5561408996582" lon="127.05133819580078"><ele>1.600000023841858</ele><time>2026-09-10T11:51:06Z</time></trkpt><trkpt lat="37.55611801147461" lon="127.05133819580078"><ele>1.399999976158142</ele><time>2026-09-10T11:51:07Z</time></trkpt><trkpt lat="37.55610275268555" lon="127.05133819580078"><ele>1.399999976158142</ele><time>2026-09-10T11:51:08Z</time></trkpt><trkpt lat="37.55607986450195" lon="127.05133056640625"><ele>1.399999976158142</ele><time>2026-09-10T11:51:09Z</time></trkpt><trkpt lat="37.556068420410156" lon="127.05133056640625"><ele>1.399999976158142</ele><time>2026-09-10T11:51:10Z</time></trkpt><trkpt lat="37.5560417175293" lon="127.05132293701172"><ele>1.2000000476837158</ele><time>2026-09-10T11:51:11Z</time></trkpt><trkpt lat="37.556026458740234" lon="127.05133056640625"><ele>1.2000000476837158</ele><time>2026-09-10T11:51:12Z</time></trkpt><trkpt lat="37.55600357055664" lon="127.05133056640625"><ele>1.2000000476837158</ele><time>2026-09-10T11:51:13Z</time></trkpt><trkpt lat="37.55598449707031" lon="127.05132293701172"><ele>1.2000000476837158</ele><time>2026-09-10T11:51:14Z</time></trkpt><trkpt lat="37.55596160888672" lon="127.05131530761719"><ele>1.2000000476837158</ele><time>2026-09-10T11:51:15Z</time></trkpt><trkpt lat="37.55594253540039" lon="127.05130767822266"><ele>1.2000000476837158</ele><time>2026-09-10T11:51:16Z</time></trkpt><trkpt lat="37.55592346191406" lon="127.05130004882812"><ele>1.2000000476837158</ele><time>2026-09-10T11:51:17Z</time></trkpt><trkpt lat="37.555912017822266" lon="127.05130004882812"><ele>1.2000000476837158</ele><time>2026-09-10T11:51:18Z</time></trkpt><trkpt lat="37.5558967590332" lon="127.05130767822266"><ele>1.0</ele><time>2026-09-10T11:51:19Z</time></trkpt><trkpt lat="37.55588150024414" lon="127.05132293701172"><ele>1.0</ele><time>2026-09-10T11:51:20Z</time></trkpt><trkpt lat="37.55586242675781" lon="127.05133056640625"><ele>1.2000000476837158</ele><time>2026-09-10T11:51:21Z</time></trkpt><trkpt lat="37.55583953857422" lon="127.05133056640625"><ele>1.2000000476837158</ele><time>2026-09-10T11:51:22Z</time></trkpt><trkpt lat="37.555824279785156" lon="127.05133819580078"><ele>1.0</ele><time>2026-09-10T11:51:23Z</time></trkpt><trkpt lat="37.55580139160156" lon="127.05133056640625"><ele>1.0</ele><time>2026-09-10T11:51:24Z</time></trkpt><trkpt lat="37.555782318115234" lon="127.05132293701172"><ele>1.0</ele><time>2026-09-10T11:51:25Z</time></trkpt><trkpt lat="37.55576705932617" lon="127.05132293701172"><ele>1.0</ele><time>2026-09-10T11:51:26Z</time></trkpt><trkpt lat="37.55574035644531" lon="127.05131530761719"><ele>0.800000011920929</ele><time>2026-09-10T11:51:27Z</time></trkpt><trkpt lat="37.55572509765625" lon="127.05131530761719"><ele>0.800000011920929</ele><time>2026-09-10T11:51:28Z</time></trkpt><trkpt lat="37.555702209472656" lon="127.05130767822266"><ele>0.800000011920929</ele><time>2026-09-10T11:51:29Z</time></trkpt><trkpt lat="37.555686950683594" lon="127.05130767822266"><ele>1.0</ele><time>2026-09-10T11:51:30Z</time></trkpt><trkpt lat="37.555667877197266" lon="127.05130767822266"><ele>1.0</ele><time>2026-09-10T11:51:31Z</time></trkpt><trkpt lat="37.55564880371094" lon="127.0512924194336"><ele>1.0</ele><time>2026-09-10T11:51:32Z</time></trkpt><trkpt lat="37.55562973022461" lon="127.05128479003906"><ele>1.0</ele><time>2026-09-10T11:51:33Z</time></trkpt><trkpt lat="37.555606842041016" lon="127.05127716064453"><ele>1.0</ele><time>2026-09-10T11:51:34Z</time></trkpt><trkpt lat="37.55559158325195" lon="127.05126953125"><ele>1.0</ele><time>2026-09-10T11:51:35Z</time></trkpt><trkpt lat="37.555572509765625" lon="127.05126190185547"><ele>1.0</ele><time>2026-09-10T11:51:36Z</time></trkpt><trkpt lat="37.5555534362793" lon="127.05125427246094"><ele>1.0</ele><time>2026-09-10T11:51:37Z</time></trkpt><trkpt lat="37.555538177490234" lon="127.05125427246094"><ele>1.0</ele><time>2026-09-10T11:51:38Z</time></trkpt><trkpt lat="37.55551528930664" lon="127.05123901367188"><ele>1.0</ele><time>2026-09-10T11:51:39Z</time></trkpt><trkpt lat="37.55550003051758" lon="127.05123901367188"><ele>1.0</ele><time>2026-09-10T11:51:40Z</time></trkpt><trkpt lat="37.55547332763672" lon="127.05123138427734"><ele>1.0</ele><time>2026-09-10T11:51:41Z</time></trkpt><trkpt lat="37.555450439453125" lon="127.05122375488281"><ele>1.0</ele><time>2026-09-10T11:51:42Z</time></trkpt><trkpt lat="37.55543518066406" lon="127.05121612548828"><ele>1.2000000476837158</ele><time>2026-09-10T11:51:43Z</time></trkpt><trkpt lat="37.5554313659668" lon="127.05120849609375"><ele>1.2000000476837158</ele><time>2026-09-10T11:51:44Z</time></trkpt><trkpt lat="37.55543899536133" lon="127.05121612548828"><ele>1.2000000476837158</ele><time>2026-09-10T11:51:45Z</time></trkpt><trkpt lat="37.555450439453125" lon="127.05122375488281"><ele>1.2000000476837158</ele><time>2026-09-10T11:51:46Z</time></trkpt><trkpt lat="37.55546188354492" lon="127.05123138427734"><ele>1.0</ele><time>2026-09-10T11:51:47Z</time></trkpt><trkpt lat="37.55546951293945" lon="127.05123901367188"><ele>1.0</ele><time>2026-09-10T11:51:48Z</time></trkpt><trkpt lat="37.55548095703125" lon="127.0512466430664"><ele>1.0</ele><time>2026-09-10T11:51:49Z</time></trkpt><trkpt lat="37.55549621582031" lon="127.0512466430664"><ele>1.2000000476837158</ele><time>2026-09-10T11:51:50Z</time></trkpt><trkpt lat="37.55551528930664" lon="127.0512466430664"><ele>1.2000000476837158</ele><time>2026-09-10T11:51:51Z</time></trkpt><trkpt lat="37.55552673339844" lon="127.0512466430664"><ele>1.2000000476837158</ele><time>2026-09-10T11:51:52Z</time></trkpt><trkpt lat="37.555545806884766" lon="127.05126190185547"><ele>1.2000000476837158</ele><time>2026-09-10T11:51:53Z</time></trkpt><trkpt lat="37.555564880371094" lon="127.05126190185547"><ele>1.2000000476837158</ele><time>2026-09-10T11:51:54Z</time></trkpt><trkpt lat="37.55558395385742" lon="127.05126953125"><ele>1.2000000476837158</ele><time>2026-09-10T11:51:55Z</time></trkpt><trkpt lat="37.55561065673828" lon="127.05127716064453"><ele>1.2000000476837158</ele><time>2026-09-10T11:51:56Z</time></trkpt><trkpt lat="37.55562973022461" lon="127.05128479003906"><ele>1.399999976158142</ele><time>2026-09-10T11:51:57Z</time></trkpt><trkpt lat="37.55564880371094" lon="127.0512924194336"><ele>1.399999976158142</ele><time>2026-09-10T11:51:58Z</time></trkpt><trkpt lat="37.555667877197266" lon="127.0512924194336"><ele>1.399999976158142</ele><time>2026-09-10T11:51:59Z</time></trkpt><trkpt lat="37.555686950683594" lon="127.05130004882812"><ele>1.399999976158142</ele><time>2026-09-10T11:52:00Z</time></trkpt><trkpt lat="37.55570983886719" lon="127.05130767822266"><ele>1.399999976158142</ele><time>2026-09-10T11:52:01Z</time></trkpt><trkpt lat="37.55572509765625" lon="127.05131530761719"><ele>1.600000023841858</ele><time>2026-09-10T11:52:02Z</time></trkpt><trkpt lat="37.555747985839844" lon="127.05132293701172"><ele>1.600000023841858</ele><time>2026-09-10T11:52:03Z</time></trkpt><trkpt lat="37.55575942993164" lon="127.05132293701172"><ele>1.600000023841858</ele><time>2026-09-10T11:52:04Z</time></trkpt><trkpt lat="37.55577850341797" lon="127.05132293701172"><ele>1.600000023841858</ele><time>2026-09-10T11:52:05Z</time></trkpt><trkpt lat="37.5557975769043" lon="127.05133056640625"><ele>1.600000023841858</ele><time>2026-09-10T11:52:06Z</time></trkpt><trkpt lat="37.555816650390625" lon="127.05133056640625"><ele>1.600000023841858</ele><time>2026-09-10T11:52:07Z</time></trkpt><trkpt lat="37.55583953857422" lon="127.05133056640625"><ele>1.600000023841858</ele><time>2026-09-10T11:52:08Z</time></trkpt><trkpt lat="37.55585479736328" lon="127.05133056640625"><ele>1.600000023841858</ele><time>2026-09-10T11:52:09Z</time></trkpt><trkpt lat="37.55587387084961" lon="127.05134582519531"><ele>1.600000023841858</ele><time>2026-09-10T11:52:10Z</time></trkpt><trkpt lat="37.555885314941406" lon="127.05135345458984"><ele>1.600000023841858</ele><time>2026-09-10T11:52:11Z</time></trkpt><trkpt lat="37.555904388427734" lon="127.05136108398438"><ele>1.7999999523162842</ele><time>2026-09-10T11:52:12Z</time></trkpt><trkpt lat="37.55592346191406" lon="127.05137634277344"><ele>1.7999999523162842</ele><time>2026-09-10T11:52:13Z</time></trkpt><trkpt lat="37.555931091308594" lon="127.05137634277344"><ele>1.7999999523162842</ele><time>2026-09-10T11:52:14Z</time></trkpt><trkpt lat="37.555946350097656" lon="127.05137634277344"><ele>1.7999999523162842</ele><time>2026-09-10T11:52:15Z</time></trkpt><trkpt lat="37.555965423583984" lon="127.05138397216797"><ele>1.7999999523162842</ele><time>2026-09-10T11:52:16Z</time></trkpt><trkpt lat="37.55598068237305" lon="127.0513916015625"><ele>2.0</ele><time>2026-09-10T11:52:17Z</time></trkpt><trkpt lat="37.55599594116211" lon="127.05139923095703"><ele>2.0</ele><time>2026-09-10T11:52:18Z</time></trkpt><trkpt lat="37.55601119995117" lon="127.05140686035156"><ele>2.0</ele><time>2026-09-10T11:52:19Z</time></trkpt><trkpt lat="37.556026458740234" lon="127.05140686035156"><ele>2.0</ele><time>2026-09-10T11:52:20Z</time></trkpt><trkpt lat="37.55604553222656" lon="127.05142211914062"><ele>2.0</ele><time>2026-09-10T11:52:21Z</time></trkpt><trkpt lat="37.556060791015625" lon="127.05142211914062"><ele>2.200000047683716</ele><time>2026-09-10T11:52:22Z</time></trkpt><trkpt lat="37.55607604980469" lon="127.05142974853516"><ele>2.200000047683716</ele><time>2026-09-10T11:52:23Z</time></trkpt><trkpt lat="37.556087493896484" lon="127.05142211914062"><ele>2.200000047683716</ele><time>2026-09-10T11:52:24Z</time></trkpt><trkpt lat="37.55609893798828" lon="127.05140686035156"><ele>2.200000047683716</ele><time>2026-09-10T11:52:25Z</time></trkpt><trkpt lat="37.55611801147461" lon="127.0513916015625"><ele>2.200000047683716</ele><time>2026-09-10T11:52:26Z</time></trkpt><trkpt lat="37.55613327026367" lon="127.05138397216797"><ele>2.4000000953674316</ele><time>2026-09-10T11:52:27Z</time></trkpt><trkpt lat="37.556156158447266" lon="127.05137634277344"><ele>2.4000000953674316</ele><time>2026-09-10T11:52:28Z</time></trkpt><trkpt lat="37.556175231933594" lon="127.05137634277344"><ele>2.4000000953674316</ele><time>2026-09-10T11:52:29Z</time></trkpt><trkpt lat="37.55619430541992" lon="127.0513687133789"><ele>2.5999999046325684</ele><time>2026-09-10T11:52:30Z</time></trkpt><trkpt lat="37.556217193603516" lon="127.05137634277344"><ele>2.5999999046325684</ele><time>2026-09-10T11:52:31Z</time></trkpt><trkpt lat="37.556236267089844" lon="127.05137634277344"><ele>2.799999952316284</ele><time>2026-09-10T11:52:32Z</time></trkpt><trkpt lat="37.55625915527344" lon="127.05138397216797"><ele>2.799999952316284</ele><time>2026-09-10T11:52:33Z</time></trkpt><trkpt lat="37.55628204345703" lon="127.05138397216797"><ele>2.799999952316284</ele><time>2026-09-10T11:52:34Z</time></trkpt><trkpt lat="37.556297302246094" lon="127.05138397216797"><ele>2.799999952316284</ele><time>2026-09-10T11:52:35Z</time></trkpt><trkpt lat="37.55632400512695" lon="127.0513916015625"><ele>2.799999952316284</ele><time>2026-09-10T11:52:36Z</time></trkpt><trkpt lat="37.55634689331055" lon="127.0513916015625"><ele>2.799999952316284</ele><time>2026-09-10T11:52:37Z</time></trkpt><trkpt lat="37.556365966796875" lon="127.0513916015625"><ele>2.799999952316284</ele><time>2026-09-10T11:52:38Z</time></trkpt><trkpt lat="37.55638885498047" lon="127.0513916015625"><ele>3.0</ele><time>2026-09-10T11:52:39Z</time></trkpt><trkpt lat="37.55640411376953" lon="127.05139923095703"><ele>3.0</ele><time>2026-09-10T11:52:40Z</time></trkpt><trkpt lat="37.55642318725586" lon="127.0513916015625"><ele>3.0</ele><time>2026-09-10T11:52:41Z</time></trkpt><trkpt lat="37.55644607543945" lon="127.05139923095703"><ele>3.0</ele><time>2026-09-10T11:52:42Z</time></trkpt><trkpt lat="37.55645751953125" lon="127.05139923095703"><ele>3.200000047683716</ele><time>2026-09-10T11:52:43Z</time></trkpt><trkpt lat="37.55647659301758" lon="127.05139923095703"><ele>3.200000047683716</ele><time>2026-09-10T11:52:44Z</time></trkpt><trkpt lat="37.556495666503906" lon="127.05139923095703"><ele>3.200000047683716</ele><time>2026-09-10T11:52:45Z</time></trkpt><trkpt lat="37.55651092529297" lon="127.05139923095703"><ele>3.200000047683716</ele><time>2026-09-10T11:52:46Z</time></trkpt><trkpt lat="37.5565299987793" lon="127.05139923095703"><ele>3.200000047683716</ele><time>2026-09-10T11:52:47Z</time></trkpt><trkpt lat="37.556541442871094" lon="127.05139923095703"><ele>3.4000000953674316</ele><time>2026-09-10T11:52:48Z</time></trkpt><trkpt lat="37.556556701660156" lon="127.05139923095703"><ele>3.4000000953674316</ele><time>2026-09-10T11:52:49Z</time></trkpt><trkpt lat="37.55657958984375" lon="127.05140686035156"><ele>3.4000000953674316</ele><time>2026-09-10T11:52:50Z</time></trkpt><trkpt lat="37.55659103393555" lon="127.05140686035156"><ele>3.4000000953674316</ele><time>2026-09-10T11:52:51Z</time></trkpt><trkpt lat="37.556610107421875" lon="127.05140686035156"><ele>3.4000000953674316</ele><time>2026-09-10T11:52:52Z</time></trkpt><trkpt lat="37.55662536621094" lon="127.05140686035156"><ele>3.4000000953674316</ele><time>2026-09-10T11:52:53Z</time></trkpt><trkpt lat="37.556636810302734" lon="127.05140686035156"><ele>3.4000000953674316</ele><time>2026-09-10T11:52:54Z</time></trkpt><trkpt lat="37.5566520690918" lon="127.0514144897461"><ele>3.4000000953674316</ele><time>2026-09-10T11:52:55Z</time></trkpt><trkpt lat="37.556663513183594" lon="127.0514144897461"><ele>3.5999999046325684</ele><time>2026-09-10T11:52:56Z</time></trkpt><trkpt lat="37.556678771972656" lon="127.05140686035156"><ele>3.5999999046325684</ele><time>2026-09-10T11:52:57Z</time></trkpt><trkpt lat="37.55669403076172" lon="127.05139923095703"><ele>3.5999999046325684</ele><time>2026-09-10T11:52:58Z</time></trkpt><trkpt lat="37.55670166015625" lon="127.05139923095703"><ele>3.5999999046325684</ele><time>2026-09-10T11:52:59Z</time></trkpt><trkpt lat="37.55671310424805" lon="127.0513916015625"><ele>3.5999999046325684</ele><time>2026-09-10T11:53:00Z</time></trkpt><trkpt lat="37.55672836303711" lon="127.05138397216797"><ele>3.4000000953674316</ele><time>2026-09-10T11:53:01Z</time></trkpt><trkpt lat="37.55674362182617" lon="127.05138397216797"><ele>3.4000000953674316</ele><time>2026-09-10T11:53:02Z</time></trkpt><trkpt lat="37.5567626953125" lon="127.05138397216797"><ele>3.4000000953674316</ele><time>2026-09-10T11:53:03Z</time></trkpt><trkpt lat="37.55677795410156" lon="127.05138397216797"><ele>3.4000000953674316</ele><time>2026-09-10T11:53:04Z</time></trkpt><trkpt lat="37.556793212890625" lon="127.0513916015625"><ele>3.4000000953674316</ele><time>2026-09-10T11:53:05Z</time></trkpt><trkpt lat="37.55680847167969" lon="127.05140686035156"><ele>3.200000047683716</ele><time>2026-09-10T11:53:06Z</time></trkpt><trkpt lat="37.55681610107422" lon="127.0514144897461"><ele>3.200000047683716</ele><time>2026-09-10T11:53:07Z</time></trkpt><trkpt lat="37.55682373046875" lon="127.0514144897461"><ele>3.200000047683716</ele><time>2026-09-10T11:53:08Z</time></trkpt><trkpt lat="37.55683517456055" lon="127.05142211914062"><ele>3.200000047683716</ele><time>2026-09-10T11:53:09Z</time></trkpt><trkpt lat="37.556846618652344" lon="127.05142211914062"><ele>3.200000047683716</ele><time>2026-09-10T11:53:10Z</time></trkpt><trkpt lat="37.556861877441406" lon="127.05142211914062"><ele>3.200000047683716</ele><time>2026-09-10T11:53:11Z</time></trkpt><trkpt lat="37.55687713623047" lon="127.05142974853516"><ele>3.4000000953674316</ele><time>2026-09-10T11:53:12Z</time></trkpt><trkpt lat="37.5568962097168" lon="127.05142974853516"><ele>3.4000000953674316</ele><time>2026-09-10T11:53:13Z</time></trkpt><trkpt lat="37.556915283203125" lon="127.05143737792969"><ele>3.4000000953674316</ele><time>2026-09-10T11:53:14Z</time></trkpt><trkpt lat="37.55693054199219" lon="127.05143737792969"><ele>3.4000000953674316</ele><time>2026-09-10T11:53:15Z</time></trkpt><trkpt lat="37.556949615478516" lon="127.05144500732422"><ele>3.4000000953674316</ele><time>2026-09-10T11:53:16Z</time></trkpt><trkpt lat="37.55697250366211" lon="127.05145263671875"><ele>3.4000000953674316</ele><time>2026-09-10T11:53:17Z</time></trkpt><trkpt lat="37.55699157714844" lon="127.05146026611328"><ele>3.5999999046325684</ele><time>2026-09-10T11:53:18Z</time></trkpt><trkpt lat="37.55702209472656" lon="127.05146026611328"><ele>3.5999999046325684</ele><time>2026-09-10T11:53:19Z</time></trkpt><trkpt lat="37.557044982910156" lon="127.05146789550781"><ele>3.4000000953674316</ele><time>2026-09-10T11:53:20Z</time></trkpt><trkpt lat="37.557064056396484" lon="127.05147552490234"><ele>3.5999999046325684</ele><time>2026-09-10T11:53:21Z</time></trkpt><trkpt lat="37.55709457397461" lon="127.05147552490234"><ele>3.5999999046325684</ele><time>2026-09-10T11:53:22Z</time></trkpt><trkpt lat="37.55711364746094" lon="127.05148315429688"><ele>3.5999999046325684</ele><time>2026-09-10T11:53:23Z</time></trkpt><trkpt lat="37.55713653564453" lon="127.05148315429688"><ele>3.5999999046325684</ele><time>2026-09-10T11:53:24Z</time></trkpt><trkpt lat="37.55715560913086" lon="127.05148315429688"><ele>3.4000000953674316</ele><time>2026-09-10T11:53:25Z</time></trkpt><trkpt lat="37.55717849731445" lon="127.05148315429688"><ele>3.4000000953674316</ele><time>2026-09-10T11:53:26Z</time></trkpt><trkpt lat="37.55720138549805" lon="127.0514907836914"><ele>3.4000000953674316</ele><time>2026-09-10T11:53:27Z</time></trkpt><trkpt lat="37.55721664428711" lon="127.0514907836914"><ele>3.200000047683716</ele><time>2026-09-10T11:53:28Z</time></trkpt><trkpt lat="37.5572395324707" lon="127.05149841308594"><ele>3.200000047683716</ele><time>2026-09-10T11:53:29Z</time></trkpt><trkpt lat="37.55725860595703" lon="127.05149841308594"><ele>3.200000047683716</ele><time>2026-09-10T11:53:30Z</time></trkpt><trkpt lat="37.557281494140625" lon="127.05150604248047"><ele>3.200000047683716</ele><time>2026-09-10T11:53:31Z</time></trkpt><trkpt lat="37.55730056762695" lon="127.05149841308594"><ele>3.4000000953674316</ele><time>2026-09-10T11:53:32Z</time></trkpt><trkpt lat="37.557315826416016" lon="127.05150604248047"><ele>3.4000000953674316</ele><time>2026-09-10T11:53:33Z</time></trkpt><trkpt lat="37.557334899902344" lon="127.05150604248047"><ele>3.4000000953674316</ele><time>2026-09-10T11:53:34Z</time></trkpt><trkpt lat="37.55735397338867" lon="127.05150604248047"><ele>3.4000000953674316</ele><time>2026-09-10T11:53:35Z</time></trkpt><trkpt lat="37.557369232177734" lon="127.05150604248047"><ele>3.5999999046325684</ele><time>2026-09-10T11:53:36Z</time></trkpt><trkpt lat="37.55738830566406" lon="127.05150604248047"><ele>3.4000000953674316</ele><time>2026-09-10T11:53:37Z</time></trkpt><trkpt lat="37.557411193847656" lon="127.05150604248047"><ele>3.4000000953674316</ele><time>2026-09-10T11:53:38Z</time></trkpt><trkpt lat="37.55742645263672" lon="127.05150604248047"><ele>3.4000000953674316</ele><time>2026-09-10T11:53:39Z</time></trkpt><trkpt lat="37.55744171142578" lon="127.05149841308594"><ele>3.4000000953674316</ele><time>2026-09-10T11:53:40Z</time></trkpt><trkpt lat="37.55746078491211" lon="127.05149841308594"><ele>3.200000047683716</ele><time>2026-09-10T11:53:41Z</time></trkpt><trkpt lat="37.55747985839844" lon="127.05149841308594"><ele>3.200000047683716</ele><time>2026-09-10T11:53:42Z</time></trkpt><trkpt lat="37.557498931884766" lon="127.05149841308594"><ele>3.200000047683716</ele><time>2026-09-10T11:53:43Z</time></trkpt><trkpt lat="37.55751419067383" lon="127.05149841308594"><ele>3.200000047683716</ele><time>2026-09-10T11:53:44Z</time></trkpt><trkpt lat="37.55752944946289" lon="127.05149841308594"><ele>3.4000000953674316</ele><time>2026-09-10T11:53:45Z</time></trkpt><trkpt lat="37.55754852294922" lon="127.05149841308594"><ele>3.4000000953674316</ele><time>2026-09-10T11:53:46Z</time></trkpt><trkpt lat="37.55756378173828" lon="127.05149841308594"><ele>3.4000000953674316</ele><time>2026-09-10T11:53:47Z</time></trkpt><trkpt lat="37.557586669921875" lon="127.0514907836914"><ele>3.4000000953674316</ele><time>2026-09-10T11:53:48Z</time></trkpt><trkpt lat="37.5576057434082" lon="127.0514907836914"><ele>3.4000000953674316</ele><time>2026-09-10T11:53:49Z</time></trkpt><trkpt lat="37.55762481689453" lon="127.0514907836914"><ele>3.4000000953674316</ele><time>2026-09-10T11:53:50Z</time></trkpt><trkpt lat="37.557647705078125" lon="127.0514907836914"><ele>3.4000000953674316</ele><time>2026-09-10T11:53:51Z</time></trkpt><trkpt lat="37.55766296386719" lon="127.0514907836914"><ele>3.5999999046325684</ele><time>2026-09-10T11:53:52Z</time></trkpt><trkpt lat="37.55768585205078" lon="127.05147552490234"><ele>3.5999999046325684</ele><time>2026-09-10T11:53:53Z</time></trkpt><trkpt lat="37.557701110839844" lon="127.05147552490234"><ele>3.5999999046325684</ele><time>2026-09-10T11:53:54Z</time></trkpt><trkpt lat="37.557716369628906" lon="127.05146789550781"><ele>3.5999999046325684</ele><time>2026-09-10T11:53:55Z</time></trkpt><trkpt lat="37.557735443115234" lon="127.05146789550781"><ele>3.5999999046325684</ele><time>2026-09-10T11:53:56Z</time></trkpt><trkpt lat="37.5577507019043" lon="127.05146026611328"><ele>3.5999999046325684</ele><time>2026-09-10T11:53:57Z</time></trkpt><trkpt lat="37.55776596069336" lon="127.05146026611328"><ele>3.5999999046325684</ele><time>2026-09-10T11:53:58Z</time></trkpt><trkpt lat="37.55778503417969" lon="127.05145263671875"><ele>3.5999999046325684</ele><time>2026-09-10T11:53:59Z</time></trkpt><trkpt lat="37.557804107666016" lon="127.05145263671875"><ele>3.5999999046325684</ele><time>2026-09-10T11:54:00Z</time></trkpt><trkpt lat="37.557823181152344" lon="127.05144500732422"><ele>3.5999999046325684</ele><time>2026-09-10T11:54:01Z</time></trkpt><trkpt lat="37.557838439941406" lon="127.05144500732422"><ele>3.5999999046325684</ele><time>2026-09-10T11:54:02Z</time></trkpt><trkpt lat="37.557857513427734" lon="127.05143737792969"><ele>3.5999999046325684</ele><time>2026-09-10T11:54:03Z</time></trkpt><trkpt lat="37.5578727722168" lon="127.05143737792969"><ele>3.5999999046325684</ele><time>2026-09-10T11:54:04Z</time></trkpt><trkpt lat="37.55788803100586" lon="127.05142974853516"><ele>3.5999999046325684</ele><time>2026-09-10T11:54:05Z</time></trkpt><trkpt lat="37.55790710449219" lon="127.05142974853516"><ele>3.5999999046325684</ele><time>2026-09-10T11:54:06Z</time></trkpt><trkpt lat="37.55792236328125" lon="127.0514144897461"><ele>3.4000000953674316</ele><time>2026-09-10T11:54:07Z</time></trkpt><trkpt lat="37.55794143676758" lon="127.05140686035156"><ele>3.4000000953674316</ele><time>2026-09-10T11:54:08Z</time></trkpt><trkpt lat="37.557960510253906" lon="127.05140686035156"><ele>3.4000000953674316</ele><time>2026-09-10T11:54:09Z</time></trkpt><trkpt lat="37.557979583740234" lon="127.05139923095703"><ele>3.4000000953674316</ele><time>2026-09-10T11:54:10Z</time></trkpt><trkpt lat="37.55799865722656" lon="127.05139923095703"><ele>3.4000000953674316</ele><time>2026-09-10T11:54:11Z</time></trkpt><trkpt lat="37.558013916015625" lon="127.0513916015625"><ele>3.4000000953674316</ele><time>2026-09-10T11:54:12Z</time></trkpt><trkpt lat="37.55803680419922" lon="127.0513916015625"><ele>3.4000000953674316</ele><time>2026-09-10T11:54:13Z</time></trkpt><trkpt lat="37.55805206298828" lon="127.05138397216797"><ele>3.5999999046325684</ele><time>2026-09-10T11:54:14Z</time></trkpt><trkpt lat="37.55806350708008" lon="127.05137634277344"><ele>3.5999999046325684</ele><time>2026-09-10T11:54:15Z</time></trkpt><trkpt lat="37.55807876586914" lon="127.05136108398438"><ele>3.5999999046325684</ele><time>2026-09-10T11:54:16Z</time></trkpt><trkpt lat="37.55809020996094" lon="127.05135345458984"><ele>3.5999999046325684</ele><time>2026-09-10T11:54:17Z</time></trkpt><trkpt lat="37.55810546875" lon="127.05134582519531"><ele>3.5999999046325684</ele><time>2026-09-10T11:54:18Z</time></trkpt><trkpt lat="37.5581169128418" lon="127.05133819580078"><ele>3.5999999046325684</ele><time>2026-09-10T11:54:19Z</time></trkpt><trkpt lat="37.558128356933594" lon="127.05133056640625"><ele>3.799999952316284</ele><time>2026-09-10T11:54:20Z</time></trkpt><trkpt lat="37.55814743041992" lon="127.05132293701172"><ele>3.799999952316284</ele><time>2026-09-10T11:54:21Z</time></trkpt><trkpt lat="37.558162689208984" lon="127.05131530761719"><ele>3.799999952316284</ele><time>2026-09-10T11:54:22Z</time></trkpt><trkpt lat="37.55818176269531" lon="127.05131530761719"><ele>3.799999952316284</ele><time>2026-09-10T11:54:23Z</time></trkpt><trkpt lat="37.55820083618164" lon="127.05131530761719"><ele>3.799999952316284</ele><time>2026-09-10T11:54:24Z</time></trkpt><trkpt lat="37.55821990966797" lon="127.05130767822266"><ele>3.5999999046325684</ele><time>2026-09-10T11:54:25Z</time></trkpt><trkpt lat="37.55824661254883" lon="127.05130767822266"><ele>3.5999999046325684</ele><time>2026-09-10T11:54:26Z</time></trkpt><trkpt lat="37.55826187133789" lon="127.05130004882812"><ele>3.5999999046325684</ele><time>2026-09-10T11:54:27Z</time></trkpt><trkpt lat="37.558284759521484" lon="127.0512924194336"><ele>3.5999999046325684</ele><time>2026-09-10T11:54:28Z</time></trkpt><trkpt lat="37.55830383300781" lon="127.05128479003906"><ele>3.5999999046325684</ele><time>2026-09-10T11:54:29Z</time></trkpt><trkpt lat="37.558319091796875" lon="127.05127716064453"><ele>3.5999999046325684</ele><time>2026-09-10T11:54:30Z</time></trkpt><trkpt lat="37.5583381652832" lon="127.05127716064453"><ele>3.4000000953674316</ele><time>2026-09-10T11:54:31Z</time></trkpt><trkpt lat="37.558353424072266" lon="127.05126953125"><ele>3.5999999046325684</ele><time>2026-09-10T11:54:32Z</time></trkpt><trkpt lat="37.55836868286133" lon="127.05126190185547"><ele>3.5999999046325684</ele><time>2026-09-10T11:54:33Z</time></trkpt><trkpt lat="37.558387756347656" lon="127.05126190185547"><ele>3.5999999046325684</ele><time>2026-09-10T11:54:34Z</time></trkpt><trkpt lat="37.55840301513672" lon="127.0512466430664"><ele>3.4000000953674316</ele><time>2026-09-10T11:54:35Z</time></trkpt><trkpt lat="37.55842208862305" lon="127.05123901367188"><ele>3.4000000953674316</ele><time>2026-09-10T11:54:36Z</time></trkpt><trkpt lat="37.558433532714844" lon="127.05122375488281"><ele>3.4000000953674316</ele><time>2026-09-10T11:54:37Z</time></trkpt><trkpt lat="37.558448791503906" lon="127.05121612548828"><ele>3.4000000953674316</ele><time>2026-09-10T11:54:38Z</time></trkpt><trkpt lat="37.55846405029297" lon="127.05120849609375"><ele>3.4000000953674316</ele><time>2026-09-10T11:54:39Z</time></trkpt><trkpt lat="37.558475494384766" lon="127.05120086669922"><ele>3.4000000953674316</ele><time>2026-09-10T11:54:40Z</time></trkpt><trkpt lat="37.558494567871094" lon="127.05117797851562"><ele>3.4000000953674316</ele><time>2026-09-10T11:54:41Z</time></trkpt><trkpt lat="37.55850601196289" lon="127.0511703491211"><ele>3.5999999046325684</ele><time>2026-09-10T11:54:42Z</time></trkpt><trkpt lat="37.55852127075195" lon="127.0511703491211"><ele>3.5999999046325684</ele><time>2026-09-10T11:54:43Z</time></trkpt><trkpt lat="37.55854415893555" lon="127.05116271972656"><ele>3.5999999046325684</ele><time>2026-09-10T11:54:44Z</time></trkpt><trkpt lat="37.558563232421875" lon="127.05116271972656"><ele>3.5999999046325684</ele><time>2026-09-10T11:54:45Z</time></trkpt><trkpt lat="37.55858612060547" lon="127.05115509033203"><ele>3.4000000953674316</ele><time>2026-09-10T11:54:46Z</time></trkpt><trkpt lat="37.55860137939453" lon="127.0511474609375"><ele>3.4000000953674316</ele><time>2026-09-10T11:54:47Z</time></trkpt><trkpt lat="37.558624267578125" lon="127.05113983154297"><ele>3.4000000953674316</ele><time>2026-09-10T11:54:48Z</time></trkpt><trkpt lat="37.55864334106445" lon="127.05113220214844"><ele>3.200000047683716</ele><time>2026-09-10T11:54:49Z</time></trkpt><trkpt lat="37.558658599853516" lon="127.05111694335938"><ele>3.200000047683716</ele><time>2026-09-10T11:54:50Z</time></trkpt><trkpt lat="37.55868148803711" lon="127.05110931396484"><ele>3.200000047683716</ele><time>2026-09-10T11:54:51Z</time></trkpt><trkpt lat="37.55869674682617" lon="127.05109405517578"><ele>3.200000047683716</ele><time>2026-09-10T11:54:52Z</time></trkpt><trkpt lat="37.558719635009766" lon="127.05107879638672"><ele>3.200000047683716</ele><time>2026-09-10T11:54:53Z</time></trkpt><trkpt lat="37.558738708496094" lon="127.05107116699219"><ele>3.200000047683716</ele><time>2026-09-10T11:54:54Z</time></trkpt><trkpt lat="37.55875778198242" lon="127.05105590820312"><ele>3.200000047683716</ele><time>2026-09-10T11:54:55Z</time></trkpt><trkpt lat="37.55877685546875" lon="127.0510482788086"><ele>3.4000000953674316</ele><time>2026-09-10T11:54:56Z</time></trkpt><trkpt lat="37.55879211425781" lon="127.05104064941406"><ele>3.4000000953674316</ele><time>2026-09-10T11:54:57Z</time></trkpt><trkpt lat="37.55881118774414" lon="127.05103302001953"><ele>3.4000000953674316</ele><time>2026-09-10T11:54:58Z</time></trkpt><trkpt lat="37.5588264465332" lon="127.051025390625"><ele>3.4000000953674316</ele><time>2026-09-10T11:54:59Z</time></trkpt><trkpt lat="37.558841705322266" lon="127.05101013183594"><ele>3.4000000953674316</ele><time>2026-09-10T11:55:00Z</time></trkpt><trkpt lat="37.55885696411133" lon="127.0510025024414"><ele>3.200000047683716</ele><time>2026-09-10T11:55:01Z</time></trkpt><trkpt lat="37.558868408203125" lon="127.05099487304688"><ele>3.200000047683716</ele><time>2026-09-10T11:55:02Z</time></trkpt><trkpt lat="37.55888748168945" lon="127.05098724365234"><ele>3.200000047683716</ele><time>2026-09-10T11:55:03Z</time></trkpt><trkpt lat="37.55889892578125" lon="127.05097961425781"><ele>3.200000047683716</ele><time>2026-09-10T11:55:04Z</time></trkpt><trkpt lat="37.55891418457031" lon="127.05097198486328"><ele>3.200000047683716</ele><time>2026-09-10T11:55:05Z</time></trkpt><trkpt lat="37.558929443359375" lon="127.05095672607422"><ele>3.200000047683716</ele><time>2026-09-10T11:55:06Z</time></trkpt><trkpt lat="37.5589485168457" lon="127.05094909667969"><ele>3.200000047683716</ele><time>2026-09-10T11:55:07Z</time></trkpt><trkpt lat="37.55896759033203" lon="127.05094146728516"><ele>3.200000047683716</ele><time>2026-09-10T11:55:08Z</time></trkpt><trkpt lat="37.558990478515625" lon="127.05093383789062"><ele>3.200000047683716</ele><time>2026-09-10T11:55:09Z</time></trkpt><trkpt lat="37.55900573730469" lon="127.0509262084961"><ele>3.200000047683716</ele><time>2026-09-10T11:55:10Z</time></trkpt><trkpt lat="37.55902862548828" lon="127.05091094970703"><ele>3.200000047683716</ele><time>2026-09-10T11:55:11Z</time></trkpt><trkpt lat="37.55904769897461" lon="127.05089569091797"><ele>3.0</ele><time>2026-09-10T11:55:12Z</time></trkpt><trkpt lat="37.55906677246094" lon="127.05088806152344"><ele>3.0</ele><time>2026-09-10T11:55:13Z</time></trkpt><trkpt lat="37.559085845947266" lon="127.0508804321289"><ele>3.200000047683716</ele><time>2026-09-10T11:55:14Z</time></trkpt><trkpt lat="37.559104919433594" lon="127.05086517333984"><ele>3.200000047683716</ele><time>2026-09-10T11:55:15Z</time></trkpt><trkpt lat="37.55912399291992" lon="127.05085754394531"><ele>3.200000047683716</ele><time>2026-09-10T11:55:16Z</time></trkpt><trkpt lat="37.559139251708984" lon="127.05084991455078"><ele>3.200000047683716</ele><time>2026-09-10T11:55:17Z</time></trkpt><trkpt lat="37.55915832519531" lon="127.05084228515625"><ele>3.200000047683716</ele><time>2026-09-10T11:55:18Z</time></trkpt><trkpt lat="37.55917739868164" lon="127.05083465576172"><ele>3.200000047683716</ele><time>2026-09-10T11:55:19Z</time></trkpt><trkpt lat="37.5591926574707" lon="127.05081939697266"><ele>3.200000047683716</ele><time>2026-09-10T11:55:20Z</time></trkpt><trkpt lat="37.5592155456543" lon="127.05081176757812"><ele>3.200000047683716</ele><time>2026-09-10T11:55:21Z</time></trkpt><trkpt lat="37.559234619140625" lon="127.05079650878906"><ele>3.200000047683716</ele><time>2026-09-10T11:55:22Z</time></trkpt><trkpt lat="37.55925369262695" lon="127.05078125"><ele>3.200000047683716</ele><time>2026-09-10T11:55:23Z</time></trkpt><trkpt lat="37.55927276611328" lon="127.05077362060547"><ele>3.200000047683716</ele><time>2026-09-10T11:55:24Z</time></trkpt><trkpt lat="37.55929183959961" lon="127.05076599121094"><ele>3.0</ele><time>2026-09-10T11:55:25Z</time></trkpt><trkpt lat="37.55931091308594" lon="127.05075073242188"><ele>3.0</ele><time>2026-09-10T11:55:26Z</time></trkpt><trkpt lat="37.559326171875" lon="127.05074310302734"><ele>3.200000047683716</ele><time>2026-09-10T11:55:27Z</time></trkpt><trkpt lat="37.55934524536133" lon="127.05073547363281"><ele>3.200000047683716</ele><time>2026-09-10T11:55:28Z</time></trkpt><trkpt lat="37.559364318847656" lon="127.05072784423828"><ele>3.200000047683716</ele><time>2026-09-10T11:55:29Z</time></trkpt><trkpt lat="37.55937957763672" lon="127.05071258544922"><ele>3.200000047683716</ele><time>2026-09-10T11:55:30Z</time></trkpt><trkpt lat="37.559391021728516" lon="127.05070495605469"><ele>3.200000047683716</ele><time>2026-09-10T11:55:31Z</time></trkpt><trkpt lat="37.55940628051758" lon="127.05070495605469"><ele>3.200000047683716</ele><time>2026-09-10T11:55:32Z</time></trkpt><trkpt lat="37.55942153930664" lon="127.05069732666016"><ele>3.0</ele><time>2026-09-10T11:55:33Z</time></trkpt><trkpt lat="37.55944061279297" lon="127.05068969726562"><ele>3.0</ele><time>2026-09-10T11:55:34Z</time></trkpt><trkpt lat="37.55945587158203" lon="127.05068969726562"><ele>3.0</ele><time>2026-09-10T11:55:35Z</time></trkpt><trkpt lat="37.559471130371094" lon="127.0506820678711"><ele>3.200000047683716</ele><time>2026-09-10T11:55:36Z</time></trkpt><trkpt lat="37.55949020385742" lon="127.0506820678711"><ele>3.200000047683716</ele><time>2026-09-10T11:55:37Z</time></trkpt><trkpt lat="37.559505462646484" lon="127.05067443847656"><ele>3.200000047683716</ele><time>2026-09-10T11:55:38Z</time></trkpt><trkpt lat="37.55952072143555" lon="127.05067443847656"><ele>3.200000047683716</ele><time>2026-09-10T11:55:39Z</time></trkpt><trkpt lat="37.55953598022461" lon="127.05066680908203"><ele>3.200000047683716</ele><time>2026-09-10T11:55:40Z</time></trkpt><trkpt lat="37.559547424316406" lon="127.05066680908203"><ele>3.200000047683716</ele><time>2026-09-10T11:55:41Z</time></trkpt><trkpt lat="37.559566497802734" lon="127.05066680908203"><ele>3.200000047683716</ele><time>2026-09-10T11:55:42Z</time></trkpt><trkpt lat="37.55958557128906" lon="127.0506591796875"><ele>3.200000047683716</ele><time>2026-09-10T11:55:43Z</time></trkpt><trkpt lat="37.55960464477539" lon="127.05065155029297"><ele>3.200000047683716</ele><time>2026-09-10T11:55:44Z</time></trkpt><trkpt lat="37.55962371826172" lon="127.05065155029297"><ele>3.200000047683716</ele><time>2026-09-10T11:55:45Z</time></trkpt><trkpt lat="37.55963897705078" lon="127.05064392089844"><ele>3.200000047683716</ele><time>2026-09-10T11:55:46Z</time></trkpt><trkpt lat="37.55965805053711" lon="127.0506362915039"><ele>3.200000047683716</ele><time>2026-09-10T11:55:47Z</time></trkpt><trkpt lat="37.55967330932617" lon="127.05062866210938"><ele>3.200000047683716</ele><time>2026-09-10T11:55:48Z</time></trkpt><trkpt lat="37.559688568115234" lon="127.05062103271484"><ele>3.200000047683716</ele><time>2026-09-10T11:55:49Z</time></trkpt><trkpt lat="37.5597038269043" lon="127.05062103271484"><ele>3.200000047683716</ele><time>2026-09-10T11:55:50Z</time></trkpt><trkpt lat="37.559722900390625" lon="127.05061340332031"><ele>3.200000047683716</ele><time>2026-09-10T11:55:51Z</time></trkpt><trkpt lat="37.55974197387695" lon="127.05059814453125"><ele>3.200000047683716</ele><time>2026-09-10T11:55:52Z</time></trkpt><trkpt lat="37.55976104736328" lon="127.05058288574219"><ele>3.200000047683716</ele><time>2026-09-10T11:55:53Z</time></trkpt><trkpt lat="37.55978012084961" lon="127.05057525634766"><ele>3.4000000953674316</ele><time>2026-09-10T11:55:54Z</time></trkpt><trkpt lat="37.55979919433594" lon="127.0505599975586"><ele>3.200000047683716</ele><time>2026-09-10T11:55:55Z</time></trkpt><trkpt lat="37.559814453125" lon="127.05055236816406"><ele>3.4000000953674316</ele><time>2026-09-10T11:55:56Z</time></trkpt><trkpt lat="37.55983352661133" lon="127.05054473876953"><ele>3.4000000953674316</ele><time>2026-09-10T11:55:57Z</time></trkpt><trkpt lat="37.55984878540039" lon="127.050537109375"><ele>3.200000047683716</ele><time>2026-09-10T11:55:58Z</time></trkpt><trkpt lat="37.55986785888672" lon="127.05052947998047"><ele>3.200000047683716</ele><time>2026-09-10T11:55:59Z</time></trkpt><trkpt lat="37.559879302978516" lon="127.05052185058594"><ele>3.200000047683716</ele><time>2026-09-10T11:56:00Z</time></trkpt><trkpt lat="37.559898376464844" lon="127.0505142211914"><ele>3.200000047683716</ele><time>2026-09-10T11:56:01Z</time></trkpt><trkpt lat="37.55991744995117" lon="127.05050659179688"><ele>3.200000047683716</ele><time>2026-09-10T11:56:02Z</time></trkpt><trkpt lat="37.559932708740234" lon="127.05049896240234"><ele>3.200000047683716</ele><time>2026-09-10T11:56:03Z</time></trkpt><trkpt lat="37.55995559692383" lon="127.05049896240234"><ele>3.200000047683716</ele><time>2026-09-10T11:56:04Z</time></trkpt><trkpt lat="37.55997085571289" lon="127.05049133300781"><ele>3.200000047683716</ele><time>2026-09-10T11:56:05Z</time></trkpt><trkpt lat="37.55998992919922" lon="127.05048370361328"><ele>3.200000047683716</ele><time>2026-09-10T11:56:06Z</time></trkpt><trkpt lat="37.56001281738281" lon="127.05048370361328"><ele>3.200000047683716</ele><time>2026-09-10T11:56:07Z</time></trkpt><trkpt lat="37.56003189086914" lon="127.05047607421875"><ele>3.200000047683716</ele><time>2026-09-10T11:56:08Z</time></trkpt><trkpt lat="37.56005096435547" lon="127.05046844482422"><ele>3.200000047683716</ele><time>2026-09-10T11:56:09Z</time></trkpt><trkpt lat="37.5600700378418" lon="127.05046081542969"><ele>3.200000047683716</ele><time>2026-09-10T11:56:10Z</time></trkpt><trkpt lat="37.560081481933594" lon="127.05045318603516"><ele>3.200000047683716</ele><time>2026-09-10T11:56:11Z</time></trkpt><trkpt lat="37.56010055541992" lon="127.05044555664062"><ele>3.200000047683716</ele><time>2026-09-10T11:56:12Z</time></trkpt><trkpt lat="37.56011199951172" lon="127.0504379272461"><ele>3.0</ele><time>2026-09-10T11:56:13Z</time></trkpt><trkpt lat="37.56013107299805" lon="127.05043029785156"><ele>3.0</ele><time>2026-09-10T11:56:14Z</time></trkpt><trkpt lat="37.56014633178711" lon="127.05042266845703"><ele>3.0</ele><time>2026-09-10T11:56:15Z</time></trkpt><trkpt lat="37.560157775878906" lon="127.0504150390625"><ele>3.0</ele><time>2026-09-10T11:56:16Z</time></trkpt><trkpt lat="37.560176849365234" lon="127.05040740966797"><ele>3.0</ele><time>2026-09-10T11:56:17Z</time></trkpt><trkpt lat="37.56018829345703" lon="127.05039978027344"><ele>3.0</ele><time>2026-09-10T11:56:18Z</time></trkpt><trkpt lat="37.560203552246094" lon="127.0503921508789"><ele>3.0</ele><time>2026-09-10T11:56:19Z</time></trkpt><trkpt lat="37.56022262573242" lon="127.05038452148438"><ele>3.0</ele><time>2026-09-10T11:56:20Z</time></trkpt><trkpt lat="37.560237884521484" lon="127.05038452148438"><ele>3.200000047683716</ele><time>2026-09-10T11:56:21Z</time></trkpt><trkpt lat="37.56025695800781" lon="127.05036926269531"><ele>3.200000047683716</ele><time>2026-09-10T11:56:22Z</time></trkpt><trkpt lat="37.560272216796875" lon="127.05036163330078"><ele>3.200000047683716</ele><time>2026-09-10T11:56:23Z</time></trkpt><trkpt lat="37.5602912902832" lon="127.05035400390625"><ele>3.200000047683716</ele><time>2026-09-10T11:56:24Z</time></trkpt><trkpt lat="37.56031036376953" lon="127.05034637451172"><ele>3.200000047683716</ele><time>2026-09-10T11:56:25Z</time></trkpt><trkpt lat="37.56032943725586" lon="127.05033874511719"><ele>3.200000047683716</ele><time>2026-09-10T11:56:26Z</time></trkpt><trkpt lat="37.56034469604492" lon="127.05033111572266"><ele>3.200000047683716</ele><time>2026-09-10T11:56:27Z</time></trkpt><trkpt lat="37.560367584228516" lon="127.05032348632812"><ele>3.200000047683716</ele><time>2026-09-10T11:56:28Z</time></trkpt><trkpt lat="37.56038284301758" lon="127.0503158569336"><ele>3.200000047683716</ele><time>2026-09-10T11:56:29Z</time></trkpt><trkpt lat="37.56040573120117" lon="127.05030822753906"><ele>3.200000047683716</ele><time>2026-09-10T11:56:30Z</time></trkpt><trkpt lat="37.560420989990234" lon="127.05030059814453"><ele>3.200000047683716</ele><time>2026-09-10T11:56:31Z</time></trkpt><trkpt lat="37.5604362487793" lon="127.05029296875"><ele>3.200000047683716</ele><time>2026-09-10T11:56:32Z</time></trkpt><trkpt lat="37.560455322265625" lon="127.05028533935547"><ele>3.200000047683716</ele><time>2026-09-10T11:56:33Z</time></trkpt><trkpt lat="37.56047058105469" lon="127.05027770996094"><ele>3.200000047683716</ele><time>2026-09-10T11:56:34Z</time></trkpt><trkpt lat="37.56048583984375" lon="127.0502700805664"><ele>3.200000047683716</ele><time>2026-09-10T11:56:35Z</time></trkpt><trkpt lat="37.56050491333008" lon="127.05026245117188"><ele>3.200000047683716</ele><time>2026-09-10T11:56:36Z</time></trkpt><trkpt lat="37.56052017211914" lon="127.05024719238281"><ele>3.4000000953674316</ele><time>2026-09-10T11:56:37Z</time></trkpt><trkpt lat="37.560543060302734" lon="127.05024719238281"><ele>3.4000000953674316</ele><time>2026-09-10T11:56:38Z</time></trkpt><trkpt lat="37.5605583190918" lon="127.05023193359375"><ele>3.4000000953674316</ele><time>2026-09-10T11:56:39Z</time></trkpt><trkpt lat="37.56057357788086" lon="127.05022430419922"><ele>3.4000000953674316</ele><time>2026-09-10T11:56:40Z</time></trkpt><trkpt lat="37.56059265136719" lon="127.05021667480469"><ele>3.4000000953674316</ele><time>2026-09-10T11:56:41Z</time></trkpt><trkpt lat="37.560604095458984" lon="127.05020904541016"><ele>3.4000000953674316</ele><time>2026-09-10T11:56:42Z</time></trkpt><trkpt lat="37.56062316894531" lon="127.0501937866211"><ele>3.4000000953674316</ele><time>2026-09-10T11:56:43Z</time></trkpt><trkpt lat="37.560638427734375" lon="127.05018615722656"><ele>3.4000000953674316</ele><time>2026-09-10T11:56:44Z</time></trkpt><trkpt lat="37.56065368652344" lon="127.05017852783203"><ele>3.4000000953674316</ele><time>2026-09-10T11:56:45Z</time></trkpt><trkpt lat="37.560672760009766" lon="127.0501708984375"><ele>3.5999999046325684</ele><time>2026-09-10T11:56:46Z</time></trkpt><trkpt lat="37.560691833496094" lon="127.05016326904297"><ele>3.5999999046325684</ele><time>2026-09-10T11:56:47Z</time></trkpt><trkpt lat="37.56071090698242" lon="127.05015563964844"><ele>3.5999999046325684</ele><time>2026-09-10T11:56:48Z</time></trkpt><trkpt lat="37.56073760986328" lon="127.0501480102539"><ele>3.5999999046325684</ele><time>2026-09-10T11:56:49Z</time></trkpt><trkpt lat="37.560752868652344" lon="127.05013275146484"><ele>3.5999999046325684</ele><time>2026-09-10T11:56:50Z</time></trkpt><trkpt lat="37.56077194213867" lon="127.05012512207031"><ele>3.799999952316284</ele><time>2026-09-10T11:56:51Z</time></trkpt><trkpt lat="37.560787200927734" lon="127.05011749267578"><ele>3.799999952316284</ele><time>2026-09-10T11:56:52Z</time></trkpt><trkpt lat="37.5608024597168" lon="127.05010223388672"><ele>3.799999952316284</ele><time>2026-09-10T11:56:53Z</time></trkpt><trkpt lat="37.560821533203125" lon="127.05009460449219"><ele>3.799999952316284</ele><time>2026-09-10T11:56:54Z</time></trkpt><trkpt lat="37.56083679199219" lon="127.05008697509766"><ele>3.799999952316284</ele><time>2026-09-10T11:56:55Z</time></trkpt><trkpt lat="37.560855865478516" lon="127.0500717163086"><ele>3.799999952316284</ele><time>2026-09-10T11:56:56Z</time></trkpt><trkpt lat="37.56087112426758" lon="127.05006408691406"><ele>3.799999952316284</ele><time>2026-09-10T11:56:57Z</time></trkpt><trkpt lat="37.56088638305664" lon="127.050048828125"><ele>3.799999952316284</ele><time>2026-09-10T11:56:58Z</time></trkpt><trkpt lat="37.5609016418457" lon="127.05003356933594"><ele>4.0</ele><time>2026-09-10T11:56:59Z</time></trkpt><trkpt lat="37.560916900634766" lon="127.0500259399414"><ele>4.0</ele><time>2026-09-10T11:57:00Z</time></trkpt><trkpt lat="37.560935974121094" lon="127.05001831054688"><ele>4.0</ele><time>2026-09-10T11:57:01Z</time></trkpt><trkpt lat="37.56095504760742" lon="127.05001831054688"><ele>4.0</ele><time>2026-09-10T11:57:02Z</time></trkpt><trkpt lat="37.56097412109375" lon="127.05001068115234"><ele>4.0</ele><time>2026-09-10T11:57:03Z</time></trkpt><trkpt lat="37.56098937988281" lon="127.05001068115234"><ele>4.0</ele><time>2026-09-10T11:57:04Z</time></trkpt><trkpt lat="37.561004638671875" lon="127.05000305175781"><ele>4.0</ele><time>2026-09-10T11:57:05Z</time></trkpt><trkpt lat="37.5610237121582" lon="127.04999542236328"><ele>4.0</ele><time>2026-09-10T11:57:06Z</time></trkpt><trkpt lat="37.56104278564453" lon="127.04998779296875"><ele>4.199999809265137</ele><time>2026-09-10T11:57:07Z</time></trkpt><trkpt lat="37.561058044433594" lon="127.04998016357422"><ele>4.199999809265137</ele><time>2026-09-10T11:57:08Z</time></trkpt><trkpt lat="37.56107711791992" lon="127.04997253417969"><ele>4.199999809265137</ele><time>2026-09-10T11:57:09Z</time></trkpt><trkpt lat="37.561092376708984" lon="127.04996490478516"><ele>4.199999809265137</ele><time>2026-09-10T11:57:10Z</time></trkpt><trkpt lat="37.56110763549805" lon="127.04996490478516"><ele>4.199999809265137</ele><time>2026-09-10T11:57:11Z</time></trkpt><trkpt lat="37.561134338378906" lon="127.04995727539062"><ele>4.199999809265137</ele><time>2026-09-10T11:57:12Z</time></trkpt><trkpt lat="37.56114959716797" lon="127.0499496459961"><ele>4.0</ele><time>2026-09-10T11:57:13Z</time></trkpt><trkpt lat="37.56117248535156" lon="127.04994201660156"><ele>4.0</ele><time>2026-09-10T11:57:14Z</time></trkpt><trkpt lat="37.56119155883789" lon="127.0499267578125"><ele>4.0</ele><time>2026-09-10T11:57:15Z</time></trkpt><trkpt lat="37.56120681762695" lon="127.04991912841797"><ele>4.0</ele><time>2026-09-10T11:57:16Z</time></trkpt><trkpt lat="37.56122589111328" lon="127.04989624023438"><ele>4.0</ele><time>2026-09-10T11:57:17Z</time></trkpt><trkpt lat="37.56123733520508" lon="127.04988861083984"><ele>3.799999952316284</ele><time>2026-09-10T11:57:18Z</time></trkpt><trkpt lat="37.561256408691406" lon="127.04987335205078"><ele>3.799999952316284</ele><time>2026-09-10T11:57:19Z</time></trkpt><trkpt lat="37.5612678527832" lon="127.04985809326172"><ele>3.799999952316284</ele><time>2026-09-10T11:57:20Z</time></trkpt><trkpt lat="37.561283111572266" lon="127.04985046386719"><ele>3.799999952316284</ele><time>2026-09-10T11:57:21Z</time></trkpt><trkpt lat="37.56129837036133" lon="127.04983520507812"><ele>3.799999952316284</ele><time>2026-09-10T11:57:22Z</time></trkpt><trkpt lat="37.56131362915039" lon="127.04981994628906"><ele>3.799999952316284</ele><time>2026-09-10T11:57:23Z</time></trkpt><trkpt lat="37.56132888793945" lon="127.04981231689453"><ele>3.799999952316284</ele><time>2026-09-10T11:57:24Z</time></trkpt><trkpt lat="37.561344146728516" lon="127.04979705810547"><ele>3.799999952316284</ele><time>2026-09-10T11:57:25Z</time></trkpt><trkpt lat="37.56135559082031" lon="127.04978942871094"><ele>3.799999952316284</ele><time>2026-09-10T11:57:26Z</time></trkpt><trkpt lat="37.56137466430664" lon="127.0497817993164"><ele>3.799999952316284</ele><time>2026-09-10T11:57:27Z</time></trkpt><trkpt lat="37.56138610839844" lon="127.04977416992188"><ele>3.799999952316284</ele><time>2026-09-10T11:57:28Z</time></trkpt><trkpt lat="37.561405181884766" lon="127.04976654052734"><ele>3.799999952316284</ele><time>2026-09-10T11:57:29Z</time></trkpt><trkpt lat="37.56142044067383" lon="127.04975891113281"><ele>3.799999952316284</ele><time>2026-09-10T11:57:30Z</time></trkpt><trkpt lat="37.56143569946289" lon="127.04975128173828"><ele>3.799999952316284</ele><time>2026-09-10T11:57:31Z</time></trkpt><trkpt lat="37.56144714355469" lon="127.04974365234375"><ele>3.5999999046325684</ele><time>2026-09-10T11:57:32Z</time></trkpt><trkpt lat="37.56146240234375" lon="127.04974365234375"><ele>3.5999999046325684</ele><time>2026-09-10T11:57:33Z</time></trkpt><trkpt lat="37.56147766113281" lon="127.04973602294922"><ele>3.5999999046325684</ele><time>2026-09-10T11:57:34Z</time></trkpt><trkpt lat="37.561492919921875" lon="127.04972839355469"><ele>3.5999999046325684</ele><time>2026-09-10T11:57:35Z</time></trkpt><trkpt lat="37.5615119934082" lon="127.04972076416016"><ele>3.5999999046325684</ele><time>2026-09-10T11:57:36Z</time></trkpt><trkpt lat="37.5615348815918" lon="127.04971313476562"><ele>3.5999999046325684</ele><time>2026-09-10T11:57:37Z</time></trkpt><trkpt lat="37.56155014038086" lon="127.0497055053711"><ele>3.4000000953674316</ele><time>2026-09-10T11:57:38Z</time></trkpt><trkpt lat="37.56157302856445" lon="127.04969787597656"><ele>3.4000000953674316</ele><time>2026-09-10T11:57:39Z</time></trkpt><trkpt lat="37.56159591674805" lon="127.04969024658203"><ele>3.4000000953674316</ele><time>2026-09-10T11:57:40Z</time></trkpt><trkpt lat="37.56161117553711" lon="127.0496826171875"><ele>3.4000000953674316</ele><time>2026-09-10T11:57:41Z</time></trkpt><trkpt lat="37.56163024902344" lon="127.04967498779297"><ele>3.4000000953674316</ele><time>2026-09-10T11:57:42Z</time></trkpt><trkpt lat="37.5616455078125" lon="127.04966735839844"><ele>3.4000000953674316</ele><time>2026-09-10T11:57:43Z</time></trkpt><trkpt lat="37.56166076660156" lon="127.0496597290039"><ele>3.4000000953674316</ele><time>2026-09-10T11:57:44Z</time></trkpt><trkpt lat="37.56167984008789" lon="127.0496597290039"><ele>3.4000000953674316</ele><time>2026-09-10T11:57:45Z</time></trkpt><trkpt lat="37.56169509887695" lon="127.04965209960938"><ele>3.4000000953674316</ele><time>2026-09-10T11:57:46Z</time></trkpt><trkpt lat="37.561710357666016" lon="127.04964447021484"><ele>3.4000000953674316</ele><time>2026-09-10T11:57:47Z</time></trkpt><trkpt lat="37.56172561645508" lon="127.04963684082031"><ele>3.4000000953674316</ele><time>2026-09-10T11:57:48Z</time></trkpt><trkpt lat="37.56174087524414" lon="127.04962158203125"><ele>3.4000000953674316</ele><time>2026-09-10T11:57:49Z</time></trkpt><trkpt lat="37.561763763427734" lon="127.04960632324219"><ele>3.4000000953674316</ele><time>2026-09-10T11:57:50Z</time></trkpt><trkpt lat="37.5617790222168" lon="127.04959869384766"><ele>3.4000000953674316</ele><time>2026-09-10T11:57:51Z</time></trkpt><trkpt lat="37.56179428100586" lon="127.0495834350586"><ele>3.4000000953674316</ele><time>2026-09-10T11:57:52Z</time></trkpt><trkpt lat="37.561805725097656" lon="127.04957580566406"><ele>3.4000000953674316</ele><time>2026-09-10T11:57:53Z</time></trkpt><trkpt lat="37.56181716918945" lon="127.049560546875"><ele>3.4000000953674316</ele><time>2026-09-10T11:57:54Z</time></trkpt><trkpt lat="37.56183624267578" lon="127.04955291748047"><ele>3.4000000953674316</ele><time>2026-09-10T11:57:55Z</time></trkpt><trkpt lat="37.561851501464844" lon="127.04954528808594"><ele>3.4000000953674316</ele><time>2026-09-10T11:57:56Z</time></trkpt><trkpt lat="37.56186294555664" lon="127.04953002929688"><ele>3.4000000953674316</ele><time>2026-09-10T11:57:57Z</time></trkpt><trkpt lat="37.561893463134766" lon="127.04951477050781"><ele>3.4000000953674316</ele><time>2026-09-10T11:57:58Z</time></trkpt><trkpt lat="37.561920166015625" lon="127.04949188232422"><ele>3.4000000953674316</ele><time>2026-09-10T11:57:59Z</time></trkpt><trkpt lat="37.56194305419922" lon="127.04947662353516"><ele>3.4000000953674316</ele><time>2026-09-10T11:58:00Z</time></trkpt><trkpt lat="37.56196212768555" lon="127.0494613647461"><ele>3.4000000953674316</ele><time>2026-09-10T11:58:01Z</time></trkpt><trkpt lat="37.56198501586914" lon="127.04944610595703"><ele>3.4000000953674316</ele><time>2026-09-10T11:58:02Z</time></trkpt><trkpt lat="37.562007904052734" lon="127.04943084716797"><ele>3.4000000953674316</ele><time>2026-09-10T11:58:03Z</time></trkpt><trkpt lat="37.56203079223633" lon="127.04940795898438"><ele>3.4000000953674316</ele><time>2026-09-10T11:58:04Z</time></trkpt><trkpt lat="37.562049865722656" lon="127.04939270019531"><ele>3.4000000953674316</ele><time>2026-09-10T11:58:05Z</time></trkpt><trkpt lat="37.562068939208984" lon="127.04937744140625"><ele>3.4000000953674316</ele><time>2026-09-10T11:58:06Z</time></trkpt><trkpt lat="37.56208419799805" lon="127.04936218261719"><ele>3.4000000953674316</ele><time>2026-09-10T11:58:07Z</time></trkpt><trkpt lat="37.56209945678711" lon="127.04935455322266"><ele>3.4000000953674316</ele><time>2026-09-10T11:58:08Z</time></trkpt><trkpt lat="37.56211471557617" lon="127.04934692382812"><ele>3.4000000953674316</ele><time>2026-09-10T11:58:09Z</time></trkpt><trkpt lat="37.5621337890625" lon="127.0493392944336"><ele>3.4000000953674316</ele><time>2026-09-10T11:58:10Z</time></trkpt><trkpt lat="37.56215286254883" lon="127.0493392944336"><ele>3.4000000953674316</ele><time>2026-09-10T11:58:11Z</time></trkpt><trkpt lat="37.56217575073242" lon="127.04933166503906"><ele>3.4000000953674316</ele><time>2026-09-10T11:58:12Z</time></trkpt><trkpt lat="37.56220245361328" lon="127.04932403564453"><ele>3.4000000953674316</ele><time>2026-09-10T11:58:13Z</time></trkpt><trkpt lat="37.56221389770508" lon="127.04930877685547"><ele>3.4000000953674316</ele><time>2026-09-10T11:58:14Z</time></trkpt><trkpt lat="37.56222915649414" lon="127.04930114746094"><ele>3.4000000953674316</ele><time>2026-09-10T11:58:15Z</time></trkpt><trkpt lat="37.56224822998047" lon="127.04928588867188"><ele>3.4000000953674316</ele><time>2026-09-10T11:58:16Z</time></trkpt><trkpt lat="37.56226348876953" lon="127.04927825927734"><ele>3.4000000953674316</ele><time>2026-09-10T11:58:17Z</time></trkpt><trkpt lat="37.56228256225586" lon="127.04927062988281"><ele>3.4000000953674316</ele><time>2026-09-10T11:58:18Z</time></trkpt><trkpt lat="37.56230163574219" lon="127.04926300048828"><ele>3.4000000953674316</ele><time>2026-09-10T11:58:19Z</time></trkpt><trkpt lat="37.562320709228516" lon="127.04926300048828"><ele>3.4000000953674316</ele><time>2026-09-10T11:58:20Z</time></trkpt><trkpt lat="37.56233596801758" lon="127.04926300048828"><ele>3.4000000953674316</ele><time>2026-09-10T11:58:21Z</time></trkpt><trkpt lat="37.562355041503906" lon="127.04925537109375"><ele>3.4000000953674316</ele><time>2026-09-10T11:58:22Z</time></trkpt><trkpt lat="37.56237030029297" lon="127.04925537109375"><ele>3.4000000953674316</ele><time>2026-09-10T11:58:23Z</time></trkpt><trkpt lat="37.5623893737793" lon="127.04925537109375"><ele>3.4000000953674316</ele><time>2026-09-10T11:58:24Z</time></trkpt><trkpt lat="37.56240463256836" lon="127.04924774169922"><ele>3.4000000953674316</ele><time>2026-09-10T11:58:25Z</time></trkpt><trkpt lat="37.56242370605469" lon="127.04924011230469"><ele>3.4000000953674316</ele><time>2026-09-10T11:58:26Z</time></trkpt><trkpt lat="37.562442779541016" lon="127.04923248291016"><ele>3.4000000953674316</ele><time>2026-09-10T11:58:27Z</time></trkpt><trkpt lat="37.56245803833008" lon="127.04923248291016"><ele>3.4000000953674316</ele><time>2026-09-10T11:58:28Z</time></trkpt><trkpt lat="37.56248092651367" lon="127.04922485351562"><ele>3.4000000953674316</ele><time>2026-09-10T11:58:29Z</time></trkpt><trkpt lat="37.5625" lon="127.0492172241211"><ele>3.4000000953674316</ele><time>2026-09-10T11:58:30Z</time></trkpt><trkpt lat="37.562522888183594" lon="127.04920959472656"><ele>3.4000000953674316</ele><time>2026-09-10T11:58:31Z</time></trkpt><trkpt lat="37.562538146972656" lon="127.04920196533203"><ele>3.4000000953674316</ele><time>2026-09-10T11:58:32Z</time></trkpt><trkpt lat="37.56255340576172" lon="127.0491943359375"><ele>3.4000000953674316</ele><time>2026-09-10T11:58:33Z</time></trkpt><trkpt lat="37.56257247924805" lon="127.04918670654297"><ele>3.4000000953674316</ele><time>2026-09-10T11:58:34Z</time></trkpt><trkpt lat="37.562591552734375" lon="127.0491714477539"><ele>3.4000000953674316</ele><time>2026-09-10T11:58:35Z</time></trkpt><trkpt lat="37.56261444091797" lon="127.04916381835938"><ele>3.4000000953674316</ele><time>2026-09-10T11:58:36Z</time></trkpt><trkpt lat="37.5626335144043" lon="127.04915618896484"><ele>3.4000000953674316</ele><time>2026-09-10T11:58:37Z</time></trkpt><trkpt lat="37.562652587890625" lon="127.04914093017578"><ele>3.4000000953674316</ele><time>2026-09-10T11:58:38Z</time></trkpt><trkpt lat="37.56267166137695" lon="127.04912567138672"><ele>3.4000000953674316</ele><time>2026-09-10T11:58:39Z</time></trkpt><trkpt lat="37.56269073486328" lon="127.04911804199219"><ele>3.4000000953674316</ele><time>2026-09-10T11:58:40Z</time></trkpt><trkpt lat="37.56270980834961" lon="127.04910278320312"><ele>3.4000000953674316</ele><time>2026-09-10T11:58:41Z</time></trkpt><trkpt lat="37.56272506713867" lon="127.0490951538086"><ele>3.4000000953674316</ele><time>2026-09-10T11:58:42Z</time></trkpt><trkpt lat="37.562740325927734" lon="127.04908752441406"><ele>3.4000000953674316</ele><time>2026-09-10T11:58:43Z</time></trkpt><trkpt lat="37.5627555847168" lon="127.04908752441406"><ele>3.4000000953674316</ele><time>2026-09-10T11:58:44Z</time></trkpt><trkpt lat="37.56277084350586" lon="127.04907989501953"><ele>3.4000000953674316</ele><time>2026-09-10T11:58:45Z</time></trkpt><trkpt lat="37.56279373168945" lon="127.04907989501953"><ele>3.4000000953674316</ele><time>2026-09-10T11:58:46Z</time></trkpt><trkpt lat="37.56281280517578" lon="127.04907989501953"><ele>3.4000000953674316</ele><time>2026-09-10T11:58:47Z</time></trkpt><trkpt lat="37.562835693359375" lon="127.0490951538086"><ele>3.4000000953674316</ele><time>2026-09-10T11:58:48Z</time></trkpt><trkpt lat="37.562843322753906" lon="127.04911804199219"><ele>3.4000000953674316</ele><time>2026-09-10T11:58:49Z</time></trkpt><trkpt lat="37.56284713745117" lon="127.04914855957031"><ele>3.4000000953674316</ele><time>2026-09-10T11:58:50Z</time></trkpt><trkpt lat="37.56285095214844" lon="127.0491714477539"><ele>3.4000000953674316</ele><time>2026-09-10T11:58:51Z</time></trkpt><trkpt lat="37.5628547668457" lon="127.0491943359375"><ele>3.4000000953674316</ele><time>2026-09-10T11:58:52Z</time></trkpt><trkpt lat="37.562862396240234" lon="127.0492172241211"><ele>3.4000000953674316</ele><time>2026-09-10T11:58:53Z</time></trkpt><trkpt lat="37.56287384033203" lon="127.04924011230469"><ele>3.4000000953674316</ele><time>2026-09-10T11:58:54Z</time></trkpt><trkpt lat="37.56288528442383" lon="127.04924011230469"><ele>3.4000000953674316</ele><time>2026-09-10T11:58:55Z</time></trkpt><trkpt lat="37.56290054321289" lon="127.04923248291016"><ele>3.4000000953674316</ele><time>2026-09-10T11:58:56Z</time></trkpt><trkpt lat="37.56291198730469" lon="127.04922485351562"><ele>3.4000000953674316</ele><time>2026-09-10T11:58:57Z</time></trkpt><trkpt lat="37.56293487548828" lon="127.0492172241211"><ele>3.4000000953674316</ele><time>2026-09-10T11:58:58Z</time></trkpt><trkpt lat="37.56294631958008" lon="127.04920196533203"><ele>3.4000000953674316</ele><time>2026-09-10T11:58:59Z</time></trkpt><trkpt lat="37.56296920776367" lon="127.04918670654297"><ele>3.4000000953674316</ele><time>2026-09-10T11:59:00Z</time></trkpt><trkpt lat="37.562984466552734" lon="127.04917907714844"><ele>3.4000000953674316</ele><time>2026-09-10T11:59:01Z</time></trkpt><trkpt lat="37.56300735473633" lon="127.0491714477539"><ele>3.200000047683716</ele><time>2026-09-10T11:59:02Z</time></trkpt><trkpt lat="37.563026428222656" lon="127.04916381835938"><ele>3.4000000953674316</ele><time>2026-09-10T11:59:03Z</time></trkpt><trkpt lat="37.56304931640625" lon="127.04916381835938"><ele>3.4000000953674316</ele><time>2026-09-10T11:59:04Z</time></trkpt><trkpt lat="37.563072204589844" lon="127.04915618896484"><ele>3.4000000953674316</ele><time>2026-09-10T11:59:05Z</time></trkpt><trkpt lat="37.56309127807617" lon="127.04914855957031"><ele>3.4000000953674316</ele><time>2026-09-10T11:59:06Z</time></trkpt><trkpt lat="37.5631103515625" lon="127.04914093017578"><ele>3.4000000953674316</ele><time>2026-09-10T11:59:07Z</time></trkpt><trkpt lat="37.563133239746094" lon="127.04913330078125"><ele>3.4000000953674316</ele><time>2026-09-10T11:59:08Z</time></trkpt><trkpt lat="37.56315231323242" lon="127.04912567138672"><ele>3.200000047683716</ele><time>2026-09-10T11:59:09Z</time></trkpt><trkpt lat="37.563175201416016" lon="127.04911804199219"><ele>3.200000047683716</ele><time>2026-09-10T11:59:10Z</time></trkpt><trkpt lat="37.563194274902344" lon="127.04911041259766"><ele>3.200000047683716</ele><time>2026-09-10T11:59:11Z</time></trkpt><trkpt lat="37.563209533691406" lon="127.04911041259766"><ele>3.4000000953674316</ele><time>2026-09-10T11:59:12Z</time></trkpt><trkpt lat="37.56322479248047" lon="127.04910278320312"><ele>3.4000000953674316</ele><time>2026-09-10T11:59:13Z</time></trkpt><trkpt lat="37.5632438659668" lon="127.0490951538086"><ele>3.4000000953674316</ele><time>2026-09-10T11:59:14Z</time></trkpt><trkpt lat="37.563262939453125" lon="127.04908752441406"><ele>3.4000000953674316</ele><time>2026-09-10T11:59:15Z</time></trkpt><trkpt lat="37.56327819824219" lon="127.049072265625"><ele>3.4000000953674316</ele><time>2026-09-10T11:59:16Z</time></trkpt><trkpt lat="37.563297271728516" lon="127.04906463623047"><ele>3.200000047683716</ele><time>2026-09-10T11:59:17Z</time></trkpt><trkpt lat="37.56332015991211" lon="127.04905700683594"><ele>3.200000047683716</ele><time>2026-09-10T11:59:18Z</time></trkpt><trkpt lat="37.56333541870117" lon="127.0490493774414"><ele>3.4000000953674316</ele><time>2026-09-10T11:59:19Z</time></trkpt><trkpt lat="37.5633544921875" lon="127.04904174804688"><ele>3.4000000953674316</ele><time>2026-09-10T11:59:20Z</time></trkpt><trkpt lat="37.56337356567383" lon="127.04902648925781"><ele>3.4000000953674316</ele><time>2026-09-10T11:59:21Z</time></trkpt><trkpt lat="37.56338882446289" lon="127.04901885986328"><ele>3.4000000953674316</ele><time>2026-09-10T11:59:22Z</time></trkpt><trkpt lat="37.56340408325195" lon="127.04900360107422"><ele>3.4000000953674316</ele><time>2026-09-10T11:59:23Z</time></trkpt><trkpt lat="37.56341552734375" lon="127.04898071289062"><ele>3.4000000953674316</ele><time>2026-09-10T11:59:24Z</time></trkpt><trkpt lat="37.56342697143555" lon="127.04895782470703"><ele>3.4000000953674316</ele><time>2026-09-10T11:59:25Z</time></trkpt><trkpt lat="37.563438415527344" lon="127.04894256591797"><ele>3.4000000953674316</ele><time>2026-09-10T11:59:26Z</time></trkpt><trkpt lat="37.563446044921875" lon="127.0489273071289"><ele>3.4000000953674316</ele><time>2026-09-10T11:59:27Z</time></trkpt><trkpt lat="37.5634651184082" lon="127.04890441894531"><ele>3.4000000953674316</ele><time>2026-09-10T11:59:28Z</time></trkpt><trkpt lat="37.563480377197266" lon="127.04889678955078"><ele>3.4000000953674316</ele><time>2026-09-10T11:59:29Z</time></trkpt><trkpt lat="37.5634880065918" lon="127.04887390136719"><ele>3.4000000953674316</ele><time>2026-09-10T11:59:30Z</time></trkpt><trkpt lat="37.563499450683594" lon="127.0488510131836"><ele>3.4000000953674316</ele><time>2026-09-10T11:59:31Z</time></trkpt><trkpt lat="37.563507080078125" lon="127.048828125"><ele>3.4000000953674316</ele><time>2026-09-10T11:59:32Z</time></trkpt><trkpt lat="37.56352233886719" lon="127.0488052368164"><ele>3.4000000953674316</ele><time>2026-09-10T11:59:33Z</time></trkpt><trkpt lat="37.563533782958984" lon="127.04878997802734"><ele>3.5999999046325684</ele><time>2026-09-10T11:59:34Z</time></trkpt><trkpt lat="37.56354522705078" lon="127.04877471923828"><ele>3.5999999046325684</ele><time>2026-09-10T11:59:35Z</time></trkpt><trkpt lat="37.56356430053711" lon="127.04875946044922"><ele>3.5999999046325684</ele><time>2026-09-10T11:59:36Z</time></trkpt><trkpt lat="37.56357955932617" lon="127.04875183105469"><ele>3.5999999046325684</ele><time>2026-09-10T11:59:37Z</time></trkpt><trkpt lat="37.5635986328125" lon="127.04874420166016"><ele>3.5999999046325684</ele><time>2026-09-10T11:59:38Z</time></trkpt><trkpt lat="37.56361770629883" lon="127.04873657226562"><ele>3.799999952316284</ele><time>2026-09-10T11:59:39Z</time></trkpt><trkpt lat="37.563636779785156" lon="127.04873657226562"><ele>3.799999952316284</ele><time>2026-09-10T11:59:40Z</time></trkpt><trkpt lat="37.563655853271484" lon="127.0487289428711"><ele>3.799999952316284</ele><time>2026-09-10T11:59:41Z</time></trkpt><trkpt lat="37.56367111206055" lon="127.04872131347656"><ele>3.799999952316284</ele><time>2026-09-10T11:59:42Z</time></trkpt><trkpt lat="37.56369400024414" lon="127.04871368408203"><ele>4.0</ele><time>2026-09-10T11:59:43Z</time></trkpt><trkpt lat="37.563716888427734" lon="127.0487060546875"><ele>4.0</ele><time>2026-09-10T11:59:44Z</time></trkpt><trkpt lat="37.5637321472168" lon="127.04869842529297"><ele>3.799999952316284</ele><time>2026-09-10T11:59:45Z</time></trkpt><trkpt lat="37.563758850097656" lon="127.0486831665039"><ele>4.0</ele><time>2026-09-10T11:59:46Z</time></trkpt><trkpt lat="37.56377029418945" lon="127.04867553710938"><ele>3.799999952316284</ele><time>2026-09-10T11:59:47Z</time></trkpt><trkpt lat="37.56379318237305" lon="127.04866027832031"><ele>3.799999952316284</ele><time>2026-09-10T11:59:48Z</time></trkpt><trkpt lat="37.563804626464844" lon="127.04865264892578"><ele>3.799999952316284</ele><time>2026-09-10T11:59:49Z</time></trkpt><trkpt lat="37.56382369995117" lon="127.04863739013672"><ele>3.799999952316284</ele><time>2026-09-10T11:59:50Z</time></trkpt><trkpt lat="37.5638427734375" lon="127.04862976074219"><ele>3.799999952316284</ele><time>2026-09-10T11:59:51Z</time></trkpt><trkpt lat="37.56385803222656" lon="127.04861450195312"><ele>3.799999952316284</ele><time>2026-09-10T11:59:52Z</time></trkpt><trkpt lat="37.563880920410156" lon="127.0486068725586"><ele>3.799999952316284</ele><time>2026-09-10T11:59:53Z</time></trkpt><trkpt lat="37.563899993896484" lon="127.04859924316406"><ele>3.799999952316284</ele><time>2026-09-10T11:59:54Z</time></trkpt><trkpt lat="37.56391525268555" lon="127.048583984375"><ele>3.799999952316284</ele><time>2026-09-10T11:59:55Z</time></trkpt><trkpt lat="37.563934326171875" lon="127.048583984375"><ele>3.799999952316284</ele><time>2026-09-10T11:59:56Z</time></trkpt><trkpt lat="37.56394958496094" lon="127.04856872558594"><ele>3.799999952316284</ele><time>2026-09-10T11:59:57Z</time></trkpt><trkpt lat="37.563968658447266" lon="127.0485610961914"><ele>3.799999952316284</ele><time>2026-09-10T11:59:58Z</time></trkpt><trkpt lat="37.56398010253906" lon="127.04854583740234"><ele>3.799999952316284</ele><time>2026-09-10T11:59:59Z</time></trkpt><trkpt lat="37.564002990722656" lon="127.04853820800781"><ele>3.799999952316284</ele><time>2026-09-10T12:00:00Z</time></trkpt><trkpt lat="37.56401443481445" lon="127.04853057861328"><ele>3.799999952316284</ele><time>2026-09-10T12:00:01Z</time></trkpt><trkpt lat="37.56403350830078" lon="127.04851531982422"><ele>3.799999952316284</ele><time>2026-09-10T12:00:02Z</time></trkpt><trkpt lat="37.56405258178711" lon="127.04850769042969"><ele>4.0</ele><time>2026-09-10T12:00:03Z</time></trkpt><trkpt lat="37.564064025878906" lon="127.04849243164062"><ele>3.799999952316284</ele><time>2026-09-10T12:00:04Z</time></trkpt><trkpt lat="37.564083099365234" lon="127.0484848022461"><ele>3.799999952316284</ele><time>2026-09-10T12:00:05Z</time></trkpt><trkpt lat="37.5640983581543" lon="127.04847717285156"><ele>3.799999952316284</ele><time>2026-09-10T12:00:06Z</time></trkpt><trkpt lat="37.56412124633789" lon="127.04846954345703"><ele>3.799999952316284</ele><time>2026-09-10T12:00:07Z</time></trkpt><trkpt lat="37.564144134521484" lon="127.04845428466797"><ele>3.799999952316284</ele><time>2026-09-10T12:00:08Z</time></trkpt><trkpt lat="37.56416702270508" lon="127.04844665527344"><ele>4.0</ele><time>2026-09-10T12:00:09Z</time></trkpt><trkpt lat="37.56418991088867" lon="127.0484390258789"><ele>3.799999952316284</ele><time>2026-09-10T12:00:10Z</time></trkpt><trkpt lat="37.56420135498047" lon="127.04843139648438"><ele>3.799999952316284</ele><time>2026-09-10T12:00:11Z</time></trkpt><trkpt lat="37.56422805786133" lon="127.04842376708984"><ele>3.799999952316284</ele><time>2026-09-10T12:00:12Z</time></trkpt><trkpt lat="37.56424331665039" lon="127.04841613769531"><ele>3.799999952316284</ele><time>2026-09-10T12:00:13Z</time></trkpt><trkpt lat="37.564266204833984" lon="127.04840850830078"><ele>3.799999952316284</ele><time>2026-09-10T12:00:14Z</time></trkpt><trkpt lat="37.56428527832031" lon="127.04840850830078"><ele>3.799999952316284</ele><time>2026-09-10T12:00:15Z</time></trkpt><trkpt lat="37.56430435180664" lon="127.04840087890625"><ele>3.799999952316284</ele><time>2026-09-10T12:00:16Z</time></trkpt><trkpt lat="37.56432342529297" lon="127.04838562011719"><ele>4.0</ele><time>2026-09-10T12:00:17Z</time></trkpt><trkpt lat="37.56433868408203" lon="127.04837799072266"><ele>3.799999952316284</ele><time>2026-09-10T12:00:18Z</time></trkpt><trkpt lat="37.564361572265625" lon="127.04837036132812"><ele>3.799999952316284</ele><time>2026-09-10T12:00:19Z</time></trkpt><trkpt lat="37.56437683105469" lon="127.0483627319336"><ele>4.0</ele><time>2026-09-10T12:00:20Z</time></trkpt><trkpt lat="37.564395904541016" lon="127.04835510253906"><ele>4.0</ele><time>2026-09-10T12:00:21Z</time></trkpt><trkpt lat="37.564414978027344" lon="127.04835510253906"><ele>4.0</ele><time>2026-09-10T12:00:22Z</time></trkpt><trkpt lat="37.564430236816406" lon="127.04833984375"><ele>4.0</ele><time>2026-09-10T12:00:23Z</time></trkpt><trkpt lat="37.564453125" lon="127.04833221435547"><ele>4.0</ele><time>2026-09-10T12:00:24Z</time></trkpt><trkpt lat="37.56447219848633" lon="127.04832458496094"><ele>4.0</ele><time>2026-09-10T12:00:25Z</time></trkpt><trkpt lat="37.56449508666992" lon="127.0483169555664"><ele>4.0</ele><time>2026-09-10T12:00:26Z</time></trkpt><trkpt lat="37.56451416015625" lon="127.04830932617188"><ele>4.0</ele><time>2026-09-10T12:00:27Z</time></trkpt><trkpt lat="37.56452560424805" lon="127.04829406738281"><ele>4.0</ele><time>2026-09-10T12:00:28Z</time></trkpt><trkpt lat="37.56454849243164" lon="127.04828643798828"><ele>4.0</ele><time>2026-09-10T12:00:29Z</time></trkpt><trkpt lat="37.56456756591797" lon="127.04827117919922"><ele>4.0</ele><time>2026-09-10T12:00:30Z</time></trkpt><trkpt lat="37.5645866394043" lon="127.04826354980469"><ele>4.0</ele><time>2026-09-10T12:00:31Z</time></trkpt><trkpt lat="37.564605712890625" lon="127.04825592041016"><ele>4.0</ele><time>2026-09-10T12:00:32Z</time></trkpt><trkpt lat="37.56462097167969" lon="127.04824829101562"><ele>4.0</ele><time>2026-09-10T12:00:33Z</time></trkpt><trkpt lat="37.564640045166016" lon="127.04823303222656"><ele>4.0</ele><time>2026-09-10T12:00:34Z</time></trkpt><trkpt lat="37.56465530395508" lon="127.04823303222656"><ele>4.0</ele><time>2026-09-10T12:00:35Z</time></trkpt><trkpt lat="37.56467819213867" lon="127.04822540283203"><ele>4.0</ele><time>2026-09-10T12:00:36Z</time></trkpt><trkpt lat="37.564701080322266" lon="127.0482177734375"><ele>4.0</ele><time>2026-09-10T12:00:37Z</time></trkpt><trkpt lat="37.56471633911133" lon="127.04821014404297"><ele>4.0</ele><time>2026-09-10T12:00:38Z</time></trkpt><trkpt lat="37.564735412597656" lon="127.04820251464844"><ele>4.0</ele><time>2026-09-10T12:00:39Z</time></trkpt><trkpt lat="37.56474685668945" lon="127.04820251464844"><ele>4.0</ele><time>2026-09-10T12:00:40Z</time></trkpt><trkpt lat="37.56476593017578" lon="127.0481948852539"><ele>4.0</ele><time>2026-09-10T12:00:41Z</time></trkpt><trkpt lat="37.564781188964844" lon="127.04818725585938"><ele>4.0</ele><time>2026-09-10T12:00:42Z</time></trkpt><trkpt lat="37.56480026245117" lon="127.04817962646484"><ele>4.199999809265137</ele><time>2026-09-10T12:00:43Z</time></trkpt><trkpt lat="37.5648193359375" lon="127.04817199707031"><ele>4.199999809265137</ele><time>2026-09-10T12:00:44Z</time></trkpt><trkpt lat="37.5648307800293" lon="127.04816436767578"><ele>4.199999809265137</ele><time>2026-09-10T12:00:45Z</time></trkpt><trkpt lat="37.564849853515625" lon="127.04815673828125"><ele>4.199999809265137</ele><time>2026-09-10T12:00:46Z</time></trkpt><trkpt lat="37.56486892700195" lon="127.04814910888672"><ele>4.199999809265137</ele><time>2026-09-10T12:00:47Z</time></trkpt><trkpt lat="37.56488800048828" lon="127.04814147949219"><ele>4.199999809265137</ele><time>2026-09-10T12:00:48Z</time></trkpt><trkpt lat="37.56490707397461" lon="127.04814147949219"><ele>4.0</ele><time>2026-09-10T12:00:49Z</time></trkpt><trkpt lat="37.56492233276367" lon="127.04813385009766"><ele>4.0</ele><time>2026-09-10T12:00:50Z</time></trkpt><trkpt lat="37.564945220947266" lon="127.04812622070312"><ele>4.0</ele><time>2026-09-10T12:00:51Z</time></trkpt><trkpt lat="37.564964294433594" lon="127.0481185913086"><ele>4.0</ele><time>2026-09-10T12:00:52Z</time></trkpt><trkpt lat="37.56498718261719" lon="127.04810333251953"><ele>4.199999809265137</ele><time>2026-09-10T12:00:53Z</time></trkpt><trkpt lat="37.565006256103516" lon="127.048095703125"><ele>4.199999809265137</ele><time>2026-09-10T12:00:54Z</time></trkpt><trkpt lat="37.56502151489258" lon="127.04808807373047"><ele>4.199999809265137</ele><time>2026-09-10T12:00:55Z</time></trkpt><trkpt lat="37.56504440307617" lon="127.04808044433594"><ele>4.199999809265137</ele><time>2026-09-10T12:00:56Z</time></trkpt><trkpt lat="37.565059661865234" lon="127.0480728149414"><ele>4.199999809265137</ele><time>2026-09-10T12:00:57Z</time></trkpt><trkpt lat="37.56507873535156" lon="127.04806518554688"><ele>4.199999809265137</ele><time>2026-09-10T12:00:58Z</time></trkpt><trkpt lat="37.56509780883789" lon="127.04805755615234"><ele>4.199999809265137</ele><time>2026-09-10T12:00:59Z</time></trkpt><trkpt lat="37.56511306762695" lon="127.04804229736328"><ele>4.199999809265137</ele><time>2026-09-10T12:01:00Z</time></trkpt><trkpt lat="37.56513595581055" lon="127.04803466796875"><ele>4.199999809265137</ele><time>2026-09-10T12:01:01Z</time></trkpt><trkpt lat="37.56515121459961" lon="127.04802703857422"><ele>4.199999809265137</ele><time>2026-09-10T12:01:02Z</time></trkpt><trkpt lat="37.56517028808594" lon="127.04801940917969"><ele>4.199999809265137</ele><time>2026-09-10T12:01:03Z</time></trkpt><trkpt lat="37.565189361572266" lon="127.04801177978516"><ele>4.199999809265137</ele><time>2026-09-10T12:01:04Z</time></trkpt><trkpt lat="37.56520462036133" lon="127.04800415039062"><ele>4.199999809265137</ele><time>2026-09-10T12:01:05Z</time></trkpt><trkpt lat="37.565223693847656" lon="127.04798889160156"><ele>4.199999809265137</ele><time>2026-09-10T12:01:06Z</time></trkpt><trkpt lat="37.565242767333984" lon="127.04798126220703"><ele>4.199999809265137</ele><time>2026-09-10T12:01:07Z</time></trkpt><trkpt lat="37.56525421142578" lon="127.0479736328125"><ele>4.199999809265137</ele><time>2026-09-10T12:01:08Z</time></trkpt><trkpt lat="37.565277099609375" lon="127.04795837402344"><ele>4.199999809265137</ele><time>2026-09-10T12:01:09Z</time></trkpt><trkpt lat="37.56528854370117" lon="127.0479507446289"><ele>4.199999809265137</ele><time>2026-09-10T12:01:10Z</time></trkpt><trkpt lat="37.565311431884766" lon="127.04794311523438"><ele>4.199999809265137</ele><time>2026-09-10T12:01:11Z</time></trkpt><trkpt lat="37.56532669067383" lon="127.04793548583984"><ele>4.199999809265137</ele><time>2026-09-10T12:01:12Z</time></trkpt><trkpt lat="37.56534957885742" lon="127.04792022705078"><ele>4.199999809265137</ele><time>2026-09-10T12:01:13Z</time></trkpt><trkpt lat="37.56536865234375" lon="127.04791259765625"><ele>4.199999809265137</ele><time>2026-09-10T12:01:14Z</time></trkpt><trkpt lat="37.56538009643555" lon="127.04789733886719"><ele>4.199999809265137</ele><time>2026-09-10T12:01:15Z</time></trkpt><trkpt lat="37.565399169921875" lon="127.04788970947266"><ele>4.400000095367432</ele><time>2026-09-10T12:01:16Z</time></trkpt><trkpt lat="37.56541442871094" lon="127.04788208007812"><ele>4.400000095367432</ele><time>2026-09-10T12:01:17Z</time></trkpt><trkpt lat="37.5654296875" lon="127.04786682128906"><ele>4.400000095367432</ele><time>2026-09-10T12:01:18Z</time></trkpt><trkpt lat="37.56544494628906" lon="127.0478515625"><ele>4.400000095367432</ele><time>2026-09-10T12:01:19Z</time></trkpt><trkpt lat="37.56545639038086" lon="127.04783630371094"><ele>4.400000095367432</ele><time>2026-09-10T12:01:20Z</time></trkpt><trkpt lat="37.56547546386719" lon="127.04782104492188"><ele>4.400000095367432</ele><time>2026-09-10T12:01:21Z</time></trkpt><trkpt lat="37.56549072265625" lon="127.04781341552734"><ele>4.400000095367432</ele><time>2026-09-10T12:01:22Z</time></trkpt><trkpt lat="37.56550216674805" lon="127.04779815673828"><ele>4.599999904632568</ele><time>2026-09-10T12:01:23Z</time></trkpt><trkpt lat="37.56551742553711" lon="127.04778289794922"><ele>4.599999904632568</ele><time>2026-09-10T12:01:24Z</time></trkpt><trkpt lat="37.56552505493164" lon="127.04776763916016"><ele>4.599999904632568</ele><time>2026-09-10T12:01:25Z</time></trkpt><trkpt lat="37.56554412841797" lon="127.0477523803711"><ele>4.599999904632568</ele><time>2026-09-10T12:01:26Z</time></trkpt><trkpt lat="37.565555572509766" lon="127.04773712158203"><ele>4.599999904632568</ele><time>2026-09-10T12:01:27Z</time></trkpt><trkpt lat="37.565574645996094" lon="127.04772186279297"><ele>4.599999904632568</ele><time>2026-09-10T12:01:28Z</time></trkpt><trkpt lat="37.565589904785156" lon="127.0477066040039"><ele>4.599999904632568</ele><time>2026-09-10T12:01:29Z</time></trkpt><trkpt lat="37.56560516357422" lon="127.04769134521484"><ele>4.599999904632568</ele><time>2026-09-10T12:01:30Z</time></trkpt><trkpt lat="37.56563186645508" lon="127.04768371582031"><ele>4.599999904632568</ele><time>2026-09-10T12:01:31Z</time></trkpt><trkpt lat="37.56564712524414" lon="127.04766845703125"><ele>4.599999904632568</ele><time>2026-09-10T12:01:32Z</time></trkpt><trkpt lat="37.565670013427734" lon="127.04766082763672"><ele>4.800000190734863</ele><time>2026-09-10T12:01:33Z</time></trkpt><trkpt lat="37.5656852722168" lon="127.04765319824219"><ele>4.599999904632568</ele><time>2026-09-10T12:01:34Z</time></trkpt><trkpt lat="37.565704345703125" lon="127.04764556884766"><ele>4.599999904632568</ele><time>2026-09-10T12:01:35Z</time></trkpt><trkpt lat="37.56572341918945" lon="127.0476303100586"><ele>4.599999904632568</ele><time>2026-09-10T12:01:36Z</time></trkpt><trkpt lat="37.565738677978516" lon="127.04762268066406"><ele>4.800000190734863</ele><time>2026-09-10T12:01:37Z</time></trkpt><trkpt lat="37.565757751464844" lon="127.04761505126953"><ele>4.599999904632568</ele><time>2026-09-10T12:01:38Z</time></trkpt><trkpt lat="37.565773010253906" lon="127.04759979248047"><ele>4.800000190734863</ele><time>2026-09-10T12:01:39Z</time></trkpt><trkpt lat="37.56578826904297" lon="127.04759216308594"><ele>4.800000190734863</ele><time>2026-09-10T12:01:40Z</time></trkpt><trkpt lat="37.56581115722656" lon="127.0475845336914"><ele>4.599999904632568</ele><time>2026-09-10T12:01:41Z</time></trkpt><trkpt lat="37.56583023071289" lon="127.04757690429688"><ele>4.599999904632568</ele><time>2026-09-10T12:01:42Z</time></trkpt><trkpt lat="37.565853118896484" lon="127.04756927490234"><ele>4.599999904632568</ele><time>2026-09-10T12:01:43Z</time></trkpt><trkpt lat="37.56587600708008" lon="127.04756927490234"><ele>4.400000095367432</ele><time>2026-09-10T12:01:44Z</time></trkpt><trkpt lat="37.56589126586914" lon="127.04756164550781"><ele>4.400000095367432</ele><time>2026-09-10T12:01:45Z</time></trkpt><trkpt lat="37.565914154052734" lon="127.04755401611328"><ele>4.400000095367432</ele><time>2026-09-10T12:01:46Z</time></trkpt><trkpt lat="37.5659294128418" lon="127.04755401611328"><ele>4.400000095367432</ele><time>2026-09-10T12:01:47Z</time></trkpt><trkpt lat="37.565948486328125" lon="127.04754638671875"><ele>4.400000095367432</ele><time>2026-09-10T12:01:48Z</time></trkpt><trkpt lat="37.56596374511719" lon="127.04754638671875"><ele>4.400000095367432</ele><time>2026-09-10T12:01:49Z</time></trkpt><trkpt lat="37.56597900390625" lon="127.04753875732422"><ele>4.400000095367432</ele><time>2026-09-10T12:01:50Z</time></trkpt><trkpt lat="37.566001892089844" lon="127.04753875732422"><ele>4.400000095367432</ele><time>2026-09-10T12:01:51Z</time></trkpt><trkpt lat="37.566017150878906" lon="127.04753112792969"><ele>4.400000095367432</ele><time>2026-09-10T12:01:52Z</time></trkpt><trkpt lat="37.5660400390625" lon="127.04752349853516"><ele>4.400000095367432</ele><time>2026-09-10T12:01:53Z</time></trkpt><trkpt lat="37.56605529785156" lon="127.04751586914062"><ele>4.400000095367432</ele><time>2026-09-10T12:01:54Z</time></trkpt><trkpt lat="37.56607437133789" lon="127.0475082397461"><ele>4.199999809265137</ele><time>2026-09-10T12:01:55Z</time></trkpt><trkpt lat="37.566097259521484" lon="127.04750061035156"><ele>4.199999809265137</ele><time>2026-09-10T12:01:56Z</time></trkpt><trkpt lat="37.56611251831055" lon="127.04749298095703"><ele>4.199999809265137</ele><time>2026-09-10T12:01:57Z</time></trkpt><trkpt lat="37.566131591796875" lon="127.0474853515625"><ele>4.199999809265137</ele><time>2026-09-10T12:01:58Z</time></trkpt><trkpt lat="37.5661506652832" lon="127.0474853515625"><ele>4.199999809265137</ele><time>2026-09-10T12:01:59Z</time></trkpt><trkpt lat="37.566165924072266" lon="127.04747009277344"><ele>4.199999809265137</ele><time>2026-09-10T12:02:00Z</time></trkpt><trkpt lat="37.56618118286133" lon="127.04747009277344"><ele>4.199999809265137</ele><time>2026-09-10T12:02:01Z</time></trkpt><trkpt lat="37.56619644165039" lon="127.04745483398438"><ele>4.199999809265137</ele><time>2026-09-10T12:02:02Z</time></trkpt><trkpt lat="37.56620788574219" lon="127.04743957519531"><ele>4.0</ele><time>2026-09-10T12:02:03Z</time></trkpt><trkpt lat="37.566219329833984" lon="127.04743194580078"><ele>4.0</ele><time>2026-09-10T12:02:04Z</time></trkpt><trkpt lat="37.56623458862305" lon="127.04742431640625"><ele>3.799999952316284</ele><time>2026-09-10T12:02:05Z</time></trkpt><trkpt lat="37.566246032714844" lon="127.04742431640625"><ele>3.799999952316284</ele><time>2026-09-10T12:02:06Z</time></trkpt><trkpt lat="37.566261291503906" lon="127.04740905761719"><ele>4.0</ele><time>2026-09-10T12:02:07Z</time></trkpt><trkpt lat="37.5662841796875" lon="127.04740142822266"><ele>4.0</ele><time>2026-09-10T12:02:08Z</time></trkpt><trkpt lat="37.56629943847656" lon="127.04739379882812"><ele>4.199999809265137</ele><time>2026-09-10T12:02:09Z</time></trkpt><trkpt lat="37.56632614135742" lon="127.0473861694336"><ele>4.199999809265137</ele><time>2026-09-10T12:02:10Z</time></trkpt><trkpt lat="37.56634521484375" lon="127.04737854003906"><ele>4.199999809265137</ele><time>2026-09-10T12:02:11Z</time></trkpt><trkpt lat="37.56636047363281" lon="127.04736328125"><ele>4.199999809265137</ele><time>2026-09-10T12:02:12Z</time></trkpt><trkpt lat="37.566383361816406" lon="127.04735565185547"><ele>4.199999809265137</ele><time>2026-09-10T12:02:13Z</time></trkpt><trkpt lat="37.5663948059082" lon="127.04734802246094"><ele>4.199999809265137</ele><time>2026-09-10T12:02:14Z</time></trkpt><trkpt lat="37.56642150878906" lon="127.0473403930664"><ele>4.199999809265137</ele><time>2026-09-10T12:02:15Z</time></trkpt><trkpt lat="37.566436767578125" lon="127.04733276367188"><ele>4.199999809265137</ele><time>2026-09-10T12:02:16Z</time></trkpt><trkpt lat="37.56645202636719" lon="127.04731750488281"><ele>4.199999809265137</ele><time>2026-09-10T12:02:17Z</time></trkpt><trkpt lat="37.566471099853516" lon="127.04730987548828"><ele>4.199999809265137</ele><time>2026-09-10T12:02:18Z</time></trkpt><trkpt lat="37.56647872924805" lon="127.04730224609375"><ele>4.199999809265137</ele><time>2026-09-10T12:02:19Z</time></trkpt><trkpt lat="37.56650161743164" lon="127.04728698730469"><ele>4.199999809265137</ele><time>2026-09-10T12:02:20Z</time></trkpt><trkpt lat="37.56651306152344" lon="127.04727935791016"><ele>4.199999809265137</ele><time>2026-09-10T12:02:21Z</time></trkpt><trkpt lat="37.56653594970703" lon="127.04727172851562"><ele>4.199999809265137</ele><time>2026-09-10T12:02:22Z</time></trkpt><trkpt lat="37.566551208496094" lon="127.0472640991211"><ele>4.199999809265137</ele><time>2026-09-10T12:02:23Z</time></trkpt><trkpt lat="37.566566467285156" lon="127.04725646972656"><ele>4.199999809265137</ele><time>2026-09-10T12:02:24Z</time></trkpt><trkpt lat="37.566585540771484" lon="127.0472412109375"><ele>4.199999809265137</ele><time>2026-09-10T12:02:25Z</time></trkpt><trkpt lat="37.56659698486328" lon="127.04723358154297"><ele>4.199999809265137</ele><time>2026-09-10T12:02:26Z</time></trkpt><trkpt lat="37.56661605834961" lon="127.04722595214844"><ele>4.400000095367432</ele><time>2026-09-10T12:02:27Z</time></trkpt><trkpt lat="37.56663513183594" lon="127.04721069335938"><ele>4.400000095367432</ele><time>2026-09-10T12:02:28Z</time></trkpt><trkpt lat="37.566650390625" lon="127.04720306396484"><ele>4.400000095367432</ele><time>2026-09-10T12:02:29Z</time></trkpt><trkpt lat="37.56667709350586" lon="127.04719543457031"><ele>4.199999809265137</ele><time>2026-09-10T12:02:30Z</time></trkpt><trkpt lat="37.56669235229492" lon="127.04718017578125"><ele>4.199999809265137</ele><time>2026-09-10T12:02:31Z</time></trkpt><trkpt lat="37.566715240478516" lon="127.04717254638672"><ele>4.199999809265137</ele><time>2026-09-10T12:02:32Z</time></trkpt><trkpt lat="37.566734313964844" lon="127.04716491699219"><ele>4.199999809265137</ele><time>2026-09-10T12:02:33Z</time></trkpt><trkpt lat="37.566749572753906" lon="127.04714965820312"><ele>4.199999809265137</ele><time>2026-09-10T12:02:34Z</time></trkpt><trkpt lat="37.566768646240234" lon="127.0471420288086"><ele>4.0</ele><time>2026-09-10T12:02:35Z</time></trkpt><trkpt lat="37.56678009033203" lon="127.04713439941406"><ele>4.0</ele><time>2026-09-10T12:02:36Z</time></trkpt><trkpt lat="37.56679916381836" lon="127.04712677001953"><ele>4.0</ele><time>2026-09-10T12:02:37Z</time></trkpt><trkpt lat="37.56681823730469" lon="127.047119140625"><ele>4.0</ele><time>2026-09-10T12:02:38Z</time></trkpt><trkpt lat="37.566829681396484" lon="127.04711151123047"><ele>4.0</ele><time>2026-09-10T12:02:39Z</time></trkpt><trkpt lat="37.56685256958008" lon="127.04710388183594"><ele>4.0</ele><time>2026-09-10T12:02:40Z</time></trkpt><trkpt lat="37.56686782836914" lon="127.0470962524414"><ele>4.0</ele><time>2026-09-10T12:02:41Z</time></trkpt><trkpt lat="37.56688690185547" lon="127.04708862304688"><ele>4.0</ele><time>2026-09-10T12:02:42Z</time></trkpt><trkpt lat="37.5669059753418" lon="127.04708099365234"><ele>4.199999809265137</ele><time>2026-09-10T12:02:43Z</time></trkpt><trkpt lat="37.56692123413086" lon="127.04707336425781"><ele>4.199999809265137</ele><time>2026-09-10T12:02:44Z</time></trkpt><trkpt lat="37.56694030761719" lon="127.04706573486328"><ele>4.199999809265137</ele><time>2026-09-10T12:02:45Z</time></trkpt><trkpt lat="37.566951751708984" lon="127.04705810546875"><ele>4.0</ele><time>2026-09-10T12:02:46Z</time></trkpt><trkpt lat="37.56697463989258" lon="127.04705047607422"><ele>4.0</ele><time>2026-09-10T12:02:47Z</time></trkpt><trkpt lat="37.566993713378906" lon="127.04704284667969"><ele>4.0</ele><time>2026-09-10T12:02:48Z</time></trkpt><trkpt lat="37.567012786865234" lon="127.04702758789062"><ele>4.0</ele><time>2026-09-10T12:02:49Z</time></trkpt><trkpt lat="37.56703567504883" lon="127.04702758789062"><ele>4.0</ele><time>2026-09-10T12:02:50Z</time></trkpt><trkpt lat="37.567047119140625" lon="127.04701232910156"><ele>4.0</ele><time>2026-09-10T12:02:51Z</time></trkpt><trkpt lat="37.56706619262695" lon="127.04701232910156"><ele>4.0</ele><time>2026-09-10T12:02:52Z</time></trkpt><trkpt lat="37.567081451416016" lon="127.04700469970703"><ele>4.0</ele><time>2026-09-10T12:02:53Z</time></trkpt><trkpt lat="37.56710433959961" lon="127.04698944091797"><ele>4.0</ele><time>2026-09-10T12:02:54Z</time></trkpt><trkpt lat="37.56711959838867" lon="127.04698181152344"><ele>4.0</ele><time>2026-09-10T12:02:55Z</time></trkpt><trkpt lat="37.567134857177734" lon="127.0469741821289"><ele>4.0</ele><time>2026-09-10T12:02:56Z</time></trkpt><trkpt lat="37.5671501159668" lon="127.04696655273438"><ele>4.0</ele><time>2026-09-10T12:02:57Z</time></trkpt><trkpt lat="37.56716537475586" lon="127.04695129394531"><ele>4.0</ele><time>2026-09-10T12:02:58Z</time></trkpt><trkpt lat="37.56718444824219" lon="127.04694366455078"><ele>4.0</ele><time>2026-09-10T12:02:59Z</time></trkpt><trkpt lat="37.567203521728516" lon="127.04693603515625"><ele>4.0</ele><time>2026-09-10T12:03:00Z</time></trkpt><trkpt lat="37.567222595214844" lon="127.04692840576172"><ele>4.0</ele><time>2026-09-10T12:03:01Z</time></trkpt><trkpt lat="37.56724166870117" lon="127.04691314697266"><ele>4.0</ele><time>2026-09-10T12:03:02Z</time></trkpt><trkpt lat="37.567256927490234" lon="127.04690551757812"><ele>4.0</ele><time>2026-09-10T12:03:03Z</time></trkpt><trkpt lat="37.56727600097656" lon="127.04689025878906"><ele>4.0</ele><time>2026-09-10T12:03:04Z</time></trkpt><trkpt lat="37.567291259765625" lon="127.04688262939453"><ele>4.0</ele><time>2026-09-10T12:03:05Z</time></trkpt><trkpt lat="37.56731033325195" lon="127.046875"><ele>4.0</ele><time>2026-09-10T12:03:06Z</time></trkpt><trkpt lat="37.56732940673828" lon="127.04685974121094"><ele>4.0</ele><time>2026-09-10T12:03:07Z</time></trkpt><trkpt lat="37.56734085083008" lon="127.0468521118164"><ele>4.0</ele><time>2026-09-10T12:03:08Z</time></trkpt><trkpt lat="37.567359924316406" lon="127.04684448242188"><ele>4.0</ele><time>2026-09-10T12:03:09Z</time></trkpt><trkpt lat="37.56737518310547" lon="127.04683685302734"><ele>4.0</ele><time>2026-09-10T12:03:10Z</time></trkpt><trkpt lat="37.56739044189453" lon="127.04682922363281"><ele>3.799999952316284</ele><time>2026-09-10T12:03:11Z</time></trkpt><trkpt lat="37.56740951538086" lon="127.04682159423828"><ele>3.799999952316284</ele><time>2026-09-10T12:03:12Z</time></trkpt><trkpt lat="37.567420959472656" lon="127.04680633544922"><ele>3.799999952316284</ele><time>2026-09-10T12:03:13Z</time></trkpt><trkpt lat="37.567447662353516" lon="127.04679870605469"><ele>3.799999952316284</ele><time>2026-09-10T12:03:14Z</time></trkpt><trkpt lat="37.567466735839844" lon="127.04678344726562"><ele>3.799999952316284</ele><time>2026-09-10T12:03:15Z</time></trkpt><trkpt lat="37.56748962402344" lon="127.0467758178711"><ele>3.799999952316284</ele><time>2026-09-10T12:03:16Z</time></trkpt><trkpt lat="37.5675048828125" lon="127.0467758178711"><ele>3.799999952316284</ele><time>2026-09-10T12:03:17Z</time></trkpt><trkpt lat="37.5675163269043" lon="127.04676818847656"><ele>4.0</ele><time>2026-09-10T12:03:18Z</time></trkpt><trkpt lat="37.567527770996094" lon="127.04676055908203"><ele>3.799999952316284</ele><time>2026-09-10T12:03:19Z</time></trkpt><trkpt lat="37.56754684448242" lon="127.0467529296875"><ele>3.799999952316284</ele><time>2026-09-10T12:03:20Z</time></trkpt><trkpt lat="37.567562103271484" lon="127.04673767089844"><ele>3.799999952316284</ele><time>2026-09-10T12:03:21Z</time></trkpt><trkpt lat="37.56758117675781" lon="127.0467300415039"><ele>3.799999952316284</ele><time>2026-09-10T12:03:22Z</time></trkpt><trkpt lat="37.56760025024414" lon="127.04672241210938"><ele>3.799999952316284</ele><time>2026-09-10T12:03:23Z</time></trkpt><trkpt lat="37.5676155090332" lon="127.04671478271484"><ele>3.799999952316284</ele><time>2026-09-10T12:03:24Z</time></trkpt><trkpt lat="37.5676383972168" lon="127.04669952392578"><ele>4.0</ele><time>2026-09-10T12:03:25Z</time></trkpt><trkpt lat="37.56765365600586" lon="127.04669189453125"><ele>4.0</ele><time>2026-09-10T12:03:26Z</time></trkpt><trkpt lat="37.56767272949219" lon="127.04667663574219"><ele>4.0</ele><time>2026-09-10T12:03:27Z</time></trkpt><trkpt lat="37.567691802978516" lon="127.04666137695312"><ele>3.799999952316284</ele><time>2026-09-10T12:03:28Z</time></trkpt><trkpt lat="37.56770324707031" lon="127.0466537475586"><ele>3.799999952316284</ele><time>2026-09-10T12:03:29Z</time></trkpt><trkpt lat="37.56772232055664" lon="127.04664611816406"><ele>3.799999952316284</ele><time>2026-09-10T12:03:30Z</time></trkpt><trkpt lat="37.56774139404297" lon="127.04663848876953"><ele>3.799999952316284</ele><time>2026-09-10T12:03:31Z</time></trkpt><trkpt lat="37.5677604675293" lon="127.046630859375"><ele>3.799999952316284</ele><time>2026-09-10T12:03:32Z</time></trkpt><trkpt lat="37.567779541015625" lon="127.04662322998047"><ele>3.799999952316284</ele><time>2026-09-10T12:03:33Z</time></trkpt><trkpt lat="37.56779098510742" lon="127.0466079711914"><ele>3.799999952316284</ele><time>2026-09-10T12:03:34Z</time></trkpt><trkpt lat="37.56781005859375" lon="127.04660034179688"><ele>3.799999952316284</ele><time>2026-09-10T12:03:35Z</time></trkpt><trkpt lat="37.56782150268555" lon="127.04659271240234"><ele>3.799999952316284</ele><time>2026-09-10T12:03:36Z</time></trkpt><trkpt lat="37.567840576171875" lon="127.04657745361328"><ele>3.799999952316284</ele><time>2026-09-10T12:03:37Z</time></trkpt><trkpt lat="37.5678596496582" lon="127.04657745361328"><ele>3.799999952316284</ele><time>2026-09-10T12:03:38Z</time></trkpt><trkpt lat="37.567874908447266" lon="127.04656219482422"><ele>3.799999952316284</ele><time>2026-09-10T12:03:39Z</time></trkpt><trkpt lat="37.56789779663086" lon="127.04655456542969"><ele>3.799999952316284</ele><time>2026-09-10T12:03:40Z</time></trkpt><trkpt lat="37.56791687011719" lon="127.04655456542969"><ele>3.799999952316284</ele><time>2026-09-10T12:03:41Z</time></trkpt><trkpt lat="37.56793975830078" lon="127.04654693603516"><ele>4.0</ele><time>2026-09-10T12:03:42Z</time></trkpt><trkpt lat="37.567962646484375" lon="127.04653930664062"><ele>4.0</ele><time>2026-09-10T12:03:43Z</time></trkpt><trkpt lat="37.56797790527344" lon="127.0465316772461"><ele>4.0</ele><time>2026-09-10T12:03:44Z</time></trkpt><trkpt lat="37.56800842285156" lon="127.04652404785156"><ele>4.0</ele><time>2026-09-10T12:03:45Z</time></trkpt><trkpt lat="37.568023681640625" lon="127.04651641845703"><ele>4.0</ele><time>2026-09-10T12:03:46Z</time></trkpt><trkpt lat="37.568050384521484" lon="127.0465087890625"><ele>4.0</ele><time>2026-09-10T12:03:47Z</time></trkpt><trkpt lat="37.56806945800781" lon="127.04650115966797"><ele>4.0</ele><time>2026-09-10T12:03:48Z</time></trkpt><trkpt lat="37.568084716796875" lon="127.04649353027344"><ele>3.799999952316284</ele><time>2026-09-10T12:03:49Z</time></trkpt><trkpt lat="37.56810760498047" lon="127.04649353027344"><ele>3.799999952316284</ele><time>2026-09-10T12:03:50Z</time></trkpt><trkpt lat="37.56812286376953" lon="127.04647827148438"><ele>3.799999952316284</ele><time>2026-09-10T12:03:51Z</time></trkpt><trkpt lat="37.568145751953125" lon="127.04647064208984"><ele>3.799999952316284</ele><time>2026-09-10T12:03:52Z</time></trkpt><trkpt lat="37.56816101074219" lon="127.04646301269531"><ele>3.799999952316284</ele><time>2026-09-10T12:03:53Z</time></trkpt><trkpt lat="37.568172454833984" lon="127.04644775390625"><ele>4.0</ele><time>2026-09-10T12:03:54Z</time></trkpt><trkpt lat="37.56818771362305" lon="127.04642486572266"><ele>4.0</ele><time>2026-09-10T12:03:55Z</time></trkpt><trkpt lat="37.56819534301758" lon="127.04640197753906"><ele>4.0</ele><time>2026-09-10T12:03:56Z</time></trkpt><trkpt lat="37.56821823120117" lon="127.04638671875"><ele>4.0</ele><time>2026-09-10T12:03:57Z</time></trkpt><trkpt lat="37.568233489990234" lon="127.04637908935547"><ele>4.0</ele><time>2026-09-10T12:03:58Z</time></trkpt><trkpt lat="37.5682487487793" lon="127.04637145996094"><ele>4.0</ele><time>2026-09-10T12:03:59Z</time></trkpt><trkpt lat="37.568260192871094" lon="127.04635620117188"><ele>4.0</ele><time>2026-09-10T12:04:00Z</time></trkpt><trkpt lat="37.568275451660156" lon="127.04634094238281"><ele>4.199999809265137</ele><time>2026-09-10T12:04:01Z</time></trkpt><trkpt lat="37.56828689575195" lon="127.04633331298828"><ele>4.199999809265137</ele><time>2026-09-10T12:04:02Z</time></trkpt><trkpt lat="37.56829833984375" lon="127.04631805419922"><ele>4.199999809265137</ele><time>2026-09-10T12:04:03Z</time></trkpt><trkpt lat="37.56830978393555" lon="127.04630279541016"><ele>4.0</ele><time>2026-09-10T12:04:04Z</time></trkpt><trkpt lat="37.56832504272461" lon="127.0462875366211"><ele>4.0</ele><time>2026-09-10T12:04:05Z</time></trkpt><trkpt lat="37.56834030151367" lon="127.04627227783203"><ele>4.0</ele><time>2026-09-10T12:04:06Z</time></trkpt><trkpt lat="37.568363189697266" lon="127.04624938964844"><ele>4.0</ele><time>2026-09-10T12:04:07Z</time></trkpt><trkpt lat="37.56837844848633" lon="127.04623413085938"><ele>4.0</ele><time>2026-09-10T12:04:08Z</time></trkpt><trkpt lat="37.56839370727539" lon="127.04621887207031"><ele>4.0</ele><time>2026-09-10T12:04:09Z</time></trkpt><trkpt lat="37.56841278076172" lon="127.04621124267578"><ele>4.0</ele><time>2026-09-10T12:04:10Z</time></trkpt><trkpt lat="37.568424224853516" lon="127.04620361328125"><ele>4.0</ele><time>2026-09-10T12:04:11Z</time></trkpt><trkpt lat="37.568450927734375" lon="127.04620361328125"><ele>4.0</ele><time>2026-09-10T12:04:12Z</time></trkpt><trkpt lat="37.568477630615234" lon="127.04620361328125"><ele>4.0</ele><time>2026-09-10T12:04:13Z</time></trkpt><trkpt lat="37.56850051879883" lon="127.04619598388672"><ele>4.0</ele><time>2026-09-10T12:04:14Z</time></trkpt><trkpt lat="37.56852340698242" lon="127.04619598388672"><ele>4.0</ele><time>2026-09-10T12:04:15Z</time></trkpt><trkpt lat="37.568538665771484" lon="127.04618835449219"><ele>4.0</ele><time>2026-09-10T12:04:16Z</time></trkpt><trkpt lat="37.568565368652344" lon="127.04618072509766"><ele>4.0</ele><time>2026-09-10T12:04:17Z</time></trkpt><trkpt lat="37.568580627441406" lon="127.04617309570312"><ele>4.0</ele><time>2026-09-10T12:04:18Z</time></trkpt><trkpt lat="37.56859588623047" lon="127.04615783691406"><ele>4.0</ele><time>2026-09-10T12:04:19Z</time></trkpt><trkpt lat="37.56861877441406" lon="127.04615020751953"><ele>4.0</ele><time>2026-09-10T12:04:20Z</time></trkpt><trkpt lat="37.56863021850586" lon="127.04613494873047"><ele>4.0</ele><time>2026-09-10T12:04:21Z</time></trkpt><trkpt lat="37.56865310668945" lon="127.0461196899414"><ele>4.0</ele><time>2026-09-10T12:04:22Z</time></trkpt><trkpt lat="37.568668365478516" lon="127.04611206054688"><ele>4.0</ele><time>2026-09-10T12:04:23Z</time></trkpt><trkpt lat="37.56869125366211" lon="127.04610443115234"><ele>4.0</ele><time>2026-09-10T12:04:24Z</time></trkpt><trkpt lat="37.56870651245117" lon="127.04610443115234"><ele>4.0</ele><time>2026-09-10T12:04:25Z</time></trkpt><trkpt lat="37.568729400634766" lon="127.04610443115234"><ele>4.0</ele><time>2026-09-10T12:04:26Z</time></trkpt><trkpt lat="37.568748474121094" lon="127.04610443115234"><ele>4.0</ele><time>2026-09-10T12:04:27Z</time></trkpt><trkpt lat="37.56876754760742" lon="127.04609680175781"><ele>4.0</ele><time>2026-09-10T12:04:28Z</time></trkpt><trkpt lat="37.56879425048828" lon="127.04608917236328"><ele>3.799999952316284</ele><time>2026-09-10T12:04:29Z</time></trkpt><trkpt lat="37.56880569458008" lon="127.04607391357422"><ele>3.799999952316284</ele><time>2026-09-10T12:04:30Z</time></trkpt><trkpt lat="37.568824768066406" lon="127.04606628417969"><ele>4.0</ele><time>2026-09-10T12:04:31Z</time></trkpt><trkpt lat="37.568843841552734" lon="127.04605102539062"><ele>4.0</ele><time>2026-09-10T12:04:32Z</time></trkpt><trkpt lat="37.5688591003418" lon="127.0460433959961"><ele>4.0</ele><time>2026-09-10T12:04:33Z</time></trkpt><trkpt lat="37.56888198852539" lon="127.0460433959961"><ele>4.0</ele><time>2026-09-10T12:04:34Z</time></trkpt><trkpt lat="37.56890106201172" lon="127.04602813720703"><ele>4.0</ele><time>2026-09-10T12:04:35Z</time></trkpt><trkpt lat="37.56892395019531" lon="127.0460205078125"><ele>4.0</ele><time>2026-09-10T12:04:36Z</time></trkpt><trkpt lat="37.568946838378906" lon="127.04601287841797"><ele>4.0</ele><time>2026-09-10T12:04:37Z</time></trkpt><trkpt lat="37.5689582824707" lon="127.04600524902344"><ele>3.799999952316284</ele><time>2026-09-10T12:04:38Z</time></trkpt><trkpt lat="37.56897735595703" lon="127.04598999023438"><ele>3.799999952316284</ele><time>2026-09-10T12:04:39Z</time></trkpt><trkpt lat="37.56898880004883" lon="127.04598236083984"><ele>3.799999952316284</ele><time>2026-09-10T12:04:40Z</time></trkpt><trkpt lat="37.56900405883789" lon="127.04597473144531"><ele>3.799999952316284</ele><time>2026-09-10T12:04:41Z</time></trkpt><trkpt lat="37.56902313232422" lon="127.04596710205078"><ele>3.799999952316284</ele><time>2026-09-10T12:04:42Z</time></trkpt><trkpt lat="37.56903839111328" lon="127.04595947265625"><ele>3.799999952316284</ele><time>2026-09-10T12:04:43Z</time></trkpt><trkpt lat="37.56905746459961" lon="127.04595184326172"><ele>3.799999952316284</ele><time>2026-09-10T12:04:44Z</time></trkpt><trkpt lat="37.569068908691406" lon="127.04594421386719"><ele>3.799999952316284</ele><time>2026-09-10T12:04:45Z</time></trkpt><trkpt lat="37.569091796875" lon="127.04592895507812"><ele>3.799999952316284</ele><time>2026-09-10T12:04:46Z</time></trkpt><trkpt lat="37.56911087036133" lon="127.04592895507812"><ele>3.799999952316284</ele><time>2026-09-10T12:04:47Z</time></trkpt><trkpt lat="37.56912612915039" lon="127.04591369628906"><ele>3.799999952316284</ele><time>2026-09-10T12:04:48Z</time></trkpt><trkpt lat="37.56914138793945" lon="127.04590606689453"><ele>3.799999952316284</ele><time>2026-09-10T12:04:49Z</time></trkpt><trkpt lat="37.56915283203125" lon="127.04589080810547"><ele>3.799999952316284</ele><time>2026-09-10T12:04:50Z</time></trkpt><trkpt lat="37.56917190551758" lon="127.0458755493164"><ele>3.799999952316284</ele><time>2026-09-10T12:04:51Z</time></trkpt><trkpt lat="37.56918716430664" lon="127.04586791992188"><ele>3.799999952316284</ele><time>2026-09-10T12:04:52Z</time></trkpt><trkpt lat="37.56920623779297" lon="127.04586029052734"><ele>3.799999952316284</ele><time>2026-09-10T12:04:53Z</time></trkpt><trkpt lat="37.56922912597656" lon="127.04584503173828"><ele>3.799999952316284</ele><time>2026-09-10T12:04:54Z</time></trkpt><trkpt lat="37.569244384765625" lon="127.04582977294922"><ele>3.799999952316284</ele><time>2026-09-10T12:04:55Z</time></trkpt><trkpt lat="37.56926345825195" lon="127.04582214355469"><ele>3.799999952316284</ele><time>2026-09-10T12:04:56Z</time></trkpt><trkpt lat="37.569278717041016" lon="127.04580688476562"><ele>3.799999952316284</ele><time>2026-09-10T12:04:57Z</time></trkpt><trkpt lat="37.569297790527344" lon="127.04579162597656"><ele>3.799999952316284</ele><time>2026-09-10T12:04:58Z</time></trkpt><trkpt lat="37.56932067871094" lon="127.04578399658203"><ele>3.799999952316284</ele><time>2026-09-10T12:04:59Z</time></trkpt><trkpt lat="37.569332122802734" lon="127.0457763671875"><ele>3.799999952316284</ele><time>2026-09-10T12:05:00Z</time></trkpt><trkpt lat="37.5693473815918" lon="127.04576110839844"><ele>3.799999952316284</ele><time>2026-09-10T12:05:01Z</time></trkpt><trkpt lat="37.569358825683594" lon="127.04574584960938"><ele>3.799999952316284</ele><time>2026-09-10T12:05:02Z</time></trkpt><trkpt lat="37.56937026977539" lon="127.04573059082031"><ele>3.799999952316284</ele><time>2026-09-10T12:05:03Z</time></trkpt><trkpt lat="37.56938171386719" lon="127.04571533203125"><ele>3.799999952316284</ele><time>2026-09-10T12:05:04Z</time></trkpt><trkpt lat="37.569393157958984" lon="127.04570770263672"><ele>3.799999952316284</ele><time>2026-09-10T12:05:05Z</time></trkpt><trkpt lat="37.56940841674805" lon="127.04569244384766"><ele>3.799999952316284</ele><time>2026-09-10T12:05:06Z</time></trkpt><trkpt lat="37.569427490234375" lon="127.04568481445312"><ele>3.799999952316284</ele><time>2026-09-10T12:05:07Z</time></trkpt><trkpt lat="37.56943893432617" lon="127.04566192626953"><ele>3.5999999046325684</ele><time>2026-09-10T12:05:08Z</time></trkpt><trkpt lat="37.569461822509766" lon="127.045654296875"><ele>3.5999999046325684</ele><time>2026-09-10T12:05:09Z</time></trkpt><trkpt lat="37.56947326660156" lon="127.0456314086914"><ele>3.5999999046325684</ele><time>2026-09-10T12:05:10Z</time></trkpt><trkpt lat="37.56949234008789" lon="127.04561614990234"><ele>3.5999999046325684</ele><time>2026-09-10T12:05:11Z</time></trkpt><trkpt lat="37.56951141357422" lon="127.04560089111328"><ele>3.5999999046325684</ele><time>2026-09-10T12:05:12Z</time></trkpt><trkpt lat="37.56952667236328" lon="127.04558563232422"><ele>3.5999999046325684</ele><time>2026-09-10T12:05:13Z</time></trkpt><trkpt lat="37.56954574584961" lon="127.04557800292969"><ele>3.5999999046325684</ele><time>2026-09-10T12:05:14Z</time></trkpt><trkpt lat="37.56955337524414" lon="127.04556274414062"><ele>3.5999999046325684</ele><time>2026-09-10T12:05:15Z</time></trkpt><trkpt lat="37.56957244873047" lon="127.04553985595703"><ele>3.5999999046325684</ele><time>2026-09-10T12:05:16Z</time></trkpt><trkpt lat="37.569583892822266" lon="127.0455322265625"><ele>3.5999999046325684</ele><time>2026-09-10T12:05:17Z</time></trkpt><trkpt lat="37.56959915161133" lon="127.04551696777344"><ele>3.5999999046325684</ele><time>2026-09-10T12:05:18Z</time></trkpt><trkpt lat="37.56961441040039" lon="127.04549407958984"><ele>3.5999999046325684</ele><time>2026-09-10T12:05:19Z</time></trkpt><trkpt lat="37.56962585449219" lon="127.04548645019531"><ele>3.5999999046325684</ele><time>2026-09-10T12:05:20Z</time></trkpt><trkpt lat="37.56964111328125" lon="127.04547119140625"><ele>3.5999999046325684</ele><time>2026-09-10T12:05:21Z</time></trkpt><trkpt lat="37.56965255737305" lon="127.04545593261719"><ele>3.5999999046325684</ele><time>2026-09-10T12:05:22Z</time></trkpt><trkpt lat="37.569664001464844" lon="127.04544067382812"><ele>3.5999999046325684</ele><time>2026-09-10T12:05:23Z</time></trkpt><trkpt lat="37.56968307495117" lon="127.04541778564453"><ele>3.5999999046325684</ele><time>2026-09-10T12:05:24Z</time></trkpt><trkpt lat="37.569698333740234" lon="127.04540252685547"><ele>3.5999999046325684</ele><time>2026-09-10T12:05:25Z</time></trkpt><trkpt lat="37.56972122192383" lon="127.0453872680664"><ele>3.5999999046325684</ele><time>2026-09-10T12:05:26Z</time></trkpt><trkpt lat="37.56973648071289" lon="127.04536437988281"><ele>3.5999999046325684</ele><time>2026-09-10T12:05:27Z</time></trkpt><trkpt lat="37.56975173950195" lon="127.04534912109375"><ele>3.5999999046325684</ele><time>2026-09-10T12:05:28Z</time></trkpt><trkpt lat="37.569766998291016" lon="127.04532623291016"><ele>3.5999999046325684</ele><time>2026-09-10T12:05:29Z</time></trkpt><trkpt lat="37.56977844238281" lon="127.0453109741211"><ele>3.5999999046325684</ele><time>2026-09-10T12:05:30Z</time></trkpt><trkpt lat="37.56978988647461" lon="127.04529571533203"><ele>3.5999999046325684</ele><time>2026-09-10T12:05:31Z</time></trkpt><trkpt lat="37.56980514526367" lon="127.04528045654297"><ele>3.5999999046325684</ele><time>2026-09-10T12:05:32Z</time></trkpt><trkpt lat="37.5698127746582" lon="127.04525756835938"><ele>3.5999999046325684</ele><time>2026-09-10T12:05:33Z</time></trkpt><trkpt lat="37.569828033447266" lon="127.04523468017578"><ele>3.5999999046325684</ele><time>2026-09-10T12:05:34Z</time></trkpt><trkpt lat="37.56983947753906" lon="127.04521942138672"><ele>3.5999999046325684</ele><time>2026-09-10T12:05:35Z</time></trkpt><trkpt lat="37.56985092163086" lon="127.04520416259766"><ele>3.5999999046325684</ele><time>2026-09-10T12:05:36Z</time></trkpt><trkpt lat="37.569862365722656" lon="127.04518127441406"><ele>3.5999999046325684</ele><time>2026-09-10T12:05:37Z</time></trkpt><trkpt lat="37.56987380981445" lon="127.045166015625"><ele>3.5999999046325684</ele><time>2026-09-10T12:05:38Z</time></trkpt><trkpt lat="37.569881439208984" lon="127.0451431274414"><ele>3.5999999046325684</ele><time>2026-09-10T12:05:39Z</time></trkpt><trkpt lat="37.56989288330078" lon="127.04512786865234"><ele>3.5999999046325684</ele><time>2026-09-10T12:05:40Z</time></trkpt><trkpt lat="37.56990432739258" lon="127.04511260986328"><ele>3.5999999046325684</ele><time>2026-09-10T12:05:41Z</time></trkpt><trkpt lat="37.56991958618164" lon="127.04509735107422"><ele>3.5999999046325684</ele><time>2026-09-10T12:05:42Z</time></trkpt><trkpt lat="37.56992721557617" lon="127.04507446289062"><ele>3.5999999046325684</ele><time>2026-09-10T12:05:43Z</time></trkpt><trkpt lat="37.569942474365234" lon="127.04505920410156"><ele>3.5999999046325684</ele><time>2026-09-10T12:05:44Z</time></trkpt><trkpt lat="37.56995391845703" lon="127.04503631591797"><ele>3.5999999046325684</ele><time>2026-09-10T12:05:45Z</time></trkpt><trkpt lat="37.56996154785156" lon="127.0450210571289"><ele>3.5999999046325684</ele><time>2026-09-10T12:05:46Z</time></trkpt><trkpt lat="37.56997299194336" lon="127.04499816894531"><ele>3.5999999046325684</ele><time>2026-09-10T12:05:47Z</time></trkpt><trkpt lat="37.569976806640625" lon="127.04497528076172"><ele>3.5999999046325684</ele><time>2026-09-10T12:05:48Z</time></trkpt><trkpt lat="37.56998825073242" lon="127.04495239257812"><ele>3.799999952316284</ele><time>2026-09-10T12:05:49Z</time></trkpt><trkpt lat="37.56999588012695" lon="127.04493713378906"><ele>3.799999952316284</ele><time>2026-09-10T12:05:50Z</time></trkpt><trkpt lat="37.57000732421875" lon="127.04490661621094"><ele>3.5999999046325684</ele><time>2026-09-10T12:05:51Z</time></trkpt><trkpt lat="37.57001876831055" lon="127.04489135742188"><ele>3.799999952316284</ele><time>2026-09-10T12:05:52Z</time></trkpt><trkpt lat="37.570030212402344" lon="127.04486846923828"><ele>3.799999952316284</ele><time>2026-09-10T12:05:53Z</time></trkpt><trkpt lat="37.57004165649414" lon="127.04483795166016"><ele>3.799999952316284</ele><time>2026-09-10T12:05:54Z</time></trkpt><trkpt lat="37.57004928588867" lon="127.0448226928711"><ele>3.799999952316284</ele><time>2026-09-10T12:05:55Z</time></trkpt><trkpt lat="37.57006072998047" lon="127.04479217529297"><ele>3.799999952316284</ele><time>2026-09-10T12:05:56Z</time></trkpt><trkpt lat="37.570072174072266" lon="127.0447769165039"><ele>3.5999999046325684</ele><time>2026-09-10T12:05:57Z</time></trkpt><trkpt lat="37.5700798034668" lon="127.04475402832031"><ele>3.5999999046325684</ele><time>2026-09-10T12:05:58Z</time></trkpt><trkpt lat="37.570091247558594" lon="127.04473114013672"><ele>3.5999999046325684</ele><time>2026-09-10T12:05:59Z</time></trkpt><trkpt lat="37.570098876953125" lon="127.04470825195312"><ele>3.5999999046325684</ele><time>2026-09-10T12:06:00Z</time></trkpt><trkpt lat="37.57011032104492" lon="127.04468536376953"><ele>3.5999999046325684</ele><time>2026-09-10T12:06:01Z</time></trkpt><trkpt lat="37.57011795043945" lon="127.04467010498047"><ele>3.5999999046325684</ele><time>2026-09-10T12:06:02Z</time></trkpt><trkpt lat="37.57012939453125" lon="127.04464721679688"><ele>3.799999952316284</ele><time>2026-09-10T12:06:03Z</time></trkpt><trkpt lat="37.57014083862305" lon="127.04462432861328"><ele>3.5999999046325684</ele><time>2026-09-10T12:06:04Z</time></trkpt><trkpt lat="37.57014465332031" lon="127.04460906982422"><ele>3.5999999046325684</ele><time>2026-09-10T12:06:05Z</time></trkpt><trkpt lat="37.57015609741211" lon="127.0445785522461"><ele>3.5999999046325684</ele><time>2026-09-10T12:06:06Z</time></trkpt><trkpt lat="37.57016372680664" lon="127.0445556640625"><ele>3.5999999046325684</ele><time>2026-09-10T12:06:07Z</time></trkpt><trkpt lat="37.57017517089844" lon="127.0445327758789"><ele>3.5999999046325684</ele><time>2026-09-10T12:06:08Z</time></trkpt><trkpt lat="37.570186614990234" lon="127.04451751708984"><ele>3.5999999046325684</ele><time>2026-09-10T12:06:09Z</time></trkpt><trkpt lat="37.57019805908203" lon="127.04450225830078"><ele>3.5999999046325684</ele><time>2026-09-10T12:06:10Z</time></trkpt><trkpt lat="37.570213317871094" lon="127.04447937011719"><ele>3.5999999046325684</ele><time>2026-09-10T12:06:11Z</time></trkpt><trkpt lat="37.57022476196289" lon="127.0444564819336"><ele>3.5999999046325684</ele><time>2026-09-10T12:06:12Z</time></trkpt><trkpt lat="37.57023239135742" lon="127.04444122314453"><ele>3.799999952316284</ele><time>2026-09-10T12:06:13Z</time></trkpt><trkpt lat="37.57024383544922" lon="127.04441833496094"><ele>3.799999952316284</ele><time>2026-09-10T12:06:14Z</time></trkpt><trkpt lat="37.57025146484375" lon="127.04439544677734"><ele>3.799999952316284</ele><time>2026-09-10T12:06:15Z</time></trkpt><trkpt lat="37.57025909423828" lon="127.04438018798828"><ele>3.799999952316284</ele><time>2026-09-10T12:06:16Z</time></trkpt><trkpt lat="37.57027053833008" lon="127.04435729980469"><ele>3.799999952316284</ele><time>2026-09-10T12:06:17Z</time></trkpt><trkpt lat="37.57027816772461" lon="127.04434204101562"><ele>3.5999999046325684</ele><time>2026-09-10T12:06:18Z</time></trkpt><trkpt lat="37.570289611816406" lon="127.04431915283203"><ele>3.5999999046325684</ele><time>2026-09-10T12:06:19Z</time></trkpt><trkpt lat="37.57029724121094" lon="127.04430389404297"><ele>3.5999999046325684</ele><time>2026-09-10T12:06:20Z</time></trkpt><trkpt lat="37.570308685302734" lon="127.0442886352539"><ele>3.5999999046325684</ele><time>2026-09-10T12:06:21Z</time></trkpt><trkpt lat="37.57032012939453" lon="127.04426574707031"><ele>3.799999952316284</ele><time>2026-09-10T12:06:22Z</time></trkpt><trkpt lat="37.570335388183594" lon="127.04423522949219"><ele>3.799999952316284</ele><time>2026-09-10T12:06:23Z</time></trkpt><trkpt lat="37.570343017578125" lon="127.0442123413086"><ele>3.799999952316284</ele><time>2026-09-10T12:06:24Z</time></trkpt><trkpt lat="37.570350646972656" lon="127.04419708251953"><ele>3.799999952316284</ele><time>2026-09-10T12:06:25Z</time></trkpt><trkpt lat="37.57035827636719" lon="127.04417419433594"><ele>3.799999952316284</ele><time>2026-09-10T12:06:26Z</time></trkpt><trkpt lat="37.57036590576172" lon="127.04415130615234"><ele>3.799999952316284</ele><time>2026-09-10T12:06:27Z</time></trkpt><trkpt lat="37.57037353515625" lon="127.04412841796875"><ele>3.799999952316284</ele><time>2026-09-10T12:06:28Z</time></trkpt><trkpt lat="37.57038116455078" lon="127.04410552978516"><ele>3.799999952316284</ele><time>2026-09-10T12:06:29Z</time></trkpt><trkpt lat="37.57038497924805" lon="127.0440902709961"><ele>3.799999952316284</ele><time>2026-09-10T12:06:30Z</time></trkpt><trkpt lat="37.57039260864258" lon="127.0440673828125"><ele>3.799999952316284</ele><time>2026-09-10T12:06:31Z</time></trkpt><trkpt lat="37.57040023803711" lon="127.0440444946289"><ele>3.799999952316284</ele><time>2026-09-10T12:06:32Z</time></trkpt><trkpt lat="37.570411682128906" lon="127.04402160644531"><ele>3.799999952316284</ele><time>2026-09-10T12:06:33Z</time></trkpt><trkpt lat="37.57041931152344" lon="127.04399871826172"><ele>3.799999952316284</ele><time>2026-09-10T12:06:34Z</time></trkpt><trkpt lat="37.5704231262207" lon="127.04397583007812"><ele>3.799999952316284</ele><time>2026-09-10T12:06:35Z</time></trkpt><trkpt lat="37.570430755615234" lon="127.04395294189453"><ele>3.799999952316284</ele><time>2026-09-10T12:06:36Z</time></trkpt><trkpt lat="37.570438385009766" lon="127.0439224243164"><ele>4.0</ele><time>2026-09-10T12:06:37Z</time></trkpt><trkpt lat="37.57044982910156" lon="127.04389190673828"><ele>4.0</ele><time>2026-09-10T12:06:38Z</time></trkpt><trkpt lat="37.57046127319336" lon="127.04386138916016"><ele>4.0</ele><time>2026-09-10T12:06:39Z</time></trkpt><trkpt lat="37.57046890258789" lon="127.0438461303711"><ele>4.0</ele><time>2026-09-10T12:06:40Z</time></trkpt><trkpt lat="37.57047653198242" lon="127.04381561279297"><ele>4.0</ele><time>2026-09-10T12:06:41Z</time></trkpt><trkpt lat="37.57048416137695" lon="127.04379272460938"><ele>4.0</ele><time>2026-09-10T12:06:42Z</time></trkpt><trkpt lat="37.57049560546875" lon="127.04376220703125"><ele>4.0</ele><time>2026-09-10T12:06:43Z</time></trkpt><trkpt lat="37.570499420166016" lon="127.04373931884766"><ele>4.0</ele><time>2026-09-10T12:06:44Z</time></trkpt><trkpt lat="37.57050704956055" lon="127.04371643066406"><ele>4.0</ele><time>2026-09-10T12:06:45Z</time></trkpt><trkpt lat="37.57051467895508" lon="127.04369354248047"><ele>4.0</ele><time>2026-09-10T12:06:46Z</time></trkpt><trkpt lat="37.570518493652344" lon="127.0436782836914"><ele>4.0</ele><time>2026-09-10T12:06:47Z</time></trkpt><trkpt lat="37.570526123046875" lon="127.04366302490234"><ele>3.799999952316284</ele><time>2026-09-10T12:06:48Z</time></trkpt><trkpt lat="37.57052993774414" lon="127.04364013671875"><ele>3.799999952316284</ele><time>2026-09-10T12:06:49Z</time></trkpt><trkpt lat="37.5705451965332" lon="127.04360961914062"><ele>3.799999952316284</ele><time>2026-09-10T12:06:50Z</time></trkpt><trkpt lat="37.570552825927734" lon="127.04358673095703"><ele>3.799999952316284</ele><time>2026-09-10T12:06:51Z</time></trkpt><trkpt lat="37.5705680847168" lon="127.04356384277344"><ele>3.799999952316284</ele><time>2026-09-10T12:06:52Z</time></trkpt><trkpt lat="37.570579528808594" lon="127.04353332519531"><ele>4.0</ele><time>2026-09-10T12:06:53Z</time></trkpt><trkpt lat="37.570587158203125" lon="127.04351806640625"><ele>4.0</ele><time>2026-09-10T12:06:54Z</time></trkpt><trkpt lat="37.570594787597656" lon="127.04349517822266"><ele>4.0</ele><time>2026-09-10T12:06:55Z</time></trkpt><trkpt lat="37.570594787597656" lon="127.0434799194336"><ele>4.0</ele><time>2026-09-10T12:06:56Z</time></trkpt><trkpt lat="37.57060241699219" lon="127.04345703125"><ele>4.0</ele><time>2026-09-10T12:06:57Z</time></trkpt><trkpt lat="37.57060623168945" lon="127.04344177246094"><ele>4.0</ele><time>2026-09-10T12:06:58Z</time></trkpt><trkpt lat="37.570613861083984" lon="127.04341888427734"><ele>4.199999809265137</ele><time>2026-09-10T12:06:59Z</time></trkpt><trkpt lat="37.57062911987305" lon="127.04339599609375"><ele>4.199999809265137</ele><time>2026-09-10T12:07:00Z</time></trkpt><trkpt lat="37.570640563964844" lon="127.04336547851562"><ele>4.199999809265137</ele><time>2026-09-10T12:07:01Z</time></trkpt><trkpt lat="37.57065200805664" lon="127.0433349609375"><ele>4.199999809265137</ele><time>2026-09-10T12:07:02Z</time></trkpt><trkpt lat="37.57066345214844" lon="127.0433120727539"><ele>4.0</ele><time>2026-09-10T12:07:03Z</time></trkpt><trkpt lat="37.570674896240234" lon="127.04328918457031"><ele>4.0</ele><time>2026-09-10T12:07:04Z</time></trkpt><trkpt lat="37.570682525634766" lon="127.04327392578125"><ele>4.0</ele><time>2026-09-10T12:07:05Z</time></trkpt><trkpt lat="37.57068634033203" lon="127.04325103759766"><ele>4.0</ele><time>2026-09-10T12:07:06Z</time></trkpt><trkpt lat="37.57069778442383" lon="127.0432357788086"><ele>4.0</ele><time>2026-09-10T12:07:07Z</time></trkpt><trkpt lat="37.57070541381836" lon="127.04322052001953"><ele>4.0</ele><time>2026-09-10T12:07:08Z</time></trkpt><trkpt lat="37.57071304321289" lon="127.04320526123047"><ele>4.0</ele><time>2026-09-10T12:07:09Z</time></trkpt><trkpt lat="37.57072448730469" lon="127.04318237304688"><ele>4.0</ele><time>2026-09-10T12:07:10Z</time></trkpt><trkpt lat="37.57073211669922" lon="127.04315948486328"><ele>4.0</ele><time>2026-09-10T12:07:11Z</time></trkpt><trkpt lat="37.57074737548828" lon="127.04312896728516"><ele>4.0</ele><time>2026-09-10T12:07:12Z</time></trkpt><trkpt lat="37.57075881958008" lon="127.04309844970703"><ele>4.0</ele><time>2026-09-10T12:07:13Z</time></trkpt><trkpt lat="37.570762634277344" lon="127.04307556152344"><ele>4.0</ele><time>2026-09-10T12:07:14Z</time></trkpt><trkpt lat="37.570762634277344" lon="127.04306030273438"><ele>4.0</ele><time>2026-09-10T12:07:15Z</time></trkpt><trkpt lat="37.57074737548828" lon="127.04306030273438"><ele>4.0</ele><time>2026-09-10T12:07:16Z</time></trkpt><trkpt lat="37.570735931396484" lon="127.04306030273438"><ele>4.0</ele><time>2026-09-10T12:07:17Z</time></trkpt><trkpt lat="37.57073974609375" lon="127.04306030273438"><ele>4.199999809265137</ele><time>2026-09-10T12:07:18Z</time></trkpt><trkpt lat="37.57074737548828" lon="127.04305267333984"><ele>4.199999809265137</ele><time>2026-09-10T12:07:19Z</time></trkpt><trkpt lat="37.57076644897461" lon="127.04303741455078"><ele>4.199999809265137</ele><time>2026-09-10T12:07:20Z</time></trkpt><trkpt lat="37.57078170776367" lon="127.04302215576172"><ele>4.199999809265137</ele><time>2026-09-10T12:07:21Z</time></trkpt><trkpt lat="37.570796966552734" lon="127.04299926757812"><ele>4.199999809265137</ele><time>2026-09-10T12:07:22Z</time></trkpt><trkpt lat="37.57081604003906" lon="127.04298400878906"><ele>4.199999809265137</ele><time>2026-09-10T12:07:23Z</time></trkpt><trkpt lat="37.570831298828125" lon="127.04296112060547"><ele>4.199999809265137</ele><time>2026-09-10T12:07:24Z</time></trkpt><trkpt lat="37.57084655761719" lon="127.04293823242188"><ele>4.199999809265137</ele><time>2026-09-10T12:07:25Z</time></trkpt><trkpt lat="37.57085418701172" lon="127.04292297363281"><ele>4.199999809265137</ele><time>2026-09-10T12:07:26Z</time></trkpt><trkpt lat="37.57086944580078" lon="127.04290008544922"><ele>4.199999809265137</ele><time>2026-09-10T12:07:27Z</time></trkpt><trkpt lat="37.57087707519531" lon="127.04287719726562"><ele>4.199999809265137</ele><time>2026-09-10T12:07:28Z</time></trkpt><trkpt lat="37.570892333984375" lon="127.04285430908203"><ele>4.199999809265137</ele><time>2026-09-10T12:07:29Z</time></trkpt><trkpt lat="37.57090759277344" lon="127.04283142089844"><ele>4.199999809265137</ele><time>2026-09-10T12:07:30Z</time></trkpt><trkpt lat="37.570919036865234" lon="127.04280853271484"><ele>4.199999809265137</ele><time>2026-09-10T12:07:31Z</time></trkpt><trkpt lat="37.5709342956543" lon="127.04277801513672"><ele>4.199999809265137</ele><time>2026-09-10T12:07:32Z</time></trkpt><trkpt lat="37.57094192504883" lon="127.04276275634766"><ele>4.199999809265137</ele><time>2026-09-10T12:07:33Z</time></trkpt><trkpt lat="37.57094955444336" lon="127.04273223876953"><ele>4.199999809265137</ele><time>2026-09-10T12:07:34Z</time></trkpt><trkpt lat="37.57095718383789" lon="127.04270935058594"><ele>4.199999809265137</ele><time>2026-09-10T12:07:35Z</time></trkpt><trkpt lat="37.57096862792969" lon="127.04269409179688"><ele>4.199999809265137</ele><time>2026-09-10T12:07:36Z</time></trkpt><trkpt lat="37.570980072021484" lon="127.04267120361328"><ele>4.199999809265137</ele><time>2026-09-10T12:07:37Z</time></trkpt><trkpt lat="37.57099151611328" lon="127.04265594482422"><ele>4.199999809265137</ele><time>2026-09-10T12:07:38Z</time></trkpt><trkpt lat="37.57099914550781" lon="127.04264068603516"><ele>4.199999809265137</ele><time>2026-09-10T12:07:39Z</time></trkpt><trkpt lat="37.571006774902344" lon="127.0426254272461"><ele>4.199999809265137</ele><time>2026-09-10T12:07:40Z</time></trkpt><trkpt lat="37.571014404296875" lon="127.04261016845703"><ele>4.199999809265137</ele><time>2026-09-10T12:07:41Z</time></trkpt><trkpt lat="37.571022033691406" lon="127.04259490966797"><ele>4.199999809265137</ele><time>2026-09-10T12:07:42Z</time></trkpt><trkpt lat="37.57102966308594" lon="127.04257202148438"><ele>4.199999809265137</ele><time>2026-09-10T12:07:43Z</time></trkpt><trkpt lat="37.5710334777832" lon="127.04256439208984"><ele>4.199999809265137</ele><time>2026-09-10T12:07:44Z</time></trkpt><trkpt lat="37.571041107177734" lon="127.04254913330078"><ele>4.400000095367432</ele><time>2026-09-10T12:07:45Z</time></trkpt><trkpt lat="37.571048736572266" lon="127.04252624511719"><ele>4.400000095367432</ele><time>2026-09-10T12:07:46Z</time></trkpt><trkpt lat="37.57105255126953" lon="127.0425033569336"><ele>4.400000095367432</ele><time>2026-09-10T12:07:47Z</time></trkpt><trkpt lat="37.57106018066406" lon="127.04248046875"><ele>4.400000095367432</ele><time>2026-09-10T12:07:48Z</time></trkpt><trkpt lat="37.57107162475586" lon="127.0424575805664"><ele>4.400000095367432</ele><time>2026-09-10T12:07:49Z</time></trkpt><trkpt lat="37.57108688354492" lon="127.04242706298828"><ele>4.400000095367432</ele><time>2026-09-10T12:07:50Z</time></trkpt><trkpt lat="37.57109451293945" lon="127.04239654541016"><ele>4.199999809265137</ele><time>2026-09-10T12:07:51Z</time></trkpt><trkpt lat="37.57110595703125" lon="127.04237365722656"><ele>4.199999809265137</ele><time>2026-09-10T12:07:52Z</time></trkpt><trkpt lat="37.57111740112305" lon="127.04235076904297"><ele>4.199999809265137</ele><time>2026-09-10T12:07:53Z</time></trkpt><trkpt lat="37.57112503051758" lon="127.0423355102539"><ele>4.199999809265137</ele><time>2026-09-10T12:07:54Z</time></trkpt><trkpt lat="37.57113265991211" lon="127.04231262207031"><ele>4.199999809265137</ele><time>2026-09-10T12:07:55Z</time></trkpt><trkpt lat="37.57114028930664" lon="127.04229736328125"><ele>4.199999809265137</ele><time>2026-09-10T12:07:56Z</time></trkpt><trkpt lat="37.571144104003906" lon="127.04228973388672"><ele>4.199999809265137</ele><time>2026-09-10T12:07:57Z</time></trkpt><trkpt lat="37.5711555480957" lon="127.04227447509766"><ele>4.199999809265137</ele><time>2026-09-10T12:07:58Z</time></trkpt><trkpt lat="37.571163177490234" lon="127.04225158691406"><ele>4.199999809265137</ele><time>2026-09-10T12:07:59Z</time></trkpt><trkpt lat="37.57117462158203" lon="127.04222106933594"><ele>4.400000095367432</ele><time>2026-09-10T12:08:00Z</time></trkpt><trkpt lat="37.571189880371094" lon="127.04219818115234"><ele>4.400000095367432</ele><time>2026-09-10T12:08:01Z</time></trkpt><trkpt lat="37.571197509765625" lon="127.04217529296875"><ele>4.400000095367432</ele><time>2026-09-10T12:08:02Z</time></trkpt><trkpt lat="37.57121276855469" lon="127.04214477539062"><ele>4.400000095367432</ele><time>2026-09-10T12:08:03Z</time></trkpt><trkpt lat="37.571224212646484" lon="127.04212188720703"><ele>4.400000095367432</ele><time>2026-09-10T12:08:04Z</time></trkpt><trkpt lat="37.571231842041016" lon="127.04210662841797"><ele>4.400000095367432</ele><time>2026-09-10T12:08:05Z</time></trkpt><trkpt lat="37.57124328613281" lon="127.04208374023438"><ele>4.199999809265137</ele><time>2026-09-10T12:08:06Z</time></trkpt><trkpt lat="37.571250915527344" lon="127.04207611083984"><ele>4.199999809265137</ele><time>2026-09-10T12:08:07Z</time></trkpt><trkpt lat="37.57126235961914" lon="127.04204559326172"><ele>4.199999809265137</ele><time>2026-09-10T12:08:08Z</time></trkpt><trkpt lat="37.5712776184082" lon="127.04203033447266"><ele>4.400000095367432</ele><time>2026-09-10T12:08:09Z</time></trkpt><trkpt lat="37.571285247802734" lon="127.04200744628906"><ele>4.400000095367432</ele><time>2026-09-10T12:08:10Z</time></trkpt><trkpt lat="37.5712890625" lon="127.04198455810547"><ele>4.400000095367432</ele><time>2026-09-10T12:08:11Z</time></trkpt><trkpt lat="37.5712890625" lon="127.0419692993164"><ele>4.400000095367432</ele><time>2026-09-10T12:08:12Z</time></trkpt><trkpt lat="37.5712890625" lon="127.04196166992188"><ele>4.400000095367432</ele><time>2026-09-10T12:08:13Z</time></trkpt><trkpt lat="37.571292877197266" lon="127.04193878173828"><ele>4.199999809265137</ele><time>2026-09-10T12:08:14Z</time></trkpt><trkpt lat="37.5713005065918" lon="127.04192352294922"><ele>4.199999809265137</ele><time>2026-09-10T12:08:15Z</time></trkpt><trkpt lat="37.571311950683594" lon="127.04190063476562"><ele>4.400000095367432</ele><time>2026-09-10T12:08:16Z</time></trkpt><trkpt lat="37.571319580078125" lon="127.04188537597656"><ele>4.400000095367432</ele><time>2026-09-10T12:08:17Z</time></trkpt><trkpt lat="37.57133102416992" lon="127.04186248779297"><ele>4.199999809265137</ele><time>2026-09-10T12:08:18Z</time></trkpt><trkpt lat="37.57133865356445" lon="127.04185485839844"><ele>4.400000095367432</ele><time>2026-09-10T12:08:19Z</time></trkpt><trkpt lat="37.571346282958984" lon="127.04183197021484"><ele>4.400000095367432</ele><time>2026-09-10T12:08:20Z</time></trkpt><trkpt lat="37.57135772705078" lon="127.04180908203125"><ele>4.199999809265137</ele><time>2026-09-10T12:08:21Z</time></trkpt><trkpt lat="37.57136917114258" lon="127.04179382324219"><ele>4.199999809265137</ele><time>2026-09-10T12:08:22Z</time></trkpt><trkpt lat="37.57138442993164" lon="127.0417709350586"><ele>4.199999809265137</ele><time>2026-09-10T12:08:23Z</time></trkpt><trkpt lat="37.57139587402344" lon="127.04175567626953"><ele>4.199999809265137</ele><time>2026-09-10T12:08:24Z</time></trkpt><trkpt lat="37.57140350341797" lon="127.041748046875"><ele>4.199999809265137</ele><time>2026-09-10T12:08:25Z</time></trkpt><trkpt lat="37.5714225769043" lon="127.0417251586914"><ele>4.199999809265137</ele><time>2026-09-10T12:08:26Z</time></trkpt><trkpt lat="37.57143020629883" lon="127.04170227050781"><ele>4.199999809265137</ele><time>2026-09-10T12:08:27Z</time></trkpt><trkpt lat="37.57144546508789" lon="127.04168701171875"><ele>4.199999809265137</ele><time>2026-09-10T12:08:28Z</time></trkpt><trkpt lat="37.57145309448242" lon="127.04166412353516"><ele>4.199999809265137</ele><time>2026-09-10T12:08:29Z</time></trkpt><trkpt lat="37.57146072387695" lon="127.0416488647461"><ele>4.199999809265137</ele><time>2026-09-10T12:08:30Z</time></trkpt><trkpt lat="37.571475982666016" lon="127.0416259765625"><ele>4.199999809265137</ele><time>2026-09-10T12:08:31Z</time></trkpt><trkpt lat="37.57148361206055" lon="127.0416030883789"><ele>4.199999809265137</ele><time>2026-09-10T12:08:32Z</time></trkpt><trkpt lat="37.571495056152344" lon="127.04158020019531"><ele>4.199999809265137</ele><time>2026-09-10T12:08:33Z</time></trkpt><trkpt lat="37.57149887084961" lon="127.04156494140625"><ele>4.199999809265137</ele><time>2026-09-10T12:08:34Z</time></trkpt><trkpt lat="37.571502685546875" lon="127.04154968261719"><ele>4.199999809265137</ele><time>2026-09-10T12:08:35Z</time></trkpt><trkpt lat="37.571510314941406" lon="127.0415267944336"><ele>4.199999809265137</ele><time>2026-09-10T12:08:36Z</time></trkpt><trkpt lat="37.57151412963867" lon="127.04150390625"><ele>4.199999809265137</ele><time>2026-09-10T12:08:37Z</time></trkpt><trkpt lat="37.57151794433594" lon="127.0414810180664"><ele>4.199999809265137</ele><time>2026-09-10T12:08:38Z</time></trkpt><trkpt lat="37.57152557373047" lon="127.04146575927734"><ele>4.199999809265137</ele><time>2026-09-10T12:08:39Z</time></trkpt><trkpt lat="37.571533203125" lon="127.04145050048828"><ele>4.199999809265137</ele><time>2026-09-10T12:08:40Z</time></trkpt><trkpt lat="37.57154083251953" lon="127.04143524169922"><ele>4.199999809265137</ele><time>2026-09-10T12:08:41Z</time></trkpt><trkpt lat="37.57155227661133" lon="127.04141998291016"><ele>4.400000095367432</ele><time>2026-09-10T12:08:42Z</time></trkpt><trkpt lat="37.57155990600586" lon="127.04139709472656"><ele>4.400000095367432</ele><time>2026-09-10T12:08:43Z</time></trkpt><trkpt lat="37.57156753540039" lon="127.04137420654297"><ele>4.400000095367432</ele><time>2026-09-10T12:08:44Z</time></trkpt><trkpt lat="37.57157516479492" lon="127.04135131835938"><ele>4.199999809265137</ele><time>2026-09-10T12:08:45Z</time></trkpt><trkpt lat="37.571571350097656" lon="127.04133605957031"><ele>4.199999809265137</ele><time>2026-09-10T12:08:46Z</time></trkpt><trkpt lat="37.57157897949219" lon="127.04131317138672"><ele>4.199999809265137</ele><time>2026-09-10T12:08:47Z</time></trkpt><trkpt lat="37.571590423583984" lon="127.04129791259766"><ele>4.199999809265137</ele><time>2026-09-10T12:08:48Z</time></trkpt><trkpt lat="37.571590423583984" lon="127.0412826538086"><ele>4.199999809265137</ele><time>2026-09-10T12:08:49Z</time></trkpt><trkpt lat="37.57159423828125" lon="127.04126739501953"><ele>4.199999809265137</ele><time>2026-09-10T12:08:50Z</time></trkpt><trkpt lat="37.571598052978516" lon="127.04125213623047"><ele>4.0</ele><time>2026-09-10T12:08:51Z</time></trkpt><trkpt lat="37.57160186767578" lon="127.0412368774414"><ele>4.0</ele><time>2026-09-10T12:08:52Z</time></trkpt><trkpt lat="37.57160568237305" lon="127.04122161865234"><ele>4.0</ele><time>2026-09-10T12:08:53Z</time></trkpt><trkpt lat="37.57160949707031" lon="127.04120635986328"><ele>4.0</ele><time>2026-09-10T12:08:54Z</time></trkpt><trkpt lat="37.57162094116211" lon="127.04119110107422"><ele>4.0</ele><time>2026-09-10T12:08:55Z</time></trkpt><trkpt lat="37.57162857055664" lon="127.04117584228516"><ele>4.0</ele><time>2026-09-10T12:08:56Z</time></trkpt><trkpt lat="37.57163619995117" lon="127.04116821289062"><ele>4.0</ele><time>2026-09-10T12:08:57Z</time></trkpt><trkpt lat="37.5716438293457" lon="127.04115295410156"><ele>4.0</ele><time>2026-09-10T12:08:58Z</time></trkpt><trkpt lat="37.5716552734375" lon="127.0411376953125"><ele>4.0</ele><time>2026-09-10T12:08:59Z</time></trkpt><trkpt lat="37.57166290283203" lon="127.04112243652344"><ele>4.0</ele><time>2026-09-10T12:09:00Z</time></trkpt><trkpt lat="37.5716667175293" lon="127.0411148071289"><ele>4.0</ele><time>2026-09-10T12:09:01Z</time></trkpt><trkpt lat="37.5716667175293" lon="127.04109954833984"><ele>4.0</ele><time>2026-09-10T12:09:02Z</time></trkpt><trkpt lat="37.5716667175293" lon="127.04108428955078"><ele>4.0</ele><time>2026-09-10T12:09:03Z</time></trkpt><trkpt lat="37.57166290283203" lon="127.04107666015625"><ele>4.199999809265137</ele><time>2026-09-10T12:09:04Z</time></trkpt><trkpt lat="37.5716667175293" lon="127.04105377197266"><ele>4.199999809265137</ele><time>2026-09-10T12:09:05Z</time></trkpt><trkpt lat="37.57167434692383" lon="127.04103088378906"><ele>4.400000095367432</ele><time>2026-09-10T12:09:06Z</time></trkpt><trkpt lat="37.57167434692383" lon="127.041015625"><ele>4.400000095367432</ele><time>2026-09-10T12:09:07Z</time></trkpt><trkpt lat="37.57168197631836" lon="127.04098510742188"><ele>4.400000095367432</ele><time>2026-09-10T12:09:08Z</time></trkpt><trkpt lat="37.57168960571289" lon="127.04095458984375"><ele>4.400000095367432</ele><time>2026-09-10T12:09:09Z</time></trkpt><trkpt lat="37.571693420410156" lon="127.04092407226562"><ele>4.400000095367432</ele><time>2026-09-10T12:09:10Z</time></trkpt><trkpt lat="37.57169723510742" lon="127.0408935546875"><ele>4.400000095367432</ele><time>2026-09-10T12:09:11Z</time></trkpt><trkpt lat="37.57170486450195" lon="127.0408706665039"><ele>4.400000095367432</ele><time>2026-09-10T12:09:12Z</time></trkpt><trkpt lat="37.571712493896484" lon="127.04084777832031"><ele>4.400000095367432</ele><time>2026-09-10T12:09:13Z</time></trkpt><trkpt lat="37.57171630859375" lon="127.04083251953125"><ele>4.400000095367432</ele><time>2026-09-10T12:09:14Z</time></trkpt><trkpt lat="37.57172393798828" lon="127.04080963134766"><ele>4.400000095367432</ele><time>2026-09-10T12:09:15Z</time></trkpt><trkpt lat="37.57172775268555" lon="127.04078674316406"><ele>4.400000095367432</ele><time>2026-09-10T12:09:16Z</time></trkpt><trkpt lat="37.57172775268555" lon="127.04076385498047"><ele>4.400000095367432</ele><time>2026-09-10T12:09:17Z</time></trkpt><trkpt lat="37.57173538208008" lon="127.04073333740234"><ele>4.400000095367432</ele><time>2026-09-10T12:09:18Z</time></trkpt><trkpt lat="37.57173538208008" lon="127.04071044921875"><ele>4.400000095367432</ele><time>2026-09-10T12:09:19Z</time></trkpt><trkpt lat="37.57174301147461" lon="127.04067993164062"><ele>4.400000095367432</ele><time>2026-09-10T12:09:20Z</time></trkpt><trkpt lat="37.571746826171875" lon="127.04065704345703"><ele>4.400000095367432</ele><time>2026-09-10T12:09:21Z</time></trkpt><trkpt lat="37.571746826171875" lon="127.0406265258789"><ele>4.400000095367432</ele><time>2026-09-10T12:09:22Z</time></trkpt><trkpt lat="37.57175064086914" lon="127.04060363769531"><ele>4.400000095367432</ele><time>2026-09-10T12:09:23Z</time></trkpt><trkpt lat="37.571754455566406" lon="127.04058074951172"><ele>4.400000095367432</ele><time>2026-09-10T12:09:24Z</time></trkpt><trkpt lat="37.57176208496094" lon="127.04055786132812"><ele>4.400000095367432</ele><time>2026-09-10T12:09:25Z</time></trkpt><trkpt lat="37.57176971435547" lon="127.04053497314453"><ele>4.400000095367432</ele><time>2026-09-10T12:09:26Z</time></trkpt><trkpt lat="37.571773529052734" lon="127.0405044555664"><ele>4.400000095367432</ele><time>2026-09-10T12:09:27Z</time></trkpt><trkpt lat="37.57177734375" lon="127.04047393798828"><ele>4.199999809265137</ele><time>2026-09-10T12:09:28Z</time></trkpt><trkpt lat="37.571781158447266" lon="127.04045867919922"><ele>4.199999809265137</ele><time>2026-09-10T12:09:29Z</time></trkpt><trkpt lat="37.5717887878418" lon="127.0404281616211"><ele>4.400000095367432</ele><time>2026-09-10T12:09:30Z</time></trkpt><trkpt lat="37.57179260253906" lon="127.04041290283203"><ele>4.400000095367432</ele><time>2026-09-10T12:09:31Z</time></trkpt><trkpt lat="37.57179641723633" lon="127.04039001464844"><ele>4.400000095367432</ele><time>2026-09-10T12:09:32Z</time></trkpt><trkpt lat="37.571800231933594" lon="127.04036712646484"><ele>4.199999809265137</ele><time>2026-09-10T12:09:33Z</time></trkpt><trkpt lat="37.571800231933594" lon="127.04035186767578"><ele>4.400000095367432</ele><time>2026-09-10T12:09:34Z</time></trkpt><trkpt lat="37.571807861328125" lon="127.04032135009766"><ele>4.400000095367432</ele><time>2026-09-10T12:09:35Z</time></trkpt><trkpt lat="37.57181167602539" lon="127.04029846191406"><ele>4.400000095367432</ele><time>2026-09-10T12:09:36Z</time></trkpt><trkpt lat="37.571815490722656" lon="127.04027557373047"><ele>4.400000095367432</ele><time>2026-09-10T12:09:37Z</time></trkpt><trkpt lat="37.57182693481445" lon="127.04023742675781"><ele>4.400000095367432</ele><time>2026-09-10T12:09:38Z</time></trkpt><trkpt lat="37.57183074951172" lon="127.04021453857422"><ele>4.400000095367432</ele><time>2026-09-10T12:09:39Z</time></trkpt><trkpt lat="37.571834564208984" lon="127.0401840209961"><ele>4.400000095367432</ele><time>2026-09-10T12:09:40Z</time></trkpt><trkpt lat="37.57183837890625" lon="127.0401611328125"><ele>4.400000095367432</ele><time>2026-09-10T12:09:41Z</time></trkpt><trkpt lat="37.571842193603516" lon="127.0401382446289"><ele>4.400000095367432</ele><time>2026-09-10T12:09:42Z</time></trkpt><trkpt lat="37.57184600830078" lon="127.04011535644531"><ele>4.400000095367432</ele><time>2026-09-10T12:09:43Z</time></trkpt><trkpt lat="37.57184600830078" lon="127.04009246826172"><ele>4.400000095367432</ele><time>2026-09-10T12:09:44Z</time></trkpt><trkpt lat="37.57184982299805" lon="127.04006958007812"><ele>4.400000095367432</ele><time>2026-09-10T12:09:45Z</time></trkpt><trkpt lat="37.57184982299805" lon="127.04004669189453"><ele>4.400000095367432</ele><time>2026-09-10T12:09:46Z</time></trkpt><trkpt lat="37.57184982299805" lon="127.04003143310547"><ele>4.400000095367432</ele><time>2026-09-10T12:09:47Z</time></trkpt><trkpt lat="37.57185363769531" lon="127.04000854492188"><ele>4.400000095367432</ele><time>2026-09-10T12:09:48Z</time></trkpt><trkpt lat="37.57185363769531" lon="127.03999328613281"><ele>4.400000095367432</ele><time>2026-09-10T12:09:49Z</time></trkpt><trkpt lat="37.57185363769531" lon="127.03997039794922"><ele>4.400000095367432</ele><time>2026-09-10T12:09:50Z</time></trkpt><trkpt lat="37.57185745239258" lon="127.03994750976562"><ele>4.199999809265137</ele><time>2026-09-10T12:09:51Z</time></trkpt><trkpt lat="37.57185745239258" lon="127.0399169921875"><ele>4.199999809265137</ele><time>2026-09-10T12:09:52Z</time></trkpt><trkpt lat="37.57185745239258" lon="127.0398941040039"><ele>4.199999809265137</ele><time>2026-09-10T12:09:53Z</time></trkpt><trkpt lat="37.57185363769531" lon="127.03987121582031"><ele>4.199999809265137</ele><time>2026-09-10T12:09:54Z</time></trkpt><trkpt lat="37.57185745239258" lon="127.03984832763672"><ele>4.199999809265137</ele><time>2026-09-10T12:09:55Z</time></trkpt><trkpt lat="37.57185363769531" lon="127.03982543945312"><ele>4.199999809265137</ele><time>2026-09-10T12:09:56Z</time></trkpt><trkpt lat="37.57185745239258" lon="127.03981018066406"><ele>4.199999809265137</ele><time>2026-09-10T12:09:57Z</time></trkpt><trkpt lat="37.571861267089844" lon="127.03978729248047"><ele>4.400000095367432</ele><time>2026-09-10T12:09:58Z</time></trkpt><trkpt lat="37.57185745239258" lon="127.03976440429688"><ele>4.400000095367432</ele><time>2026-09-10T12:09:59Z</time></trkpt><trkpt lat="37.57185745239258" lon="127.03973388671875"><ele>4.400000095367432</ele><time>2026-09-10T12:10:00Z</time></trkpt><trkpt lat="37.57185363769531" lon="127.03971862792969"><ele>4.400000095367432</ele><time>2026-09-10T12:10:01Z</time></trkpt><trkpt lat="37.571861267089844" lon="127.03968811035156"><ele>4.400000095367432</ele><time>2026-09-10T12:10:02Z</time></trkpt><trkpt lat="37.571861267089844" lon="127.03966522216797"><ele>4.400000095367432</ele><time>2026-09-10T12:10:03Z</time></trkpt><trkpt lat="37.571861267089844" lon="127.03964233398438"><ele>4.400000095367432</ele><time>2026-09-10T12:10:04Z</time></trkpt><trkpt lat="37.57185745239258" lon="127.03961944580078"><ele>4.400000095367432</ele><time>2026-09-10T12:10:05Z</time></trkpt><trkpt lat="37.57185363769531" lon="127.03959655761719"><ele>4.400000095367432</ele><time>2026-09-10T12:10:06Z</time></trkpt><trkpt lat="37.57185363769531" lon="127.0395736694336"><ele>4.400000095367432</ele><time>2026-09-10T12:10:07Z</time></trkpt><trkpt lat="37.57185363769531" lon="127.03955078125"><ele>4.400000095367432</ele><time>2026-09-10T12:10:08Z</time></trkpt><trkpt lat="37.57185363769531" lon="127.03953552246094"><ele>4.400000095367432</ele><time>2026-09-10T12:10:09Z</time></trkpt><trkpt lat="37.57185363769531" lon="127.03951263427734"><ele>4.400000095367432</ele><time>2026-09-10T12:10:10Z</time></trkpt><trkpt lat="37.57184982299805" lon="127.03948974609375"><ele>4.400000095367432</ele><time>2026-09-10T12:10:11Z</time></trkpt><trkpt lat="37.57184982299805" lon="127.03946685791016"><ele>4.400000095367432</ele><time>2026-09-10T12:10:12Z</time></trkpt><trkpt lat="37.57184982299805" lon="127.03944396972656"><ele>4.400000095367432</ele><time>2026-09-10T12:10:13Z</time></trkpt><trkpt lat="37.57185363769531" lon="127.03942108154297"><ele>4.400000095367432</ele><time>2026-09-10T12:10:14Z</time></trkpt><trkpt lat="37.571861267089844" lon="127.03939819335938"><ele>4.400000095367432</ele><time>2026-09-10T12:10:15Z</time></trkpt><trkpt lat="37.57186508178711" lon="127.03937530517578"><ele>4.400000095367432</ele><time>2026-09-10T12:10:16Z</time></trkpt><trkpt lat="37.57186508178711" lon="127.03935241699219"><ele>4.400000095367432</ele><time>2026-09-10T12:10:17Z</time></trkpt><trkpt lat="37.571868896484375" lon="127.0393295288086"><ele>4.400000095367432</ele><time>2026-09-10T12:10:18Z</time></trkpt><trkpt lat="37.57187271118164" lon="127.03929901123047"><ele>4.400000095367432</ele><time>2026-09-10T12:10:19Z</time></trkpt><trkpt lat="37.571876525878906" lon="127.03927612304688"><ele>4.400000095367432</ele><time>2026-09-10T12:10:20Z</time></trkpt><trkpt lat="37.57188415527344" lon="127.03924560546875"><ele>4.400000095367432</ele><time>2026-09-10T12:10:21Z</time></trkpt><trkpt lat="37.5718879699707" lon="127.03921508789062"><ele>4.400000095367432</ele><time>2026-09-10T12:10:22Z</time></trkpt><trkpt lat="37.5718879699707" lon="127.03919219970703"><ele>4.400000095367432</ele><time>2026-09-10T12:10:23Z</time></trkpt><trkpt lat="37.571895599365234" lon="127.03915405273438"><ele>4.400000095367432</ele><time>2026-09-10T12:10:24Z</time></trkpt><trkpt lat="37.5718994140625" lon="127.03913116455078"><ele>4.400000095367432</ele><time>2026-09-10T12:10:25Z</time></trkpt><trkpt lat="37.571903228759766" lon="127.03910064697266"><ele>4.400000095367432</ele><time>2026-09-10T12:10:26Z</time></trkpt><trkpt lat="37.5719108581543" lon="127.03907775878906"><ele>4.400000095367432</ele><time>2026-09-10T12:10:27Z</time></trkpt><trkpt lat="37.57191848754883" lon="127.03904724121094"><ele>4.400000095367432</ele><time>2026-09-10T12:10:28Z</time></trkpt><trkpt lat="37.57192611694336" lon="127.03902435302734"><ele>4.599999904632568</ele><time>2026-09-10T12:10:29Z</time></trkpt><trkpt lat="37.571929931640625" lon="127.03899383544922"><ele>4.599999904632568</ele><time>2026-09-10T12:10:30Z</time></trkpt><trkpt lat="37.57194137573242" lon="127.03897094726562"><ele>4.400000095367432</ele><time>2026-09-10T12:10:31Z</time></trkpt><trkpt lat="37.57194137573242" lon="127.0389404296875"><ele>4.400000095367432</ele><time>2026-09-10T12:10:32Z</time></trkpt><trkpt lat="37.57194900512695" lon="127.03890991210938"><ele>4.400000095367432</ele><time>2026-09-10T12:10:33Z</time></trkpt><trkpt lat="37.57194900512695" lon="127.03889465332031"><ele>4.400000095367432</ele><time>2026-09-10T12:10:34Z</time></trkpt><trkpt lat="37.57195281982422" lon="127.03886413574219"><ele>4.400000095367432</ele><time>2026-09-10T12:10:35Z</time></trkpt><trkpt lat="37.571956634521484" lon="127.0388412475586"><ele>4.599999904632568</ele><time>2026-09-10T12:10:36Z</time></trkpt><trkpt lat="37.57196044921875" lon="127.038818359375"><ele>4.599999904632568</ele><time>2026-09-10T12:10:37Z</time></trkpt><trkpt lat="37.57196807861328" lon="127.0387954711914"><ele>4.599999904632568</ele><time>2026-09-10T12:10:38Z</time></trkpt><trkpt lat="37.57196807861328" lon="127.03877258300781"><ele>4.599999904632568</ele><time>2026-09-10T12:10:39Z</time></trkpt><trkpt lat="37.57197189331055" lon="127.03874206542969"><ele>4.599999904632568</ele><time>2026-09-10T12:10:40Z</time></trkpt><trkpt lat="37.57197570800781" lon="127.03872680664062"><ele>4.599999904632568</ele><time>2026-09-10T12:10:41Z</time></trkpt><trkpt lat="37.57197570800781" lon="127.03868865966797"><ele>4.599999904632568</ele><time>2026-09-10T12:10:42Z</time></trkpt><trkpt lat="37.571983337402344" lon="127.03865814208984"><ele>4.599999904632568</ele><time>2026-09-10T12:10:43Z</time></trkpt><trkpt lat="37.571983337402344" lon="127.03862762451172"><ele>4.800000190734863</ele><time>2026-09-10T12:10:44Z</time></trkpt><trkpt lat="37.571990966796875" lon="127.0385971069336"><ele>4.800000190734863</ele><time>2026-09-10T12:10:45Z</time></trkpt><trkpt lat="37.571990966796875" lon="127.03856658935547"><ele>4.800000190734863</ele><time>2026-09-10T12:10:46Z</time></trkpt><trkpt lat="37.571998596191406" lon="127.03853607177734"><ele>4.800000190734863</ele><time>2026-09-10T12:10:47Z</time></trkpt><trkpt lat="37.57199478149414" lon="127.03852081298828"><ele>4.800000190734863</ele><time>2026-09-10T12:10:48Z</time></trkpt><trkpt lat="37.571998596191406" lon="127.03849029541016"><ele>4.800000190734863</ele><time>2026-09-10T12:10:49Z</time></trkpt><trkpt lat="37.57200241088867" lon="127.03846740722656"><ele>4.800000190734863</ele><time>2026-09-10T12:10:50Z</time></trkpt><trkpt lat="37.57200622558594" lon="127.03843688964844"><ele>4.800000190734863</ele><time>2026-09-10T12:10:51Z</time></trkpt><trkpt lat="37.57200622558594" lon="127.03840637207031"><ele>4.800000190734863</ele><time>2026-09-10T12:10:52Z</time></trkpt><trkpt lat="37.57200241088867" lon="127.03839111328125"><ele>4.800000190734863</ele><time>2026-09-10T12:10:53Z</time></trkpt><trkpt lat="37.57200241088867" lon="127.03836059570312"><ele>4.800000190734863</ele><time>2026-09-10T12:10:54Z</time></trkpt><trkpt lat="37.57200622558594" lon="127.03833770751953"><ele>4.800000190734863</ele><time>2026-09-10T12:10:55Z</time></trkpt><trkpt lat="37.57201385498047" lon="127.0383071899414"><ele>4.800000190734863</ele><time>2026-09-10T12:10:56Z</time></trkpt><trkpt lat="37.572021484375" lon="127.03828430175781"><ele>4.800000190734863</ele><time>2026-09-10T12:10:57Z</time></trkpt><trkpt lat="37.572025299072266" lon="127.03826141357422"><ele>4.800000190734863</ele><time>2026-09-10T12:10:58Z</time></trkpt><trkpt lat="37.5720329284668" lon="127.0382308959961"><ele>4.800000190734863</ele><time>2026-09-10T12:10:59Z</time></trkpt><trkpt lat="37.5720329284668" lon="127.0382080078125"><ele>4.599999904632568</ele><time>2026-09-10T12:11:00Z</time></trkpt><trkpt lat="37.57203674316406" lon="127.03817749023438"><ele>4.599999904632568</ele><time>2026-09-10T12:11:01Z</time></trkpt><trkpt lat="37.57203674316406" lon="127.03814697265625"><ele>4.599999904632568</ele><time>2026-09-10T12:11:02Z</time></trkpt><trkpt lat="37.57204055786133" lon="127.03812408447266"><ele>4.599999904632568</ele><time>2026-09-10T12:11:03Z</time></trkpt><trkpt lat="37.572044372558594" lon="127.03810119628906"><ele>4.599999904632568</ele><time>2026-09-10T12:11:04Z</time></trkpt><trkpt lat="37.5720329284668" lon="127.03807830810547"><ele>4.599999904632568</ele><time>2026-09-10T12:11:05Z</time></trkpt><trkpt lat="37.572052001953125" lon="127.03807067871094"><ele>4.599999904632568</ele><time>2026-09-10T12:11:06Z</time></trkpt><trkpt lat="37.572052001953125" lon="127.03804779052734"><ele>4.599999904632568</ele><time>2026-09-10T12:11:07Z</time></trkpt><trkpt lat="37.57205581665039" lon="127.03803253173828"><ele>4.599999904632568</ele><time>2026-09-10T12:11:08Z</time></trkpt><trkpt lat="37.572059631347656" lon="127.03801727294922"><ele>4.599999904632568</ele><time>2026-09-10T12:11:09Z</time></trkpt><trkpt lat="37.57205581665039" lon="127.03800201416016"><ele>4.599999904632568</ele><time>2026-09-10T12:11:10Z</time></trkpt><trkpt lat="37.57205581665039" lon="127.03797912597656"><ele>4.400000095367432</ele><time>2026-09-10T12:11:11Z</time></trkpt><trkpt lat="37.572059631347656" lon="127.03795623779297"><ele>4.599999904632568</ele><time>2026-09-10T12:11:12Z</time></trkpt><trkpt lat="37.57206344604492" lon="127.03791809082031"><ele>4.599999904632568</ele><time>2026-09-10T12:11:13Z</time></trkpt><trkpt lat="37.57207107543945" lon="127.03788757324219"><ele>4.599999904632568</ele><time>2026-09-10T12:11:14Z</time></trkpt><trkpt lat="37.57207489013672" lon="127.03785705566406"><ele>4.599999904632568</ele><time>2026-09-10T12:11:15Z</time></trkpt><trkpt lat="37.572078704833984" lon="127.03782653808594"><ele>4.599999904632568</ele><time>2026-09-10T12:11:16Z</time></trkpt><trkpt lat="37.572086334228516" lon="127.03778839111328"><ele>4.599999904632568</ele><time>2026-09-10T12:11:17Z</time></trkpt><trkpt lat="37.57209014892578" lon="127.03775787353516"><ele>4.599999904632568</ele><time>2026-09-10T12:11:18Z</time></trkpt><trkpt lat="37.57210159301758" lon="127.03771209716797"><ele>4.599999904632568</ele><time>2026-09-10T12:11:19Z</time></trkpt><trkpt lat="37.57209396362305" lon="127.03768157958984"><ele>4.599999904632568</ele><time>2026-09-10T12:11:20Z</time></trkpt><trkpt lat="37.57209777832031" lon="127.03765106201172"><ele>4.599999904632568</ele><time>2026-09-10T12:11:21Z</time></trkpt><trkpt lat="37.57209777832031" lon="127.03762817382812"><ele>4.599999904632568</ele><time>2026-09-10T12:11:22Z</time></trkpt><trkpt lat="37.57206726074219" lon="127.03759765625"><ele>4.599999904632568</ele><time>2026-09-10T12:11:23Z</time></trkpt><trkpt lat="37.57205581665039" lon="127.03756713867188"><ele>4.599999904632568</ele><time>2026-09-10T12:11:24Z</time></trkpt><trkpt lat="37.572052001953125" lon="127.03754425048828"><ele>4.599999904632568</ele><time>2026-09-10T12:11:25Z</time></trkpt><trkpt lat="37.572052001953125" lon="127.03751373291016"><ele>4.599999904632568</ele><time>2026-09-10T12:11:26Z</time></trkpt><trkpt lat="37.57204818725586" lon="127.0374984741211"><ele>4.599999904632568</ele><time>2026-09-10T12:11:27Z</time></trkpt><trkpt lat="37.57204818725586" lon="127.0374755859375"><ele>4.599999904632568</ele><time>2026-09-10T12:11:28Z</time></trkpt><trkpt lat="37.572044372558594" lon="127.0374526977539"><ele>4.599999904632568</ele><time>2026-09-10T12:11:29Z</time></trkpt><trkpt lat="37.57204818725586" lon="127.03743743896484"><ele>4.599999904632568</ele><time>2026-09-10T12:11:30Z</time></trkpt><trkpt lat="37.57204818725586" lon="127.03742218017578"><ele>4.599999904632568</ele><time>2026-09-10T12:11:31Z</time></trkpt><trkpt lat="37.57204818725586" lon="127.03739929199219"><ele>4.599999904632568</ele><time>2026-09-10T12:11:32Z</time></trkpt><trkpt lat="37.57204818725586" lon="127.0373764038086"><ele>4.599999904632568</ele><time>2026-09-10T12:11:33Z</time></trkpt><trkpt lat="37.57204818725586" lon="127.037353515625"><ele>4.599999904632568</ele><time>2026-09-10T12:11:34Z</time></trkpt><trkpt lat="37.572044372558594" lon="127.0373306274414"><ele>4.599999904632568</ele><time>2026-09-10T12:11:35Z</time></trkpt><trkpt lat="37.572044372558594" lon="127.03730010986328"><ele>4.599999904632568</ele><time>2026-09-10T12:11:36Z</time></trkpt><trkpt lat="37.57204055786133" lon="127.03727722167969"><ele>4.599999904632568</ele><time>2026-09-10T12:11:37Z</time></trkpt><trkpt lat="37.57204055786133" lon="127.03724670410156"><ele>4.599999904632568</ele><time>2026-09-10T12:11:38Z</time></trkpt><trkpt lat="37.57203674316406" lon="127.03722381591797"><ele>4.599999904632568</ele><time>2026-09-10T12:11:39Z</time></trkpt><trkpt lat="37.5720329284668" lon="127.03720092773438"><ele>4.599999904632568</ele><time>2026-09-10T12:11:40Z</time></trkpt><trkpt lat="37.57202911376953" lon="127.03717803955078"><ele>4.599999904632568</ele><time>2026-09-10T12:11:41Z</time></trkpt><trkpt lat="37.572025299072266" lon="127.03714752197266"><ele>4.599999904632568</ele><time>2026-09-10T12:11:42Z</time></trkpt><trkpt lat="37.572025299072266" lon="127.03712463378906"><ele>4.599999904632568</ele><time>2026-09-10T12:11:43Z</time></trkpt><trkpt lat="37.572021484375" lon="127.03710174560547"><ele>4.599999904632568</ele><time>2026-09-10T12:11:44Z</time></trkpt><trkpt lat="37.572021484375" lon="127.03707885742188"><ele>4.599999904632568</ele><time>2026-09-10T12:11:45Z</time></trkpt><trkpt lat="37.572025299072266" lon="127.03705596923828"><ele>4.800000190734863</ele><time>2026-09-10T12:11:46Z</time></trkpt><trkpt lat="37.572021484375" lon="127.03702545166016"><ele>4.800000190734863</ele><time>2026-09-10T12:11:47Z</time></trkpt><trkpt lat="37.572021484375" lon="127.03700256347656"><ele>4.800000190734863</ele><time>2026-09-10T12:11:48Z</time></trkpt><trkpt lat="37.572021484375" lon="127.03697204589844"><ele>4.800000190734863</ele><time>2026-09-10T12:11:49Z</time></trkpt><trkpt lat="37.572017669677734" lon="127.03694915771484"><ele>4.800000190734863</ele><time>2026-09-10T12:11:50Z</time></trkpt><trkpt lat="37.57201385498047" lon="127.03691864013672"><ele>4.800000190734863</ele><time>2026-09-10T12:11:51Z</time></trkpt><trkpt lat="37.57201385498047" lon="127.03689575195312"><ele>4.599999904632568</ele><time>2026-09-10T12:11:52Z</time></trkpt><trkpt lat="37.5720100402832" lon="127.03687286376953"><ele>4.599999904632568</ele><time>2026-09-10T12:11:53Z</time></trkpt><trkpt lat="37.57200622558594" lon="127.03684997558594"><ele>4.599999904632568</ele><time>2026-09-10T12:11:54Z</time></trkpt><trkpt lat="37.57200622558594" lon="127.03682708740234"><ele>4.599999904632568</ele><time>2026-09-10T12:11:55Z</time></trkpt><trkpt lat="37.5720100402832" lon="127.03679656982422"><ele>4.599999904632568</ele><time>2026-09-10T12:11:56Z</time></trkpt><trkpt lat="37.5720100402832" lon="127.03677368164062"><ele>4.599999904632568</ele><time>2026-09-10T12:11:57Z</time></trkpt><trkpt lat="37.5720100402832" lon="127.0367431640625"><ele>4.599999904632568</ele><time>2026-09-10T12:11:58Z</time></trkpt><trkpt lat="37.57201385498047" lon="127.03671264648438"><ele>4.599999904632568</ele><time>2026-09-10T12:11:59Z</time></trkpt><trkpt lat="37.57201385498047" lon="127.03668975830078"><ele>4.599999904632568</ele><time>2026-09-10T12:12:00Z</time></trkpt><trkpt lat="37.57201385498047" lon="127.03665924072266"><ele>4.599999904632568</ele><time>2026-09-10T12:12:01Z</time></trkpt><trkpt lat="37.57201385498047" lon="127.03663635253906"><ele>4.599999904632568</ele><time>2026-09-10T12:12:02Z</time></trkpt><trkpt lat="37.57201385498047" lon="127.03660583496094"><ele>4.599999904632568</ele><time>2026-09-10T12:12:03Z</time></trkpt><trkpt lat="37.57201385498047" lon="127.03659057617188"><ele>4.599999904632568</ele><time>2026-09-10T12:12:04Z</time></trkpt><trkpt lat="37.5720100402832" lon="127.03656005859375"><ele>4.599999904632568</ele><time>2026-09-10T12:12:05Z</time></trkpt><trkpt lat="37.57200241088867" lon="127.03653717041016"><ele>4.599999904632568</ele><time>2026-09-10T12:12:06Z</time></trkpt><trkpt lat="37.571998596191406" lon="127.03651428222656"><ele>4.400000095367432</ele><time>2026-09-10T12:12:07Z</time></trkpt><trkpt lat="37.571990966796875" lon="127.03649139404297"><ele>4.400000095367432</ele><time>2026-09-10T12:12:08Z</time></trkpt><trkpt lat="37.57198715209961" lon="127.0364761352539"><ele>4.400000095367432</ele><time>2026-09-10T12:12:09Z</time></trkpt><trkpt lat="37.571983337402344" lon="127.03645324707031"><ele>4.400000095367432</ele><time>2026-09-10T12:12:10Z</time></trkpt><trkpt lat="37.57197570800781" lon="127.03643035888672"><ele>4.400000095367432</ele><time>2026-09-10T12:12:11Z</time></trkpt><trkpt lat="37.57196807861328" lon="127.03640747070312"><ele>4.400000095367432</ele><time>2026-09-10T12:12:12Z</time></trkpt><trkpt lat="37.57196044921875" lon="127.03638458251953"><ele>4.400000095367432</ele><time>2026-09-10T12:12:13Z</time></trkpt><trkpt lat="37.57195281982422" lon="127.03636932373047"><ele>4.400000095367432</ele><time>2026-09-10T12:12:14Z</time></trkpt><trkpt lat="37.57194519042969" lon="127.03633880615234"><ele>4.400000095367432</ele><time>2026-09-10T12:12:15Z</time></trkpt><trkpt lat="37.57194137573242" lon="127.03631591796875"><ele>4.400000095367432</ele><time>2026-09-10T12:12:16Z</time></trkpt><trkpt lat="37.57193374633789" lon="127.03629302978516"><ele>4.400000095367432</ele><time>2026-09-10T12:12:17Z</time></trkpt><trkpt lat="37.571929931640625" lon="127.03627014160156"><ele>4.400000095367432</ele><time>2026-09-10T12:12:18Z</time></trkpt><trkpt lat="37.57192611694336" lon="127.03623962402344"><ele>4.400000095367432</ele><time>2026-09-10T12:12:19Z</time></trkpt><trkpt lat="37.57192611694336" lon="127.03621673583984"><ele>4.400000095367432</ele><time>2026-09-10T12:12:20Z</time></trkpt><trkpt lat="37.571922302246094" lon="127.03618621826172"><ele>4.400000095367432</ele><time>2026-09-10T12:12:21Z</time></trkpt><trkpt lat="37.57191467285156" lon="127.03616333007812"><ele>4.400000095367432</ele><time>2026-09-10T12:12:22Z</time></trkpt><trkpt lat="37.5719108581543" lon="127.03614044189453"><ele>4.400000095367432</ele><time>2026-09-10T12:12:23Z</time></trkpt><trkpt lat="37.57190704345703" lon="127.0361099243164"><ele>4.400000095367432</ele><time>2026-09-10T12:12:24Z</time></trkpt><trkpt lat="37.5718994140625" lon="127.03608703613281"><ele>4.599999904632568</ele><time>2026-09-10T12:12:25Z</time></trkpt><trkpt lat="37.57188415527344" lon="127.03594970703125"><ele>6.199999809265137</ele><time>2026-09-10T12:13:58Z</time></trkpt><trkpt lat="37.57188415527344" lon="127.03593444824219"><ele>6.199999809265137</ele><time>2026-09-10T12:13:59Z</time></trkpt><trkpt lat="37.5718879699707" lon="127.03591918945312"><ele>6.0</ele><time>2026-09-10T12:14:00Z</time></trkpt><trkpt lat="37.5718879699707" lon="127.03589630126953"><ele>6.0</ele><time>2026-09-10T12:14:01Z</time></trkpt><trkpt lat="37.5718879699707" lon="127.03587341308594"><ele>6.0</ele><time>2026-09-10T12:14:02Z</time></trkpt><trkpt lat="37.5718879699707" lon="127.03584289550781"><ele>5.800000190734863</ele><time>2026-09-10T12:14:03Z</time></trkpt><trkpt lat="37.57188415527344" lon="127.03582000732422"><ele>5.800000190734863</ele><time>2026-09-10T12:14:04Z</time></trkpt><trkpt lat="37.57188034057617" lon="127.03579711914062"><ele>5.800000190734863</ele><time>2026-09-10T12:14:05Z</time></trkpt><trkpt lat="37.57186508178711" lon="127.03577423095703"><ele>6.0</ele><time>2026-09-10T12:14:06Z</time></trkpt><trkpt lat="37.571861267089844" lon="127.03575134277344"><ele>6.0</ele><time>2026-09-10T12:14:07Z</time></trkpt><trkpt lat="37.57184982299805" lon="127.03572082519531"><ele>6.0</ele><time>2026-09-10T12:14:08Z</time></trkpt><trkpt lat="37.57184600830078" lon="127.03569793701172"><ele>6.0</ele><time>2026-09-10T12:14:09Z</time></trkpt><trkpt lat="37.57183837890625" lon="127.03567504882812"><ele>6.0</ele><time>2026-09-10T12:14:10Z</time></trkpt><trkpt lat="37.57182693481445" lon="127.03565216064453"><ele>6.0</ele><time>2026-09-10T12:14:11Z</time></trkpt><trkpt lat="37.57181930541992" lon="127.03562927246094"><ele>6.0</ele><time>2026-09-10T12:14:12Z</time></trkpt><trkpt lat="37.571807861328125" lon="127.03560638427734"><ele>6.0</ele><time>2026-09-10T12:14:13Z</time></trkpt><trkpt lat="37.57179641723633" lon="127.03559112548828"><ele>6.0</ele><time>2026-09-10T12:14:14Z</time></trkpt><trkpt lat="37.57178497314453" lon="127.03556823730469"><ele>6.0</ele><time>2026-09-10T12:14:15Z</time></trkpt><trkpt lat="37.571781158447266" lon="127.03555297851562"><ele>6.0</ele><time>2026-09-10T12:14:16Z</time></trkpt><trkpt lat="37.571773529052734" lon="127.0355224609375"><ele>6.0</ele><time>2026-09-10T12:14:17Z</time></trkpt><trkpt lat="37.5717658996582" lon="127.0354995727539"><ele>6.0</ele><time>2026-09-10T12:14:18Z</time></trkpt><trkpt lat="37.57175827026367" lon="127.03547668457031"><ele>6.0</ele><time>2026-09-10T12:14:19Z</time></trkpt><trkpt lat="37.571754455566406" lon="127.03545379638672"><ele>6.199999809265137</ele><time>2026-09-10T12:14:20Z</time></trkpt><trkpt lat="37.571746826171875" lon="127.03543090820312"><ele>6.199999809265137</ele><time>2026-09-10T12:14:21Z</time></trkpt><trkpt lat="37.571739196777344" lon="127.03540802001953"><ele>6.199999809265137</ele><time>2026-09-10T12:14:22Z</time></trkpt><trkpt lat="37.57173156738281" lon="127.03539276123047"><ele>6.199999809265137</ele><time>2026-09-10T12:14:23Z</time></trkpt><trkpt lat="37.57172775268555" lon="127.03536987304688"><ele>6.199999809265137</ele><time>2026-09-10T12:14:24Z</time></trkpt><trkpt lat="37.571720123291016" lon="127.03535461425781"><ele>6.199999809265137</ele><time>2026-09-10T12:14:25Z</time></trkpt><trkpt lat="37.57171630859375" lon="127.03533172607422"><ele>6.199999809265137</ele><time>2026-09-10T12:14:26Z</time></trkpt><trkpt lat="37.57170867919922" lon="127.03530883789062"><ele>6.400000095367432</ele><time>2026-09-10T12:14:27Z</time></trkpt><trkpt lat="37.57170104980469" lon="127.03528594970703"><ele>6.400000095367432</ele><time>2026-09-10T12:14:28Z</time></trkpt><trkpt lat="37.57168960571289" lon="127.03526306152344"><ele>6.400000095367432</ele><time>2026-09-10T12:14:29Z</time></trkpt><trkpt lat="37.57168197631836" lon="127.03524780273438"><ele>6.400000095367432</ele><time>2026-09-10T12:14:30Z</time></trkpt><trkpt lat="37.57167053222656" lon="127.03521728515625"><ele>6.400000095367432</ele><time>2026-09-10T12:14:31Z</time></trkpt><trkpt lat="37.5716667175293" lon="127.03518676757812"><ele>6.400000095367432</ele><time>2026-09-10T12:14:32Z</time></trkpt><trkpt lat="37.571659088134766" lon="127.03516387939453"><ele>6.400000095367432</ele><time>2026-09-10T12:14:33Z</time></trkpt><trkpt lat="37.57164764404297" lon="127.03514099121094"><ele>6.400000095367432</ele><time>2026-09-10T12:14:34Z</time></trkpt><trkpt lat="37.57163619995117" lon="127.03511810302734"><ele>6.400000095367432</ele><time>2026-09-10T12:14:35Z</time></trkpt><trkpt lat="37.57162094116211" lon="127.03509521484375"><ele>6.599999904632568</ele><time>2026-09-10T12:14:36Z</time></trkpt><trkpt lat="37.57160568237305" lon="127.03507232666016"><ele>6.599999904632568</ele><time>2026-09-10T12:14:37Z</time></trkpt><trkpt lat="37.571590423583984" lon="127.03504943847656"><ele>6.599999904632568</ele><time>2026-09-10T12:14:38Z</time></trkpt><trkpt lat="37.571598052978516" lon="127.03502655029297"><ele>6.599999904632568</ele><time>2026-09-10T12:14:39Z</time></trkpt><trkpt lat="37.57159423828125" lon="127.03499603271484"><ele>6.599999904632568</ele><time>2026-09-10T12:14:40Z</time></trkpt><trkpt lat="37.57159423828125" lon="127.03497314453125"><ele>6.599999904632568</ele><time>2026-09-10T12:14:41Z</time></trkpt><trkpt lat="37.571590423583984" lon="127.03495788574219"><ele>6.599999904632568</ele><time>2026-09-10T12:14:42Z</time></trkpt><trkpt lat="37.57158660888672" lon="127.0349349975586"><ele>6.599999904632568</ele><time>2026-09-10T12:14:43Z</time></trkpt><trkpt lat="37.57157516479492" lon="127.03491973876953"><ele>6.599999904632568</ele><time>2026-09-10T12:14:44Z</time></trkpt><trkpt lat="37.571563720703125" lon="127.03490447998047"><ele>6.800000190734863</ele><time>2026-09-10T12:14:45Z</time></trkpt><trkpt lat="37.57154846191406" lon="127.0348892211914"><ele>6.800000190734863</ele><time>2026-09-10T12:14:46Z</time></trkpt><trkpt lat="37.571537017822266" lon="127.03487396240234"><ele>6.800000190734863</ele><time>2026-09-10T12:14:47Z</time></trkpt><trkpt lat="37.571529388427734" lon="127.03486633300781"><ele>6.599999904632568</ele><time>2026-09-10T12:14:48Z</time></trkpt><trkpt lat="37.57151794433594" lon="127.03485870361328"><ele>6.599999904632568</ele><time>2026-09-10T12:14:49Z</time></trkpt><trkpt lat="37.57150650024414" lon="127.03485107421875"><ele>6.599999904632568</ele><time>2026-09-10T12:14:50Z</time></trkpt><trkpt lat="37.571495056152344" lon="127.03485107421875"><ele>6.599999904632568</ele><time>2026-09-10T12:14:51Z</time></trkpt><trkpt lat="37.57148742675781" lon="127.03484344482422"><ele>6.599999904632568</ele><time>2026-09-10T12:14:52Z</time></trkpt><trkpt lat="37.57150650024414" lon="127.03483581542969"><ele>6.599999904632568</ele><time>2026-09-10T12:14:53Z</time></trkpt><trkpt lat="37.57149887084961" lon="127.03482818603516"><ele>6.599999904632568</ele><time>2026-09-10T12:14:54Z</time></trkpt><trkpt lat="37.57148742675781" lon="127.03482055664062"><ele>6.599999904632568</ele><time>2026-09-10T12:14:55Z</time></trkpt><trkpt lat="37.57147979736328" lon="127.03479766845703"><ele>6.599999904632568</ele><time>2026-09-10T12:14:56Z</time></trkpt><trkpt lat="37.57146453857422" lon="127.03475952148438"><ele>6.800000190734863</ele><time>2026-09-10T12:14:57Z</time></trkpt><trkpt lat="37.57145309448242" lon="127.03472137451172"><ele>6.800000190734863</ele><time>2026-09-10T12:14:58Z</time></trkpt><trkpt lat="37.571434020996094" lon="127.0346908569336"><ele>6.800000190734863</ele><time>2026-09-10T12:14:59Z</time></trkpt><trkpt lat="37.57141876220703" lon="127.03465270996094"><ele>6.800000190734863</ele><time>2026-09-10T12:15:00Z</time></trkpt><trkpt lat="37.57140350341797" lon="127.03462982177734"><ele>6.800000190734863</ele><time>2026-09-10T12:15:01Z</time></trkpt><trkpt lat="37.571388244628906" lon="127.03460693359375"><ele>6.800000190734863</ele><time>2026-09-10T12:15:02Z</time></trkpt><trkpt lat="37.571372985839844" lon="127.03459167480469"><ele>6.800000190734863</ele><time>2026-09-10T12:15:03Z</time></trkpt><trkpt lat="37.57135772705078" lon="127.0345687866211"><ele>6.800000190734863</ele><time>2026-09-10T12:15:04Z</time></trkpt><trkpt lat="37.571346282958984" lon="127.03455352783203"><ele>6.800000190734863</ele><time>2026-09-10T12:15:05Z</time></trkpt><trkpt lat="37.57133102416992" lon="127.03453063964844"><ele>6.800000190734863</ele><time>2026-09-10T12:15:06Z</time></trkpt><trkpt lat="37.571319580078125" lon="127.03451538085938"><ele>6.800000190734863</ele><time>2026-09-10T12:15:07Z</time></trkpt><trkpt lat="37.57130813598633" lon="127.03449249267578"><ele>6.800000190734863</ele><time>2026-09-10T12:15:08Z</time></trkpt><trkpt lat="37.571292877197266" lon="127.03447723388672"><ele>6.800000190734863</ele><time>2026-09-10T12:15:09Z</time></trkpt><trkpt lat="37.5712776184082" lon="127.03445434570312"><ele>7.0</ele><time>2026-09-10T12:15:10Z</time></trkpt><trkpt lat="37.57126235961914" lon="127.03443908691406"><ele>7.0</ele><time>2026-09-10T12:15:11Z</time></trkpt><trkpt lat="37.57124710083008" lon="127.034423828125"><ele>7.0</ele><time>2026-09-10T12:15:12Z</time></trkpt><trkpt lat="37.571231842041016" lon="127.0344009399414"><ele>7.0</ele><time>2026-09-10T12:15:13Z</time></trkpt><trkpt lat="37.571224212646484" lon="127.03438568115234"><ele>7.0</ele><time>2026-09-10T12:15:14Z</time></trkpt><trkpt lat="37.57120895385742" lon="127.03437042236328"><ele>7.0</ele><time>2026-09-10T12:15:15Z</time></trkpt><trkpt lat="37.57119369506836" lon="127.03435516357422"><ele>7.0</ele><time>2026-09-10T12:15:16Z</time></trkpt><trkpt lat="37.57118606567383" lon="127.03433990478516"><ele>7.0</ele><time>2026-09-10T12:15:17Z</time></trkpt><trkpt lat="37.5711669921875" lon="127.03431701660156"><ele>7.0</ele><time>2026-09-10T12:15:18Z</time></trkpt><trkpt lat="37.57115173339844" lon="127.0343017578125"><ele>7.0</ele><time>2026-09-10T12:15:19Z</time></trkpt><trkpt lat="37.57113265991211" lon="127.03427124023438"><ele>7.0</ele><time>2026-09-10T12:15:20Z</time></trkpt><trkpt lat="37.57112121582031" lon="127.03425598144531"><ele>7.0</ele><time>2026-09-10T12:15:21Z</time></trkpt><trkpt lat="37.57110595703125" lon="127.03423309326172"><ele>7.0</ele><time>2026-09-10T12:15:22Z</time></trkpt><trkpt lat="37.57109451293945" lon="127.03421020507812"><ele>7.0</ele><time>2026-09-10T12:15:23Z</time></trkpt><trkpt lat="37.57107925415039" lon="127.03419494628906"><ele>7.0</ele><time>2026-09-10T12:15:24Z</time></trkpt><trkpt lat="37.57106399536133" lon="127.03417205810547"><ele>7.0</ele><time>2026-09-10T12:15:25Z</time></trkpt><trkpt lat="37.57105255126953" lon="127.0341567993164"><ele>7.0</ele><time>2026-09-10T12:15:26Z</time></trkpt><trkpt lat="37.571041107177734" lon="127.03413391113281"><ele>7.0</ele><time>2026-09-10T12:15:27Z</time></trkpt><trkpt lat="37.57102966308594" lon="127.03411865234375"><ele>7.0</ele><time>2026-09-10T12:15:28Z</time></trkpt><trkpt lat="37.57101058959961" lon="127.03409576416016"><ele>7.0</ele><time>2026-09-10T12:15:29Z</time></trkpt><trkpt lat="37.57099914550781" lon="127.0340805053711"><ele>7.0</ele><time>2026-09-10T12:15:30Z</time></trkpt><trkpt lat="37.57098388671875" lon="127.0340576171875"><ele>7.0</ele><time>2026-09-10T12:15:31Z</time></trkpt><trkpt lat="37.57097244262695" lon="127.03404998779297"><ele>7.0</ele><time>2026-09-10T12:15:32Z</time></trkpt><trkpt lat="37.57095718383789" lon="127.03402709960938"><ele>7.199999809265137</ele><time>2026-09-10T12:15:33Z</time></trkpt><trkpt lat="37.57093811035156" lon="127.03400421142578"><ele>7.199999809265137</ele><time>2026-09-10T12:15:34Z</time></trkpt><trkpt lat="37.570926666259766" lon="127.03398895263672"><ele>7.199999809265137</ele><time>2026-09-10T12:15:35Z</time></trkpt><trkpt lat="37.5709114074707" lon="127.03396606445312"><ele>7.199999809265137</ele><time>2026-09-10T12:15:36Z</time></trkpt><trkpt lat="37.57089614868164" lon="127.03395080566406"><ele>7.199999809265137</ele><time>2026-09-10T12:15:37Z</time></trkpt><trkpt lat="37.57087707519531" lon="127.033935546875"><ele>7.199999809265137</ele><time>2026-09-10T12:15:38Z</time></trkpt><trkpt lat="37.570865631103516" lon="127.03392028808594"><ele>7.199999809265137</ele><time>2026-09-10T12:15:39Z</time></trkpt><trkpt lat="37.57084655761719" lon="127.03389739990234"><ele>7.199999809265137</ele><time>2026-09-10T12:15:40Z</time></trkpt><trkpt lat="37.570831298828125" lon="127.03388977050781"><ele>7.199999809265137</ele><time>2026-09-10T12:15:41Z</time></trkpt><trkpt lat="37.57081604003906" lon="127.03386688232422"><ele>7.199999809265137</ele><time>2026-09-10T12:15:42Z</time></trkpt><trkpt lat="37.570804595947266" lon="127.03385162353516"><ele>7.199999809265137</ele><time>2026-09-10T12:15:43Z</time></trkpt><trkpt lat="37.5707893371582" lon="127.03382873535156"><ele>7.199999809265137</ele><time>2026-09-10T12:15:44Z</time></trkpt><trkpt lat="37.57077407836914" lon="127.03380584716797"><ele>7.400000095367432</ele><time>2026-09-10T12:15:45Z</time></trkpt><trkpt lat="37.570762634277344" lon="127.0337905883789"><ele>7.400000095367432</ele><time>2026-09-10T12:15:46Z</time></trkpt><trkpt lat="37.57075119018555" lon="127.03377532958984"><ele>7.400000095367432</ele><time>2026-09-10T12:15:47Z</time></trkpt><trkpt lat="37.570735931396484" lon="127.03375244140625"><ele>7.400000095367432</ele><time>2026-09-10T12:15:48Z</time></trkpt><trkpt lat="37.57072448730469" lon="127.03373718261719"><ele>7.400000095367432</ele><time>2026-09-10T12:15:49Z</time></trkpt><trkpt lat="37.57071304321289" lon="127.0337142944336"><ele>7.400000095367432</ele><time>2026-09-10T12:15:50Z</time></trkpt><trkpt lat="37.57069778442383" lon="127.03369903564453"><ele>7.400000095367432</ele><time>2026-09-10T12:15:51Z</time></trkpt><trkpt lat="37.570682525634766" lon="127.03367614746094"><ele>7.400000095367432</ele><time>2026-09-10T12:15:52Z</time></trkpt><trkpt lat="37.57066345214844" lon="127.03364562988281"><ele>7.400000095367432</ele><time>2026-09-10T12:15:53Z</time></trkpt><trkpt lat="37.570648193359375" lon="127.03361511230469"><ele>7.400000095367432</ele><time>2026-09-10T12:15:54Z</time></trkpt><trkpt lat="37.57063674926758" lon="127.0335922241211"><ele>7.400000095367432</ele><time>2026-09-10T12:15:55Z</time></trkpt><trkpt lat="37.570621490478516" lon="127.0335464477539"><ele>7.400000095367432</ele><time>2026-09-10T12:15:56Z</time></trkpt><trkpt lat="37.57061004638672" lon="127.03352355957031"><ele>7.599999904632568</ele><time>2026-09-10T12:15:57Z</time></trkpt><trkpt lat="37.570594787597656" lon="127.03350067138672"><ele>7.599999904632568</ele><time>2026-09-10T12:15:58Z</time></trkpt><trkpt lat="37.570579528808594" lon="127.03348541259766"><ele>7.599999904632568</ele><time>2026-09-10T12:15:59Z</time></trkpt><trkpt lat="37.57056427001953" lon="127.03346252441406"><ele>7.599999904632568</ele><time>2026-09-10T12:16:00Z</time></trkpt><trkpt lat="37.57054901123047" lon="127.033447265625"><ele>7.599999904632568</ele><time>2026-09-10T12:16:01Z</time></trkpt><trkpt lat="37.57053756713867" lon="127.03343200683594"><ele>7.599999904632568</ele><time>2026-09-10T12:16:02Z</time></trkpt><trkpt lat="37.57052230834961" lon="127.03340911865234"><ele>7.599999904632568</ele><time>2026-09-10T12:16:03Z</time></trkpt><trkpt lat="37.57051086425781" lon="127.03340148925781"><ele>7.599999904632568</ele><time>2026-09-10T12:16:04Z</time></trkpt><trkpt lat="37.570499420166016" lon="127.03337860107422"><ele>7.599999904632568</ele><time>2026-09-10T12:16:05Z</time></trkpt><trkpt lat="37.57048797607422" lon="127.03336334228516"><ele>7.800000190734863</ele><time>2026-09-10T12:16:06Z</time></trkpt><trkpt lat="37.570472717285156" lon="127.0333480834961"><ele>7.800000190734863</ele><time>2026-09-10T12:16:07Z</time></trkpt><trkpt lat="37.57046127319336" lon="127.0333251953125"><ele>7.599999904632568</ele><time>2026-09-10T12:16:08Z</time></trkpt><trkpt lat="37.57044982910156" lon="127.03330993652344"><ele>7.800000190734863</ele><time>2026-09-10T12:16:09Z</time></trkpt><trkpt lat="37.5704345703125" lon="127.03328704833984"><ele>7.800000190734863</ele><time>2026-09-10T12:16:10Z</time></trkpt><trkpt lat="37.5704231262207" lon="127.03327178955078"><ele>7.800000190734863</ele><time>2026-09-10T12:16:11Z</time></trkpt><trkpt lat="37.570411682128906" lon="127.03324890136719"><ele>7.800000190734863</ele><time>2026-09-10T12:16:12Z</time></trkpt><trkpt lat="37.57040023803711" lon="127.03324127197266"><ele>7.800000190734863</ele><time>2026-09-10T12:16:13Z</time></trkpt><trkpt lat="37.57038879394531" lon="127.03321838378906"><ele>7.800000190734863</ele><time>2026-09-10T12:16:14Z</time></trkpt><trkpt lat="37.57038116455078" lon="127.033203125"><ele>7.800000190734863</ele><time>2026-09-10T12:16:15Z</time></trkpt><trkpt lat="37.57037353515625" lon="127.0331802368164"><ele>7.800000190734863</ele><time>2026-09-10T12:16:16Z</time></trkpt><trkpt lat="37.57036209106445" lon="127.03314971923828"><ele>8.0</ele><time>2026-09-10T12:16:17Z</time></trkpt><trkpt lat="37.57035446166992" lon="127.03312683105469"><ele>8.0</ele><time>2026-09-10T12:16:18Z</time></trkpt><trkpt lat="37.570335388183594" lon="127.03311157226562"><ele>8.0</ele><time>2026-09-10T12:16:19Z</time></trkpt><trkpt lat="37.57032775878906" lon="127.03308868408203"><ele>8.0</ele><time>2026-09-10T12:16:20Z</time></trkpt><trkpt lat="37.57032012939453" lon="127.03306579589844"><ele>8.0</ele><time>2026-09-10T12:16:21Z</time></trkpt><trkpt lat="37.5703125" lon="127.03304290771484"><ele>8.0</ele><time>2026-09-10T12:16:22Z</time></trkpt><trkpt lat="37.5703010559082" lon="127.03302001953125"><ele>8.0</ele><time>2026-09-10T12:16:23Z</time></trkpt><trkpt lat="37.570289611816406" lon="127.03298950195312"><ele>8.0</ele><time>2026-09-10T12:16:24Z</time></trkpt><trkpt lat="37.57027816772461" lon="127.03297424316406"><ele>8.0</ele><time>2026-09-10T12:16:25Z</time></trkpt><trkpt lat="37.57026290893555" lon="127.03295135498047"><ele>8.0</ele><time>2026-09-10T12:16:26Z</time></trkpt><trkpt lat="37.570247650146484" lon="127.0329360961914"><ele>8.199999809265137</ele><time>2026-09-10T12:16:27Z</time></trkpt><trkpt lat="37.57023239135742" lon="127.03291320800781"><ele>8.199999809265137</ele><time>2026-09-10T12:16:28Z</time></trkpt><trkpt lat="37.570220947265625" lon="127.03289794921875"><ele>8.199999809265137</ele><time>2026-09-10T12:16:29Z</time></trkpt><trkpt lat="37.57020568847656" lon="127.03287506103516"><ele>8.199999809265137</ele><time>2026-09-10T12:16:30Z</time></trkpt><trkpt lat="37.57019805908203" lon="127.0328598022461"><ele>8.199999809265137</ele><time>2026-09-10T12:16:31Z</time></trkpt><trkpt lat="37.570186614990234" lon="127.0328369140625"><ele>8.199999809265137</ele><time>2026-09-10T12:16:32Z</time></trkpt><trkpt lat="37.57017135620117" lon="127.0328140258789"><ele>8.199999809265137</ele><time>2026-09-10T12:16:33Z</time></trkpt><trkpt lat="37.57015609741211" lon="127.03279876708984"><ele>8.199999809265137</ele><time>2026-09-10T12:16:34Z</time></trkpt><trkpt lat="37.57014083862305" lon="127.03277587890625"><ele>8.199999809265137</ele><time>2026-09-10T12:16:35Z</time></trkpt><trkpt lat="37.57012939453125" lon="127.03276062011719"><ele>8.199999809265137</ele><time>2026-09-10T12:16:36Z</time></trkpt><trkpt lat="37.57012176513672" lon="127.0327377319336"><ele>8.199999809265137</ele><time>2026-09-10T12:16:37Z</time></trkpt><trkpt lat="37.57011413574219" lon="127.03271484375"><ele>8.199999809265137</ele><time>2026-09-10T12:16:38Z</time></trkpt><trkpt lat="37.57010269165039" lon="127.0326919555664"><ele>8.399999618530273</ele><time>2026-09-10T12:16:39Z</time></trkpt><trkpt lat="37.570091247558594" lon="127.03266906738281"><ele>8.399999618530273</ele><time>2026-09-10T12:16:40Z</time></trkpt><trkpt lat="37.5700798034668" lon="127.03265380859375"><ele>8.399999618530273</ele><time>2026-09-10T12:16:41Z</time></trkpt><trkpt lat="37.570072174072266" lon="127.03263854980469"><ele>8.399999618530273</ele><time>2026-09-10T12:16:42Z</time></trkpt><trkpt lat="37.57006072998047" lon="127.0326156616211"><ele>8.399999618530273</ele><time>2026-09-10T12:16:43Z</time></trkpt><trkpt lat="37.57004928588867" lon="127.03260040283203"><ele>8.399999618530273</ele><time>2026-09-10T12:16:44Z</time></trkpt><trkpt lat="37.57003402709961" lon="127.03257751464844"><ele>8.399999618530273</ele><time>2026-09-10T12:16:45Z</time></trkpt><trkpt lat="37.57002258300781" lon="127.03255462646484"><ele>8.399999618530273</ele><time>2026-09-10T12:16:46Z</time></trkpt><trkpt lat="37.57000732421875" lon="127.03253173828125"><ele>8.399999618530273</ele><time>2026-09-10T12:16:47Z</time></trkpt><trkpt lat="37.56999588012695" lon="127.03250885009766"><ele>8.399999618530273</ele><time>2026-09-10T12:16:48Z</time></trkpt><trkpt lat="37.56998062133789" lon="127.0324935913086"><ele>8.399999618530273</ele><time>2026-09-10T12:16:49Z</time></trkpt><trkpt lat="37.569969177246094" lon="127.032470703125"><ele>8.600000381469727</ele><time>2026-09-10T12:16:50Z</time></trkpt><trkpt lat="37.56996154785156" lon="127.03245544433594"><ele>8.600000381469727</ele><time>2026-09-10T12:16:51Z</time></trkpt><trkpt lat="37.569950103759766" lon="127.03243255615234"><ele>8.600000381469727</ele><time>2026-09-10T12:16:52Z</time></trkpt><trkpt lat="37.569942474365234" lon="127.03241729736328"><ele>8.600000381469727</ele><time>2026-09-10T12:16:53Z</time></trkpt><trkpt lat="37.56993103027344" lon="127.03239440917969"><ele>8.600000381469727</ele><time>2026-09-10T12:16:54Z</time></trkpt><trkpt lat="37.56993103027344" lon="127.0323715209961"><ele>8.399999618530273</ele><time>2026-09-10T12:16:55Z</time></trkpt><trkpt lat="37.569923400878906" lon="127.03234100341797"><ele>8.600000381469727</ele><time>2026-09-10T12:16:56Z</time></trkpt><trkpt lat="37.569915771484375" lon="127.03231048583984"><ele>8.600000381469727</ele><time>2026-09-10T12:16:57Z</time></trkpt><trkpt lat="37.569908142089844" lon="127.03228759765625"><ele>8.600000381469727</ele><time>2026-09-10T12:16:58Z</time></trkpt><trkpt lat="37.56989669799805" lon="127.03226470947266"><ele>8.600000381469727</ele><time>2026-09-10T12:16:59Z</time></trkpt><trkpt lat="37.569889068603516" lon="127.0322494506836"><ele>8.600000381469727</ele><time>2026-09-10T12:17:00Z</time></trkpt><trkpt lat="37.56987762451172" lon="127.0322265625"><ele>8.600000381469727</ele><time>2026-09-10T12:17:01Z</time></trkpt><trkpt lat="37.56986999511719" lon="127.0322036743164"><ele>8.399999618530273</ele><time>2026-09-10T12:17:02Z</time></trkpt><trkpt lat="37.569862365722656" lon="127.03217315673828"><ele>8.399999618530273</ele><time>2026-09-10T12:17:03Z</time></trkpt><trkpt lat="37.56985855102539" lon="127.03215026855469"><ele>8.600000381469727</ele><time>2026-09-10T12:17:04Z</time></trkpt><trkpt lat="37.56984329223633" lon="127.03213500976562"><ele>8.600000381469727</ele><time>2026-09-10T12:17:05Z</time></trkpt><trkpt lat="37.56983947753906" lon="127.0321044921875"><ele>8.600000381469727</ele><time>2026-09-10T12:17:06Z</time></trkpt><trkpt lat="37.56983184814453" lon="127.03208923339844"><ele>8.600000381469727</ele><time>2026-09-10T12:17:07Z</time></trkpt><trkpt lat="37.569820404052734" lon="127.03205871582031"><ele>8.600000381469727</ele><time>2026-09-10T12:17:08Z</time></trkpt><trkpt lat="37.56981658935547" lon="127.03204345703125"><ele>8.600000381469727</ele><time>2026-09-10T12:17:09Z</time></trkpt><trkpt lat="37.56980895996094" lon="127.03202056884766"><ele>8.600000381469727</ele><time>2026-09-10T12:17:10Z</time></trkpt><trkpt lat="37.569801330566406" lon="127.03199768066406"><ele>8.600000381469727</ele><time>2026-09-10T12:17:11Z</time></trkpt><trkpt lat="37.569793701171875" lon="127.03197479248047"><ele>8.600000381469727</ele><time>2026-09-10T12:17:12Z</time></trkpt><trkpt lat="37.56978225708008" lon="127.03194427490234"><ele>8.600000381469727</ele><time>2026-09-10T12:17:13Z</time></trkpt><trkpt lat="37.56977462768555" lon="127.03192138671875"><ele>8.800000190734863</ele><time>2026-09-10T12:17:14Z</time></trkpt><trkpt lat="37.569766998291016" lon="127.03189086914062"><ele>8.800000190734863</ele><time>2026-09-10T12:17:15Z</time></trkpt><trkpt lat="37.56976318359375" lon="127.03187561035156"><ele>8.800000190734863</ele><time>2026-09-10T12:17:16Z</time></trkpt><trkpt lat="37.569759368896484" lon="127.03185272216797"><ele>8.800000190734863</ele><time>2026-09-10T12:17:17Z</time></trkpt><trkpt lat="37.56975173950195" lon="127.03182983398438"><ele>8.800000190734863</ele><time>2026-09-10T12:17:18Z</time></trkpt><trkpt lat="37.56974792480469" lon="127.03181457519531"><ele>8.800000190734863</ele><time>2026-09-10T12:17:19Z</time></trkpt><trkpt lat="37.569740295410156" lon="127.03178405761719"><ele>8.800000190734863</ele><time>2026-09-10T12:17:20Z</time></trkpt><trkpt lat="37.56973648071289" lon="127.0317611694336"><ele>8.800000190734863</ele><time>2026-09-10T12:17:21Z</time></trkpt><trkpt lat="37.569732666015625" lon="127.03173828125"><ele>8.800000190734863</ele><time>2026-09-10T12:17:22Z</time></trkpt><trkpt lat="37.569725036621094" lon="127.0317153930664"><ele>9.0</ele><time>2026-09-10T12:17:23Z</time></trkpt><trkpt lat="37.56972122192383" lon="127.03169250488281"><ele>9.0</ele><time>2026-09-10T12:17:24Z</time></trkpt><trkpt lat="37.56970977783203" lon="127.03166961669922"><ele>9.0</ele><time>2026-09-10T12:17:25Z</time></trkpt><trkpt lat="37.569705963134766" lon="127.03164672851562"><ele>9.0</ele><time>2026-09-10T12:17:26Z</time></trkpt><trkpt lat="37.5697021484375" lon="127.03162384033203"><ele>8.800000190734863</ele><time>2026-09-10T12:17:27Z</time></trkpt><trkpt lat="37.56969451904297" lon="127.03160858154297"><ele>8.800000190734863</ele><time>2026-09-10T12:17:28Z</time></trkpt><trkpt lat="37.5696907043457" lon="127.03158569335938"><ele>8.800000190734863</ele><time>2026-09-10T12:17:29Z</time></trkpt><trkpt lat="37.56968688964844" lon="127.03156280517578"><ele>8.800000190734863</ele><time>2026-09-10T12:17:30Z</time></trkpt><trkpt lat="37.569679260253906" lon="127.03154754638672"><ele>8.800000190734863</ele><time>2026-09-10T12:17:31Z</time></trkpt><trkpt lat="37.56967544555664" lon="127.0315170288086"><ele>8.800000190734863</ele><time>2026-09-10T12:17:32Z</time></trkpt><trkpt lat="37.56967544555664" lon="127.031494140625"><ele>9.0</ele><time>2026-09-10T12:17:33Z</time></trkpt><trkpt lat="37.56966781616211" lon="127.0314712524414"><ele>9.0</ele><time>2026-09-10T12:17:34Z</time></trkpt><trkpt lat="37.569664001464844" lon="127.03144073486328"><ele>9.0</ele><time>2026-09-10T12:17:35Z</time></trkpt><trkpt lat="37.569664001464844" lon="127.03142547607422"><ele>9.0</ele><time>2026-09-10T12:17:36Z</time></trkpt><trkpt lat="37.569664001464844" lon="127.0313949584961"><ele>9.199999809265137</ele><time>2026-09-10T12:17:37Z</time></trkpt><trkpt lat="37.56966018676758" lon="127.0313720703125"><ele>9.199999809265137</ele><time>2026-09-10T12:17:38Z</time></trkpt><trkpt lat="37.56966018676758" lon="127.0313491821289"><ele>9.199999809265137</ele><time>2026-09-10T12:17:39Z</time></trkpt><trkpt lat="37.56965637207031" lon="127.03132629394531"><ele>9.199999809265137</ele><time>2026-09-10T12:17:40Z</time></trkpt><trkpt lat="37.56965255737305" lon="127.03130340576172"><ele>9.0</ele><time>2026-09-10T12:17:41Z</time></trkpt><trkpt lat="37.569644927978516" lon="127.03128051757812"><ele>9.0</ele><time>2026-09-10T12:17:42Z</time></trkpt><trkpt lat="37.569637298583984" lon="127.03125762939453"><ele>9.0</ele><time>2026-09-10T12:17:43Z</time></trkpt><trkpt lat="37.569637298583984" lon="127.0312271118164"><ele>9.199999809265137</ele><time>2026-09-10T12:17:44Z</time></trkpt><trkpt lat="37.56962966918945" lon="127.03120422363281"><ele>9.199999809265137</ele><time>2026-09-10T12:17:45Z</time></trkpt><trkpt lat="37.56962966918945" lon="127.03117370605469"><ele>9.199999809265137</ele><time>2026-09-10T12:17:46Z</time></trkpt><trkpt lat="37.56963348388672" lon="127.0311508178711"><ele>9.199999809265137</ele><time>2026-09-10T12:17:47Z</time></trkpt><trkpt lat="37.56963348388672" lon="127.0311279296875"><ele>9.199999809265137</ele><time>2026-09-10T12:17:48Z</time></trkpt><trkpt lat="37.56962966918945" lon="127.03109741210938"><ele>9.199999809265137</ele><time>2026-09-10T12:17:49Z</time></trkpt><trkpt lat="37.56962585449219" lon="127.03107452392578"><ele>9.199999809265137</ele><time>2026-09-10T12:17:50Z</time></trkpt><trkpt lat="37.56962203979492" lon="127.03104400634766"><ele>9.199999809265137</ele><time>2026-09-10T12:17:51Z</time></trkpt><trkpt lat="37.56962585449219" lon="127.03102111816406"><ele>9.199999809265137</ele><time>2026-09-10T12:17:52Z</time></trkpt><trkpt lat="37.56962585449219" lon="127.03099822998047"><ele>9.399999618530273</ele><time>2026-09-10T12:17:53Z</time></trkpt><trkpt lat="37.56962585449219" lon="127.03097534179688"><ele>9.399999618530273</ele><time>2026-09-10T12:17:54Z</time></trkpt><trkpt lat="37.56962585449219" lon="127.03095245361328"><ele>9.399999618530273</ele><time>2026-09-10T12:17:55Z</time></trkpt><trkpt lat="37.56962585449219" lon="127.03092193603516"><ele>9.399999618530273</ele><time>2026-09-10T12:17:56Z</time></trkpt><trkpt lat="37.56962585449219" lon="127.03089904785156"><ele>9.399999618530273</ele><time>2026-09-10T12:17:57Z</time></trkpt><trkpt lat="37.56962203979492" lon="127.03087615966797"><ele>9.399999618530273</ele><time>2026-09-10T12:17:58Z</time></trkpt><trkpt lat="37.56962585449219" lon="127.03085327148438"><ele>9.399999618530273</ele><time>2026-09-10T12:17:59Z</time></trkpt><trkpt lat="37.56962203979492" lon="127.03083038330078"><ele>9.600000381469727</ele><time>2026-09-10T12:18:00Z</time></trkpt><trkpt lat="37.56962203979492" lon="127.03081512451172"><ele>9.600000381469727</ele><time>2026-09-10T12:18:01Z</time></trkpt><trkpt lat="37.56962585449219" lon="127.03079223632812"><ele>9.600000381469727</ele><time>2026-09-10T12:18:02Z</time></trkpt><trkpt lat="37.56962203979492" lon="127.03076934814453"><ele>9.399999618530273</ele><time>2026-09-10T12:18:03Z</time></trkpt><trkpt lat="37.56962203979492" lon="127.03074645996094"><ele>9.600000381469727</ele><time>2026-09-10T12:18:04Z</time></trkpt><trkpt lat="37.56962203979492" lon="127.03072357177734"><ele>9.600000381469727</ele><time>2026-09-10T12:18:05Z</time></trkpt><trkpt lat="37.56962585449219" lon="127.03070068359375"><ele>9.600000381469727</ele><time>2026-09-10T12:18:06Z</time></trkpt><trkpt lat="37.56962966918945" lon="127.03067779541016"><ele>9.800000190734863</ele><time>2026-09-10T12:18:07Z</time></trkpt><trkpt lat="37.56962966918945" lon="127.0306625366211"><ele>9.800000190734863</ele><time>2026-09-10T12:18:08Z</time></trkpt><trkpt lat="37.56963348388672" lon="127.03065490722656"><ele>9.800000190734863</ele><time>2026-09-10T12:18:09Z</time></trkpt><trkpt lat="37.56963348388672" lon="127.03063201904297"><ele>9.800000190734863</ele><time>2026-09-10T12:18:10Z</time></trkpt></trkseg></trk></gpx>