<?xml version='1.0' encoding='UTF-8'?><gpx version="1.1" creator="Garmin Sports" xmlns="http://www.topografix.com/GPX/1/1"><metadata><author><name>Garmin Sports</name></author><copyright author="Garmin Sports"><year>2026</year></copyright></metadata><trk><trkseg><trkpt lat="37.592079162597656" lon="127.02104187011719"><ele>46.20000076293945</ele><time>2026-08-23T00:11:53Z</time></trkpt><trkpt lat="37.59205627441406" lon="127.02102661132812"><ele>46.400001525878906</ele><time>2026-08-23T00:11:54Z</time></trkpt><trkpt lat="37.592041015625" lon="127.0210189819336"><ele>46.400001525878906</ele><time>2026-08-23T00:11:55Z</time></trkpt><trkpt lat="37.59202575683594" lon="127.02101135253906"><ele>46.599998474121094</ele><time>2026-08-23T00:11:56Z</time></trkpt><trkpt lat="37.59200668334961" lon="127.02100372314453"><ele>46.400001525878906</ele><time>2026-08-23T00:11:57Z</time></trkpt><trkpt lat="37.59198760986328" lon="127.02098846435547"><ele>46.400001525878906</ele><time>2026-08-23T00:11:58Z</time></trkpt><trkpt lat="37.59196853637695" lon="127.02098083496094"><ele>46.400001525878906</ele><time>2026-08-23T00:11:59Z</time></trkpt><trkpt lat="37.591949462890625" lon="127.0209732055664"><ele>46.400001525878906</ele><time>2026-08-23T00:12:00Z</time></trkpt><trkpt lat="37.591922760009766" lon="127.02096557617188"><ele>46.400001525878906</ele><time>2026-08-23T00:12:01Z</time></trkpt><trkpt lat="37.59189987182617" lon="127.02095031738281"><ele>46.20000076293945</ele><time>2026-08-23T00:12:02Z</time></trkpt><trkpt lat="37.59187698364258" lon="127.02095794677734"><ele>46.20000076293945</ele><time>2026-08-23T00:12:03Z</time></trkpt><trkpt lat="37.591861724853516" lon="127.02095794677734"><ele>46.20000076293945</ele><time>2026-08-23T00:12:04Z</time></trkpt><trkpt lat="37.59184265136719" lon="127.02095031738281"><ele>46.20000076293945</ele><time>2026-08-23T00:12:05Z</time></trkpt><trkpt lat="37.591827392578125" lon="127.02094268798828"><ele>46.20000076293945</ele><time>2026-08-23T00:12:06Z</time></trkpt><trkpt lat="37.5918083190918" lon="127.02094268798828"><ele>46.0</ele><time>2026-08-23T00:12:07Z</time></trkpt><trkpt lat="37.59178161621094" lon="127.02092742919922"><ele>46.0</ele><time>2026-08-23T00:12:08Z</time></trkpt><trkpt lat="37.591758728027344" lon="127.02092742919922"><ele>46.0</ele><time>2026-08-23T00:12:09Z</time></trkpt><trkpt lat="37.591739654541016" lon="127.02092742919922"><ele>46.0</ele><time>2026-08-23T00:12:10Z</time></trkpt><trkpt lat="37.591712951660156" lon="127.02091979980469"><ele>46.0</ele><time>2026-08-23T00:12:11Z</time></trkpt><trkpt lat="37.59169387817383" lon="127.02091979980469"><ele>45.79999923706055</ele><time>2026-08-23T00:12:12Z</time></trkpt><trkpt lat="37.59166717529297" lon="127.02091217041016"><ele>45.79999923706055</ele><time>2026-08-23T00:12:13Z</time></trkpt><trkpt lat="37.59164810180664" lon="127.02091217041016"><ele>45.79999923706055</ele><time>2026-08-23T00:12:14Z</time></trkpt><trkpt lat="37.59162521362305" lon="127.02091217041016"><ele>45.79999923706055</ele><time>2026-08-23T00:12:15Z</time></trkpt><trkpt lat="37.59160232543945" lon="127.02090454101562"><ele>45.79999923706055</ele><time>2026-08-23T00:12:16Z</time></trkpt><trkpt lat="37.591583251953125" lon="127.02090454101562"><ele>45.599998474121094</ele><time>2026-08-23T00:12:17Z</time></trkpt><trkpt lat="37.591556549072266" lon="127.02090454101562"><ele>45.599998474121094</ele><time>2026-08-23T00:12:18Z</time></trkpt><trkpt lat="37.59153747558594" lon="127.0208969116211"><ele>45.599998474121094</ele><time>2026-08-23T00:12:19Z</time></trkpt><trkpt lat="37.59151840209961" lon="127.02088928222656"><ele>45.599998474121094</ele><time>2026-08-23T00:12:20Z</time></trkpt><trkpt lat="37.591495513916016" lon="127.02088165283203"><ele>45.599998474121094</ele><time>2026-08-23T00:12:21Z</time></trkpt><trkpt lat="37.59148025512695" lon="127.02090454101562"><ele>45.599998474121094</ele><time>2026-08-23T00:12:22Z</time></trkpt><trkpt lat="37.591453552246094" lon="127.02091217041016"><ele>45.599998474121094</ele><time>2026-08-23T00:12:23Z</time></trkpt><trkpt lat="37.591434478759766" lon="127.02091979980469"><ele>45.400001525878906</ele><time>2026-08-23T00:12:24Z</time></trkpt><trkpt lat="37.59141159057617" lon="127.02092742919922"><ele>45.400001525878906</ele><time>2026-08-23T00:12:25Z</time></trkpt><trkpt lat="37.59138870239258" lon="127.02092742919922"><ele>45.400001525878906</ele><time>2026-08-23T00:12:26Z</time></trkpt><trkpt lat="37.59136962890625" lon="127.02093505859375"><ele>45.20000076293945</ele><time>2026-08-23T00:12:27Z</time></trkpt><trkpt lat="37.591346740722656" lon="127.02094268798828"><ele>45.20000076293945</ele><time>2026-08-23T00:12:28Z</time></trkpt><trkpt lat="37.59132766723633" lon="127.02093505859375"><ele>45.400001525878906</ele><time>2026-08-23T00:12:29Z</time></trkpt><trkpt lat="37.59130859375" lon="127.02092742919922"><ele>45.400001525878906</ele><time>2026-08-23T00:12:30Z</time></trkpt><trkpt lat="37.591285705566406" lon="127.02091979980469"><ele>45.400001525878906</ele><time>2026-08-23T00:12:31Z</time></trkpt><trkpt lat="37.591270446777344" lon="127.02091217041016"><ele>45.400001525878906</ele><time>2026-08-23T00:12:32Z</time></trkpt><trkpt lat="37.591251373291016" lon="127.02090454101562"><ele>45.400001525878906</ele><time>2026-08-23T00:12:33Z</time></trkpt><trkpt lat="37.59123229980469" lon="127.0208969116211"><ele>45.20000076293945</ele><time>2026-08-23T00:12:34Z</time></trkpt><trkpt lat="37.591217041015625" lon="127.02090454101562"><ele>45.20000076293945</ele><time>2026-08-23T00:12:35Z</time></trkpt><trkpt lat="37.5911979675293" lon="127.02090454101562"><ele>45.20000076293945</ele><time>2026-08-23T00:12:36Z</time></trkpt><trkpt lat="37.591182708740234" lon="127.02090454101562"><ele>45.20000076293945</ele><time>2026-08-23T00:12:37Z</time></trkpt><trkpt lat="37.591163635253906" lon="127.02090454101562"><ele>45.0</ele><time>2026-08-23T00:12:38Z</time></trkpt><trkpt lat="37.59114074707031" lon="127.0208969116211"><ele>44.79999923706055</ele><time>2026-08-23T00:12:39Z</time></trkpt><trkpt lat="37.591121673583984" lon="127.0208969116211"><ele>44.599998474121094</ele><time>2026-08-23T00:12:40Z</time></trkpt><trkpt lat="37.59109878540039" lon="127.02088928222656"><ele>44.599998474121094</ele><time>2026-08-23T00:12:41Z</time></trkpt><trkpt lat="37.59107971191406" lon="127.02088928222656"><ele>44.400001525878906</ele><time>2026-08-23T00:12:42Z</time></trkpt><trkpt lat="37.591060638427734" lon="127.02088165283203"><ele>44.20000076293945</ele><time>2026-08-23T00:12:43Z</time></trkpt><trkpt lat="37.59104537963867" lon="127.02088165283203"><ele>44.20000076293945</ele><time>2026-08-23T00:12:44Z</time></trkpt><trkpt lat="37.59103012084961" lon="127.02086639404297"><ele>44.0</ele><time>2026-08-23T00:12:45Z</time></trkpt><trkpt lat="37.59101104736328" lon="127.02086639404297"><ele>44.0</ele><time>2026-08-23T00:12:46Z</time></trkpt><trkpt lat="37.59099197387695" lon="127.02085876464844"><ele>43.79999923706055</ele><time>2026-08-23T00:12:47Z</time></trkpt><trkpt lat="37.59097671508789" lon="127.02085876464844"><ele>43.79999923706055</ele><time>2026-08-23T00:12:48Z</time></trkpt><trkpt lat="37.5909538269043" lon="127.02085876464844"><ele>43.79999923706055</ele><time>2026-08-23T00:12:49Z</time></trkpt><trkpt lat="37.5909309387207" lon="127.02085876464844"><ele>43.599998474121094</ele><time>2026-08-23T00:12:50Z</time></trkpt><trkpt lat="37.590911865234375" lon="127.0208511352539"><ele>43.599998474121094</ele><time>2026-08-23T00:12:51Z</time></trkpt><trkpt lat="37.590885162353516" lon="127.0208511352539"><ele>43.400001525878906</ele><time>2026-08-23T00:12:52Z</time></trkpt><trkpt lat="37.59086990356445" lon="127.02084350585938"><ele>43.400001525878906</ele><time>2026-08-23T00:12:53Z</time></trkpt><trkpt lat="37.59084701538086" lon="127.02084350585938"><ele>43.400001525878906</ele><time>2026-08-23T00:12:54Z</time></trkpt><trkpt lat="37.590824127197266" lon="127.02084350585938"><ele>43.20000076293945</ele><time>2026-08-23T00:12:55Z</time></trkpt><trkpt lat="37.5908088684082" lon="127.02084350585938"><ele>43.20000076293945</ele><time>2026-08-23T00:12:56Z</time></trkpt><trkpt lat="37.590789794921875" lon="127.02084350585938"><ele>43.0</ele><time>2026-08-23T00:12:57Z</time></trkpt><trkpt lat="37.59077072143555" lon="127.02084350585938"><ele>43.0</ele><time>2026-08-23T00:12:58Z</time></trkpt><trkpt lat="37.59075164794922" lon="127.02084350585938"><ele>43.20000076293945</ele><time>2026-08-23T00:12:59Z</time></trkpt><trkpt lat="37.590728759765625" lon="127.02083587646484"><ele>43.20000076293945</ele><time>2026-08-23T00:13:00Z</time></trkpt><trkpt lat="37.59071350097656" lon="127.02083587646484"><ele>43.20000076293945</ele><time>2026-08-23T00:13:01Z</time></trkpt><trkpt lat="37.5906982421875" lon="127.02083587646484"><ele>43.0</ele><time>2026-08-23T00:13:02Z</time></trkpt><trkpt lat="37.590675354003906" lon="127.02083587646484"><ele>43.0</ele><time>2026-08-23T00:13:03Z</time></trkpt><trkpt lat="37.59065628051758" lon="127.02082824707031"><ele>43.0</ele><time>2026-08-23T00:13:04Z</time></trkpt><trkpt lat="37.59062957763672" lon="127.02082824707031"><ele>42.79999923706055</ele><time>2026-08-23T00:13:05Z</time></trkpt><trkpt lat="37.59061050415039" lon="127.02082824707031"><ele>42.599998474121094</ele><time>2026-08-23T00:13:06Z</time></trkpt><trkpt lat="37.5905876159668" lon="127.02082824707031"><ele>42.599998474121094</ele><time>2026-08-23T00:13:07Z</time></trkpt><trkpt lat="37.5905647277832" lon="127.02082824707031"><ele>42.400001525878906</ele><time>2026-08-23T00:13:08Z</time></trkpt><trkpt lat="37.59054946899414" lon="127.02082824707031"><ele>42.20000076293945</ele><time>2026-08-23T00:13:09Z</time></trkpt><trkpt lat="37.59053039550781" lon="127.02082061767578"><ele>42.0</ele><time>2026-08-23T00:13:10Z</time></trkpt><trkpt lat="37.59051513671875" lon="127.02081298828125"><ele>42.0</ele><time>2026-08-23T00:13:11Z</time></trkpt><trkpt lat="37.59049987792969" lon="127.02080535888672"><ele>42.0</ele><time>2026-08-23T00:13:12Z</time></trkpt><trkpt lat="37.59048080444336" lon="127.02079010009766"><ele>41.79999923706055</ele><time>2026-08-23T00:13:13Z</time></trkpt><trkpt lat="37.59046936035156" lon="127.0207748413086"><ele>41.79999923706055</ele><time>2026-08-23T00:13:14Z</time></trkpt><trkpt lat="37.590450286865234" lon="127.02075958251953"><ele>41.599998474121094</ele><time>2026-08-23T00:13:15Z</time></trkpt><trkpt lat="37.59043502807617" lon="127.02074432373047"><ele>41.599998474121094</ele><time>2026-08-23T00:13:16Z</time></trkpt><trkpt lat="37.59041976928711" lon="127.02073669433594"><ele>41.400001525878906</ele><time>2026-08-23T00:13:17Z</time></trkpt><trkpt lat="37.59040069580078" lon="127.02073669433594"><ele>41.20000076293945</ele><time>2026-08-23T00:13:18Z</time></trkpt><trkpt lat="37.59038543701172" lon="127.02073669433594"><ele>41.20000076293945</ele><time>2026-08-23T00:13:19Z</time></trkpt><trkpt lat="37.59035873413086" lon="127.0207290649414"><ele>41.20000076293945</ele><time>2026-08-23T00:13:20Z</time></trkpt><trkpt lat="37.59033966064453" lon="127.0207290649414"><ele>41.0</ele><time>2026-08-23T00:13:21Z</time></trkpt><trkpt lat="37.59031677246094" lon="127.02072143554688"><ele>41.0</ele><time>2026-08-23T00:13:22Z</time></trkpt><trkpt lat="37.590293884277344" lon="127.02071380615234"><ele>41.0</ele><time>2026-08-23T00:13:23Z</time></trkpt><trkpt lat="37.59027862548828" lon="127.02070617675781"><ele>40.79999923706055</ele><time>2026-08-23T00:13:24Z</time></trkpt><trkpt lat="37.59026336669922" lon="127.02069854736328"><ele>40.79999923706055</ele><time>2026-08-23T00:13:25Z</time></trkpt><trkpt lat="37.59024429321289" lon="127.02068328857422"><ele>40.599998474121094</ele><time>2026-08-23T00:13:26Z</time></trkpt><trkpt lat="37.59022521972656" lon="127.02068328857422"><ele>40.599998474121094</ele><time>2026-08-23T00:13:27Z</time></trkpt><trkpt lat="37.59020233154297" lon="127.02066802978516"><ele>40.599998474121094</ele><time>2026-08-23T00:13:28Z</time></trkpt><trkpt lat="37.59018325805664" lon="127.02066040039062"><ele>40.400001525878906</ele><time>2026-08-23T00:13:29Z</time></trkpt><trkpt lat="37.59016799926758" lon="127.02066040039062"><ele>40.400001525878906</ele><time>2026-08-23T00:13:30Z</time></trkpt><trkpt lat="37.59014892578125" lon="127.02066040039062"><ele>40.400001525878906</ele><time>2026-08-23T00:13:31Z</time></trkpt><trkpt lat="37.59013748168945" lon="127.0206527709961"><ele>40.400001525878906</ele><time>2026-08-23T00:13:32Z</time></trkpt><trkpt lat="37.590126037597656" lon="127.02063751220703"><ele>40.400001525878906</ele><time>2026-08-23T00:13:33Z</time></trkpt><trkpt lat="37.59011459350586" lon="127.02062225341797"><ele>40.20000076293945</ele><time>2026-08-23T00:13:34Z</time></trkpt><trkpt lat="37.5900993347168" lon="127.02061462402344"><ele>40.20000076293945</ele><time>2026-08-23T00:13:35Z</time></trkpt><trkpt lat="37.59006881713867" lon="127.0206069946289"><ele>40.20000076293945</ele><time>2026-08-23T00:13:36Z</time></trkpt><trkpt lat="37.590049743652344" lon="127.0206069946289"><ele>40.20000076293945</ele><time>2026-08-23T00:13:37Z</time></trkpt><trkpt lat="37.590023040771484" lon="127.02059936523438"><ele>40.20000076293945</ele><time>2026-08-23T00:13:38Z</time></trkpt><trkpt lat="37.589996337890625" lon="127.02059173583984"><ele>40.20000076293945</ele><time>2026-08-23T00:13:39Z</time></trkpt><trkpt lat="37.58997344970703" lon="127.02058410644531"><ele>40.0</ele><time>2026-08-23T00:13:40Z</time></trkpt><trkpt lat="37.58994674682617" lon="127.02057647705078"><ele>40.0</ele><time>2026-08-23T00:13:41Z</time></trkpt><trkpt lat="37.58993148803711" lon="127.02057647705078"><ele>40.0</ele><time>2026-08-23T00:13:42Z</time></trkpt><trkpt lat="37.589908599853516" lon="127.02056884765625"><ele>40.0</ele><time>2026-08-23T00:13:43Z</time></trkpt><trkpt lat="37.58988952636719" lon="127.02057647705078"><ele>39.79999923706055</ele><time>2026-08-23T00:13:44Z</time></trkpt><trkpt lat="37.58987045288086" lon="127.02057647705078"><ele>39.79999923706055</ele><time>2026-08-23T00:13:45Z</time></trkpt><trkpt lat="37.58985137939453" lon="127.02056884765625"><ele>39.79999923706055</ele><time>2026-08-23T00:13:46Z</time></trkpt><trkpt lat="37.58982467651367" lon="127.02056884765625"><ele>39.79999923706055</ele><time>2026-08-23T00:13:47Z</time></trkpt><trkpt lat="37.589805603027344" lon="127.02056884765625"><ele>39.599998474121094</ele><time>2026-08-23T00:13:48Z</time></trkpt><trkpt lat="37.589786529541016" lon="127.02056884765625"><ele>39.599998474121094</ele><time>2026-08-23T00:13:49Z</time></trkpt><trkpt lat="37.58977508544922" lon="127.02056121826172"><ele>39.599998474121094</ele><time>2026-08-23T00:13:50Z</time></trkpt><trkpt lat="37.58976364135742" lon="127.02054595947266"><ele>39.599998474121094</ele><time>2026-08-23T00:13:51Z</time></trkpt><trkpt lat="37.58975601196289" lon="127.02052307128906"><ele>39.400001525878906</ele><time>2026-08-23T00:13:52Z</time></trkpt><trkpt lat="37.58975601196289" lon="127.02051544189453"><ele>39.400001525878906</ele><time>2026-08-23T00:13:53Z</time></trkpt><trkpt lat="37.58975601196289" lon="127.02049255371094"><ele>39.20000076293945</ele><time>2026-08-23T00:13:54Z</time></trkpt><trkpt lat="37.58975601196289" lon="127.02046203613281"><ele>39.20000076293945</ele><time>2026-08-23T00:13:55Z</time></trkpt><trkpt lat="37.58975601196289" lon="127.02043151855469"><ele>39.0</ele><time>2026-08-23T00:13:56Z</time></trkpt><trkpt lat="37.58975601196289" lon="127.02040100097656"><ele>39.0</ele><time>2026-08-23T00:13:57Z</time></trkpt><trkpt lat="37.589752197265625" lon="127.02037048339844"><ele>39.0</ele><time>2026-08-23T00:13:58Z</time></trkpt><trkpt lat="37.58974075317383" lon="127.02034759521484"><ele>39.0</ele><time>2026-08-23T00:13:59Z</time></trkpt><trkpt lat="37.5897331237793" lon="127.02032470703125"><ele>38.79999923706055</ele><time>2026-08-23T00:14:00Z</time></trkpt><trkpt lat="37.589717864990234" lon="127.02031707763672"><ele>38.79999923706055</ele><time>2026-08-23T00:14:01Z</time></trkpt><trkpt lat="37.58969497680664" lon="127.02030181884766"><ele>38.79999923706055</ele><time>2026-08-23T00:14:02Z</time></trkpt><trkpt lat="37.58967208862305" lon="127.02029418945312"><ele>38.79999923706055</ele><time>2026-08-23T00:14:03Z</time></trkpt><trkpt lat="37.58964920043945" lon="127.0202865600586"><ele>38.79999923706055</ele><time>2026-08-23T00:14:04Z</time></trkpt><trkpt lat="37.58962631225586" lon="127.02027130126953"><ele>38.599998474121094</ele><time>2026-08-23T00:14:05Z</time></trkpt><trkpt lat="37.589603424072266" lon="127.02027130126953"><ele>38.599998474121094</ele><time>2026-08-23T00:14:06Z</time></trkpt><trkpt lat="37.58958435058594" lon="127.020263671875"><ele>38.599998474121094</ele><time>2026-08-23T00:14:07Z</time></trkpt><trkpt lat="37.589561462402344" lon="127.020263671875"><ele>38.599998474121094</ele><time>2026-08-23T00:14:08Z</time></trkpt><trkpt lat="37.58955001831055" lon="127.02025604248047"><ele>38.599998474121094</ele><time>2026-08-23T00:14:09Z</time></trkpt><trkpt lat="37.58952713012695" lon="127.02024841308594"><ele>38.400001525878906</ele><time>2026-08-23T00:14:10Z</time></trkpt><trkpt lat="37.589508056640625" lon="127.0202407836914"><ele>38.400001525878906</ele><time>2026-08-23T00:14:11Z</time></trkpt><trkpt lat="37.58948516845703" lon="127.02023315429688"><ele>38.400001525878906</ele><time>2026-08-23T00:14:12Z</time></trkpt><trkpt lat="37.58945846557617" lon="127.02021789550781"><ele>38.400001525878906</ele><time>2026-08-23T00:14:13Z</time></trkpt><trkpt lat="37.58943557739258" lon="127.02021026611328"><ele>38.20000076293945</ele><time>2026-08-23T00:14:14Z</time></trkpt><trkpt lat="37.589412689208984" lon="127.02019500732422"><ele>38.20000076293945</ele><time>2026-08-23T00:14:15Z</time></trkpt><trkpt lat="37.58940124511719" lon="127.02017211914062"><ele>38.20000076293945</ele><time>2026-08-23T00:14:16Z</time></trkpt><trkpt lat="37.58938980102539" lon="127.02014923095703"><ele>38.20000076293945</ele><time>2026-08-23T00:14:17Z</time></trkpt><trkpt lat="37.589385986328125" lon="127.02013397216797"><ele>38.20000076293945</ele><time>2026-08-23T00:14:18Z</time></trkpt><trkpt lat="37.588096618652344" lon="127.01969909667969"><ele>33.79999923706055</ele><time>2026-08-23T00:17:22Z</time></trkpt><trkpt lat="37.58808517456055" lon="127.01970672607422"><ele>33.79999923706055</ele><time>2026-08-23T00:17:23Z</time></trkpt><trkpt lat="37.58807373046875" lon="127.01972198486328"><ele>33.79999923706055</ele><time>2026-08-23T00:17:24Z</time></trkpt><trkpt lat="37.58806610107422" lon="127.01973724365234"><ele>33.79999923706055</ele><time>2026-08-23T00:17:25Z</time></trkpt><trkpt lat="37.588050842285156" lon="127.0197525024414"><ele>33.599998474121094</ele><time>2026-08-23T00:17:26Z</time></trkpt><trkpt lat="37.58803939819336" lon="127.01976776123047"><ele>33.599998474121094</ele><time>2026-08-23T00:17:27Z</time></trkpt><trkpt lat="37.5880241394043" lon="127.01979064941406"><ele>33.599998474121094</ele><time>2026-08-23T00:17:28Z</time></trkpt><trkpt lat="37.588008880615234" lon="127.01981353759766"><ele>33.599998474121094</ele><time>2026-08-23T00:17:29Z</time></trkpt><trkpt lat="37.58799743652344" lon="127.01982879638672"><ele>33.599998474121094</ele><time>2026-08-23T00:17:30Z</time></trkpt><trkpt lat="37.587982177734375" lon="127.01985168457031"><ele>33.400001525878906</ele><time>2026-08-23T00:17:31Z</time></trkpt><trkpt lat="37.587974548339844" lon="127.01986694335938"><ele>33.400001525878906</ele><time>2026-08-23T00:17:32Z</time></trkpt><trkpt lat="37.587955474853516" lon="127.01988983154297"><ele>33.400001525878906</ele><time>2026-08-23T00:17:33Z</time></trkpt><trkpt lat="37.58794021606445" lon="127.01990509033203"><ele>33.400001525878906</ele><time>2026-08-23T00:17:34Z</time></trkpt><trkpt lat="37.587928771972656" lon="127.0199203491211"><ele>33.400001525878906</ele><time>2026-08-23T00:17:35Z</time></trkpt><trkpt lat="37.58790969848633" lon="127.01994323730469"><ele>33.599998474121094</ele><time>2026-08-23T00:17:36Z</time></trkpt><trkpt lat="37.5879020690918" lon="127.01995849609375"><ele>33.599998474121094</ele><time>2026-08-23T00:17:37Z</time></trkpt><trkpt lat="37.58788299560547" lon="127.01998138427734"><ele>33.599998474121094</ele><time>2026-08-23T00:17:38Z</time></trkpt><trkpt lat="37.587867736816406" lon="127.0199966430664"><ele>33.599998474121094</ele><time>2026-08-23T00:17:39Z</time></trkpt><trkpt lat="37.587852478027344" lon="127.02001953125"><ele>33.599998474121094</ele><time>2026-08-23T00:17:40Z</time></trkpt><trkpt lat="37.58783721923828" lon="127.02003479003906"><ele>33.400001525878906</ele><time>2026-08-23T00:17:41Z</time></trkpt><trkpt lat="37.58782196044922" lon="127.02005004882812"><ele>33.400001525878906</ele><time>2026-08-23T00:17:42Z</time></trkpt><trkpt lat="37.587806701660156" lon="127.02006530761719"><ele>33.400001525878906</ele><time>2026-08-23T00:17:43Z</time></trkpt><trkpt lat="37.587791442871094" lon="127.02008056640625"><ele>33.400001525878906</ele><time>2026-08-23T00:17:44Z</time></trkpt><trkpt lat="37.58777618408203" lon="127.02009582519531"><ele>33.400001525878906</ele><time>2026-08-23T00:17:45Z</time></trkpt><trkpt lat="37.58776092529297" lon="127.02011108398438"><ele>33.400001525878906</ele><time>2026-08-23T00:17:46Z</time></trkpt><trkpt lat="37.587745666503906" lon="127.02012634277344"><ele>33.400001525878906</ele><time>2026-08-23T00:17:47Z</time></trkpt><trkpt lat="37.587730407714844" lon="127.02013397216797"><ele>33.400001525878906</ele><time>2026-08-23T00:17:48Z</time></trkpt><trkpt lat="37.58770751953125" lon="127.02014923095703"><ele>33.20000076293945</ele><time>2026-08-23T00:17:49Z</time></trkpt><trkpt lat="37.58769226074219" lon="127.02015686035156"><ele>33.20000076293945</ele><time>2026-08-23T00:17:50Z</time></trkpt><trkpt lat="37.58767318725586" lon="127.02017211914062"><ele>33.20000076293945</ele><time>2026-08-23T00:17:51Z</time></trkpt><trkpt lat="37.58765411376953" lon="127.02018737792969"><ele>33.20000076293945</ele><time>2026-08-23T00:17:52Z</time></trkpt><trkpt lat="37.587646484375" lon="127.02021026611328"><ele>33.20000076293945</ele><time>2026-08-23T00:17:53Z</time></trkpt><trkpt lat="37.587623596191406" lon="127.02022552490234"><ele>33.20000076293945</ele><time>2026-08-23T00:17:54Z</time></trkpt><trkpt lat="37.587608337402344" lon="127.0202407836914"><ele>33.0</ele><time>2026-08-23T00:17:55Z</time></trkpt><trkpt lat="37.587589263916016" lon="127.02024841308594"><ele>33.0</ele><time>2026-08-23T00:17:56Z</time></trkpt><trkpt lat="37.58757400512695" lon="127.020263671875"><ele>33.0</ele><time>2026-08-23T00:17:57Z</time></trkpt><trkpt lat="37.587562561035156" lon="127.02027893066406"><ele>33.0</ele><time>2026-08-23T00:17:58Z</time></trkpt><trkpt lat="37.58753967285156" lon="127.02029418945312"><ele>33.0</ele><time>2026-08-23T00:17:59Z</time></trkpt><trkpt lat="37.587520599365234" lon="127.02030181884766"><ele>32.79999923706055</ele><time>2026-08-23T00:18:00Z</time></trkpt><trkpt lat="37.587501525878906" lon="127.02031707763672"><ele>32.79999923706055</ele><time>2026-08-23T00:18:01Z</time></trkpt><trkpt lat="37.58748245239258" lon="127.02033233642578"><ele>32.79999923706055</ele><time>2026-08-23T00:18:02Z</time></trkpt><trkpt lat="37.58747100830078" lon="127.02034759521484"><ele>32.79999923706055</ele><time>2026-08-23T00:18:03Z</time></trkpt><trkpt lat="37.58744812011719" lon="127.02035522460938"><ele>32.79999923706055</ele><time>2026-08-23T00:18:04Z</time></trkpt><trkpt lat="37.58742904663086" lon="127.0203628540039"><ele>32.79999923706055</ele><time>2026-08-23T00:18:05Z</time></trkpt><trkpt lat="37.58740997314453" lon="127.02037811279297"><ele>32.79999923706055</ele><time>2026-08-23T00:18:06Z</time></trkpt><trkpt lat="37.5873908996582" lon="127.0203857421875"><ele>32.79999923706055</ele><time>2026-08-23T00:18:07Z</time></trkpt><trkpt lat="37.587379455566406" lon="127.02040100097656"><ele>32.599998474121094</ele><time>2026-08-23T00:18:08Z</time></trkpt><trkpt lat="37.58735656738281" lon="127.0204086303711"><ele>32.599998474121094</ele><time>2026-08-23T00:18:09Z</time></trkpt><trkpt lat="37.58734130859375" lon="127.02041625976562"><ele>32.599998474121094</ele><time>2026-08-23T00:18:10Z</time></trkpt><trkpt lat="37.58732604980469" lon="127.02043151855469"><ele>32.599998474121094</ele><time>2026-08-23T00:18:11Z</time></trkpt><trkpt lat="37.58730697631836" lon="127.02043914794922"><ele>32.599998474121094</ele><time>2026-08-23T00:18:12Z</time></trkpt><trkpt lat="37.58729553222656" lon="127.02045440673828"><ele>32.599998474121094</ele><time>2026-08-23T00:18:13Z</time></trkpt><trkpt lat="37.587276458740234" lon="127.02046966552734"><ele>32.599998474121094</ele><time>2026-08-23T00:18:14Z</time></trkpt><trkpt lat="37.58726119995117" lon="127.02047729492188"><ele>32.599998474121094</ele><time>2026-08-23T00:18:15Z</time></trkpt><trkpt lat="37.58724594116211" lon="127.0204849243164"><ele>32.599998474121094</ele><time>2026-08-23T00:18:16Z</time></trkpt><trkpt lat="37.587223052978516" lon="127.02049255371094"><ele>32.400001525878906</ele><time>2026-08-23T00:18:17Z</time></trkpt><trkpt lat="37.58721160888672" lon="127.02050018310547"><ele>32.400001525878906</ele><time>2026-08-23T00:18:18Z</time></trkpt><trkpt lat="37.587188720703125" lon="127.02051544189453"><ele>32.400001525878906</ele><time>2026-08-23T00:18:19Z</time></trkpt><trkpt lat="37.58717727661133" lon="127.02052307128906"><ele>32.400001525878906</ele><time>2026-08-23T00:18:20Z</time></trkpt><trkpt lat="37.587154388427734" lon="127.02053833007812"><ele>32.400001525878906</ele><time>2026-08-23T00:18:21Z</time></trkpt><trkpt lat="37.587135314941406" lon="127.02053833007812"><ele>32.400001525878906</ele><time>2026-08-23T00:18:22Z</time></trkpt><trkpt lat="37.58711624145508" lon="127.02054595947266"><ele>32.400001525878906</ele><time>2026-08-23T00:18:23Z</time></trkpt><trkpt lat="37.58709716796875" lon="127.02054595947266"><ele>32.400001525878906</ele><time>2026-08-23T00:18:24Z</time></trkpt><trkpt lat="37.58708190917969" lon="127.02055358886719"><ele>32.20000076293945</ele><time>2026-08-23T00:18:25Z</time></trkpt><trkpt lat="37.58706283569336" lon="127.02056121826172"><ele>32.20000076293945</ele><time>2026-08-23T00:18:26Z</time></trkpt><trkpt lat="37.5870475769043" lon="127.02056884765625"><ele>32.20000076293945</ele><time>2026-08-23T00:18:27Z</time></trkpt><trkpt lat="37.587032318115234" lon="127.02057647705078"><ele>32.20000076293945</ele><time>2026-08-23T00:18:28Z</time></trkpt><trkpt lat="37.58701705932617" lon="127.02058410644531"><ele>32.20000076293945</ele><time>2026-08-23T00:18:29Z</time></trkpt><trkpt lat="37.586997985839844" lon="127.02058410644531"><ele>32.20000076293945</ele><time>2026-08-23T00:18:30Z</time></trkpt><trkpt lat="37.58696365356445" lon="127.02058410644531"><ele>32.20000076293945</ele><time>2026-08-23T00:18:31Z</time></trkpt><trkpt lat="37.58694839477539" lon="127.02059936523438"><ele>32.20000076293945</ele><time>2026-08-23T00:18:32Z</time></trkpt><trkpt lat="37.586936950683594" lon="127.02061462402344"><ele>32.20000076293945</ele><time>2026-08-23T00:18:33Z</time></trkpt><trkpt lat="37.586917877197266" lon="127.0206298828125"><ele>32.20000076293945</ele><time>2026-08-23T00:18:34Z</time></trkpt><trkpt lat="37.58689880371094" lon="127.02064514160156"><ele>32.20000076293945</ele><time>2026-08-23T00:18:35Z</time></trkpt><trkpt lat="37.586875915527344" lon="127.0206527709961"><ele>32.400001525878906</ele><time>2026-08-23T00:18:36Z</time></trkpt><trkpt lat="37.58685302734375" lon="127.02066040039062"><ele>32.400001525878906</ele><time>2026-08-23T00:18:37Z</time></trkpt><trkpt lat="37.586830139160156" lon="127.02066802978516"><ele>32.400001525878906</ele><time>2026-08-23T00:18:38Z</time></trkpt><trkpt lat="37.58680725097656" lon="127.02067565917969"><ele>32.400001525878906</ele><time>2026-08-23T00:18:39Z</time></trkpt><trkpt lat="37.58678436279297" lon="127.02068328857422"><ele>32.400001525878906</ele><time>2026-08-23T00:18:40Z</time></trkpt><trkpt lat="37.586761474609375" lon="127.02069091796875"><ele>32.599998474121094</ele><time>2026-08-23T00:18:41Z</time></trkpt><trkpt lat="37.58673858642578" lon="127.02069854736328"><ele>32.400001525878906</ele><time>2026-08-23T00:18:42Z</time></trkpt><trkpt lat="37.58671951293945" lon="127.02070617675781"><ele>32.400001525878906</ele><time>2026-08-23T00:18:43Z</time></trkpt><trkpt lat="37.586700439453125" lon="127.02071380615234"><ele>32.400001525878906</ele><time>2026-08-23T00:18:44Z</time></trkpt><trkpt lat="37.58668518066406" lon="127.02072143554688"><ele>32.400001525878906</ele><time>2026-08-23T00:18:45Z</time></trkpt><trkpt lat="37.5866584777832" lon="127.0207290649414"><ele>32.20000076293945</ele><time>2026-08-23T00:18:46Z</time></trkpt><trkpt lat="37.58664321899414" lon="127.02073669433594"><ele>32.20000076293945</ele><time>2026-08-23T00:18:47Z</time></trkpt><trkpt lat="37.58662033081055" lon="127.02074432373047"><ele>32.20000076293945</ele><time>2026-08-23T00:18:48Z</time></trkpt><trkpt lat="37.58659744262695" lon="127.020751953125"><ele>32.20000076293945</ele><time>2026-08-23T00:18:49Z</time></trkpt><trkpt lat="37.58658218383789" lon="127.02075958251953"><ele>32.0</ele><time>2026-08-23T00:18:50Z</time></trkpt><trkpt lat="37.5865592956543" lon="127.02075958251953"><ele>32.0</ele><time>2026-08-23T00:18:51Z</time></trkpt><trkpt lat="37.58654022216797" lon="127.02076721191406"><ele>32.0</ele><time>2026-08-23T00:18:52Z</time></trkpt><trkpt lat="37.586517333984375" lon="127.0207748413086"><ele>32.0</ele><time>2026-08-23T00:18:53Z</time></trkpt><trkpt lat="37.58649826049805" lon="127.0207748413086"><ele>32.0</ele><time>2026-08-23T00:18:54Z</time></trkpt><trkpt lat="37.58648681640625" lon="127.02079010009766"><ele>32.0</ele><time>2026-08-23T00:18:55Z</time></trkpt><trkpt lat="37.58646011352539" lon="127.02079772949219"><ele>32.0</ele><time>2026-08-23T00:18:56Z</time></trkpt><trkpt lat="37.58644485473633" lon="127.02079772949219"><ele>32.0</ele><time>2026-08-23T00:18:57Z</time></trkpt><trkpt lat="37.58642578125" lon="127.02080535888672"><ele>32.0</ele><time>2026-08-23T00:18:58Z</time></trkpt><trkpt lat="37.58640670776367" lon="127.02081298828125"><ele>32.0</ele><time>2026-08-23T00:18:59Z</time></trkpt><trkpt lat="37.586395263671875" lon="127.02082061767578"><ele>31.799999237060547</ele><time>2026-08-23T00:19:00Z</time></trkpt><trkpt lat="37.58637619018555" lon="127.02082824707031"><ele>31.799999237060547</ele><time>2026-08-23T00:19:01Z</time></trkpt><trkpt lat="37.58636474609375" lon="127.02083587646484"><ele>31.799999237060547</ele><time>2026-08-23T00:19:02Z</time></trkpt><trkpt lat="37.58634567260742" lon="127.02084350585938"><ele>31.600000381469727</ele><time>2026-08-23T00:19:03Z</time></trkpt><trkpt lat="37.58633041381836" lon="127.02085876464844"><ele>31.600000381469727</ele><time>2026-08-23T00:19:04Z</time></trkpt><trkpt lat="37.5863151550293" lon="127.02086639404297"><ele>31.600000381469727</ele><time>2026-08-23T00:19:05Z</time></trkpt><trkpt lat="37.58629608154297" lon="127.0208740234375"><ele>31.600000381469727</ele><time>2026-08-23T00:19:06Z</time></trkpt><trkpt lat="37.586280822753906" lon="127.02088928222656"><ele>31.600000381469727</ele><time>2026-08-23T00:19:07Z</time></trkpt><trkpt lat="37.58626937866211" lon="127.0208969116211"><ele>31.600000381469727</ele><time>2026-08-23T00:19:08Z</time></trkpt><trkpt lat="37.586246490478516" lon="127.0208969116211"><ele>31.600000381469727</ele><time>2026-08-23T00:19:09Z</time></trkpt><trkpt lat="37.58623123168945" lon="127.02090454101562"><ele>31.600000381469727</ele><time>2026-08-23T00:19:10Z</time></trkpt><trkpt lat="37.586212158203125" lon="127.02090454101562"><ele>31.600000381469727</ele><time>2026-08-23T00:19:11Z</time></trkpt><trkpt lat="37.5861930847168" lon="127.02091217041016"><ele>31.600000381469727</ele><time>2026-08-23T00:19:12Z</time></trkpt><trkpt lat="37.586177825927734" lon="127.02091217041016"><ele>31.600000381469727</ele><time>2026-08-23T00:19:13Z</time></trkpt><trkpt lat="37.586158752441406" lon="127.02091979980469"><ele>31.600000381469727</ele><time>2026-08-23T00:19:14Z</time></trkpt><trkpt lat="37.58613967895508" lon="127.02092742919922"><ele>31.600000381469727</ele><time>2026-08-23T00:19:15Z</time></trkpt><trkpt lat="37.586124420166016" lon="127.02093505859375"><ele>31.600000381469727</ele><time>2026-08-23T00:19:16Z</time></trkpt><trkpt lat="37.58610534667969" lon="127.02094268798828"><ele>31.600000381469727</ele><time>2026-08-23T00:19:17Z</time></trkpt><trkpt lat="37.58608627319336" lon="127.02094268798828"><ele>31.600000381469727</ele><time>2026-08-23T00:19:18Z</time></trkpt><trkpt lat="37.5860710144043" lon="127.02095794677734"><ele>31.600000381469727</ele><time>2026-08-23T00:19:19Z</time></trkpt><trkpt lat="37.5860481262207" lon="127.0209732055664"><ele>31.600000381469727</ele><time>2026-08-23T00:19:20Z</time></trkpt><trkpt lat="37.586029052734375" lon="127.02100372314453"><ele>31.600000381469727</ele><time>2026-08-23T00:19:21Z</time></trkpt><trkpt lat="37.58600616455078" lon="127.02100372314453"><ele>31.399999618530273</ele><time>2026-08-23T00:19:22Z</time></trkpt><trkpt lat="37.58599090576172" lon="127.0210189819336"><ele>31.399999618530273</ele><time>2026-08-23T00:19:23Z</time></trkpt><trkpt lat="37.585975646972656" lon="127.02102661132812"><ele>31.399999618530273</ele><time>2026-08-23T00:19:24Z</time></trkpt><trkpt lat="37.58595657348633" lon="127.02102661132812"><ele>31.399999618530273</ele><time>2026-08-23T00:19:25Z</time></trkpt><trkpt lat="37.585941314697266" lon="127.02103424072266"><ele>31.399999618530273</ele><time>2026-08-23T00:19:26Z</time></trkpt><trkpt lat="37.58592224121094" lon="127.02104187011719"><ele>31.200000762939453</ele><time>2026-08-23T00:19:27Z</time></trkpt><trkpt lat="37.585906982421875" lon="127.02104187011719"><ele>31.200000762939453</ele><time>2026-08-23T00:19:28Z</time></trkpt><trkpt lat="37.58589172363281" lon="127.02104949951172"><ele>31.200000762939453</ele><time>2026-08-23T00:19:29Z</time></trkpt><trkpt lat="37.585880279541016" lon="127.02104949951172"><ele>31.200000762939453</ele><time>2026-08-23T00:19:30Z</time></trkpt><trkpt lat="37.58586502075195" lon="127.02105712890625"><ele>31.200000762939453</ele><time>2026-08-23T00:19:31Z</time></trkpt><trkpt lat="37.58585739135742" lon="127.02106475830078"><ele>31.200000762939453</ele><time>2026-08-23T00:19:32Z</time></trkpt><trkpt lat="37.585838317871094" lon="127.02108001708984"><ele>31.200000762939453</ele><time>2026-08-23T00:19:33Z</time></trkpt><trkpt lat="37.58577346801758" lon="127.02110290527344"><ele>31.200000762939453</ele><time>2026-08-23T00:19:34Z</time></trkpt><trkpt lat="37.58573913574219" lon="127.0210952758789"><ele>31.200000762939453</ele><time>2026-08-23T00:19:35Z</time></trkpt><trkpt lat="37.58574295043945" lon="127.0211181640625"><ele>31.200000762939453</ele><time>2026-08-23T00:19:36Z</time></trkpt><trkpt lat="37.585731506347656" lon="127.0211181640625"><ele>31.200000762939453</ele><time>2026-08-23T00:19:37Z</time></trkpt><trkpt lat="37.585716247558594" lon="127.0211181640625"><ele>31.200000762939453</ele><time>2026-08-23T00:19:38Z</time></trkpt><trkpt lat="37.58571243286133" lon="127.02112579345703"><ele>31.0</ele><time>2026-08-23T00:19:39Z</time></trkpt><trkpt lat="37.58570098876953" lon="127.02112579345703"><ele>31.0</ele><time>2026-08-23T00:19:40Z</time></trkpt><trkpt lat="37.585689544677734" lon="127.02113342285156"><ele>31.0</ele><time>2026-08-23T00:19:41Z</time></trkpt><trkpt lat="37.58567428588867" lon="127.02113342285156"><ele>31.0</ele><time>2026-08-23T00:19:42Z</time></trkpt><trkpt lat="37.585655212402344" lon="127.0211410522461"><ele>31.0</ele><time>2026-08-23T00:19:43Z</time></trkpt><trkpt lat="37.58563995361328" lon="127.0211410522461"><ele>31.0</ele><time>2026-08-23T00:19:44Z</time></trkpt><trkpt lat="37.58562088012695" lon="127.02114868164062"><ele>31.0</ele><time>2026-08-23T00:19:45Z</time></trkpt><trkpt lat="37.585601806640625" lon="127.02115631103516"><ele>31.0</ele><time>2026-08-23T00:19:46Z</time></trkpt><trkpt lat="37.58558654785156" lon="127.02115631103516"><ele>30.799999237060547</ele><time>2026-08-23T00:19:47Z</time></trkpt><trkpt lat="37.585567474365234" lon="127.02116394042969"><ele>30.799999237060547</ele><time>2026-08-23T00:19:48Z</time></trkpt><trkpt lat="37.585548400878906" lon="127.02116394042969"><ele>30.799999237060547</ele><time>2026-08-23T00:19:49Z</time></trkpt><trkpt lat="37.585533142089844" lon="127.02117156982422"><ele>30.799999237060547</ele><time>2026-08-23T00:19:50Z</time></trkpt><trkpt lat="37.58551025390625" lon="127.02117919921875"><ele>30.799999237060547</ele><time>2026-08-23T00:19:51Z</time></trkpt><trkpt lat="37.58549118041992" lon="127.02117919921875"><ele>30.799999237060547</ele><time>2026-08-23T00:19:52Z</time></trkpt><trkpt lat="37.585472106933594" lon="127.02117919921875"><ele>30.799999237060547</ele><time>2026-08-23T00:19:53Z</time></trkpt><trkpt lat="37.585453033447266" lon="127.02117919921875"><ele>30.799999237060547</ele><time>2026-08-23T00:19:54Z</time></trkpt><trkpt lat="37.5854377746582" lon="127.02118682861328"><ele>30.799999237060547</ele><time>2026-08-23T00:19:55Z</time></trkpt><trkpt lat="37.585418701171875" lon="127.02118682861328"><ele>30.799999237060547</ele><time>2026-08-23T00:19:56Z</time></trkpt><trkpt lat="37.58540344238281" lon="127.02119445800781"><ele>30.799999237060547</ele><time>2026-08-23T00:19:57Z</time></trkpt><trkpt lat="37.58538818359375" lon="127.02120971679688"><ele>30.799999237060547</ele><time>2026-08-23T00:19:58Z</time></trkpt><trkpt lat="37.585365295410156" lon="127.02120971679688"><ele>30.799999237060547</ele><time>2026-08-23T00:19:59Z</time></trkpt><trkpt lat="37.58534622192383" lon="127.0212173461914"><ele>30.799999237060547</ele><time>2026-08-23T00:20:00Z</time></trkpt><trkpt lat="37.585330963134766" lon="127.02123260498047"><ele>31.0</ele><time>2026-08-23T00:20:01Z</time></trkpt><trkpt lat="37.585304260253906" lon="127.02123260498047"><ele>31.0</ele><time>2026-08-23T00:20:02Z</time></trkpt><trkpt lat="37.585289001464844" lon="127.021240234375"><ele>31.0</ele><time>2026-08-23T00:20:03Z</time></trkpt><trkpt lat="37.58527374267578" lon="127.02124786376953"><ele>31.0</ele><time>2026-08-23T00:20:04Z</time></trkpt><trkpt lat="37.58525085449219" lon="127.02125549316406"><ele>31.0</ele><time>2026-08-23T00:20:05Z</time></trkpt><trkpt lat="37.585235595703125" lon="127.02125549316406"><ele>31.0</ele><time>2026-08-23T00:20:06Z</time></trkpt><trkpt lat="37.5852165222168" lon="127.0212631225586"><ele>31.0</ele><time>2026-08-23T00:20:07Z</time></trkpt><trkpt lat="37.58519744873047" lon="127.02127075195312"><ele>30.799999237060547</ele><time>2026-08-23T00:20:08Z</time></trkpt><trkpt lat="37.585182189941406" lon="127.02127838134766"><ele>30.799999237060547</ele><time>2026-08-23T00:20:09Z</time></trkpt><trkpt lat="37.58516311645508" lon="127.02128601074219"><ele>30.799999237060547</ele><time>2026-08-23T00:20:10Z</time></trkpt><trkpt lat="37.58514404296875" lon="127.02128601074219"><ele>30.799999237060547</ele><time>2026-08-23T00:20:11Z</time></trkpt><trkpt lat="37.58512878417969" lon="127.02129364013672"><ele>30.799999237060547</ele><time>2026-08-23T00:20:12Z</time></trkpt><trkpt lat="37.58510971069336" lon="127.02130126953125"><ele>30.799999237060547</ele><time>2026-08-23T00:20:13Z</time></trkpt><trkpt lat="37.5850944519043" lon="127.02129364013672"><ele>30.600000381469727</ele><time>2026-08-23T00:20:14Z</time></trkpt><trkpt lat="37.585079193115234" lon="127.02130126953125"><ele>30.600000381469727</ele><time>2026-08-23T00:20:15Z</time></trkpt><trkpt lat="37.58506393432617" lon="127.02130889892578"><ele>30.600000381469727</ele><time>2026-08-23T00:20:16Z</time></trkpt><trkpt lat="37.58504867553711" lon="127.02131652832031"><ele>30.600000381469727</ele><time>2026-08-23T00:20:17Z</time></trkpt><trkpt lat="37.58502960205078" lon="127.02131652832031"><ele>30.600000381469727</ele><time>2026-08-23T00:20:18Z</time></trkpt><trkpt lat="37.58501052856445" lon="127.02132415771484"><ele>30.600000381469727</ele><time>2026-08-23T00:20:19Z</time></trkpt><trkpt lat="37.58499526977539" lon="127.02132415771484"><ele>30.600000381469727</ele><time>2026-08-23T00:20:20Z</time></trkpt><trkpt lat="37.58497619628906" lon="127.02133178710938"><ele>30.600000381469727</ele><time>2026-08-23T00:20:21Z</time></trkpt><trkpt lat="37.584964752197266" lon="127.0213394165039"><ele>30.399999618530273</ele><time>2026-08-23T00:20:22Z</time></trkpt><trkpt lat="37.58494186401367" lon="127.0213394165039"><ele>30.399999618530273</ele><time>2026-08-23T00:20:23Z</time></trkpt><trkpt lat="37.58492660522461" lon="127.02134704589844"><ele>30.399999618530273</ele><time>2026-08-23T00:20:24Z</time></trkpt><trkpt lat="37.58491134643555" lon="127.02134704589844"><ele>30.399999618530273</ele><time>2026-08-23T00:20:25Z</time></trkpt><trkpt lat="37.58488845825195" lon="127.02135467529297"><ele>30.399999618530273</ele><time>2026-08-23T00:20:26Z</time></trkpt><trkpt lat="37.58487319946289" lon="127.0213623046875"><ele>30.600000381469727</ele><time>2026-08-23T00:20:27Z</time></trkpt><trkpt lat="37.58485412597656" lon="127.02136993408203"><ele>30.600000381469727</ele><time>2026-08-23T00:20:28Z</time></trkpt><trkpt lat="37.58483123779297" lon="127.02137756347656"><ele>30.600000381469727</ele><time>2026-08-23T00:20:29Z</time></trkpt><trkpt lat="37.584815979003906" lon="127.02139282226562"><ele>30.600000381469727</ele><time>2026-08-23T00:20:30Z</time></trkpt><trkpt lat="37.58479690551758" lon="127.02140045166016"><ele>30.600000381469727</ele><time>2026-08-23T00:20:31Z</time></trkpt><trkpt lat="37.584774017333984" lon="127.02140808105469"><ele>30.399999618530273</ele><time>2026-08-23T00:20:32Z</time></trkpt><trkpt lat="37.58475875854492" lon="127.02141571044922"><ele>30.399999618530273</ele><time>2026-08-23T00:20:33Z</time></trkpt><trkpt lat="37.584739685058594" lon="127.02142333984375"><ele>30.399999618530273</ele><time>2026-08-23T00:20:34Z</time></trkpt><trkpt lat="37.58472442626953" lon="127.02143096923828"><ele>30.200000762939453</ele><time>2026-08-23T00:20:35Z</time></trkpt><trkpt lat="37.58470916748047" lon="127.02144622802734"><ele>30.200000762939453</ele><time>2026-08-23T00:20:36Z</time></trkpt><trkpt lat="37.584686279296875" lon="127.02145385742188"><ele>30.200000762939453</ele><time>2026-08-23T00:20:37Z</time></trkpt><trkpt lat="37.58467483520508" lon="127.02145385742188"><ele>30.200000762939453</ele><time>2026-08-23T00:20:38Z</time></trkpt><trkpt lat="37.58465576171875" lon="127.0214614868164"><ele>30.200000762939453</ele><time>2026-08-23T00:20:39Z</time></trkpt><trkpt lat="37.58463668823242" lon="127.02146911621094"><ele>30.0</ele><time>2026-08-23T00:20:40Z</time></trkpt><trkpt lat="37.584625244140625" lon="127.021484375"><ele>30.0</ele><time>2026-08-23T00:20:41Z</time></trkpt><trkpt lat="37.58460235595703" lon="127.021484375"><ele>30.0</ele><time>2026-08-23T00:20:42Z</time></trkpt><trkpt lat="37.58458709716797" lon="127.02149200439453"><ele>30.0</ele><time>2026-08-23T00:20:43Z</time></trkpt><trkpt lat="37.58456802368164" lon="127.02149963378906"><ele>30.0</ele><time>2026-08-23T00:20:44Z</time></trkpt><trkpt lat="37.58454513549805" lon="127.02149963378906"><ele>30.0</ele><time>2026-08-23T00:20:45Z</time></trkpt><trkpt lat="37.584529876708984" lon="127.02149963378906"><ele>30.0</ele><time>2026-08-23T00:20:46Z</time></trkpt><trkpt lat="37.58450698852539" lon="127.0215072631836"><ele>30.0</ele><time>2026-08-23T00:20:47Z</time></trkpt><trkpt lat="37.58448791503906" lon="127.0215072631836"><ele>30.0</ele><time>2026-08-23T00:20:48Z</time></trkpt><trkpt lat="37.584468841552734" lon="127.02151489257812"><ele>30.0</ele><time>2026-08-23T00:20:49Z</time></trkpt><trkpt lat="37.584449768066406" lon="127.02153015136719"><ele>30.0</ele><time>2026-08-23T00:20:50Z</time></trkpt><trkpt lat="37.584434509277344" lon="127.02153778076172"><ele>30.0</ele><time>2026-08-23T00:20:51Z</time></trkpt><trkpt lat="37.58441925048828" lon="127.02154541015625"><ele>30.0</ele><time>2026-08-23T00:20:52Z</time></trkpt><trkpt lat="37.584407806396484" lon="127.02154541015625"><ele>30.0</ele><time>2026-08-23T00:20:53Z</time></trkpt><trkpt lat="37.584388732910156" lon="127.02155303955078"><ele>30.0</ele><time>2026-08-23T00:20:54Z</time></trkpt><trkpt lat="37.58437728881836" lon="127.02156066894531"><ele>30.0</ele><time>2026-08-23T00:20:55Z</time></trkpt><trkpt lat="37.584354400634766" lon="127.02156829833984"><ele>30.0</ele><time>2026-08-23T00:20:56Z</time></trkpt><trkpt lat="37.5843391418457" lon="127.02156829833984"><ele>29.799999237060547</ele><time>2026-08-23T00:20:57Z</time></trkpt><trkpt lat="37.58432388305664" lon="127.02157592773438"><ele>29.799999237060547</ele><time>2026-08-23T00:20:58Z</time></trkpt><trkpt lat="37.58430099487305" lon="127.02159118652344"><ele>29.799999237060547</ele><time>2026-08-23T00:20:59Z</time></trkpt><trkpt lat="37.584285736083984" lon="127.02159118652344"><ele>29.799999237060547</ele><time>2026-08-23T00:21:00Z</time></trkpt><trkpt lat="37.584266662597656" lon="127.02159881591797"><ele>29.799999237060547</ele><time>2026-08-23T00:21:01Z</time></trkpt><trkpt lat="37.58424377441406" lon="127.0216064453125"><ele>29.799999237060547</ele><time>2026-08-23T00:21:02Z</time></trkpt><trkpt lat="37.584228515625" lon="127.02161407470703"><ele>29.799999237060547</ele><time>2026-08-23T00:21:03Z</time></trkpt><trkpt lat="37.58420944213867" lon="127.0216293334961"><ele>29.799999237060547</ele><time>2026-08-23T00:21:04Z</time></trkpt><trkpt lat="37.584190368652344" lon="127.0216293334961"><ele>29.799999237060547</ele><time>2026-08-23T00:21:05Z</time></trkpt><trkpt lat="37.58417510986328" lon="127.02164459228516"><ele>29.799999237060547</ele><time>2026-08-23T00:21:06Z</time></trkpt><trkpt lat="37.58415603637695" lon="127.02165222167969"><ele>29.799999237060547</ele><time>2026-08-23T00:21:07Z</time></trkpt><trkpt lat="37.584136962890625" lon="127.02165222167969"><ele>29.799999237060547</ele><time>2026-08-23T00:21:08Z</time></trkpt><trkpt lat="37.58412170410156" lon="127.02166748046875"><ele>29.799999237060547</ele><time>2026-08-23T00:21:09Z</time></trkpt><trkpt lat="37.584102630615234" lon="127.02166748046875"><ele>29.799999237060547</ele><time>2026-08-23T00:21:10Z</time></trkpt><trkpt lat="37.58408737182617" lon="127.02167510986328"><ele>29.799999237060547</ele><time>2026-08-23T00:21:11Z</time></trkpt><trkpt lat="37.584068298339844" lon="127.02168273925781"><ele>29.799999237060547</ele><time>2026-08-23T00:21:12Z</time></trkpt><trkpt lat="37.584049224853516" lon="127.02168273925781"><ele>29.799999237060547</ele><time>2026-08-23T00:21:13Z</time></trkpt><trkpt lat="37.58403396606445" lon="127.02169036865234"><ele>29.799999237060547</ele><time>2026-08-23T00:21:14Z</time></trkpt><trkpt lat="37.58401107788086" lon="127.02169799804688"><ele>29.799999237060547</ele><time>2026-08-23T00:21:15Z</time></trkpt><trkpt lat="37.5839958190918" lon="127.0217056274414"><ele>29.799999237060547</ele><time>2026-08-23T00:21:16Z</time></trkpt><trkpt lat="37.58397674560547" lon="127.0217056274414"><ele>29.600000381469727</ele><time>2026-08-23T00:21:17Z</time></trkpt><trkpt lat="37.583953857421875" lon="127.0217056274414"><ele>29.600000381469727</ele><time>2026-08-23T00:21:18Z</time></trkpt><trkpt lat="37.58393096923828" lon="127.02171325683594"><ele>29.399999618530273</ele><time>2026-08-23T00:21:19Z</time></trkpt><trkpt lat="37.58390808105469" lon="127.0217056274414"><ele>29.399999618530273</ele><time>2026-08-23T00:21:20Z</time></trkpt><trkpt lat="37.583892822265625" lon="127.0217056274414"><ele>29.200000762939453</ele><time>2026-08-23T00:21:21Z</time></trkpt><trkpt lat="37.58387756347656" lon="127.0217056274414"><ele>29.0</ele><time>2026-08-23T00:21:22Z</time></trkpt><trkpt lat="37.5838623046875" lon="127.02169799804688"><ele>28.799999237060547</ele><time>2026-08-23T00:21:23Z</time></trkpt><trkpt lat="37.58384323120117" lon="127.02169799804688"><ele>28.799999237060547</ele><time>2026-08-23T00:21:24Z</time></trkpt><trkpt lat="37.583824157714844" lon="127.02169799804688"><ele>28.799999237060547</ele><time>2026-08-23T00:21:25Z</time></trkpt><trkpt lat="37.583805084228516" lon="127.02169799804688"><ele>28.799999237060547</ele><time>2026-08-23T00:21:26Z</time></trkpt><trkpt lat="37.58379364013672" lon="127.0217056274414"><ele>28.799999237060547</ele><time>2026-08-23T00:21:27Z</time></trkpt><trkpt lat="37.583778381347656" lon="127.02172088623047"><ele>28.799999237060547</ele><time>2026-08-23T00:21:28Z</time></trkpt><trkpt lat="37.583763122558594" lon="127.02173614501953"><ele>29.0</ele><time>2026-08-23T00:21:29Z</time></trkpt><trkpt lat="37.58374786376953" lon="127.02174377441406"><ele>29.0</ele><time>2026-08-23T00:21:30Z</time></trkpt><trkpt lat="37.5837287902832" lon="127.02175903320312"><ele>29.200000762939453</ele><time>2026-08-23T00:21:31Z</time></trkpt><trkpt lat="37.58371353149414" lon="127.02176666259766"><ele>29.200000762939453</ele><time>2026-08-23T00:21:32Z</time></trkpt><trkpt lat="37.58369445800781" lon="127.02178192138672"><ele>29.200000762939453</ele><time>2026-08-23T00:21:33Z</time></trkpt><trkpt lat="37.58366775512695" lon="127.02178955078125"><ele>29.399999618530273</ele><time>2026-08-23T00:21:34Z</time></trkpt><trkpt lat="37.583648681640625" lon="127.02179718017578"><ele>29.399999618530273</ele><time>2026-08-23T00:21:35Z</time></trkpt><trkpt lat="37.58362579345703" lon="127.02180480957031"><ele>29.399999618530273</ele><time>2026-08-23T00:21:36Z</time></trkpt><trkpt lat="37.58361053466797" lon="127.02182006835938"><ele>29.399999618530273</ele><time>2026-08-23T00:21:37Z</time></trkpt><trkpt lat="37.583595275878906" lon="127.02182006835938"><ele>29.399999618530273</ele><time>2026-08-23T00:21:38Z</time></trkpt><trkpt lat="37.58357620239258" lon="127.0218276977539"><ele>29.399999618530273</ele><time>2026-08-23T00:21:39Z</time></trkpt><trkpt lat="37.583560943603516" lon="127.0218276977539"><ele>29.399999618530273</ele><time>2026-08-23T00:21:40Z</time></trkpt><trkpt lat="37.58255386352539" lon="127.02230072021484"><ele>28.0</ele><time>2026-08-23T00:23:30Z</time></trkpt><trkpt lat="37.582542419433594" lon="127.02230834960938"><ele>28.200000762939453</ele><time>2026-08-23T00:23:31Z</time></trkpt><trkpt lat="37.58252716064453" lon="127.0223159790039"><ele>28.0</ele><time>2026-08-23T00:23:32Z</time></trkpt><trkpt lat="37.58251190185547" lon="127.02232360839844"><ele>28.0</ele><time>2026-08-23T00:23:33Z</time></trkpt><trkpt lat="37.58249282836914" lon="127.02233123779297"><ele>28.0</ele><time>2026-08-23T00:23:34Z</time></trkpt><trkpt lat="37.58247756958008" lon="127.0223388671875"><ele>28.0</ele><time>2026-08-23T00:23:35Z</time></trkpt><trkpt lat="37.58245849609375" lon="127.02234649658203"><ele>28.0</ele><time>2026-08-23T00:23:36Z</time></trkpt><trkpt lat="37.58244323730469" lon="127.02235412597656"><ele>28.0</ele><time>2026-08-23T00:23:37Z</time></trkpt><trkpt lat="37.58243179321289" lon="127.0223617553711"><ele>28.0</ele><time>2026-08-23T00:23:38Z</time></trkpt><trkpt lat="37.582420349121094" lon="127.02236938476562"><ele>28.0</ele><time>2026-08-23T00:23:39Z</time></trkpt><trkpt lat="37.5824089050293" lon="127.02237701416016"><ele>28.0</ele><time>2026-08-23T00:23:40Z</time></trkpt><trkpt lat="37.5823974609375" lon="127.02238464355469"><ele>28.0</ele><time>2026-08-23T00:23:41Z</time></trkpt><trkpt lat="37.5823860168457" lon="127.02239227294922"><ele>27.799999237060547</ele><time>2026-08-23T00:23:42Z</time></trkpt><trkpt lat="37.582374572753906" lon="127.02240753173828"><ele>27.799999237060547</ele><time>2026-08-23T00:23:43Z</time></trkpt><trkpt lat="37.582359313964844" lon="127.02240753173828"><ele>27.799999237060547</ele><time>2026-08-23T00:23:44Z</time></trkpt><trkpt lat="37.58234405517578" lon="127.02241516113281"><ele>27.799999237060547</ele><time>2026-08-23T00:23:45Z</time></trkpt><trkpt lat="37.58232879638672" lon="127.02243041992188"><ele>27.600000381469727</ele><time>2026-08-23T00:23:46Z</time></trkpt><trkpt lat="37.582313537597656" lon="127.0224380493164"><ele>27.399999618530273</ele><time>2026-08-23T00:23:47Z</time></trkpt><trkpt lat="37.582298278808594" lon="127.0224380493164"><ele>27.200000762939453</ele><time>2026-08-23T00:23:48Z</time></trkpt><trkpt lat="37.58228302001953" lon="127.02244567871094"><ele>27.200000762939453</ele><time>2026-08-23T00:23:49Z</time></trkpt><trkpt lat="37.5822639465332" lon="127.02245330810547"><ele>27.0</ele><time>2026-08-23T00:23:50Z</time></trkpt><trkpt lat="37.582244873046875" lon="127.0224609375"><ele>27.0</ele><time>2026-08-23T00:23:51Z</time></trkpt><trkpt lat="37.58222579956055" lon="127.02247619628906"><ele>27.0</ele><time>2026-08-23T00:23:52Z</time></trkpt><trkpt lat="37.58220291137695" lon="127.02249908447266"><ele>27.200000762939453</ele><time>2026-08-23T00:23:53Z</time></trkpt><trkpt lat="37.58218002319336" lon="127.02251434326172"><ele>27.200000762939453</ele><time>2026-08-23T00:23:54Z</time></trkpt><trkpt lat="37.58216094970703" lon="127.02252960205078"><ele>27.200000762939453</ele><time>2026-08-23T00:23:55Z</time></trkpt><trkpt lat="37.58213806152344" lon="127.02254486083984"><ele>27.200000762939453</ele><time>2026-08-23T00:23:56Z</time></trkpt><trkpt lat="37.582115173339844" lon="127.02255249023438"><ele>27.200000762939453</ele><time>2026-08-23T00:23:57Z</time></trkpt><trkpt lat="37.58209228515625" lon="127.0225601196289"><ele>27.399999618530273</ele><time>2026-08-23T00:23:58Z</time></trkpt><trkpt lat="37.58206558227539" lon="127.02257537841797"><ele>27.399999618530273</ele><time>2026-08-23T00:23:59Z</time></trkpt><trkpt lat="37.58204650878906" lon="127.02259063720703"><ele>27.600000381469727</ele><time>2026-08-23T00:24:00Z</time></trkpt><trkpt lat="37.58202362060547" lon="127.0226058959961"><ele>27.600000381469727</ele><time>2026-08-23T00:24:01Z</time></trkpt><trkpt lat="37.58200454711914" lon="127.02261352539062"><ele>27.600000381469727</ele><time>2026-08-23T00:24:02Z</time></trkpt><trkpt lat="37.58198165893555" lon="127.02262878417969"><ele>27.399999618530273</ele><time>2026-08-23T00:24:03Z</time></trkpt><trkpt lat="37.58196258544922" lon="127.02263641357422"><ele>27.399999618530273</ele><time>2026-08-23T00:24:04Z</time></trkpt><trkpt lat="37.581939697265625" lon="127.02265167236328"><ele>27.399999618530273</ele><time>2026-08-23T00:24:05Z</time></trkpt><trkpt lat="37.58192443847656" lon="127.02265930175781"><ele>27.399999618530273</ele><time>2026-08-23T00:24:06Z</time></trkpt><trkpt lat="37.58190155029297" lon="127.02266693115234"><ele>27.399999618530273</ele><time>2026-08-23T00:24:07Z</time></trkpt><trkpt lat="37.58188247680664" lon="127.0226821899414"><ele>27.399999618530273</ele><time>2026-08-23T00:24:08Z</time></trkpt><trkpt lat="37.58185958862305" lon="127.0226821899414"><ele>27.600000381469727</ele><time>2026-08-23T00:24:09Z</time></trkpt><trkpt lat="37.58184051513672" lon="127.02269744873047"><ele>27.600000381469727</ele><time>2026-08-23T00:24:10Z</time></trkpt><trkpt lat="37.581817626953125" lon="127.02269744873047"><ele>27.600000381469727</ele><time>2026-08-23T00:24:11Z</time></trkpt><trkpt lat="37.5817985534668" lon="127.02271270751953"><ele>27.600000381469727</ele><time>2026-08-23T00:24:12Z</time></trkpt><trkpt lat="37.5817756652832" lon="127.0227279663086"><ele>27.600000381469727</ele><time>2026-08-23T00:24:13Z</time></trkpt><trkpt lat="37.58176040649414" lon="127.02274322509766"><ele>27.600000381469727</ele><time>2026-08-23T00:24:14Z</time></trkpt><trkpt lat="37.58174133300781" lon="127.02275848388672"><ele>27.600000381469727</ele><time>2026-08-23T00:24:15Z</time></trkpt><trkpt lat="37.58172607421875" lon="127.02276611328125"><ele>27.600000381469727</ele><time>2026-08-23T00:24:16Z</time></trkpt><trkpt lat="37.581703186035156" lon="127.02278137207031"><ele>27.600000381469727</ele><time>2026-08-23T00:24:17Z</time></trkpt><trkpt lat="37.58168411254883" lon="127.02278900146484"><ele>27.600000381469727</ele><time>2026-08-23T00:24:18Z</time></trkpt><trkpt lat="37.5816650390625" lon="127.02279663085938"><ele>27.600000381469727</ele><time>2026-08-23T00:24:19Z</time></trkpt><trkpt lat="37.58163833618164" lon="127.02281188964844"><ele>27.600000381469727</ele><time>2026-08-23T00:24:20Z</time></trkpt><trkpt lat="37.581626892089844" lon="127.0228271484375"><ele>27.600000381469727</ele><time>2026-08-23T00:24:21Z</time></trkpt><trkpt lat="37.58160400390625" lon="127.02283477783203"><ele>27.600000381469727</ele><time>2026-08-23T00:24:22Z</time></trkpt><trkpt lat="37.58158493041992" lon="127.02284240722656"><ele>27.600000381469727</ele><time>2026-08-23T00:24:23Z</time></trkpt><trkpt lat="37.581565856933594" lon="127.02285766601562"><ele>27.600000381469727</ele><time>2026-08-23T00:24:24Z</time></trkpt><trkpt lat="37.58154296875" lon="127.02286529541016"><ele>27.600000381469727</ele><time>2026-08-23T00:24:25Z</time></trkpt><trkpt lat="37.58152770996094" lon="127.02288055419922"><ele>27.600000381469727</ele><time>2026-08-23T00:24:26Z</time></trkpt><trkpt lat="37.581504821777344" lon="127.02289581298828"><ele>27.399999618530273</ele><time>2026-08-23T00:24:27Z</time></trkpt><trkpt lat="37.581485748291016" lon="127.02290344238281"><ele>27.399999618530273</ele><time>2026-08-23T00:24:28Z</time></trkpt><trkpt lat="37.58147048950195" lon="127.02291107177734"><ele>27.399999618530273</ele><time>2026-08-23T00:24:29Z</time></trkpt><trkpt lat="37.581451416015625" lon="127.0229263305664"><ele>27.399999618530273</ele><time>2026-08-23T00:24:30Z</time></trkpt><trkpt lat="37.5814323425293" lon="127.02293395996094"><ele>27.399999618530273</ele><time>2026-08-23T00:24:31Z</time></trkpt><trkpt lat="37.5814094543457" lon="127.02294158935547"><ele>27.399999618530273</ele><time>2026-08-23T00:24:32Z</time></trkpt><trkpt lat="37.581390380859375" lon="127.02294921875"><ele>27.399999618530273</ele><time>2026-08-23T00:24:33Z</time></trkpt><trkpt lat="37.58137130737305" lon="127.02295684814453"><ele>27.200000762939453</ele><time>2026-08-23T00:24:34Z</time></trkpt><trkpt lat="37.58134841918945" lon="127.0229721069336"><ele>27.200000762939453</ele><time>2026-08-23T00:24:35Z</time></trkpt><trkpt lat="37.58133316040039" lon="127.02297973632812"><ele>27.200000762939453</ele><time>2026-08-23T00:24:36Z</time></trkpt><trkpt lat="37.5813102722168" lon="127.02298736572266"><ele>27.200000762939453</ele><time>2026-08-23T00:24:37Z</time></trkpt><trkpt lat="37.58129119873047" lon="127.02299499511719"><ele>27.200000762939453</ele><time>2026-08-23T00:24:38Z</time></trkpt><trkpt lat="37.581275939941406" lon="127.02300262451172"><ele>27.200000762939453</ele><time>2026-08-23T00:24:39Z</time></trkpt><trkpt lat="37.58125305175781" lon="127.02301788330078"><ele>27.0</ele><time>2026-08-23T00:24:40Z</time></trkpt><trkpt lat="37.58123779296875" lon="127.02302551269531"><ele>27.0</ele><time>2026-08-23T00:24:41Z</time></trkpt><trkpt lat="37.58121871948242" lon="127.02303314208984"><ele>27.0</ele><time>2026-08-23T00:24:42Z</time></trkpt><trkpt lat="37.58120346069336" lon="127.02304077148438"><ele>27.0</ele><time>2026-08-23T00:24:43Z</time></trkpt><trkpt lat="37.5811882019043" lon="127.0230484008789"><ele>27.0</ele><time>2026-08-23T00:24:44Z</time></trkpt><trkpt lat="37.58116912841797" lon="127.02305603027344"><ele>27.0</ele><time>2026-08-23T00:24:45Z</time></trkpt><trkpt lat="37.58115005493164" lon="127.02306365966797"><ele>27.0</ele><time>2026-08-23T00:24:46Z</time></trkpt><trkpt lat="37.58113479614258" lon="127.02307891845703"><ele>27.0</ele><time>2026-08-23T00:24:47Z</time></trkpt><trkpt lat="37.581111907958984" lon="127.02308654785156"><ele>27.200000762939453</ele><time>2026-08-23T00:24:48Z</time></trkpt><trkpt lat="37.58109664916992" lon="127.02308654785156"><ele>27.200000762939453</ele><time>2026-08-23T00:24:49Z</time></trkpt><trkpt lat="37.58108139038086" lon="127.0230941772461"><ele>27.200000762939453</ele><time>2026-08-23T00:24:50Z</time></trkpt><trkpt lat="37.58106231689453" lon="127.02310180664062"><ele>27.200000762939453</ele><time>2026-08-23T00:24:51Z</time></trkpt><trkpt lat="37.58104705810547" lon="127.02310943603516"><ele>27.0</ele><time>2026-08-23T00:24:52Z</time></trkpt><trkpt lat="37.581024169921875" lon="127.02311706542969"><ele>27.0</ele><time>2026-08-23T00:24:53Z</time></trkpt><trkpt lat="37.58100891113281" lon="127.02312469482422"><ele>27.0</ele><time>2026-08-23T00:24:54Z</time></trkpt><trkpt lat="37.580989837646484" lon="127.02313232421875"><ele>26.799999237060547</ele><time>2026-08-23T00:24:55Z</time></trkpt><trkpt lat="37.580970764160156" lon="127.02313995361328"><ele>26.799999237060547</ele><time>2026-08-23T00:24:56Z</time></trkpt><trkpt lat="37.580955505371094" lon="127.02315521240234"><ele>26.799999237060547</ele><time>2026-08-23T00:24:57Z</time></trkpt><trkpt lat="37.5809326171875" lon="127.0231704711914"><ele>26.799999237060547</ele><time>2026-08-23T00:24:58Z</time></trkpt><trkpt lat="37.58091735839844" lon="127.02317810058594"><ele>26.799999237060547</ele><time>2026-08-23T00:24:59Z</time></trkpt><trkpt lat="37.580902099609375" lon="127.02318572998047"><ele>26.799999237060547</ele><time>2026-08-23T00:25:00Z</time></trkpt><trkpt lat="37.58088302612305" lon="127.023193359375"><ele>26.799999237060547</ele><time>2026-08-23T00:25:01Z</time></trkpt><trkpt lat="37.58086395263672" lon="127.02320098876953"><ele>26.799999237060547</ele><time>2026-08-23T00:25:02Z</time></trkpt><trkpt lat="37.580841064453125" lon="127.0232162475586"><ele>26.799999237060547</ele><time>2026-08-23T00:25:03Z</time></trkpt><trkpt lat="37.5808219909668" lon="127.02322387695312"><ele>26.799999237060547</ele><time>2026-08-23T00:25:04Z</time></trkpt><trkpt lat="37.5807991027832" lon="127.02323150634766"><ele>26.799999237060547</ele><time>2026-08-23T00:25:05Z</time></trkpt><trkpt lat="37.58077621459961" lon="127.02324676513672"><ele>26.799999237060547</ele><time>2026-08-23T00:25:06Z</time></trkpt><trkpt lat="37.58076095581055" lon="127.02326202392578"><ele>26.799999237060547</ele><time>2026-08-23T00:25:07Z</time></trkpt><trkpt lat="37.58073806762695" lon="127.02327728271484"><ele>26.799999237060547</ele><time>2026-08-23T00:25:08Z</time></trkpt><trkpt lat="37.58072280883789" lon="127.02328491210938"><ele>26.799999237060547</ele><time>2026-08-23T00:25:09Z</time></trkpt><trkpt lat="37.5806999206543" lon="127.02330017089844"><ele>26.799999237060547</ele><time>2026-08-23T00:25:10Z</time></trkpt><trkpt lat="37.58068084716797" lon="127.0233154296875"><ele>26.799999237060547</ele><time>2026-08-23T00:25:11Z</time></trkpt><trkpt lat="37.580665588378906" lon="127.02333068847656"><ele>26.600000381469727</ele><time>2026-08-23T00:25:12Z</time></trkpt><trkpt lat="37.58064651489258" lon="127.02334594726562"><ele>26.600000381469727</ele><time>2026-08-23T00:25:13Z</time></trkpt><trkpt lat="37.580631256103516" lon="127.02335357666016"><ele>26.600000381469727</ele><time>2026-08-23T00:25:14Z</time></trkpt><trkpt lat="37.58061218261719" lon="127.02336120605469"><ele>26.399999618530273</ele><time>2026-08-23T00:25:15Z</time></trkpt><trkpt lat="37.580596923828125" lon="127.02336883544922"><ele>26.399999618530273</ele><time>2026-08-23T00:25:16Z</time></trkpt><trkpt lat="37.58058547973633" lon="127.02336883544922"><ele>26.399999618530273</ele><time>2026-08-23T00:25:17Z</time></trkpt><trkpt lat="37.580570220947266" lon="127.02337646484375"><ele>26.399999618530273</ele><time>2026-08-23T00:25:18Z</time></trkpt><trkpt lat="37.58055877685547" lon="127.02338409423828"><ele>26.399999618530273</ele><time>2026-08-23T00:25:19Z</time></trkpt><trkpt lat="37.58054733276367" lon="127.02340698242188"><ele>26.399999618530273</ele><time>2026-08-23T00:25:20Z</time></trkpt><trkpt lat="37.58052444458008" lon="127.02342224121094"><ele>26.200000762939453</ele><time>2026-08-23T00:25:21Z</time></trkpt><trkpt lat="37.580509185791016" lon="127.0234375"><ele>26.399999618530273</ele><time>2026-08-23T00:25:22Z</time></trkpt><trkpt lat="37.58049011230469" lon="127.02344512939453"><ele>26.399999618530273</ele><time>2026-08-23T00:25:23Z</time></trkpt><trkpt lat="37.580467224121094" lon="127.0234603881836"><ele>26.399999618530273</ele><time>2026-08-23T00:25:24Z</time></trkpt><trkpt lat="37.5804557800293" lon="127.02346801757812"><ele>26.600000381469727</ele><time>2026-08-23T00:25:25Z</time></trkpt><trkpt lat="37.58043670654297" lon="127.02348327636719"><ele>26.600000381469727</ele><time>2026-08-23T00:25:26Z</time></trkpt><trkpt lat="37.58041763305664" lon="127.02349090576172"><ele>26.600000381469727</ele><time>2026-08-23T00:25:27Z</time></trkpt><trkpt lat="37.58040237426758" lon="127.02350616455078"><ele>26.600000381469727</ele><time>2026-08-23T00:25:28Z</time></trkpt><trkpt lat="37.58037567138672" lon="127.02350616455078"><ele>26.600000381469727</ele><time>2026-08-23T00:25:29Z</time></trkpt><trkpt lat="37.58035659790039" lon="127.02352142333984"><ele>26.600000381469727</ele><time>2026-08-23T00:25:30Z</time></trkpt><trkpt lat="37.58032989501953" lon="127.0235366821289"><ele>26.600000381469727</ele><time>2026-08-23T00:25:31Z</time></trkpt><trkpt lat="37.58031463623047" lon="127.02354431152344"><ele>26.600000381469727</ele><time>2026-08-23T00:25:32Z</time></trkpt><trkpt lat="37.580291748046875" lon="127.02355194091797"><ele>26.600000381469727</ele><time>2026-08-23T00:25:33Z</time></trkpt><trkpt lat="37.58027267456055" lon="127.0235595703125"><ele>26.600000381469727</ele><time>2026-08-23T00:25:34Z</time></trkpt><trkpt lat="37.58025360107422" lon="127.02356719970703"><ele>26.600000381469727</ele><time>2026-08-23T00:25:35Z</time></trkpt><trkpt lat="37.580230712890625" lon="127.0235824584961"><ele>26.399999618530273</ele><time>2026-08-23T00:25:36Z</time></trkpt><trkpt lat="37.580223083496094" lon="127.02359771728516"><ele>26.600000381469727</ele><time>2026-08-23T00:25:37Z</time></trkpt><trkpt lat="37.58020782470703" lon="127.02360534667969"><ele>26.600000381469727</ele><time>2026-08-23T00:25:38Z</time></trkpt><trkpt lat="37.5801887512207" lon="127.02361297607422"><ele>26.600000381469727</ele><time>2026-08-23T00:25:39Z</time></trkpt><trkpt lat="37.58017349243164" lon="127.02362060546875"><ele>26.600000381469727</ele><time>2026-08-23T00:25:40Z</time></trkpt><trkpt lat="37.58015823364258" lon="127.02362823486328"><ele>26.600000381469727</ele><time>2026-08-23T00:25:41Z</time></trkpt><trkpt lat="37.57963180541992" lon="127.02391815185547"><ele>26.399999618530273</ele><time>2026-08-23T00:28:15Z</time></trkpt><trkpt lat="37.57962417602539" lon="127.02392578125"><ele>26.600000381469727</ele><time>2026-08-23T00:28:16Z</time></trkpt><trkpt lat="37.579612731933594" lon="127.02393341064453"><ele>26.600000381469727</ele><time>2026-08-23T00:28:17Z</time></trkpt><trkpt lat="37.579612731933594" lon="127.02394104003906"><ele>26.600000381469727</ele><time>2026-08-23T00:28:18Z</time></trkpt><trkpt lat="37.5796012878418" lon="127.02395629882812"><ele>26.399999618530273</ele><time>2026-08-23T00:28:19Z</time></trkpt><trkpt lat="37.57958984375" lon="127.02396392822266"><ele>26.200000762939453</ele><time>2026-08-23T00:28:20Z</time></trkpt><trkpt lat="37.57957458496094" lon="127.02397918701172"><ele>26.200000762939453</ele><time>2026-08-23T00:28:21Z</time></trkpt><trkpt lat="37.57956314086914" lon="127.02399444580078"><ele>26.200000762939453</ele><time>2026-08-23T00:28:22Z</time></trkpt><trkpt lat="37.57954406738281" lon="127.02400970458984"><ele>26.200000762939453</ele><time>2026-08-23T00:28:23Z</time></trkpt><trkpt lat="37.579532623291016" lon="127.0240249633789"><ele>26.200000762939453</ele><time>2026-08-23T00:28:24Z</time></trkpt><trkpt lat="37.57951354980469" lon="127.02404022216797"><ele>26.200000762939453</ele><time>2026-08-23T00:28:25Z</time></trkpt><trkpt lat="37.579498291015625" lon="127.02406311035156"><ele>26.200000762939453</ele><time>2026-08-23T00:28:26Z</time></trkpt><trkpt lat="37.57948303222656" lon="127.02407836914062"><ele>26.200000762939453</ele><time>2026-08-23T00:28:27Z</time></trkpt><trkpt lat="37.5794677734375" lon="127.02409362792969"><ele>26.200000762939453</ele><time>2026-08-23T00:28:28Z</time></trkpt><trkpt lat="37.57945251464844" lon="127.02411651611328"><ele>26.200000762939453</ele><time>2026-08-23T00:28:29Z</time></trkpt><trkpt lat="37.579437255859375" lon="127.02413177490234"><ele>26.200000762939453</ele><time>2026-08-23T00:28:30Z</time></trkpt><trkpt lat="37.57942199707031" lon="127.02415466308594"><ele>26.0</ele><time>2026-08-23T00:28:31Z</time></trkpt><trkpt lat="37.579410552978516" lon="127.024169921875"><ele>26.0</ele><time>2026-08-23T00:28:32Z</time></trkpt><trkpt lat="37.57939910888672" lon="127.02420043945312"><ele>26.0</ele><time>2026-08-23T00:28:33Z</time></trkpt><trkpt lat="37.57939147949219" lon="127.02422332763672"><ele>26.0</ele><time>2026-08-23T00:28:34Z</time></trkpt><trkpt lat="37.579376220703125" lon="127.02424621582031"><ele>26.0</ele><time>2026-08-23T00:28:35Z</time></trkpt><trkpt lat="37.57937240600586" lon="127.0242691040039"><ele>26.0</ele><time>2026-08-23T00:28:36Z</time></trkpt><trkpt lat="37.5793571472168" lon="127.02429962158203"><ele>26.0</ele><time>2026-08-23T00:28:37Z</time></trkpt><trkpt lat="37.57935333251953" lon="127.0243148803711"><ele>26.0</ele><time>2026-08-23T00:28:38Z</time></trkpt><trkpt lat="37.5793342590332" lon="127.02434539794922"><ele>26.0</ele><time>2026-08-23T00:28:39Z</time></trkpt><trkpt lat="37.579322814941406" lon="127.02436828613281"><ele>26.0</ele><time>2026-08-23T00:28:40Z</time></trkpt><trkpt lat="37.57931137084961" lon="127.02439880371094"><ele>25.799999237060547</ele><time>2026-08-23T00:28:41Z</time></trkpt><trkpt lat="37.57929992675781" lon="127.02442169189453"><ele>25.799999237060547</ele><time>2026-08-23T00:28:42Z</time></trkpt><trkpt lat="37.57929229736328" lon="127.02444458007812"><ele>25.600000381469727</ele><time>2026-08-23T00:28:43Z</time></trkpt><trkpt lat="37.579280853271484" lon="127.02446746826172"><ele>25.600000381469727</ele><time>2026-08-23T00:28:44Z</time></trkpt><trkpt lat="37.57927322387695" lon="127.02448272705078"><ele>25.399999618530273</ele><time>2026-08-23T00:28:45Z</time></trkpt><trkpt lat="37.579261779785156" lon="127.02450561523438"><ele>25.399999618530273</ele><time>2026-08-23T00:28:46Z</time></trkpt><trkpt lat="37.57925033569336" lon="127.02452850341797"><ele>25.200000762939453</ele><time>2026-08-23T00:28:47Z</time></trkpt><trkpt lat="37.57924270629883" lon="127.02454376220703"><ele>25.200000762939453</ele><time>2026-08-23T00:28:48Z</time></trkpt><trkpt lat="37.57923126220703" lon="127.02457427978516"><ele>25.200000762939453</ele><time>2026-08-23T00:28:49Z</time></trkpt><trkpt lat="37.579219818115234" lon="127.02459716796875"><ele>25.0</ele><time>2026-08-23T00:28:50Z</time></trkpt><trkpt lat="37.5792121887207" lon="127.02462768554688"><ele>25.0</ele><time>2026-08-23T00:28:51Z</time></trkpt><trkpt lat="37.5792236328125" lon="127.02467346191406"><ele>25.0</ele><time>2026-08-23T00:28:52Z</time></trkpt><trkpt lat="37.5792236328125" lon="127.02469635009766"><ele>25.0</ele><time>2026-08-23T00:28:53Z</time></trkpt><trkpt lat="37.57921600341797" lon="127.02471923828125"><ele>25.0</ele><time>2026-08-23T00:28:54Z</time></trkpt><trkpt lat="37.5792121887207" lon="127.02474975585938"><ele>25.200000762939453</ele><time>2026-08-23T00:28:55Z</time></trkpt><trkpt lat="37.5792121887207" lon="127.02477264404297"><ele>25.200000762939453</ele><time>2026-08-23T00:28:56Z</time></trkpt><trkpt lat="37.57920837402344" lon="127.02478790283203"><ele>25.200000762939453</ele><time>2026-08-23T00:28:57Z</time></trkpt><trkpt lat="37.57920455932617" lon="127.02481079101562"><ele>25.200000762939453</ele><time>2026-08-23T00:28:58Z</time></trkpt><trkpt lat="37.57919692993164" lon="127.02482604980469"><ele>25.399999618530273</ele><time>2026-08-23T00:28:59Z</time></trkpt><trkpt lat="37.57918930053711" lon="127.02485656738281"><ele>25.399999618530273</ele><time>2026-08-23T00:29:00Z</time></trkpt><trkpt lat="37.57918930053711" lon="127.0248794555664"><ele>25.399999618530273</ele><time>2026-08-23T00:29:01Z</time></trkpt><trkpt lat="37.57918167114258" lon="127.02490234375"><ele>25.600000381469727</ele><time>2026-08-23T00:29:02Z</time></trkpt><trkpt lat="37.57918167114258" lon="127.0249252319336"><ele>25.600000381469727</ele><time>2026-08-23T00:29:03Z</time></trkpt><trkpt lat="37.57917785644531" lon="127.02496337890625"><ele>25.600000381469727</ele><time>2026-08-23T00:29:04Z</time></trkpt><trkpt lat="37.57917022705078" lon="127.02498626708984"><ele>25.600000381469727</ele><time>2026-08-23T00:29:05Z</time></trkpt><trkpt lat="37.579158782958984" lon="127.02500915527344"><ele>25.600000381469727</ele><time>2026-08-23T00:29:06Z</time></trkpt><trkpt lat="37.57915496826172" lon="127.02503204345703"><ele>25.600000381469727</ele><time>2026-08-23T00:29:07Z</time></trkpt><trkpt lat="37.57915115356445" lon="127.02506256103516"><ele>25.600000381469727</ele><time>2026-08-23T00:29:08Z</time></trkpt><trkpt lat="37.57914733886719" lon="127.02508544921875"><ele>25.600000381469727</ele><time>2026-08-23T00:29:09Z</time></trkpt><trkpt lat="37.579139709472656" lon="127.02511596679688"><ele>25.600000381469727</ele><time>2026-08-23T00:29:10Z</time></trkpt><trkpt lat="37.579139709472656" lon="127.02513885498047"><ele>25.600000381469727</ele><time>2026-08-23T00:29:11Z</time></trkpt><trkpt lat="37.579132080078125" lon="127.02517700195312"><ele>25.600000381469727</ele><time>2026-08-23T00:29:12Z</time></trkpt><trkpt lat="37.57912826538086" lon="127.02519989013672"><ele>25.600000381469727</ele><time>2026-08-23T00:29:13Z</time></trkpt><trkpt lat="37.57912063598633" lon="127.02523040771484"><ele>25.600000381469727</ele><time>2026-08-23T00:29:14Z</time></trkpt><trkpt lat="37.57912063598633" lon="127.02525329589844"><ele>25.600000381469727</ele><time>2026-08-23T00:29:15Z</time></trkpt><trkpt lat="37.5791130065918" lon="127.02528381347656"><ele>25.399999618530273</ele><time>2026-08-23T00:29:16Z</time></trkpt><trkpt lat="37.5791130065918" lon="127.02530670166016"><ele>25.399999618530273</ele><time>2026-08-23T00:29:17Z</time></trkpt><trkpt lat="37.57910919189453" lon="127.02533721923828"><ele>25.600000381469727</ele><time>2026-08-23T00:29:18Z</time></trkpt><trkpt lat="37.57910919189453" lon="127.02536010742188"><ele>25.399999618530273</ele><time>2026-08-23T00:29:19Z</time></trkpt><trkpt lat="37.5791015625" lon="127.025390625"><ele>25.399999618530273</ele><time>2026-08-23T00:29:20Z</time></trkpt><trkpt lat="37.5791015625" lon="127.0254135131836"><ele>25.600000381469727</ele><time>2026-08-23T00:29:21Z</time></trkpt><trkpt lat="37.579097747802734" lon="127.02545166015625"><ele>25.399999618530273</ele><time>2026-08-23T00:29:22Z</time></trkpt><trkpt lat="37.57909393310547" lon="127.02547454833984"><ele>25.600000381469727</ele><time>2026-08-23T00:29:23Z</time></trkpt><trkpt lat="37.5790901184082" lon="127.02550506591797"><ele>25.600000381469727</ele><time>2026-08-23T00:29:24Z</time></trkpt><trkpt lat="37.5790901184082" lon="127.02552795410156"><ele>25.600000381469727</ele><time>2026-08-23T00:29:25Z</time></trkpt><trkpt lat="37.57908248901367" lon="127.02556610107422"><ele>25.399999618530273</ele><time>2026-08-23T00:29:26Z</time></trkpt><trkpt lat="37.579078674316406" lon="127.02558898925781"><ele>25.399999618530273</ele><time>2026-08-23T00:29:27Z</time></trkpt><trkpt lat="37.57907485961914" lon="127.02561950683594"><ele>25.399999618530273</ele><time>2026-08-23T00:29:28Z</time></trkpt><trkpt lat="37.579071044921875" lon="127.02564239501953"><ele>25.399999618530273</ele><time>2026-08-23T00:29:29Z</time></trkpt><trkpt lat="37.579063415527344" lon="127.02568054199219"><ele>25.600000381469727</ele><time>2026-08-23T00:29:30Z</time></trkpt><trkpt lat="37.57905960083008" lon="127.02569580078125"><ele>25.600000381469727</ele><time>2026-08-23T00:29:31Z</time></trkpt><trkpt lat="37.57905197143555" lon="127.02572631835938"><ele>25.600000381469727</ele><time>2026-08-23T00:29:32Z</time></trkpt><trkpt lat="37.579044342041016" lon="127.02574920654297"><ele>25.600000381469727</ele><time>2026-08-23T00:29:33Z</time></trkpt><trkpt lat="37.579036712646484" lon="127.0257797241211"><ele>25.399999618530273</ele><time>2026-08-23T00:29:34Z</time></trkpt><trkpt lat="37.57903289794922" lon="127.02580261230469"><ele>25.399999618530273</ele><time>2026-08-23T00:29:35Z</time></trkpt><trkpt lat="37.57902145385742" lon="127.02583312988281"><ele>25.399999618530273</ele><time>2026-08-23T00:29:36Z</time></trkpt><trkpt lat="37.57901382446289" lon="127.02584838867188"><ele>25.399999618530273</ele><time>2026-08-23T00:29:37Z</time></trkpt><trkpt lat="37.57899856567383" lon="127.02587890625"><ele>25.399999618530273</ele><time>2026-08-23T00:29:38Z</time></trkpt><trkpt lat="37.5789909362793" lon="127.02589416503906"><ele>25.399999618530273</ele><time>2026-08-23T00:29:39Z</time></trkpt><trkpt lat="37.578975677490234" lon="127.02591705322266"><ele>25.399999618530273</ele><time>2026-08-23T00:29:40Z</time></trkpt><trkpt lat="37.57896423339844" lon="127.02593231201172"><ele>25.399999618530273</ele><time>2026-08-23T00:29:41Z</time></trkpt><trkpt lat="37.578956604003906" lon="127.02594757080078"><ele>25.399999618530273</ele><time>2026-08-23T00:29:42Z</time></trkpt><trkpt lat="37.57894515991211" lon="127.02597045898438"><ele>25.399999618530273</ele><time>2026-08-23T00:29:43Z</time></trkpt><trkpt lat="37.57893371582031" lon="127.02598571777344"><ele>25.399999618530273</ele><time>2026-08-23T00:29:44Z</time></trkpt><trkpt lat="37.57892990112305" lon="127.02600860595703"><ele>25.399999618530273</ele><time>2026-08-23T00:29:45Z</time></trkpt><trkpt lat="37.578914642333984" lon="127.02603149414062"><ele>25.399999618530273</ele><time>2026-08-23T00:29:46Z</time></trkpt><trkpt lat="37.57890701293945" lon="127.02604675292969"><ele>25.399999618530273</ele><time>2026-08-23T00:29:47Z</time></trkpt><trkpt lat="37.578895568847656" lon="127.02606964111328"><ele>25.399999618530273</ele><time>2026-08-23T00:29:48Z</time></trkpt><trkpt lat="37.57888412475586" lon="127.02609252929688"><ele>25.200000762939453</ele><time>2026-08-23T00:29:49Z</time></trkpt><trkpt lat="37.57887649536133" lon="127.02610778808594"><ele>25.200000762939453</ele><time>2026-08-23T00:29:50Z</time></trkpt><trkpt lat="37.578861236572266" lon="127.02613067626953"><ele>25.200000762939453</ele><time>2026-08-23T00:29:51Z</time></trkpt><trkpt lat="37.57884979248047" lon="127.0261459350586"><ele>25.200000762939453</ele><time>2026-08-23T00:29:52Z</time></trkpt><trkpt lat="37.57884216308594" lon="127.02616882324219"><ele>25.200000762939453</ele><time>2026-08-23T00:29:53Z</time></trkpt><trkpt lat="37.57883071899414" lon="127.02619171142578"><ele>25.200000762939453</ele><time>2026-08-23T00:29:54Z</time></trkpt><trkpt lat="37.57882308959961" lon="127.02619934082031"><ele>25.200000762939453</ele><time>2026-08-23T00:29:55Z</time></trkpt><trkpt lat="37.57881164550781" lon="127.0262222290039"><ele>25.200000762939453</ele><time>2026-08-23T00:29:56Z</time></trkpt><trkpt lat="37.57880401611328" lon="127.02623748779297"><ele>25.200000762939453</ele><time>2026-08-23T00:29:57Z</time></trkpt><trkpt lat="37.578792572021484" lon="127.02626037597656"><ele>25.200000762939453</ele><time>2026-08-23T00:29:58Z</time></trkpt><trkpt lat="37.57878494262695" lon="127.02627563476562"><ele>25.200000762939453</ele><time>2026-08-23T00:29:59Z</time></trkpt><trkpt lat="37.578773498535156" lon="127.02629089355469"><ele>25.200000762939453</ele><time>2026-08-23T00:30:00Z</time></trkpt><trkpt lat="37.57876968383789" lon="127.02630615234375"><ele>25.200000762939453</ele><time>2026-08-23T00:30:01Z</time></trkpt><trkpt lat="37.57876205444336" lon="127.02632141113281"><ele>25.200000762939453</ele><time>2026-08-23T00:30:02Z</time></trkpt><trkpt lat="37.57875061035156" lon="127.02632904052734"><ele>25.200000762939453</ele><time>2026-08-23T00:30:03Z</time></trkpt><trkpt lat="37.57874298095703" lon="127.0263442993164"><ele>25.399999618530273</ele><time>2026-08-23T00:30:04Z</time></trkpt><trkpt lat="37.57862091064453" lon="127.026611328125"><ele>25.0</ele><time>2026-08-23T00:30:23Z</time></trkpt><trkpt lat="37.578609466552734" lon="127.02662658691406"><ele>25.0</ele><time>2026-08-23T00:30:24Z</time></trkpt><trkpt lat="37.5786018371582" lon="127.02664947509766"><ele>25.0</ele><time>2026-08-23T00:30:25Z</time></trkpt><trkpt lat="37.57859802246094" lon="127.02667236328125"><ele>25.0</ele><time>2026-08-23T00:30:26Z</time></trkpt><trkpt lat="37.578590393066406" lon="127.02669525146484"><ele>25.0</ele><time>2026-08-23T00:30:27Z</time></trkpt><trkpt lat="37.57857894897461" lon="127.02671813964844"><ele>25.0</ele><time>2026-08-23T00:30:28Z</time></trkpt><trkpt lat="37.57856750488281" lon="127.0267333984375"><ele>25.0</ele><time>2026-08-23T00:30:29Z</time></trkpt><trkpt lat="37.57855224609375" lon="127.0267562866211"><ele>24.799999237060547</ele><time>2026-08-23T00:30:30Z</time></trkpt><trkpt lat="37.578548431396484" lon="127.02677917480469"><ele>24.799999237060547</ele><time>2026-08-23T00:30:31Z</time></trkpt><trkpt lat="37.57854080200195" lon="127.02681732177734"><ele>24.600000381469727</ele><time>2026-08-23T00:30:32Z</time></trkpt><trkpt lat="37.578529357910156" lon="127.0268325805664"><ele>24.600000381469727</ele><time>2026-08-23T00:30:33Z</time></trkpt><trkpt lat="37.57851791381836" lon="127.02685546875"><ele>24.399999618530273</ele><time>2026-08-23T00:30:34Z</time></trkpt><trkpt lat="37.57850646972656" lon="127.02687072753906"><ele>24.399999618530273</ele><time>2026-08-23T00:30:35Z</time></trkpt><trkpt lat="37.57849884033203" lon="127.02689361572266"><ele>24.399999618530273</ele><time>2026-08-23T00:30:36Z</time></trkpt><trkpt lat="37.578487396240234" lon="127.02690887451172"><ele>24.399999618530273</ele><time>2026-08-23T00:30:37Z</time></trkpt><trkpt lat="37.57847595214844" lon="127.02693176269531"><ele>24.399999618530273</ele><time>2026-08-23T00:30:38Z</time></trkpt><trkpt lat="37.57846450805664" lon="127.02694702148438"><ele>24.399999618530273</ele><time>2026-08-23T00:30:39Z</time></trkpt><trkpt lat="37.57843780517578" lon="127.0269775390625"><ele>24.399999618530273</ele><time>2026-08-23T00:30:40Z</time></trkpt><trkpt lat="37.57842254638672" lon="127.02699279785156"><ele>24.399999618530273</ele><time>2026-08-23T00:30:41Z</time></trkpt><trkpt lat="37.57840347290039" lon="127.02701568603516"><ele>24.399999618530273</ele><time>2026-08-23T00:30:42Z</time></trkpt><trkpt lat="37.57838821411133" lon="127.02703094482422"><ele>24.399999618530273</ele><time>2026-08-23T00:30:43Z</time></trkpt><trkpt lat="37.578372955322266" lon="127.02704620361328"><ele>24.399999618530273</ele><time>2026-08-23T00:30:44Z</time></trkpt><trkpt lat="37.5783576965332" lon="127.02706146240234"><ele>24.399999618530273</ele><time>2026-08-23T00:30:45Z</time></trkpt><trkpt lat="37.578330993652344" lon="127.0270767211914"><ele>24.399999618530273</ele><time>2026-08-23T00:30:46Z</time></trkpt><trkpt lat="37.57831954956055" lon="127.02709197998047"><ele>24.600000381469727</ele><time>2026-08-23T00:30:47Z</time></trkpt><trkpt lat="37.57830047607422" lon="127.02711486816406"><ele>24.600000381469727</ele><time>2026-08-23T00:30:48Z</time></trkpt><trkpt lat="37.57828140258789" lon="127.02713012695312"><ele>24.600000381469727</ele><time>2026-08-23T00:30:49Z</time></trkpt><trkpt lat="37.578269958496094" lon="127.02714538574219"><ele>24.600000381469727</ele><time>2026-08-23T00:30:50Z</time></trkpt><trkpt lat="37.57825469970703" lon="127.02716827392578"><ele>24.600000381469727</ele><time>2026-08-23T00:30:51Z</time></trkpt><trkpt lat="37.5782356262207" lon="127.02717590332031"><ele>24.600000381469727</ele><time>2026-08-23T00:30:52Z</time></trkpt><trkpt lat="37.57822036743164" lon="127.02719116210938"><ele>24.399999618530273</ele><time>2026-08-23T00:30:53Z</time></trkpt><trkpt lat="37.578208923339844" lon="127.02720642089844"><ele>24.399999618530273</ele><time>2026-08-23T00:30:54Z</time></trkpt><trkpt lat="37.57819366455078" lon="127.02721405029297"><ele>24.399999618530273</ele><time>2026-08-23T00:30:55Z</time></trkpt><trkpt lat="37.57817840576172" lon="127.02723693847656"><ele>24.600000381469727</ele><time>2026-08-23T00:30:56Z</time></trkpt><trkpt lat="37.578163146972656" lon="127.0272445678711"><ele>24.600000381469727</ele><time>2026-08-23T00:30:57Z</time></trkpt><trkpt lat="37.57815170288086" lon="127.02725982666016"><ele>24.600000381469727</ele><time>2026-08-23T00:30:58Z</time></trkpt><trkpt lat="37.5781364440918" lon="127.02727508544922"><ele>24.600000381469727</ele><time>2026-08-23T00:30:59Z</time></trkpt><trkpt lat="37.57811737060547" lon="127.02729034423828"><ele>24.600000381469727</ele><time>2026-08-23T00:31:00Z</time></trkpt><trkpt lat="37.57810592651367" lon="127.02730560302734"><ele>24.399999618530273</ele><time>2026-08-23T00:31:01Z</time></trkpt><trkpt lat="37.578086853027344" lon="127.02732849121094"><ele>24.600000381469727</ele><time>2026-08-23T00:31:02Z</time></trkpt><trkpt lat="37.578067779541016" lon="127.02734375"><ele>24.600000381469727</ele><time>2026-08-23T00:31:03Z</time></trkpt><trkpt lat="37.57804870605469" lon="127.02735900878906"><ele>24.600000381469727</ele><time>2026-08-23T00:31:04Z</time></trkpt><trkpt lat="37.57802963256836" lon="127.02737426757812"><ele>24.600000381469727</ele><time>2026-08-23T00:31:05Z</time></trkpt><trkpt lat="37.57801818847656" lon="127.02738952636719"><ele>24.600000381469727</ele><time>2026-08-23T00:31:06Z</time></trkpt><trkpt lat="37.577999114990234" lon="127.02741241455078"><ele>24.399999618530273</ele><time>2026-08-23T00:31:07Z</time></trkpt><trkpt lat="37.57798767089844" lon="127.02742767333984"><ele>24.399999618530273</ele><time>2026-08-23T00:31:08Z</time></trkpt><trkpt lat="37.577972412109375" lon="127.0274429321289"><ele>24.600000381469727</ele><time>2026-08-23T00:31:09Z</time></trkpt><trkpt lat="37.57795333862305" lon="127.02745819091797"><ele>24.600000381469727</ele><time>2026-08-23T00:31:10Z</time></trkpt><trkpt lat="37.57794189453125" lon="127.02747344970703"><ele>24.600000381469727</ele><time>2026-08-23T00:31:11Z</time></trkpt><trkpt lat="37.577919006347656" lon="127.0274887084961"><ele>24.600000381469727</ele><time>2026-08-23T00:31:12Z</time></trkpt><trkpt lat="37.57790756225586" lon="127.02750396728516"><ele>24.600000381469727</ele><time>2026-08-23T00:31:13Z</time></trkpt><trkpt lat="37.57788848876953" lon="127.02751159667969"><ele>24.600000381469727</ele><time>2026-08-23T00:31:14Z</time></trkpt><trkpt lat="37.57786560058594" lon="127.02753448486328"><ele>24.600000381469727</ele><time>2026-08-23T00:31:15Z</time></trkpt><trkpt lat="37.577850341796875" lon="127.02754211425781"><ele>24.399999618530273</ele><time>2026-08-23T00:31:16Z</time></trkpt><trkpt lat="37.577823638916016" lon="127.02755737304688"><ele>24.399999618530273</ele><time>2026-08-23T00:31:17Z</time></trkpt><trkpt lat="37.57780456542969" lon="127.0275650024414"><ele>24.399999618530273</ele><time>2026-08-23T00:31:18Z</time></trkpt><trkpt lat="37.577789306640625" lon="127.02758026123047"><ele>24.399999618530273</ele><time>2026-08-23T00:31:19Z</time></trkpt><trkpt lat="37.57776641845703" lon="127.027587890625"><ele>24.399999618530273</ele><time>2026-08-23T00:31:20Z</time></trkpt><trkpt lat="37.57775115966797" lon="127.027587890625"><ele>24.399999618530273</ele><time>2026-08-23T00:31:21Z</time></trkpt><trkpt lat="37.577735900878906" lon="127.02760314941406"><ele>24.399999618530273</ele><time>2026-08-23T00:31:22Z</time></trkpt><trkpt lat="37.577720642089844" lon="127.02761840820312"><ele>24.399999618530273</ele><time>2026-08-23T00:31:23Z</time></trkpt><trkpt lat="37.57770538330078" lon="127.02762603759766"><ele>24.399999618530273</ele><time>2026-08-23T00:31:24Z</time></trkpt><trkpt lat="37.57768630981445" lon="127.02762603759766"><ele>24.399999618530273</ele><time>2026-08-23T00:31:25Z</time></trkpt><trkpt lat="37.577667236328125" lon="127.02764129638672"><ele>24.399999618530273</ele><time>2026-08-23T00:31:26Z</time></trkpt><trkpt lat="37.57765197753906" lon="127.02764892578125"><ele>24.399999618530273</ele><time>2026-08-23T00:31:27Z</time></trkpt><trkpt lat="37.57763671875" lon="127.02764892578125"><ele>24.200000762939453</ele><time>2026-08-23T00:31:28Z</time></trkpt><trkpt lat="37.57762145996094" lon="127.02765655517578"><ele>24.200000762939453</ele><time>2026-08-23T00:31:29Z</time></trkpt><trkpt lat="37.57761001586914" lon="127.02766418457031"><ele>24.200000762939453</ele><time>2026-08-23T00:31:30Z</time></trkpt><trkpt lat="37.577598571777344" lon="127.02767181396484"><ele>24.200000762939453</ele><time>2026-08-23T00:31:31Z</time></trkpt><trkpt lat="37.57643508911133" lon="127.02789306640625"><ele>23.200000762939453</ele><time>2026-08-23T00:33:17Z</time></trkpt><trkpt lat="37.576419830322266" lon="127.02790069580078"><ele>23.200000762939453</ele><time>2026-08-23T00:33:18Z</time></trkpt><trkpt lat="37.57640838623047" lon="127.02790069580078"><ele>23.0</ele><time>2026-08-23T00:33:19Z</time></trkpt><trkpt lat="37.576393127441406" lon="127.02790832519531"><ele>22.799999237060547</ele><time>2026-08-23T00:33:20Z</time></trkpt><trkpt lat="37.576377868652344" lon="127.02790832519531"><ele>22.799999237060547</ele><time>2026-08-23T00:33:21Z</time></trkpt><trkpt lat="37.57636260986328" lon="127.02791595458984"><ele>22.799999237060547</ele><time>2026-08-23T00:33:22Z</time></trkpt><trkpt lat="37.57634353637695" lon="127.02791595458984"><ele>23.0</ele><time>2026-08-23T00:33:23Z</time></trkpt><trkpt lat="37.576324462890625" lon="127.02791595458984"><ele>23.0</ele><time>2026-08-23T00:33:24Z</time></trkpt><trkpt lat="37.5763053894043" lon="127.02792358398438"><ele>23.0</ele><time>2026-08-23T00:33:25Z</time></trkpt><trkpt lat="37.57628631591797" lon="127.02792358398438"><ele>23.0</ele><time>2026-08-23T00:33:26Z</time></trkpt><trkpt lat="37.57626724243164" lon="127.0279312133789"><ele>23.0</ele><time>2026-08-23T00:33:27Z</time></trkpt><trkpt lat="37.57624816894531" lon="127.0279312133789"><ele>23.0</ele><time>2026-08-23T00:33:28Z</time></trkpt><trkpt lat="37.57622528076172" lon="127.0279312133789"><ele>23.0</ele><time>2026-08-23T00:33:29Z</time></trkpt><trkpt lat="37.576202392578125" lon="127.02793884277344"><ele>23.0</ele><time>2026-08-23T00:33:30Z</time></trkpt><trkpt lat="37.5761833190918" lon="127.0279312133789"><ele>23.0</ele><time>2026-08-23T00:33:31Z</time></trkpt><trkpt lat="37.5761604309082" lon="127.02793884277344"><ele>23.0</ele><time>2026-08-23T00:33:32Z</time></trkpt><trkpt lat="37.57614517211914" lon="127.02793884277344"><ele>23.0</ele><time>2026-08-23T00:33:33Z</time></trkpt><trkpt lat="37.57612228393555" lon="127.02793884277344"><ele>23.0</ele><time>2026-08-23T00:33:34Z</time></trkpt><trkpt lat="37.576107025146484" lon="127.02794647216797"><ele>23.0</ele><time>2026-08-23T00:33:35Z</time></trkpt><trkpt lat="37.57608413696289" lon="127.02794647216797"><ele>23.0</ele><time>2026-08-23T00:33:36Z</time></trkpt><trkpt lat="37.57606506347656" lon="127.02794647216797"><ele>23.0</ele><time>2026-08-23T00:33:37Z</time></trkpt><trkpt lat="37.576045989990234" lon="127.0279541015625"><ele>23.0</ele><time>2026-08-23T00:33:38Z</time></trkpt><trkpt lat="37.57602310180664" lon="127.0279541015625"><ele>23.0</ele><time>2026-08-23T00:33:39Z</time></trkpt><trkpt lat="37.57600402832031" lon="127.02796173095703"><ele>22.799999237060547</ele><time>2026-08-23T00:33:40Z</time></trkpt><trkpt lat="37.57597732543945" lon="127.02796173095703"><ele>22.799999237060547</ele><time>2026-08-23T00:33:41Z</time></trkpt><trkpt lat="37.575958251953125" lon="127.02796936035156"><ele>22.799999237060547</ele><time>2026-08-23T00:33:42Z</time></trkpt><trkpt lat="37.5759391784668" lon="127.02796936035156"><ele>22.799999237060547</ele><time>2026-08-23T00:33:43Z</time></trkpt><trkpt lat="37.57591247558594" lon="127.0279769897461"><ele>22.799999237060547</ele><time>2026-08-23T00:33:44Z</time></trkpt><trkpt lat="37.575897216796875" lon="127.02798461914062"><ele>22.799999237060547</ele><time>2026-08-23T00:33:45Z</time></trkpt><trkpt lat="37.57587432861328" lon="127.02798461914062"><ele>22.799999237060547</ele><time>2026-08-23T00:33:46Z</time></trkpt><trkpt lat="37.57585906982422" lon="127.02798461914062"><ele>22.799999237060547</ele><time>2026-08-23T00:33:47Z</time></trkpt><trkpt lat="37.575836181640625" lon="127.02799224853516"><ele>22.799999237060547</ele><time>2026-08-23T00:33:48Z</time></trkpt><trkpt lat="37.57582092285156" lon="127.02799224853516"><ele>22.799999237060547</ele><time>2026-08-23T00:33:49Z</time></trkpt><trkpt lat="37.5757942199707" lon="127.02799987792969"><ele>22.600000381469727</ele><time>2026-08-23T00:33:50Z</time></trkpt><trkpt lat="37.57577133178711" lon="127.02799987792969"><ele>22.600000381469727</ele><time>2026-08-23T00:33:51Z</time></trkpt><trkpt lat="37.57575225830078" lon="127.02799987792969"><ele>22.399999618530273</ele><time>2026-08-23T00:33:52Z</time></trkpt><trkpt lat="37.57572555541992" lon="127.02800750732422"><ele>22.399999618530273</ele><time>2026-08-23T00:33:53Z</time></trkpt><trkpt lat="37.57571029663086" lon="127.02800750732422"><ele>22.399999618530273</ele><time>2026-08-23T00:33:54Z</time></trkpt><trkpt lat="37.575687408447266" lon="127.02800750732422"><ele>22.399999618530273</ele><time>2026-08-23T00:33:55Z</time></trkpt><trkpt lat="37.57566452026367" lon="127.02800750732422"><ele>22.399999618530273</ele><time>2026-08-23T00:33:56Z</time></trkpt><trkpt lat="37.57564926147461" lon="127.02801513671875"><ele>22.399999618530273</ele><time>2026-08-23T00:33:57Z</time></trkpt><trkpt lat="37.57562255859375" lon="127.02802276611328"><ele>22.399999618530273</ele><time>2026-08-23T00:33:58Z</time></trkpt><trkpt lat="37.57560729980469" lon="127.02802276611328"><ele>22.399999618530273</ele><time>2026-08-23T00:33:59Z</time></trkpt><trkpt lat="37.57558059692383" lon="127.02802276611328"><ele>22.399999618530273</ele><time>2026-08-23T00:34:00Z</time></trkpt><trkpt lat="37.5755615234375" lon="127.02802276611328"><ele>22.399999618530273</ele><time>2026-08-23T00:34:01Z</time></trkpt><trkpt lat="37.575538635253906" lon="127.02802276611328"><ele>22.399999618530273</ele><time>2026-08-23T00:34:02Z</time></trkpt><trkpt lat="37.57551574707031" lon="127.02802276611328"><ele>22.399999618530273</ele><time>2026-08-23T00:34:03Z</time></trkpt><trkpt lat="37.57549285888672" lon="127.02803039550781"><ele>22.399999618530273</ele><time>2026-08-23T00:34:04Z</time></trkpt><trkpt lat="37.57546615600586" lon="127.02803039550781"><ele>22.399999618530273</ele><time>2026-08-23T00:34:05Z</time></trkpt><trkpt lat="37.57544708251953" lon="127.02803802490234"><ele>22.399999618530273</ele><time>2026-08-23T00:34:06Z</time></trkpt><trkpt lat="37.57542037963867" lon="127.02803802490234"><ele>22.399999618530273</ele><time>2026-08-23T00:34:07Z</time></trkpt><trkpt lat="37.575401306152344" lon="127.02803802490234"><ele>22.399999618530273</ele><time>2026-08-23T00:34:08Z</time></trkpt><trkpt lat="37.57537841796875" lon="127.02803802490234"><ele>22.600000381469727</ele><time>2026-08-23T00:34:09Z</time></trkpt><trkpt lat="37.57535934448242" lon="127.02804565429688"><ele>22.399999618530273</ele><time>2026-08-23T00:34:10Z</time></trkpt><trkpt lat="37.575340270996094" lon="127.02804565429688"><ele>22.399999618530273</ele><time>2026-08-23T00:34:11Z</time></trkpt><trkpt lat="37.5753173828125" lon="127.02804565429688"><ele>22.399999618530273</ele><time>2026-08-23T00:34:12Z</time></trkpt><trkpt lat="37.57530212402344" lon="127.0280532836914"><ele>22.399999618530273</ele><time>2026-08-23T00:34:13Z</time></trkpt><trkpt lat="37.57527542114258" lon="127.0280532836914"><ele>22.399999618530273</ele><time>2026-08-23T00:34:14Z</time></trkpt><trkpt lat="37.57525634765625" lon="127.0280532836914"><ele>22.399999618530273</ele><time>2026-08-23T00:34:15Z</time></trkpt><trkpt lat="37.575233459472656" lon="127.0280532836914"><ele>22.399999618530273</ele><time>2026-08-23T00:34:16Z</time></trkpt><trkpt lat="37.57521057128906" lon="127.0280532836914"><ele>22.399999618530273</ele><time>2026-08-23T00:34:17Z</time></trkpt><trkpt lat="37.575191497802734" lon="127.02806091308594"><ele>22.399999618530273</ele><time>2026-08-23T00:34:18Z</time></trkpt><trkpt lat="37.57516860961914" lon="127.02806091308594"><ele>22.399999618530273</ele><time>2026-08-23T00:34:19Z</time></trkpt><trkpt lat="37.57514953613281" lon="127.02806091308594"><ele>22.399999618530273</ele><time>2026-08-23T00:34:20Z</time></trkpt><trkpt lat="37.57512283325195" lon="127.02806091308594"><ele>22.600000381469727</ele><time>2026-08-23T00:34:21Z</time></trkpt><trkpt lat="37.57510757446289" lon="127.02806854248047"><ele>22.600000381469727</ele><time>2026-08-23T00:34:22Z</time></trkpt><trkpt lat="37.5750846862793" lon="127.02806854248047"><ele>22.399999618530273</ele><time>2026-08-23T00:34:23Z</time></trkpt><trkpt lat="37.5750617980957" lon="127.028076171875"><ele>22.399999618530273</ele><time>2026-08-23T00:34:24Z</time></trkpt><trkpt lat="37.575042724609375" lon="127.02808380126953"><ele>22.399999618530273</ele><time>2026-08-23T00:34:25Z</time></trkpt><trkpt lat="37.575016021728516" lon="127.02808380126953"><ele>22.200000762939453</ele><time>2026-08-23T00:34:26Z</time></trkpt><trkpt lat="37.57500076293945" lon="127.02809143066406"><ele>22.200000762939453</ele><time>2026-08-23T00:34:27Z</time></trkpt><trkpt lat="37.574981689453125" lon="127.02809143066406"><ele>22.200000762939453</ele><time>2026-08-23T00:34:28Z</time></trkpt><trkpt lat="37.5749626159668" lon="127.02809143066406"><ele>22.0</ele><time>2026-08-23T00:34:29Z</time></trkpt><trkpt lat="37.574947357177734" lon="127.02809143066406"><ele>22.0</ele><time>2026-08-23T00:34:30Z</time></trkpt><trkpt lat="37.574928283691406" lon="127.02809143066406"><ele>22.0</ele><time>2026-08-23T00:34:31Z</time></trkpt><trkpt lat="37.574913024902344" lon="127.02809143066406"><ele>22.0</ele><time>2026-08-23T00:34:32Z</time></trkpt><trkpt lat="37.57489776611328" lon="127.02809143066406"><ele>22.0</ele><time>2026-08-23T00:34:33Z</time></trkpt><trkpt lat="37.57488250732422" lon="127.0280990600586"><ele>22.0</ele><time>2026-08-23T00:34:34Z</time></trkpt><trkpt lat="37.574867248535156" lon="127.02810668945312"><ele>22.0</ele><time>2026-08-23T00:34:35Z</time></trkpt><trkpt lat="37.5748405456543" lon="127.02810668945312"><ele>22.0</ele><time>2026-08-23T00:34:36Z</time></trkpt><trkpt lat="37.57482147216797" lon="127.02810668945312"><ele>22.0</ele><time>2026-08-23T00:34:37Z</time></trkpt><trkpt lat="37.574790954589844" lon="127.02810668945312"><ele>22.0</ele><time>2026-08-23T00:34:38Z</time></trkpt><trkpt lat="37.57476806640625" lon="127.02810668945312"><ele>22.0</ele><time>2026-08-23T00:34:39Z</time></trkpt><trkpt lat="37.57474136352539" lon="127.02811431884766"><ele>22.0</ele><time>2026-08-23T00:34:40Z</time></trkpt><trkpt lat="37.5747184753418" lon="127.02811431884766"><ele>22.0</ele><time>2026-08-23T00:34:41Z</time></trkpt><trkpt lat="37.57469940185547" lon="127.02811431884766"><ele>22.0</ele><time>2026-08-23T00:34:42Z</time></trkpt><trkpt lat="37.574676513671875" lon="127.02812194824219"><ele>22.0</ele><time>2026-08-23T00:34:43Z</time></trkpt><trkpt lat="37.57466125488281" lon="127.02812194824219"><ele>22.0</ele><time>2026-08-23T00:34:44Z</time></trkpt><trkpt lat="37.57463836669922" lon="127.02812194824219"><ele>22.0</ele><time>2026-08-23T00:34:45Z</time></trkpt><trkpt lat="37.574615478515625" lon="127.02812957763672"><ele>22.0</ele><time>2026-08-23T00:34:46Z</time></trkpt><trkpt lat="37.57460021972656" lon="127.02813720703125"><ele>21.799999237060547</ele><time>2026-08-23T00:34:47Z</time></trkpt><trkpt lat="37.5745735168457" lon="127.02813720703125"><ele>21.799999237060547</ele><time>2026-08-23T00:34:48Z</time></trkpt><trkpt lat="37.574554443359375" lon="127.02814483642578"><ele>21.799999237060547</ele><time>2026-08-23T00:34:49Z</time></trkpt><trkpt lat="37.57453155517578" lon="127.02814483642578"><ele>21.799999237060547</ele><time>2026-08-23T00:34:50Z</time></trkpt><trkpt lat="37.57451248168945" lon="127.02814483642578"><ele>21.799999237060547</ele><time>2026-08-23T00:34:51Z</time></trkpt><trkpt lat="37.574493408203125" lon="127.02814483642578"><ele>21.799999237060547</ele><time>2026-08-23T00:34:52Z</time></trkpt><trkpt lat="37.57447052001953" lon="127.02814483642578"><ele>22.0</ele><time>2026-08-23T00:34:53Z</time></trkpt><trkpt lat="37.57445526123047" lon="127.02815246582031"><ele>22.0</ele><time>2026-08-23T00:34:54Z</time></trkpt><trkpt lat="37.574432373046875" lon="127.02815246582031"><ele>22.0</ele><time>2026-08-23T00:34:55Z</time></trkpt><trkpt lat="37.57441329956055" lon="127.02815246582031"><ele>22.0</ele><time>2026-08-23T00:34:56Z</time></trkpt><trkpt lat="37.57439422607422" lon="127.02815246582031"><ele>22.0</ele><time>2026-08-23T00:34:57Z</time></trkpt><trkpt lat="37.574371337890625" lon="127.02815246582031"><ele>22.0</ele><time>2026-08-23T00:34:58Z</time></trkpt><trkpt lat="37.57435607910156" lon="127.02815246582031"><ele>22.0</ele><time>2026-08-23T00:34:59Z</time></trkpt><trkpt lat="37.57433319091797" lon="127.02816009521484"><ele>22.0</ele><time>2026-08-23T00:35:00Z</time></trkpt><trkpt lat="37.574317932128906" lon="127.02816009521484"><ele>22.0</ele><time>2026-08-23T00:35:01Z</time></trkpt><trkpt lat="37.57429885864258" lon="127.02816009521484"><ele>22.0</ele><time>2026-08-23T00:35:02Z</time></trkpt><trkpt lat="37.57427215576172" lon="127.02816009521484"><ele>22.0</ele><time>2026-08-23T00:35:03Z</time></trkpt><trkpt lat="37.57425308227539" lon="127.02816009521484"><ele>21.799999237060547</ele><time>2026-08-23T00:35:04Z</time></trkpt><trkpt lat="37.5742301940918" lon="127.02816009521484"><ele>21.799999237060547</ele><time>2026-08-23T00:35:05Z</time></trkpt><trkpt lat="37.57421112060547" lon="127.02816772460938"><ele>21.799999237060547</ele><time>2026-08-23T00:35:06Z</time></trkpt><trkpt lat="37.57419204711914" lon="127.02816772460938"><ele>21.799999237060547</ele><time>2026-08-23T00:35:07Z</time></trkpt><trkpt lat="37.57416915893555" lon="127.02816772460938"><ele>21.799999237060547</ele><time>2026-08-23T00:35:08Z</time></trkpt><trkpt lat="37.57415008544922" lon="127.0281753540039"><ele>21.799999237060547</ele><time>2026-08-23T00:35:09Z</time></trkpt><trkpt lat="37.57412338256836" lon="127.0281753540039"><ele>21.799999237060547</ele><time>2026-08-23T00:35:10Z</time></trkpt><trkpt lat="37.57410430908203" lon="127.0281753540039"><ele>21.600000381469727</ele><time>2026-08-23T00:35:11Z</time></trkpt><trkpt lat="37.57408142089844" lon="127.0281753540039"><ele>21.399999618530273</ele><time>2026-08-23T00:35:12Z</time></trkpt><trkpt lat="37.574066162109375" lon="127.02816009521484"><ele>21.399999618530273</ele><time>2026-08-23T00:35:13Z</time></trkpt><trkpt lat="37.57406997680664" lon="127.02816772460938"><ele>21.399999618530273</ele><time>2026-08-23T00:35:14Z</time></trkpt><trkpt lat="37.574073791503906" lon="127.0281753540039"><ele>21.399999618530273</ele><time>2026-08-23T00:35:15Z</time></trkpt><trkpt lat="37.57405471801758" lon="127.0281753540039"><ele>21.600000381469727</ele><time>2026-08-23T00:35:16Z</time></trkpt><trkpt lat="37.574031829833984" lon="127.0281753540039"><ele>21.600000381469727</ele><time>2026-08-23T00:35:17Z</time></trkpt><trkpt lat="37.574012756347656" lon="127.02816772460938"><ele>21.600000381469727</ele><time>2026-08-23T00:35:18Z</time></trkpt><trkpt lat="37.57399368286133" lon="127.02816772460938"><ele>21.600000381469727</ele><time>2026-08-23T00:35:19Z</time></trkpt><trkpt lat="37.573978424072266" lon="127.02816772460938"><ele>21.399999618530273</ele><time>2026-08-23T00:35:20Z</time></trkpt><trkpt lat="37.5739631652832" lon="127.02816009521484"><ele>21.399999618530273</ele><time>2026-08-23T00:35:21Z</time></trkpt><trkpt lat="37.573944091796875" lon="127.02816009521484"><ele>21.399999618530273</ele><time>2026-08-23T00:35:22Z</time></trkpt><trkpt lat="37.57392883300781" lon="127.02816009521484"><ele>21.399999618530273</ele><time>2026-08-23T00:35:23Z</time></trkpt><trkpt lat="37.57391357421875" lon="127.02816009521484"><ele>21.399999618530273</ele><time>2026-08-23T00:35:24Z</time></trkpt><trkpt lat="37.57390213012695" lon="127.02816009521484"><ele>21.399999618530273</ele><time>2026-08-23T00:35:25Z</time></trkpt><trkpt lat="37.57389450073242" lon="127.02815246582031"><ele>21.399999618530273</ele><time>2026-08-23T00:35:26Z</time></trkpt><trkpt lat="37.57387161254883" lon="127.02814483642578"><ele>21.399999618530273</ele><time>2026-08-23T00:35:27Z</time></trkpt><trkpt lat="37.57381820678711" lon="127.02814483642578"><ele>21.600000381469727</ele><time>2026-08-23T00:35:28Z</time></trkpt><trkpt lat="37.57378387451172" lon="127.02814483642578"><ele>21.600000381469727</ele><time>2026-08-23T00:35:29Z</time></trkpt><trkpt lat="37.57375717163086" lon="127.02816009521484"><ele>21.600000381469727</ele><time>2026-08-23T00:35:30Z</time></trkpt><trkpt lat="37.573734283447266" lon="127.02816009521484"><ele>21.600000381469727</ele><time>2026-08-23T00:35:31Z</time></trkpt><trkpt lat="37.5737190246582" lon="127.02816009521484"><ele>21.799999237060547</ele><time>2026-08-23T00:35:32Z</time></trkpt><trkpt lat="37.573692321777344" lon="127.02816009521484"><ele>21.799999237060547</ele><time>2026-08-23T00:35:33Z</time></trkpt><trkpt lat="37.573673248291016" lon="127.02816009521484"><ele>21.799999237060547</ele><time>2026-08-23T00:35:34Z</time></trkpt><trkpt lat="37.573646545410156" lon="127.02816772460938"><ele>21.799999237060547</ele><time>2026-08-23T00:35:35Z</time></trkpt><trkpt lat="37.57362365722656" lon="127.02816009521484"><ele>21.799999237060547</ele><time>2026-08-23T00:35:36Z</time></trkpt><trkpt lat="37.57360076904297" lon="127.02816772460938"><ele>21.799999237060547</ele><time>2026-08-23T00:35:37Z</time></trkpt><trkpt lat="37.57358932495117" lon="127.02816772460938"><ele>21.799999237060547</ele><time>2026-08-23T00:35:38Z</time></trkpt><trkpt lat="37.57317352294922" lon="127.02812194824219"><ele>22.0</ele><time>2026-08-23T00:36:24Z</time></trkpt><trkpt lat="37.57316589355469" lon="127.02812194824219"><ele>22.0</ele><time>2026-08-23T00:36:25Z</time></trkpt><trkpt lat="37.573150634765625" lon="127.02811431884766"><ele>22.0</ele><time>2026-08-23T00:36:26Z</time></trkpt><trkpt lat="37.57313919067383" lon="127.02812194824219"><ele>21.799999237060547</ele><time>2026-08-23T00:36:27Z</time></trkpt><trkpt lat="37.5731201171875" lon="127.02811431884766"><ele>21.799999237060547</ele><time>2026-08-23T00:36:28Z</time></trkpt><trkpt lat="37.57310104370117" lon="127.02810668945312"><ele>21.799999237060547</ele><time>2026-08-23T00:36:29Z</time></trkpt><trkpt lat="37.573081970214844" lon="127.02810668945312"><ele>21.600000381469727</ele><time>2026-08-23T00:36:30Z</time></trkpt><trkpt lat="37.573062896728516" lon="127.0280990600586"><ele>21.600000381469727</ele><time>2026-08-23T00:36:31Z</time></trkpt><trkpt lat="37.57304763793945" lon="127.0280990600586"><ele>21.799999237060547</ele><time>2026-08-23T00:36:32Z</time></trkpt><trkpt lat="37.57302474975586" lon="127.02810668945312"><ele>21.799999237060547</ele><time>2026-08-23T00:36:33Z</time></trkpt><trkpt lat="37.57300567626953" lon="127.0280990600586"><ele>21.799999237060547</ele><time>2026-08-23T00:36:34Z</time></trkpt><trkpt lat="37.5729866027832" lon="127.0280990600586"><ele>21.799999237060547</ele><time>2026-08-23T00:36:35Z</time></trkpt><trkpt lat="37.57296371459961" lon="127.0280990600586"><ele>21.799999237060547</ele><time>2026-08-23T00:36:36Z</time></trkpt><trkpt lat="37.57294464111328" lon="127.02810668945312"><ele>21.799999237060547</ele><time>2026-08-23T00:36:37Z</time></trkpt><trkpt lat="37.57292175292969" lon="127.0280990600586"><ele>21.799999237060547</ele><time>2026-08-23T00:36:38Z</time></trkpt><trkpt lat="37.57290267944336" lon="127.0280990600586"><ele>21.799999237060547</ele><time>2026-08-23T00:36:39Z</time></trkpt><trkpt lat="37.572879791259766" lon="127.02809143066406"><ele>21.799999237060547</ele><time>2026-08-23T00:36:40Z</time></trkpt><trkpt lat="37.57285690307617" lon="127.02809143066406"><ele>21.799999237060547</ele><time>2026-08-23T00:36:41Z</time></trkpt><trkpt lat="37.57283401489258" lon="127.02809143066406"><ele>21.799999237060547</ele><time>2026-08-23T00:36:42Z</time></trkpt><trkpt lat="37.572811126708984" lon="127.02809143066406"><ele>21.600000381469727</ele><time>2026-08-23T00:36:43Z</time></trkpt><trkpt lat="37.57278823852539" lon="127.02808380126953"><ele>21.600000381469727</ele><time>2026-08-23T00:36:44Z</time></trkpt><trkpt lat="37.5727653503418" lon="127.02808380126953"><ele>21.600000381469727</ele><time>2026-08-23T00:36:45Z</time></trkpt><trkpt lat="37.5727424621582" lon="127.028076171875"><ele>21.600000381469727</ele><time>2026-08-23T00:36:46Z</time></trkpt><trkpt lat="37.57271957397461" lon="127.02808380126953"><ele>21.600000381469727</ele><time>2026-08-23T00:36:47Z</time></trkpt><trkpt lat="37.57269287109375" lon="127.02808380126953"><ele>21.600000381469727</ele><time>2026-08-23T00:36:48Z</time></trkpt><trkpt lat="37.57267379760742" lon="127.02808380126953"><ele>21.600000381469727</ele><time>2026-08-23T00:36:49Z</time></trkpt><trkpt lat="37.57265090942383" lon="127.028076171875"><ele>21.600000381469727</ele><time>2026-08-23T00:36:50Z</time></trkpt><trkpt lat="37.5726318359375" lon="127.02806854248047"><ele>21.600000381469727</ele><time>2026-08-23T00:36:51Z</time></trkpt><trkpt lat="37.57261657714844" lon="127.02806091308594"><ele>21.600000381469727</ele><time>2026-08-23T00:36:52Z</time></trkpt><trkpt lat="37.572593688964844" lon="127.0280532836914"><ele>21.399999618530273</ele><time>2026-08-23T00:36:53Z</time></trkpt><trkpt lat="37.572574615478516" lon="127.02804565429688"><ele>21.399999618530273</ele><time>2026-08-23T00:36:54Z</time></trkpt><trkpt lat="37.57255935668945" lon="127.02804565429688"><ele>21.600000381469727</ele><time>2026-08-23T00:36:55Z</time></trkpt><trkpt lat="37.572540283203125" lon="127.02804565429688"><ele>21.600000381469727</ele><time>2026-08-23T00:36:56Z</time></trkpt><trkpt lat="37.5725212097168" lon="127.02804565429688"><ele>21.799999237060547</ele><time>2026-08-23T00:36:57Z</time></trkpt><trkpt lat="37.5724983215332" lon="127.02803802490234"><ele>21.799999237060547</ele><time>2026-08-23T00:36:58Z</time></trkpt><trkpt lat="37.57247543334961" lon="127.02803802490234"><ele>21.799999237060547</ele><time>2026-08-23T00:36:59Z</time></trkpt><trkpt lat="37.57244873046875" lon="127.02803802490234"><ele>21.799999237060547</ele><time>2026-08-23T00:37:00Z</time></trkpt><trkpt lat="37.572425842285156" lon="127.02803802490234"><ele>21.600000381469727</ele><time>2026-08-23T00:37:01Z</time></trkpt><trkpt lat="37.57239532470703" lon="127.02804565429688"><ele>21.600000381469727</ele><time>2026-08-23T00:37:02Z</time></trkpt><trkpt lat="37.57237243652344" lon="127.02803802490234"><ele>21.600000381469727</ele><time>2026-08-23T00:37:03Z</time></trkpt><trkpt lat="37.572349548339844" lon="127.02803802490234"><ele>21.600000381469727</ele><time>2026-08-23T00:37:04Z</time></trkpt><trkpt lat="37.57232666015625" lon="127.02803802490234"><ele>21.600000381469727</ele><time>2026-08-23T00:37:05Z</time></trkpt><trkpt lat="37.57230758666992" lon="127.02803802490234"><ele>21.600000381469727</ele><time>2026-08-23T00:37:06Z</time></trkpt><trkpt lat="37.572288513183594" lon="127.02803039550781"><ele>21.600000381469727</ele><time>2026-08-23T00:37:07Z</time></trkpt><trkpt lat="37.572265625" lon="127.02803039550781"><ele>21.600000381469727</ele><time>2026-08-23T00:37:08Z</time></trkpt><trkpt lat="37.572242736816406" lon="127.02802276611328"><ele>21.600000381469727</ele><time>2026-08-23T00:37:09Z</time></trkpt><trkpt lat="37.57222366333008" lon="127.02802276611328"><ele>21.600000381469727</ele><time>2026-08-23T00:37:10Z</time></trkpt><trkpt lat="37.57220458984375" lon="127.02803039550781"><ele>21.600000381469727</ele><time>2026-08-23T00:37:11Z</time></trkpt><trkpt lat="37.57217788696289" lon="127.02802276611328"><ele>21.600000381469727</ele><time>2026-08-23T00:37:12Z</time></trkpt><trkpt lat="37.57215881347656" lon="127.02802276611328"><ele>21.600000381469727</ele><time>2026-08-23T00:37:13Z</time></trkpt><trkpt lat="37.572139739990234" lon="127.02802276611328"><ele>21.399999618530273</ele><time>2026-08-23T00:37:14Z</time></trkpt><trkpt lat="37.57211685180664" lon="127.02801513671875"><ele>21.399999618530273</ele><time>2026-08-23T00:37:15Z</time></trkpt><trkpt lat="37.57210159301758" lon="127.02801513671875"><ele>21.399999618530273</ele><time>2026-08-23T00:37:16Z</time></trkpt><trkpt lat="37.57207489013672" lon="127.02800750732422"><ele>21.399999618530273</ele><time>2026-08-23T00:37:17Z</time></trkpt><trkpt lat="37.57206344604492" lon="127.02800750732422"><ele>21.399999618530273</ele><time>2026-08-23T00:37:18Z</time></trkpt><trkpt lat="37.57204055786133" lon="127.02799987792969"><ele>21.600000381469727</ele><time>2026-08-23T00:37:19Z</time></trkpt><trkpt lat="37.572017669677734" lon="127.02799987792969"><ele>21.600000381469727</ele><time>2026-08-23T00:37:20Z</time></trkpt><trkpt lat="37.57200241088867" lon="127.02800750732422"><ele>21.600000381469727</ele><time>2026-08-23T00:37:21Z</time></trkpt><trkpt lat="37.57197570800781" lon="127.02799987792969"><ele>21.600000381469727</ele><time>2026-08-23T00:37:22Z</time></trkpt><trkpt lat="37.571956634521484" lon="127.02799987792969"><ele>21.600000381469727</ele><time>2026-08-23T00:37:23Z</time></trkpt><trkpt lat="37.571937561035156" lon="127.02799987792969"><ele>21.399999618530273</ele><time>2026-08-23T00:37:24Z</time></trkpt><trkpt lat="37.571922302246094" lon="127.02799224853516"><ele>21.399999618530273</ele><time>2026-08-23T00:37:25Z</time></trkpt><trkpt lat="37.571903228759766" lon="127.02799224853516"><ele>21.600000381469727</ele><time>2026-08-23T00:37:26Z</time></trkpt><trkpt lat="37.57188034057617" lon="127.02799224853516"><ele>21.600000381469727</ele><time>2026-08-23T00:37:27Z</time></trkpt><trkpt lat="37.571861267089844" lon="127.02799224853516"><ele>21.600000381469727</ele><time>2026-08-23T00:37:28Z</time></trkpt><trkpt lat="37.571834564208984" lon="127.02798461914062"><ele>21.600000381469727</ele><time>2026-08-23T00:37:29Z</time></trkpt><trkpt lat="37.571815490722656" lon="127.02798461914062"><ele>21.799999237060547</ele><time>2026-08-23T00:37:30Z</time></trkpt><trkpt lat="37.57179260253906" lon="127.02798461914062"><ele>21.799999237060547</ele><time>2026-08-23T00:37:31Z</time></trkpt><trkpt lat="37.5717658996582" lon="127.02798461914062"><ele>21.799999237060547</ele><time>2026-08-23T00:37:32Z</time></trkpt><trkpt lat="37.57174301147461" lon="127.02798461914062"><ele>21.600000381469727</ele><time>2026-08-23T00:37:33Z</time></trkpt><trkpt lat="37.57171630859375" lon="127.0279769897461"><ele>21.600000381469727</ele><time>2026-08-23T00:37:34Z</time></trkpt><trkpt lat="37.57170104980469" lon="127.0279769897461"><ele>21.399999618530273</ele><time>2026-08-23T00:37:35Z</time></trkpt><trkpt lat="37.571678161621094" lon="127.02796936035156"><ele>21.399999618530273</ele><time>2026-08-23T00:37:36Z</time></trkpt><trkpt lat="37.5716552734375" lon="127.02796173095703"><ele>21.399999618530273</ele><time>2026-08-23T00:37:37Z</time></trkpt><trkpt lat="37.57163619995117" lon="127.02796173095703"><ele>21.399999618530273</ele><time>2026-08-23T00:37:38Z</time></trkpt><trkpt lat="37.57160949707031" lon="127.0279541015625"><ele>21.399999618530273</ele><time>2026-08-23T00:37:39Z</time></trkpt><trkpt lat="37.57159423828125" lon="127.0279541015625"><ele>21.600000381469727</ele><time>2026-08-23T00:37:40Z</time></trkpt><trkpt lat="37.57157516479492" lon="127.02794647216797"><ele>21.399999618530273</ele><time>2026-08-23T00:37:41Z</time></trkpt><trkpt lat="37.571556091308594" lon="127.02793884277344"><ele>21.399999618530273</ele><time>2026-08-23T00:37:42Z</time></trkpt><trkpt lat="37.57154083251953" lon="127.02794647216797"><ele>21.399999618530273</ele><time>2026-08-23T00:37:43Z</time></trkpt><trkpt lat="37.57152557373047" lon="127.02794647216797"><ele>21.399999618530273</ele><time>2026-08-23T00:37:44Z</time></trkpt><trkpt lat="37.571510314941406" lon="127.02793884277344"><ele>21.399999618530273</ele><time>2026-08-23T00:37:45Z</time></trkpt><trkpt lat="37.571495056152344" lon="127.02793884277344"><ele>21.399999618530273</ele><time>2026-08-23T00:37:46Z</time></trkpt><trkpt lat="37.571475982666016" lon="127.0279312133789"><ele>21.399999618530273</ele><time>2026-08-23T00:37:47Z</time></trkpt><trkpt lat="37.57146072387695" lon="127.0279312133789"><ele>21.399999618530273</ele><time>2026-08-23T00:37:48Z</time></trkpt><trkpt lat="37.57144546508789" lon="127.02792358398438"><ele>21.399999618530273</ele><time>2026-08-23T00:37:49Z</time></trkpt><trkpt lat="37.571434020996094" lon="127.02792358398438"><ele>21.399999618530273</ele><time>2026-08-23T00:37:50Z</time></trkpt><trkpt lat="37.57141876220703" lon="127.02792358398438"><ele>21.399999618530273</ele><time>2026-08-23T00:37:51Z</time></trkpt><trkpt lat="37.57140350341797" lon="127.02791595458984"><ele>21.399999618530273</ele><time>2026-08-23T00:37:52Z</time></trkpt><trkpt lat="37.57138442993164" lon="127.02791595458984"><ele>21.600000381469727</ele><time>2026-08-23T00:37:53Z</time></trkpt><trkpt lat="37.57136535644531" lon="127.02791595458984"><ele>21.600000381469727</ele><time>2026-08-23T00:37:54Z</time></trkpt><trkpt lat="37.57134246826172" lon="127.02791595458984"><ele>21.600000381469727</ele><time>2026-08-23T00:37:55Z</time></trkpt><trkpt lat="37.571319580078125" lon="127.02790832519531"><ele>21.600000381469727</ele><time>2026-08-23T00:37:56Z</time></trkpt><trkpt lat="37.5712890625" lon="127.02790832519531"><ele>21.600000381469727</ele><time>2026-08-23T00:37:57Z</time></trkpt><trkpt lat="37.57126998901367" lon="127.02791595458984"><ele>21.399999618530273</ele><time>2026-08-23T00:37:58Z</time></trkpt><trkpt lat="37.571250915527344" lon="127.02792358398438"><ele>21.399999618530273</ele><time>2026-08-23T00:37:59Z</time></trkpt><trkpt lat="37.57122802734375" lon="127.0279312133789"><ele>21.399999618530273</ele><time>2026-08-23T00:38:00Z</time></trkpt><trkpt lat="37.57121276855469" lon="127.02794647216797"><ele>21.399999618530273</ele><time>2026-08-23T00:38:01Z</time></trkpt><trkpt lat="37.57119369506836" lon="127.02796173095703"><ele>21.399999618530273</ele><time>2026-08-23T00:38:02Z</time></trkpt><trkpt lat="37.5711784362793" lon="127.02796173095703"><ele>21.399999618530273</ele><time>2026-08-23T00:38:03Z</time></trkpt><trkpt lat="37.57115936279297" lon="127.02796936035156"><ele>21.399999618530273</ele><time>2026-08-23T00:38:04Z</time></trkpt><trkpt lat="37.57114028930664" lon="127.02796936035156"><ele>21.600000381469727</ele><time>2026-08-23T00:38:05Z</time></trkpt><trkpt lat="37.57112121582031" lon="127.02796936035156"><ele>21.799999237060547</ele><time>2026-08-23T00:38:06Z</time></trkpt><trkpt lat="37.57109832763672" lon="127.02796173095703"><ele>22.0</ele><time>2026-08-23T00:38:07Z</time></trkpt><trkpt lat="37.571075439453125" lon="127.02796173095703"><ele>22.200000762939453</ele><time>2026-08-23T00:38:08Z</time></trkpt><trkpt lat="37.57106018066406" lon="127.02796173095703"><ele>22.600000381469727</ele><time>2026-08-23T00:38:09Z</time></trkpt><trkpt lat="37.571041107177734" lon="127.02796936035156"><ele>22.799999237060547</ele><time>2026-08-23T00:38:10Z</time></trkpt><trkpt lat="37.57101821899414" lon="127.02796936035156"><ele>23.0</ele><time>2026-08-23T00:38:11Z</time></trkpt><trkpt lat="37.57099914550781" lon="127.02796936035156"><ele>23.399999618530273</ele><time>2026-08-23T00:38:12Z</time></trkpt><trkpt lat="37.57097244262695" lon="127.02796936035156"><ele>23.600000381469727</ele><time>2026-08-23T00:38:13Z</time></trkpt><trkpt lat="37.57095718383789" lon="127.0279769897461"><ele>23.799999237060547</ele><time>2026-08-23T00:38:14Z</time></trkpt><trkpt lat="37.57093048095703" lon="127.0279769897461"><ele>24.0</ele><time>2026-08-23T00:38:15Z</time></trkpt><trkpt lat="37.57090759277344" lon="127.0279769897461"><ele>24.200000762939453</ele><time>2026-08-23T00:38:16Z</time></trkpt><trkpt lat="37.570892333984375" lon="127.02798461914062"><ele>24.399999618530273</ele><time>2026-08-23T00:38:17Z</time></trkpt><trkpt lat="37.57086944580078" lon="127.02798461914062"><ele>24.600000381469727</ele><time>2026-08-23T00:38:18Z</time></trkpt><trkpt lat="37.57085418701172" lon="127.02798461914062"><ele>24.799999237060547</ele><time>2026-08-23T00:38:19Z</time></trkpt><trkpt lat="37.570838928222656" lon="127.02798461914062"><ele>25.200000762939453</ele><time>2026-08-23T00:38:20Z</time></trkpt><trkpt lat="37.57082748413086" lon="127.02800750732422"><ele>25.399999618530273</ele><time>2026-08-23T00:38:21Z</time></trkpt><trkpt lat="37.57081604003906" lon="127.02802276611328"><ele>25.600000381469727</ele><time>2026-08-23T00:38:22Z</time></trkpt><trkpt lat="37.570804595947266" lon="127.02803802490234"><ele>25.600000381469727</ele><time>2026-08-23T00:38:23Z</time></trkpt><trkpt lat="37.57078552246094" lon="127.02804565429688"><ele>25.799999237060547</ele><time>2026-08-23T00:38:24Z</time></trkpt><trkpt lat="37.57076644897461" lon="127.0280532836914"><ele>25.799999237060547</ele><time>2026-08-23T00:38:25Z</time></trkpt><trkpt lat="37.57074737548828" lon="127.0280532836914"><ele>25.799999237060547</ele><time>2026-08-23T00:38:26Z</time></trkpt><trkpt lat="37.57072830200195" lon="127.02803802490234"><ele>25.600000381469727</ele><time>2026-08-23T00:38:27Z</time></trkpt><trkpt lat="37.570716857910156" lon="127.02801513671875"><ele>25.600000381469727</ele><time>2026-08-23T00:38:28Z</time></trkpt><trkpt lat="37.57072067260742" lon="127.02798461914062"><ele>25.600000381469727</ele><time>2026-08-23T00:38:29Z</time></trkpt><trkpt lat="37.57072067260742" lon="127.02796173095703"><ele>25.600000381469727</ele><time>2026-08-23T00:38:30Z</time></trkpt><trkpt lat="37.57072448730469" lon="127.0279312133789"><ele>25.600000381469727</ele><time>2026-08-23T00:38:31Z</time></trkpt><trkpt lat="37.570735931396484" lon="127.02789306640625"><ele>25.600000381469727</ele><time>2026-08-23T00:38:32Z</time></trkpt><trkpt lat="37.57073974609375" lon="127.02787017822266"><ele>25.600000381469727</ele><time>2026-08-23T00:38:33Z</time></trkpt><trkpt lat="37.57074737548828" lon="127.02783203125"><ele>25.600000381469727</ele><time>2026-08-23T00:38:34Z</time></trkpt><trkpt lat="37.57075500488281" lon="127.0278091430664"><ele>25.600000381469727</ele><time>2026-08-23T00:38:35Z</time></trkpt><trkpt lat="37.57075881958008" lon="127.02777862548828"><ele>25.600000381469727</ele><time>2026-08-23T00:38:36Z</time></trkpt><trkpt lat="37.570770263671875" lon="127.02774810791016"><ele>25.600000381469727</ele><time>2026-08-23T00:38:37Z</time></trkpt><trkpt lat="37.57077407836914" lon="127.02772521972656"><ele>25.600000381469727</ele><time>2026-08-23T00:38:38Z</time></trkpt><trkpt lat="37.57078552246094" lon="127.02770233154297"><ele>25.600000381469727</ele><time>2026-08-23T00:38:39Z</time></trkpt><trkpt lat="37.57079315185547" lon="127.02767944335938"><ele>25.600000381469727</ele><time>2026-08-23T00:38:40Z</time></trkpt><trkpt lat="37.570796966552734" lon="127.02765655517578"><ele>25.600000381469727</ele><time>2026-08-23T00:38:41Z</time></trkpt><trkpt lat="37.5708122253418" lon="127.02761840820312"><ele>25.399999618530273</ele><time>2026-08-23T00:38:42Z</time></trkpt><trkpt lat="37.5708122253418" lon="127.02760314941406"><ele>25.399999618530273</ele><time>2026-08-23T00:38:43Z</time></trkpt><trkpt lat="37.57082748413086" lon="127.02757263183594"><ele>25.399999618530273</ele><time>2026-08-23T00:38:44Z</time></trkpt><trkpt lat="37.570838928222656" lon="127.02755737304688"><ele>25.399999618530273</ele><time>2026-08-23T00:38:45Z</time></trkpt><trkpt lat="37.57084655761719" lon="127.02753448486328"><ele>25.399999618530273</ele><time>2026-08-23T00:38:46Z</time></trkpt><trkpt lat="37.57086181640625" lon="127.02751159667969"><ele>25.399999618530273</ele><time>2026-08-23T00:38:47Z</time></trkpt><trkpt lat="37.57086944580078" lon="127.0274887084961"><ele>25.399999618530273</ele><time>2026-08-23T00:38:48Z</time></trkpt><trkpt lat="37.57088851928711" lon="127.02745819091797"><ele>25.399999618530273</ele><time>2026-08-23T00:38:49Z</time></trkpt><trkpt lat="37.57089614868164" lon="127.0274429321289"><ele>25.399999618530273</ele><time>2026-08-23T00:38:50Z</time></trkpt><trkpt lat="37.57090377807617" lon="127.02741241455078"><ele>25.399999618530273</ele><time>2026-08-23T00:38:51Z</time></trkpt><trkpt lat="37.5709114074707" lon="127.02738952636719"><ele>25.399999618530273</ele><time>2026-08-23T00:38:52Z</time></trkpt><trkpt lat="37.570919036865234" lon="127.0273666381836"><ele>25.399999618530273</ele><time>2026-08-23T00:38:53Z</time></trkpt><trkpt lat="37.57093048095703" lon="127.02732849121094"><ele>25.399999618530273</ele><time>2026-08-23T00:38:54Z</time></trkpt><trkpt lat="37.57093811035156" lon="127.0273208618164"><ele>25.600000381469727</ele><time>2026-08-23T00:38:55Z</time></trkpt><trkpt lat="37.57094192504883" lon="127.02729034423828"><ele>25.600000381469727</ele><time>2026-08-23T00:38:56Z</time></trkpt><trkpt lat="37.57094955444336" lon="127.02726745605469"><ele>25.600000381469727</ele><time>2026-08-23T00:38:57Z</time></trkpt><trkpt lat="37.57095718383789" lon="127.0272445678711"><ele>25.600000381469727</ele><time>2026-08-23T00:38:58Z</time></trkpt><trkpt lat="37.57096481323242" lon="127.0272216796875"><ele>25.600000381469727</ele><time>2026-08-23T00:38:59Z</time></trkpt><trkpt lat="37.57097625732422" lon="127.02720642089844"><ele>25.600000381469727</ele><time>2026-08-23T00:39:00Z</time></trkpt><trkpt lat="37.570980072021484" lon="127.02718353271484"><ele>25.399999618530273</ele><time>2026-08-23T00:39:01Z</time></trkpt><trkpt lat="37.570987701416016" lon="127.02715301513672"><ele>25.399999618530273</ele><time>2026-08-23T00:39:02Z</time></trkpt><trkpt lat="37.570987701416016" lon="127.02713012695312"><ele>25.399999618530273</ele><time>2026-08-23T00:39:03Z</time></trkpt><trkpt lat="37.57099914550781" lon="127.02710723876953"><ele>25.200000762939453</ele><time>2026-08-23T00:39:04Z</time></trkpt><trkpt lat="37.571006774902344" lon="127.02708435058594"><ele>25.200000762939453</ele><time>2026-08-23T00:39:05Z</time></trkpt><trkpt lat="37.571006774902344" lon="127.02706146240234"><ele>25.200000762939453</ele><time>2026-08-23T00:39:06Z</time></trkpt><trkpt lat="37.571014404296875" lon="127.02703094482422"><ele>25.200000762939453</ele><time>2026-08-23T00:39:07Z</time></trkpt><trkpt lat="37.571014404296875" lon="127.02701568603516"><ele>25.200000762939453</ele><time>2026-08-23T00:39:08Z</time></trkpt><trkpt lat="37.57101821899414" lon="127.02699279785156"><ele>25.200000762939453</ele><time>2026-08-23T00:39:09Z</time></trkpt><trkpt lat="37.57102584838867" lon="127.02696228027344"><ele>25.200000762939453</ele><time>2026-08-23T00:39:10Z</time></trkpt><trkpt lat="37.57102584838867" lon="127.02693939208984"><ele>25.200000762939453</ele><time>2026-08-23T00:39:11Z</time></trkpt><trkpt lat="37.57102584838867" lon="127.02692413330078"><ele>25.200000762939453</ele><time>2026-08-23T00:39:12Z</time></trkpt><trkpt lat="37.57102584838867" lon="127.02690124511719"><ele>25.200000762939453</ele><time>2026-08-23T00:39:13Z</time></trkpt><trkpt lat="37.570858001708984" lon="127.02682495117188"><ele>25.399999618530273</ele><time>2026-08-23T00:39:36Z</time></trkpt><trkpt lat="37.570838928222656" lon="127.02681732177734"><ele>25.399999618530273</ele><time>2026-08-23T00:39:37Z</time></trkpt><trkpt lat="37.57081985473633" lon="127.02680969238281"><ele>25.399999618530273</ele><time>2026-08-23T00:39:38Z</time></trkpt><trkpt lat="37.570804595947266" lon="127.02680206298828"><ele>25.399999618530273</ele><time>2026-08-23T00:39:39Z</time></trkpt><trkpt lat="37.57078552246094" lon="127.02679443359375"><ele>25.600000381469727</ele><time>2026-08-23T00:39:40Z</time></trkpt><trkpt lat="37.57075881958008" lon="127.02678680419922"><ele>25.399999618530273</ele><time>2026-08-23T00:39:41Z</time></trkpt><trkpt lat="37.57074737548828" lon="127.02677917480469"><ele>25.399999618530273</ele><time>2026-08-23T00:39:42Z</time></trkpt><trkpt lat="37.57072448730469" lon="127.02677154541016"><ele>25.399999618530273</ele><time>2026-08-23T00:39:43Z</time></trkpt><trkpt lat="37.57070541381836" lon="127.02676391601562"><ele>25.399999618530273</ele><time>2026-08-23T00:39:44Z</time></trkpt><trkpt lat="37.57068634033203" lon="127.0267562866211"><ele>25.399999618530273</ele><time>2026-08-23T00:39:45Z</time></trkpt><trkpt lat="37.5706672668457" lon="127.02674102783203"><ele>25.399999618530273</ele><time>2026-08-23T00:39:46Z</time></trkpt><trkpt lat="37.570655822753906" lon="127.0267333984375"><ele>25.399999618530273</ele><time>2026-08-23T00:39:47Z</time></trkpt><trkpt lat="37.57063674926758" lon="127.0267333984375"><ele>25.399999618530273</ele><time>2026-08-23T00:39:48Z</time></trkpt><trkpt lat="37.570613861083984" lon="127.02671813964844"><ele>25.399999618530273</ele><time>2026-08-23T00:39:49Z</time></trkpt><trkpt lat="37.57060241699219" lon="127.0267105102539"><ele>25.399999618530273</ele><time>2026-08-23T00:39:50Z</time></trkpt><trkpt lat="37.57058334350586" lon="127.02670288085938"><ele>25.399999618530273</ele><time>2026-08-23T00:39:51Z</time></trkpt><trkpt lat="37.57056427001953" lon="127.02670288085938"><ele>25.200000762939453</ele><time>2026-08-23T00:39:52Z</time></trkpt><trkpt lat="37.570560455322266" lon="127.02671813964844"><ele>25.200000762939453</ele><time>2026-08-23T00:39:53Z</time></trkpt><trkpt lat="37.570552825927734" lon="127.02674865722656"><ele>25.200000762939453</ele><time>2026-08-23T00:39:54Z</time></trkpt><trkpt lat="37.570556640625" lon="127.02676391601562"><ele>25.0</ele><time>2026-08-23T00:39:55Z</time></trkpt><trkpt lat="37.570560455322266" lon="127.02677917480469"><ele>25.0</ele><time>2026-08-23T00:39:56Z</time></trkpt><trkpt lat="37.570552825927734" lon="127.02680206298828"><ele>25.0</ele><time>2026-08-23T00:39:57Z</time></trkpt><trkpt lat="37.57054901123047" lon="127.02682495117188"><ele>25.0</ele><time>2026-08-23T00:39:58Z</time></trkpt><trkpt lat="37.5705451965332" lon="127.02684783935547"><ele>25.0</ele><time>2026-08-23T00:39:59Z</time></trkpt><trkpt lat="37.57053756713867" lon="127.02687072753906"><ele>24.799999237060547</ele><time>2026-08-23T00:40:00Z</time></trkpt><trkpt lat="37.570533752441406" lon="127.02689361572266"><ele>24.600000381469727</ele><time>2026-08-23T00:40:01Z</time></trkpt><trkpt lat="37.570526123046875" lon="127.02692413330078"><ele>24.399999618530273</ele><time>2026-08-23T00:40:02Z</time></trkpt><trkpt lat="37.570518493652344" lon="127.02693939208984"><ele>24.200000762939453</ele><time>2026-08-23T00:40:03Z</time></trkpt><trkpt lat="37.57051086425781" lon="127.02696228027344"><ele>24.200000762939453</ele><time>2026-08-23T00:40:04Z</time></trkpt><trkpt lat="37.57050323486328" lon="127.0269775390625"><ele>24.0</ele><time>2026-08-23T00:40:05Z</time></trkpt><trkpt lat="37.57050323486328" lon="127.0270004272461"><ele>24.0</ele><time>2026-08-23T00:40:06Z</time></trkpt><trkpt lat="37.570491790771484" lon="127.02702331542969"><ele>23.799999237060547</ele><time>2026-08-23T00:40:07Z</time></trkpt><trkpt lat="37.570491790771484" lon="127.02704620361328"><ele>23.600000381469727</ele><time>2026-08-23T00:40:08Z</time></trkpt><trkpt lat="37.57048797607422" lon="127.02706909179688"><ele>23.399999618530273</ele><time>2026-08-23T00:40:09Z</time></trkpt><trkpt lat="37.57048034667969" lon="127.02709197998047"><ele>23.200000762939453</ele><time>2026-08-23T00:40:10Z</time></trkpt><trkpt lat="37.57047653198242" lon="127.02711486816406"><ele>23.0</ele><time>2026-08-23T00:40:11Z</time></trkpt><trkpt lat="37.57046890258789" lon="127.02713775634766"><ele>23.0</ele><time>2026-08-23T00:40:12Z</time></trkpt><trkpt lat="37.57046127319336" lon="127.02715301513672"><ele>22.799999237060547</ele><time>2026-08-23T00:40:13Z</time></trkpt><trkpt lat="37.57046127319336" lon="127.02717590332031"><ele>22.600000381469727</ele><time>2026-08-23T00:40:14Z</time></trkpt><trkpt lat="37.57045364379883" lon="127.02720642089844"><ele>22.600000381469727</ele><time>2026-08-23T00:40:15Z</time></trkpt><trkpt lat="37.57044982910156" lon="127.0272216796875"><ele>22.399999618530273</ele><time>2026-08-23T00:40:16Z</time></trkpt><trkpt lat="37.5704460144043" lon="127.02723693847656"><ele>22.200000762939453</ele><time>2026-08-23T00:40:17Z</time></trkpt><trkpt lat="37.5704345703125" lon="127.02725982666016"><ele>22.200000762939453</ele><time>2026-08-23T00:40:18Z</time></trkpt><trkpt lat="37.5704345703125" lon="127.02727508544922"><ele>22.0</ele><time>2026-08-23T00:40:19Z</time></trkpt><trkpt lat="37.57042694091797" lon="127.02730560302734"><ele>21.799999237060547</ele><time>2026-08-23T00:40:20Z</time></trkpt><trkpt lat="37.57041931152344" lon="127.0273208618164"><ele>21.600000381469727</ele><time>2026-08-23T00:40:21Z</time></trkpt><trkpt lat="37.57041931152344" lon="127.02734375"><ele>21.399999618530273</ele><time>2026-08-23T00:40:22Z</time></trkpt><trkpt lat="37.57040786743164" lon="127.0273666381836"><ele>21.399999618530273</ele><time>2026-08-23T00:40:23Z</time></trkpt><trkpt lat="37.570404052734375" lon="127.02738189697266"><ele>21.200000762939453</ele><time>2026-08-23T00:40:24Z</time></trkpt><trkpt lat="37.57040023803711" lon="127.02740478515625"><ele>21.0</ele><time>2026-08-23T00:40:25Z</time></trkpt><trkpt lat="37.57039260864258" lon="127.02742767333984"><ele>21.0</ele><time>2026-08-23T00:40:26Z</time></trkpt><trkpt lat="37.57038879394531" lon="127.0274429321289"><ele>20.799999237060547</ele><time>2026-08-23T00:40:27Z</time></trkpt><trkpt lat="37.57038116455078" lon="127.02747344970703"><ele>20.600000381469727</ele><time>2026-08-23T00:40:28Z</time></trkpt><trkpt lat="37.57037353515625" lon="127.02749633789062"><ele>20.399999618530273</ele><time>2026-08-23T00:40:29Z</time></trkpt><trkpt lat="37.570369720458984" lon="127.02751159667969"><ele>20.200000762939453</ele><time>2026-08-23T00:40:30Z</time></trkpt><trkpt lat="37.57036209106445" lon="127.02754211425781"><ele>20.200000762939453</ele><time>2026-08-23T00:40:31Z</time></trkpt><trkpt lat="37.57035827636719" lon="127.0275650024414"><ele>20.0</ele><time>2026-08-23T00:40:32Z</time></trkpt><trkpt lat="37.57035446166992" lon="127.02758026123047"><ele>19.799999237060547</ele><time>2026-08-23T00:40:33Z</time></trkpt><trkpt lat="37.57034683227539" lon="127.0276107788086"><ele>19.799999237060547</ele><time>2026-08-23T00:40:34Z</time></trkpt><trkpt lat="37.570343017578125" lon="127.02763366699219"><ele>19.600000381469727</ele><time>2026-08-23T00:40:35Z</time></trkpt><trkpt lat="37.570343017578125" lon="127.02764129638672"><ele>19.399999618530273</ele><time>2026-08-23T00:40:36Z</time></trkpt><trkpt lat="37.57052230834961" lon="127.02713775634766"><ele>19.399999618530273</ele><time>2026-08-23T00:41:31Z</time></trkpt><trkpt lat="37.570526123046875" lon="127.02713012695312"><ele>19.399999618530273</ele><time>2026-08-23T00:41:32Z</time></trkpt><trkpt lat="37.570533752441406" lon="127.02710723876953"><ele>19.600000381469727</ele><time>2026-08-23T00:41:33Z</time></trkpt><trkpt lat="37.57054138183594" lon="127.02708435058594"><ele>19.399999618530273</ele><time>2026-08-23T00:41:34Z</time></trkpt><trkpt lat="37.57054901123047" lon="127.02706146240234"><ele>19.399999618530273</ele><time>2026-08-23T00:41:35Z</time></trkpt><trkpt lat="37.570556640625" lon="127.02703094482422"><ele>19.399999618530273</ele><time>2026-08-23T00:41:36Z</time></trkpt><trkpt lat="37.5705680847168" lon="127.02700805664062"><ele>19.399999618530273</ele><time>2026-08-23T00:41:37Z</time></trkpt><trkpt lat="37.57057571411133" lon="127.02698516845703"><ele>19.399999618530273</ele><time>2026-08-23T00:41:38Z</time></trkpt><trkpt lat="37.57058334350586" lon="127.02696228027344"><ele>19.600000381469727</ele><time>2026-08-23T00:41:39Z</time></trkpt><trkpt lat="37.570587158203125" lon="127.02693176269531"><ele>19.600000381469727</ele><time>2026-08-23T00:41:40Z</time></trkpt><trkpt lat="37.57059860229492" lon="127.02690124511719"><ele>19.600000381469727</ele><time>2026-08-23T00:41:41Z</time></trkpt><trkpt lat="37.57059860229492" lon="127.02688598632812"><ele>19.600000381469727</ele><time>2026-08-23T00:41:42Z</time></trkpt><trkpt lat="37.57061004638672" lon="127.02685546875"><ele>19.600000381469727</ele><time>2026-08-23T00:41:43Z</time></trkpt><trkpt lat="37.57061767578125" lon="127.02682495117188"><ele>19.600000381469727</ele><time>2026-08-23T00:41:44Z</time></trkpt><trkpt lat="37.570613861083984" lon="127.02680206298828"><ele>19.600000381469727</ele><time>2026-08-23T00:41:45Z</time></trkpt><trkpt lat="37.570621490478516" lon="127.02676391601562"><ele>19.600000381469727</ele><time>2026-08-23T00:41:46Z</time></trkpt><trkpt lat="37.57062911987305" lon="127.0267333984375"><ele>19.600000381469727</ele><time>2026-08-23T00:41:47Z</time></trkpt><trkpt lat="37.57064437866211" lon="127.02669525146484"><ele>19.600000381469727</ele><time>2026-08-23T00:41:48Z</time></trkpt><trkpt lat="37.570655822753906" lon="127.02667236328125"><ele>19.600000381469727</ele><time>2026-08-23T00:41:49Z</time></trkpt><trkpt lat="37.57066345214844" lon="127.02665710449219"><ele>19.600000381469727</ele><time>2026-08-23T00:41:50Z</time></trkpt><trkpt lat="37.570674896240234" lon="127.0266342163086"><ele>19.600000381469727</ele><time>2026-08-23T00:41:51Z</time></trkpt><trkpt lat="37.570682525634766" lon="127.02661895751953"><ele>19.600000381469727</ele><time>2026-08-23T00:41:52Z</time></trkpt><trkpt lat="37.57068634033203" lon="127.02660369873047"><ele>19.600000381469727</ele><time>2026-08-23T00:41:53Z</time></trkpt><trkpt lat="37.5706901550293" lon="127.02659606933594"><ele>19.600000381469727</ele><time>2026-08-23T00:41:54Z</time></trkpt><trkpt lat="37.57068634033203" lon="127.0265884399414"><ele>19.600000381469727</ele><time>2026-08-23T00:41:55Z</time></trkpt><trkpt lat="37.5706901550293" lon="127.02658081054688"><ele>19.600000381469727</ele><time>2026-08-23T00:41:56Z</time></trkpt><trkpt lat="37.57069778442383" lon="127.02655792236328"><ele>19.600000381469727</ele><time>2026-08-23T00:41:57Z</time></trkpt><trkpt lat="37.57070541381836" lon="127.02653503417969"><ele>19.600000381469727</ele><time>2026-08-23T00:41:58Z</time></trkpt><trkpt lat="37.57071304321289" lon="127.02650451660156"><ele>19.600000381469727</ele><time>2026-08-23T00:41:59Z</time></trkpt><trkpt lat="37.57072448730469" lon="127.02648162841797"><ele>19.600000381469727</ele><time>2026-08-23T00:42:00Z</time></trkpt><trkpt lat="37.570735931396484" lon="127.02645111083984"><ele>19.600000381469727</ele><time>2026-08-23T00:42:01Z</time></trkpt><trkpt lat="37.57073974609375" lon="127.02642059326172"><ele>19.600000381469727</ele><time>2026-08-23T00:42:02Z</time></trkpt><trkpt lat="37.57074737548828" lon="127.02638244628906"><ele>19.600000381469727</ele><time>2026-08-23T00:42:03Z</time></trkpt><trkpt lat="37.57075119018555" lon="127.02635192871094"><ele>19.600000381469727</ele><time>2026-08-23T00:42:04Z</time></trkpt><trkpt lat="37.57075500488281" lon="127.02632141113281"><ele>19.600000381469727</ele><time>2026-08-23T00:42:05Z</time></trkpt><trkpt lat="37.57075881958008" lon="127.02629089355469"><ele>19.600000381469727</ele><time>2026-08-23T00:42:06Z</time></trkpt><trkpt lat="37.57076644897461" lon="127.0262680053711"><ele>19.600000381469727</ele><time>2026-08-23T00:42:07Z</time></trkpt><trkpt lat="37.57077407836914" lon="127.02623748779297"><ele>19.600000381469727</ele><time>2026-08-23T00:42:08Z</time></trkpt><trkpt lat="37.57078170776367" lon="127.02621459960938"><ele>19.799999237060547</ele><time>2026-08-23T00:42:09Z</time></trkpt><trkpt lat="37.5707893371582" lon="127.02618408203125"><ele>19.799999237060547</ele><time>2026-08-23T00:42:10Z</time></trkpt><trkpt lat="37.570796966552734" lon="127.02616119384766"><ele>19.799999237060547</ele><time>2026-08-23T00:42:11Z</time></trkpt><trkpt lat="37.570804595947266" lon="127.02613067626953"><ele>19.799999237060547</ele><time>2026-08-23T00:42:12Z</time></trkpt><trkpt lat="37.57080841064453" lon="127.02610778808594"><ele>19.799999237060547</ele><time>2026-08-23T00:42:13Z</time></trkpt><trkpt lat="37.5708122253418" lon="127.02607727050781"><ele>19.799999237060547</ele><time>2026-08-23T00:42:14Z</time></trkpt><trkpt lat="37.57081985473633" lon="127.02605438232422"><ele>19.799999237060547</ele><time>2026-08-23T00:42:15Z</time></trkpt><trkpt lat="37.570823669433594" lon="127.02603149414062"><ele>19.799999237060547</ele><time>2026-08-23T00:42:16Z</time></trkpt><trkpt lat="37.570831298828125" lon="127.02600860595703"><ele>19.799999237060547</ele><time>2026-08-23T00:42:17Z</time></trkpt><trkpt lat="37.57083511352539" lon="127.02598571777344"><ele>19.799999237060547</ele><time>2026-08-23T00:42:18Z</time></trkpt><trkpt lat="37.57084274291992" lon="127.02595520019531"><ele>19.600000381469727</ele><time>2026-08-23T00:42:19Z</time></trkpt><trkpt lat="37.57084655761719" lon="127.02593231201172"><ele>19.600000381469727</ele><time>2026-08-23T00:42:20Z</time></trkpt><trkpt lat="37.57084655761719" lon="127.02590942382812"><ele>19.600000381469727</ele><time>2026-08-23T00:42:21Z</time></trkpt><trkpt lat="37.57085418701172" lon="127.02587890625"><ele>19.799999237060547</ele><time>2026-08-23T00:42:22Z</time></trkpt><trkpt lat="37.57086181640625" lon="127.02586364746094"><ele>20.0</ele><time>2026-08-23T00:42:23Z</time></trkpt><trkpt lat="37.57086944580078" lon="127.02583312988281"><ele>20.0</ele><time>2026-08-23T00:42:24Z</time></trkpt><trkpt lat="37.57087326049805" lon="127.02581024169922"><ele>20.0</ele><time>2026-08-23T00:42:25Z</time></trkpt><trkpt lat="37.57088088989258" lon="127.0257797241211"><ele>19.799999237060547</ele><time>2026-08-23T00:42:26Z</time></trkpt><trkpt lat="37.57088851928711" lon="127.02576446533203"><ele>19.799999237060547</ele><time>2026-08-23T00:42:27Z</time></trkpt><trkpt lat="37.57089614868164" lon="127.0257339477539"><ele>19.600000381469727</ele><time>2026-08-23T00:42:28Z</time></trkpt><trkpt lat="37.57090759277344" lon="127.02571105957031"><ele>19.600000381469727</ele><time>2026-08-23T00:42:29Z</time></trkpt><trkpt lat="37.57091522216797" lon="127.02568817138672"><ele>19.600000381469727</ele><time>2026-08-23T00:42:30Z</time></trkpt><trkpt lat="37.570926666259766" lon="127.0256576538086"><ele>19.799999237060547</ele><time>2026-08-23T00:42:31Z</time></trkpt><trkpt lat="37.5709342956543" lon="127.025634765625"><ele>19.799999237060547</ele><time>2026-08-23T00:42:32Z</time></trkpt><trkpt lat="37.570945739746094" lon="127.02560424804688"><ele>19.799999237060547</ele><time>2026-08-23T00:42:33Z</time></trkpt><trkpt lat="37.570953369140625" lon="127.02558135986328"><ele>19.799999237060547</ele><time>2026-08-23T00:42:34Z</time></trkpt><trkpt lat="37.570960998535156" lon="127.02556610107422"><ele>19.799999237060547</ele><time>2026-08-23T00:42:35Z</time></trkpt><trkpt lat="37.57097625732422" lon="127.02554321289062"><ele>19.799999237060547</ele><time>2026-08-23T00:42:36Z</time></trkpt><trkpt lat="37.57098388671875" lon="127.02552032470703"><ele>19.799999237060547</ele><time>2026-08-23T00:42:37Z</time></trkpt><trkpt lat="37.57099533081055" lon="127.02549743652344"><ele>19.799999237060547</ele><time>2026-08-23T00:42:38Z</time></trkpt><trkpt lat="37.57100296020508" lon="127.02547454833984"><ele>19.799999237060547</ele><time>2026-08-23T00:42:39Z</time></trkpt><trkpt lat="37.571006774902344" lon="127.02545166015625"><ele>19.799999237060547</ele><time>2026-08-23T00:42:40Z</time></trkpt><trkpt lat="37.57101058959961" lon="127.02542114257812"><ele>19.799999237060547</ele><time>2026-08-23T00:42:41Z</time></trkpt><trkpt lat="37.571014404296875" lon="127.02539825439453"><ele>19.799999237060547</ele><time>2026-08-23T00:42:42Z</time></trkpt><trkpt lat="37.571022033691406" lon="127.0253677368164"><ele>19.799999237060547</ele><time>2026-08-23T00:42:43Z</time></trkpt><trkpt lat="37.57102584838867" lon="127.02535247802734"><ele>19.799999237060547</ele><time>2026-08-23T00:42:44Z</time></trkpt><trkpt lat="37.57102966308594" lon="127.02532196044922"><ele>19.799999237060547</ele><time>2026-08-23T00:42:45Z</time></trkpt><trkpt lat="37.57103729248047" lon="127.0252914428711"><ele>20.0</ele><time>2026-08-23T00:42:46Z</time></trkpt><trkpt lat="37.571041107177734" lon="127.0252685546875"><ele>20.0</ele><time>2026-08-23T00:42:47Z</time></trkpt><trkpt lat="37.57105255126953" lon="127.0252456665039"><ele>20.0</ele><time>2026-08-23T00:42:48Z</time></trkpt><trkpt lat="37.5710563659668" lon="127.02522277832031"><ele>20.0</ele><time>2026-08-23T00:42:49Z</time></trkpt><trkpt lat="37.57106018066406" lon="127.02519989013672"><ele>20.0</ele><time>2026-08-23T00:42:50Z</time></trkpt><trkpt lat="37.571067810058594" lon="127.02517700195312"><ele>20.0</ele><time>2026-08-23T00:42:51Z</time></trkpt><trkpt lat="37.57107162475586" lon="127.02515411376953"><ele>20.0</ele><time>2026-08-23T00:42:52Z</time></trkpt><trkpt lat="37.571075439453125" lon="127.02513122558594"><ele>20.0</ele><time>2026-08-23T00:42:53Z</time></trkpt><trkpt lat="37.571083068847656" lon="127.02510833740234"><ele>19.799999237060547</ele><time>2026-08-23T00:42:54Z</time></trkpt><trkpt lat="37.571083068847656" lon="127.02508544921875"><ele>19.799999237060547</ele><time>2026-08-23T00:42:55Z</time></trkpt><trkpt lat="37.57109069824219" lon="127.02505493164062"><ele>19.799999237060547</ele><time>2026-08-23T00:42:56Z</time></trkpt><trkpt lat="37.57109451293945" lon="127.02503967285156"><ele>19.799999237060547</ele><time>2026-08-23T00:42:57Z</time></trkpt><trkpt lat="37.57109451293945" lon="127.02501678466797"><ele>19.799999237060547</ele><time>2026-08-23T00:42:58Z</time></trkpt><trkpt lat="37.57110595703125" lon="127.02498626708984"><ele>19.799999237060547</ele><time>2026-08-23T00:42:59Z</time></trkpt><trkpt lat="37.571109771728516" lon="127.02497100830078"><ele>19.799999237060547</ele><time>2026-08-23T00:43:00Z</time></trkpt><trkpt lat="37.57111740112305" lon="127.02494812011719"><ele>19.799999237060547</ele><time>2026-08-23T00:43:01Z</time></trkpt><trkpt lat="37.57112121582031" lon="127.02491760253906"><ele>19.799999237060547</ele><time>2026-08-23T00:43:02Z</time></trkpt><trkpt lat="37.57112503051758" lon="127.02490234375"><ele>19.799999237060547</ele><time>2026-08-23T00:43:03Z</time></trkpt><trkpt lat="37.571136474609375" lon="127.0248794555664"><ele>19.799999237060547</ele><time>2026-08-23T00:43:04Z</time></trkpt><trkpt lat="37.57114791870117" lon="127.02485656738281"><ele>19.799999237060547</ele><time>2026-08-23T00:43:05Z</time></trkpt><trkpt lat="37.57114791870117" lon="127.02484130859375"><ele>19.799999237060547</ele><time>2026-08-23T00:43:06Z</time></trkpt><trkpt lat="37.571163177490234" lon="127.02481079101562"><ele>19.799999237060547</ele><time>2026-08-23T00:43:07Z</time></trkpt><trkpt lat="37.57117462158203" lon="127.02479553222656"><ele>20.0</ele><time>2026-08-23T00:43:08Z</time></trkpt><trkpt lat="37.57118225097656" lon="127.0247802734375"><ele>20.0</ele><time>2026-08-23T00:43:09Z</time></trkpt><trkpt lat="37.571189880371094" lon="127.02474975585938"><ele>20.0</ele><time>2026-08-23T00:43:10Z</time></trkpt><trkpt lat="37.571197509765625" lon="127.02473449707031"><ele>20.0</ele><time>2026-08-23T00:43:11Z</time></trkpt><trkpt lat="37.57120895385742" lon="127.02471160888672"><ele>20.0</ele><time>2026-08-23T00:43:12Z</time></trkpt><trkpt lat="37.57121658325195" lon="127.02468872070312"><ele>20.0</ele><time>2026-08-23T00:43:13Z</time></trkpt><trkpt lat="37.57122039794922" lon="127.02466583251953"><ele>20.0</ele><time>2026-08-23T00:43:14Z</time></trkpt><trkpt lat="37.571231842041016" lon="127.0246353149414"><ele>20.0</ele><time>2026-08-23T00:43:15Z</time></trkpt><trkpt lat="37.57123565673828" lon="127.02462005615234"><ele>20.0</ele><time>2026-08-23T00:43:16Z</time></trkpt><trkpt lat="37.57124710083008" lon="127.02458953857422"><ele>20.0</ele><time>2026-08-23T00:43:17Z</time></trkpt><trkpt lat="37.57125473022461" lon="127.0245590209961"><ele>20.0</ele><time>2026-08-23T00:43:18Z</time></trkpt><trkpt lat="37.57125473022461" lon="127.0245361328125"><ele>20.200000762939453</ele><time>2026-08-23T00:43:19Z</time></trkpt><trkpt lat="37.57126235961914" lon="127.02450561523438"><ele>20.200000762939453</ele><time>2026-08-23T00:43:20Z</time></trkpt><trkpt lat="37.571266174316406" lon="127.02449035644531"><ele>20.200000762939453</ele><time>2026-08-23T00:43:21Z</time></trkpt><trkpt lat="37.57126998901367" lon="127.02445983886719"><ele>20.200000762939453</ele><time>2026-08-23T00:43:22Z</time></trkpt><trkpt lat="37.57128143310547" lon="127.02442932128906"><ele>20.200000762939453</ele><time>2026-08-23T00:43:23Z</time></trkpt><trkpt lat="37.57128143310547" lon="127.0244140625"><ele>20.200000762939453</ele><time>2026-08-23T00:43:24Z</time></trkpt><trkpt lat="37.5712890625" lon="127.02438354492188"><ele>20.200000762939453</ele><time>2026-08-23T00:43:25Z</time></trkpt><trkpt lat="37.571292877197266" lon="127.02436065673828"><ele>20.399999618530273</ele><time>2026-08-23T00:43:26Z</time></trkpt><trkpt lat="37.571292877197266" lon="127.02433776855469"><ele>20.399999618530273</ele><time>2026-08-23T00:43:27Z</time></trkpt><trkpt lat="37.57130432128906" lon="127.02430725097656"><ele>20.399999618530273</ele><time>2026-08-23T00:43:28Z</time></trkpt><trkpt lat="37.57130813598633" lon="127.0242919921875"><ele>20.399999618530273</ele><time>2026-08-23T00:43:29Z</time></trkpt><trkpt lat="37.57131576538086" lon="127.0242691040039"><ele>20.399999618530273</ele><time>2026-08-23T00:43:30Z</time></trkpt><trkpt lat="37.57132339477539" lon="127.02423858642578"><ele>20.399999618530273</ele><time>2026-08-23T00:43:31Z</time></trkpt><trkpt lat="37.571327209472656" lon="127.02422332763672"><ele>20.399999618530273</ele><time>2026-08-23T00:43:32Z</time></trkpt><trkpt lat="37.57133483886719" lon="127.0241928100586"><ele>20.399999618530273</ele><time>2026-08-23T00:43:33Z</time></trkpt><trkpt lat="37.571346282958984" lon="127.02417755126953"><ele>20.399999618530273</ele><time>2026-08-23T00:43:34Z</time></trkpt><trkpt lat="37.57135772705078" lon="127.02416229248047"><ele>20.399999618530273</ele><time>2026-08-23T00:43:35Z</time></trkpt><trkpt lat="37.57137680053711" lon="127.02413940429688"><ele>20.399999618530273</ele><time>2026-08-23T00:43:36Z</time></trkpt><trkpt lat="37.57139587402344" lon="127.02413177490234"><ele>20.399999618530273</ele><time>2026-08-23T00:43:37Z</time></trkpt><trkpt lat="37.5714111328125" lon="127.02412414550781"><ele>20.600000381469727</ele><time>2026-08-23T00:43:38Z</time></trkpt><trkpt lat="37.571434020996094" lon="127.02412414550781"><ele>20.600000381469727</ele><time>2026-08-23T00:43:39Z</time></trkpt><trkpt lat="37.57145309448242" lon="127.02411651611328"><ele>20.600000381469727</ele><time>2026-08-23T00:43:40Z</time></trkpt><trkpt lat="37.571475982666016" lon="127.02411651611328"><ele>20.399999618530273</ele><time>2026-08-23T00:43:41Z</time></trkpt><trkpt lat="37.571502685546875" lon="127.02412414550781"><ele>20.399999618530273</ele><time>2026-08-23T00:43:42Z</time></trkpt><trkpt lat="37.5715217590332" lon="127.02411651611328"><ele>20.399999618530273</ele><time>2026-08-23T00:43:43Z</time></trkpt><trkpt lat="37.57154846191406" lon="127.02411651611328"><ele>20.399999618530273</ele><time>2026-08-23T00:43:44Z</time></trkpt><trkpt lat="37.571571350097656" lon="127.02411651611328"><ele>20.399999618530273</ele><time>2026-08-23T00:43:45Z</time></trkpt><trkpt lat="37.57159423828125" lon="127.02410888671875"><ele>20.200000762939453</ele><time>2026-08-23T00:43:46Z</time></trkpt><trkpt lat="37.571617126464844" lon="127.02410888671875"><ele>20.200000762939453</ele><time>2026-08-23T00:43:47Z</time></trkpt><trkpt lat="37.57164001464844" lon="127.02410888671875"><ele>20.200000762939453</ele><time>2026-08-23T00:43:48Z</time></trkpt><trkpt lat="37.57166290283203" lon="127.02410125732422"><ele>20.200000762939453</ele><time>2026-08-23T00:43:49Z</time></trkpt><trkpt lat="37.571678161621094" lon="127.02409362792969"><ele>20.200000762939453</ele><time>2026-08-23T00:43:50Z</time></trkpt><trkpt lat="37.57170104980469" lon="127.02407836914062"><ele>20.200000762939453</ele><time>2026-08-23T00:43:51Z</time></trkpt><trkpt lat="37.57171630859375" lon="127.02406311035156"><ele>20.0</ele><time>2026-08-23T00:43:52Z</time></trkpt><trkpt lat="37.57172775268555" lon="127.0240478515625"><ele>20.0</ele><time>2026-08-23T00:43:53Z</time></trkpt><trkpt lat="37.571746826171875" lon="127.0240249633789"><ele>20.0</ele><time>2026-08-23T00:43:54Z</time></trkpt><trkpt lat="37.571754455566406" lon="127.02400970458984"><ele>20.0</ele><time>2026-08-23T00:43:55Z</time></trkpt><trkpt lat="37.57175827026367" lon="127.02398681640625"><ele>20.0</ele><time>2026-08-23T00:43:56Z</time></trkpt><trkpt lat="37.5717658996582" lon="127.02396392822266"><ele>20.0</ele><time>2026-08-23T00:43:57Z</time></trkpt><trkpt lat="37.5717658996582" lon="127.02394104003906"><ele>20.0</ele><time>2026-08-23T00:43:58Z</time></trkpt><trkpt lat="37.571773529052734" lon="127.02391052246094"><ele>20.0</ele><time>2026-08-23T00:43:59Z</time></trkpt><trkpt lat="37.57177734375" lon="127.02388763427734"><ele>20.0</ele><time>2026-08-23T00:44:00Z</time></trkpt><trkpt lat="37.57177734375" lon="127.02385711669922"><ele>20.0</ele><time>2026-08-23T00:44:01Z</time></trkpt><trkpt lat="37.57178497314453" lon="127.0238265991211"><ele>20.0</ele><time>2026-08-23T00:44:02Z</time></trkpt><trkpt lat="37.5717887878418" lon="127.02381134033203"><ele>20.0</ele><time>2026-08-23T00:44:03Z</time></trkpt><trkpt lat="37.57179260253906" lon="127.0237808227539"><ele>20.0</ele><time>2026-08-23T00:44:04Z</time></trkpt><trkpt lat="37.57179641723633" lon="127.02375793457031"><ele>20.0</ele><time>2026-08-23T00:44:05Z</time></trkpt><trkpt lat="37.571800231933594" lon="127.02373504638672"><ele>20.0</ele><time>2026-08-23T00:44:06Z</time></trkpt><trkpt lat="37.571807861328125" lon="127.02371215820312"><ele>20.0</ele><time>2026-08-23T00:44:07Z</time></trkpt><trkpt lat="37.571815490722656" lon="127.02369689941406"><ele>19.799999237060547</ele><time>2026-08-23T00:44:08Z</time></trkpt><trkpt lat="37.57181930541992" lon="127.02367401123047"><ele>19.799999237060547</ele><time>2026-08-23T00:44:09Z</time></trkpt><trkpt lat="37.571834564208984" lon="127.02363586425781"><ele>19.799999237060547</ele><time>2026-08-23T00:44:10Z</time></trkpt><trkpt lat="37.57183837890625" lon="127.02362823486328"><ele>19.799999237060547</ele><time>2026-08-23T00:44:11Z</time></trkpt><trkpt lat="37.571842193603516" lon="127.02360534667969"><ele>20.0</ele><time>2026-08-23T00:44:12Z</time></trkpt><trkpt lat="37.571842193603516" lon="127.02357482910156"><ele>20.0</ele><time>2026-08-23T00:44:13Z</time></trkpt><trkpt lat="37.571834564208984" lon="127.02352905273438"><ele>20.0</ele><time>2026-08-23T00:44:14Z</time></trkpt><trkpt lat="37.57183837890625" lon="127.02350616455078"><ele>20.0</ele><time>2026-08-23T00:44:15Z</time></trkpt><trkpt lat="37.57185363769531" lon="127.02348327636719"><ele>20.0</ele><time>2026-08-23T00:44:16Z</time></trkpt><trkpt lat="37.57185745239258" lon="127.02346801757812"><ele>20.0</ele><time>2026-08-23T00:44:17Z</time></trkpt><trkpt lat="37.571861267089844" lon="127.02344512939453"><ele>20.0</ele><time>2026-08-23T00:44:18Z</time></trkpt><trkpt lat="37.57186508178711" lon="127.02342224121094"><ele>19.799999237060547</ele><time>2026-08-23T00:44:19Z</time></trkpt><trkpt lat="37.571868896484375" lon="127.0234146118164"><ele>19.799999237060547</ele><time>2026-08-23T00:44:20Z</time></trkpt><trkpt lat="37.571868896484375" lon="127.02340698242188"><ele>19.799999237060547</ele><time>2026-08-23T00:44:21Z</time></trkpt><trkpt lat="37.571868896484375" lon="127.02339935302734"><ele>19.799999237060547</ele><time>2026-08-23T00:44:22Z</time></trkpt><trkpt lat="37.57186508178711" lon="127.02339935302734"><ele>20.0</ele><time>2026-08-23T00:44:23Z</time></trkpt><trkpt lat="37.571861267089844" lon="127.02339935302734"><ele>20.0</ele><time>2026-08-23T00:44:24Z</time></trkpt><trkpt lat="37.57185745239258" lon="127.02339172363281"><ele>20.0</ele><time>2026-08-23T00:44:25Z</time></trkpt><trkpt lat="37.57185745239258" lon="127.02338409423828"><ele>20.0</ele><time>2026-08-23T00:44:26Z</time></trkpt><trkpt lat="37.57186508178711" lon="127.02337646484375"><ele>20.0</ele><time>2026-08-23T00:44:27Z</time></trkpt><trkpt lat="37.571861267089844" lon="127.02332305908203"><ele>20.0</ele><time>2026-08-23T00:44:28Z</time></trkpt><trkpt lat="37.57186508178711" lon="127.02330017089844"><ele>20.0</ele><time>2026-08-23T00:44:29Z</time></trkpt><trkpt lat="37.571861267089844" lon="127.02327728271484"><ele>20.0</ele><time>2026-08-23T00:44:30Z</time></trkpt><trkpt lat="37.571861267089844" lon="127.02325439453125"><ele>20.0</ele><time>2026-08-23T00:44:31Z</time></trkpt><trkpt lat="37.57187271118164" lon="127.0232162475586"><ele>20.0</ele><time>2026-08-23T00:44:32Z</time></trkpt><trkpt lat="37.571895599365234" lon="127.0231704711914"><ele>20.0</ele><time>2026-08-23T00:44:33Z</time></trkpt><trkpt lat="37.57190704345703" lon="127.02313232421875"><ele>20.0</ele><time>2026-08-23T00:44:34Z</time></trkpt><trkpt lat="37.571922302246094" lon="127.02310180664062"><ele>20.0</ele><time>2026-08-23T00:44:35Z</time></trkpt><trkpt lat="37.571937561035156" lon="127.0230712890625"><ele>20.0</ele><time>2026-08-23T00:44:36Z</time></trkpt><trkpt lat="37.57194519042969" lon="127.02304077148438"><ele>20.0</ele><time>2026-08-23T00:44:37Z</time></trkpt><trkpt lat="37.57195281982422" lon="127.02301025390625"><ele>20.0</ele><time>2026-08-23T00:44:38Z</time></trkpt><trkpt lat="37.57196044921875" lon="127.02298736572266"><ele>20.0</ele><time>2026-08-23T00:44:39Z</time></trkpt><trkpt lat="37.571964263916016" lon="127.02296447753906"><ele>20.0</ele><time>2026-08-23T00:44:40Z</time></trkpt><trkpt lat="37.57196807861328" lon="127.02293395996094"><ele>20.0</ele><time>2026-08-23T00:44:41Z</time></trkpt><trkpt lat="37.57197189331055" lon="127.02291870117188"><ele>20.0</ele><time>2026-08-23T00:44:42Z</time></trkpt><trkpt lat="37.57197570800781" lon="127.02288818359375"><ele>19.799999237060547</ele><time>2026-08-23T00:44:43Z</time></trkpt><trkpt lat="37.57197952270508" lon="127.02286529541016"><ele>19.799999237060547</ele><time>2026-08-23T00:44:44Z</time></trkpt><trkpt lat="37.571983337402344" lon="127.0228500366211"><ele>20.0</ele><time>2026-08-23T00:44:45Z</time></trkpt><trkpt lat="37.571983337402344" lon="127.0228271484375"><ele>19.799999237060547</ele><time>2026-08-23T00:44:46Z</time></trkpt><trkpt lat="37.571990966796875" lon="127.02279663085938"><ele>19.799999237060547</ele><time>2026-08-23T00:44:47Z</time></trkpt><trkpt lat="37.571990966796875" lon="127.02278137207031"><ele>19.799999237060547</ele><time>2026-08-23T00:44:48Z</time></trkpt><trkpt lat="37.571990966796875" lon="127.02276611328125"><ele>19.799999237060547</ele><time>2026-08-23T00:44:49Z</time></trkpt><trkpt lat="37.571998596191406" lon="127.02274322509766"><ele>19.799999237060547</ele><time>2026-08-23T00:44:50Z</time></trkpt><trkpt lat="37.571998596191406" lon="127.0227279663086"><ele>19.799999237060547</ele><time>2026-08-23T00:44:51Z</time></trkpt><trkpt lat="37.571998596191406" lon="127.02269744873047"><ele>19.600000381469727</ele><time>2026-08-23T00:44:52Z</time></trkpt><trkpt lat="37.57200241088867" lon="127.0226821899414"><ele>19.399999618530273</ele><time>2026-08-23T00:44:53Z</time></trkpt><trkpt lat="37.57200622558594" lon="127.02265167236328"><ele>19.399999618530273</ele><time>2026-08-23T00:44:54Z</time></trkpt><trkpt lat="37.5720100402832" lon="127.02262878417969"><ele>19.200000762939453</ele><time>2026-08-23T00:44:55Z</time></trkpt><trkpt lat="37.57200622558594" lon="127.0226058959961"><ele>19.0</ele><time>2026-08-23T00:44:56Z</time></trkpt><trkpt lat="37.57200622558594" lon="127.02256774902344"><ele>19.0</ele><time>2026-08-23T00:44:57Z</time></trkpt><trkpt lat="37.57201385498047" lon="127.02254486083984"><ele>18.799999237060547</ele><time>2026-08-23T00:44:58Z</time></trkpt><trkpt lat="37.572017669677734" lon="127.02252197265625"><ele>18.799999237060547</ele><time>2026-08-23T00:44:59Z</time></trkpt><trkpt lat="37.572025299072266" lon="127.02249145507812"><ele>18.799999237060547</ele><time>2026-08-23T00:45:00Z</time></trkpt><trkpt lat="37.572021484375" lon="127.02246856689453"><ele>18.799999237060547</ele><time>2026-08-23T00:45:01Z</time></trkpt><trkpt lat="37.572021484375" lon="127.0224380493164"><ele>18.799999237060547</ele><time>2026-08-23T00:45:02Z</time></trkpt><trkpt lat="37.572025299072266" lon="127.02241516113281"><ele>18.799999237060547</ele><time>2026-08-23T00:45:03Z</time></trkpt><trkpt lat="37.572017669677734" lon="127.02239227294922"><ele>18.799999237060547</ele><time>2026-08-23T00:45:04Z</time></trkpt><trkpt lat="37.572017669677734" lon="127.0223617553711"><ele>18.799999237060547</ele><time>2026-08-23T00:45:05Z</time></trkpt><trkpt lat="37.572017669677734" lon="127.02234649658203"><ele>18.799999237060547</ele><time>2026-08-23T00:45:06Z</time></trkpt><trkpt lat="37.5720100402832" lon="127.02233123779297"><ele>18.600000381469727</ele><time>2026-08-23T00:45:07Z</time></trkpt><trkpt lat="37.5720100402832" lon="127.02230072021484"><ele>18.600000381469727</ele><time>2026-08-23T00:45:08Z</time></trkpt><trkpt lat="37.57200622558594" lon="127.02228546142578"><ele>18.799999237060547</ele><time>2026-08-23T00:45:09Z</time></trkpt><trkpt lat="37.57200622558594" lon="127.02226257324219"><ele>18.799999237060547</ele><time>2026-08-23T00:45:10Z</time></trkpt><trkpt lat="37.5720100402832" lon="127.02223205566406"><ele>18.799999237060547</ele><time>2026-08-23T00:45:11Z</time></trkpt><trkpt lat="37.5720100402832" lon="127.02220916748047"><ele>18.799999237060547</ele><time>2026-08-23T00:45:12Z</time></trkpt><trkpt lat="37.57201385498047" lon="127.02217864990234"><ele>18.799999237060547</ele><time>2026-08-23T00:45:13Z</time></trkpt><trkpt lat="37.5720100402832" lon="127.02214813232422"><ele>18.799999237060547</ele><time>2026-08-23T00:45:14Z</time></trkpt><trkpt lat="37.5720100402832" lon="127.02212524414062"><ele>18.799999237060547</ele><time>2026-08-23T00:45:15Z</time></trkpt><trkpt lat="37.5720100402832" lon="127.02210235595703"><ele>18.799999237060547</ele><time>2026-08-23T00:45:16Z</time></trkpt><trkpt lat="37.5720100402832" lon="127.02207946777344"><ele>18.799999237060547</ele><time>2026-08-23T00:45:17Z</time></trkpt><trkpt lat="37.5720100402832" lon="127.02205657958984"><ele>18.799999237060547</ele><time>2026-08-23T00:45:18Z</time></trkpt><trkpt lat="37.57201385498047" lon="127.02202606201172"><ele>18.799999237060547</ele><time>2026-08-23T00:45:19Z</time></trkpt><trkpt lat="37.572017669677734" lon="127.02200317382812"><ele>18.799999237060547</ele><time>2026-08-23T00:45:20Z</time></trkpt><trkpt lat="37.572021484375" lon="127.02198028564453"><ele>18.799999237060547</ele><time>2026-08-23T00:45:21Z</time></trkpt><trkpt lat="37.572021484375" lon="127.02195739746094"><ele>18.799999237060547</ele><time>2026-08-23T00:45:22Z</time></trkpt><trkpt lat="37.572021484375" lon="127.02194213867188"><ele>18.799999237060547</ele><time>2026-08-23T00:45:23Z</time></trkpt><trkpt lat="37.572021484375" lon="127.02191162109375"><ele>18.799999237060547</ele><time>2026-08-23T00:45:24Z</time></trkpt><trkpt lat="37.572025299072266" lon="127.02189636230469"><ele>18.799999237060547</ele><time>2026-08-23T00:45:25Z</time></trkpt><trkpt lat="37.572021484375" lon="127.02188110351562"><ele>18.799999237060547</ele><time>2026-08-23T00:45:26Z</time></trkpt><trkpt lat="37.572021484375" lon="127.02184295654297"><ele>18.799999237060547</ele><time>2026-08-23T00:45:27Z</time></trkpt><trkpt lat="37.57202911376953" lon="127.02183532714844"><ele>18.799999237060547</ele><time>2026-08-23T00:45:28Z</time></trkpt><trkpt lat="37.57202911376953" lon="127.02180480957031"><ele>18.799999237060547</ele><time>2026-08-23T00:45:29Z</time></trkpt><trkpt lat="37.57202911376953" lon="127.02178192138672"><ele>18.799999237060547</ele><time>2026-08-23T00:45:30Z</time></trkpt><trkpt lat="37.572025299072266" lon="127.02175903320312"><ele>18.799999237060547</ele><time>2026-08-23T00:45:31Z</time></trkpt><trkpt lat="37.572021484375" lon="127.02173614501953"><ele>18.799999237060547</ele><time>2026-08-23T00:45:32Z</time></trkpt><trkpt lat="37.572021484375" lon="127.0217056274414"><ele>19.0</ele><time>2026-08-23T00:45:33Z</time></trkpt><trkpt lat="37.57201385498047" lon="127.02169036865234"><ele>19.0</ele><time>2026-08-23T00:45:34Z</time></trkpt><trkpt lat="37.57201385498047" lon="127.02166748046875"><ele>19.0</ele><time>2026-08-23T00:45:35Z</time></trkpt><trkpt lat="37.57200622558594" lon="127.02164459228516"><ele>19.0</ele><time>2026-08-23T00:45:36Z</time></trkpt><trkpt lat="37.571998596191406" lon="127.02162170410156"><ele>19.0</ele><time>2026-08-23T00:45:37Z</time></trkpt><trkpt lat="37.57198715209961" lon="127.02159881591797"><ele>19.0</ele><time>2026-08-23T00:45:38Z</time></trkpt><trkpt lat="37.571990966796875" lon="127.02157592773438"><ele>19.0</ele><time>2026-08-23T00:45:39Z</time></trkpt><trkpt lat="37.57198715209961" lon="127.02155303955078"><ele>18.799999237060547</ele><time>2026-08-23T00:45:40Z</time></trkpt><trkpt lat="37.571983337402344" lon="127.02152252197266"><ele>18.799999237060547</ele><time>2026-08-23T00:45:41Z</time></trkpt><trkpt lat="37.571983337402344" lon="127.02149963378906"><ele>18.799999237060547</ele><time>2026-08-23T00:45:42Z</time></trkpt><trkpt lat="37.571983337402344" lon="127.02147674560547"><ele>18.799999237060547</ele><time>2026-08-23T00:45:43Z</time></trkpt><trkpt lat="37.57197952270508" lon="127.02144622802734"><ele>19.0</ele><time>2026-08-23T00:45:44Z</time></trkpt><trkpt lat="37.57197570800781" lon="127.02143096923828"><ele>19.0</ele><time>2026-08-23T00:45:45Z</time></trkpt><trkpt lat="37.57197189331055" lon="127.02140045166016"><ele>19.0</ele><time>2026-08-23T00:45:46Z</time></trkpt><trkpt lat="37.57197189331055" lon="127.02137756347656"><ele>19.0</ele><time>2026-08-23T00:45:47Z</time></trkpt><trkpt lat="37.571964263916016" lon="127.02135467529297"><ele>19.0</ele><time>2026-08-23T00:45:48Z</time></trkpt><trkpt lat="37.57196044921875" lon="127.02132415771484"><ele>19.0</ele><time>2026-08-23T00:45:49Z</time></trkpt><trkpt lat="37.57195281982422" lon="127.02130889892578"><ele>19.0</ele><time>2026-08-23T00:45:50Z</time></trkpt><trkpt lat="37.57194900512695" lon="127.02127838134766"><ele>19.0</ele><time>2026-08-23T00:45:51Z</time></trkpt><trkpt lat="37.57194519042969" lon="127.02125549316406"><ele>19.0</ele><time>2026-08-23T00:45:52Z</time></trkpt><trkpt lat="37.57194137573242" lon="127.021240234375"><ele>19.0</ele><time>2026-08-23T00:45:53Z</time></trkpt><trkpt lat="37.571937561035156" lon="127.02120971679688"><ele>19.0</ele><time>2026-08-23T00:45:54Z</time></trkpt><trkpt lat="37.571937561035156" lon="127.02119445800781"><ele>19.0</ele><time>2026-08-23T00:45:55Z</time></trkpt><trkpt lat="37.57193374633789" lon="127.02117156982422"><ele>19.0</ele><time>2026-08-23T00:45:56Z</time></trkpt><trkpt lat="37.571922302246094" lon="127.0211410522461"><ele>19.0</ele><time>2026-08-23T00:45:57Z</time></trkpt><trkpt lat="37.571922302246094" lon="127.02113342285156"><ele>19.0</ele><time>2026-08-23T00:45:58Z</time></trkpt><trkpt lat="37.571922302246094" lon="127.02111053466797"><ele>19.0</ele><time>2026-08-23T00:45:59Z</time></trkpt><trkpt lat="37.57191848754883" lon="127.02108764648438"><ele>19.200000762939453</ele><time>2026-08-23T00:46:00Z</time></trkpt><trkpt lat="37.57191467285156" lon="127.02106475830078"><ele>19.200000762939453</ele><time>2026-08-23T00:46:01Z</time></trkpt><trkpt lat="37.5719108581543" lon="127.02104187011719"><ele>19.200000762939453</ele><time>2026-08-23T00:46:02Z</time></trkpt><trkpt lat="37.5719108581543" lon="127.0210189819336"><ele>19.200000762939453</ele><time>2026-08-23T00:46:03Z</time></trkpt><trkpt lat="37.5718994140625" lon="127.02099609375"><ele>19.200000762939453</ele><time>2026-08-23T00:46:04Z</time></trkpt><trkpt lat="37.57189178466797" lon="127.02096557617188"><ele>19.200000762939453</ele><time>2026-08-23T00:46:05Z</time></trkpt><trkpt lat="37.5718879699707" lon="127.02094268798828"><ele>19.200000762939453</ele><time>2026-08-23T00:46:06Z</time></trkpt><trkpt lat="37.57188034057617" lon="127.02091979980469"><ele>19.0</ele><time>2026-08-23T00:46:07Z</time></trkpt><trkpt lat="37.57187271118164" lon="127.0208969116211"><ele>19.200000762939453</ele><time>2026-08-23T00:46:08Z</time></trkpt><trkpt lat="37.571861267089844" lon="127.0208740234375"><ele>19.200000762939453</ele><time>2026-08-23T00:46:09Z</time></trkpt><trkpt lat="37.57185745239258" lon="127.02084350585938"><ele>19.200000762939453</ele><time>2026-08-23T00:46:10Z</time></trkpt><trkpt lat="37.57185363769531" lon="127.02082824707031"><ele>19.200000762939453</ele><time>2026-08-23T00:46:11Z</time></trkpt><trkpt lat="37.571842193603516" lon="127.02080535888672"><ele>19.200000762939453</ele><time>2026-08-23T00:46:12Z</time></trkpt><trkpt lat="37.571834564208984" lon="127.0207748413086"><ele>19.200000762939453</ele><time>2026-08-23T00:46:13Z</time></trkpt><trkpt lat="37.57183074951172" lon="127.02075958251953"><ele>19.200000762939453</ele><time>2026-08-23T00:46:14Z</time></trkpt><trkpt lat="37.57182312011719" lon="127.02073669433594"><ele>19.200000762939453</ele><time>2026-08-23T00:46:15Z</time></trkpt><trkpt lat="37.57181930541992" lon="127.02071380615234"><ele>19.200000762939453</ele><time>2026-08-23T00:46:16Z</time></trkpt><trkpt lat="37.571815490722656" lon="127.02069854736328"><ele>19.200000762939453</ele><time>2026-08-23T00:46:17Z</time></trkpt><trkpt lat="37.571807861328125" lon="127.02066802978516"><ele>19.200000762939453</ele><time>2026-08-23T00:46:18Z</time></trkpt><trkpt lat="37.571800231933594" lon="127.02064514160156"><ele>19.200000762939453</ele><time>2026-08-23T00:46:19Z</time></trkpt><trkpt lat="37.57179260253906" lon="127.0206298828125"><ele>19.200000762939453</ele><time>2026-08-23T00:46:20Z</time></trkpt><trkpt lat="37.5717887878418" lon="127.02059936523438"><ele>19.200000762939453</ele><time>2026-08-23T00:46:21Z</time></trkpt><trkpt lat="37.57177734375" lon="127.02056884765625"><ele>19.200000762939453</ele><time>2026-08-23T00:46:22Z</time></trkpt><trkpt lat="37.571773529052734" lon="127.02055358886719"><ele>19.200000762939453</ele><time>2026-08-23T00:46:23Z</time></trkpt><trkpt lat="37.5717658996582" lon="127.0205307006836"><ele>19.200000762939453</ele><time>2026-08-23T00:46:24Z</time></trkpt><trkpt lat="37.57175827026367" lon="127.0205078125"><ele>19.200000762939453</ele><time>2026-08-23T00:46:25Z</time></trkpt><trkpt lat="37.571754455566406" lon="127.02049255371094"><ele>19.200000762939453</ele><time>2026-08-23T00:46:26Z</time></trkpt><trkpt lat="37.57174301147461" lon="127.02046966552734"><ele>19.200000762939453</ele><time>2026-08-23T00:46:27Z</time></trkpt><trkpt lat="37.57174301147461" lon="127.02045440673828"><ele>19.200000762939453</ele><time>2026-08-23T00:46:28Z</time></trkpt><trkpt lat="37.57173538208008" lon="127.02043914794922"><ele>19.200000762939453</ele><time>2026-08-23T00:46:29Z</time></trkpt><trkpt lat="37.57172393798828" lon="127.0204086303711"><ele>19.200000762939453</ele><time>2026-08-23T00:46:30Z</time></trkpt><trkpt lat="37.571720123291016" lon="127.02040100097656"><ele>19.200000762939453</ele><time>2026-08-23T00:46:31Z</time></trkpt><trkpt lat="37.57170867919922" lon="127.02037811279297"><ele>19.200000762939453</ele><time>2026-08-23T00:46:32Z</time></trkpt><trkpt lat="37.57170867919922" lon="127.02035522460938"><ele>19.200000762939453</ele><time>2026-08-23T00:46:33Z</time></trkpt><trkpt lat="37.57170104980469" lon="127.02033996582031"><ele>19.200000762939453</ele><time>2026-08-23T00:46:34Z</time></trkpt><trkpt lat="37.57149887084961" lon="127.01972961425781"><ele>18.600000381469727</ele><time>2026-08-23T00:49:35Z</time></trkpt><trkpt lat="37.57149124145508" lon="127.01972198486328"><ele>18.600000381469727</ele><time>2026-08-23T00:49:36Z</time></trkpt><trkpt lat="37.57148361206055" lon="127.01971435546875"><ele>18.600000381469727</ele><time>2026-08-23T00:49:37Z</time></trkpt><trkpt lat="37.57147216796875" lon="127.01969909667969"><ele>18.600000381469727</ele><time>2026-08-23T00:49:38Z</time></trkpt><trkpt lat="37.57146072387695" lon="127.0196762084961"><ele>18.600000381469727</ele><time>2026-08-23T00:49:39Z</time></trkpt><trkpt lat="37.57145309448242" lon="127.0196533203125"><ele>18.600000381469727</ele><time>2026-08-23T00:49:40Z</time></trkpt><trkpt lat="37.57143783569336" lon="127.01963806152344"><ele>18.600000381469727</ele><time>2026-08-23T00:49:41Z</time></trkpt><trkpt lat="37.57143020629883" lon="127.01961517333984"><ele>18.600000381469727</ele><time>2026-08-23T00:49:42Z</time></trkpt><trkpt lat="37.57141876220703" lon="127.01960754394531"><ele>18.600000381469727</ele><time>2026-08-23T00:49:43Z</time></trkpt><trkpt lat="37.5714111328125" lon="127.01958465576172"><ele>18.600000381469727</ele><time>2026-08-23T00:49:44Z</time></trkpt><trkpt lat="37.5713996887207" lon="127.01956939697266"><ele>18.600000381469727</ele><time>2026-08-23T00:49:45Z</time></trkpt><trkpt lat="37.57139205932617" lon="127.0195541381836"><ele>18.600000381469727</ele><time>2026-08-23T00:49:46Z</time></trkpt><trkpt lat="37.571380615234375" lon="127.01953125"><ele>18.600000381469727</ele><time>2026-08-23T00:49:47Z</time></trkpt><trkpt lat="37.571372985839844" lon="127.01951599121094"><ele>18.600000381469727</ele><time>2026-08-23T00:49:48Z</time></trkpt><trkpt lat="37.57136154174805" lon="127.01950073242188"><ele>18.600000381469727</ele><time>2026-08-23T00:49:49Z</time></trkpt><trkpt lat="37.57135009765625" lon="127.01948547363281"><ele>18.799999237060547</ele><time>2026-08-23T00:49:50Z</time></trkpt><trkpt lat="37.57134246826172" lon="127.01946258544922"><ele>18.799999237060547</ele><time>2026-08-23T00:49:51Z</time></trkpt><trkpt lat="37.57133102416992" lon="127.01943969726562"><ele>18.799999237060547</ele><time>2026-08-23T00:49:52Z</time></trkpt><trkpt lat="37.571319580078125" lon="127.01941680908203"><ele>18.799999237060547</ele><time>2026-08-23T00:49:53Z</time></trkpt><trkpt lat="37.57130813598633" lon="127.01940155029297"><ele>18.600000381469727</ele><time>2026-08-23T00:49:54Z</time></trkpt><trkpt lat="37.571292877197266" lon="127.01937103271484"><ele>18.600000381469727</ele><time>2026-08-23T00:49:55Z</time></trkpt><trkpt lat="37.571285247802734" lon="127.01935577392578"><ele>18.600000381469727</ele><time>2026-08-23T00:49:56Z</time></trkpt><trkpt lat="37.57126998901367" lon="127.01932525634766"><ele>18.600000381469727</ele><time>2026-08-23T00:49:57Z</time></trkpt><trkpt lat="37.57126235961914" lon="127.01930236816406"><ele>18.600000381469727</ele><time>2026-08-23T00:49:58Z</time></trkpt><trkpt lat="37.57124710083008" lon="127.01927947998047"><ele>18.600000381469727</ele><time>2026-08-23T00:49:59Z</time></trkpt><trkpt lat="37.57123565673828" lon="127.01925659179688"><ele>18.600000381469727</ele><time>2026-08-23T00:50:00Z</time></trkpt><trkpt lat="37.57122039794922" lon="127.01923370361328"><ele>18.600000381469727</ele><time>2026-08-23T00:50:01Z</time></trkpt><trkpt lat="37.571205139160156" lon="127.01921081542969"><ele>18.600000381469727</ele><time>2026-08-23T00:50:02Z</time></trkpt><trkpt lat="37.57119369506836" lon="127.0191879272461"><ele>18.600000381469727</ele><time>2026-08-23T00:50:03Z</time></trkpt><trkpt lat="37.57117462158203" lon="127.01917266845703"><ele>18.600000381469727</ele><time>2026-08-23T00:50:04Z</time></trkpt><trkpt lat="37.57115173339844" lon="127.01915740966797"><ele>18.600000381469727</ele><time>2026-08-23T00:50:05Z</time></trkpt><trkpt lat="37.57113265991211" lon="127.01913452148438"><ele>18.600000381469727</ele><time>2026-08-23T00:50:06Z</time></trkpt><trkpt lat="37.57112121582031" lon="127.01911926269531"><ele>18.600000381469727</ele><time>2026-08-23T00:50:07Z</time></trkpt><trkpt lat="37.571109771728516" lon="127.01909637451172"><ele>18.600000381469727</ele><time>2026-08-23T00:50:08Z</time></trkpt><trkpt lat="37.57109832763672" lon="127.01907348632812"><ele>18.600000381469727</ele><time>2026-08-23T00:50:09Z</time></trkpt><trkpt lat="37.57108688354492" lon="127.01905059814453"><ele>18.600000381469727</ele><time>2026-08-23T00:50:10Z</time></trkpt><trkpt lat="37.571075439453125" lon="127.01903533935547"><ele>18.600000381469727</ele><time>2026-08-23T00:50:11Z</time></trkpt><trkpt lat="37.571067810058594" lon="127.0190200805664"><ele>18.600000381469727</ele><time>2026-08-23T00:50:12Z</time></trkpt><trkpt lat="37.57106018066406" lon="127.01900482177734"><ele>18.600000381469727</ele><time>2026-08-23T00:50:13Z</time></trkpt><trkpt lat="37.57105255126953" lon="127.01898956298828"><ele>18.600000381469727</ele><time>2026-08-23T00:50:14Z</time></trkpt><trkpt lat="37.571048736572266" lon="127.01897430419922"><ele>18.600000381469727</ele><time>2026-08-23T00:50:15Z</time></trkpt><trkpt lat="37.571044921875" lon="127.01895904541016"><ele>18.600000381469727</ele><time>2026-08-23T00:50:16Z</time></trkpt><trkpt lat="37.57103729248047" lon="127.01893615722656"><ele>18.600000381469727</ele><time>2026-08-23T00:50:17Z</time></trkpt><trkpt lat="37.57102584838867" lon="127.0189208984375"><ele>18.600000381469727</ele><time>2026-08-23T00:50:18Z</time></trkpt><trkpt lat="37.571014404296875" lon="127.0188980102539"><ele>18.600000381469727</ele><time>2026-08-23T00:50:19Z</time></trkpt><trkpt lat="37.571006774902344" lon="127.01888275146484"><ele>18.600000381469727</ele><time>2026-08-23T00:50:20Z</time></trkpt><trkpt lat="37.57099914550781" lon="127.01886749267578"><ele>18.600000381469727</ele><time>2026-08-23T00:50:21Z</time></trkpt><trkpt lat="37.57098388671875" lon="127.01883697509766"><ele>18.600000381469727</ele><time>2026-08-23T00:50:22Z</time></trkpt><trkpt lat="37.57097244262695" lon="127.01881408691406"><ele>18.600000381469727</ele><time>2026-08-23T00:50:23Z</time></trkpt><trkpt lat="37.57096862792969" lon="127.0187759399414"><ele>18.600000381469727</ele><time>2026-08-23T00:50:24Z</time></trkpt><trkpt lat="37.570960998535156" lon="127.01874542236328"><ele>18.600000381469727</ele><time>2026-08-23T00:50:25Z</time></trkpt><trkpt lat="37.570953369140625" lon="127.01872253417969"><ele>18.600000381469727</ele><time>2026-08-23T00:50:26Z</time></trkpt><trkpt lat="37.57093811035156" lon="127.0186996459961"><ele>18.600000381469727</ele><time>2026-08-23T00:50:27Z</time></trkpt><trkpt lat="37.57093048095703" lon="127.0186767578125"><ele>18.799999237060547</ele><time>2026-08-23T00:50:28Z</time></trkpt><trkpt lat="37.570919036865234" lon="127.01864624023438"><ele>18.799999237060547</ele><time>2026-08-23T00:50:29Z</time></trkpt><trkpt lat="37.57090759277344" lon="127.01862335205078"><ele>18.799999237060547</ele><time>2026-08-23T00:50:30Z</time></trkpt><trkpt lat="37.57089614868164" lon="127.01860809326172"><ele>18.799999237060547</ele><time>2026-08-23T00:50:31Z</time></trkpt><trkpt lat="37.57088088989258" lon="127.01858520507812"><ele>18.799999237060547</ele><time>2026-08-23T00:50:32Z</time></trkpt><trkpt lat="37.57086944580078" lon="127.01856994628906"><ele>18.799999237060547</ele><time>2026-08-23T00:50:33Z</time></trkpt><trkpt lat="37.570858001708984" lon="127.01854705810547"><ele>18.600000381469727</ele><time>2026-08-23T00:50:34Z</time></trkpt><trkpt lat="37.57085037231445" lon="127.01852416992188"><ele>18.600000381469727</ele><time>2026-08-23T00:50:35Z</time></trkpt><trkpt lat="37.57084274291992" lon="127.01850128173828"><ele>18.600000381469727</ele><time>2026-08-23T00:50:36Z</time></trkpt><trkpt lat="37.57082748413086" lon="127.01847839355469"><ele>18.600000381469727</ele><time>2026-08-23T00:50:37Z</time></trkpt><trkpt lat="37.57081604003906" lon="127.01846313476562"><ele>18.600000381469727</ele><time>2026-08-23T00:50:38Z</time></trkpt><trkpt lat="37.570804595947266" lon="127.0184326171875"><ele>18.600000381469727</ele><time>2026-08-23T00:50:39Z</time></trkpt><trkpt lat="37.57079315185547" lon="127.01841735839844"><ele>18.600000381469727</ele><time>2026-08-23T00:50:40Z</time></trkpt><trkpt lat="37.57078170776367" lon="127.01839447021484"><ele>18.600000381469727</ele><time>2026-08-23T00:50:41Z</time></trkpt><trkpt lat="37.570770263671875" lon="127.01837158203125"><ele>18.600000381469727</ele><time>2026-08-23T00:50:42Z</time></trkpt><trkpt lat="37.57075881958008" lon="127.01835632324219"><ele>18.600000381469727</ele><time>2026-08-23T00:50:43Z</time></trkpt><trkpt lat="37.57074737548828" lon="127.0183334350586"><ele>18.600000381469727</ele><time>2026-08-23T00:50:44Z</time></trkpt><trkpt lat="37.570735931396484" lon="127.01831817626953"><ele>18.600000381469727</ele><time>2026-08-23T00:50:45Z</time></trkpt><trkpt lat="37.57072830200195" lon="127.0182876586914"><ele>18.600000381469727</ele><time>2026-08-23T00:50:46Z</time></trkpt><trkpt lat="37.57071304321289" lon="127.01826477050781"><ele>18.600000381469727</ele><time>2026-08-23T00:50:47Z</time></trkpt><trkpt lat="37.570701599121094" lon="127.01824188232422"><ele>18.600000381469727</ele><time>2026-08-23T00:50:48Z</time></trkpt><trkpt lat="37.57069396972656" lon="127.0182113647461"><ele>18.600000381469727</ele><time>2026-08-23T00:50:49Z</time></trkpt><trkpt lat="37.570682525634766" lon="127.01819610595703"><ele>18.600000381469727</ele><time>2026-08-23T00:50:50Z</time></trkpt><trkpt lat="37.570674896240234" lon="127.0181655883789"><ele>18.600000381469727</ele><time>2026-08-23T00:50:51Z</time></trkpt><trkpt lat="37.5706672668457" lon="127.01815032958984"><ele>18.600000381469727</ele><time>2026-08-23T00:50:52Z</time></trkpt><trkpt lat="37.570655822753906" lon="127.01812744140625"><ele>18.600000381469727</ele><time>2026-08-23T00:50:53Z</time></trkpt><trkpt lat="37.570648193359375" lon="127.01810455322266"><ele>18.600000381469727</ele><time>2026-08-23T00:50:54Z</time></trkpt><trkpt lat="37.57063674926758" lon="127.01808166503906"><ele>18.600000381469727</ele><time>2026-08-23T00:50:55Z</time></trkpt><trkpt lat="37.57062530517578" lon="127.01806640625"><ele>18.600000381469727</ele><time>2026-08-23T00:50:56Z</time></trkpt><trkpt lat="37.570613861083984" lon="127.0180435180664"><ele>18.600000381469727</ele><time>2026-08-23T00:50:57Z</time></trkpt><trkpt lat="37.57060623168945" lon="127.01802062988281"><ele>18.600000381469727</ele><time>2026-08-23T00:50:58Z</time></trkpt><trkpt lat="37.570594787597656" lon="127.01799774169922"><ele>18.600000381469727</ele><time>2026-08-23T00:50:59Z</time></trkpt><trkpt lat="37.570579528808594" lon="127.01798248291016"><ele>18.600000381469727</ele><time>2026-08-23T00:51:00Z</time></trkpt><trkpt lat="37.57057189941406" lon="127.01795196533203"><ele>18.600000381469727</ele><time>2026-08-23T00:51:01Z</time></trkpt><trkpt lat="37.570560455322266" lon="127.01793670654297"><ele>18.600000381469727</ele><time>2026-08-23T00:51:02Z</time></trkpt><trkpt lat="37.57054901123047" lon="127.0179214477539"><ele>18.600000381469727</ele><time>2026-08-23T00:51:03Z</time></trkpt><trkpt lat="37.57053756713867" lon="127.01789855957031"><ele>18.600000381469727</ele><time>2026-08-23T00:51:04Z</time></trkpt><trkpt lat="37.570526123046875" lon="127.01788330078125"><ele>18.600000381469727</ele><time>2026-08-23T00:51:05Z</time></trkpt><trkpt lat="37.57051467895508" lon="127.01786041259766"><ele>18.600000381469727</ele><time>2026-08-23T00:51:06Z</time></trkpt><trkpt lat="37.57050323486328" lon="127.0178451538086"><ele>18.600000381469727</ele><time>2026-08-23T00:51:07Z</time></trkpt><trkpt lat="37.570491790771484" lon="127.017822265625"><ele>18.600000381469727</ele><time>2026-08-23T00:51:08Z</time></trkpt><trkpt lat="37.57048034667969" lon="127.0177993774414"><ele>18.600000381469727</ele><time>2026-08-23T00:51:09Z</time></trkpt><trkpt lat="37.57046890258789" lon="127.01777648925781"><ele>18.600000381469727</ele><time>2026-08-23T00:51:10Z</time></trkpt><trkpt lat="37.570457458496094" lon="127.01775360107422"><ele>18.600000381469727</ele><time>2026-08-23T00:51:11Z</time></trkpt><trkpt lat="37.5704460144043" lon="127.01773834228516"><ele>18.600000381469727</ele><time>2026-08-23T00:51:12Z</time></trkpt><trkpt lat="37.570430755615234" lon="127.01771545410156"><ele>18.600000381469727</ele><time>2026-08-23T00:51:13Z</time></trkpt><trkpt lat="37.5704231262207" lon="127.01769256591797"><ele>18.600000381469727</ele><time>2026-08-23T00:51:14Z</time></trkpt><trkpt lat="37.570411682128906" lon="127.0176773071289"><ele>18.600000381469727</ele><time>2026-08-23T00:51:15Z</time></trkpt><trkpt lat="37.57040023803711" lon="127.01765441894531"><ele>18.600000381469727</ele><time>2026-08-23T00:51:16Z</time></trkpt><trkpt lat="37.57038879394531" lon="127.01764678955078"><ele>18.600000381469727</ele><time>2026-08-23T00:51:17Z</time></trkpt><trkpt lat="37.570377349853516" lon="127.01761627197266"><ele>18.600000381469727</ele><time>2026-08-23T00:51:18Z</time></trkpt><trkpt lat="37.57037353515625" lon="127.01759338378906"><ele>18.600000381469727</ele><time>2026-08-23T00:51:19Z</time></trkpt><trkpt lat="37.57036209106445" lon="127.017578125"><ele>18.600000381469727</ele><time>2026-08-23T00:51:20Z</time></trkpt><trkpt lat="37.570350646972656" lon="127.01754760742188"><ele>18.600000381469727</ele><time>2026-08-23T00:51:21Z</time></trkpt><trkpt lat="37.570343017578125" lon="127.01753234863281"><ele>18.600000381469727</ele><time>2026-08-23T00:51:22Z</time></trkpt><trkpt lat="37.570335388183594" lon="127.01750183105469"><ele>18.600000381469727</ele><time>2026-08-23T00:51:23Z</time></trkpt><trkpt lat="37.5703239440918" lon="127.0174789428711"><ele>18.600000381469727</ele><time>2026-08-23T00:51:24Z</time></trkpt><trkpt lat="37.5703125" lon="127.01746368408203"><ele>18.600000381469727</ele><time>2026-08-23T00:51:25Z</time></trkpt><trkpt lat="37.5703010559082" lon="127.01744079589844"><ele>18.600000381469727</ele><time>2026-08-23T00:51:26Z</time></trkpt><trkpt lat="37.57029342651367" lon="127.01741790771484"><ele>18.600000381469727</ele><time>2026-08-23T00:51:27Z</time></trkpt><trkpt lat="37.570281982421875" lon="127.01739501953125"><ele>18.600000381469727</ele><time>2026-08-23T00:51:28Z</time></trkpt><trkpt lat="37.570274353027344" lon="127.01737213134766"><ele>18.600000381469727</ele><time>2026-08-23T00:51:29Z</time></trkpt><trkpt lat="37.57026290893555" lon="127.01734924316406"><ele>18.600000381469727</ele><time>2026-08-23T00:51:30Z</time></trkpt><trkpt lat="37.57025146484375" lon="127.01731872558594"><ele>18.600000381469727</ele><time>2026-08-23T00:51:31Z</time></trkpt><trkpt lat="37.57024383544922" lon="127.01730346679688"><ele>18.600000381469727</ele><time>2026-08-23T00:51:32Z</time></trkpt><trkpt lat="37.57023239135742" lon="127.01728057861328"><ele>18.600000381469727</ele><time>2026-08-23T00:51:33Z</time></trkpt><trkpt lat="37.570220947265625" lon="127.01726531982422"><ele>18.600000381469727</ele><time>2026-08-23T00:51:34Z</time></trkpt><trkpt lat="37.570213317871094" lon="127.01724243164062"><ele>18.600000381469727</ele><time>2026-08-23T00:51:35Z</time></trkpt><trkpt lat="37.57019805908203" lon="127.01721954345703"><ele>18.600000381469727</ele><time>2026-08-23T00:51:36Z</time></trkpt><trkpt lat="37.57018280029297" lon="127.0172119140625"><ele>18.600000381469727</ele><time>2026-08-23T00:51:37Z</time></trkpt><trkpt lat="37.57017135620117" lon="127.01719665527344"><ele>18.600000381469727</ele><time>2026-08-23T00:51:38Z</time></trkpt><trkpt lat="37.570159912109375" lon="127.01717376708984"><ele>18.600000381469727</ele><time>2026-08-23T00:51:39Z</time></trkpt><trkpt lat="37.57014846801758" lon="127.01715850830078"><ele>18.600000381469727</ele><time>2026-08-23T00:51:40Z</time></trkpt><trkpt lat="37.57013702392578" lon="127.01712799072266"><ele>18.600000381469727</ele><time>2026-08-23T00:51:41Z</time></trkpt><trkpt lat="37.57012939453125" lon="127.0171127319336"><ele>18.600000381469727</ele><time>2026-08-23T00:51:42Z</time></trkpt><trkpt lat="37.570125579833984" lon="127.01708984375"><ele>18.600000381469727</ele><time>2026-08-23T00:51:43Z</time></trkpt><trkpt lat="37.570125579833984" lon="127.0170669555664"><ele>18.600000381469727</ele><time>2026-08-23T00:51:44Z</time></trkpt><trkpt lat="37.57012176513672" lon="127.01705169677734"><ele>18.600000381469727</ele><time>2026-08-23T00:51:45Z</time></trkpt><trkpt lat="37.57011032104492" lon="127.01702117919922"><ele>18.600000381469727</ele><time>2026-08-23T00:51:46Z</time></trkpt><trkpt lat="37.57010269165039" lon="127.01700592041016"><ele>18.600000381469727</ele><time>2026-08-23T00:51:47Z</time></trkpt><trkpt lat="37.57009506225586" lon="127.01697540283203"><ele>18.600000381469727</ele><time>2026-08-23T00:51:48Z</time></trkpt><trkpt lat="37.57009506225586" lon="127.0169448852539"><ele>18.600000381469727</ele><time>2026-08-23T00:51:49Z</time></trkpt><trkpt lat="37.57008743286133" lon="127.01692199707031"><ele>18.600000381469727</ele><time>2026-08-23T00:51:50Z</time></trkpt><trkpt lat="37.5700798034668" lon="127.01689147949219"><ele>18.600000381469727</ele><time>2026-08-23T00:51:51Z</time></trkpt><trkpt lat="37.570072174072266" lon="127.01687622070312"><ele>18.600000381469727</ele><time>2026-08-23T00:51:52Z</time></trkpt><trkpt lat="37.570064544677734" lon="127.01683807373047"><ele>18.600000381469727</ele><time>2026-08-23T00:51:53Z</time></trkpt><trkpt lat="37.57006072998047" lon="127.0168228149414"><ele>18.600000381469727</ele><time>2026-08-23T00:51:54Z</time></trkpt><trkpt lat="37.57005310058594" lon="127.01679992675781"><ele>18.600000381469727</ele><time>2026-08-23T00:51:55Z</time></trkpt><trkpt lat="37.57004928588867" lon="127.01676940917969"><ele>18.600000381469727</ele><time>2026-08-23T00:51:56Z</time></trkpt><trkpt lat="37.57004165649414" lon="127.01675415039062"><ele>18.600000381469727</ele><time>2026-08-23T00:51:57Z</time></trkpt><trkpt lat="37.57003402709961" lon="127.01673126220703"><ele>18.600000381469727</ele><time>2026-08-23T00:51:58Z</time></trkpt><trkpt lat="37.57002639770508" lon="127.01671600341797"><ele>18.600000381469727</ele><time>2026-08-23T00:51:59Z</time></trkpt><trkpt lat="37.57001876831055" lon="127.01669311523438"><ele>18.799999237060547</ele><time>2026-08-23T00:52:00Z</time></trkpt><trkpt lat="37.570011138916016" lon="127.01667022705078"><ele>18.799999237060547</ele><time>2026-08-23T00:52:01Z</time></trkpt><trkpt lat="37.570003509521484" lon="127.01664733886719"><ele>18.600000381469727</ele><time>2026-08-23T00:52:02Z</time></trkpt><trkpt lat="37.56999969482422" lon="127.01661682128906"><ele>18.600000381469727</ele><time>2026-08-23T00:52:03Z</time></trkpt><trkpt lat="37.56999206542969" lon="127.0166015625"><ele>18.600000381469727</ele><time>2026-08-23T00:52:04Z</time></trkpt><trkpt lat="37.56998062133789" lon="127.0165786743164"><ele>18.600000381469727</ele><time>2026-08-23T00:52:05Z</time></trkpt><trkpt lat="37.56998062133789" lon="127.01655578613281"><ele>18.600000381469727</ele><time>2026-08-23T00:52:06Z</time></trkpt><trkpt lat="37.56997299194336" lon="127.01653289794922"><ele>18.600000381469727</ele><time>2026-08-23T00:52:07Z</time></trkpt><trkpt lat="37.56996536254883" lon="127.01651763916016"><ele>18.600000381469727</ele><time>2026-08-23T00:52:08Z</time></trkpt><trkpt lat="37.5699577331543" lon="127.01649475097656"><ele>18.600000381469727</ele><time>2026-08-23T00:52:09Z</time></trkpt><trkpt lat="37.56995391845703" lon="127.01647186279297"><ele>18.600000381469727</ele><time>2026-08-23T00:52:10Z</time></trkpt><trkpt lat="37.5699462890625" lon="127.01644897460938"><ele>18.600000381469727</ele><time>2026-08-23T00:52:11Z</time></trkpt><trkpt lat="37.569942474365234" lon="127.01642608642578"><ele>18.600000381469727</ele><time>2026-08-23T00:52:12Z</time></trkpt><trkpt lat="37.56993865966797" lon="127.01640319824219"><ele>18.600000381469727</ele><time>2026-08-23T00:52:13Z</time></trkpt><trkpt lat="37.5699348449707" lon="127.01637268066406"><ele>18.600000381469727</ele><time>2026-08-23T00:52:14Z</time></trkpt><trkpt lat="37.56993103027344" lon="127.016357421875"><ele>18.600000381469727</ele><time>2026-08-23T00:52:15Z</time></trkpt><trkpt lat="37.56992721557617" lon="127.01632690429688"><ele>18.600000381469727</ele><time>2026-08-23T00:52:16Z</time></trkpt><trkpt lat="37.569923400878906" lon="127.01630401611328"><ele>18.600000381469727</ele><time>2026-08-23T00:52:17Z</time></trkpt><trkpt lat="37.569915771484375" lon="127.01628112792969"><ele>18.600000381469727</ele><time>2026-08-23T00:52:18Z</time></trkpt><trkpt lat="37.56991195678711" lon="127.0162582397461"><ele>18.799999237060547</ele><time>2026-08-23T00:52:19Z</time></trkpt><trkpt lat="37.569908142089844" lon="127.0162353515625"><ele>18.799999237060547</ele><time>2026-08-23T00:52:20Z</time></trkpt><trkpt lat="37.56990432739258" lon="127.0162124633789"><ele>18.799999237060547</ele><time>2026-08-23T00:52:21Z</time></trkpt><trkpt lat="37.56990432739258" lon="127.01618194580078"><ele>18.799999237060547</ele><time>2026-08-23T00:52:22Z</time></trkpt><trkpt lat="37.56990432739258" lon="127.01616668701172"><ele>18.799999237060547</ele><time>2026-08-23T00:52:23Z</time></trkpt><trkpt lat="37.56990051269531" lon="127.01614379882812"><ele>18.600000381469727</ele><time>2026-08-23T00:52:24Z</time></trkpt><trkpt lat="37.56989669799805" lon="127.01612091064453"><ele>18.600000381469727</ele><time>2026-08-23T00:52:25Z</time></trkpt><trkpt lat="37.56988525390625" lon="127.0160903930664"><ele>18.600000381469727</ele><time>2026-08-23T00:52:26Z</time></trkpt><trkpt lat="37.56986999511719" lon="127.01605224609375"><ele>18.600000381469727</ele><time>2026-08-23T00:52:27Z</time></trkpt><trkpt lat="37.56986999511719" lon="127.01602935791016"><ele>18.600000381469727</ele><time>2026-08-23T00:52:28Z</time></trkpt><trkpt lat="37.56986999511719" lon="127.01600646972656"><ele>18.600000381469727</ele><time>2026-08-23T00:52:29Z</time></trkpt><trkpt lat="37.56986999511719" lon="127.0159912109375"><ele>18.600000381469727</ele><time>2026-08-23T00:52:30Z</time></trkpt><trkpt lat="37.56986618041992" lon="127.01597595214844"><ele>18.600000381469727</ele><time>2026-08-23T00:52:31Z</time></trkpt><trkpt lat="37.56986618041992" lon="127.0159683227539"><ele>18.600000381469727</ele><time>2026-08-23T00:52:32Z</time></trkpt><trkpt lat="37.56986618041992" lon="127.01595306396484"><ele>18.600000381469727</ele><time>2026-08-23T00:52:33Z</time></trkpt><trkpt lat="37.569862365722656" lon="127.01594543457031"><ele>18.600000381469727</ele><time>2026-08-23T00:52:34Z</time></trkpt><trkpt lat="37.569862365722656" lon="127.01593017578125"><ele>18.600000381469727</ele><time>2026-08-23T00:52:35Z</time></trkpt><trkpt lat="37.56985855102539" lon="127.01592254638672"><ele>18.600000381469727</ele><time>2026-08-23T00:52:36Z</time></trkpt><trkpt lat="37.56985855102539" lon="127.01591491699219"><ele>18.600000381469727</ele><time>2026-08-23T00:52:37Z</time></trkpt><trkpt lat="37.569854736328125" lon="127.01589965820312"><ele>18.600000381469727</ele><time>2026-08-23T00:52:38Z</time></trkpt><trkpt lat="37.569854736328125" lon="127.01587677001953"><ele>18.600000381469727</ele><time>2026-08-23T00:52:39Z</time></trkpt><trkpt lat="37.56985092163086" lon="127.0158462524414"><ele>18.600000381469727</ele><time>2026-08-23T00:52:40Z</time></trkpt><trkpt lat="37.569828033447266" lon="127.01580810546875"><ele>18.600000381469727</ele><time>2026-08-23T00:52:41Z</time></trkpt><trkpt lat="37.56982421875" lon="127.01579284667969"><ele>18.799999237060547</ele><time>2026-08-23T00:52:42Z</time></trkpt><trkpt lat="37.56983184814453" lon="127.01575469970703"><ele>18.799999237060547</ele><time>2026-08-23T00:52:43Z</time></trkpt><trkpt lat="37.56983184814453" lon="127.01573181152344"><ele>18.600000381469727</ele><time>2026-08-23T00:52:44Z</time></trkpt><trkpt lat="37.5698356628418" lon="127.01570129394531"><ele>18.600000381469727</ele><time>2026-08-23T00:52:45Z</time></trkpt><trkpt lat="37.56983947753906" lon="127.01566314697266"><ele>18.799999237060547</ele><time>2026-08-23T00:52:46Z</time></trkpt><trkpt lat="37.56984329223633" lon="127.01563262939453"><ele>18.799999237060547</ele><time>2026-08-23T00:52:47Z</time></trkpt><trkpt lat="37.569847106933594" lon="127.01559448242188"><ele>18.799999237060547</ele><time>2026-08-23T00:52:48Z</time></trkpt><trkpt lat="37.56984329223633" lon="127.01556396484375"><ele>18.799999237060547</ele><time>2026-08-23T00:52:49Z</time></trkpt><trkpt lat="37.56984329223633" lon="127.01553344726562"><ele>19.0</ele><time>2026-08-23T00:52:50Z</time></trkpt><trkpt lat="37.56984329223633" lon="127.0155029296875"><ele>19.0</ele><time>2026-08-23T00:52:51Z</time></trkpt><trkpt lat="37.56984329223633" lon="127.01547241210938"><ele>18.799999237060547</ele><time>2026-08-23T00:52:52Z</time></trkpt><trkpt lat="37.569847106933594" lon="127.01544952392578"><ele>19.0</ele><time>2026-08-23T00:52:53Z</time></trkpt><trkpt lat="37.56984329223633" lon="127.01541900634766"><ele>19.0</ele><time>2026-08-23T00:52:54Z</time></trkpt><trkpt lat="37.56984329223633" lon="127.01538848876953"><ele>19.0</ele><time>2026-08-23T00:52:55Z</time></trkpt><trkpt lat="37.569847106933594" lon="127.01536560058594"><ele>19.0</ele><time>2026-08-23T00:52:56Z</time></trkpt><trkpt lat="37.56984329223633" lon="127.01534271240234"><ele>19.0</ele><time>2026-08-23T00:52:57Z</time></trkpt><trkpt lat="37.569847106933594" lon="127.01531219482422"><ele>18.799999237060547</ele><time>2026-08-23T00:52:58Z</time></trkpt><trkpt lat="37.569847106933594" lon="127.01528930664062"><ele>18.799999237060547</ele><time>2026-08-23T00:52:59Z</time></trkpt><trkpt lat="37.56985092163086" lon="127.01526641845703"><ele>18.799999237060547</ele><time>2026-08-23T00:53:00Z</time></trkpt><trkpt lat="37.56985092163086" lon="127.01524353027344"><ele>18.799999237060547</ele><time>2026-08-23T00:53:01Z</time></trkpt><trkpt lat="37.56985092163086" lon="127.01522064208984"><ele>18.799999237060547</ele><time>2026-08-23T00:53:02Z</time></trkpt><trkpt lat="37.56985092163086" lon="127.01519012451172"><ele>18.799999237060547</ele><time>2026-08-23T00:53:03Z</time></trkpt><trkpt lat="37.56985092163086" lon="127.01517486572266"><ele>18.799999237060547</ele><time>2026-08-23T00:53:04Z</time></trkpt><trkpt lat="37.56985092163086" lon="127.01515197753906"><ele>18.799999237060547</ele><time>2026-08-23T00:53:05Z</time></trkpt><trkpt lat="37.56985092163086" lon="127.0151138305664"><ele>18.799999237060547</ele><time>2026-08-23T00:53:06Z</time></trkpt><trkpt lat="37.569847106933594" lon="127.01509857177734"><ele>18.799999237060547</ele><time>2026-08-23T00:53:07Z</time></trkpt><trkpt lat="37.56984329223633" lon="127.01507568359375"><ele>18.799999237060547</ele><time>2026-08-23T00:53:08Z</time></trkpt><trkpt lat="37.56984329223633" lon="127.01505279541016"><ele>18.799999237060547</ele><time>2026-08-23T00:53:09Z</time></trkpt><trkpt lat="37.56983947753906" lon="127.01502990722656"><ele>18.799999237060547</ele><time>2026-08-23T00:53:10Z</time></trkpt><trkpt lat="37.56983947753906" lon="127.01499938964844"><ele>18.799999237060547</ele><time>2026-08-23T00:53:11Z</time></trkpt><trkpt lat="37.569847106933594" lon="127.01498413085938"><ele>18.799999237060547</ele><time>2026-08-23T00:53:12Z</time></trkpt><trkpt lat="37.569847106933594" lon="127.01496124267578"><ele>18.799999237060547</ele><time>2026-08-23T00:53:13Z</time></trkpt><trkpt lat="37.56984329223633" lon="127.01493835449219"><ele>18.799999237060547</ele><time>2026-08-23T00:53:14Z</time></trkpt><trkpt lat="37.56983947753906" lon="127.0149154663086"><ele>18.799999237060547</ele><time>2026-08-23T00:53:15Z</time></trkpt><trkpt lat="37.56984329223633" lon="127.014892578125"><ele>18.799999237060547</ele><time>2026-08-23T00:53:16Z</time></trkpt><trkpt lat="37.569847106933594" lon="127.01486206054688"><ele>18.799999237060547</ele><time>2026-08-23T00:53:17Z</time></trkpt><trkpt lat="37.56983947753906" lon="127.01483917236328"><ele>18.799999237060547</ele><time>2026-08-23T00:53:18Z</time></trkpt><trkpt lat="37.56983947753906" lon="127.01480865478516"><ele>18.799999237060547</ele><time>2026-08-23T00:53:19Z</time></trkpt><trkpt lat="37.56983947753906" lon="127.01478576660156"><ele>18.799999237060547</ele><time>2026-08-23T00:53:20Z</time></trkpt><trkpt lat="37.56983947753906" lon="127.01476287841797"><ele>18.799999237060547</ele><time>2026-08-23T00:53:21Z</time></trkpt><trkpt lat="37.56983947753906" lon="127.01473236083984"><ele>18.799999237060547</ele><time>2026-08-23T00:53:22Z</time></trkpt><trkpt lat="37.56983947753906" lon="127.01470947265625"><ele>18.799999237060547</ele><time>2026-08-23T00:53:23Z</time></trkpt><trkpt lat="37.56983947753906" lon="127.01468658447266"><ele>18.799999237060547</ele><time>2026-08-23T00:53:24Z</time></trkpt><trkpt lat="37.56983947753906" lon="127.01465606689453"><ele>19.0</ele><time>2026-08-23T00:53:25Z</time></trkpt><trkpt lat="37.56983947753906" lon="127.01463317871094"><ele>19.0</ele><time>2026-08-23T00:53:26Z</time></trkpt><trkpt lat="37.56983947753906" lon="127.01460266113281"><ele>19.0</ele><time>2026-08-23T00:53:27Z</time></trkpt><trkpt lat="37.56983947753906" lon="127.01457977294922"><ele>18.799999237060547</ele><time>2026-08-23T00:53:28Z</time></trkpt><trkpt lat="37.56984329223633" lon="127.01456451416016"><ele>18.799999237060547</ele><time>2026-08-23T00:53:29Z</time></trkpt><trkpt lat="37.56984329223633" lon="127.01453399658203"><ele>18.799999237060547</ele><time>2026-08-23T00:53:30Z</time></trkpt><trkpt lat="37.56984329223633" lon="127.01451110839844"><ele>18.799999237060547</ele><time>2026-08-23T00:53:31Z</time></trkpt><trkpt lat="37.56984329223633" lon="127.01448822021484"><ele>19.0</ele><time>2026-08-23T00:53:32Z</time></trkpt><trkpt lat="37.569847106933594" lon="127.01445770263672"><ele>19.0</ele><time>2026-08-23T00:53:33Z</time></trkpt><trkpt lat="37.56984329223633" lon="127.01443481445312"><ele>19.0</ele><time>2026-08-23T00:53:34Z</time></trkpt><trkpt lat="37.56983947753906" lon="127.01441192626953"><ele>19.0</ele><time>2026-08-23T00:53:35Z</time></trkpt><trkpt lat="37.56983947753906" lon="127.01439666748047"><ele>19.0</ele><time>2026-08-23T00:53:36Z</time></trkpt><trkpt lat="37.56983947753906" lon="127.0143814086914"><ele>19.0</ele><time>2026-08-23T00:53:37Z</time></trkpt><trkpt lat="37.5698356628418" lon="127.01436614990234"><ele>19.0</ele><time>2026-08-23T00:53:38Z</time></trkpt><trkpt lat="37.56983184814453" lon="127.01433563232422"><ele>19.0</ele><time>2026-08-23T00:53:39Z</time></trkpt><trkpt lat="37.569828033447266" lon="127.01431274414062"><ele>19.200000762939453</ele><time>2026-08-23T00:53:40Z</time></trkpt><trkpt lat="37.56983184814453" lon="127.0142822265625"><ele>19.0</ele><time>2026-08-23T00:53:41Z</time></trkpt><trkpt lat="37.5698356628418" lon="127.0142593383789"><ele>19.0</ele><time>2026-08-23T00:53:42Z</time></trkpt><trkpt lat="37.5698356628418" lon="127.01423645019531"><ele>19.0</ele><time>2026-08-23T00:53:43Z</time></trkpt><trkpt lat="37.56983947753906" lon="127.01420593261719"><ele>19.0</ele><time>2026-08-23T00:53:44Z</time></trkpt><trkpt lat="37.56983184814453" lon="127.01419067382812"><ele>19.0</ele><time>2026-08-23T00:53:45Z</time></trkpt><trkpt lat="37.5698356628418" lon="127.01416015625"><ele>19.200000762939453</ele><time>2026-08-23T00:53:46Z</time></trkpt><trkpt lat="37.5698356628418" lon="127.01414489746094"><ele>19.200000762939453</ele><time>2026-08-23T00:53:47Z</time></trkpt><trkpt lat="37.5698356628418" lon="127.01412200927734"><ele>19.200000762939453</ele><time>2026-08-23T00:53:48Z</time></trkpt><trkpt lat="37.5698356628418" lon="127.01409149169922"><ele>19.200000762939453</ele><time>2026-08-23T00:53:49Z</time></trkpt><trkpt lat="37.5698356628418" lon="127.01408386230469"><ele>19.200000762939453</ele><time>2026-08-23T00:53:50Z</time></trkpt><trkpt lat="37.56983947753906" lon="127.01405334472656"><ele>19.200000762939453</ele><time>2026-08-23T00:53:51Z</time></trkpt><trkpt lat="37.56984329223633" lon="127.01403045654297"><ele>19.200000762939453</ele><time>2026-08-23T00:53:52Z</time></trkpt><trkpt lat="37.56983947753906" lon="127.01399993896484"><ele>19.200000762939453</ele><time>2026-08-23T00:53:53Z</time></trkpt><trkpt lat="37.56983947753906" lon="127.01397705078125"><ele>19.200000762939453</ele><time>2026-08-23T00:53:54Z</time></trkpt><trkpt lat="37.569828033447266" lon="127.01396942138672"><ele>19.200000762939453</ele><time>2026-08-23T00:53:55Z</time></trkpt><trkpt lat="37.569828033447266" lon="127.01234436035156"><ele>20.399999618530273</ele><time>2026-08-23T00:56:00Z</time></trkpt><trkpt lat="37.569828033447266" lon="127.0123291015625"><ele>20.399999618530273</ele><time>2026-08-23T00:56:01Z</time></trkpt><trkpt lat="37.569828033447266" lon="127.01231384277344"><ele>20.399999618530273</ele><time>2026-08-23T00:56:02Z</time></trkpt><trkpt lat="37.56983184814453" lon="127.01229858398438"><ele>20.399999618530273</ele><time>2026-08-23T00:56:03Z</time></trkpt><trkpt lat="37.569828033447266" lon="127.01228332519531"><ele>20.399999618530273</ele><time>2026-08-23T00:56:04Z</time></trkpt><trkpt lat="37.569828033447266" lon="127.01226806640625"><ele>20.200000762939453</ele><time>2026-08-23T00:56:05Z</time></trkpt><trkpt lat="37.569828033447266" lon="127.01224517822266"><ele>20.200000762939453</ele><time>2026-08-23T00:56:06Z</time></trkpt><trkpt lat="37.569828033447266" lon="127.01222229003906"><ele>20.200000762939453</ele><time>2026-08-23T00:56:07Z</time></trkpt><trkpt lat="37.569828033447266" lon="127.01219177246094"><ele>20.200000762939453</ele><time>2026-08-23T00:56:08Z</time></trkpt><trkpt lat="37.569828033447266" lon="127.01216888427734"><ele>20.200000762939453</ele><time>2026-08-23T00:56:09Z</time></trkpt><trkpt lat="37.569828033447266" lon="127.01214599609375"><ele>20.200000762939453</ele><time>2026-08-23T00:56:10Z</time></trkpt><trkpt lat="37.569828033447266" lon="127.01211547851562"><ele>20.200000762939453</ele><time>2026-08-23T00:56:11Z</time></trkpt><trkpt lat="37.56982421875" lon="127.01209259033203"><ele>20.200000762939453</ele><time>2026-08-23T00:56:12Z</time></trkpt><trkpt lat="37.56982421875" lon="127.01206970214844"><ele>20.200000762939453</ele><time>2026-08-23T00:56:13Z</time></trkpt><trkpt lat="37.56982421875" lon="127.01204681396484"><ele>20.200000762939453</ele><time>2026-08-23T00:56:14Z</time></trkpt><trkpt lat="37.56982421875" lon="127.01201629638672"><ele>20.200000762939453</ele><time>2026-08-23T00:56:15Z</time></trkpt><trkpt lat="37.569828033447266" lon="127.0119857788086"><ele>20.200000762939453</ele><time>2026-08-23T00:56:16Z</time></trkpt><trkpt lat="37.56982421875" lon="127.01197052001953"><ele>20.200000762939453</ele><time>2026-08-23T00:56:17Z</time></trkpt><trkpt lat="37.569828033447266" lon="127.0119400024414"><ele>20.200000762939453</ele><time>2026-08-23T00:56:18Z</time></trkpt><trkpt lat="37.569828033447266" lon="127.01191711425781"><ele>20.200000762939453</ele><time>2026-08-23T00:56:19Z</time></trkpt><trkpt lat="37.569828033447266" lon="127.01188659667969"><ele>20.200000762939453</ele><time>2026-08-23T00:56:20Z</time></trkpt><trkpt lat="37.569828033447266" lon="127.01185607910156"><ele>20.200000762939453</ele><time>2026-08-23T00:56:21Z</time></trkpt><trkpt lat="37.56982421875" lon="127.01183319091797"><ele>20.0</ele><time>2026-08-23T00:56:22Z</time></trkpt><trkpt lat="37.569828033447266" lon="127.01180267333984"><ele>20.0</ele><time>2026-08-23T00:56:23Z</time></trkpt><trkpt lat="37.56982421875" lon="127.01177978515625"><ele>20.0</ele><time>2026-08-23T00:56:24Z</time></trkpt><trkpt lat="37.56982421875" lon="127.01175689697266"><ele>20.0</ele><time>2026-08-23T00:56:25Z</time></trkpt><trkpt lat="37.56982421875" lon="127.01173400878906"><ele>20.200000762939453</ele><time>2026-08-23T00:56:26Z</time></trkpt><trkpt lat="37.569820404052734" lon="127.01171112060547"><ele>20.200000762939453</ele><time>2026-08-23T00:56:27Z</time></trkpt><trkpt lat="37.569820404052734" lon="127.01168060302734"><ele>20.200000762939453</ele><time>2026-08-23T00:56:28Z</time></trkpt><trkpt lat="37.569820404052734" lon="127.01165771484375"><ele>20.200000762939453</ele><time>2026-08-23T00:56:29Z</time></trkpt><trkpt lat="37.56982421875" lon="127.01162719726562"><ele>20.200000762939453</ele><time>2026-08-23T00:56:30Z</time></trkpt><trkpt lat="37.569828033447266" lon="127.01160430908203"><ele>20.200000762939453</ele><time>2026-08-23T00:56:31Z</time></trkpt><trkpt lat="37.569820404052734" lon="127.01158142089844"><ele>20.200000762939453</ele><time>2026-08-23T00:56:32Z</time></trkpt><trkpt lat="37.569820404052734" lon="127.01155090332031"><ele>20.200000762939453</ele><time>2026-08-23T00:56:33Z</time></trkpt><trkpt lat="37.56982421875" lon="127.01152801513672"><ele>20.200000762939453</ele><time>2026-08-23T00:56:34Z</time></trkpt><trkpt lat="37.569828033447266" lon="127.01150512695312"><ele>20.200000762939453</ele><time>2026-08-23T00:56:35Z</time></trkpt><trkpt lat="37.569828033447266" lon="127.01148223876953"><ele>20.200000762939453</ele><time>2026-08-23T00:56:36Z</time></trkpt><trkpt lat="37.569820404052734" lon="127.01145935058594"><ele>20.200000762939453</ele><time>2026-08-23T00:56:37Z</time></trkpt><trkpt lat="37.56981658935547" lon="127.01142883300781"><ele>20.200000762939453</ele><time>2026-08-23T00:56:38Z</time></trkpt><trkpt lat="37.56980895996094" lon="127.01140594482422"><ele>20.200000762939453</ele><time>2026-08-23T00:56:39Z</time></trkpt><trkpt lat="37.56980895996094" lon="127.01136779785156"><ele>20.0</ele><time>2026-08-23T00:56:40Z</time></trkpt><trkpt lat="37.56980514526367" lon="127.01134490966797"><ele>20.0</ele><time>2026-08-23T00:56:41Z</time></trkpt><trkpt lat="37.56980895996094" lon="127.0113296508789"><ele>20.0</ele><time>2026-08-23T00:56:42Z</time></trkpt><trkpt lat="37.5698127746582" lon="127.01130676269531"><ele>20.200000762939453</ele><time>2026-08-23T00:56:43Z</time></trkpt><trkpt lat="37.5698127746582" lon="127.01127624511719"><ele>20.200000762939453</ele><time>2026-08-23T00:56:44Z</time></trkpt><trkpt lat="37.56981658935547" lon="127.01126861572266"><ele>20.200000762939453</ele><time>2026-08-23T00:56:45Z</time></trkpt><trkpt lat="37.569820404052734" lon="127.01123809814453"><ele>20.200000762939453</ele><time>2026-08-23T00:56:46Z</time></trkpt><trkpt lat="37.569820404052734" lon="127.01121520996094"><ele>20.200000762939453</ele><time>2026-08-23T00:56:47Z</time></trkpt><trkpt lat="37.56981658935547" lon="127.01119232177734"><ele>20.200000762939453</ele><time>2026-08-23T00:56:48Z</time></trkpt><trkpt lat="37.569820404052734" lon="127.01115417480469"><ele>20.200000762939453</ele><time>2026-08-23T00:56:49Z</time></trkpt><trkpt lat="37.56982421875" lon="127.01113891601562"><ele>20.200000762939453</ele><time>2026-08-23T00:56:50Z</time></trkpt><trkpt lat="37.569828033447266" lon="127.01111602783203"><ele>20.200000762939453</ele><time>2026-08-23T00:56:51Z</time></trkpt><trkpt lat="37.569828033447266" lon="127.0110855102539"><ele>20.200000762939453</ele><time>2026-08-23T00:56:52Z</time></trkpt><trkpt lat="37.569828033447266" lon="127.01106262207031"><ele>20.399999618530273</ele><time>2026-08-23T00:56:53Z</time></trkpt><trkpt lat="37.569828033447266" lon="127.01103210449219"><ele>20.399999618530273</ele><time>2026-08-23T00:56:54Z</time></trkpt><trkpt lat="37.569828033447266" lon="127.0110092163086"><ele>20.399999618530273</ele><time>2026-08-23T00:56:55Z</time></trkpt><trkpt lat="37.56983184814453" lon="127.010986328125"><ele>20.399999618530273</ele><time>2026-08-23T00:56:56Z</time></trkpt><trkpt lat="37.56983184814453" lon="127.01095581054688"><ele>20.399999618530273</ele><time>2026-08-23T00:56:57Z</time></trkpt><trkpt lat="37.569828033447266" lon="127.01094055175781"><ele>20.200000762939453</ele><time>2026-08-23T00:56:58Z</time></trkpt><trkpt lat="37.569828033447266" lon="127.01091003417969"><ele>20.200000762939453</ele><time>2026-08-23T00:56:59Z</time></trkpt><trkpt lat="37.569828033447266" lon="127.0108871459961"><ele>20.200000762939453</ele><time>2026-08-23T00:57:00Z</time></trkpt><trkpt lat="37.56982421875" lon="127.0108642578125"><ele>20.200000762939453</ele><time>2026-08-23T00:57:01Z</time></trkpt><trkpt lat="37.569820404052734" lon="127.01083374023438"><ele>20.200000762939453</ele><time>2026-08-23T00:57:02Z</time></trkpt><trkpt lat="37.56981658935547" lon="127.01081085205078"><ele>20.200000762939453</ele><time>2026-08-23T00:57:03Z</time></trkpt><trkpt lat="37.56981658935547" lon="127.01078033447266"><ele>20.399999618530273</ele><time>2026-08-23T00:57:04Z</time></trkpt><trkpt lat="37.56981658935547" lon="127.0107421875"><ele>20.200000762939453</ele><time>2026-08-23T00:57:05Z</time></trkpt><trkpt lat="37.569820404052734" lon="127.01071166992188"><ele>20.200000762939453</ele><time>2026-08-23T00:57:06Z</time></trkpt><trkpt lat="37.569820404052734" lon="127.01068115234375"><ele>20.200000762939453</ele><time>2026-08-23T00:57:07Z</time></trkpt><trkpt lat="37.569820404052734" lon="127.01065826416016"><ele>20.200000762939453</ele><time>2026-08-23T00:57:08Z</time></trkpt><trkpt lat="37.569820404052734" lon="127.01062774658203"><ele>20.200000762939453</ele><time>2026-08-23T00:57:09Z</time></trkpt><trkpt lat="37.56981658935547" lon="127.01061248779297"><ele>20.200000762939453</ele><time>2026-08-23T00:57:10Z</time></trkpt><trkpt lat="37.56981658935547" lon="127.01057434082031"><ele>20.200000762939453</ele><time>2026-08-23T00:57:11Z</time></trkpt><trkpt lat="37.56981658935547" lon="127.01055145263672"><ele>20.399999618530273</ele><time>2026-08-23T00:57:12Z</time></trkpt><trkpt lat="37.569820404052734" lon="127.01052856445312"><ele>20.399999618530273</ele><time>2026-08-23T00:57:13Z</time></trkpt><trkpt lat="37.569820404052734" lon="127.010498046875"><ele>20.200000762939453</ele><time>2026-08-23T00:57:14Z</time></trkpt><trkpt lat="37.5698127746582" lon="127.01048278808594"><ele>20.200000762939453</ele><time>2026-08-23T00:57:15Z</time></trkpt><trkpt lat="37.5698127746582" lon="127.01044464111328"><ele>20.200000762939453</ele><time>2026-08-23T00:57:16Z</time></trkpt><trkpt lat="37.569820404052734" lon="127.01042938232422"><ele>20.200000762939453</ele><time>2026-08-23T00:57:17Z</time></trkpt><trkpt lat="37.56982421875" lon="127.01040649414062"><ele>20.200000762939453</ele><time>2026-08-23T00:57:18Z</time></trkpt><trkpt lat="37.569828033447266" lon="127.01038360595703"><ele>20.200000762939453</ele><time>2026-08-23T00:57:19Z</time></trkpt><trkpt lat="37.569820404052734" lon="127.01036071777344"><ele>20.200000762939453</ele><time>2026-08-23T00:57:20Z</time></trkpt><trkpt lat="37.56981658935547" lon="127.01032257080078"><ele>20.200000762939453</ele><time>2026-08-23T00:57:21Z</time></trkpt><trkpt lat="37.56981658935547" lon="127.01030731201172"><ele>20.200000762939453</ele><time>2026-08-23T00:57:22Z</time></trkpt><trkpt lat="37.56981658935547" lon="127.0102767944336"><ele>20.200000762939453</ele><time>2026-08-23T00:57:23Z</time></trkpt><trkpt lat="37.56981658935547" lon="127.01023864746094"><ele>20.200000762939453</ele><time>2026-08-23T00:57:24Z</time></trkpt><trkpt lat="37.5698127746582" lon="127.01022338867188"><ele>20.200000762939453</ele><time>2026-08-23T00:57:25Z</time></trkpt><trkpt lat="37.56981658935547" lon="127.01019287109375"><ele>20.200000762939453</ele><time>2026-08-23T00:57:26Z</time></trkpt><trkpt lat="37.56981658935547" lon="127.01016235351562"><ele>20.200000762939453</ele><time>2026-08-23T00:57:27Z</time></trkpt><trkpt lat="37.5698127746582" lon="127.01013946533203"><ele>20.200000762939453</ele><time>2026-08-23T00:57:28Z</time></trkpt><trkpt lat="37.5698127746582" lon="127.0101089477539"><ele>20.200000762939453</ele><time>2026-08-23T00:57:29Z</time></trkpt><trkpt lat="37.56981658935547" lon="127.01009368896484"><ele>20.200000762939453</ele><time>2026-08-23T00:57:30Z</time></trkpt><trkpt lat="37.56981658935547" lon="127.01007843017578"><ele>20.399999618530273</ele><time>2026-08-23T00:57:31Z</time></trkpt><trkpt lat="37.56981658935547" lon="127.01005554199219"><ele>20.399999618530273</ele><time>2026-08-23T00:57:32Z</time></trkpt><trkpt lat="37.56981658935547" lon="127.0100326538086"><ele>20.399999618530273</ele><time>2026-08-23T00:57:33Z</time></trkpt><trkpt lat="37.56981658935547" lon="127.01001739501953"><ele>20.399999618530273</ele><time>2026-08-23T00:57:34Z</time></trkpt><trkpt lat="37.56981658935547" lon="127.00999450683594"><ele>20.399999618530273</ele><time>2026-08-23T00:57:35Z</time></trkpt><trkpt lat="37.56981658935547" lon="127.00997161865234"><ele>20.399999618530273</ele><time>2026-08-23T00:57:36Z</time></trkpt><trkpt lat="37.56981658935547" lon="127.00995635986328"><ele>20.600000381469727</ele><time>2026-08-23T00:57:37Z</time></trkpt><trkpt lat="37.56981658935547" lon="127.00994110107422"><ele>20.600000381469727</ele><time>2026-08-23T00:57:38Z</time></trkpt><trkpt lat="37.56981658935547" lon="127.00991821289062"><ele>20.600000381469727</ele><time>2026-08-23T00:57:39Z</time></trkpt><trkpt lat="37.56981658935547" lon="127.00990295410156"><ele>20.600000381469727</ele><time>2026-08-23T00:57:40Z</time></trkpt><trkpt lat="37.56981658935547" lon="127.0098876953125"><ele>20.600000381469727</ele><time>2026-08-23T00:57:41Z</time></trkpt><trkpt lat="37.56981658935547" lon="127.00987243652344"><ele>20.600000381469727</ele><time>2026-08-23T00:57:42Z</time></trkpt><trkpt lat="37.56981658935547" lon="127.00985717773438"><ele>20.600000381469727</ele><time>2026-08-23T00:57:43Z</time></trkpt><trkpt lat="37.56980895996094" lon="127.00984191894531"><ele>20.399999618530273</ele><time>2026-08-23T00:57:44Z</time></trkpt><trkpt lat="37.569801330566406" lon="127.00983428955078"><ele>20.399999618530273</ele><time>2026-08-23T00:57:45Z</time></trkpt><trkpt lat="37.569793701171875" lon="127.00983428955078"><ele>20.399999618530273</ele><time>2026-08-23T00:57:46Z</time></trkpt><trkpt lat="37.56978225708008" lon="127.00983428955078"><ele>20.399999618530273</ele><time>2026-08-23T00:57:47Z</time></trkpt><trkpt lat="37.569698333740234" lon="127.00985717773438"><ele>20.399999618530273</ele><time>2026-08-23T00:57:48Z</time></trkpt><trkpt lat="37.56969451904297" lon="127.00981903076172"><ele>20.399999618530273</ele><time>2026-08-23T00:57:49Z</time></trkpt><trkpt lat="37.56969451904297" lon="127.00977325439453"><ele>20.399999618530273</ele><time>2026-08-23T00:57:50Z</time></trkpt><trkpt lat="37.56969451904297" lon="127.0097427368164"><ele>20.399999618530273</ele><time>2026-08-23T00:57:51Z</time></trkpt><trkpt lat="37.5696907043457" lon="127.00970458984375"><ele>20.399999618530273</ele><time>2026-08-23T00:57:52Z</time></trkpt><trkpt lat="37.56968688964844" lon="127.0096664428711"><ele>20.399999618530273</ele><time>2026-08-23T00:57:53Z</time></trkpt><trkpt lat="37.56968307495117" lon="127.0096206665039"><ele>20.399999618530273</ele><time>2026-08-23T00:57:54Z</time></trkpt><trkpt lat="37.56968307495117" lon="127.00959014892578"><ele>20.399999618530273</ele><time>2026-08-23T00:57:55Z</time></trkpt><trkpt lat="37.569671630859375" lon="127.00955200195312"><ele>20.399999618530273</ele><time>2026-08-23T00:57:56Z</time></trkpt><trkpt lat="37.569664001464844" lon="127.00959777832031"><ele>20.399999618530273</ele><time>2026-08-23T00:57:57Z</time></trkpt><trkpt lat="37.56966018676758" lon="127.00958251953125"><ele>20.399999618530273</ele><time>2026-08-23T00:57:58Z</time></trkpt><trkpt lat="37.56965637207031" lon="127.00956726074219"><ele>20.399999618530273</ele><time>2026-08-23T00:57:59Z</time></trkpt><trkpt lat="37.569644927978516" lon="127.00955200195312"><ele>20.399999618530273</ele><time>2026-08-23T00:58:00Z</time></trkpt><trkpt lat="37.569786071777344" lon="127.00939178466797"><ele>20.399999618530273</ele><time>2026-08-23T00:58:01Z</time></trkpt><trkpt lat="37.569820404052734" lon="127.00935363769531"><ele>20.399999618530273</ele><time>2026-08-23T00:58:02Z</time></trkpt><trkpt lat="37.56983184814453" lon="127.00931549072266"><ele>20.399999618530273</ele><time>2026-08-23T00:58:03Z</time></trkpt><trkpt lat="37.5698356628418" lon="127.00929260253906"><ele>20.399999618530273</ele><time>2026-08-23T00:58:04Z</time></trkpt><trkpt lat="37.56983947753906" lon="127.00924682617188"><ele>20.399999618530273</ele><time>2026-08-23T00:58:05Z</time></trkpt><trkpt lat="37.5698356628418" lon="127.00922393798828"><ele>20.399999618530273</ele><time>2026-08-23T00:58:06Z</time></trkpt><trkpt lat="37.5698356628418" lon="127.00918579101562"><ele>20.399999618530273</ele><time>2026-08-23T00:58:07Z</time></trkpt><trkpt lat="37.5698356628418" lon="127.00916290283203"><ele>20.200000762939453</ele><time>2026-08-23T00:58:08Z</time></trkpt><trkpt lat="37.56983184814453" lon="127.00914001464844"><ele>20.200000762939453</ele><time>2026-08-23T00:58:09Z</time></trkpt><trkpt lat="37.56983184814453" lon="127.00911712646484"><ele>20.200000762939453</ele><time>2026-08-23T00:58:10Z</time></trkpt><trkpt lat="37.56983184814453" lon="127.00910186767578"><ele>20.200000762939453</ele><time>2026-08-23T00:58:11Z</time></trkpt><trkpt lat="37.569828033447266" lon="127.00907897949219"><ele>20.200000762939453</ele><time>2026-08-23T00:58:12Z</time></trkpt><trkpt lat="37.569828033447266" lon="127.00904846191406"><ele>20.200000762939453</ele><time>2026-08-23T00:58:13Z</time></trkpt><trkpt lat="37.56982421875" lon="127.009033203125"><ele>20.200000762939453</ele><time>2026-08-23T00:58:14Z</time></trkpt><trkpt lat="37.569828033447266" lon="127.00900268554688"><ele>20.200000762939453</ele><time>2026-08-23T00:58:15Z</time></trkpt><trkpt lat="37.56983184814453" lon="127.00898742675781"><ele>20.200000762939453</ele><time>2026-08-23T00:58:16Z</time></trkpt><trkpt lat="37.56983184814453" lon="127.00895690917969"><ele>20.200000762939453</ele><time>2026-08-23T00:58:17Z</time></trkpt><trkpt lat="37.56983184814453" lon="127.00892639160156"><ele>20.200000762939453</ele><time>2026-08-23T00:58:18Z</time></trkpt><trkpt lat="37.569828033447266" lon="127.0089111328125"><ele>20.200000762939453</ele><time>2026-08-23T00:58:19Z</time></trkpt><trkpt lat="37.56983184814453" lon="127.00888061523438"><ele>20.200000762939453</ele><time>2026-08-23T00:58:20Z</time></trkpt><trkpt lat="37.56983184814453" lon="127.00885772705078"><ele>20.200000762939453</ele><time>2026-08-23T00:58:21Z</time></trkpt><trkpt lat="37.569828033447266" lon="127.00883483886719"><ele>20.200000762939453</ele><time>2026-08-23T00:58:22Z</time></trkpt><trkpt lat="37.56982421875" lon="127.00880432128906"><ele>20.200000762939453</ele><time>2026-08-23T00:58:23Z</time></trkpt><trkpt lat="37.569828033447266" lon="127.0087890625"><ele>20.399999618530273</ele><time>2026-08-23T00:58:24Z</time></trkpt><trkpt lat="37.56983184814453" lon="127.0087661743164"><ele>20.399999618530273</ele><time>2026-08-23T00:58:25Z</time></trkpt><trkpt lat="37.56983184814453" lon="127.00873565673828"><ele>20.200000762939453</ele><time>2026-08-23T00:58:26Z</time></trkpt><trkpt lat="37.569828033447266" lon="127.00871276855469"><ele>20.399999618530273</ele><time>2026-08-23T00:58:27Z</time></trkpt><trkpt lat="37.56982421875" lon="127.00868225097656"><ele>20.399999618530273</ele><time>2026-08-23T00:58:28Z</time></trkpt><trkpt lat="37.56983184814453" lon="127.0086669921875"><ele>20.399999618530273</ele><time>2026-08-23T00:58:29Z</time></trkpt><trkpt lat="37.56983184814453" lon="127.0086441040039"><ele>20.399999618530273</ele><time>2026-08-23T00:58:30Z</time></trkpt><trkpt lat="37.56983184814453" lon="127.00862121582031"><ele>20.399999618530273</ele><time>2026-08-23T00:58:31Z</time></trkpt><trkpt lat="37.569828033447266" lon="127.00859832763672"><ele>20.399999618530273</ele><time>2026-08-23T00:58:32Z</time></trkpt><trkpt lat="37.569828033447266" lon="127.00856018066406"><ele>20.399999618530273</ele><time>2026-08-23T00:58:33Z</time></trkpt><trkpt lat="37.569828033447266" lon="127.00853729248047"><ele>20.399999618530273</ele><time>2026-08-23T00:58:34Z</time></trkpt><trkpt lat="37.569828033447266" lon="127.00850677490234"><ele>20.399999618530273</ele><time>2026-08-23T00:58:35Z</time></trkpt><trkpt lat="37.569828033447266" lon="127.00848388671875"><ele>20.399999618530273</ele><time>2026-08-23T00:58:36Z</time></trkpt><trkpt lat="37.56982421875" lon="127.00846099853516"><ele>20.399999618530273</ele><time>2026-08-23T00:58:37Z</time></trkpt><trkpt lat="37.569828033447266" lon="127.00843048095703"><ele>20.399999618530273</ele><time>2026-08-23T00:58:38Z</time></trkpt><trkpt lat="37.56982421875" lon="127.00840759277344"><ele>20.399999618530273</ele><time>2026-08-23T00:58:39Z</time></trkpt><trkpt lat="37.56982421875" lon="127.00838470458984"><ele>20.399999618530273</ele><time>2026-08-23T00:58:40Z</time></trkpt><trkpt lat="37.569820404052734" lon="127.00835418701172"><ele>20.399999618530273</ele><time>2026-08-23T00:58:41Z</time></trkpt><trkpt lat="37.56981658935547" lon="127.00833129882812"><ele>20.399999618530273</ele><time>2026-08-23T00:58:42Z</time></trkpt><trkpt lat="37.56981658935547" lon="127.00830078125"><ele>20.600000381469727</ele><time>2026-08-23T00:58:43Z</time></trkpt><trkpt lat="37.5698127746582" lon="127.00828552246094"><ele>20.600000381469727</ele><time>2026-08-23T00:58:44Z</time></trkpt><trkpt lat="37.5698127746582" lon="127.00824737548828"><ele>20.600000381469727</ele><time>2026-08-23T00:58:45Z</time></trkpt><trkpt lat="37.56980514526367" lon="127.00822448730469"><ele>20.600000381469727</ele><time>2026-08-23T00:58:46Z</time></trkpt><trkpt lat="37.569801330566406" lon="127.0082015991211"><ele>20.600000381469727</ele><time>2026-08-23T00:58:47Z</time></trkpt><trkpt lat="37.56979751586914" lon="127.00817108154297"><ele>20.600000381469727</ele><time>2026-08-23T00:58:48Z</time></trkpt><trkpt lat="37.56978988647461" lon="127.00814819335938"><ele>20.600000381469727</ele><time>2026-08-23T00:58:49Z</time></trkpt><trkpt lat="37.56978988647461" lon="127.00811767578125"><ele>20.600000381469727</ele><time>2026-08-23T00:58:50Z</time></trkpt><trkpt lat="37.569786071777344" lon="127.00808715820312"><ele>20.600000381469727</ele><time>2026-08-23T00:58:51Z</time></trkpt><trkpt lat="37.56978225708008" lon="127.00806427001953"><ele>20.600000381469727</ele><time>2026-08-23T00:58:52Z</time></trkpt><trkpt lat="37.569786071777344" lon="127.0080337524414"><ele>20.600000381469727</ele><time>2026-08-23T00:58:53Z</time></trkpt><trkpt lat="37.56978225708008" lon="127.00801086425781"><ele>20.600000381469727</ele><time>2026-08-23T00:58:54Z</time></trkpt><trkpt lat="37.569786071777344" lon="127.00797271728516"><ele>20.600000381469727</ele><time>2026-08-23T00:58:55Z</time></trkpt><trkpt lat="37.569786071777344" lon="127.0079574584961"><ele>20.799999237060547</ele><time>2026-08-23T00:58:56Z</time></trkpt><trkpt lat="37.56978225708008" lon="127.00791931152344"><ele>20.799999237060547</ele><time>2026-08-23T00:58:57Z</time></trkpt><trkpt lat="37.56978225708008" lon="127.00788879394531"><ele>20.600000381469727</ele><time>2026-08-23T00:58:58Z</time></trkpt><trkpt lat="37.56977462768555" lon="127.00787353515625"><ele>20.799999237060547</ele><time>2026-08-23T00:58:59Z</time></trkpt><trkpt lat="37.56977081298828" lon="127.00784301757812"><ele>20.799999237060547</ele><time>2026-08-23T00:59:00Z</time></trkpt><trkpt lat="37.56977081298828" lon="127.00782775878906"><ele>20.799999237060547</ele><time>2026-08-23T00:59:01Z</time></trkpt><trkpt lat="37.56977081298828" lon="127.00779724121094"><ele>20.799999237060547</ele><time>2026-08-23T00:59:02Z</time></trkpt><trkpt lat="37.569766998291016" lon="127.00777435302734"><ele>20.799999237060547</ele><time>2026-08-23T00:59:03Z</time></trkpt><trkpt lat="37.56976318359375" lon="127.00774383544922"><ele>20.799999237060547</ele><time>2026-08-23T00:59:04Z</time></trkpt><trkpt lat="37.56976318359375" lon="127.0077133178711"><ele>20.799999237060547</ele><time>2026-08-23T00:59:05Z</time></trkpt><trkpt lat="37.56976318359375" lon="127.0076904296875"><ele>20.799999237060547</ele><time>2026-08-23T00:59:06Z</time></trkpt><trkpt lat="37.56976318359375" lon="127.00765991210938"><ele>20.799999237060547</ele><time>2026-08-23T00:59:07Z</time></trkpt><trkpt lat="37.56976318359375" lon="127.00763702392578"><ele>20.799999237060547</ele><time>2026-08-23T00:59:08Z</time></trkpt><trkpt lat="37.569759368896484" lon="127.00761413574219"><ele>20.799999237060547</ele><time>2026-08-23T00:59:09Z</time></trkpt><trkpt lat="37.569759368896484" lon="127.0075912475586"><ele>20.799999237060547</ele><time>2026-08-23T00:59:10Z</time></trkpt><trkpt lat="37.569759368896484" lon="127.007568359375"><ele>20.799999237060547</ele><time>2026-08-23T00:59:11Z</time></trkpt><trkpt lat="37.56975555419922" lon="127.0075454711914"><ele>20.799999237060547</ele><time>2026-08-23T00:59:12Z</time></trkpt><trkpt lat="37.569759368896484" lon="127.00751495361328"><ele>20.799999237060547</ele><time>2026-08-23T00:59:13Z</time></trkpt><trkpt lat="37.56975555419922" lon="127.00749969482422"><ele>20.799999237060547</ele><time>2026-08-23T00:59:14Z</time></trkpt><trkpt lat="37.56975555419922" lon="127.00746154785156"><ele>20.799999237060547</ele><time>2026-08-23T00:59:15Z</time></trkpt><trkpt lat="37.56974792480469" lon="127.00743865966797"><ele>20.799999237060547</ele><time>2026-08-23T00:59:16Z</time></trkpt><trkpt lat="37.56974792480469" lon="127.00741577148438"><ele>20.799999237060547</ele><time>2026-08-23T00:59:17Z</time></trkpt><trkpt lat="37.56974792480469" lon="127.00738525390625"><ele>21.0</ele><time>2026-08-23T00:59:18Z</time></trkpt><trkpt lat="37.569740295410156" lon="127.00736236572266"><ele>21.0</ele><time>2026-08-23T00:59:19Z</time></trkpt><trkpt lat="37.569740295410156" lon="127.00732421875"><ele>21.0</ele><time>2026-08-23T00:59:20Z</time></trkpt><trkpt lat="37.569740295410156" lon="127.0073013305664"><ele>21.0</ele><time>2026-08-23T00:59:21Z</time></trkpt><trkpt lat="37.56973648071289" lon="127.00727844238281"><ele>21.0</ele><time>2026-08-23T00:59:22Z</time></trkpt><trkpt lat="37.56973648071289" lon="127.00724792480469"><ele>21.0</ele><time>2026-08-23T00:59:23Z</time></trkpt><trkpt lat="37.569732666015625" lon="127.00723266601562"><ele>21.0</ele><time>2026-08-23T00:59:24Z</time></trkpt><trkpt lat="37.56973648071289" lon="127.0072021484375"><ele>21.0</ele><time>2026-08-23T00:59:25Z</time></trkpt><trkpt lat="37.56973648071289" lon="127.00717163085938"><ele>21.0</ele><time>2026-08-23T00:59:26Z</time></trkpt><trkpt lat="37.56973648071289" lon="127.00714111328125"><ele>21.0</ele><time>2026-08-23T00:59:27Z</time></trkpt><trkpt lat="37.569732666015625" lon="127.00712585449219"><ele>21.0</ele><time>2026-08-23T00:59:28Z</time></trkpt><trkpt lat="37.56972885131836" lon="127.00709533691406"><ele>21.0</ele><time>2026-08-23T00:59:29Z</time></trkpt><trkpt lat="37.569732666015625" lon="127.00707244873047"><ele>21.0</ele><time>2026-08-23T00:59:30Z</time></trkpt><trkpt lat="37.569725036621094" lon="127.00704956054688"><ele>21.0</ele><time>2026-08-23T00:59:31Z</time></trkpt><trkpt lat="37.569725036621094" lon="127.00701904296875"><ele>21.0</ele><time>2026-08-23T00:59:32Z</time></trkpt><trkpt lat="37.56972122192383" lon="127.00700378417969"><ele>21.0</ele><time>2026-08-23T00:59:33Z</time></trkpt><trkpt lat="37.56972122192383" lon="127.00697326660156"><ele>21.0</ele><time>2026-08-23T00:59:34Z</time></trkpt><trkpt lat="37.5697135925293" lon="127.00695037841797"><ele>21.0</ele><time>2026-08-23T00:59:35Z</time></trkpt><trkpt lat="37.5697135925293" lon="127.00692749023438"><ele>21.0</ele><time>2026-08-23T00:59:36Z</time></trkpt><trkpt lat="37.5697135925293" lon="127.00688934326172"><ele>21.0</ele><time>2026-08-23T00:59:37Z</time></trkpt><trkpt lat="37.569705963134766" lon="127.0068588256836"><ele>21.0</ele><time>2026-08-23T00:59:38Z</time></trkpt><trkpt lat="37.56970977783203" lon="127.00682830810547"><ele>21.200000762939453</ele><time>2026-08-23T00:59:39Z</time></trkpt><trkpt lat="37.56970977783203" lon="127.00680541992188"><ele>21.200000762939453</ele><time>2026-08-23T00:59:40Z</time></trkpt><trkpt lat="37.56970977783203" lon="127.00678253173828"><ele>21.200000762939453</ele><time>2026-08-23T00:59:41Z</time></trkpt><trkpt lat="37.56970977783203" lon="127.00676727294922"><ele>21.200000762939453</ele><time>2026-08-23T00:59:42Z</time></trkpt><trkpt lat="37.5697021484375" lon="127.00674438476562"><ele>21.200000762939453</ele><time>2026-08-23T00:59:43Z</time></trkpt><trkpt lat="37.569698333740234" lon="127.0067138671875"><ele>21.200000762939453</ele><time>2026-08-23T00:59:44Z</time></trkpt><trkpt lat="37.5696907043457" lon="127.00668334960938"><ele>21.200000762939453</ele><time>2026-08-23T00:59:45Z</time></trkpt><trkpt lat="37.56968307495117" lon="127.00665283203125"><ele>21.200000762939453</ele><time>2026-08-23T00:59:46Z</time></trkpt><trkpt lat="37.569671630859375" lon="127.00662994384766"><ele>21.200000762939453</ele><time>2026-08-23T00:59:47Z</time></trkpt><trkpt lat="37.56966781616211" lon="127.00659942626953"><ele>21.200000762939453</ele><time>2026-08-23T00:59:48Z</time></trkpt><trkpt lat="37.56966018676758" lon="127.00656127929688"><ele>21.200000762939453</ele><time>2026-08-23T00:59:49Z</time></trkpt><trkpt lat="37.569664001464844" lon="127.00653839111328"><ele>21.200000762939453</ele><time>2026-08-23T00:59:50Z</time></trkpt><trkpt lat="37.569664001464844" lon="127.00652313232422"><ele>21.200000762939453</ele><time>2026-08-23T00:59:51Z</time></trkpt><trkpt lat="37.56966781616211" lon="127.0064926147461"><ele>21.200000762939453</ele><time>2026-08-23T00:59:52Z</time></trkpt><trkpt lat="37.569671630859375" lon="127.00647735595703"><ele>21.200000762939453</ele><time>2026-08-23T00:59:53Z</time></trkpt><trkpt lat="37.569671630859375" lon="127.00646209716797"><ele>21.200000762939453</ele><time>2026-08-23T00:59:54Z</time></trkpt><trkpt lat="37.56967544555664" lon="127.00643920898438"><ele>21.200000762939453</ele><time>2026-08-23T00:59:55Z</time></trkpt><trkpt lat="37.569679260253906" lon="127.00642395019531"><ele>21.200000762939453</ele><time>2026-08-23T00:59:56Z</time></trkpt><trkpt lat="37.569679260253906" lon="127.00640106201172"><ele>21.200000762939453</ele><time>2026-08-23T00:59:57Z</time></trkpt><trkpt lat="37.569679260253906" lon="127.00638580322266"><ele>21.200000762939453</ele><time>2026-08-23T00:59:58Z</time></trkpt><trkpt lat="37.569679260253906" lon="127.00636291503906"><ele>21.200000762939453</ele><time>2026-08-23T00:59:59Z</time></trkpt><trkpt lat="37.56968307495117" lon="127.00634002685547"><ele>21.200000762939453</ele><time>2026-08-23T01:00:00Z</time></trkpt><trkpt lat="37.56968307495117" lon="127.00631713867188"><ele>21.200000762939453</ele><time>2026-08-23T01:00:01Z</time></trkpt><trkpt lat="37.56968307495117" lon="127.00630187988281"><ele>21.200000762939453</ele><time>2026-08-23T01:00:02Z</time></trkpt><trkpt lat="37.569679260253906" lon="127.00627899169922"><ele>21.200000762939453</ele><time>2026-08-23T01:00:03Z</time></trkpt><trkpt lat="37.569679260253906" lon="127.00625610351562"><ele>21.200000762939453</ele><time>2026-08-23T01:00:04Z</time></trkpt><trkpt lat="37.56968307495117" lon="127.0062255859375"><ele>21.200000762939453</ele><time>2026-08-23T01:00:05Z</time></trkpt><trkpt lat="37.56968307495117" lon="127.00621032714844"><ele>21.200000762939453</ele><time>2026-08-23T01:00:06Z</time></trkpt><trkpt lat="37.56968307495117" lon="127.00618743896484"><ele>21.200000762939453</ele><time>2026-08-23T01:00:07Z</time></trkpt><trkpt lat="37.56968307495117" lon="127.00615692138672"><ele>21.200000762939453</ele><time>2026-08-23T01:00:08Z</time></trkpt><trkpt lat="37.569671630859375" lon="127.00614166259766"><ele>21.200000762939453</ele><time>2026-08-23T01:00:09Z</time></trkpt><trkpt lat="37.569671630859375" lon="127.00611114501953"><ele>21.200000762939453</ele><time>2026-08-23T01:00:10Z</time></trkpt><trkpt lat="37.569671630859375" lon="127.00608825683594"><ele>21.200000762939453</ele><time>2026-08-23T01:00:11Z</time></trkpt><trkpt lat="37.569671630859375" lon="127.00605773925781"><ele>21.200000762939453</ele><time>2026-08-23T01:00:12Z</time></trkpt><trkpt lat="37.569679260253906" lon="127.00603485107422"><ele>21.200000762939453</ele><time>2026-08-23T01:00:13Z</time></trkpt><trkpt lat="37.569679260253906" lon="127.00601196289062"><ele>21.200000762939453</ele><time>2026-08-23T01:00:14Z</time></trkpt><trkpt lat="37.56968307495117" lon="127.0059814453125"><ele>21.200000762939453</ele><time>2026-08-23T01:00:15Z</time></trkpt><trkpt lat="37.56968307495117" lon="127.0059585571289"><ele>21.200000762939453</ele><time>2026-08-23T01:00:16Z</time></trkpt><trkpt lat="37.56968307495117" lon="127.00592803955078"><ele>21.200000762939453</ele><time>2026-08-23T01:00:17Z</time></trkpt><trkpt lat="37.5696907043457" lon="127.00589752197266"><ele>21.200000762939453</ele><time>2026-08-23T01:00:18Z</time></trkpt><trkpt lat="37.56968688964844" lon="127.0058822631836"><ele>21.200000762939453</ele><time>2026-08-23T01:00:19Z</time></trkpt><trkpt lat="37.5696907043457" lon="127.00585174560547"><ele>21.200000762939453</ele><time>2026-08-23T01:00:20Z</time></trkpt><trkpt lat="37.56969451904297" lon="127.0058364868164"><ele>21.200000762939453</ele><time>2026-08-23T01:00:21Z</time></trkpt><trkpt lat="37.56969451904297" lon="127.00580596923828"><ele>21.200000762939453</ele><time>2026-08-23T01:00:22Z</time></trkpt><trkpt lat="37.56969451904297" lon="127.00578308105469"><ele>21.200000762939453</ele><time>2026-08-23T01:00:23Z</time></trkpt><trkpt lat="37.56968688964844" lon="127.0057601928711"><ele>21.399999618530273</ele><time>2026-08-23T01:00:24Z</time></trkpt><trkpt lat="37.5696907043457" lon="127.0057373046875"><ele>21.399999618530273</ele><time>2026-08-23T01:00:25Z</time></trkpt><trkpt lat="37.56968688964844" lon="127.0057144165039"><ele>21.399999618530273</ele><time>2026-08-23T01:00:26Z</time></trkpt><trkpt lat="37.56968688964844" lon="127.00569152832031"><ele>21.399999618530273</ele><time>2026-08-23T01:00:27Z</time></trkpt><trkpt lat="37.56968688964844" lon="127.00566864013672"><ele>21.399999618530273</ele><time>2026-08-23T01:00:28Z</time></trkpt><trkpt lat="37.56968688964844" lon="127.00564575195312"><ele>21.399999618530273</ele><time>2026-08-23T01:00:29Z</time></trkpt><trkpt lat="37.5696907043457" lon="127.005615234375"><ele>21.399999618530273</ele><time>2026-08-23T01:00:30Z</time></trkpt><trkpt lat="37.56968688964844" lon="127.00559997558594"><ele>21.399999618530273</ele><time>2026-08-23T01:00:31Z</time></trkpt><trkpt lat="37.56968688964844" lon="127.00557708740234"><ele>21.399999618530273</ele><time>2026-08-23T01:00:32Z</time></trkpt><trkpt lat="37.5696907043457" lon="127.00554656982422"><ele>21.399999618530273</ele><time>2026-08-23T01:00:33Z</time></trkpt><trkpt lat="37.56968688964844" lon="127.00553131103516"><ele>21.399999618530273</ele><time>2026-08-23T01:00:34Z</time></trkpt><trkpt lat="37.5696907043457" lon="127.0054931640625"><ele>21.399999618530273</ele><time>2026-08-23T01:00:35Z</time></trkpt><trkpt lat="37.5696907043457" lon="127.00547790527344"><ele>21.399999618530273</ele><time>2026-08-23T01:00:36Z</time></trkpt><trkpt lat="37.5696907043457" lon="127.00544738769531"><ele>21.399999618530273</ele><time>2026-08-23T01:00:37Z</time></trkpt><trkpt lat="37.56969451904297" lon="127.00541687011719"><ele>21.399999618530273</ele><time>2026-08-23T01:00:38Z</time></trkpt><trkpt lat="37.56969451904297" lon="127.0053939819336"><ele>21.399999618530273</ele><time>2026-08-23T01:00:39Z</time></trkpt><trkpt lat="37.56969451904297" lon="127.00536346435547"><ele>21.600000381469727</ele><time>2026-08-23T01:00:40Z</time></trkpt><trkpt lat="37.5696907043457" lon="127.00534057617188"><ele>21.399999618530273</ele><time>2026-08-23T01:00:41Z</time></trkpt><trkpt lat="37.5696907043457" lon="127.00531768798828"><ele>21.399999618530273</ele><time>2026-08-23T01:00:42Z</time></trkpt><trkpt lat="37.5696907043457" lon="127.00529479980469"><ele>21.399999618530273</ele><time>2026-08-23T01:00:43Z</time></trkpt><trkpt lat="37.56968688964844" lon="127.00527954101562"><ele>21.399999618530273</ele><time>2026-08-23T01:00:44Z</time></trkpt><trkpt lat="37.56968688964844" lon="127.0052490234375"><ele>21.399999618530273</ele><time>2026-08-23T01:00:45Z</time></trkpt><trkpt lat="37.5696907043457" lon="127.0052261352539"><ele>21.399999618530273</ele><time>2026-08-23T01:00:46Z</time></trkpt><trkpt lat="37.56968688964844" lon="127.00520324707031"><ele>21.399999618530273</ele><time>2026-08-23T01:00:47Z</time></trkpt><trkpt lat="37.56968688964844" lon="127.00517272949219"><ele>21.399999618530273</ele><time>2026-08-23T01:00:48Z</time></trkpt><trkpt lat="37.569679260253906" lon="127.0051498413086"><ele>21.399999618530273</ele><time>2026-08-23T01:00:49Z</time></trkpt><trkpt lat="37.569679260253906" lon="127.00511169433594"><ele>21.399999618530273</ele><time>2026-08-23T01:00:50Z</time></trkpt><trkpt lat="37.569671630859375" lon="127.00508880615234"><ele>21.399999618530273</ele><time>2026-08-23T01:00:51Z</time></trkpt><trkpt lat="37.56966781616211" lon="127.00505828857422"><ele>21.399999618530273</ele><time>2026-08-23T01:00:52Z</time></trkpt><trkpt lat="37.569671630859375" lon="127.0050277709961"><ele>21.399999618530273</ele><time>2026-08-23T01:00:53Z</time></trkpt><trkpt lat="37.569671630859375" lon="127.0050048828125"><ele>21.399999618530273</ele><time>2026-08-23T01:00:54Z</time></trkpt><trkpt lat="37.569679260253906" lon="127.00497436523438"><ele>21.600000381469727</ele><time>2026-08-23T01:00:55Z</time></trkpt><trkpt lat="37.56968307495117" lon="127.00495147705078"><ele>21.600000381469727</ele><time>2026-08-23T01:00:56Z</time></trkpt><trkpt lat="37.5696907043457" lon="127.00492095947266"><ele>21.600000381469727</ele><time>2026-08-23T01:00:57Z</time></trkpt><trkpt lat="37.5696907043457" lon="127.00489044189453"><ele>21.600000381469727</ele><time>2026-08-23T01:00:58Z</time></trkpt><trkpt lat="37.56968688964844" lon="127.00486755371094"><ele>21.600000381469727</ele><time>2026-08-23T01:00:59Z</time></trkpt><trkpt lat="37.5696907043457" lon="127.00483703613281"><ele>21.600000381469727</ele><time>2026-08-23T01:01:00Z</time></trkpt><trkpt lat="37.5696907043457" lon="127.00482177734375"><ele>21.600000381469727</ele><time>2026-08-23T01:01:01Z</time></trkpt><trkpt lat="37.5696907043457" lon="127.00479125976562"><ele>21.600000381469727</ele><time>2026-08-23T01:01:02Z</time></trkpt><trkpt lat="37.5696907043457" lon="127.00477600097656"><ele>21.600000381469727</ele><time>2026-08-23T01:01:03Z</time></trkpt><trkpt lat="37.5696907043457" lon="127.00475311279297"><ele>21.600000381469727</ele><time>2026-08-23T01:01:04Z</time></trkpt><trkpt lat="37.5696907043457" lon="127.00472259521484"><ele>21.600000381469727</ele><time>2026-08-23T01:01:05Z</time></trkpt><trkpt lat="37.5696907043457" lon="127.00470733642578"><ele>21.600000381469727</ele><time>2026-08-23T01:01:06Z</time></trkpt><trkpt lat="37.5696907043457" lon="127.00467681884766"><ele>21.600000381469727</ele><time>2026-08-23T01:01:07Z</time></trkpt><trkpt lat="37.5696907043457" lon="127.00465393066406"><ele>21.600000381469727</ele><time>2026-08-23T01:01:08Z</time></trkpt><trkpt lat="37.5696907043457" lon="127.00463104248047"><ele>21.600000381469727</ele><time>2026-08-23T01:01:09Z</time></trkpt><trkpt lat="37.5696907043457" lon="127.00460052490234"><ele>21.600000381469727</ele><time>2026-08-23T01:01:10Z</time></trkpt><trkpt lat="37.56969451904297" lon="127.00457000732422"><ele>21.600000381469727</ele><time>2026-08-23T01:01:11Z</time></trkpt><trkpt lat="37.5696907043457" lon="127.0045394897461"><ele>21.600000381469727</ele><time>2026-08-23T01:01:12Z</time></trkpt><trkpt lat="37.56969451904297" lon="127.00450897216797"><ele>21.600000381469727</ele><time>2026-08-23T01:01:13Z</time></trkpt><trkpt lat="37.5696907043457" lon="127.00448608398438"><ele>21.600000381469727</ele><time>2026-08-23T01:01:14Z</time></trkpt><trkpt lat="37.5696907043457" lon="127.00445556640625"><ele>21.600000381469727</ele><time>2026-08-23T01:01:15Z</time></trkpt><trkpt lat="37.5696907043457" lon="127.00444030761719"><ele>21.600000381469727</ele><time>2026-08-23T01:01:16Z</time></trkpt><trkpt lat="37.56968688964844" lon="127.0044174194336"><ele>21.799999237060547</ele><time>2026-08-23T01:01:17Z</time></trkpt><trkpt lat="37.56968688964844" lon="127.00439453125"><ele>21.799999237060547</ele><time>2026-08-23T01:01:18Z</time></trkpt><trkpt lat="37.56968688964844" lon="127.0043716430664"><ele>21.600000381469727</ele><time>2026-08-23T01:01:19Z</time></trkpt><trkpt lat="37.5696907043457" lon="127.00434112548828"><ele>21.600000381469727</ele><time>2026-08-23T01:01:20Z</time></trkpt><trkpt lat="37.56969451904297" lon="127.00431823730469"><ele>21.600000381469727</ele><time>2026-08-23T01:01:21Z</time></trkpt><trkpt lat="37.5696907043457" lon="127.0042953491211"><ele>21.600000381469727</ele><time>2026-08-23T01:01:22Z</time></trkpt><trkpt lat="37.56969451904297" lon="127.00426483154297"><ele>21.600000381469727</ele><time>2026-08-23T01:01:23Z</time></trkpt><trkpt lat="37.5696907043457" lon="127.0042495727539"><ele>21.600000381469727</ele><time>2026-08-23T01:01:24Z</time></trkpt><trkpt lat="37.5696907043457" lon="127.00421905517578"><ele>21.600000381469727</ele><time>2026-08-23T01:01:25Z</time></trkpt><trkpt lat="37.5696907043457" lon="127.00419616699219"><ele>21.600000381469727</ele><time>2026-08-23T01:01:26Z</time></trkpt><trkpt lat="37.56968688964844" lon="127.0041732788086"><ele>21.600000381469727</ele><time>2026-08-23T01:01:27Z</time></trkpt><trkpt lat="37.56968307495117" lon="127.00414276123047"><ele>21.600000381469727</ele><time>2026-08-23T01:01:28Z</time></trkpt><trkpt lat="37.569679260253906" lon="127.00411987304688"><ele>21.600000381469727</ele><time>2026-08-23T01:01:29Z</time></trkpt><trkpt lat="37.569679260253906" lon="127.00408935546875"><ele>21.600000381469727</ele><time>2026-08-23T01:01:30Z</time></trkpt><trkpt lat="37.56967544555664" lon="127.00406646728516"><ele>21.600000381469727</ele><time>2026-08-23T01:01:31Z</time></trkpt><trkpt lat="37.569679260253906" lon="127.00403594970703"><ele>21.600000381469727</ele><time>2026-08-23T01:01:32Z</time></trkpt><trkpt lat="37.56968307495117" lon="127.0040054321289"><ele>21.600000381469727</ele><time>2026-08-23T01:01:33Z</time></trkpt><trkpt lat="37.56968307495117" lon="127.00398254394531"><ele>21.600000381469727</ele><time>2026-08-23T01:01:34Z</time></trkpt><trkpt lat="37.5696907043457" lon="127.00395202636719"><ele>21.600000381469727</ele><time>2026-08-23T01:01:35Z</time></trkpt><trkpt lat="37.5696907043457" lon="127.0039291381836"><ele>21.600000381469727</ele><time>2026-08-23T01:01:36Z</time></trkpt><trkpt lat="37.5696907043457" lon="127.00389862060547"><ele>21.799999237060547</ele><time>2026-08-23T01:01:37Z</time></trkpt><trkpt lat="37.5696907043457" lon="127.00387573242188"><ele>21.799999237060547</ele><time>2026-08-23T01:01:38Z</time></trkpt><trkpt lat="37.5696907043457" lon="127.00384521484375"><ele>21.799999237060547</ele><time>2026-08-23T01:01:39Z</time></trkpt><trkpt lat="37.5696907043457" lon="127.00381469726562"><ele>21.799999237060547</ele><time>2026-08-23T01:01:40Z</time></trkpt><trkpt lat="37.56968688964844" lon="127.00379180908203"><ele>21.799999237060547</ele><time>2026-08-23T01:01:41Z</time></trkpt><trkpt lat="37.5696907043457" lon="127.0037612915039"><ele>21.799999237060547</ele><time>2026-08-23T01:01:42Z</time></trkpt><trkpt lat="37.56968688964844" lon="127.00374603271484"><ele>21.799999237060547</ele><time>2026-08-23T01:01:43Z</time></trkpt><trkpt lat="37.56968688964844" lon="127.00372314453125"><ele>22.0</ele><time>2026-08-23T01:01:44Z</time></trkpt><trkpt lat="37.56968688964844" lon="127.00370025634766"><ele>22.0</ele><time>2026-08-23T01:01:45Z</time></trkpt><trkpt lat="37.56968688964844" lon="127.0036849975586"><ele>22.0</ele><time>2026-08-23T01:01:46Z</time></trkpt><trkpt lat="37.5696907043457" lon="127.00365447998047"><ele>22.0</ele><time>2026-08-23T01:01:47Z</time></trkpt><trkpt lat="37.56968688964844" lon="127.00362396240234"><ele>22.0</ele><time>2026-08-23T01:01:48Z</time></trkpt><trkpt lat="37.56968688964844" lon="127.00360107421875"><ele>22.0</ele><time>2026-08-23T01:01:49Z</time></trkpt><trkpt lat="37.56968688964844" lon="127.00357055664062"><ele>22.0</ele><time>2026-08-23T01:01:50Z</time></trkpt><trkpt lat="37.56968688964844" lon="127.00354766845703"><ele>22.0</ele><time>2026-08-23T01:01:51Z</time></trkpt><trkpt lat="37.5696907043457" lon="127.0035171508789"><ele>22.0</ele><time>2026-08-23T01:01:52Z</time></trkpt><trkpt lat="37.5696907043457" lon="127.00349426269531"><ele>22.0</ele><time>2026-08-23T01:01:53Z</time></trkpt><trkpt lat="37.5696907043457" lon="127.00346374511719"><ele>22.0</ele><time>2026-08-23T01:01:54Z</time></trkpt><trkpt lat="37.5696907043457" lon="127.0034408569336"><ele>22.0</ele><time>2026-08-23T01:01:55Z</time></trkpt><trkpt lat="37.56968688964844" lon="127.00341796875"><ele>22.0</ele><time>2026-08-23T01:01:56Z</time></trkpt><trkpt lat="37.5696907043457" lon="127.00338745117188"><ele>22.0</ele><time>2026-08-23T01:01:57Z</time></trkpt><trkpt lat="37.56968688964844" lon="127.00336456298828"><ele>22.0</ele><time>2026-08-23T01:01:58Z</time></trkpt><trkpt lat="37.56968688964844" lon="127.00333404541016"><ele>22.0</ele><time>2026-08-23T01:01:59Z</time></trkpt><trkpt lat="37.5696907043457" lon="127.00331115722656"><ele>22.0</ele><time>2026-08-23T01:02:00Z</time></trkpt><trkpt lat="37.56968688964844" lon="127.00328826904297"><ele>22.0</ele><time>2026-08-23T01:02:01Z</time></trkpt><trkpt lat="37.5696907043457" lon="127.00325775146484"><ele>22.0</ele><time>2026-08-23T01:02:02Z</time></trkpt><trkpt lat="37.56968688964844" lon="127.00323486328125"><ele>22.0</ele><time>2026-08-23T01:02:03Z</time></trkpt><trkpt lat="37.56968688964844" lon="127.00320434570312"><ele>22.0</ele><time>2026-08-23T01:02:04Z</time></trkpt><trkpt lat="37.56968688964844" lon="127.003173828125"><ele>22.0</ele><time>2026-08-23T01:02:05Z</time></trkpt><trkpt lat="37.56968307495117" lon="127.0031509399414"><ele>22.0</ele><time>2026-08-23T01:02:06Z</time></trkpt><trkpt lat="37.56968307495117" lon="127.00312042236328"><ele>22.0</ele><time>2026-08-23T01:02:07Z</time></trkpt><trkpt lat="37.569679260253906" lon="127.00310516357422"><ele>22.0</ele><time>2026-08-23T01:02:08Z</time></trkpt><trkpt lat="37.569679260253906" lon="127.00306701660156"><ele>22.0</ele><time>2026-08-23T01:02:09Z</time></trkpt><trkpt lat="37.56967544555664" lon="127.00304412841797"><ele>22.0</ele><time>2026-08-23T01:02:10Z</time></trkpt><trkpt lat="37.569671630859375" lon="127.00302124023438"><ele>22.0</ele><time>2026-08-23T01:02:11Z</time></trkpt><trkpt lat="37.56967544555664" lon="127.00299835205078"><ele>22.0</ele><time>2026-08-23T01:02:12Z</time></trkpt><trkpt lat="37.569671630859375" lon="127.00297546386719"><ele>22.0</ele><time>2026-08-23T01:02:13Z</time></trkpt><trkpt lat="37.56967544555664" lon="127.0029525756836"><ele>22.0</ele><time>2026-08-23T01:02:14Z</time></trkpt><trkpt lat="37.569671630859375" lon="127.0029296875"><ele>22.0</ele><time>2026-08-23T01:02:15Z</time></trkpt><trkpt lat="37.569671630859375" lon="127.00289916992188"><ele>22.0</ele><time>2026-08-23T01:02:16Z</time></trkpt><trkpt lat="37.569671630859375" lon="127.00287628173828"><ele>22.0</ele><time>2026-08-23T01:02:17Z</time></trkpt><trkpt lat="37.56966781616211" lon="127.00285339355469"><ele>22.0</ele><time>2026-08-23T01:02:18Z</time></trkpt><trkpt lat="37.569671630859375" lon="127.00282287597656"><ele>22.0</ele><time>2026-08-23T01:02:19Z</time></trkpt><trkpt lat="37.56966781616211" lon="127.00279998779297"><ele>22.0</ele><time>2026-08-23T01:02:20Z</time></trkpt><trkpt lat="37.56966781616211" lon="127.00276184082031"><ele>22.0</ele><time>2026-08-23T01:02:21Z</time></trkpt><trkpt lat="37.569671630859375" lon="127.00274658203125"><ele>22.0</ele><time>2026-08-23T01:02:22Z</time></trkpt><trkpt lat="37.56967544555664" lon="127.00272369384766"><ele>22.0</ele><time>2026-08-23T01:02:23Z</time></trkpt><trkpt lat="37.56968307495117" lon="127.00270080566406"><ele>22.0</ele><time>2026-08-23T01:02:24Z</time></trkpt><trkpt lat="37.569679260253906" lon="127.00267791748047"><ele>22.0</ele><time>2026-08-23T01:02:25Z</time></trkpt><trkpt lat="37.56968307495117" lon="127.00264739990234"><ele>22.0</ele><time>2026-08-23T01:02:26Z</time></trkpt><trkpt lat="37.569679260253906" lon="127.00262451171875"><ele>22.0</ele><time>2026-08-23T01:02:27Z</time></trkpt><trkpt lat="37.56967544555664" lon="127.00260162353516"><ele>22.0</ele><time>2026-08-23T01:02:28Z</time></trkpt><trkpt lat="37.56967544555664" lon="127.0025863647461"><ele>22.0</ele><time>2026-08-23T01:02:29Z</time></trkpt><trkpt lat="37.56966781616211" lon="127.00257110595703"><ele>22.0</ele><time>2026-08-23T01:02:30Z</time></trkpt><trkpt lat="37.56966781616211" lon="127.00255584716797"><ele>22.0</ele><time>2026-08-23T01:02:31Z</time></trkpt><trkpt lat="37.56966781616211" lon="127.00252532958984"><ele>22.0</ele><time>2026-08-23T01:02:32Z</time></trkpt><trkpt lat="37.56966781616211" lon="127.00250244140625"><ele>22.0</ele><time>2026-08-23T01:02:33Z</time></trkpt><trkpt lat="37.569664001464844" lon="127.00247192382812"><ele>22.0</ele><time>2026-08-23T01:02:34Z</time></trkpt><trkpt lat="37.56966781616211" lon="127.00244140625"><ele>22.0</ele><time>2026-08-23T01:02:35Z</time></trkpt><trkpt lat="37.56966781616211" lon="127.0024185180664"><ele>22.0</ele><time>2026-08-23T01:02:36Z</time></trkpt><trkpt lat="37.56967544555664" lon="127.00238037109375"><ele>22.0</ele><time>2026-08-23T01:02:37Z</time></trkpt><trkpt lat="37.56967544555664" lon="127.00235748291016"><ele>22.200000762939453</ele><time>2026-08-23T01:02:38Z</time></trkpt><trkpt lat="37.56967544555664" lon="127.00232696533203"><ele>22.200000762939453</ele><time>2026-08-23T01:02:39Z</time></trkpt><trkpt lat="37.56966018676758" lon="127.00231170654297"><ele>22.200000762939453</ele><time>2026-08-23T01:02:40Z</time></trkpt><trkpt lat="37.56965255737305" lon="127.00228881835938"><ele>22.200000762939453</ele><time>2026-08-23T01:02:41Z</time></trkpt><trkpt lat="37.56964874267578" lon="127.00225830078125"><ele>22.200000762939453</ele><time>2026-08-23T01:02:42Z</time></trkpt><trkpt lat="37.56964111328125" lon="127.00223541259766"><ele>22.200000762939453</ele><time>2026-08-23T01:02:43Z</time></trkpt><trkpt lat="37.56964111328125" lon="127.00221252441406"><ele>22.200000762939453</ele><time>2026-08-23T01:02:44Z</time></trkpt><trkpt lat="37.569644927978516" lon="127.00218963623047"><ele>22.200000762939453</ele><time>2026-08-23T01:02:45Z</time></trkpt><trkpt lat="37.569644927978516" lon="127.0021743774414"><ele>22.200000762939453</ele><time>2026-08-23T01:02:46Z</time></trkpt><trkpt lat="37.569644927978516" lon="127.00215148925781"><ele>22.200000762939453</ele><time>2026-08-23T01:02:47Z</time></trkpt><trkpt lat="37.569644927978516" lon="127.00212860107422"><ele>22.200000762939453</ele><time>2026-08-23T01:02:48Z</time></trkpt><trkpt lat="37.56964111328125" lon="127.00211334228516"><ele>22.200000762939453</ele><time>2026-08-23T01:02:49Z</time></trkpt><trkpt lat="37.569637298583984" lon="127.0020980834961"><ele>22.200000762939453</ele><time>2026-08-23T01:02:50Z</time></trkpt><trkpt lat="37.56963348388672" lon="127.00208282470703"><ele>22.200000762939453</ele><time>2026-08-23T01:02:51Z</time></trkpt><trkpt lat="37.56962585449219" lon="127.00205993652344"><ele>22.200000762939453</ele><time>2026-08-23T01:02:52Z</time></trkpt><trkpt lat="37.56961441040039" lon="127.00202941894531"><ele>22.399999618530273</ele><time>2026-08-23T01:02:53Z</time></trkpt><trkpt lat="37.569602966308594" lon="127.00198364257812"><ele>22.399999618530273</ele><time>2026-08-23T01:02:54Z</time></trkpt><trkpt lat="37.56959915161133" lon="127.00196075439453"><ele>22.200000762939453</ele><time>2026-08-23T01:02:55Z</time></trkpt><trkpt lat="37.56959533691406" lon="127.0019302368164"><ele>22.200000762939453</ele><time>2026-08-23T01:02:56Z</time></trkpt><trkpt lat="37.56958770751953" lon="127.00190734863281"><ele>22.200000762939453</ele><time>2026-08-23T01:02:57Z</time></trkpt><trkpt lat="37.5695915222168" lon="127.00187683105469"><ele>22.200000762939453</ele><time>2026-08-23T01:02:58Z</time></trkpt><trkpt lat="37.569618225097656" lon="127.00183868408203"><ele>22.399999618530273</ele><time>2026-08-23T01:02:59Z</time></trkpt><trkpt lat="37.56962585449219" lon="127.00181579589844"><ele>22.399999618530273</ele><time>2026-08-23T01:03:00Z</time></trkpt><trkpt lat="37.56962966918945" lon="127.00179290771484"><ele>22.399999618530273</ele><time>2026-08-23T01:03:01Z</time></trkpt><trkpt lat="37.56963348388672" lon="127.00177001953125"><ele>22.399999618530273</ele><time>2026-08-23T01:03:02Z</time></trkpt><trkpt lat="37.56963348388672" lon="127.00174713134766"><ele>22.200000762939453</ele><time>2026-08-23T01:03:03Z</time></trkpt><trkpt lat="37.56962966918945" lon="127.00172424316406"><ele>22.200000762939453</ele><time>2026-08-23T01:03:04Z</time></trkpt><trkpt lat="37.56962585449219" lon="127.0016860961914"><ele>22.200000762939453</ele><time>2026-08-23T01:03:05Z</time></trkpt><trkpt lat="37.56962203979492" lon="127.00167083740234"><ele>22.200000762939453</ele><time>2026-08-23T01:03:06Z</time></trkpt><trkpt lat="37.569618225097656" lon="127.00163269042969"><ele>22.200000762939453</ele><time>2026-08-23T01:03:07Z</time></trkpt><trkpt lat="37.569618225097656" lon="127.0016098022461"><ele>22.0</ele><time>2026-08-23T01:03:08Z</time></trkpt><trkpt lat="37.569610595703125" lon="127.0015869140625"><ele>22.0</ele><time>2026-08-23T01:03:09Z</time></trkpt><trkpt lat="37.569602966308594" lon="127.00155639648438"><ele>22.0</ele><time>2026-08-23T01:03:10Z</time></trkpt><trkpt lat="37.56959915161133" lon="127.00153350830078"><ele>22.200000762939453</ele><time>2026-08-23T01:03:11Z</time></trkpt><trkpt lat="37.5695915222168" lon="127.00151062011719"><ele>22.200000762939453</ele><time>2026-08-23T01:03:12Z</time></trkpt><trkpt lat="37.56958770751953" lon="127.0014877319336"><ele>22.200000762939453</ele><time>2026-08-23T01:03:13Z</time></trkpt><trkpt lat="37.569583892822266" lon="127.00145721435547"><ele>22.200000762939453</ele><time>2026-08-23T01:03:14Z</time></trkpt><trkpt lat="37.569576263427734" lon="127.00143432617188"><ele>22.200000762939453</ele><time>2026-08-23T01:03:15Z</time></trkpt><trkpt lat="37.56957244873047" lon="127.00141143798828"><ele>22.200000762939453</ele><time>2026-08-23T01:03:16Z</time></trkpt><trkpt lat="37.56956481933594" lon="127.00138092041016"><ele>22.200000762939453</ele><time>2026-08-23T01:03:17Z</time></trkpt><trkpt lat="37.56956100463867" lon="127.00135803222656"><ele>22.200000762939453</ele><time>2026-08-23T01:03:18Z</time></trkpt><trkpt lat="37.56956100463867" lon="127.00133514404297"><ele>22.200000762939453</ele><time>2026-08-23T01:03:19Z</time></trkpt><trkpt lat="37.569557189941406" lon="127.00131225585938"><ele>22.200000762939453</ele><time>2026-08-23T01:03:20Z</time></trkpt><trkpt lat="37.56955337524414" lon="127.00128936767578"><ele>22.200000762939453</ele><time>2026-08-23T01:03:21Z</time></trkpt><trkpt lat="37.569549560546875" lon="127.00125885009766"><ele>22.200000762939453</ele><time>2026-08-23T01:03:22Z</time></trkpt><trkpt lat="37.569549560546875" lon="127.00123596191406"><ele>22.200000762939453</ele><time>2026-08-23T01:03:23Z</time></trkpt><trkpt lat="37.56954574584961" lon="127.00120544433594"><ele>22.200000762939453</ele><time>2026-08-23T01:03:24Z</time></trkpt><trkpt lat="37.569549560546875" lon="127.00118255615234"><ele>22.200000762939453</ele><time>2026-08-23T01:03:25Z</time></trkpt><trkpt lat="37.569541931152344" lon="127.00115203857422"><ele>22.399999618530273</ele><time>2026-08-23T01:03:26Z</time></trkpt><trkpt lat="37.569541931152344" lon="127.00112915039062"><ele>22.399999618530273</ele><time>2026-08-23T01:03:27Z</time></trkpt><trkpt lat="37.56953048706055" lon="127.00110626220703"><ele>22.399999618530273</ele><time>2026-08-23T01:03:28Z</time></trkpt><trkpt lat="37.56952667236328" lon="127.0010757446289"><ele>22.399999618530273</ele><time>2026-08-23T01:03:29Z</time></trkpt><trkpt lat="37.569522857666016" lon="127.00106048583984"><ele>22.399999618530273</ele><time>2026-08-23T01:03:30Z</time></trkpt><trkpt lat="37.569515228271484" lon="127.00102996826172"><ele>22.200000762939453</ele><time>2026-08-23T01:03:31Z</time></trkpt><trkpt lat="37.56951141357422" lon="127.0009994506836"><ele>22.200000762939453</ele><time>2026-08-23T01:03:32Z</time></trkpt><trkpt lat="37.56950378417969" lon="127.0009765625"><ele>22.200000762939453</ele><time>2026-08-23T01:03:33Z</time></trkpt><trkpt lat="37.56949996948242" lon="127.00094604492188"><ele>22.200000762939453</ele><time>2026-08-23T01:03:34Z</time></trkpt><trkpt lat="37.56949234008789" lon="127.00092315673828"><ele>22.200000762939453</ele><time>2026-08-23T01:03:35Z</time></trkpt><trkpt lat="37.569488525390625" lon="127.00089263916016"><ele>22.200000762939453</ele><time>2026-08-23T01:03:36Z</time></trkpt><trkpt lat="37.56948471069336" lon="127.00086975097656"><ele>22.200000762939453</ele><time>2026-08-23T01:03:37Z</time></trkpt><trkpt lat="37.569480895996094" lon="127.00084686279297"><ele>22.200000762939453</ele><time>2026-08-23T01:03:38Z</time></trkpt><trkpt lat="37.569480895996094" lon="127.00082397460938"><ele>22.200000762939453</ele><time>2026-08-23T01:03:39Z</time></trkpt><trkpt lat="37.56947326660156" lon="127.00080108642578"><ele>22.200000762939453</ele><time>2026-08-23T01:03:40Z</time></trkpt><trkpt lat="37.5694694519043" lon="127.00077056884766"><ele>22.200000762939453</ele><time>2026-08-23T01:03:41Z</time></trkpt><trkpt lat="37.569461822509766" lon="127.00074768066406"><ele>22.200000762939453</ele><time>2026-08-23T01:03:42Z</time></trkpt><trkpt lat="37.569454193115234" lon="127.00071716308594"><ele>22.200000762939453</ele><time>2026-08-23T01:03:43Z</time></trkpt><trkpt lat="37.569454193115234" lon="127.00069427490234"><ele>22.200000762939453</ele><time>2026-08-23T01:03:44Z</time></trkpt><trkpt lat="37.56944274902344" lon="127.00067138671875"><ele>22.200000762939453</ele><time>2026-08-23T01:03:45Z</time></trkpt><trkpt lat="37.56943893432617" lon="127.00064086914062"><ele>22.200000762939453</ele><time>2026-08-23T01:03:46Z</time></trkpt><trkpt lat="37.569435119628906" lon="127.00061798095703"><ele>22.200000762939453</ele><time>2026-08-23T01:03:47Z</time></trkpt><trkpt lat="37.56943130493164" lon="127.0005874633789"><ele>22.200000762939453</ele><time>2026-08-23T01:03:48Z</time></trkpt><trkpt lat="37.569427490234375" lon="127.00056457519531"><ele>22.200000762939453</ele><time>2026-08-23T01:03:49Z</time></trkpt><trkpt lat="37.569419860839844" lon="127.00054168701172"><ele>22.200000762939453</ele><time>2026-08-23T01:03:50Z</time></trkpt><trkpt lat="37.56941604614258" lon="127.0005111694336"><ele>22.200000762939453</ele><time>2026-08-23T01:03:51Z</time></trkpt><trkpt lat="37.56940460205078" lon="127.00048828125"><ele>22.200000762939453</ele><time>2026-08-23T01:03:52Z</time></trkpt><trkpt lat="37.56938934326172" lon="127.0004653930664"><ele>22.200000762939453</ele><time>2026-08-23T01:03:53Z</time></trkpt><trkpt lat="37.56939697265625" lon="127.00042724609375"><ele>22.200000762939453</ele><time>2026-08-23T01:03:54Z</time></trkpt><trkpt lat="37.569393157958984" lon="127.00039672851562"><ele>22.200000762939453</ele><time>2026-08-23T01:03:55Z</time></trkpt><trkpt lat="37.56938552856445" lon="127.0003662109375"><ele>22.0</ele><time>2026-08-23T01:03:56Z</time></trkpt><trkpt lat="37.56937789916992" lon="127.0003433227539"><ele>22.200000762939453</ele><time>2026-08-23T01:03:57Z</time></trkpt><trkpt lat="37.56937026977539" lon="127.00031280517578"><ele>22.200000762939453</ele><time>2026-08-23T01:03:58Z</time></trkpt><trkpt lat="37.56937026977539" lon="127.00028228759766"><ele>22.0</ele><time>2026-08-23T01:03:59Z</time></trkpt><trkpt lat="37.569366455078125" lon="127.00025177001953"><ele>22.0</ele><time>2026-08-23T01:04:00Z</time></trkpt><trkpt lat="37.569358825683594" lon="127.00022888183594"><ele>22.200000762939453</ele><time>2026-08-23T01:04:01Z</time></trkpt><trkpt lat="37.56935501098633" lon="127.00020599365234"><ele>22.200000762939453</ele><time>2026-08-23T01:04:02Z</time></trkpt><trkpt lat="37.56935119628906" lon="127.00017547607422"><ele>22.200000762939453</ele><time>2026-08-23T01:04:03Z</time></trkpt><trkpt lat="37.56934356689453" lon="127.00016021728516"><ele>22.200000762939453</ele><time>2026-08-23T01:04:04Z</time></trkpt><trkpt lat="37.5693359375" lon="127.00012969970703"><ele>22.200000762939453</ele><time>2026-08-23T01:04:05Z</time></trkpt><trkpt lat="37.56932830810547" lon="127.0000991821289"><ele>22.200000762939453</ele><time>2026-08-23T01:04:06Z</time></trkpt><trkpt lat="37.56932067871094" lon="127.00006866455078"><ele>22.200000762939453</ele><time>2026-08-23T01:04:07Z</time></trkpt><trkpt lat="37.569313049316406" lon="127.00003814697266"><ele>22.200000762939453</ele><time>2026-08-23T01:04:08Z</time></trkpt><trkpt lat="37.56930923461914" lon="127.00001525878906"><ele>22.200000762939453</ele><time>2026-08-23T01:04:09Z</time></trkpt><trkpt lat="37.56930160522461" lon="126.99999237060547"><ele>22.200000762939453</ele><time>2026-08-23T01:04:10Z</time></trkpt><trkpt lat="37.569297790527344" lon="126.99996948242188"><ele>22.200000762939453</ele><time>2026-08-23T01:04:11Z</time></trkpt><trkpt lat="37.56929397583008" lon="126.99994659423828"><ele>22.0</ele><time>2026-08-23T01:04:12Z</time></trkpt><trkpt lat="37.56929016113281" lon="126.99991607666016"><ele>22.200000762939453</ele><time>2026-08-23T01:04:13Z</time></trkpt><trkpt lat="37.56928253173828" lon="126.99989318847656"><ele>22.200000762939453</ele><time>2026-08-23T01:04:14Z</time></trkpt><trkpt lat="37.569278717041016" lon="126.99986267089844"><ele>22.200000762939453</ele><time>2026-08-23T01:04:15Z</time></trkpt><trkpt lat="37.56927490234375" lon="126.99983978271484"><ele>22.200000762939453</ele><time>2026-08-23T01:04:16Z</time></trkpt><trkpt lat="37.56927490234375" lon="126.99981689453125"><ele>22.200000762939453</ele><time>2026-08-23T01:04:17Z</time></trkpt><trkpt lat="37.56926727294922" lon="126.99978637695312"><ele>22.200000762939453</ele><time>2026-08-23T01:04:18Z</time></trkpt><trkpt lat="37.56926345825195" lon="126.99977111816406"><ele>22.200000762939453</ele><time>2026-08-23T01:04:19Z</time></trkpt><trkpt lat="37.56925964355469" lon="126.99974060058594"><ele>22.200000762939453</ele><time>2026-08-23T01:04:20Z</time></trkpt><trkpt lat="37.56925582885742" lon="126.99971771240234"><ele>22.200000762939453</ele><time>2026-08-23T01:04:21Z</time></trkpt><trkpt lat="37.56924819946289" lon="126.99969482421875"><ele>22.200000762939453</ele><time>2026-08-23T01:04:22Z</time></trkpt><trkpt lat="37.569244384765625" lon="126.9996566772461"><ele>22.200000762939453</ele><time>2026-08-23T01:04:23Z</time></trkpt><trkpt lat="37.569236755371094" lon="126.99964141845703"><ele>22.200000762939453</ele><time>2026-08-23T01:04:24Z</time></trkpt><trkpt lat="37.56923294067383" lon="126.99960327148438"><ele>22.200000762939453</ele><time>2026-08-23T01:04:25Z</time></trkpt><trkpt lat="37.5692253112793" lon="126.99958038330078"><ele>22.200000762939453</ele><time>2026-08-23T01:04:26Z</time></trkpt><trkpt lat="37.569217681884766" lon="126.99955749511719"><ele>22.200000762939453</ele><time>2026-08-23T01:04:27Z</time></trkpt><trkpt lat="37.569217681884766" lon="126.99952697753906"><ele>22.200000762939453</ele><time>2026-08-23T01:04:28Z</time></trkpt><trkpt lat="37.5692138671875" lon="126.99950408935547"><ele>22.200000762939453</ele><time>2026-08-23T01:04:29Z</time></trkpt><trkpt lat="37.569210052490234" lon="126.99948120117188"><ele>22.399999618530273</ele><time>2026-08-23T01:04:30Z</time></trkpt><trkpt lat="37.569210052490234" lon="126.99945068359375"><ele>22.399999618530273</ele><time>2026-08-23T01:04:31Z</time></trkpt><trkpt lat="37.56920623779297" lon="126.99942779541016"><ele>22.399999618530273</ele><time>2026-08-23T01:04:32Z</time></trkpt><trkpt lat="37.5692024230957" lon="126.99939727783203"><ele>22.399999618530273</ele><time>2026-08-23T01:04:33Z</time></trkpt><trkpt lat="37.56919860839844" lon="126.99938201904297"><ele>22.399999618530273</ele><time>2026-08-23T01:04:34Z</time></trkpt><trkpt lat="37.56919479370117" lon="126.99934387207031"><ele>22.399999618530273</ele><time>2026-08-23T01:04:35Z</time></trkpt><trkpt lat="37.569190979003906" lon="126.99932098388672"><ele>22.399999618530273</ele><time>2026-08-23T01:04:36Z</time></trkpt><trkpt lat="37.569183349609375" lon="126.9992904663086"><ele>22.399999618530273</ele><time>2026-08-23T01:04:37Z</time></trkpt><trkpt lat="37.56917953491211" lon="126.999267578125"><ele>22.399999618530273</ele><time>2026-08-23T01:04:38Z</time></trkpt><trkpt lat="37.56917190551758" lon="126.99925231933594"><ele>22.399999618530273</ele><time>2026-08-23T01:04:39Z</time></trkpt><trkpt lat="37.56916809082031" lon="126.99921417236328"><ele>22.399999618530273</ele><time>2026-08-23T01:04:40Z</time></trkpt><trkpt lat="37.56916046142578" lon="126.99919891357422"><ele>22.399999618530273</ele><time>2026-08-23T01:04:41Z</time></trkpt><trkpt lat="37.56915283203125" lon="126.9991683959961"><ele>22.399999618530273</ele><time>2026-08-23T01:04:42Z</time></trkpt><trkpt lat="37.569149017333984" lon="126.9991455078125"><ele>22.399999618530273</ele><time>2026-08-23T01:04:43Z</time></trkpt><trkpt lat="37.56914138793945" lon="126.9991226196289"><ele>22.399999618530273</ele><time>2026-08-23T01:04:44Z</time></trkpt><trkpt lat="37.56914138793945" lon="126.99908447265625"><ele>22.399999618530273</ele><time>2026-08-23T01:04:45Z</time></trkpt><trkpt lat="37.56913757324219" lon="126.99906158447266"><ele>22.399999618530273</ele><time>2026-08-23T01:04:46Z</time></trkpt><trkpt lat="37.569129943847656" lon="126.99903869628906"><ele>22.399999618530273</ele><time>2026-08-23T01:04:47Z</time></trkpt><trkpt lat="37.56912612915039" lon="126.99900817871094"><ele>22.399999618530273</ele><time>2026-08-23T01:04:48Z</time></trkpt><trkpt lat="37.56911849975586" lon="126.99898529052734"><ele>22.399999618530273</ele><time>2026-08-23T01:04:49Z</time></trkpt><trkpt lat="37.569114685058594" lon="126.99895477294922"><ele>22.399999618530273</ele><time>2026-08-23T01:04:50Z</time></trkpt><trkpt lat="37.56911087036133" lon="126.99893188476562"><ele>22.399999618530273</ele><time>2026-08-23T01:04:51Z</time></trkpt><trkpt lat="37.56910705566406" lon="126.99890899658203"><ele>22.399999618530273</ele><time>2026-08-23T01:04:52Z</time></trkpt><trkpt lat="37.5691032409668" lon="126.9988784790039"><ele>22.399999618530273</ele><time>2026-08-23T01:04:53Z</time></trkpt><trkpt lat="37.569095611572266" lon="126.99886322021484"><ele>22.399999618530273</ele><time>2026-08-23T01:04:54Z</time></trkpt><trkpt lat="37.569095611572266" lon="126.99883270263672"><ele>22.399999618530273</ele><time>2026-08-23T01:04:55Z</time></trkpt><trkpt lat="37.569087982177734" lon="126.99880981445312"><ele>22.600000381469727</ele><time>2026-08-23T01:04:56Z</time></trkpt><trkpt lat="37.56908416748047" lon="126.99878692626953"><ele>22.600000381469727</ele><time>2026-08-23T01:04:57Z</time></trkpt><trkpt lat="37.5690803527832" lon="126.9987564086914"><ele>22.399999618530273</ele><time>2026-08-23T01:04:58Z</time></trkpt><trkpt lat="37.56907272338867" lon="126.99873352050781"><ele>22.399999618530273</ele><time>2026-08-23T01:04:59Z</time></trkpt><trkpt lat="37.569068908691406" lon="126.99870300292969"><ele>22.399999618530273</ele><time>2026-08-23T01:05:00Z</time></trkpt><trkpt lat="37.56905746459961" lon="126.9986801147461"><ele>22.399999618530273</ele><time>2026-08-23T01:05:01Z</time></trkpt><trkpt lat="37.56904983520508" lon="126.9986572265625"><ele>22.399999618530273</ele><time>2026-08-23T01:05:02Z</time></trkpt><trkpt lat="37.56904602050781" lon="126.99862670898438"><ele>22.399999618530273</ele><time>2026-08-23T01:05:03Z</time></trkpt><trkpt lat="37.56904220581055" lon="126.99860382080078"><ele>22.600000381469727</ele><time>2026-08-23T01:05:04Z</time></trkpt><trkpt lat="37.56903839111328" lon="126.99856567382812"><ele>22.600000381469727</ele><time>2026-08-23T01:05:05Z</time></trkpt><trkpt lat="37.569034576416016" lon="126.99855041503906"><ele>22.600000381469727</ele><time>2026-08-23T01:05:06Z</time></trkpt><trkpt lat="37.569026947021484" lon="126.99851989746094"><ele>22.600000381469727</ele><time>2026-08-23T01:05:07Z</time></trkpt><trkpt lat="37.56902313232422" lon="126.99848937988281"><ele>22.600000381469727</ele><time>2026-08-23T01:05:08Z</time></trkpt><trkpt lat="37.56901931762695" lon="126.99847412109375"><ele>22.600000381469727</ele><time>2026-08-23T01:05:09Z</time></trkpt><trkpt lat="37.56901168823242" lon="126.9984359741211"><ele>22.600000381469727</ele><time>2026-08-23T01:05:10Z</time></trkpt><trkpt lat="37.56901550292969" lon="126.9984130859375"><ele>22.600000381469727</ele><time>2026-08-23T01:05:11Z</time></trkpt><trkpt lat="37.569007873535156" lon="126.9983901977539"><ele>22.600000381469727</ele><time>2026-08-23T01:05:12Z</time></trkpt><trkpt lat="37.569007873535156" lon="126.99835968017578"><ele>22.600000381469727</ele><time>2026-08-23T01:05:13Z</time></trkpt><trkpt lat="37.569000244140625" lon="126.99833679199219"><ele>22.600000381469727</ele><time>2026-08-23T01:05:14Z</time></trkpt><trkpt lat="37.568992614746094" lon="126.99830627441406"><ele>22.600000381469727</ele><time>2026-08-23T01:05:15Z</time></trkpt><trkpt lat="37.56898880004883" lon="126.998291015625"><ele>22.600000381469727</ele><time>2026-08-23T01:05:16Z</time></trkpt><trkpt lat="37.56898880004883" lon="126.9982681274414"><ele>22.600000381469727</ele><time>2026-08-23T01:05:17Z</time></trkpt><trkpt lat="37.5689811706543" lon="126.99824523925781"><ele>22.600000381469727</ele><time>2026-08-23T01:05:18Z</time></trkpt><trkpt lat="37.5689697265625" lon="126.99822235107422"><ele>22.600000381469727</ele><time>2026-08-23T01:05:19Z</time></trkpt><trkpt lat="37.5689582824707" lon="126.9981918334961"><ele>22.600000381469727</ele><time>2026-08-23T01:05:20Z</time></trkpt><trkpt lat="37.56894302368164" lon="126.9981689453125"><ele>22.799999237060547</ele><time>2026-08-23T01:05:21Z</time></trkpt><trkpt lat="37.568931579589844" lon="126.99813842773438"><ele>22.799999237060547</ele><time>2026-08-23T01:05:22Z</time></trkpt><trkpt lat="37.56892395019531" lon="126.99810791015625"><ele>22.799999237060547</ele><time>2026-08-23T01:05:23Z</time></trkpt><trkpt lat="37.56892395019531" lon="126.99808502197266"><ele>22.799999237060547</ele><time>2026-08-23T01:05:24Z</time></trkpt><trkpt lat="37.56892395019531" lon="126.99806213378906"><ele>22.799999237060547</ele><time>2026-08-23T01:05:25Z</time></trkpt><trkpt lat="37.56892013549805" lon="126.99803924560547"><ele>22.799999237060547</ele><time>2026-08-23T01:05:26Z</time></trkpt><trkpt lat="37.56892395019531" lon="126.9980239868164"><ele>22.799999237060547</ele><time>2026-08-23T01:05:27Z</time></trkpt><trkpt lat="37.56892395019531" lon="126.99800109863281"><ele>22.799999237060547</ele><time>2026-08-23T01:05:28Z</time></trkpt><trkpt lat="37.56892013549805" lon="126.99797058105469"><ele>22.799999237060547</ele><time>2026-08-23T01:05:29Z</time></trkpt><trkpt lat="37.56891632080078" lon="126.99794006347656"><ele>22.799999237060547</ele><time>2026-08-23T01:05:30Z</time></trkpt><trkpt lat="37.568912506103516" lon="126.99791717529297"><ele>22.799999237060547</ele><time>2026-08-23T01:05:31Z</time></trkpt><trkpt lat="37.56890869140625" lon="126.99789428710938"><ele>22.799999237060547</ele><time>2026-08-23T01:05:32Z</time></trkpt><trkpt lat="37.56889343261719" lon="126.99787139892578"><ele>22.799999237060547</ele><time>2026-08-23T01:05:33Z</time></trkpt><trkpt lat="37.56888198852539" lon="126.99784851074219"><ele>22.799999237060547</ele><time>2026-08-23T01:05:34Z</time></trkpt><trkpt lat="37.568878173828125" lon="126.99781799316406"><ele>23.0</ele><time>2026-08-23T01:05:35Z</time></trkpt><trkpt lat="37.568878173828125" lon="126.99778747558594"><ele>23.0</ele><time>2026-08-23T01:05:36Z</time></trkpt><trkpt lat="37.568878173828125" lon="126.99775695800781"><ele>23.0</ele><time>2026-08-23T01:05:37Z</time></trkpt><trkpt lat="37.56887435913086" lon="126.99773406982422"><ele>23.0</ele><time>2026-08-23T01:05:38Z</time></trkpt><trkpt lat="37.568870544433594" lon="126.99771118164062"><ele>22.799999237060547</ele><time>2026-08-23T01:05:39Z</time></trkpt><trkpt lat="37.568870544433594" lon="126.9976806640625"><ele>23.0</ele><time>2026-08-23T01:05:40Z</time></trkpt><trkpt lat="37.568870544433594" lon="126.9976577758789"><ele>23.0</ele><time>2026-08-23T01:05:41Z</time></trkpt><trkpt lat="37.56886672973633" lon="126.99762725830078"><ele>23.0</ele><time>2026-08-23T01:05:42Z</time></trkpt><trkpt lat="37.56886291503906" lon="126.99759674072266"><ele>23.0</ele><time>2026-08-23T01:05:43Z</time></trkpt><trkpt lat="37.5688591003418" lon="126.9975814819336"><ele>23.0</ele><time>2026-08-23T01:05:44Z</time></trkpt><trkpt lat="37.5688591003418" lon="126.99754333496094"><ele>23.0</ele><time>2026-08-23T01:05:45Z</time></trkpt><trkpt lat="37.5688591003418" lon="126.99752044677734"><ele>23.0</ele><time>2026-08-23T01:05:46Z</time></trkpt><trkpt lat="37.568851470947266" lon="126.99748992919922"><ele>23.0</ele><time>2026-08-23T01:05:47Z</time></trkpt><trkpt lat="37.56884765625" lon="126.9974594116211"><ele>23.0</ele><time>2026-08-23T01:05:48Z</time></trkpt><trkpt lat="37.56884765625" lon="126.99742889404297"><ele>23.0</ele><time>2026-08-23T01:05:49Z</time></trkpt><trkpt lat="37.568843841552734" lon="126.99739837646484"><ele>23.0</ele><time>2026-08-23T01:05:50Z</time></trkpt><trkpt lat="37.56884002685547" lon="126.99737548828125"><ele>23.0</ele><time>2026-08-23T01:05:51Z</time></trkpt><trkpt lat="37.5688362121582" lon="126.99734497070312"><ele>23.0</ele><time>2026-08-23T01:05:52Z</time></trkpt><trkpt lat="37.56883239746094" lon="126.99732208251953"><ele>23.0</ele><time>2026-08-23T01:05:53Z</time></trkpt><trkpt lat="37.56882858276367" lon="126.99729919433594"><ele>23.0</ele><time>2026-08-23T01:05:54Z</time></trkpt><trkpt lat="37.56882858276367" lon="126.99727630615234"><ele>23.200000762939453</ele><time>2026-08-23T01:05:55Z</time></trkpt><trkpt lat="37.56882095336914" lon="126.99725341796875"><ele>23.200000762939453</ele><time>2026-08-23T01:05:56Z</time></trkpt><trkpt lat="37.56882095336914" lon="126.99723052978516"><ele>23.200000762939453</ele><time>2026-08-23T01:05:57Z</time></trkpt><trkpt lat="37.56882095336914" lon="126.99720764160156"><ele>23.200000762939453</ele><time>2026-08-23T01:05:58Z</time></trkpt><trkpt lat="37.56881332397461" lon="126.99718475341797"><ele>23.200000762939453</ele><time>2026-08-23T01:05:59Z</time></trkpt><trkpt lat="37.56881332397461" lon="126.99715423583984"><ele>23.200000762939453</ele><time>2026-08-23T01:06:00Z</time></trkpt><trkpt lat="37.568809509277344" lon="126.99712371826172"><ele>23.200000762939453</ele><time>2026-08-23T01:06:01Z</time></trkpt><trkpt lat="37.568809509277344" lon="126.9970932006836"><ele>23.200000762939453</ele><time>2026-08-23T01:06:02Z</time></trkpt><trkpt lat="37.56880569458008" lon="126.9970703125"><ele>23.200000762939453</ele><time>2026-08-23T01:06:03Z</time></trkpt><trkpt lat="37.56880569458008" lon="126.9970703125"><ele>23.200000762939453</ele><time>2026-08-23T01:06:04Z</time></trkpt><trkpt lat="37.56880569458008" lon="126.99700927734375"><ele>23.200000762939453</ele><time>2026-08-23T01:06:05Z</time></trkpt><trkpt lat="37.56879806518555" lon="126.99698638916016"><ele>23.200000762939453</ele><time>2026-08-23T01:06:06Z</time></trkpt><trkpt lat="37.568790435791016" lon="126.99695587158203"><ele>23.399999618530273</ele><time>2026-08-23T01:06:07Z</time></trkpt><trkpt lat="37.56879425048828" lon="126.9969253540039"><ele>23.399999618530273</ele><time>2026-08-23T01:06:08Z</time></trkpt><trkpt lat="37.56879425048828" lon="126.99691009521484"><ele>23.399999618530273</ele><time>2026-08-23T01:06:09Z</time></trkpt><trkpt lat="37.568790435791016" lon="126.99689483642578"><ele>23.399999618530273</ele><time>2026-08-23T01:06:10Z</time></trkpt><trkpt lat="37.56864929199219" lon="126.99530792236328"><ele>24.600000381469727</ele><time>2026-08-23T01:08:58Z</time></trkpt><trkpt lat="37.568660736083984" lon="126.99530792236328"><ele>24.600000381469727</ele><time>2026-08-23T01:08:59Z</time></trkpt><trkpt lat="37.568668365478516" lon="126.99531555175781"><ele>24.399999618530273</ele><time>2026-08-23T01:09:00Z</time></trkpt><trkpt lat="37.56866455078125" lon="126.99531555175781"><ele>24.399999618530273</ele><time>2026-08-23T01:09:01Z</time></trkpt><trkpt lat="37.56853485107422" lon="126.99524688720703"><ele>24.399999618530273</ele><time>2026-08-23T01:09:02Z</time></trkpt><trkpt lat="37.56844711303711" lon="126.9951400756836"><ele>24.399999618530273</ele><time>2026-08-23T01:09:03Z</time></trkpt><trkpt lat="37.56844711303711" lon="126.99505615234375"><ele>24.399999618530273</ele><time>2026-08-23T01:09:04Z</time></trkpt><trkpt lat="37.56844711303711" lon="126.9949951171875"><ele>24.399999618530273</ele><time>2026-08-23T01:09:05Z</time></trkpt><trkpt lat="37.568443298339844" lon="126.99493408203125"><ele>24.399999618530273</ele><time>2026-08-23T01:09:06Z</time></trkpt><trkpt lat="37.56844711303711" lon="126.99488830566406"><ele>24.399999618530273</ele><time>2026-08-23T01:09:07Z</time></trkpt><trkpt lat="37.56844711303711" lon="126.99484252929688"><ele>24.399999618530273</ele><time>2026-08-23T01:09:08Z</time></trkpt><trkpt lat="37.56844711303711" lon="126.99481201171875"><ele>24.399999618530273</ele><time>2026-08-23T01:09:09Z</time></trkpt><trkpt lat="37.56844711303711" lon="126.99478912353516"><ele>24.399999618530273</ele><time>2026-08-23T01:09:10Z</time></trkpt><trkpt lat="37.568443298339844" lon="126.99475860595703"><ele>24.399999618530273</ele><time>2026-08-23T01:09:11Z</time></trkpt><trkpt lat="37.56843948364258" lon="126.99474334716797"><ele>24.399999618530273</ele><time>2026-08-23T01:09:12Z</time></trkpt><trkpt lat="37.568443298339844" lon="126.99472045898438"><ele>24.399999618530273</ele><time>2026-08-23T01:09:13Z</time></trkpt><trkpt lat="37.56844711303711" lon="126.99469757080078"><ele>24.399999618530273</ele><time>2026-08-23T01:09:14Z</time></trkpt><trkpt lat="37.56844711303711" lon="126.99467468261719"><ele>24.399999618530273</ele><time>2026-08-23T01:09:15Z</time></trkpt><trkpt lat="37.56844711303711" lon="126.99464416503906"><ele>24.600000381469727</ele><time>2026-08-23T01:09:16Z</time></trkpt><trkpt lat="37.56844711303711" lon="126.99462890625"><ele>24.600000381469727</ele><time>2026-08-23T01:09:17Z</time></trkpt><trkpt lat="37.56844711303711" lon="126.99459838867188"><ele>24.600000381469727</ele><time>2026-08-23T01:09:18Z</time></trkpt><trkpt lat="37.568450927734375" lon="126.99457550048828"><ele>24.600000381469727</ele><time>2026-08-23T01:09:19Z</time></trkpt><trkpt lat="37.568450927734375" lon="126.99456787109375"><ele>24.600000381469727</ele><time>2026-08-23T01:09:20Z</time></trkpt><trkpt lat="37.56844711303711" lon="126.99454498291016"><ele>24.600000381469727</ele><time>2026-08-23T01:09:21Z</time></trkpt><trkpt lat="37.56844711303711" lon="126.99451446533203"><ele>24.600000381469727</ele><time>2026-08-23T01:09:22Z</time></trkpt><trkpt lat="37.56844711303711" lon="126.99449920654297"><ele>24.600000381469727</ele><time>2026-08-23T01:09:23Z</time></trkpt><trkpt lat="37.568450927734375" lon="126.99446868896484"><ele>24.600000381469727</ele><time>2026-08-23T01:09:24Z</time></trkpt><trkpt lat="37.56845474243164" lon="126.99444580078125"><ele>24.600000381469727</ele><time>2026-08-23T01:09:25Z</time></trkpt><trkpt lat="37.568458557128906" lon="126.99442291259766"><ele>24.600000381469727</ele><time>2026-08-23T01:09:26Z</time></trkpt><trkpt lat="37.56846237182617" lon="126.99439239501953"><ele>24.600000381469727</ele><time>2026-08-23T01:09:27Z</time></trkpt><trkpt lat="37.56845474243164" lon="126.99436950683594"><ele>24.600000381469727</ele><time>2026-08-23T01:09:28Z</time></trkpt><trkpt lat="37.56845474243164" lon="126.99433135986328"><ele>24.600000381469727</ele><time>2026-08-23T01:09:29Z</time></trkpt><trkpt lat="37.56845474243164" lon="126.99430847167969"><ele>24.600000381469727</ele><time>2026-08-23T01:09:30Z</time></trkpt><trkpt lat="37.56846237182617" lon="126.99427795410156"><ele>24.600000381469727</ele><time>2026-08-23T01:09:31Z</time></trkpt><trkpt lat="37.56846237182617" lon="126.99425506591797"><ele>24.600000381469727</ele><time>2026-08-23T01:09:32Z</time></trkpt><trkpt lat="37.56846237182617" lon="126.99422454833984"><ele>24.600000381469727</ele><time>2026-08-23T01:09:33Z</time></trkpt><trkpt lat="37.56845474243164" lon="126.99419403076172"><ele>24.600000381469727</ele><time>2026-08-23T01:09:34Z</time></trkpt><trkpt lat="37.56845474243164" lon="126.99417114257812"><ele>24.600000381469727</ele><time>2026-08-23T01:09:35Z</time></trkpt><trkpt lat="37.568458557128906" lon="126.994140625"><ele>24.600000381469727</ele><time>2026-08-23T01:09:36Z</time></trkpt><trkpt lat="37.568458557128906" lon="126.9941177368164"><ele>24.600000381469727</ele><time>2026-08-23T01:09:37Z</time></trkpt><trkpt lat="37.56846237182617" lon="126.99409484863281"><ele>24.600000381469727</ele><time>2026-08-23T01:09:38Z</time></trkpt><trkpt lat="37.5684700012207" lon="126.99406433105469"><ele>24.600000381469727</ele><time>2026-08-23T01:09:39Z</time></trkpt><trkpt lat="37.56847381591797" lon="126.9940414428711"><ele>24.600000381469727</ele><time>2026-08-23T01:09:40Z</time></trkpt><trkpt lat="37.568477630615234" lon="126.9940185546875"><ele>24.600000381469727</ele><time>2026-08-23T01:09:41Z</time></trkpt><trkpt lat="37.5684814453125" lon="126.9939956665039"><ele>24.600000381469727</ele><time>2026-08-23T01:09:42Z</time></trkpt><trkpt lat="37.5684814453125" lon="126.99398040771484"><ele>24.600000381469727</ele><time>2026-08-23T01:09:43Z</time></trkpt><trkpt lat="37.568477630615234" lon="126.99394989013672"><ele>24.600000381469727</ele><time>2026-08-23T01:09:44Z</time></trkpt><trkpt lat="37.568477630615234" lon="126.99392700195312"><ele>24.600000381469727</ele><time>2026-08-23T01:09:45Z</time></trkpt><trkpt lat="37.568477630615234" lon="126.99390411376953"><ele>24.399999618530273</ele><time>2026-08-23T01:09:46Z</time></trkpt><trkpt lat="37.568477630615234" lon="126.99388122558594"><ele>24.399999618530273</ele><time>2026-08-23T01:09:47Z</time></trkpt><trkpt lat="37.568477630615234" lon="126.99386596679688"><ele>24.600000381469727</ele><time>2026-08-23T01:09:48Z</time></trkpt><trkpt lat="37.568477630615234" lon="126.99383544921875"><ele>24.600000381469727</ele><time>2026-08-23T01:09:49Z</time></trkpt><trkpt lat="37.56847381591797" lon="126.99381256103516"><ele>24.600000381469727</ele><time>2026-08-23T01:09:50Z</time></trkpt><trkpt lat="37.568477630615234" lon="126.99378204345703"><ele>24.600000381469727</ele><time>2026-08-23T01:09:51Z</time></trkpt><trkpt lat="37.56847381591797" lon="126.99375915527344"><ele>24.600000381469727</ele><time>2026-08-23T01:09:52Z</time></trkpt><trkpt lat="37.5684700012207" lon="126.99373626708984"><ele>24.600000381469727</ele><time>2026-08-23T01:09:53Z</time></trkpt><trkpt lat="37.5684700012207" lon="126.99370574951172"><ele>24.600000381469727</ele><time>2026-08-23T01:09:54Z</time></trkpt><trkpt lat="37.56846237182617" lon="126.99369049072266"><ele>24.600000381469727</ele><time>2026-08-23T01:09:55Z</time></trkpt><trkpt lat="37.56846237182617" lon="126.99365997314453"><ele>24.600000381469727</ele><time>2026-08-23T01:09:56Z</time></trkpt><trkpt lat="37.5684700012207" lon="126.99364471435547"><ele>24.600000381469727</ele><time>2026-08-23T01:09:57Z</time></trkpt><trkpt lat="37.56847381591797" lon="126.99362182617188"><ele>24.600000381469727</ele><time>2026-08-23T01:09:58Z</time></trkpt><trkpt lat="37.5684700012207" lon="126.99359130859375"><ele>24.600000381469727</ele><time>2026-08-23T01:09:59Z</time></trkpt><trkpt lat="37.5684700012207" lon="126.99356842041016"><ele>24.600000381469727</ele><time>2026-08-23T01:10:00Z</time></trkpt><trkpt lat="37.56846618652344" lon="126.9935302734375"><ele>24.600000381469727</ele><time>2026-08-23T01:10:01Z</time></trkpt><trkpt lat="37.56846618652344" lon="126.99351501464844"><ele>24.600000381469727</ele><time>2026-08-23T01:10:02Z</time></trkpt><trkpt lat="37.56846237182617" lon="126.99349212646484"><ele>24.600000381469727</ele><time>2026-08-23T01:10:03Z</time></trkpt><trkpt lat="37.56846237182617" lon="126.99346160888672"><ele>24.600000381469727</ele><time>2026-08-23T01:10:04Z</time></trkpt><trkpt lat="37.568458557128906" lon="126.99343872070312"><ele>24.600000381469727</ele><time>2026-08-23T01:10:05Z</time></trkpt><trkpt lat="37.56845474243164" lon="126.99341583251953"><ele>24.799999237060547</ele><time>2026-08-23T01:10:06Z</time></trkpt><trkpt lat="37.56845474243164" lon="126.99339294433594"><ele>24.799999237060547</ele><time>2026-08-23T01:10:07Z</time></trkpt><trkpt lat="37.568450927734375" lon="126.99337005615234"><ele>24.799999237060547</ele><time>2026-08-23T01:10:08Z</time></trkpt><trkpt lat="37.568443298339844" lon="126.99333190917969"><ele>24.799999237060547</ele><time>2026-08-23T01:10:09Z</time></trkpt><trkpt lat="37.568443298339844" lon="126.99331665039062"><ele>24.799999237060547</ele><time>2026-08-23T01:10:10Z</time></trkpt><trkpt lat="37.56843948364258" lon="126.99327850341797"><ele>24.799999237060547</ele><time>2026-08-23T01:10:11Z</time></trkpt><trkpt lat="37.56843948364258" lon="126.99325561523438"><ele>24.799999237060547</ele><time>2026-08-23T01:10:12Z</time></trkpt><trkpt lat="37.56843566894531" lon="126.99323272705078"><ele>24.799999237060547</ele><time>2026-08-23T01:10:13Z</time></trkpt><trkpt lat="37.56843566894531" lon="126.99320220947266"><ele>24.799999237060547</ele><time>2026-08-23T01:10:14Z</time></trkpt><trkpt lat="37.56843185424805" lon="126.99317932128906"><ele>25.0</ele><time>2026-08-23T01:10:15Z</time></trkpt><trkpt lat="37.56842803955078" lon="126.99314880371094"><ele>24.799999237060547</ele><time>2026-08-23T01:10:16Z</time></trkpt><trkpt lat="37.568424224853516" lon="126.99313354492188"><ele>24.799999237060547</ele><time>2026-08-23T01:10:17Z</time></trkpt><trkpt lat="37.568416595458984" lon="126.99310302734375"><ele>24.799999237060547</ele><time>2026-08-23T01:10:18Z</time></trkpt><trkpt lat="37.56841278076172" lon="126.99307250976562"><ele>25.0</ele><time>2026-08-23T01:10:19Z</time></trkpt><trkpt lat="37.56841278076172" lon="126.99303436279297"><ele>25.0</ele><time>2026-08-23T01:10:20Z</time></trkpt><trkpt lat="37.56840896606445" lon="126.99300384521484"><ele>25.0</ele><time>2026-08-23T01:10:21Z</time></trkpt><trkpt lat="37.56840515136719" lon="126.99298095703125"><ele>25.0</ele><time>2026-08-23T01:10:22Z</time></trkpt><trkpt lat="37.56840515136719" lon="126.99295043945312"><ele>25.0</ele><time>2026-08-23T01:10:23Z</time></trkpt><trkpt lat="37.56840515136719" lon="126.99292755126953"><ele>25.0</ele><time>2026-08-23T01:10:24Z</time></trkpt><trkpt lat="37.56840896606445" lon="126.9928970336914"><ele>25.0</ele><time>2026-08-23T01:10:25Z</time></trkpt><trkpt lat="37.56840896606445" lon="126.99286651611328"><ele>25.0</ele><time>2026-08-23T01:10:26Z</time></trkpt><trkpt lat="37.56840896606445" lon="126.99284362792969"><ele>24.799999237060547</ele><time>2026-08-23T01:10:27Z</time></trkpt><trkpt lat="37.56840896606445" lon="126.99280548095703"><ele>24.799999237060547</ele><time>2026-08-23T01:10:28Z</time></trkpt><trkpt lat="37.56840896606445" lon="126.99278259277344"><ele>25.0</ele><time>2026-08-23T01:10:29Z</time></trkpt><trkpt lat="37.56840515136719" lon="126.99275207519531"><ele>25.0</ele><time>2026-08-23T01:10:30Z</time></trkpt><trkpt lat="37.56840515136719" lon="126.99273681640625"><ele>25.0</ele><time>2026-08-23T01:10:31Z</time></trkpt><trkpt lat="37.56840515136719" lon="126.99271392822266"><ele>25.0</ele><time>2026-08-23T01:10:32Z</time></trkpt><trkpt lat="37.56840896606445" lon="126.9926986694336"><ele>25.0</ele><time>2026-08-23T01:10:33Z</time></trkpt><trkpt lat="37.56840515136719" lon="126.99268341064453"><ele>25.0</ele><time>2026-08-23T01:10:34Z</time></trkpt><trkpt lat="37.56840133666992" lon="126.9926528930664"><ele>25.0</ele><time>2026-08-23T01:10:35Z</time></trkpt><trkpt lat="37.56840515136719" lon="126.99263763427734"><ele>25.0</ele><time>2026-08-23T01:10:36Z</time></trkpt><trkpt lat="37.56840896606445" lon="126.99260711669922"><ele>25.0</ele><time>2026-08-23T01:10:37Z</time></trkpt><trkpt lat="37.56841278076172" lon="126.99256896972656"><ele>25.0</ele><time>2026-08-23T01:10:38Z</time></trkpt><trkpt lat="37.56840896606445" lon="126.99254608154297"><ele>25.0</ele><time>2026-08-23T01:10:39Z</time></trkpt><trkpt lat="37.56841278076172" lon="126.99252319335938"><ele>25.0</ele><time>2026-08-23T01:10:40Z</time></trkpt><trkpt lat="37.568416595458984" lon="126.99250793457031"><ele>25.0</ele><time>2026-08-23T01:10:41Z</time></trkpt><trkpt lat="37.56842041015625" lon="126.99248504638672"><ele>25.0</ele><time>2026-08-23T01:10:42Z</time></trkpt><trkpt lat="37.568424224853516" lon="126.99246978759766"><ele>25.200000762939453</ele><time>2026-08-23T01:10:43Z</time></trkpt><trkpt lat="37.56842041015625" lon="126.99244689941406"><ele>25.200000762939453</ele><time>2026-08-23T01:10:44Z</time></trkpt><trkpt lat="37.568424224853516" lon="126.99242401123047"><ele>25.200000762939453</ele><time>2026-08-23T01:10:45Z</time></trkpt><trkpt lat="37.568424224853516" lon="126.99240112304688"><ele>25.200000762939453</ele><time>2026-08-23T01:10:46Z</time></trkpt><trkpt lat="37.56842803955078" lon="126.99237823486328"><ele>25.200000762939453</ele><time>2026-08-23T01:10:47Z</time></trkpt><trkpt lat="37.568424224853516" lon="126.99234771728516"><ele>25.200000762939453</ele><time>2026-08-23T01:10:48Z</time></trkpt><trkpt lat="37.56842041015625" lon="126.99231719970703"><ele>25.200000762939453</ele><time>2026-08-23T01:10:49Z</time></trkpt><trkpt lat="37.568424224853516" lon="126.9922866821289"><ele>25.200000762939453</ele><time>2026-08-23T01:10:50Z</time></trkpt><trkpt lat="37.568416595458984" lon="126.99226379394531"><ele>25.200000762939453</ele><time>2026-08-23T01:10:51Z</time></trkpt><trkpt lat="37.56841278076172" lon="126.99223327636719"><ele>25.200000762939453</ele><time>2026-08-23T01:10:52Z</time></trkpt><trkpt lat="37.568416595458984" lon="126.99220275878906"><ele>25.200000762939453</ele><time>2026-08-23T01:10:53Z</time></trkpt><trkpt lat="37.568416595458984" lon="126.99217987060547"><ele>25.200000762939453</ele><time>2026-08-23T01:10:54Z</time></trkpt><trkpt lat="37.56841278076172" lon="126.99215698242188"><ele>25.200000762939453</ele><time>2026-08-23T01:10:55Z</time></trkpt><trkpt lat="37.568416595458984" lon="126.99212646484375"><ele>25.200000762939453</ele><time>2026-08-23T01:10:56Z</time></trkpt><trkpt lat="37.56841278076172" lon="126.99211120605469"><ele>25.200000762939453</ele><time>2026-08-23T01:10:57Z</time></trkpt><trkpt lat="37.56840896606445" lon="126.9920883178711"><ele>25.200000762939453</ele><time>2026-08-23T01:10:58Z</time></trkpt><trkpt lat="37.56840896606445" lon="126.9920654296875"><ele>25.200000762939453</ele><time>2026-08-23T01:10:59Z</time></trkpt><trkpt lat="37.56840515136719" lon="126.9920425415039"><ele>25.200000762939453</ele><time>2026-08-23T01:11:00Z</time></trkpt><trkpt lat="37.56840515136719" lon="126.99201202392578"><ele>25.200000762939453</ele><time>2026-08-23T01:11:01Z</time></trkpt><trkpt lat="37.56840133666992" lon="126.99199676513672"><ele>25.200000762939453</ele><time>2026-08-23T01:11:02Z</time></trkpt><trkpt lat="37.56840133666992" lon="126.9919662475586"><ele>25.200000762939453</ele><time>2026-08-23T01:11:03Z</time></trkpt><trkpt lat="37.56840133666992" lon="126.99195861816406"><ele>25.200000762939453</ele><time>2026-08-23T01:11:04Z</time></trkpt><trkpt lat="37.568397521972656" lon="126.99193572998047"><ele>25.200000762939453</ele><time>2026-08-23T01:11:05Z</time></trkpt><trkpt lat="37.568397521972656" lon="126.99190521240234"><ele>25.200000762939453</ele><time>2026-08-23T01:11:06Z</time></trkpt><trkpt lat="37.56839370727539" lon="126.99188232421875"><ele>25.200000762939453</ele><time>2026-08-23T01:11:07Z</time></trkpt><trkpt lat="37.568389892578125" lon="126.9918441772461"><ele>25.200000762939453</ele><time>2026-08-23T01:11:08Z</time></trkpt><trkpt lat="37.56838607788086" lon="126.99182891845703"><ele>25.200000762939453</ele><time>2026-08-23T01:11:09Z</time></trkpt><trkpt lat="37.56837844848633" lon="126.99180603027344"><ele>25.200000762939453</ele><time>2026-08-23T01:11:10Z</time></trkpt><trkpt lat="37.56837844848633" lon="126.99177551269531"><ele>25.200000762939453</ele><time>2026-08-23T01:11:11Z</time></trkpt><trkpt lat="37.56837463378906" lon="126.99175262451172"><ele>25.200000762939453</ele><time>2026-08-23T01:11:12Z</time></trkpt><trkpt lat="37.56837463378906" lon="126.99172973632812"><ele>25.200000762939453</ele><time>2026-08-23T01:11:13Z</time></trkpt><trkpt lat="37.56837844848633" lon="126.99169921875"><ele>25.200000762939453</ele><time>2026-08-23T01:11:14Z</time></trkpt><trkpt lat="37.56837463378906" lon="126.99168395996094"><ele>25.200000762939453</ele><time>2026-08-23T01:11:15Z</time></trkpt><trkpt lat="37.56837463378906" lon="126.99165344238281"><ele>25.200000762939453</ele><time>2026-08-23T01:11:16Z</time></trkpt><trkpt lat="37.5683708190918" lon="126.99163818359375"><ele>25.399999618530273</ele><time>2026-08-23T01:11:17Z</time></trkpt><trkpt lat="37.56836700439453" lon="126.99161529541016"><ele>25.399999618530273</ele><time>2026-08-23T01:11:18Z</time></trkpt><trkpt lat="37.56836700439453" lon="126.99159240722656"><ele>25.399999618530273</ele><time>2026-08-23T01:11:19Z</time></trkpt><trkpt lat="37.56836700439453" lon="126.99156951904297"><ele>25.399999618530273</ele><time>2026-08-23T01:11:20Z</time></trkpt><trkpt lat="37.56836700439453" lon="126.99154663085938"><ele>25.399999618530273</ele><time>2026-08-23T01:11:21Z</time></trkpt><trkpt lat="37.568359375" lon="126.99152374267578"><ele>25.399999618530273</ele><time>2026-08-23T01:11:22Z</time></trkpt><trkpt lat="37.568355560302734" lon="126.99149322509766"><ele>25.399999618530273</ele><time>2026-08-23T01:11:23Z</time></trkpt><trkpt lat="37.568355560302734" lon="126.99147033691406"><ele>25.399999618530273</ele><time>2026-08-23T01:11:24Z</time></trkpt><trkpt lat="37.5683479309082" lon="126.99144744873047"><ele>25.399999618530273</ele><time>2026-08-23T01:11:25Z</time></trkpt><trkpt lat="37.5683479309082" lon="126.99142456054688"><ele>25.399999618530273</ele><time>2026-08-23T01:11:26Z</time></trkpt><trkpt lat="37.5683479309082" lon="126.99140167236328"><ele>25.399999618530273</ele><time>2026-08-23T01:11:27Z</time></trkpt><trkpt lat="37.5683479309082" lon="126.99137878417969"><ele>25.399999618530273</ele><time>2026-08-23T01:11:28Z</time></trkpt><trkpt lat="37.56834411621094" lon="126.99134826660156"><ele>25.399999618530273</ele><time>2026-08-23T01:11:29Z</time></trkpt><trkpt lat="37.56834411621094" lon="126.9913330078125"><ele>25.399999618530273</ele><time>2026-08-23T01:11:30Z</time></trkpt><trkpt lat="37.56834030151367" lon="126.9913101196289"><ele>25.399999618530273</ele><time>2026-08-23T01:11:31Z</time></trkpt><trkpt lat="37.568336486816406" lon="126.99128723144531"><ele>25.399999618530273</ele><time>2026-08-23T01:11:32Z</time></trkpt><trkpt lat="37.568328857421875" lon="126.99127197265625"><ele>25.399999618530273</ele><time>2026-08-23T01:11:33Z</time></trkpt><trkpt lat="37.568328857421875" lon="126.99124145507812"><ele>25.399999618530273</ele><time>2026-08-23T01:11:34Z</time></trkpt><trkpt lat="37.56832504272461" lon="126.99121856689453"><ele>25.399999618530273</ele><time>2026-08-23T01:11:35Z</time></trkpt><trkpt lat="37.568328857421875" lon="126.9911880493164"><ele>25.399999618530273</ele><time>2026-08-23T01:11:36Z</time></trkpt><trkpt lat="37.568328857421875" lon="126.99116516113281"><ele>25.399999618530273</ele><time>2026-08-23T01:11:37Z</time></trkpt><trkpt lat="37.56833267211914" lon="126.99114990234375"><ele>25.399999618530273</ele><time>2026-08-23T01:11:38Z</time></trkpt><trkpt lat="37.56833267211914" lon="126.99111938476562"><ele>25.399999618530273</ele><time>2026-08-23T01:11:39Z</time></trkpt><trkpt lat="37.568328857421875" lon="126.99110412597656"><ele>25.399999618530273</ele><time>2026-08-23T01:11:40Z</time></trkpt><trkpt lat="37.56832504272461" lon="126.99107360839844"><ele>25.399999618530273</ele><time>2026-08-23T01:11:41Z</time></trkpt><trkpt lat="37.568321228027344" lon="126.99105072021484"><ele>25.399999618530273</ele><time>2026-08-23T01:11:42Z</time></trkpt><trkpt lat="37.568321228027344" lon="126.99102020263672"><ele>25.399999618530273</ele><time>2026-08-23T01:11:43Z</time></trkpt><trkpt lat="37.56832504272461" lon="126.99099731445312"><ele>25.399999618530273</ele><time>2026-08-23T01:11:44Z</time></trkpt><trkpt lat="37.568321228027344" lon="126.99097442626953"><ele>25.399999618530273</ele><time>2026-08-23T01:11:45Z</time></trkpt><trkpt lat="37.568321228027344" lon="126.9909439086914"><ele>25.399999618530273</ele><time>2026-08-23T01:11:46Z</time></trkpt><trkpt lat="37.56831741333008" lon="126.99092102050781"><ele>25.399999618530273</ele><time>2026-08-23T01:11:47Z</time></trkpt><trkpt lat="37.56831359863281" lon="126.99089050292969"><ele>25.399999618530273</ele><time>2026-08-23T01:11:48Z</time></trkpt><trkpt lat="37.56831359863281" lon="126.99087524414062"><ele>25.399999618530273</ele><time>2026-08-23T01:11:49Z</time></trkpt><trkpt lat="37.56830978393555" lon="126.9908447265625"><ele>25.399999618530273</ele><time>2026-08-23T01:11:50Z</time></trkpt><trkpt lat="37.56830978393555" lon="126.99081420898438"><ele>25.399999618530273</ele><time>2026-08-23T01:11:51Z</time></trkpt><trkpt lat="37.56830978393555" lon="126.99079132080078"><ele>25.399999618530273</ele><time>2026-08-23T01:11:52Z</time></trkpt><trkpt lat="37.56830596923828" lon="126.99076843261719"><ele>25.399999618530273</ele><time>2026-08-23T01:11:53Z</time></trkpt><trkpt lat="37.56830596923828" lon="126.9907455444336"><ele>25.399999618530273</ele><time>2026-08-23T01:11:54Z</time></trkpt><trkpt lat="37.568302154541016" lon="126.99072265625"><ele>25.399999618530273</ele><time>2026-08-23T01:11:55Z</time></trkpt><trkpt lat="37.568302154541016" lon="126.99069213867188"><ele>25.399999618530273</ele><time>2026-08-23T01:11:56Z</time></trkpt><trkpt lat="37.56829833984375" lon="126.99066925048828"><ele>25.600000381469727</ele><time>2026-08-23T01:11:57Z</time></trkpt><trkpt lat="37.56829833984375" lon="126.99064636230469"><ele>25.600000381469727</ele><time>2026-08-23T01:11:58Z</time></trkpt><trkpt lat="37.568294525146484" lon="126.9906234741211"><ele>25.600000381469727</ele><time>2026-08-23T01:11:59Z</time></trkpt><trkpt lat="37.56829071044922" lon="126.9906005859375"><ele>25.600000381469727</ele><time>2026-08-23T01:12:00Z</time></trkpt><trkpt lat="37.568294525146484" lon="126.9905776977539"><ele>25.600000381469727</ele><time>2026-08-23T01:12:01Z</time></trkpt><trkpt lat="37.56828689575195" lon="126.99055480957031"><ele>25.399999618530273</ele><time>2026-08-23T01:12:02Z</time></trkpt><trkpt lat="37.56828689575195" lon="126.99052429199219"><ele>25.399999618530273</ele><time>2026-08-23T01:12:03Z</time></trkpt><trkpt lat="37.56828689575195" lon="126.9905014038086"><ele>25.399999618530273</ele><time>2026-08-23T01:12:04Z</time></trkpt><trkpt lat="37.56828308105469" lon="126.990478515625"><ele>25.399999618530273</ele><time>2026-08-23T01:12:05Z</time></trkpt><trkpt lat="37.568275451660156" lon="126.99044799804688"><ele>25.399999618530273</ele><time>2026-08-23T01:12:06Z</time></trkpt><trkpt lat="37.56828308105469" lon="126.99042510986328"><ele>25.399999618530273</ele><time>2026-08-23T01:12:07Z</time></trkpt><trkpt lat="37.56828308105469" lon="126.99040222167969"><ele>25.399999618530273</ele><time>2026-08-23T01:12:08Z</time></trkpt><trkpt lat="37.56828308105469" lon="126.9903793334961"><ele>25.399999618530273</ele><time>2026-08-23T01:12:09Z</time></trkpt><trkpt lat="37.568275451660156" lon="126.99036407470703"><ele>25.399999618530273</ele><time>2026-08-23T01:12:10Z</time></trkpt><trkpt lat="37.56827926635742" lon="126.9903335571289"><ele>25.399999618530273</ele><time>2026-08-23T01:12:11Z</time></trkpt><trkpt lat="37.56827163696289" lon="126.99031066894531"><ele>25.399999618530273</ele><time>2026-08-23T01:12:12Z</time></trkpt><trkpt lat="37.56826400756836" lon="126.99028778076172"><ele>25.600000381469727</ele><time>2026-08-23T01:12:13Z</time></trkpt><trkpt lat="37.568260192871094" lon="126.99026489257812"><ele>25.600000381469727</ele><time>2026-08-23T01:12:14Z</time></trkpt><trkpt lat="37.56825637817383" lon="126.99024200439453"><ele>25.600000381469727</ele><time>2026-08-23T01:12:15Z</time></trkpt><trkpt lat="37.56825256347656" lon="126.9902114868164"><ele>25.600000381469727</ele><time>2026-08-23T01:12:16Z</time></trkpt><trkpt lat="37.56825256347656" lon="126.99019622802734"><ele>25.600000381469727</ele><time>2026-08-23T01:12:17Z</time></trkpt><trkpt lat="37.5682487487793" lon="126.99017333984375"><ele>25.399999618530273</ele><time>2026-08-23T01:12:18Z</time></trkpt><trkpt lat="37.56825256347656" lon="126.99014282226562"><ele>25.399999618530273</ele><time>2026-08-23T01:12:19Z</time></trkpt><trkpt lat="37.56824493408203" lon="126.99012756347656"><ele>25.600000381469727</ele><time>2026-08-23T01:12:20Z</time></trkpt><trkpt lat="37.568241119384766" lon="126.99010467529297"><ele>25.600000381469727</ele><time>2026-08-23T01:12:21Z</time></trkpt><trkpt lat="37.56824493408203" lon="126.99007415771484"><ele>25.600000381469727</ele><time>2026-08-23T01:12:22Z</time></trkpt><trkpt lat="37.5682373046875" lon="126.99004364013672"><ele>25.600000381469727</ele><time>2026-08-23T01:12:23Z</time></trkpt><trkpt lat="37.568233489990234" lon="126.9900131225586"><ele>25.600000381469727</ele><time>2026-08-23T01:12:24Z</time></trkpt><trkpt lat="37.568233489990234" lon="126.989990234375"><ele>25.399999618530273</ele><time>2026-08-23T01:12:25Z</time></trkpt><trkpt lat="37.56822967529297" lon="126.9899673461914"><ele>25.600000381469727</ele><time>2026-08-23T01:12:26Z</time></trkpt><trkpt lat="37.5682258605957" lon="126.98993682861328"><ele>25.600000381469727</ele><time>2026-08-23T01:12:27Z</time></trkpt><trkpt lat="37.56821823120117" lon="126.98991394042969"><ele>25.399999618530273</ele><time>2026-08-23T01:12:28Z</time></trkpt><trkpt lat="37.568214416503906" lon="126.9898910522461"><ele>25.399999618530273</ele><time>2026-08-23T01:12:29Z</time></trkpt><trkpt lat="37.56821060180664" lon="126.9898681640625"><ele>25.399999618530273</ele><time>2026-08-23T01:12:30Z</time></trkpt><trkpt lat="37.568206787109375" lon="126.9898452758789"><ele>25.399999618530273</ele><time>2026-08-23T01:12:31Z</time></trkpt><trkpt lat="37.568206787109375" lon="126.98981475830078"><ele>25.399999618530273</ele><time>2026-08-23T01:12:32Z</time></trkpt><trkpt lat="37.568206787109375" lon="126.98979187011719"><ele>25.399999618530273</ele><time>2026-08-23T01:12:33Z</time></trkpt><trkpt lat="37.56821060180664" lon="126.98976135253906"><ele>25.399999618530273</ele><time>2026-08-23T01:12:34Z</time></trkpt><trkpt lat="37.568206787109375" lon="126.98973846435547"><ele>25.399999618530273</ele><time>2026-08-23T01:12:35Z</time></trkpt><trkpt lat="37.568206787109375" lon="126.98970794677734"><ele>25.600000381469727</ele><time>2026-08-23T01:12:36Z</time></trkpt><trkpt lat="37.568206787109375" lon="126.98968505859375"><ele>25.600000381469727</ele><time>2026-08-23T01:12:37Z</time></trkpt><trkpt lat="37.568199157714844" lon="126.98965454101562"><ele>25.600000381469727</ele><time>2026-08-23T01:12:38Z</time></trkpt><trkpt lat="37.568199157714844" lon="126.98963165283203"><ele>25.600000381469727</ele><time>2026-08-23T01:12:39Z</time></trkpt><trkpt lat="37.568199157714844" lon="126.98960876464844"><ele>25.799999237060547</ele><time>2026-08-23T01:12:40Z</time></trkpt><trkpt lat="37.568199157714844" lon="126.98958587646484"><ele>25.799999237060547</ele><time>2026-08-23T01:12:41Z</time></trkpt><trkpt lat="37.568199157714844" lon="126.98956298828125"><ele>25.799999237060547</ele><time>2026-08-23T01:12:42Z</time></trkpt><trkpt lat="37.56819152832031" lon="126.98954010009766"><ele>25.799999237060547</ele><time>2026-08-23T01:12:43Z</time></trkpt><trkpt lat="37.56818771362305" lon="126.98950958251953"><ele>25.799999237060547</ele><time>2026-08-23T01:12:44Z</time></trkpt><trkpt lat="37.56818389892578" lon="126.98949432373047"><ele>25.600000381469727</ele><time>2026-08-23T01:12:45Z</time></trkpt><trkpt lat="37.56818771362305" lon="126.98947143554688"><ele>25.600000381469727</ele><time>2026-08-23T01:12:46Z</time></trkpt><trkpt lat="37.56818771362305" lon="126.98944854736328"><ele>25.600000381469727</ele><time>2026-08-23T01:12:47Z</time></trkpt><trkpt lat="37.56818389892578" lon="126.98941802978516"><ele>25.799999237060547</ele><time>2026-08-23T01:12:48Z</time></trkpt><trkpt lat="37.568180084228516" lon="126.9893798828125"><ele>25.799999237060547</ele><time>2026-08-23T01:12:49Z</time></trkpt><trkpt lat="37.568180084228516" lon="126.9893569946289"><ele>25.600000381469727</ele><time>2026-08-23T01:12:50Z</time></trkpt><trkpt lat="37.568180084228516" lon="126.98932647705078"><ele>25.600000381469727</ele><time>2026-08-23T01:12:51Z</time></trkpt><trkpt lat="37.568180084228516" lon="126.98930358886719"><ele>25.600000381469727</ele><time>2026-08-23T01:12:52Z</time></trkpt><trkpt lat="37.568172454833984" lon="126.9892807006836"><ele>25.600000381469727</ele><time>2026-08-23T01:12:53Z</time></trkpt><trkpt lat="37.56816864013672" lon="126.98925018310547"><ele>25.600000381469727</ele><time>2026-08-23T01:12:54Z</time></trkpt><trkpt lat="37.56816482543945" lon="126.9892349243164"><ele>25.600000381469727</ele><time>2026-08-23T01:12:55Z</time></trkpt><trkpt lat="37.56816864013672" lon="126.98920440673828"><ele>25.600000381469727</ele><time>2026-08-23T01:12:56Z</time></trkpt><trkpt lat="37.568172454833984" lon="126.98917388916016"><ele>25.600000381469727</ele><time>2026-08-23T01:12:57Z</time></trkpt><trkpt lat="37.56816101074219" lon="126.98915100097656"><ele>25.600000381469727</ele><time>2026-08-23T01:12:58Z</time></trkpt><trkpt lat="37.56816101074219" lon="126.98912048339844"><ele>25.600000381469727</ele><time>2026-08-23T01:12:59Z</time></trkpt><trkpt lat="37.568153381347656" lon="126.98909759521484"><ele>25.799999237060547</ele><time>2026-08-23T01:13:00Z</time></trkpt><trkpt lat="37.56814956665039" lon="126.98906707763672"><ele>25.799999237060547</ele><time>2026-08-23T01:13:01Z</time></trkpt><trkpt lat="37.56814193725586" lon="126.98904418945312"><ele>25.799999237060547</ele><time>2026-08-23T01:13:02Z</time></trkpt><trkpt lat="37.56813049316406" lon="126.98902130126953"><ele>25.799999237060547</ele><time>2026-08-23T01:13:03Z</time></trkpt><trkpt lat="37.56812286376953" lon="126.98898315429688"><ele>25.799999237060547</ele><time>2026-08-23T01:13:04Z</time></trkpt><trkpt lat="37.568119049072266" lon="126.98896789550781"><ele>25.600000381469727</ele><time>2026-08-23T01:13:05Z</time></trkpt><trkpt lat="37.568115234375" lon="126.98893737792969"><ele>25.600000381469727</ele><time>2026-08-23T01:13:06Z</time></trkpt><trkpt lat="37.568115234375" lon="126.9889144897461"><ele>25.799999237060547</ele><time>2026-08-23T01:13:07Z</time></trkpt><trkpt lat="37.56810760498047" lon="126.9888916015625"><ele>25.799999237060547</ele><time>2026-08-23T01:13:08Z</time></trkpt><trkpt lat="37.56809616088867" lon="126.98886108398438"><ele>25.799999237060547</ele><time>2026-08-23T01:13:09Z</time></trkpt><trkpt lat="37.56809997558594" lon="126.98884582519531"><ele>25.799999237060547</ele><time>2026-08-23T01:13:10Z</time></trkpt><trkpt lat="37.56809616088867" lon="126.98881530761719"><ele>25.799999237060547</ele><time>2026-08-23T01:13:11Z</time></trkpt><trkpt lat="37.56809616088867" lon="126.9887924194336"><ele>25.799999237060547</ele><time>2026-08-23T01:13:12Z</time></trkpt><trkpt lat="37.56808853149414" lon="126.98876190185547"><ele>25.799999237060547</ele><time>2026-08-23T01:13:13Z</time></trkpt><trkpt lat="37.568084716796875" lon="126.98873138427734"><ele>25.799999237060547</ele><time>2026-08-23T01:13:14Z</time></trkpt><trkpt lat="37.56809616088867" lon="126.98871612548828"><ele>25.799999237060547</ele><time>2026-08-23T01:13:15Z</time></trkpt><trkpt lat="37.56809616088867" lon="126.98869323730469"><ele>25.799999237060547</ele><time>2026-08-23T01:13:16Z</time></trkpt><trkpt lat="37.56809616088867" lon="126.98865509033203"><ele>26.0</ele><time>2026-08-23T01:13:17Z</time></trkpt><trkpt lat="37.56809616088867" lon="126.98863220214844"><ele>26.0</ele><time>2026-08-23T01:13:18Z</time></trkpt><trkpt lat="37.56809616088867" lon="126.98860168457031"><ele>26.0</ele><time>2026-08-23T01:13:19Z</time></trkpt><trkpt lat="37.56809616088867" lon="126.98858642578125"><ele>25.799999237060547</ele><time>2026-08-23T01:13:20Z</time></trkpt><trkpt lat="37.56809616088867" lon="126.98856353759766"><ele>25.799999237060547</ele><time>2026-08-23T01:13:21Z</time></trkpt><trkpt lat="37.568092346191406" lon="126.98854064941406"><ele>25.799999237060547</ele><time>2026-08-23T01:13:22Z</time></trkpt><trkpt lat="37.56809616088867" lon="126.98851776123047"><ele>25.799999237060547</ele><time>2026-08-23T01:13:23Z</time></trkpt><trkpt lat="37.56809616088867" lon="126.98849487304688"><ele>25.799999237060547</ele><time>2026-08-23T01:13:24Z</time></trkpt><trkpt lat="37.568092346191406" lon="126.98847198486328"><ele>25.799999237060547</ele><time>2026-08-23T01:13:25Z</time></trkpt><trkpt lat="37.56809616088867" lon="126.98844146728516"><ele>25.799999237060547</ele><time>2026-08-23T01:13:26Z</time></trkpt><trkpt lat="37.56809616088867" lon="126.98841857910156"><ele>26.0</ele><time>2026-08-23T01:13:27Z</time></trkpt><trkpt lat="37.56809616088867" lon="126.98838806152344"><ele>26.0</ele><time>2026-08-23T01:13:28Z</time></trkpt><trkpt lat="37.56809616088867" lon="126.98834991455078"><ele>26.0</ele><time>2026-08-23T01:13:29Z</time></trkpt><trkpt lat="37.56809997558594" lon="126.98832702636719"><ele>26.0</ele><time>2026-08-23T01:13:30Z</time></trkpt><trkpt lat="37.56809997558594" lon="126.9883041381836"><ele>25.799999237060547</ele><time>2026-08-23T01:13:31Z</time></trkpt><trkpt lat="37.5681037902832" lon="126.98828125"><ele>25.799999237060547</ele><time>2026-08-23T01:13:32Z</time></trkpt><trkpt lat="37.56810760498047" lon="126.98825073242188"><ele>25.799999237060547</ele><time>2026-08-23T01:13:33Z</time></trkpt><trkpt lat="37.56810760498047" lon="126.98822021484375"><ele>25.799999237060547</ele><time>2026-08-23T01:13:34Z</time></trkpt><trkpt lat="37.56810760498047" lon="126.98819732666016"><ele>25.799999237060547</ele><time>2026-08-23T01:13:35Z</time></trkpt><trkpt lat="37.568111419677734" lon="126.98817443847656"><ele>25.799999237060547</ele><time>2026-08-23T01:13:36Z</time></trkpt><trkpt lat="37.568119049072266" lon="126.98815155029297"><ele>25.799999237060547</ele><time>2026-08-23T01:13:37Z</time></trkpt><trkpt lat="37.568119049072266" lon="126.98812866210938"><ele>25.799999237060547</ele><time>2026-08-23T01:13:38Z</time></trkpt><trkpt lat="37.56812286376953" lon="126.98810577392578"><ele>25.799999237060547</ele><time>2026-08-23T01:13:39Z</time></trkpt><trkpt lat="37.5681266784668" lon="126.98808288574219"><ele>25.799999237060547</ele><time>2026-08-23T01:13:40Z</time></trkpt><trkpt lat="37.5681266784668" lon="126.9880599975586"><ele>25.799999237060547</ele><time>2026-08-23T01:13:41Z</time></trkpt><trkpt lat="37.56813430786133" lon="126.98802947998047"><ele>25.799999237060547</ele><time>2026-08-23T01:13:42Z</time></trkpt><trkpt lat="37.56813430786133" lon="126.98799896240234"><ele>25.799999237060547</ele><time>2026-08-23T01:13:43Z</time></trkpt><trkpt lat="37.56814193725586" lon="126.98797607421875"><ele>25.799999237060547</ele><time>2026-08-23T01:13:44Z</time></trkpt><trkpt lat="37.568145751953125" lon="126.98796081542969"><ele>25.799999237060547</ele><time>2026-08-23T01:13:45Z</time></trkpt><trkpt lat="37.56814956665039" lon="126.98794555664062"><ele>26.0</ele><time>2026-08-23T01:13:46Z</time></trkpt><trkpt lat="37.56815719604492" lon="126.98792266845703"><ele>26.0</ele><time>2026-08-23T01:13:47Z</time></trkpt><trkpt lat="37.56815719604492" lon="126.9879150390625"><ele>26.0</ele><time>2026-08-23T01:13:48Z</time></trkpt><trkpt lat="37.56816101074219" lon="126.9878921508789"><ele>26.0</ele><time>2026-08-23T01:13:49Z</time></trkpt><trkpt lat="37.56815719604492" lon="126.98787689208984"><ele>26.0</ele><time>2026-08-23T01:13:50Z</time></trkpt><trkpt lat="37.568145751953125" lon="126.98785400390625"><ele>26.0</ele><time>2026-08-23T01:13:51Z</time></trkpt><trkpt lat="37.5681266784668" lon="126.98782348632812"><ele>26.0</ele><time>2026-08-23T01:13:52Z</time></trkpt><trkpt lat="37.568119049072266" lon="126.98778533935547"><ele>26.0</ele><time>2026-08-23T01:13:53Z</time></trkpt><trkpt lat="37.56809616088867" lon="126.98776245117188"><ele>26.0</ele><time>2026-08-23T01:13:54Z</time></trkpt><trkpt lat="37.56808853149414" lon="126.98773193359375"><ele>26.0</ele><time>2026-08-23T01:13:55Z</time></trkpt><trkpt lat="37.56806182861328" lon="126.98770904541016"><ele>26.200000762939453</ele><time>2026-08-23T01:13:56Z</time></trkpt><trkpt lat="37.56806564331055" lon="126.98767852783203"><ele>26.200000762939453</ele><time>2026-08-23T01:13:57Z</time></trkpt><trkpt lat="37.56806945800781" lon="126.98765563964844"><ele>26.200000762939453</ele><time>2026-08-23T01:13:58Z</time></trkpt><trkpt lat="37.56806945800781" lon="126.98762512207031"><ele>26.200000762939453</ele><time>2026-08-23T01:13:59Z</time></trkpt><trkpt lat="37.56807327270508" lon="126.98759460449219"><ele>26.200000762939453</ele><time>2026-08-23T01:14:00Z</time></trkpt><trkpt lat="37.56806945800781" lon="126.98756408691406"><ele>26.200000762939453</ele><time>2026-08-23T01:14:01Z</time></trkpt><trkpt lat="37.56806945800781" lon="126.98754119873047"><ele>26.200000762939453</ele><time>2026-08-23T01:14:02Z</time></trkpt><trkpt lat="37.56806564331055" lon="126.98751831054688"><ele>26.200000762939453</ele><time>2026-08-23T01:14:03Z</time></trkpt><trkpt lat="37.56806945800781" lon="126.98749542236328"><ele>26.200000762939453</ele><time>2026-08-23T01:14:04Z</time></trkpt><trkpt lat="37.568077087402344" lon="126.98748016357422"><ele>26.200000762939453</ele><time>2026-08-23T01:14:05Z</time></trkpt><trkpt lat="37.56808090209961" lon="126.98747253417969"><ele>26.200000762939453</ele><time>2026-08-23T01:14:06Z</time></trkpt><trkpt lat="37.568058013916016" lon="126.98747253417969"><ele>26.200000762939453</ele><time>2026-08-23T01:14:07Z</time></trkpt><trkpt lat="37.56806564331055" lon="126.98747253417969"><ele>26.200000762939453</ele><time>2026-08-23T01:14:08Z</time></trkpt><trkpt lat="37.56806564331055" lon="126.98746490478516"><ele>26.200000762939453</ele><time>2026-08-23T01:14:09Z</time></trkpt><trkpt lat="37.568058013916016" lon="126.98745727539062"><ele>26.200000762939453</ele><time>2026-08-23T01:14:10Z</time></trkpt><trkpt lat="37.56806564331055" lon="126.98743438720703"><ele>26.200000762939453</ele><time>2026-08-23T01:14:11Z</time></trkpt><trkpt lat="37.568077087402344" lon="126.98738861083984"><ele>26.200000762939453</ele><time>2026-08-23T01:14:12Z</time></trkpt><trkpt lat="37.568092346191406" lon="126.98734283447266"><ele>26.399999618530273</ele><time>2026-08-23T01:14:13Z</time></trkpt><trkpt lat="37.56809616088867" lon="126.9873046875"><ele>26.399999618530273</ele><time>2026-08-23T01:14:14Z</time></trkpt><trkpt lat="37.56810760498047" lon="126.98725128173828"><ele>26.399999618530273</ele><time>2026-08-23T01:14:15Z</time></trkpt><trkpt lat="37.568115234375" lon="126.98721313476562"><ele>26.399999618530273</ele><time>2026-08-23T01:14:16Z</time></trkpt><trkpt lat="37.56812286376953" lon="126.98717498779297"><ele>26.399999618530273</ele><time>2026-08-23T01:14:17Z</time></trkpt><trkpt lat="37.5681266784668" lon="126.98713684082031"><ele>26.600000381469727</ele><time>2026-08-23T01:14:18Z</time></trkpt><trkpt lat="37.56813430786133" lon="126.98710632324219"><ele>26.399999618530273</ele><time>2026-08-23T01:14:19Z</time></trkpt><trkpt lat="37.568138122558594" lon="126.98706817626953"><ele>26.399999618530273</ele><time>2026-08-23T01:14:20Z</time></trkpt><trkpt lat="37.56814193725586" lon="126.9870376586914"><ele>26.399999618530273</ele><time>2026-08-23T01:14:21Z</time></trkpt><trkpt lat="37.56814193725586" lon="126.98702239990234"><ele>26.600000381469727</ele><time>2026-08-23T01:14:22Z</time></trkpt><trkpt lat="37.56814193725586" lon="126.98699951171875"><ele>26.600000381469727</ele><time>2026-08-23T01:14:23Z</time></trkpt><trkpt lat="37.568145751953125" lon="126.98698425292969"><ele>26.600000381469727</ele><time>2026-08-23T01:14:24Z</time></trkpt><trkpt lat="37.568145751953125" lon="126.9869613647461"><ele>26.600000381469727</ele><time>2026-08-23T01:14:25Z</time></trkpt><trkpt lat="37.568145751953125" lon="126.98695373535156"><ele>26.600000381469727</ele><time>2026-08-23T01:14:26Z</time></trkpt><trkpt lat="37.56814956665039" lon="126.98693084716797"><ele>26.600000381469727</ele><time>2026-08-23T01:14:27Z</time></trkpt><trkpt lat="37.568153381347656" lon="126.98690032958984"><ele>26.600000381469727</ele><time>2026-08-23T01:14:28Z</time></trkpt><trkpt lat="37.56814956665039" lon="126.98687744140625"><ele>26.799999237060547</ele><time>2026-08-23T01:14:29Z</time></trkpt><trkpt lat="37.568145751953125" lon="126.98684692382812"><ele>26.799999237060547</ele><time>2026-08-23T01:14:30Z</time></trkpt><trkpt lat="37.56814956665039" lon="126.98682403564453"><ele>26.799999237060547</ele><time>2026-08-23T01:14:31Z</time></trkpt><trkpt lat="37.568153381347656" lon="126.9867935180664"><ele>26.799999237060547</ele><time>2026-08-23T01:14:32Z</time></trkpt><trkpt lat="37.56815719604492" lon="126.98677062988281"><ele>26.799999237060547</ele><time>2026-08-23T01:14:33Z</time></trkpt><trkpt lat="37.56816101074219" lon="126.98674011230469"><ele>26.799999237060547</ele><time>2026-08-23T01:14:34Z</time></trkpt><trkpt lat="37.56816101074219" lon="126.9867172241211"><ele>26.799999237060547</ele><time>2026-08-23T01:14:35Z</time></trkpt><trkpt lat="37.56816482543945" lon="126.9866943359375"><ele>26.799999237060547</ele><time>2026-08-23T01:14:36Z</time></trkpt><trkpt lat="37.56816864013672" lon="126.9866714477539"><ele>26.799999237060547</ele><time>2026-08-23T01:14:37Z</time></trkpt><trkpt lat="37.568172454833984" lon="126.98664855957031"><ele>26.799999237060547</ele><time>2026-08-23T01:14:38Z</time></trkpt><trkpt lat="37.56817626953125" lon="126.98662567138672"><ele>26.799999237060547</ele><time>2026-08-23T01:14:39Z</time></trkpt><trkpt lat="37.56818389892578" lon="126.98660278320312"><ele>26.799999237060547</ele><time>2026-08-23T01:14:40Z</time></trkpt><trkpt lat="37.56818771362305" lon="126.98658752441406"><ele>26.799999237060547</ele><time>2026-08-23T01:14:41Z</time></trkpt><trkpt lat="37.56819152832031" lon="126.98655700683594"><ele>26.799999237060547</ele><time>2026-08-23T01:14:42Z</time></trkpt><trkpt lat="37.568199157714844" lon="126.98653411865234"><ele>27.0</ele><time>2026-08-23T01:14:43Z</time></trkpt><trkpt lat="37.568206787109375" lon="126.98651123046875"><ele>27.0</ele><time>2026-08-23T01:14:44Z</time></trkpt><trkpt lat="37.568214416503906" lon="126.98648071289062"><ele>27.0</ele><time>2026-08-23T01:14:45Z</time></trkpt><trkpt lat="37.56821823120117" lon="126.98646545410156"><ele>26.799999237060547</ele><time>2026-08-23T01:14:46Z</time></trkpt><trkpt lat="37.56821823120117" lon="126.98644256591797"><ele>26.799999237060547</ele><time>2026-08-23T01:14:47Z</time></trkpt><trkpt lat="37.5682258605957" lon="126.9864273071289"><ele>26.799999237060547</ele><time>2026-08-23T01:14:48Z</time></trkpt><trkpt lat="37.56822967529297" lon="126.98641204833984"><ele>26.799999237060547</ele><time>2026-08-23T01:14:49Z</time></trkpt><trkpt lat="37.568241119384766" lon="126.98638153076172"><ele>26.799999237060547</ele><time>2026-08-23T01:14:50Z</time></trkpt><trkpt lat="37.5682487487793" lon="126.98635864257812"><ele>26.799999237060547</ele><time>2026-08-23T01:14:51Z</time></trkpt><trkpt lat="37.56825637817383" lon="126.98634338378906"><ele>27.0</ele><time>2026-08-23T01:14:52Z</time></trkpt><trkpt lat="37.568267822265625" lon="126.98632049560547"><ele>27.0</ele><time>2026-08-23T01:14:53Z</time></trkpt><trkpt lat="37.568267822265625" lon="126.9863052368164"><ele>26.799999237060547</ele><time>2026-08-23T01:14:54Z</time></trkpt><trkpt lat="37.56828308105469" lon="126.98627471923828"><ele>26.799999237060547</ele><time>2026-08-23T01:14:55Z</time></trkpt><trkpt lat="37.56829071044922" lon="126.98625183105469"><ele>26.799999237060547</ele><time>2026-08-23T01:14:56Z</time></trkpt><trkpt lat="37.56829833984375" lon="126.98622131347656"><ele>27.0</ele><time>2026-08-23T01:14:57Z</time></trkpt><trkpt lat="37.56830978393555" lon="126.98619842529297"><ele>27.0</ele><time>2026-08-23T01:14:58Z</time></trkpt><trkpt lat="37.56830978393555" lon="126.98617553710938"><ele>27.0</ele><time>2026-08-23T01:14:59Z</time></trkpt><trkpt lat="37.56831741333008" lon="126.98614501953125"><ele>27.0</ele><time>2026-08-23T01:15:00Z</time></trkpt><trkpt lat="37.56832504272461" lon="126.98612976074219"><ele>27.0</ele><time>2026-08-23T01:15:01Z</time></trkpt><trkpt lat="37.568328857421875" lon="126.9861068725586"><ele>27.200000762939453</ele><time>2026-08-23T01:15:02Z</time></trkpt><trkpt lat="37.568336486816406" lon="126.98607635498047"><ele>27.200000762939453</ele><time>2026-08-23T01:15:03Z</time></trkpt><trkpt lat="37.56834030151367" lon="126.98605346679688"><ele>27.200000762939453</ele><time>2026-08-23T01:15:04Z</time></trkpt><trkpt lat="37.5683479309082" lon="126.98603057861328"><ele>27.200000762939453</ele><time>2026-08-23T01:15:05Z</time></trkpt><trkpt lat="37.568355560302734" lon="126.98600769042969"><ele>27.200000762939453</ele><time>2026-08-23T01:15:06Z</time></trkpt><trkpt lat="37.568359375" lon="126.98599243164062"><ele>27.200000762939453</ele><time>2026-08-23T01:15:07Z</time></trkpt><trkpt lat="37.56836700439453" lon="126.98596954345703"><ele>27.200000762939453</ele><time>2026-08-23T01:15:08Z</time></trkpt><trkpt lat="37.56836700439453" lon="126.98594665527344"><ele>27.200000762939453</ele><time>2026-08-23T01:15:09Z</time></trkpt><trkpt lat="37.56837844848633" lon="126.98591613769531"><ele>27.200000762939453</ele><time>2026-08-23T01:15:10Z</time></trkpt><trkpt lat="37.56837844848633" lon="126.98589324951172"><ele>27.200000762939453</ele><time>2026-08-23T01:15:11Z</time></trkpt><trkpt lat="37.56837844848633" lon="126.98587036132812"><ele>27.399999618530273</ele><time>2026-08-23T01:15:12Z</time></trkpt><trkpt lat="37.56838607788086" lon="126.98583984375"><ele>27.399999618530273</ele><time>2026-08-23T01:15:13Z</time></trkpt><trkpt lat="37.56838607788086" lon="126.98582458496094"><ele>27.399999618530273</ele><time>2026-08-23T01:15:14Z</time></trkpt><trkpt lat="37.56838607788086" lon="126.98579406738281"><ele>27.399999618530273</ele><time>2026-08-23T01:15:15Z</time></trkpt><trkpt lat="37.568389892578125" lon="126.98577117919922"><ele>27.399999618530273</ele><time>2026-08-23T01:15:16Z</time></trkpt><trkpt lat="37.56839370727539" lon="126.98574829101562"><ele>27.399999618530273</ele><time>2026-08-23T01:15:17Z</time></trkpt><trkpt lat="37.568397521972656" lon="126.98572540283203"><ele>27.399999618530273</ele><time>2026-08-23T01:15:18Z</time></trkpt><trkpt lat="37.56840133666992" lon="126.9856948852539"><ele>27.399999618530273</ele><time>2026-08-23T01:15:19Z</time></trkpt><trkpt lat="37.56840515136719" lon="126.9856948852539"><ele>27.399999618530273</ele><time>2026-08-23T01:15:20Z</time></trkpt><trkpt lat="37.56840133666992" lon="126.98567199707031"><ele>27.399999618530273</ele><time>2026-08-23T01:15:21Z</time></trkpt><trkpt lat="37.568416595458984" lon="126.98564147949219"><ele>27.399999618530273</ele><time>2026-08-23T01:15:22Z</time></trkpt><trkpt lat="37.56842803955078" lon="126.98561096191406"><ele>27.399999618530273</ele><time>2026-08-23T01:15:23Z</time></trkpt><trkpt lat="37.56842803955078" lon="126.98558044433594"><ele>27.399999618530273</ele><time>2026-08-23T01:15:24Z</time></trkpt><trkpt lat="37.56843185424805" lon="126.98554992675781"><ele>27.600000381469727</ele><time>2026-08-23T01:15:25Z</time></trkpt><trkpt lat="37.56843948364258" lon="126.98551940917969"><ele>27.600000381469727</ele><time>2026-08-23T01:15:26Z</time></trkpt><trkpt lat="37.568443298339844" lon="126.9854965209961"><ele>27.600000381469727</ele><time>2026-08-23T01:15:27Z</time></trkpt><trkpt lat="37.56844711303711" lon="126.98545837402344"><ele>27.600000381469727</ele><time>2026-08-23T01:15:28Z</time></trkpt><trkpt lat="37.56845474243164" lon="126.98543548583984"><ele>27.600000381469727</ele><time>2026-08-23T01:15:29Z</time></trkpt><trkpt lat="37.568458557128906" lon="126.98540496826172"><ele>27.600000381469727</ele><time>2026-08-23T01:15:30Z</time></trkpt><trkpt lat="37.56846618652344" lon="126.98538208007812"><ele>27.600000381469727</ele><time>2026-08-23T01:15:31Z</time></trkpt><trkpt lat="37.5684700012207" lon="126.98535919189453"><ele>27.600000381469727</ele><time>2026-08-23T01:15:32Z</time></trkpt><trkpt lat="37.568477630615234" lon="126.9853286743164"><ele>27.600000381469727</ele><time>2026-08-23T01:15:33Z</time></trkpt><trkpt lat="37.568477630615234" lon="126.98530578613281"><ele>27.600000381469727</ele><time>2026-08-23T01:15:34Z</time></trkpt><trkpt lat="37.568485260009766" lon="126.98527526855469"><ele>27.600000381469727</ele><time>2026-08-23T01:15:35Z</time></trkpt><trkpt lat="37.5684928894043" lon="126.9852523803711"><ele>27.799999237060547</ele><time>2026-08-23T01:15:36Z</time></trkpt><trkpt lat="37.56849670410156" lon="126.9852294921875"><ele>27.799999237060547</ele><time>2026-08-23T01:15:37Z</time></trkpt><trkpt lat="37.56850814819336" lon="126.9852066040039"><ele>27.799999237060547</ele><time>2026-08-23T01:15:38Z</time></trkpt><trkpt lat="37.568511962890625" lon="126.98519134521484"><ele>27.799999237060547</ele><time>2026-08-23T01:15:39Z</time></trkpt><trkpt lat="37.56852340698242" lon="126.98516845703125"><ele>27.799999237060547</ele><time>2026-08-23T01:15:40Z</time></trkpt><trkpt lat="37.56853103637695" lon="126.98514556884766"><ele>28.0</ele><time>2026-08-23T01:15:41Z</time></trkpt><trkpt lat="37.56853485107422" lon="126.98511505126953"><ele>27.799999237060547</ele><time>2026-08-23T01:15:42Z</time></trkpt><trkpt lat="37.568546295166016" lon="126.9850845336914"><ele>27.799999237060547</ele><time>2026-08-23T01:15:43Z</time></trkpt><trkpt lat="37.56855392456055" lon="126.98506164550781"><ele>27.799999237060547</ele><time>2026-08-23T01:15:44Z</time></trkpt><trkpt lat="37.56855773925781" lon="126.98503875732422"><ele>27.799999237060547</ele><time>2026-08-23T01:15:45Z</time></trkpt><trkpt lat="37.56856155395508" lon="126.98501586914062"><ele>27.799999237060547</ele><time>2026-08-23T01:15:46Z</time></trkpt><trkpt lat="37.56856918334961" lon="126.98500061035156"><ele>27.799999237060547</ele><time>2026-08-23T01:15:47Z</time></trkpt><trkpt lat="37.568572998046875" lon="126.98497772216797"><ele>27.799999237060547</ele><time>2026-08-23T01:15:48Z</time></trkpt><trkpt lat="37.56857681274414" lon="126.98495483398438"><ele>27.799999237060547</ele><time>2026-08-23T01:15:49Z</time></trkpt><trkpt lat="37.568580627441406" lon="126.98493194580078"><ele>27.799999237060547</ele><time>2026-08-23T01:15:50Z</time></trkpt><trkpt lat="37.56858825683594" lon="126.98490905761719"><ele>27.799999237060547</ele><time>2026-08-23T01:15:51Z</time></trkpt><trkpt lat="37.5685920715332" lon="126.98489379882812"><ele>27.799999237060547</ele><time>2026-08-23T01:15:52Z</time></trkpt><trkpt lat="37.56859588623047" lon="126.98487854003906"><ele>27.799999237060547</ele><time>2026-08-23T01:15:53Z</time></trkpt><trkpt lat="37.568603515625" lon="126.98485565185547"><ele>27.799999237060547</ele><time>2026-08-23T01:15:54Z</time></trkpt><trkpt lat="37.568607330322266" lon="126.98483276367188"><ele>27.799999237060547</ele><time>2026-08-23T01:15:55Z</time></trkpt><trkpt lat="37.56861877441406" lon="126.98480224609375"><ele>27.799999237060547</ele><time>2026-08-23T01:15:56Z</time></trkpt><trkpt lat="37.568626403808594" lon="126.98477935791016"><ele>28.0</ele><time>2026-08-23T01:15:57Z</time></trkpt><trkpt lat="37.56863021850586" lon="126.9847640991211"><ele>28.0</ele><time>2026-08-23T01:15:58Z</time></trkpt><trkpt lat="37.568641662597656" lon="126.98473358154297"><ele>28.0</ele><time>2026-08-23T01:15:59Z</time></trkpt><trkpt lat="37.568641662597656" lon="126.9847183227539"><ele>28.0</ele><time>2026-08-23T01:16:00Z</time></trkpt><trkpt lat="37.56864547729492" lon="126.98468017578125"><ele>28.200000762939453</ele><time>2026-08-23T01:16:01Z</time></trkpt><trkpt lat="37.56865310668945" lon="126.98465728759766"><ele>28.200000762939453</ele><time>2026-08-23T01:16:02Z</time></trkpt><trkpt lat="37.56865692138672" lon="126.9846420288086"><ele>28.200000762939453</ele><time>2026-08-23T01:16:03Z</time></trkpt><trkpt lat="37.568668365478516" lon="126.984619140625"><ele>28.200000762939453</ele><time>2026-08-23T01:16:04Z</time></trkpt><trkpt lat="37.56867599487305" lon="126.98458862304688"><ele>28.399999618530273</ele><time>2026-08-23T01:16:05Z</time></trkpt><trkpt lat="37.56867599487305" lon="126.98457336425781"><ele>28.399999618530273</ele><time>2026-08-23T01:16:06Z</time></trkpt><trkpt lat="37.56868362426758" lon="126.98455047607422"><ele>28.399999618530273</ele><time>2026-08-23T01:16:07Z</time></trkpt><trkpt lat="37.568687438964844" lon="126.98452758789062"><ele>28.399999618530273</ele><time>2026-08-23T01:16:08Z</time></trkpt><trkpt lat="37.568695068359375" lon="126.9844970703125"><ele>28.600000381469727</ele><time>2026-08-23T01:16:09Z</time></trkpt><trkpt lat="37.568695068359375" lon="126.9844741821289"><ele>28.399999618530273</ele><time>2026-08-23T01:16:10Z</time></trkpt><trkpt lat="37.56869888305664" lon="126.98444366455078"><ele>28.399999618530273</ele><time>2026-08-23T01:16:11Z</time></trkpt><trkpt lat="37.56870651245117" lon="126.98441314697266"><ele>28.399999618530273</ele><time>2026-08-23T01:16:12Z</time></trkpt><trkpt lat="37.56871032714844" lon="126.9843978881836"><ele>28.399999618530273</ele><time>2026-08-23T01:16:13Z</time></trkpt><trkpt lat="37.5687141418457" lon="126.98436737060547"><ele>28.399999618530273</ele><time>2026-08-23T01:16:14Z</time></trkpt><trkpt lat="37.56871795654297" lon="126.98434448242188"><ele>28.399999618530273</ele><time>2026-08-23T01:16:15Z</time></trkpt><trkpt lat="37.568721771240234" lon="126.98431396484375"><ele>28.600000381469727</ele><time>2026-08-23T01:16:16Z</time></trkpt><trkpt lat="37.5687255859375" lon="126.98429107666016"><ele>28.600000381469727</ele><time>2026-08-23T01:16:17Z</time></trkpt><trkpt lat="37.568817138671875" lon="126.9819107055664"><ele>30.600000381469727</ele><time>2026-08-23T01:18:31Z</time></trkpt><trkpt lat="37.5688591003418" lon="126.9823226928711"><ele>30.600000381469727</ele><time>2026-08-23T01:18:32Z</time></trkpt><trkpt lat="37.568885803222656" lon="126.98235321044922"><ele>30.600000381469727</ele><time>2026-08-23T01:18:33Z</time></trkpt><trkpt lat="37.56892395019531" lon="126.98234558105469"><ele>30.600000381469727</ele><time>2026-08-23T01:18:34Z</time></trkpt><trkpt lat="37.56892776489258" lon="126.98233032226562"><ele>30.600000381469727</ele><time>2026-08-23T01:18:35Z</time></trkpt><trkpt lat="37.568931579589844" lon="126.98230743408203"><ele>30.600000381469727</ele><time>2026-08-23T01:18:36Z</time></trkpt><trkpt lat="37.568931579589844" lon="126.98228454589844"><ele>30.600000381469727</ele><time>2026-08-23T01:18:37Z</time></trkpt><trkpt lat="37.568931579589844" lon="126.98226165771484"><ele>30.600000381469727</ele><time>2026-08-23T01:18:38Z</time></trkpt><trkpt lat="37.56893539428711" lon="126.98223876953125"><ele>30.600000381469727</ele><time>2026-08-23T01:18:39Z</time></trkpt><trkpt lat="37.568931579589844" lon="126.98220825195312"><ele>30.600000381469727</ele><time>2026-08-23T01:18:40Z</time></trkpt><trkpt lat="37.56892776489258" lon="126.982177734375"><ele>30.600000381469727</ele><time>2026-08-23T01:18:41Z</time></trkpt><trkpt lat="37.56892013549805" lon="126.9821548461914"><ele>30.600000381469727</ele><time>2026-08-23T01:18:42Z</time></trkpt><trkpt lat="37.56892013549805" lon="126.98213958740234"><ele>30.799999237060547</ele><time>2026-08-23T01:18:43Z</time></trkpt><trkpt lat="37.56892013549805" lon="126.98210906982422"><ele>30.799999237060547</ele><time>2026-08-23T01:18:44Z</time></trkpt><trkpt lat="37.56892013549805" lon="126.98208618164062"><ele>30.799999237060547</ele><time>2026-08-23T01:18:45Z</time></trkpt><trkpt lat="37.56892395019531" lon="126.98207092285156"><ele>30.600000381469727</ele><time>2026-08-23T01:18:46Z</time></trkpt><trkpt lat="37.56892776489258" lon="126.98204040527344"><ele>30.600000381469727</ele><time>2026-08-23T01:18:47Z</time></trkpt><trkpt lat="37.568931579589844" lon="126.98201751708984"><ele>30.600000381469727</ele><time>2026-08-23T01:18:48Z</time></trkpt><trkpt lat="37.56893539428711" lon="126.98198699951172"><ele>30.799999237060547</ele><time>2026-08-23T01:18:49Z</time></trkpt><trkpt lat="37.56893539428711" lon="126.98196411132812"><ele>30.799999237060547</ele><time>2026-08-23T01:18:50Z</time></trkpt><trkpt lat="37.568939208984375" lon="126.98194122314453"><ele>30.799999237060547</ele><time>2026-08-23T01:18:51Z</time></trkpt><trkpt lat="37.568939208984375" lon="126.9819107055664"><ele>30.799999237060547</ele><time>2026-08-23T01:18:52Z</time></trkpt><trkpt lat="37.568939208984375" lon="126.98188781738281"><ele>30.799999237060547</ele><time>2026-08-23T01:18:53Z</time></trkpt><trkpt lat="37.56894302368164" lon="126.98184967041016"><ele>30.799999237060547</ele><time>2026-08-23T01:18:54Z</time></trkpt><trkpt lat="37.568939208984375" lon="126.98182678222656"><ele>30.799999237060547</ele><time>2026-08-23T01:18:55Z</time></trkpt><trkpt lat="37.56895065307617" lon="126.98180389404297"><ele>30.799999237060547</ele><time>2026-08-23T01:18:56Z</time></trkpt><trkpt lat="37.5689582824707" lon="126.98178100585938"><ele>31.0</ele><time>2026-08-23T01:18:57Z</time></trkpt><trkpt lat="37.5689582824707" lon="126.98175811767578"><ele>31.0</ele><time>2026-08-23T01:18:58Z</time></trkpt><trkpt lat="37.56896209716797" lon="126.98172760009766"><ele>31.0</ele><time>2026-08-23T01:18:59Z</time></trkpt><trkpt lat="37.568965911865234" lon="126.9817123413086"><ele>31.0</ele><time>2026-08-23T01:19:00Z</time></trkpt><trkpt lat="37.568973541259766" lon="126.98168182373047"><ele>31.0</ele><time>2026-08-23T01:19:01Z</time></trkpt><trkpt lat="37.56897735595703" lon="126.9816665649414"><ele>31.0</ele><time>2026-08-23T01:19:02Z</time></trkpt><trkpt lat="37.56897735595703" lon="126.98164367675781"><ele>31.0</ele><time>2026-08-23T01:19:03Z</time></trkpt><trkpt lat="37.56897735595703" lon="126.98162078857422"><ele>31.0</ele><time>2026-08-23T01:19:04Z</time></trkpt><trkpt lat="37.56897735595703" lon="126.98159790039062"><ele>31.200000762939453</ele><time>2026-08-23T01:19:05Z</time></trkpt><trkpt lat="37.5689811706543" lon="126.98157501220703"><ele>31.200000762939453</ele><time>2026-08-23T01:19:06Z</time></trkpt><trkpt lat="37.56898880004883" lon="126.9815444946289"><ele>31.0</ele><time>2026-08-23T01:19:07Z</time></trkpt><trkpt lat="37.56898880004883" lon="126.98152160644531"><ele>31.0</ele><time>2026-08-23T01:19:08Z</time></trkpt><trkpt lat="37.568992614746094" lon="126.98149108886719"><ele>31.0</ele><time>2026-08-23T01:19:09Z</time></trkpt><trkpt lat="37.568992614746094" lon="126.98147583007812"><ele>31.200000762939453</ele><time>2026-08-23T01:19:10Z</time></trkpt><trkpt lat="37.56899642944336" lon="126.98145294189453"><ele>31.200000762939453</ele><time>2026-08-23T01:19:11Z</time></trkpt><trkpt lat="37.569000244140625" lon="126.98143005371094"><ele>31.200000762939453</ele><time>2026-08-23T01:19:12Z</time></trkpt><trkpt lat="37.56900405883789" lon="126.98140716552734"><ele>31.200000762939453</ele><time>2026-08-23T01:19:13Z</time></trkpt><trkpt lat="37.569007873535156" lon="126.98137664794922"><ele>31.200000762939453</ele><time>2026-08-23T01:19:14Z</time></trkpt><trkpt lat="37.56901168823242" lon="126.98136138916016"><ele>31.200000762939453</ele><time>2026-08-23T01:19:15Z</time></trkpt><trkpt lat="37.56901550292969" lon="126.98133087158203"><ele>31.200000762939453</ele><time>2026-08-23T01:19:16Z</time></trkpt><trkpt lat="37.56901931762695" lon="126.98130798339844"><ele>31.200000762939453</ele><time>2026-08-23T01:19:17Z</time></trkpt><trkpt lat="37.56901931762695" lon="126.98129272460938"><ele>31.200000762939453</ele><time>2026-08-23T01:19:18Z</time></trkpt><trkpt lat="37.56901550292969" lon="126.98126220703125"><ele>31.200000762939453</ele><time>2026-08-23T01:19:19Z</time></trkpt><trkpt lat="37.56900405883789" lon="126.98123931884766"><ele>31.200000762939453</ele><time>2026-08-23T01:19:20Z</time></trkpt><trkpt lat="37.568992614746094" lon="126.981201171875"><ele>31.200000762939453</ele><time>2026-08-23T01:19:21Z</time></trkpt><trkpt lat="37.56897735595703" lon="126.98118591308594"><ele>31.200000762939453</ele><time>2026-08-23T01:19:22Z</time></trkpt><trkpt lat="37.568973541259766" lon="126.98115539550781"><ele>31.200000762939453</ele><time>2026-08-23T01:19:23Z</time></trkpt><trkpt lat="37.56896209716797" lon="126.98112487792969"><ele>31.200000762939453</ele><time>2026-08-23T01:19:24Z</time></trkpt><trkpt lat="37.56896209716797" lon="126.9811019897461"><ele>31.399999618530273</ele><time>2026-08-23T01:19:25Z</time></trkpt><trkpt lat="37.568965911865234" lon="126.9810791015625"><ele>31.399999618530273</ele><time>2026-08-23T01:19:26Z</time></trkpt><trkpt lat="37.568965911865234" lon="126.98104858398438"><ele>31.399999618530273</ele><time>2026-08-23T01:19:27Z</time></trkpt><trkpt lat="37.5689697265625" lon="126.98101806640625"><ele>31.399999618530273</ele><time>2026-08-23T01:19:28Z</time></trkpt><trkpt lat="37.5689697265625" lon="126.98100280761719"><ele>31.399999618530273</ele><time>2026-08-23T01:19:29Z</time></trkpt><trkpt lat="37.5689697265625" lon="126.9809799194336"><ele>31.399999618530273</ele><time>2026-08-23T01:19:30Z</time></trkpt><trkpt lat="37.5689811706543" lon="126.98097229003906"><ele>31.399999618530273</ele><time>2026-08-23T01:19:31Z</time></trkpt><trkpt lat="37.569000244140625" lon="126.98096466064453"><ele>31.399999618530273</ele><time>2026-08-23T01:19:32Z</time></trkpt><trkpt lat="37.56901931762695" lon="126.98094940185547"><ele>31.399999618530273</ele><time>2026-08-23T01:19:33Z</time></trkpt><trkpt lat="37.569034576416016" lon="126.98094177246094"><ele>31.399999618530273</ele><time>2026-08-23T01:19:34Z</time></trkpt><trkpt lat="37.56904602050781" lon="126.98091125488281"><ele>31.399999618530273</ele><time>2026-08-23T01:19:35Z</time></trkpt><trkpt lat="37.56905746459961" lon="126.98088836669922"><ele>31.399999618530273</ele><time>2026-08-23T01:19:36Z</time></trkpt><trkpt lat="37.56907653808594" lon="126.98086547851562"><ele>31.399999618530273</ele><time>2026-08-23T01:19:37Z</time></trkpt><trkpt lat="37.569091796875" lon="126.98085021972656"><ele>31.399999618530273</ele><time>2026-08-23T01:19:38Z</time></trkpt><trkpt lat="37.56910705566406" lon="126.98082733154297"><ele>31.399999618530273</ele><time>2026-08-23T01:19:39Z</time></trkpt><trkpt lat="37.56912612915039" lon="126.98080444335938"><ele>31.399999618530273</ele><time>2026-08-23T01:19:40Z</time></trkpt><trkpt lat="37.56914138793945" lon="126.98078155517578"><ele>31.399999618530273</ele><time>2026-08-23T01:19:41Z</time></trkpt><trkpt lat="37.569156646728516" lon="126.98075866699219"><ele>31.399999618530273</ele><time>2026-08-23T01:19:42Z</time></trkpt><trkpt lat="37.56916427612305" lon="126.9807357788086"><ele>31.399999618530273</ele><time>2026-08-23T01:19:43Z</time></trkpt><trkpt lat="37.56916046142578" lon="126.980712890625"><ele>31.399999618530273</ele><time>2026-08-23T01:19:44Z</time></trkpt><trkpt lat="37.569156646728516" lon="126.9806900024414"><ele>31.399999618530273</ele><time>2026-08-23T01:19:45Z</time></trkpt><trkpt lat="37.569156646728516" lon="126.98065948486328"><ele>31.600000381469727</ele><time>2026-08-23T01:19:46Z</time></trkpt><trkpt lat="37.569156646728516" lon="126.98062896728516"><ele>31.600000381469727</ele><time>2026-08-23T01:19:47Z</time></trkpt><trkpt lat="37.569156646728516" lon="126.98059844970703"><ele>31.600000381469727</ele><time>2026-08-23T01:19:48Z</time></trkpt><trkpt lat="37.56916809082031" lon="126.98056030273438"><ele>31.600000381469727</ele><time>2026-08-23T01:19:49Z</time></trkpt><trkpt lat="37.56916809082031" lon="126.98053741455078"><ele>31.600000381469727</ele><time>2026-08-23T01:19:50Z</time></trkpt><trkpt lat="37.569175720214844" lon="126.98049926757812"><ele>31.600000381469727</ele><time>2026-08-23T01:19:51Z</time></trkpt><trkpt lat="37.56917953491211" lon="126.98048400878906"><ele>31.600000381469727</ele><time>2026-08-23T01:19:52Z</time></trkpt><trkpt lat="37.569183349609375" lon="126.98046112060547"><ele>31.600000381469727</ele><time>2026-08-23T01:19:53Z</time></trkpt><trkpt lat="37.56918716430664" lon="126.98043823242188"><ele>31.600000381469727</ele><time>2026-08-23T01:19:54Z</time></trkpt><trkpt lat="37.569190979003906" lon="126.98042297363281"><ele>31.799999237060547</ele><time>2026-08-23T01:19:55Z</time></trkpt><trkpt lat="37.56919479370117" lon="126.98039245605469"><ele>31.799999237060547</ele><time>2026-08-23T01:19:56Z</time></trkpt><trkpt lat="37.56918716430664" lon="126.98036193847656"><ele>31.799999237060547</ele><time>2026-08-23T01:19:57Z</time></trkpt><trkpt lat="37.569190979003906" lon="126.98033905029297"><ele>31.799999237060547</ele><time>2026-08-23T01:19:58Z</time></trkpt><trkpt lat="37.569190979003906" lon="126.98030853271484"><ele>32.0</ele><time>2026-08-23T01:19:59Z</time></trkpt><trkpt lat="37.56919479370117" lon="126.98028564453125"><ele>32.0</ele><time>2026-08-23T01:20:00Z</time></trkpt><trkpt lat="37.5692024230957" lon="126.98026275634766"><ele>32.0</ele><time>2026-08-23T01:20:01Z</time></trkpt><trkpt lat="37.569190979003906" lon="126.98023223876953"><ele>32.0</ele><time>2026-08-23T01:20:02Z</time></trkpt><trkpt lat="37.569183349609375" lon="126.98021697998047"><ele>32.0</ele><time>2026-08-23T01:20:03Z</time></trkpt><trkpt lat="37.569183349609375" lon="126.98018646240234"><ele>32.0</ele><time>2026-08-23T01:20:04Z</time></trkpt><trkpt lat="37.569175720214844" lon="126.98014831542969"><ele>32.0</ele><time>2026-08-23T01:20:05Z</time></trkpt><trkpt lat="37.56917190551758" lon="126.98011779785156"><ele>32.0</ele><time>2026-08-23T01:20:06Z</time></trkpt><trkpt lat="37.56916809082031" lon="126.98009490966797"><ele>32.0</ele><time>2026-08-23T01:20:07Z</time></trkpt><trkpt lat="37.56916809082031" lon="126.98005676269531"><ele>32.0</ele><time>2026-08-23T01:20:08Z</time></trkpt><trkpt lat="37.56916427612305" lon="126.98002624511719"><ele>32.20000076293945</ele><time>2026-08-23T01:20:09Z</time></trkpt><trkpt lat="37.56916427612305" lon="126.97999572753906"><ele>32.20000076293945</ele><time>2026-08-23T01:20:10Z</time></trkpt><trkpt lat="37.56916427612305" lon="126.97996520996094"><ele>32.20000076293945</ele><time>2026-08-23T01:20:11Z</time></trkpt><trkpt lat="37.56916046142578" lon="126.97993469238281"><ele>32.20000076293945</ele><time>2026-08-23T01:20:12Z</time></trkpt><trkpt lat="37.56916046142578" lon="126.97990417480469"><ele>32.20000076293945</ele><time>2026-08-23T01:20:13Z</time></trkpt><trkpt lat="37.56916046142578" lon="126.97988891601562"><ele>32.20000076293945</ele><time>2026-08-23T01:20:14Z</time></trkpt><trkpt lat="37.56916046142578" lon="126.9798583984375"><ele>32.0</ele><time>2026-08-23T01:20:15Z</time></trkpt><trkpt lat="37.56916046142578" lon="126.97982788085938"><ele>32.0</ele><time>2026-08-23T01:20:16Z</time></trkpt><trkpt lat="37.569156646728516" lon="126.97980499267578"><ele>32.20000076293945</ele><time>2026-08-23T01:20:17Z</time></trkpt><trkpt lat="37.56915283203125" lon="126.97978210449219"><ele>32.20000076293945</ele><time>2026-08-23T01:20:18Z</time></trkpt><trkpt lat="37.56915283203125" lon="126.9797592163086"><ele>32.20000076293945</ele><time>2026-08-23T01:20:19Z</time></trkpt><trkpt lat="37.569149017333984" lon="126.97972869873047"><ele>32.20000076293945</ele><time>2026-08-23T01:20:20Z</time></trkpt><trkpt lat="37.569149017333984" lon="126.97970581054688"><ele>32.20000076293945</ele><time>2026-08-23T01:20:21Z</time></trkpt><trkpt lat="37.569149017333984" lon="126.97968292236328"><ele>32.20000076293945</ele><time>2026-08-23T01:20:22Z</time></trkpt><trkpt lat="37.56915283203125" lon="126.97965240478516"><ele>32.20000076293945</ele><time>2026-08-23T01:20:23Z</time></trkpt><trkpt lat="37.56915283203125" lon="126.97962188720703"><ele>32.20000076293945</ele><time>2026-08-23T01:20:24Z</time></trkpt><trkpt lat="37.56915283203125" lon="126.97959899902344"><ele>32.400001525878906</ele><time>2026-08-23T01:20:25Z</time></trkpt><trkpt lat="37.569156646728516" lon="126.97957611083984"><ele>32.400001525878906</ele><time>2026-08-23T01:20:26Z</time></trkpt><trkpt lat="37.569156646728516" lon="126.97954559326172"><ele>32.400001525878906</ele><time>2026-08-23T01:20:27Z</time></trkpt><trkpt lat="37.56915283203125" lon="126.97950744628906"><ele>32.400001525878906</ele><time>2026-08-23T01:20:28Z</time></trkpt><trkpt lat="37.569149017333984" lon="126.9794692993164"><ele>32.400001525878906</ele><time>2026-08-23T01:20:29Z</time></trkpt><trkpt lat="37.56915283203125" lon="126.97945404052734"><ele>32.400001525878906</ele><time>2026-08-23T01:20:30Z</time></trkpt><trkpt lat="37.569156646728516" lon="126.97943878173828"><ele>32.599998474121094</ele><time>2026-08-23T01:20:31Z</time></trkpt><trkpt lat="37.569156646728516" lon="126.97941589355469"><ele>32.599998474121094</ele><time>2026-08-23T01:20:32Z</time></trkpt><trkpt lat="37.56915283203125" lon="126.97937774658203"><ele>32.599998474121094</ele><time>2026-08-23T01:20:33Z</time></trkpt><trkpt lat="37.569149017333984" lon="126.97933959960938"><ele>32.599998474121094</ele><time>2026-08-23T01:20:34Z</time></trkpt><trkpt lat="37.569149017333984" lon="126.97931671142578"><ele>32.599998474121094</ele><time>2026-08-23T01:20:35Z</time></trkpt><trkpt lat="37.569149017333984" lon="126.97929382324219"><ele>32.79999923706055</ele><time>2026-08-23T01:20:36Z</time></trkpt><trkpt lat="37.56914520263672" lon="126.97926330566406"><ele>32.79999923706055</ele><time>2026-08-23T01:20:37Z</time></trkpt><trkpt lat="37.569149017333984" lon="126.97924041748047"><ele>32.79999923706055</ele><time>2026-08-23T01:20:38Z</time></trkpt><trkpt lat="37.56914520263672" lon="126.97921752929688"><ele>32.79999923706055</ele><time>2026-08-23T01:20:39Z</time></trkpt><trkpt lat="37.569149017333984" lon="126.97919464111328"><ele>32.79999923706055</ele><time>2026-08-23T01:20:40Z</time></trkpt><trkpt lat="37.56913757324219" lon="126.97917938232422"><ele>32.79999923706055</ele><time>2026-08-23T01:20:41Z</time></trkpt><trkpt lat="37.56914138793945" lon="126.97916412353516"><ele>32.79999923706055</ele><time>2026-08-23T01:20:42Z</time></trkpt><trkpt lat="37.569149017333984" lon="126.97914123535156"><ele>32.79999923706055</ele><time>2026-08-23T01:20:43Z</time></trkpt><trkpt lat="37.56914520263672" lon="126.97913360595703"><ele>32.79999923706055</ele><time>2026-08-23T01:20:44Z</time></trkpt><trkpt lat="37.569149017333984" lon="126.9791030883789"><ele>32.79999923706055</ele><time>2026-08-23T01:20:45Z</time></trkpt><trkpt lat="37.56914520263672" lon="126.97908782958984"><ele>32.79999923706055</ele><time>2026-08-23T01:20:46Z</time></trkpt><trkpt lat="37.56914520263672" lon="126.97905731201172"><ele>32.79999923706055</ele><time>2026-08-23T01:20:47Z</time></trkpt><trkpt lat="37.56914520263672" lon="126.97903442382812"><ele>32.79999923706055</ele><time>2026-08-23T01:20:48Z</time></trkpt><trkpt lat="37.56914138793945" lon="126.97900390625"><ele>32.79999923706055</ele><time>2026-08-23T01:20:49Z</time></trkpt><trkpt lat="37.569149017333984" lon="126.97897338867188"><ele>32.79999923706055</ele><time>2026-08-23T01:20:50Z</time></trkpt><trkpt lat="37.56914520263672" lon="126.97896575927734"><ele>32.79999923706055</ele><time>2026-08-23T01:20:51Z</time></trkpt><trkpt lat="37.56914520263672" lon="126.97895050048828"><ele>32.79999923706055</ele><time>2026-08-23T01:20:52Z</time></trkpt><trkpt lat="37.56914520263672" lon="126.97891998291016"><ele>32.79999923706055</ele><time>2026-08-23T01:20:53Z</time></trkpt><trkpt lat="37.569156646728516" lon="126.97889709472656"><ele>32.79999923706055</ele><time>2026-08-23T01:20:54Z</time></trkpt><trkpt lat="37.56916046142578" lon="126.97886657714844"><ele>32.79999923706055</ele><time>2026-08-23T01:20:55Z</time></trkpt><trkpt lat="37.56916809082031" lon="126.97882843017578"><ele>32.79999923706055</ele><time>2026-08-23T01:20:56Z</time></trkpt><trkpt lat="37.56917190551758" lon="126.97879028320312"><ele>32.79999923706055</ele><time>2026-08-23T01:20:57Z</time></trkpt><trkpt lat="37.569175720214844" lon="126.97876739501953"><ele>32.79999923706055</ele><time>2026-08-23T01:20:58Z</time></trkpt><trkpt lat="37.56918716430664" lon="126.97874450683594"><ele>33.0</ele><time>2026-08-23T01:20:59Z</time></trkpt><trkpt lat="37.56918716430664" lon="126.9787368774414"><ele>33.0</ele><time>2026-08-23T01:21:00Z</time></trkpt><trkpt lat="37.56918716430664" lon="126.97872161865234"><ele>33.20000076293945</ele><time>2026-08-23T01:21:01Z</time></trkpt><trkpt lat="37.56918716430664" lon="126.97872161865234"><ele>33.400001525878906</ele><time>2026-08-23T01:21:02Z</time></trkpt><trkpt lat="37.569190979003906" lon="126.97869873046875"><ele>33.79999923706055</ele><time>2026-08-23T01:21:03Z</time></trkpt><trkpt lat="37.569190979003906" lon="126.97869110107422"><ele>34.20000076293945</ele><time>2026-08-23T01:21:04Z</time></trkpt><trkpt lat="37.56919860839844" lon="126.97866821289062"><ele>34.400001525878906</ele><time>2026-08-23T01:21:05Z</time></trkpt><trkpt lat="37.56919860839844" lon="126.9786605834961"><ele>34.79999923706055</ele><time>2026-08-23T01:21:06Z</time></trkpt><trkpt lat="37.5692024230957" lon="126.9786376953125"><ele>35.20000076293945</ele><time>2026-08-23T01:21:07Z</time></trkpt><trkpt lat="37.5692024230957" lon="126.97862243652344"><ele>35.599998474121094</ele><time>2026-08-23T01:21:08Z</time></trkpt><trkpt lat="37.56919860839844" lon="126.97860717773438"><ele>36.0</ele><time>2026-08-23T01:21:09Z</time></trkpt><trkpt lat="37.56917953491211" lon="126.97949981689453"><ele>33.79999923706055</ele><time>2026-08-23T01:22:58Z</time></trkpt><trkpt lat="37.56917953491211" lon="126.97953796386719"><ele>33.79999923706055</ele><time>2026-08-23T01:22:59Z</time></trkpt><trkpt lat="37.56917190551758" lon="126.97957611083984"><ele>34.0</ele><time>2026-08-23T01:23:00Z</time></trkpt><trkpt lat="37.56916809082031" lon="126.97962951660156"><ele>33.79999923706055</ele><time>2026-08-23T01:23:01Z</time></trkpt><trkpt lat="37.56917190551758" lon="126.97966003417969"><ele>33.79999923706055</ele><time>2026-08-23T01:23:02Z</time></trkpt><trkpt lat="37.56917190551758" lon="126.97970581054688"><ele>33.599998474121094</ele><time>2026-08-23T01:23:03Z</time></trkpt><trkpt lat="37.56917190551758" lon="126.979736328125"><ele>33.599998474121094</ele><time>2026-08-23T01:23:04Z</time></trkpt><trkpt lat="37.569175720214844" lon="126.97977447509766"><ele>33.599998474121094</ele><time>2026-08-23T01:23:05Z</time></trkpt><trkpt lat="37.569175720214844" lon="126.97980499267578"><ele>33.599998474121094</ele><time>2026-08-23T01:23:06Z</time></trkpt><trkpt lat="37.56917953491211" lon="126.97982788085938"><ele>33.599998474121094</ele><time>2026-08-23T01:23:07Z</time></trkpt><trkpt lat="37.569183349609375" lon="126.9798583984375"><ele>33.599998474121094</ele><time>2026-08-23T01:23:08Z</time></trkpt><trkpt lat="37.56917953491211" lon="126.97988891601562"><ele>33.599998474121094</ele><time>2026-08-23T01:23:09Z</time></trkpt><trkpt lat="37.56917953491211" lon="126.97991180419922"><ele>33.599998474121094</ele><time>2026-08-23T01:23:10Z</time></trkpt><trkpt lat="37.56917953491211" lon="126.97994232177734"><ele>33.599998474121094</ele><time>2026-08-23T01:23:11Z</time></trkpt><trkpt lat="37.569175720214844" lon="126.97996520996094"><ele>33.599998474121094</ele><time>2026-08-23T01:23:12Z</time></trkpt><trkpt lat="37.56917190551758" lon="126.9800033569336"><ele>33.400001525878906</ele><time>2026-08-23T01:23:13Z</time></trkpt><trkpt lat="37.56917190551758" lon="126.98002624511719"><ele>33.400001525878906</ele><time>2026-08-23T01:23:14Z</time></trkpt><trkpt lat="37.56916809082031" lon="126.98006439208984"><ele>33.400001525878906</ele><time>2026-08-23T01:23:15Z</time></trkpt><trkpt lat="37.56916427612305" lon="126.98009490966797"><ele>33.400001525878906</ele><time>2026-08-23T01:23:16Z</time></trkpt><trkpt lat="37.569156646728516" lon="126.9801254272461"><ele>33.400001525878906</ele><time>2026-08-23T01:23:17Z</time></trkpt><trkpt lat="37.569149017333984" lon="126.98014831542969"><ele>33.400001525878906</ele><time>2026-08-23T01:23:18Z</time></trkpt><trkpt lat="37.56914520263672" lon="126.98017883300781"><ele>33.400001525878906</ele><time>2026-08-23T01:23:19Z</time></trkpt><trkpt lat="37.56913757324219" lon="126.9802017211914"><ele>33.400001525878906</ele><time>2026-08-23T01:23:20Z</time></trkpt><trkpt lat="37.569129943847656" lon="126.98023223876953"><ele>33.400001525878906</ele><time>2026-08-23T01:23:21Z</time></trkpt><trkpt lat="37.569122314453125" lon="126.98026275634766"><ele>33.400001525878906</ele><time>2026-08-23T01:23:22Z</time></trkpt><trkpt lat="37.569114685058594" lon="126.98028564453125"><ele>33.400001525878906</ele><time>2026-08-23T01:23:23Z</time></trkpt><trkpt lat="37.56910705566406" lon="126.98030853271484"><ele>33.400001525878906</ele><time>2026-08-23T01:23:24Z</time></trkpt><trkpt lat="37.56909942626953" lon="126.9803466796875"><ele>33.20000076293945</ele><time>2026-08-23T01:23:25Z</time></trkpt><trkpt lat="37.569095611572266" lon="126.98036193847656"><ele>33.20000076293945</ele><time>2026-08-23T01:23:26Z</time></trkpt><trkpt lat="37.569091796875" lon="126.98038482666016"><ele>33.20000076293945</ele><time>2026-08-23T01:23:27Z</time></trkpt><trkpt lat="37.569087982177734" lon="126.98040008544922"><ele>33.20000076293945</ele><time>2026-08-23T01:23:28Z</time></trkpt><trkpt lat="37.5690803527832" lon="126.98042297363281"><ele>33.20000076293945</ele><time>2026-08-23T01:23:29Z</time></trkpt><trkpt lat="37.56907653808594" lon="126.9804458618164"><ele>33.20000076293945</ele><time>2026-08-23T01:23:30Z</time></trkpt><trkpt lat="37.569068908691406" lon="126.98046875"><ele>33.20000076293945</ele><time>2026-08-23T01:23:31Z</time></trkpt><trkpt lat="37.569061279296875" lon="126.9804916381836"><ele>33.0</ele><time>2026-08-23T01:23:32Z</time></trkpt><trkpt lat="37.56904602050781" lon="126.98051452636719"><ele>33.0</ele><time>2026-08-23T01:23:33Z</time></trkpt><trkpt lat="37.56903839111328" lon="126.98053741455078"><ele>33.0</ele><time>2026-08-23T01:23:34Z</time></trkpt><trkpt lat="37.56903076171875" lon="126.9805679321289"><ele>33.0</ele><time>2026-08-23T01:23:35Z</time></trkpt><trkpt lat="37.56902313232422" lon="126.9805908203125"><ele>33.0</ele><time>2026-08-23T01:23:36Z</time></trkpt><trkpt lat="37.56902313232422" lon="126.98062133789062"><ele>33.0</ele><time>2026-08-23T01:23:37Z</time></trkpt><trkpt lat="37.569026947021484" lon="126.98065185546875"><ele>33.0</ele><time>2026-08-23T01:23:38Z</time></trkpt><trkpt lat="37.56903076171875" lon="126.98068237304688"><ele>33.0</ele><time>2026-08-23T01:23:39Z</time></trkpt><trkpt lat="37.56903076171875" lon="126.98070526123047"><ele>33.0</ele><time>2026-08-23T01:23:40Z</time></trkpt><trkpt lat="37.56903076171875" lon="126.98072814941406"><ele>33.0</ele><time>2026-08-23T01:23:41Z</time></trkpt><trkpt lat="37.56903076171875" lon="126.98075866699219"><ele>33.0</ele><time>2026-08-23T01:23:42Z</time></trkpt><trkpt lat="37.569034576416016" lon="126.98078155517578"><ele>33.0</ele><time>2026-08-23T01:23:43Z</time></trkpt><trkpt lat="37.569034576416016" lon="126.9808120727539"><ele>33.0</ele><time>2026-08-23T01:23:44Z</time></trkpt><trkpt lat="37.56903076171875" lon="126.9808349609375"><ele>33.0</ele><time>2026-08-23T01:23:45Z</time></trkpt><trkpt lat="37.56903076171875" lon="126.9808578491211"><ele>33.0</ele><time>2026-08-23T01:23:46Z</time></trkpt><trkpt lat="37.56902313232422" lon="126.98088836669922"><ele>33.0</ele><time>2026-08-23T01:23:47Z</time></trkpt><trkpt lat="37.56901931762695" lon="126.98090362548828"><ele>33.0</ele><time>2026-08-23T01:23:48Z</time></trkpt><trkpt lat="37.56901550292969" lon="126.98091888427734"><ele>33.0</ele><time>2026-08-23T01:23:49Z</time></trkpt><trkpt lat="37.56901168823242" lon="126.9809341430664"><ele>33.0</ele><time>2026-08-23T01:23:50Z</time></trkpt><trkpt lat="37.569007873535156" lon="126.98096466064453"><ele>33.0</ele><time>2026-08-23T01:23:51Z</time></trkpt><trkpt lat="37.569007873535156" lon="126.98101043701172"><ele>33.0</ele><time>2026-08-23T01:23:52Z</time></trkpt><trkpt lat="37.56901550292969" lon="126.98103332519531"><ele>33.0</ele><time>2026-08-23T01:23:53Z</time></trkpt><trkpt lat="37.56901931762695" lon="126.98106384277344"><ele>33.0</ele><time>2026-08-23T01:23:54Z</time></trkpt><trkpt lat="37.56902313232422" lon="126.98109436035156"><ele>33.0</ele><time>2026-08-23T01:23:55Z</time></trkpt><trkpt lat="37.569026947021484" lon="126.98113250732422"><ele>33.0</ele><time>2026-08-23T01:23:56Z</time></trkpt><trkpt lat="37.56903076171875" lon="126.98116302490234"><ele>33.0</ele><time>2026-08-23T01:23:57Z</time></trkpt><trkpt lat="37.56903076171875" lon="126.981201171875"><ele>33.0</ele><time>2026-08-23T01:23:58Z</time></trkpt><trkpt lat="37.569034576416016" lon="126.98123168945312"><ele>33.0</ele><time>2026-08-23T01:23:59Z</time></trkpt><trkpt lat="37.569034576416016" lon="126.98126220703125"><ele>33.0</ele><time>2026-08-23T01:24:00Z</time></trkpt><trkpt lat="37.56903839111328" lon="126.9813003540039"><ele>33.0</ele><time>2026-08-23T01:24:01Z</time></trkpt><trkpt lat="37.56904220581055" lon="126.98133087158203"><ele>33.0</ele><time>2026-08-23T01:24:02Z</time></trkpt><trkpt lat="37.56904983520508" lon="126.98136901855469"><ele>32.79999923706055</ele><time>2026-08-23T01:24:03Z</time></trkpt><trkpt lat="37.56904983520508" lon="126.98139953613281"><ele>32.79999923706055</ele><time>2026-08-23T01:24:04Z</time></trkpt><trkpt lat="37.56904983520508" lon="126.98143005371094"><ele>32.79999923706055</ele><time>2026-08-23T01:24:05Z</time></trkpt><trkpt lat="37.56904983520508" lon="126.98146057128906"><ele>32.79999923706055</ele><time>2026-08-23T01:24:06Z</time></trkpt><trkpt lat="37.56904983520508" lon="126.98148345947266"><ele>32.79999923706055</ele><time>2026-08-23T01:24:07Z</time></trkpt><trkpt lat="37.56904983520508" lon="126.98150634765625"><ele>32.79999923706055</ele><time>2026-08-23T01:24:08Z</time></trkpt><trkpt lat="37.569053649902344" lon="126.98153686523438"><ele>33.0</ele><time>2026-08-23T01:24:09Z</time></trkpt><trkpt lat="37.569053649902344" lon="126.98157501220703"><ele>33.0</ele><time>2026-08-23T01:24:10Z</time></trkpt><trkpt lat="37.569053649902344" lon="126.98159790039062"><ele>33.0</ele><time>2026-08-23T01:24:11Z</time></trkpt><trkpt lat="37.56904983520508" lon="126.98163604736328"><ele>33.0</ele><time>2026-08-23T01:24:12Z</time></trkpt><trkpt lat="37.56904983520508" lon="126.98167419433594"><ele>33.0</ele><time>2026-08-23T01:24:13Z</time></trkpt><trkpt lat="37.56904983520508" lon="126.98170471191406"><ele>32.79999923706055</ele><time>2026-08-23T01:24:14Z</time></trkpt><trkpt lat="37.56904983520508" lon="126.98173522949219"><ele>32.79999923706055</ele><time>2026-08-23T01:24:15Z</time></trkpt><trkpt lat="37.56904602050781" lon="126.98175048828125"><ele>32.79999923706055</ele><time>2026-08-23T01:24:16Z</time></trkpt><trkpt lat="37.56904220581055" lon="126.9817886352539"><ele>32.79999923706055</ele><time>2026-08-23T01:24:17Z</time></trkpt><trkpt lat="37.56904220581055" lon="126.98181915283203"><ele>32.79999923706055</ele><time>2026-08-23T01:24:18Z</time></trkpt><trkpt lat="37.56904220581055" lon="126.98184204101562"><ele>32.79999923706055</ele><time>2026-08-23T01:24:19Z</time></trkpt><trkpt lat="37.56903839111328" lon="126.98187255859375"><ele>32.79999923706055</ele><time>2026-08-23T01:24:20Z</time></trkpt><trkpt lat="37.56903839111328" lon="126.98188781738281"><ele>32.599998474121094</ele><time>2026-08-23T01:24:21Z</time></trkpt><trkpt lat="37.56903839111328" lon="126.98191833496094"><ele>32.599998474121094</ele><time>2026-08-23T01:24:22Z</time></trkpt><trkpt lat="37.569034576416016" lon="126.98194122314453"><ele>32.599998474121094</ele><time>2026-08-23T01:24:23Z</time></trkpt><trkpt lat="37.569034576416016" lon="126.98196411132812"><ele>32.599998474121094</ele><time>2026-08-23T01:24:24Z</time></trkpt><trkpt lat="37.56903076171875" lon="126.98199462890625"><ele>32.599998474121094</ele><time>2026-08-23T01:24:25Z</time></trkpt><trkpt lat="37.56903076171875" lon="126.98200988769531"><ele>32.599998474121094</ele><time>2026-08-23T01:24:26Z</time></trkpt><trkpt lat="37.569026947021484" lon="126.9820327758789"><ele>32.599998474121094</ele><time>2026-08-23T01:24:27Z</time></trkpt><trkpt lat="37.56902313232422" lon="126.9820556640625"><ele>32.599998474121094</ele><time>2026-08-23T01:24:28Z</time></trkpt><trkpt lat="37.56902313232422" lon="126.98208618164062"><ele>32.599998474121094</ele><time>2026-08-23T01:24:29Z</time></trkpt><trkpt lat="37.56901931762695" lon="126.98210906982422"><ele>32.599998474121094</ele><time>2026-08-23T01:24:30Z</time></trkpt><trkpt lat="37.56901550292969" lon="126.98213195800781"><ele>32.599998474121094</ele><time>2026-08-23T01:24:31Z</time></trkpt><trkpt lat="37.56901168823242" lon="126.98216247558594"><ele>32.599998474121094</ele><time>2026-08-23T01:24:32Z</time></trkpt><trkpt lat="37.56901168823242" lon="126.98218536376953"><ele>32.599998474121094</ele><time>2026-08-23T01:24:33Z</time></trkpt><trkpt lat="37.56900405883789" lon="126.98221588134766"><ele>32.79999923706055</ele><time>2026-08-23T01:24:34Z</time></trkpt><trkpt lat="37.569000244140625" lon="126.98223114013672"><ele>32.599998474121094</ele><time>2026-08-23T01:24:35Z</time></trkpt><trkpt lat="37.56899642944336" lon="126.98225402832031"><ele>32.599998474121094</ele><time>2026-08-23T01:24:36Z</time></trkpt><trkpt lat="37.568992614746094" lon="126.98228454589844"><ele>32.599998474121094</ele><time>2026-08-23T01:24:37Z</time></trkpt><trkpt lat="37.568992614746094" lon="126.98230743408203"><ele>32.599998474121094</ele><time>2026-08-23T01:24:38Z</time></trkpt><trkpt lat="37.568992614746094" lon="126.98233795166016"><ele>32.599998474121094</ele><time>2026-08-23T01:24:39Z</time></trkpt><trkpt lat="37.56898880004883" lon="126.98236083984375"><ele>32.599998474121094</ele><time>2026-08-23T01:24:40Z</time></trkpt><trkpt lat="37.56898498535156" lon="126.98239135742188"><ele>32.599998474121094</ele><time>2026-08-23T01:24:41Z</time></trkpt><trkpt lat="37.5689811706543" lon="126.98241424560547"><ele>32.400001525878906</ele><time>2026-08-23T01:24:42Z</time></trkpt><trkpt lat="37.56897735595703" lon="126.98242950439453"><ele>32.400001525878906</ele><time>2026-08-23T01:24:43Z</time></trkpt><trkpt lat="37.5689697265625" lon="126.98245239257812"><ele>32.400001525878906</ele><time>2026-08-23T01:24:44Z</time></trkpt><trkpt lat="37.568965911865234" lon="126.98246765136719"><ele>32.400001525878906</ele><time>2026-08-23T01:24:45Z</time></trkpt><trkpt lat="37.56896209716797" lon="126.98249816894531"><ele>32.400001525878906</ele><time>2026-08-23T01:24:46Z</time></trkpt><trkpt lat="37.56895446777344" lon="126.98251342773438"><ele>32.400001525878906</ele><time>2026-08-23T01:24:47Z</time></trkpt><trkpt lat="37.56895065307617" lon="126.98252868652344"><ele>32.400001525878906</ele><time>2026-08-23T01:24:48Z</time></trkpt><trkpt lat="37.568946838378906" lon="126.98255157470703"><ele>32.400001525878906</ele><time>2026-08-23T01:24:49Z</time></trkpt><trkpt lat="37.56894302368164" lon="126.9825668334961"><ele>32.400001525878906</ele><time>2026-08-23T01:24:50Z</time></trkpt><trkpt lat="37.568939208984375" lon="126.98258972167969"><ele>32.400001525878906</ele><time>2026-08-23T01:24:51Z</time></trkpt><trkpt lat="37.56893539428711" lon="126.98260498046875"><ele>32.400001525878906</ele><time>2026-08-23T01:24:52Z</time></trkpt><trkpt lat="37.568931579589844" lon="126.98262786865234"><ele>32.400001525878906</ele><time>2026-08-23T01:24:53Z</time></trkpt><trkpt lat="37.56892776489258" lon="126.98265075683594"><ele>32.400001525878906</ele><time>2026-08-23T01:24:54Z</time></trkpt><trkpt lat="37.56892395019531" lon="126.98267364501953"><ele>32.400001525878906</ele><time>2026-08-23T01:24:55Z</time></trkpt><trkpt lat="37.56891632080078" lon="126.98269653320312"><ele>32.400001525878906</ele><time>2026-08-23T01:24:56Z</time></trkpt><trkpt lat="37.568912506103516" lon="126.98271942138672"><ele>32.20000076293945</ele><time>2026-08-23T01:24:57Z</time></trkpt><trkpt lat="37.568904876708984" lon="126.98274230957031"><ele>32.20000076293945</ele><time>2026-08-23T01:24:58Z</time></trkpt><trkpt lat="37.56889724731445" lon="126.9827651977539"><ele>32.20000076293945</ele><time>2026-08-23T01:24:59Z</time></trkpt><trkpt lat="37.56889343261719" lon="126.98279571533203"><ele>32.400001525878906</ele><time>2026-08-23T01:25:00Z</time></trkpt><trkpt lat="37.568885803222656" lon="126.9828109741211"><ele>32.400001525878906</ele><time>2026-08-23T01:25:01Z</time></trkpt><trkpt lat="37.56888198852539" lon="126.98283386230469"><ele>32.400001525878906</ele><time>2026-08-23T01:25:02Z</time></trkpt><trkpt lat="37.568878173828125" lon="126.98284912109375"><ele>32.400001525878906</ele><time>2026-08-23T01:25:03Z</time></trkpt><trkpt lat="37.56887435913086" lon="126.98286437988281"><ele>32.400001525878906</ele><time>2026-08-23T01:25:04Z</time></trkpt><trkpt lat="37.568870544433594" lon="126.9828872680664"><ele>32.20000076293945</ele><time>2026-08-23T01:25:05Z</time></trkpt><trkpt lat="37.56886672973633" lon="126.98290252685547"><ele>32.20000076293945</ele><time>2026-08-23T01:25:06Z</time></trkpt><trkpt lat="37.56886291503906" lon="126.98291778564453"><ele>32.20000076293945</ele><time>2026-08-23T01:25:07Z</time></trkpt><trkpt lat="37.56875228881836" lon="126.9829330444336"><ele>32.20000076293945</ele><time>2026-08-23T01:25:08Z</time></trkpt><trkpt lat="37.56880187988281" lon="126.98297882080078"><ele>32.20000076293945</ele><time>2026-08-23T01:25:09Z</time></trkpt><trkpt lat="37.56882095336914" lon="126.98301696777344"><ele>32.20000076293945</ele><time>2026-08-23T01:25:10Z</time></trkpt><trkpt lat="37.5688362121582" lon="126.9830322265625"><ele>32.20000076293945</ele><time>2026-08-23T01:25:11Z</time></trkpt><trkpt lat="37.568843841552734" lon="126.9830551147461"><ele>32.20000076293945</ele><time>2026-08-23T01:25:12Z</time></trkpt><trkpt lat="37.568851470947266" lon="126.98309326171875"><ele>32.0</ele><time>2026-08-23T01:25:13Z</time></trkpt><trkpt lat="37.56886291503906" lon="126.9831314086914"><ele>32.0</ele><time>2026-08-23T01:25:14Z</time></trkpt><trkpt lat="37.56887435913086" lon="126.9831771850586"><ele>32.0</ele><time>2026-08-23T01:25:15Z</time></trkpt><trkpt lat="37.56888198852539" lon="126.98320770263672"><ele>32.0</ele><time>2026-08-23T01:25:16Z</time></trkpt><trkpt lat="37.568885803222656" lon="126.98323822021484"><ele>32.0</ele><time>2026-08-23T01:25:17Z</time></trkpt><trkpt lat="37.568885803222656" lon="126.98326873779297"><ele>32.0</ele><time>2026-08-23T01:25:18Z</time></trkpt><trkpt lat="37.56888198852539" lon="126.98329162597656"><ele>32.0</ele><time>2026-08-23T01:25:19Z</time></trkpt><trkpt lat="37.568878173828125" lon="126.98332214355469"><ele>32.0</ele><time>2026-08-23T01:25:20Z</time></trkpt><trkpt lat="37.56887435913086" lon="126.98335266113281"><ele>32.0</ele><time>2026-08-23T01:25:21Z</time></trkpt><trkpt lat="37.56887435913086" lon="126.9833755493164"><ele>31.799999237060547</ele><time>2026-08-23T01:25:22Z</time></trkpt><trkpt lat="37.568870544433594" lon="126.98340606689453"><ele>31.799999237060547</ele><time>2026-08-23T01:25:23Z</time></trkpt><trkpt lat="37.56886672973633" lon="126.98342895507812"><ele>31.600000381469727</ele><time>2026-08-23T01:25:24Z</time></trkpt><trkpt lat="37.56886291503906" lon="126.98345184326172"><ele>31.600000381469727</ele><time>2026-08-23T01:25:25Z</time></trkpt><trkpt lat="37.5688591003418" lon="126.98348236083984"><ele>31.399999618530273</ele><time>2026-08-23T01:25:26Z</time></trkpt><trkpt lat="37.568851470947266" lon="126.98350524902344"><ele>31.600000381469727</ele><time>2026-08-23T01:25:27Z</time></trkpt><trkpt lat="37.56884765625" lon="126.98352813720703"><ele>31.600000381469727</ele><time>2026-08-23T01:25:28Z</time></trkpt><trkpt lat="37.568843841552734" lon="126.98355102539062"><ele>31.399999618530273</ele><time>2026-08-23T01:25:29Z</time></trkpt><trkpt lat="37.56884002685547" lon="126.98357391357422"><ele>31.399999618530273</ele><time>2026-08-23T01:25:30Z</time></trkpt><trkpt lat="37.56883239746094" lon="126.98359680175781"><ele>31.399999618530273</ele><time>2026-08-23T01:25:31Z</time></trkpt><trkpt lat="37.56883239746094" lon="126.98362731933594"><ele>31.200000762939453</ele><time>2026-08-23T01:25:32Z</time></trkpt><trkpt lat="37.56883239746094" lon="126.98365020751953"><ele>31.200000762939453</ele><time>2026-08-23T01:25:33Z</time></trkpt><trkpt lat="37.568824768066406" lon="126.98368072509766"><ele>31.200000762939453</ele><time>2026-08-23T01:25:34Z</time></trkpt><trkpt lat="37.56882858276367" lon="126.98370361328125"><ele>31.200000762939453</ele><time>2026-08-23T01:25:35Z</time></trkpt><trkpt lat="37.568824768066406" lon="126.98373413085938"><ele>31.200000762939453</ele><time>2026-08-23T01:25:36Z</time></trkpt><trkpt lat="37.56882095336914" lon="126.98375701904297"><ele>31.200000762939453</ele><time>2026-08-23T01:25:37Z</time></trkpt><trkpt lat="37.568817138671875" lon="126.98377990722656"><ele>31.200000762939453</ele><time>2026-08-23T01:25:38Z</time></trkpt><trkpt lat="37.568817138671875" lon="126.98381042480469"><ele>31.200000762939453</ele><time>2026-08-23T01:25:39Z</time></trkpt><trkpt lat="37.568809509277344" lon="126.98383331298828"><ele>31.200000762939453</ele><time>2026-08-23T01:25:40Z</time></trkpt><trkpt lat="37.56879806518555" lon="126.98385620117188"><ele>31.200000762939453</ele><time>2026-08-23T01:25:41Z</time></trkpt><trkpt lat="37.56879425048828" lon="126.98387145996094"><ele>31.200000762939453</ele><time>2026-08-23T01:25:42Z</time></trkpt><trkpt lat="37.56878662109375" lon="126.98389434814453"><ele>31.200000762939453</ele><time>2026-08-23T01:25:43Z</time></trkpt><trkpt lat="37.568782806396484" lon="126.98391723632812"><ele>31.200000762939453</ele><time>2026-08-23T01:25:44Z</time></trkpt><trkpt lat="37.56877899169922" lon="126.98394775390625"><ele>31.200000762939453</ele><time>2026-08-23T01:25:45Z</time></trkpt><trkpt lat="37.56877517700195" lon="126.98397064208984"><ele>31.200000762939453</ele><time>2026-08-23T01:25:46Z</time></trkpt><trkpt lat="37.56877136230469" lon="126.98399353027344"><ele>31.200000762939453</ele><time>2026-08-23T01:25:47Z</time></trkpt><trkpt lat="37.568763732910156" lon="126.98401641845703"><ele>31.200000762939453</ele><time>2026-08-23T01:25:48Z</time></trkpt><trkpt lat="37.568756103515625" lon="126.98403930664062"><ele>31.0</ele><time>2026-08-23T01:25:49Z</time></trkpt><trkpt lat="37.56875228881836" lon="126.98406982421875"><ele>31.0</ele><time>2026-08-23T01:25:50Z</time></trkpt><trkpt lat="37.568756103515625" lon="126.98409271240234"><ele>31.0</ele><time>2026-08-23T01:25:51Z</time></trkpt><trkpt lat="37.568756103515625" lon="126.98412322998047"><ele>31.0</ele><time>2026-08-23T01:25:52Z</time></trkpt><trkpt lat="37.568748474121094" lon="126.98414611816406"><ele>31.0</ele><time>2026-08-23T01:25:53Z</time></trkpt><trkpt lat="37.56874465942383" lon="126.98417663574219"><ele>31.0</ele><time>2026-08-23T01:25:54Z</time></trkpt><trkpt lat="37.56874465942383" lon="126.98419952392578"><ele>31.0</ele><time>2026-08-23T01:25:55Z</time></trkpt><trkpt lat="37.56874465942383" lon="126.98422241210938"><ele>31.0</ele><time>2026-08-23T01:25:56Z</time></trkpt><trkpt lat="37.5687370300293" lon="126.9842529296875"><ele>31.0</ele><time>2026-08-23T01:25:57Z</time></trkpt><trkpt lat="37.56873321533203" lon="126.9842758178711"><ele>31.0</ele><time>2026-08-23T01:25:58Z</time></trkpt><trkpt lat="37.568729400634766" lon="126.98429870605469"><ele>31.0</ele><time>2026-08-23T01:25:59Z</time></trkpt><trkpt lat="37.5687255859375" lon="126.98432159423828"><ele>30.799999237060547</ele><time>2026-08-23T01:26:00Z</time></trkpt><trkpt lat="37.568721771240234" lon="126.98434448242188"><ele>30.799999237060547</ele><time>2026-08-23T01:26:01Z</time></trkpt><trkpt lat="37.56871795654297" lon="126.98436737060547"><ele>30.799999237060547</ele><time>2026-08-23T01:26:02Z</time></trkpt><trkpt lat="37.56871795654297" lon="126.98439025878906"><ele>30.799999237060547</ele><time>2026-08-23T01:26:03Z</time></trkpt><trkpt lat="37.56871032714844" lon="126.98442840576172"><ele>30.600000381469727</ele><time>2026-08-23T01:26:04Z</time></trkpt><trkpt lat="37.56871032714844" lon="126.98444366455078"><ele>30.600000381469727</ele><time>2026-08-23T01:26:05Z</time></trkpt><trkpt lat="37.56869888305664" lon="126.9844741821289"><ele>30.600000381469727</ele><time>2026-08-23T01:26:06Z</time></trkpt><trkpt lat="37.56869888305664" lon="126.98448944091797"><ele>30.600000381469727</ele><time>2026-08-23T01:26:07Z</time></trkpt><trkpt lat="37.56869125366211" lon="126.9845199584961"><ele>30.799999237060547</ele><time>2026-08-23T01:26:08Z</time></trkpt><trkpt lat="37.56867980957031" lon="126.98455047607422"><ele>30.799999237060547</ele><time>2026-08-23T01:26:09Z</time></trkpt><trkpt lat="37.56867599487305" lon="126.98457336425781"><ele>30.799999237060547</ele><time>2026-08-23T01:26:10Z</time></trkpt><trkpt lat="37.56867218017578" lon="126.9845962524414"><ele>30.799999237060547</ele><time>2026-08-23T01:26:11Z</time></trkpt><trkpt lat="37.568668365478516" lon="126.98462677001953"><ele>30.799999237060547</ele><time>2026-08-23T01:26:12Z</time></trkpt><trkpt lat="37.568660736083984" lon="126.98464965820312"><ele>30.600000381469727</ele><time>2026-08-23T01:26:13Z</time></trkpt><trkpt lat="37.568660736083984" lon="126.98467254638672"><ele>30.600000381469727</ele><time>2026-08-23T01:26:14Z</time></trkpt><trkpt lat="37.568660736083984" lon="126.98468017578125"><ele>30.799999237060547</ele><time>2026-08-23T01:26:15Z</time></trkpt><trkpt lat="37.56866455078125" lon="126.98468780517578"><ele>30.799999237060547</ele><time>2026-08-23T01:26:16Z</time></trkpt><trkpt lat="37.56862258911133" lon="126.98554229736328"><ele>35.0</ele><time>2026-08-23T01:27:43Z</time></trkpt><trkpt lat="37.5686149597168" lon="126.98556518554688"><ele>35.0</ele><time>2026-08-23T01:27:44Z</time></trkpt><trkpt lat="37.56861114501953" lon="126.98558044433594"><ele>35.0</ele><time>2026-08-23T01:27:45Z</time></trkpt><trkpt lat="37.568599700927734" lon="126.98561096191406"><ele>35.0</ele><time>2026-08-23T01:27:46Z</time></trkpt><trkpt lat="37.56858825683594" lon="126.98564147949219"><ele>35.0</ele><time>2026-08-23T01:27:47Z</time></trkpt><trkpt lat="37.568580627441406" lon="126.98566436767578"><ele>35.0</ele><time>2026-08-23T01:27:48Z</time></trkpt><trkpt lat="37.56856918334961" lon="126.98571014404297"><ele>35.0</ele><time>2026-08-23T01:27:49Z</time></trkpt><trkpt lat="37.56855773925781" lon="126.9857406616211"><ele>34.79999923706055</ele><time>2026-08-23T01:27:50Z</time></trkpt><trkpt lat="37.568546295166016" lon="126.98577117919922"><ele>35.0</ele><time>2026-08-23T01:27:51Z</time></trkpt><trkpt lat="37.56853485107422" lon="126.98580169677734"><ele>34.79999923706055</ele><time>2026-08-23T01:27:52Z</time></trkpt><trkpt lat="37.56852340698242" lon="126.98582458496094"><ele>34.79999923706055</ele><time>2026-08-23T01:27:53Z</time></trkpt><trkpt lat="37.56851577758789" lon="126.98585510253906"><ele>34.599998474121094</ele><time>2026-08-23T01:27:54Z</time></trkpt><trkpt lat="37.568511962890625" lon="126.98587799072266"><ele>34.599998474121094</ele><time>2026-08-23T01:27:55Z</time></trkpt><trkpt lat="37.56850051879883" lon="126.98590087890625"><ele>34.79999923706055</ele><time>2026-08-23T01:27:56Z</time></trkpt><trkpt lat="37.56849670410156" lon="126.98592376708984"><ele>34.79999923706055</ele><time>2026-08-23T01:27:57Z</time></trkpt><trkpt lat="37.56848907470703" lon="126.98594665527344"><ele>34.79999923706055</ele><time>2026-08-23T01:27:58Z</time></trkpt><trkpt lat="37.568477630615234" lon="126.98596954345703"><ele>34.79999923706055</ele><time>2026-08-23T01:27:59Z</time></trkpt><trkpt lat="37.5684700012207" lon="126.98599243164062"><ele>34.79999923706055</ele><time>2026-08-23T01:28:00Z</time></trkpt><trkpt lat="37.568458557128906" lon="126.98601531982422"><ele>34.79999923706055</ele><time>2026-08-23T01:28:01Z</time></trkpt><trkpt lat="37.568450927734375" lon="126.98604583740234"><ele>34.79999923706055</ele><time>2026-08-23T01:28:02Z</time></trkpt><trkpt lat="37.568443298339844" lon="126.98607635498047"><ele>34.599998474121094</ele><time>2026-08-23T01:28:03Z</time></trkpt><trkpt lat="37.56843948364258" lon="126.98609924316406"><ele>34.599998474121094</ele><time>2026-08-23T01:28:04Z</time></trkpt><trkpt lat="37.56843185424805" lon="126.98613739013672"><ele>34.599998474121094</ele><time>2026-08-23T01:28:05Z</time></trkpt><trkpt lat="37.56842803955078" lon="126.98616027832031"><ele>34.599998474121094</ele><time>2026-08-23T01:28:06Z</time></trkpt><trkpt lat="37.56842041015625" lon="126.98619842529297"><ele>34.599998474121094</ele><time>2026-08-23T01:28:07Z</time></trkpt><trkpt lat="37.56841278076172" lon="126.9862289428711"><ele>34.599998474121094</ele><time>2026-08-23T01:28:08Z</time></trkpt><trkpt lat="37.56840515136719" lon="126.98627471923828"><ele>34.599998474121094</ele><time>2026-08-23T01:28:09Z</time></trkpt><trkpt lat="37.568397521972656" lon="126.98629760742188"><ele>34.599998474121094</ele><time>2026-08-23T01:28:10Z</time></trkpt><trkpt lat="37.56839370727539" lon="126.986328125"><ele>34.400001525878906</ele><time>2026-08-23T01:28:11Z</time></trkpt><trkpt lat="37.56838607788086" lon="126.98636627197266"><ele>34.400001525878906</ele><time>2026-08-23T01:28:12Z</time></trkpt><trkpt lat="37.56838607788086" lon="126.98638916015625"><ele>34.400001525878906</ele><time>2026-08-23T01:28:13Z</time></trkpt><trkpt lat="37.568382263183594" lon="126.9864273071289"><ele>34.400001525878906</ele><time>2026-08-23T01:28:14Z</time></trkpt><trkpt lat="37.56838607788086" lon="126.98645782470703"><ele>34.400001525878906</ele><time>2026-08-23T01:28:15Z</time></trkpt><trkpt lat="37.56837844848633" lon="126.98649597167969"><ele>34.400001525878906</ele><time>2026-08-23T01:28:16Z</time></trkpt><trkpt lat="37.56837463378906" lon="126.98651885986328"><ele>34.400001525878906</ele><time>2026-08-23T01:28:17Z</time></trkpt><trkpt lat="37.568363189697266" lon="126.9865493774414"><ele>34.400001525878906</ele><time>2026-08-23T01:28:18Z</time></trkpt><trkpt lat="37.5683479309082" lon="126.98656463623047"><ele>34.400001525878906</ele><time>2026-08-23T01:28:19Z</time></trkpt><trkpt lat="37.568336486816406" lon="126.98657989501953"><ele>34.400001525878906</ele><time>2026-08-23T01:28:20Z</time></trkpt><trkpt lat="37.56832504272461" lon="126.98660278320312"><ele>34.400001525878906</ele><time>2026-08-23T01:28:21Z</time></trkpt><trkpt lat="37.56831359863281" lon="126.98661804199219"><ele>34.20000076293945</ele><time>2026-08-23T01:28:22Z</time></trkpt><trkpt lat="37.568302154541016" lon="126.98664093017578"><ele>34.400001525878906</ele><time>2026-08-23T01:28:23Z</time></trkpt><trkpt lat="37.56830596923828" lon="126.9866714477539"><ele>34.400001525878906</ele><time>2026-08-23T01:28:24Z</time></trkpt><trkpt lat="37.56830596923828" lon="126.98670196533203"><ele>34.400001525878906</ele><time>2026-08-23T01:28:25Z</time></trkpt><trkpt lat="37.56830596923828" lon="126.98673248291016"><ele>34.599998474121094</ele><time>2026-08-23T01:28:26Z</time></trkpt><trkpt lat="37.56830978393555" lon="126.98675537109375"><ele>34.599998474121094</ele><time>2026-08-23T01:28:27Z</time></trkpt><trkpt lat="37.56830978393555" lon="126.98678588867188"><ele>34.400001525878906</ele><time>2026-08-23T01:28:28Z</time></trkpt><trkpt lat="37.56830596923828" lon="126.98681640625"><ele>34.400001525878906</ele><time>2026-08-23T01:28:29Z</time></trkpt><trkpt lat="37.56830978393555" lon="126.9868392944336"><ele>34.20000076293945</ele><time>2026-08-23T01:28:30Z</time></trkpt><trkpt lat="37.56830978393555" lon="126.98686981201172"><ele>34.20000076293945</ele><time>2026-08-23T01:28:31Z</time></trkpt><trkpt lat="37.56830978393555" lon="126.98690795898438"><ele>34.0</ele><time>2026-08-23T01:28:32Z</time></trkpt><trkpt lat="37.56830978393555" lon="126.9869384765625"><ele>34.20000076293945</ele><time>2026-08-23T01:28:33Z</time></trkpt><trkpt lat="37.56830596923828" lon="126.98696899414062"><ele>34.20000076293945</ele><time>2026-08-23T01:28:34Z</time></trkpt><trkpt lat="37.56830596923828" lon="126.98699188232422"><ele>34.20000076293945</ele><time>2026-08-23T01:28:35Z</time></trkpt><trkpt lat="37.56830596923828" lon="126.98702239990234"><ele>34.20000076293945</ele><time>2026-08-23T01:28:36Z</time></trkpt><trkpt lat="37.56830596923828" lon="126.98705291748047"><ele>34.20000076293945</ele><time>2026-08-23T01:28:37Z</time></trkpt><trkpt lat="37.56830978393555" lon="126.98707580566406"><ele>34.20000076293945</ele><time>2026-08-23T01:28:38Z</time></trkpt><trkpt lat="37.56831359863281" lon="126.98710632324219"><ele>34.20000076293945</ele><time>2026-08-23T01:28:39Z</time></trkpt><trkpt lat="37.56831359863281" lon="126.98712921142578"><ele>34.0</ele><time>2026-08-23T01:28:40Z</time></trkpt><trkpt lat="37.56831741333008" lon="126.9871597290039"><ele>34.0</ele><time>2026-08-23T01:28:41Z</time></trkpt><trkpt lat="37.568321228027344" lon="126.9871826171875"><ele>34.0</ele><time>2026-08-23T01:28:42Z</time></trkpt><trkpt lat="37.568321228027344" lon="126.98722076416016"><ele>34.20000076293945</ele><time>2026-08-23T01:28:43Z</time></trkpt><trkpt lat="37.568328857421875" lon="126.98725128173828"><ele>34.0</ele><time>2026-08-23T01:28:44Z</time></trkpt><trkpt lat="37.56833267211914" lon="126.98727416992188"><ele>34.0</ele><time>2026-08-23T01:28:45Z</time></trkpt><trkpt lat="37.56834030151367" lon="126.98729705810547"><ele>34.20000076293945</ele><time>2026-08-23T01:28:46Z</time></trkpt><trkpt lat="37.56834411621094" lon="126.98731994628906"><ele>34.20000076293945</ele><time>2026-08-23T01:28:47Z</time></trkpt><trkpt lat="37.5683479309082" lon="126.98733520507812"><ele>34.20000076293945</ele><time>2026-08-23T01:28:48Z</time></trkpt><trkpt lat="37.568355560302734" lon="126.98735046386719"><ele>34.20000076293945</ele><time>2026-08-23T01:28:49Z</time></trkpt><trkpt lat="37.568363189697266" lon="126.98736572265625"><ele>34.20000076293945</ele><time>2026-08-23T01:28:50Z</time></trkpt><trkpt lat="37.56837463378906" lon="126.98737335205078"><ele>34.20000076293945</ele><time>2026-08-23T01:28:51Z</time></trkpt><trkpt lat="37.568382263183594" lon="126.98738861083984"><ele>34.20000076293945</ele><time>2026-08-23T01:28:52Z</time></trkpt><trkpt lat="37.568397521972656" lon="126.98739624023438"><ele>34.0</ele><time>2026-08-23T01:28:53Z</time></trkpt><trkpt lat="37.56841278076172" lon="126.98741149902344"><ele>34.0</ele><time>2026-08-23T01:28:54Z</time></trkpt><trkpt lat="37.56843566894531" lon="126.98741912841797"><ele>34.0</ele><time>2026-08-23T01:28:55Z</time></trkpt><trkpt lat="37.568443298339844" lon="126.9874267578125"><ele>34.0</ele><time>2026-08-23T01:28:56Z</time></trkpt><trkpt lat="37.56845474243164" lon="126.98743438720703"><ele>34.20000076293945</ele><time>2026-08-23T01:28:57Z</time></trkpt><trkpt lat="37.56780242919922" lon="126.98914337158203"><ele>33.599998474121094</ele><time>2026-08-23T01:40:44Z</time></trkpt><trkpt lat="37.56780242919922" lon="126.98918151855469"><ele>33.599998474121094</ele><time>2026-08-23T01:40:45Z</time></trkpt><trkpt lat="37.56779861450195" lon="126.98920440673828"><ele>33.79999923706055</ele><time>2026-08-23T01:40:46Z</time></trkpt><trkpt lat="37.567806243896484" lon="126.98922729492188"><ele>33.599998474121094</ele><time>2026-08-23T01:40:47Z</time></trkpt><trkpt lat="37.56781768798828" lon="126.98925018310547"><ele>33.599998474121094</ele><time>2026-08-23T01:40:48Z</time></trkpt><trkpt lat="37.56782913208008" lon="126.9892807006836"><ele>33.400001525878906</ele><time>2026-08-23T01:40:49Z</time></trkpt><trkpt lat="37.567840576171875" lon="126.98930358886719"><ele>33.400001525878906</ele><time>2026-08-23T01:40:50Z</time></trkpt><trkpt lat="37.56785202026367" lon="126.98933410644531"><ele>33.400001525878906</ele><time>2026-08-23T01:40:51Z</time></trkpt><trkpt lat="37.56785583496094" lon="126.98937225341797"><ele>33.400001525878906</ele><time>2026-08-23T01:40:52Z</time></trkpt><trkpt lat="37.567867279052734" lon="126.98939514160156"><ele>33.400001525878906</ele><time>2026-08-23T01:40:53Z</time></trkpt><trkpt lat="37.5678825378418" lon="126.98943328857422"><ele>33.400001525878906</ele><time>2026-08-23T01:40:54Z</time></trkpt><trkpt lat="37.56789016723633" lon="126.98946380615234"><ele>33.400001525878906</ele><time>2026-08-23T01:40:55Z</time></trkpt><trkpt lat="37.567901611328125" lon="126.989501953125"><ele>33.400001525878906</ele><time>2026-08-23T01:40:56Z</time></trkpt><trkpt lat="37.56791687011719" lon="126.9895248413086"><ele>33.400001525878906</ele><time>2026-08-23T01:40:57Z</time></trkpt><trkpt lat="37.56792449951172" lon="126.98957061767578"><ele>33.400001525878906</ele><time>2026-08-23T01:40:58Z</time></trkpt><trkpt lat="37.56793212890625" lon="126.98959350585938"><ele>33.400001525878906</ele><time>2026-08-23T01:40:59Z</time></trkpt><trkpt lat="37.56793975830078" lon="126.98960876464844"><ele>33.400001525878906</ele><time>2026-08-23T01:41:00Z</time></trkpt><trkpt lat="37.56794738769531" lon="126.9896240234375"><ele>33.20000076293945</ele><time>2026-08-23T01:41:01Z</time></trkpt><trkpt lat="37.567955017089844" lon="126.9896469116211"><ele>33.20000076293945</ele><time>2026-08-23T01:41:02Z</time></trkpt><trkpt lat="37.567962646484375" lon="126.98968505859375"><ele>33.20000076293945</ele><time>2026-08-23T01:41:03Z</time></trkpt><trkpt lat="37.56797409057617" lon="126.98970794677734"><ele>33.20000076293945</ele><time>2026-08-23T01:41:04Z</time></trkpt><trkpt lat="37.56797790527344" lon="126.98973083496094"><ele>33.20000076293945</ele><time>2026-08-23T01:41:05Z</time></trkpt><trkpt lat="37.5679817199707" lon="126.98976135253906"><ele>33.20000076293945</ele><time>2026-08-23T01:41:06Z</time></trkpt><trkpt lat="37.567996978759766" lon="126.98978424072266"><ele>33.20000076293945</ele><time>2026-08-23T01:41:07Z</time></trkpt><trkpt lat="37.56800842285156" lon="126.98982238769531"><ele>33.0</ele><time>2026-08-23T01:41:08Z</time></trkpt><trkpt lat="37.56801986694336" lon="126.9898452758789"><ele>33.0</ele><time>2026-08-23T01:41:09Z</time></trkpt><trkpt lat="37.568031311035156" lon="126.9898910522461"><ele>33.0</ele><time>2026-08-23T01:41:10Z</time></trkpt><trkpt lat="37.56803894042969" lon="126.98991394042969"><ele>33.0</ele><time>2026-08-23T01:41:11Z</time></trkpt><trkpt lat="37.56804656982422" lon="126.98995208740234"><ele>33.0</ele><time>2026-08-23T01:41:12Z</time></trkpt><trkpt lat="37.568058013916016" lon="126.989990234375"><ele>32.79999923706055</ele><time>2026-08-23T01:41:13Z</time></trkpt><trkpt lat="37.56806564331055" lon="126.99002838134766"><ele>32.79999923706055</ele><time>2026-08-23T01:41:14Z</time></trkpt><trkpt lat="37.56806945800781" lon="126.99005126953125"><ele>32.79999923706055</ele><time>2026-08-23T01:41:15Z</time></trkpt><trkpt lat="37.568077087402344" lon="126.99007415771484"><ele>32.79999923706055</ele><time>2026-08-23T01:41:16Z</time></trkpt><trkpt lat="37.56808090209961" lon="126.99010467529297"><ele>32.79999923706055</ele><time>2026-08-23T01:41:17Z</time></trkpt><trkpt lat="37.56808853149414" lon="126.99011993408203"><ele>32.79999923706055</ele><time>2026-08-23T01:41:18Z</time></trkpt><trkpt lat="37.56809616088867" lon="126.99015808105469"><ele>32.599998474121094</ele><time>2026-08-23T01:41:19Z</time></trkpt><trkpt lat="37.56810760498047" lon="126.99019622802734"><ele>32.599998474121094</ele><time>2026-08-23T01:41:20Z</time></trkpt><trkpt lat="37.568111419677734" lon="126.990234375"><ele>32.599998474121094</ele><time>2026-08-23T01:41:21Z</time></trkpt><trkpt lat="37.568115234375" lon="126.99024963378906"><ele>32.599998474121094</ele><time>2026-08-23T01:41:22Z</time></trkpt><trkpt lat="37.56812286376953" lon="126.99027252197266"><ele>32.400001525878906</ele><time>2026-08-23T01:41:23Z</time></trkpt><trkpt lat="37.56813049316406" lon="126.99030303955078"><ele>32.400001525878906</ele><time>2026-08-23T01:41:24Z</time></trkpt><trkpt lat="37.568138122558594" lon="126.99032592773438"><ele>32.400001525878906</ele><time>2026-08-23T01:41:25Z</time></trkpt><trkpt lat="37.56814193725586" lon="126.9903564453125"><ele>32.400001525878906</ele><time>2026-08-23T01:41:26Z</time></trkpt><trkpt lat="37.568153381347656" lon="126.99039459228516"><ele>32.599998474121094</ele><time>2026-08-23T01:41:27Z</time></trkpt><trkpt lat="37.56816482543945" lon="126.99041748046875"><ele>32.599998474121094</ele><time>2026-08-23T01:41:28Z</time></trkpt><trkpt lat="37.568172454833984" lon="126.99046325683594"><ele>32.599998474121094</ele><time>2026-08-23T01:41:29Z</time></trkpt><trkpt lat="37.56818771362305" lon="126.9905014038086"><ele>32.599998474121094</ele><time>2026-08-23T01:41:30Z</time></trkpt><trkpt lat="37.568199157714844" lon="126.99052429199219"><ele>32.599998474121094</ele><time>2026-08-23T01:41:31Z</time></trkpt><trkpt lat="37.56821060180664" lon="126.99054718017578"><ele>32.599998474121094</ele><time>2026-08-23T01:41:32Z</time></trkpt><trkpt lat="37.56822204589844" lon="126.99057006835938"><ele>32.599998474121094</ele><time>2026-08-23T01:41:33Z</time></trkpt><trkpt lat="37.56822967529297" lon="126.99061584472656"><ele>32.599998474121094</ele><time>2026-08-23T01:41:34Z</time></trkpt><trkpt lat="37.568241119384766" lon="126.99064636230469"><ele>32.599998474121094</ele><time>2026-08-23T01:41:35Z</time></trkpt><trkpt lat="37.56824493408203" lon="126.99068450927734"><ele>32.599998474121094</ele><time>2026-08-23T01:41:36Z</time></trkpt><trkpt lat="37.56824493408203" lon="126.99072265625"><ele>32.79999923706055</ele><time>2026-08-23T01:41:37Z</time></trkpt><trkpt lat="37.56824493408203" lon="126.99075317382812"><ele>32.79999923706055</ele><time>2026-08-23T01:41:38Z</time></trkpt><trkpt lat="37.56824493408203" lon="126.99077606201172"><ele>32.79999923706055</ele><time>2026-08-23T01:41:39Z</time></trkpt><trkpt lat="37.56825256347656" lon="126.99081420898438"><ele>32.599998474121094</ele><time>2026-08-23T01:41:40Z</time></trkpt><trkpt lat="37.56825256347656" lon="126.9908447265625"><ele>32.599998474121094</ele><time>2026-08-23T01:41:41Z</time></trkpt><trkpt lat="37.568260192871094" lon="126.99085998535156"><ele>32.599998474121094</ele><time>2026-08-23T01:41:42Z</time></trkpt><trkpt lat="37.56825637817383" lon="126.99088287353516"><ele>32.599998474121094</ele><time>2026-08-23T01:41:43Z</time></trkpt><trkpt lat="37.56825256347656" lon="126.99091339111328"><ele>32.599998474121094</ele><time>2026-08-23T01:41:44Z</time></trkpt><trkpt lat="37.56825256347656" lon="126.99092864990234"><ele>32.599998474121094</ele><time>2026-08-23T01:41:45Z</time></trkpt><trkpt lat="37.56825256347656" lon="126.99095916748047"><ele>32.400001525878906</ele><time>2026-08-23T01:41:46Z</time></trkpt><trkpt lat="37.56825256347656" lon="126.99097442626953"><ele>32.400001525878906</ele><time>2026-08-23T01:41:47Z</time></trkpt><trkpt lat="37.56825256347656" lon="126.99100494384766"><ele>32.400001525878906</ele><time>2026-08-23T01:41:48Z</time></trkpt><trkpt lat="37.56825637817383" lon="126.99103546142578"><ele>32.20000076293945</ele><time>2026-08-23T01:41:49Z</time></trkpt><trkpt lat="37.568260192871094" lon="126.9910659790039"><ele>32.20000076293945</ele><time>2026-08-23T01:41:50Z</time></trkpt><trkpt lat="37.568267822265625" lon="126.9910888671875"><ele>32.20000076293945</ele><time>2026-08-23T01:41:51Z</time></trkpt><trkpt lat="37.56827163696289" lon="126.99111938476562"><ele>32.20000076293945</ele><time>2026-08-23T01:41:52Z</time></trkpt><trkpt lat="37.56827926635742" lon="126.99114990234375"><ele>32.20000076293945</ele><time>2026-08-23T01:41:53Z</time></trkpt><trkpt lat="37.56828308105469" lon="126.99118041992188"><ele>32.20000076293945</ele><time>2026-08-23T01:41:54Z</time></trkpt><trkpt lat="37.56829071044922" lon="126.99120330810547"><ele>32.20000076293945</ele><time>2026-08-23T01:41:55Z</time></trkpt><trkpt lat="37.56829833984375" lon="126.99124145507812"><ele>32.20000076293945</ele><time>2026-08-23T01:41:56Z</time></trkpt><trkpt lat="37.56830596923828" lon="126.99127960205078"><ele>32.20000076293945</ele><time>2026-08-23T01:41:57Z</time></trkpt><trkpt lat="37.56831741333008" lon="126.99132537841797"><ele>32.0</ele><time>2026-08-23T01:41:58Z</time></trkpt><trkpt lat="37.56833267211914" lon="126.9913558959961"><ele>32.0</ele><time>2026-08-23T01:41:59Z</time></trkpt><trkpt lat="37.56834030151367" lon="126.99139404296875"><ele>32.0</ele><time>2026-08-23T01:42:00Z</time></trkpt><trkpt lat="37.5683479309082" lon="126.99142456054688"><ele>32.0</ele><time>2026-08-23T01:42:01Z</time></trkpt><trkpt lat="37.56835174560547" lon="126.9914321899414"><ele>32.0</ele><time>2026-08-23T01:42:02Z</time></trkpt><trkpt lat="37.56835174560547" lon="126.991455078125"><ele>32.0</ele><time>2026-08-23T01:42:03Z</time></trkpt><trkpt lat="37.568355560302734" lon="126.9914779663086"><ele>32.0</ele><time>2026-08-23T01:42:04Z</time></trkpt><trkpt lat="37.568359375" lon="126.99150085449219"><ele>32.0</ele><time>2026-08-23T01:42:05Z</time></trkpt><trkpt lat="37.56836700439453" lon="126.99152374267578"><ele>32.0</ele><time>2026-08-23T01:42:06Z</time></trkpt><trkpt lat="37.5683708190918" lon="126.99154663085938"><ele>32.0</ele><time>2026-08-23T01:42:07Z</time></trkpt><trkpt lat="37.56837844848633" lon="126.99156951904297"><ele>32.0</ele><time>2026-08-23T01:42:08Z</time></trkpt><trkpt lat="37.56837844848633" lon="126.99159240722656"><ele>32.0</ele><time>2026-08-23T01:42:09Z</time></trkpt><trkpt lat="37.56837844848633" lon="126.99161529541016"><ele>32.0</ele><time>2026-08-23T01:42:10Z</time></trkpt><trkpt lat="37.56837844848633" lon="126.99163818359375"><ele>32.0</ele><time>2026-08-23T01:42:11Z</time></trkpt><trkpt lat="37.568382263183594" lon="126.99166107177734"><ele>32.0</ele><time>2026-08-23T01:42:12Z</time></trkpt><trkpt lat="37.56838607788086" lon="126.99168395996094"><ele>32.0</ele><time>2026-08-23T01:42:13Z</time></trkpt><trkpt lat="37.568389892578125" lon="126.99171447753906"><ele>32.0</ele><time>2026-08-23T01:42:14Z</time></trkpt><trkpt lat="37.568389892578125" lon="126.99174499511719"><ele>32.0</ele><time>2026-08-23T01:42:15Z</time></trkpt><trkpt lat="37.568389892578125" lon="126.99177551269531"><ele>32.0</ele><time>2026-08-23T01:42:16Z</time></trkpt><trkpt lat="37.56839370727539" lon="126.99180603027344"><ele>32.0</ele><time>2026-08-23T01:42:17Z</time></trkpt><trkpt lat="37.56839370727539" lon="126.99183654785156"><ele>32.0</ele><time>2026-08-23T01:42:18Z</time></trkpt><trkpt lat="37.56840133666992" lon="126.9918441772461"><ele>32.20000076293945</ele><time>2026-08-23T01:42:19Z</time></trkpt><trkpt lat="37.56840896606445" lon="126.99186706542969"><ele>32.0</ele><time>2026-08-23T01:42:20Z</time></trkpt><trkpt lat="37.56841278076172" lon="126.99188995361328"><ele>32.0</ele><time>2026-08-23T01:42:21Z</time></trkpt><trkpt lat="37.568416595458984" lon="126.99189758300781"><ele>32.0</ele><time>2026-08-23T01:42:22Z</time></trkpt><trkpt lat="37.56842041015625" lon="126.9919204711914"><ele>32.0</ele><time>2026-08-23T01:42:23Z</time></trkpt><trkpt lat="37.568424224853516" lon="126.991943359375"><ele>32.0</ele><time>2026-08-23T01:42:24Z</time></trkpt><trkpt lat="37.56842803955078" lon="126.99198913574219"><ele>32.0</ele><time>2026-08-23T01:42:25Z</time></trkpt><trkpt lat="37.56843185424805" lon="126.99200439453125"><ele>32.0</ele><time>2026-08-23T01:42:26Z</time></trkpt><trkpt lat="37.56843185424805" lon="126.99202728271484"><ele>32.20000076293945</ele><time>2026-08-23T01:42:27Z</time></trkpt><trkpt lat="37.56843566894531" lon="126.99205017089844"><ele>32.20000076293945</ele><time>2026-08-23T01:42:28Z</time></trkpt><trkpt lat="37.56843948364258" lon="126.9920883178711"><ele>32.20000076293945</ele><time>2026-08-23T01:42:29Z</time></trkpt><trkpt lat="37.56844711303711" lon="126.99211883544922"><ele>32.20000076293945</ele><time>2026-08-23T01:42:30Z</time></trkpt><trkpt lat="37.56844711303711" lon="126.99214172363281"><ele>32.20000076293945</ele><time>2026-08-23T01:42:31Z</time></trkpt><trkpt lat="37.568450927734375" lon="126.99217987060547"><ele>32.20000076293945</ele><time>2026-08-23T01:42:32Z</time></trkpt><trkpt lat="37.56845474243164" lon="126.99220275878906"><ele>32.20000076293945</ele><time>2026-08-23T01:42:33Z</time></trkpt><trkpt lat="37.568458557128906" lon="126.99223327636719"><ele>32.20000076293945</ele><time>2026-08-23T01:42:34Z</time></trkpt><trkpt lat="37.56846237182617" lon="126.99225616455078"><ele>32.20000076293945</ele><time>2026-08-23T01:42:35Z</time></trkpt><trkpt lat="37.56846618652344" lon="126.99227905273438"><ele>32.20000076293945</ele><time>2026-08-23T01:42:36Z</time></trkpt><trkpt lat="37.56847381591797" lon="126.99230194091797"><ele>32.20000076293945</ele><time>2026-08-23T01:42:37Z</time></trkpt><trkpt lat="37.5684814453125" lon="126.99231719970703"><ele>32.0</ele><time>2026-08-23T01:42:38Z</time></trkpt><trkpt lat="37.568485260009766" lon="126.99231719970703"><ele>32.0</ele><time>2026-08-23T01:42:39Z</time></trkpt><trkpt lat="37.568485260009766" lon="126.99231719970703"><ele>32.0</ele><time>2026-08-23T01:42:40Z</time></trkpt><trkpt lat="37.568485260009766" lon="126.9923324584961"><ele>32.0</ele><time>2026-08-23T01:42:41Z</time></trkpt><trkpt lat="37.56937026977539" lon="126.99401092529297"><ele>30.0</ele><time>2026-08-23T01:45:28Z</time></trkpt><trkpt lat="37.569374084472656" lon="126.9940185546875"><ele>30.0</ele><time>2026-08-23T01:45:29Z</time></trkpt><trkpt lat="37.56937789916992" lon="126.99402618408203"><ele>30.0</ele><time>2026-08-23T01:45:30Z</time></trkpt><trkpt lat="37.56938552856445" lon="126.9940414428711"><ele>30.200000762939453</ele><time>2026-08-23T01:45:31Z</time></trkpt><trkpt lat="37.56938934326172" lon="126.99405670166016"><ele>30.200000762939453</ele><time>2026-08-23T01:45:32Z</time></trkpt><trkpt lat="37.569400787353516" lon="126.99407196044922"><ele>30.200000762939453</ele><time>2026-08-23T01:45:33Z</time></trkpt><trkpt lat="37.56941223144531" lon="126.99408721923828"><ele>30.0</ele><time>2026-08-23T01:45:34Z</time></trkpt><trkpt lat="37.56942367553711" lon="126.99410247802734"><ele>30.0</ele><time>2026-08-23T01:45:35Z</time></trkpt><trkpt lat="37.56943893432617" lon="126.99411010742188"><ele>30.0</ele><time>2026-08-23T01:45:36Z</time></trkpt><trkpt lat="37.56945037841797" lon="126.99411010742188"><ele>30.0</ele><time>2026-08-23T01:45:37Z</time></trkpt><trkpt lat="37.569480895996094" lon="126.99410247802734"><ele>30.0</ele><time>2026-08-23T01:45:38Z</time></trkpt><trkpt lat="37.569496154785156" lon="126.99411010742188"><ele>30.0</ele><time>2026-08-23T01:45:39Z</time></trkpt><trkpt lat="37.569522857666016" lon="126.99411010742188"><ele>30.0</ele><time>2026-08-23T01:45:40Z</time></trkpt><trkpt lat="37.569541931152344" lon="126.99411010742188"><ele>30.200000762939453</ele><time>2026-08-23T01:45:41Z</time></trkpt><trkpt lat="37.569557189941406" lon="126.99411010742188"><ele>30.200000762939453</ele><time>2026-08-23T01:45:42Z</time></trkpt><trkpt lat="37.569580078125" lon="126.9941177368164"><ele>30.200000762939453</ele><time>2026-08-23T01:45:43Z</time></trkpt><trkpt lat="37.56959915161133" lon="126.99411010742188"><ele>30.200000762939453</ele><time>2026-08-23T01:45:44Z</time></trkpt><trkpt lat="37.56961441040039" lon="126.9941177368164"><ele>30.200000762939453</ele><time>2026-08-23T01:45:45Z</time></trkpt><trkpt lat="37.56963348388672" lon="126.99412536621094"><ele>30.200000762939453</ele><time>2026-08-23T01:45:46Z</time></trkpt><trkpt lat="37.56965255737305" lon="126.99413299560547"><ele>30.200000762939453</ele><time>2026-08-23T01:45:47Z</time></trkpt><trkpt lat="37.56966781616211" lon="126.99413299560547"><ele>30.200000762939453</ele><time>2026-08-23T01:45:48Z</time></trkpt><trkpt lat="37.5696907043457" lon="126.99414825439453"><ele>30.200000762939453</ele><time>2026-08-23T01:45:49Z</time></trkpt><trkpt lat="37.569705963134766" lon="126.99414825439453"><ele>30.200000762939453</ele><time>2026-08-23T01:45:50Z</time></trkpt><trkpt lat="37.56972885131836" lon="126.99415588378906"><ele>30.200000762939453</ele><time>2026-08-23T01:45:51Z</time></trkpt><trkpt lat="37.56974411010742" lon="126.9941635131836"><ele>30.399999618530273</ele><time>2026-08-23T01:45:52Z</time></trkpt><trkpt lat="37.56977081298828" lon="126.9941635131836"><ele>30.399999618530273</ele><time>2026-08-23T01:45:53Z</time></trkpt><trkpt lat="37.56978988647461" lon="126.9941635131836"><ele>30.399999618530273</ele><time>2026-08-23T01:45:54Z</time></trkpt><trkpt lat="37.56981658935547" lon="126.9941635131836"><ele>30.399999618530273</ele><time>2026-08-23T01:45:55Z</time></trkpt><trkpt lat="37.5698356628418" lon="126.9941635131836"><ele>30.200000762939453</ele><time>2026-08-23T01:45:56Z</time></trkpt><trkpt lat="37.56985855102539" lon="126.9941635131836"><ele>30.200000762939453</ele><time>2026-08-23T01:45:57Z</time></trkpt><trkpt lat="37.569881439208984" lon="126.99417114257812"><ele>30.200000762939453</ele><time>2026-08-23T01:45:58Z</time></trkpt><trkpt lat="37.56990432739258" lon="126.9941635131836"><ele>30.0</ele><time>2026-08-23T01:45:59Z</time></trkpt><trkpt lat="37.56993103027344" lon="126.99415588378906"><ele>30.0</ele><time>2026-08-23T01:46:00Z</time></trkpt><trkpt lat="37.56995391845703" lon="126.9941635131836"><ele>30.0</ele><time>2026-08-23T01:46:01Z</time></trkpt><trkpt lat="37.56997299194336" lon="126.99415588378906"><ele>30.0</ele><time>2026-08-23T01:46:02Z</time></trkpt><trkpt lat="37.56999588012695" lon="126.99415588378906"><ele>30.0</ele><time>2026-08-23T01:46:03Z</time></trkpt><trkpt lat="37.570011138916016" lon="126.99415588378906"><ele>30.0</ele><time>2026-08-23T01:46:04Z</time></trkpt><trkpt lat="37.570030212402344" lon="126.99415588378906"><ele>30.0</ele><time>2026-08-23T01:46:05Z</time></trkpt><trkpt lat="37.57004165649414" lon="126.99415588378906"><ele>30.0</ele><time>2026-08-23T01:46:06Z</time></trkpt><trkpt lat="37.5700569152832" lon="126.99414825439453"><ele>30.200000762939453</ele><time>2026-08-23T01:46:07Z</time></trkpt><trkpt lat="37.57008361816406" lon="126.99414825439453"><ele>30.200000762939453</ele><time>2026-08-23T01:46:08Z</time></trkpt><trkpt lat="37.570133209228516" lon="126.99414825439453"><ele>30.200000762939453</ele><time>2026-08-23T01:46:09Z</time></trkpt><trkpt lat="37.57016372680664" lon="126.99414825439453"><ele>30.200000762939453</ele><time>2026-08-23T01:46:10Z</time></trkpt><trkpt lat="37.57020568847656" lon="126.99415588378906"><ele>30.200000762939453</ele><time>2026-08-23T01:46:11Z</time></trkpt><trkpt lat="37.57024002075195" lon="126.9941635131836"><ele>30.200000762939453</ele><time>2026-08-23T01:46:12Z</time></trkpt><trkpt lat="37.57026672363281" lon="126.99418640136719"><ele>30.200000762939453</ele><time>2026-08-23T01:46:13Z</time></trkpt><trkpt lat="37.57027816772461" lon="126.99421691894531"><ele>30.200000762939453</ele><time>2026-08-23T01:46:14Z</time></trkpt><trkpt lat="37.57029724121094" lon="126.99425506591797"><ele>30.0</ele><time>2026-08-23T01:46:15Z</time></trkpt><trkpt lat="37.570316314697266" lon="126.99429321289062"><ele>30.0</ele><time>2026-08-23T01:46:16Z</time></trkpt><trkpt lat="37.57033157348633" lon="126.99433135986328"><ele>30.0</ele><time>2026-08-23T01:46:17Z</time></trkpt><trkpt lat="37.570350646972656" lon="126.9943618774414"><ele>30.0</ele><time>2026-08-23T01:46:18Z</time></trkpt><trkpt lat="37.57035827636719" lon="126.9944076538086"><ele>30.0</ele><time>2026-08-23T01:46:19Z</time></trkpt><trkpt lat="37.57037353515625" lon="126.99443817138672"><ele>30.0</ele><time>2026-08-23T01:46:20Z</time></trkpt><trkpt lat="37.57038116455078" lon="126.99446868896484"><ele>30.0</ele><time>2026-08-23T01:46:21Z</time></trkpt><trkpt lat="37.57039260864258" lon="126.99449157714844"><ele>30.0</ele><time>2026-08-23T01:46:22Z</time></trkpt><trkpt lat="37.570396423339844" lon="126.99452209472656"><ele>30.0</ele><time>2026-08-23T01:46:23Z</time></trkpt><trkpt lat="37.57040023803711" lon="126.99454498291016"><ele>30.0</ele><time>2026-08-23T01:46:24Z</time></trkpt><trkpt lat="37.57040786743164" lon="126.99456787109375"><ele>30.0</ele><time>2026-08-23T01:46:25Z</time></trkpt><trkpt lat="37.57041549682617" lon="126.99459075927734"><ele>30.0</ele><time>2026-08-23T01:46:26Z</time></trkpt><trkpt lat="37.57042694091797" lon="126.9946060180664"><ele>30.0</ele><time>2026-08-23T01:46:27Z</time></trkpt><trkpt lat="37.5704345703125" lon="126.99464416503906"><ele>30.0</ele><time>2026-08-23T01:46:28Z</time></trkpt><trkpt lat="37.570438385009766" lon="126.99465942382812"><ele>29.799999237060547</ele><time>2026-08-23T01:46:29Z</time></trkpt><trkpt lat="37.57044219970703" lon="126.99468994140625"><ele>30.0</ele><time>2026-08-23T01:46:30Z</time></trkpt><trkpt lat="37.5704460144043" lon="126.99472045898438"><ele>30.0</ele><time>2026-08-23T01:46:31Z</time></trkpt><trkpt lat="37.57044982910156" lon="126.99473571777344"><ele>30.0</ele><time>2026-08-23T01:46:32Z</time></trkpt><trkpt lat="37.57044982910156" lon="126.99476623535156"><ele>30.0</ele><time>2026-08-23T01:46:33Z</time></trkpt><trkpt lat="37.57044982910156" lon="126.99478912353516"><ele>30.0</ele><time>2026-08-23T01:46:34Z</time></trkpt><trkpt lat="37.57045364379883" lon="126.99479675292969"><ele>30.0</ele><time>2026-08-23T01:46:35Z</time></trkpt><trkpt lat="37.570457458496094" lon="126.99480438232422"><ele>30.0</ele><time>2026-08-23T01:46:36Z</time></trkpt><trkpt lat="37.57046127319336" lon="126.99481964111328"><ele>30.0</ele><time>2026-08-23T01:46:37Z</time></trkpt><trkpt lat="37.57046127319336" lon="126.99481201171875"><ele>30.0</ele><time>2026-08-23T01:46:38Z</time></trkpt><trkpt lat="37.59828567504883" lon="127.0216064453125"><ele>67.4000015258789</ele><time>2026-08-23T02:09:49Z</time></trkpt><trkpt lat="37.5982780456543" lon="127.02159881591797"><ele>67.5999984741211</ele><time>2026-08-23T02:09:50Z</time></trkpt><trkpt lat="37.5982666015625" lon="127.02159881591797"><ele>67.80000305175781</ele><time>2026-08-23T02:09:51Z</time></trkpt><trkpt lat="37.5982551574707" lon="127.02159881591797"><ele>68.0</ele><time>2026-08-23T02:09:52Z</time></trkpt><trkpt lat="37.59823989868164" lon="127.02159118652344"><ele>68.0</ele><time>2026-08-23T02:09:53Z</time></trkpt><trkpt lat="37.59822463989258" lon="127.02159118652344"><ele>68.19999694824219</ele><time>2026-08-23T02:09:54Z</time></trkpt><trkpt lat="37.59821319580078" lon="127.02159118652344"><ele>68.19999694824219</ele><time>2026-08-23T02:09:55Z</time></trkpt><trkpt lat="37.598201751708984" lon="127.0215835571289"><ele>68.19999694824219</ele><time>2026-08-23T02:09:56Z</time></trkpt><trkpt lat="37.59819793701172" lon="127.02157592773438"><ele>68.4000015258789</ele><time>2026-08-23T02:09:57Z</time></trkpt><trkpt lat="37.59819030761719" lon="127.02156829833984"><ele>68.5999984741211</ele><time>2026-08-23T02:09:58Z</time></trkpt><trkpt lat="37.598182678222656" lon="127.02156066894531"><ele>68.80000305175781</ele><time>2026-08-23T02:09:59Z</time></trkpt><trkpt lat="37.59818649291992" lon="127.02153778076172"><ele>68.80000305175781</ele><time>2026-08-23T02:10:00Z</time></trkpt><trkpt lat="37.59818649291992" lon="127.02151489257812"><ele>69.0</ele><time>2026-08-23T02:10:01Z</time></trkpt><trkpt lat="37.598182678222656" lon="127.02149200439453"><ele>69.19999694824219</ele><time>2026-08-23T02:10:02Z</time></trkpt><trkpt lat="37.598182678222656" lon="127.02146911621094"><ele>69.4000015258789</ele><time>2026-08-23T02:10:03Z</time></trkpt><trkpt lat="37.59818649291992" lon="127.02144622802734"><ele>69.5999984741211</ele><time>2026-08-23T02:10:04Z</time></trkpt><trkpt lat="37.59818649291992" lon="127.02142333984375"><ele>69.80000305175781</ele><time>2026-08-23T02:10:05Z</time></trkpt><trkpt lat="37.59818649291992" lon="127.02139282226562"><ele>70.0</ele><time>2026-08-23T02:10:06Z</time></trkpt><trkpt lat="37.59818649291992" lon="127.02136993408203"><ele>70.19999694824219</ele><time>2026-08-23T02:10:07Z</time></trkpt><trkpt lat="37.59818649291992" lon="127.0213394165039"><ele>70.4000015258789</ele><time>2026-08-23T02:10:08Z</time></trkpt><trkpt lat="37.59818649291992" lon="127.02129364013672"><ele>70.80000305175781</ele><time>2026-08-23T02:10:09Z</time></trkpt><trkpt lat="37.59817886352539" lon="127.02127075195312"><ele>71.0</ele><time>2026-08-23T02:10:10Z</time></trkpt><trkpt lat="37.59817886352539" lon="127.02123260498047"><ele>71.19999694824219</ele><time>2026-08-23T02:10:11Z</time></trkpt><trkpt lat="37.598182678222656" lon="127.02120971679688"><ele>71.5999984741211</ele><time>2026-08-23T02:10:12Z</time></trkpt><trkpt lat="37.598182678222656" lon="127.02117919921875"><ele>71.80000305175781</ele><time>2026-08-23T02:10:13Z</time></trkpt><trkpt lat="37.59818649291992" lon="127.02114868164062"><ele>72.19999694824219</ele><time>2026-08-23T02:10:14Z</time></trkpt><trkpt lat="37.59819412231445" lon="127.02113342285156"><ele>72.4000015258789</ele><time>2026-08-23T02:10:15Z</time></trkpt><trkpt lat="37.598201751708984" lon="127.02112579345703"><ele>72.4000015258789</ele><time>2026-08-23T02:10:16Z</time></trkpt><trkpt lat="37.598209381103516" lon="127.02110290527344"><ele>72.4000015258789</ele><time>2026-08-23T02:10:17Z</time></trkpt><trkpt lat="37.598209381103516" lon="127.02108001708984"><ele>72.5999984741211</ele><time>2026-08-23T02:10:18Z</time></trkpt><trkpt lat="37.59821701049805" lon="127.02106475830078"><ele>72.80000305175781</ele><time>2026-08-23T02:10:19Z</time></trkpt><trkpt lat="37.598228454589844" lon="127.02103424072266"><ele>73.19999694824219</ele><time>2026-08-23T02:10:20Z</time></trkpt><trkpt lat="37.59823226928711" lon="127.0210189819336"><ele>73.4000015258789</ele><time>2026-08-23T02:10:21Z</time></trkpt><trkpt lat="37.598243713378906" lon="127.02098846435547"><ele>73.80000305175781</ele><time>2026-08-23T02:10:22Z</time></trkpt><trkpt lat="37.5982551574707" lon="127.02096557617188"><ele>74.0</ele><time>2026-08-23T02:10:23Z</time></trkpt><trkpt lat="37.598270416259766" lon="127.02094268798828"><ele>74.19999694824219</ele><time>2026-08-23T02:10:24Z</time></trkpt><trkpt lat="37.598289489746094" lon="127.02091979980469"><ele>74.4000015258789</ele><time>2026-08-23T02:10:25Z</time></trkpt><trkpt lat="37.59830093383789" lon="127.02090454101562"><ele>74.80000305175781</ele><time>2026-08-23T02:10:26Z</time></trkpt><trkpt lat="37.59832000732422" lon="127.0208740234375"><ele>75.0</ele><time>2026-08-23T02:10:27Z</time></trkpt><trkpt lat="37.59833526611328" lon="127.02085876464844"><ele>75.19999694824219</ele><time>2026-08-23T02:10:28Z</time></trkpt><trkpt lat="37.59834671020508" lon="127.02083587646484"><ele>75.4000015258789</ele><time>2026-08-23T02:10:29Z</time></trkpt><trkpt lat="37.598365783691406" lon="127.02081298828125"><ele>75.5999984741211</ele><time>2026-08-23T02:10:30Z</time></trkpt><trkpt lat="37.59838104248047" lon="127.02079010009766"><ele>75.80000305175781</ele><time>2026-08-23T02:10:31Z</time></trkpt><trkpt lat="37.5984001159668" lon="127.02076721191406"><ele>76.0</ele><time>2026-08-23T02:10:32Z</time></trkpt><trkpt lat="37.59841537475586" lon="127.020751953125"><ele>76.19999694824219</ele><time>2026-08-23T02:10:33Z</time></trkpt><trkpt lat="37.59843063354492" lon="127.02073669433594"><ele>76.19999694824219</ele><time>2026-08-23T02:10:34Z</time></trkpt><trkpt lat="37.59844970703125" lon="127.02072143554688"><ele>76.4000015258789</ele><time>2026-08-23T02:10:35Z</time></trkpt><trkpt lat="37.59846115112305" lon="127.02069854736328"><ele>76.5999984741211</ele><time>2026-08-23T02:10:36Z</time></trkpt><trkpt lat="37.59847640991211" lon="127.02067565917969"><ele>76.80000305175781</ele><time>2026-08-23T02:10:37Z</time></trkpt><trkpt lat="37.598487854003906" lon="127.02066802978516"><ele>76.80000305175781</ele><time>2026-08-23T02:10:38Z</time></trkpt><trkpt lat="37.59849548339844" lon="127.02064514160156"><ele>77.0</ele><time>2026-08-23T02:10:39Z</time></trkpt><trkpt lat="37.598506927490234" lon="127.0206298828125"><ele>77.0</ele><time>2026-08-23T02:10:40Z</time></trkpt><trkpt lat="37.5985107421875" lon="127.0206069946289"><ele>77.0</ele><time>2026-08-23T02:10:41Z</time></trkpt><trkpt lat="37.59852600097656" lon="127.02057647705078"><ele>77.19999694824219</ele><time>2026-08-23T02:10:42Z</time></trkpt><trkpt lat="37.598533630371094" lon="127.02055358886719"><ele>77.19999694824219</ele><time>2026-08-23T02:10:43Z</time></trkpt><trkpt lat="37.59854507446289" lon="127.02052307128906"><ele>77.4000015258789</ele><time>2026-08-23T02:10:44Z</time></trkpt><trkpt lat="37.59855651855469" lon="127.02050018310547"><ele>77.4000015258789</ele><time>2026-08-23T02:10:45Z</time></trkpt><trkpt lat="37.59856414794922" lon="127.02047729492188"><ele>77.5999984741211</ele><time>2026-08-23T02:10:46Z</time></trkpt><trkpt lat="37.598575592041016" lon="127.02045440673828"><ele>77.80000305175781</ele><time>2026-08-23T02:10:47Z</time></trkpt><trkpt lat="37.59857940673828" lon="127.02043914794922"><ele>77.80000305175781</ele><time>2026-08-23T02:10:48Z</time></trkpt><trkpt lat="37.59859085083008" lon="127.0204086303711"><ele>78.0</ele><time>2026-08-23T02:10:49Z</time></trkpt><trkpt lat="37.598594665527344" lon="127.0203857421875"><ele>78.0</ele><time>2026-08-23T02:10:50Z</time></trkpt><trkpt lat="37.59859848022461" lon="127.0203628540039"><ele>78.0</ele><time>2026-08-23T02:10:51Z</time></trkpt><trkpt lat="37.59860610961914" lon="127.02033233642578"><ele>78.0</ele><time>2026-08-23T02:10:52Z</time></trkpt><trkpt lat="37.598609924316406" lon="127.02030181884766"><ele>78.19999694824219</ele><time>2026-08-23T02:10:53Z</time></trkpt><trkpt lat="37.59860610961914" lon="127.020263671875"><ele>78.19999694824219</ele><time>2026-08-23T02:10:54Z</time></trkpt><trkpt lat="37.59861373901367" lon="127.0202407836914"><ele>78.19999694824219</ele><time>2026-08-23T02:10:55Z</time></trkpt><trkpt lat="37.59861755371094" lon="127.02020263671875"><ele>78.4000015258789</ele><time>2026-08-23T02:10:56Z</time></trkpt><trkpt lat="37.5986213684082" lon="127.02017211914062"><ele>78.4000015258789</ele><time>2026-08-23T02:10:57Z</time></trkpt><trkpt lat="37.59862518310547" lon="127.0201416015625"><ele>78.4000015258789</ele><time>2026-08-23T02:10:58Z</time></trkpt><trkpt lat="37.5986328125" lon="127.02010345458984"><ele>78.5999984741211</ele><time>2026-08-23T02:10:59Z</time></trkpt><trkpt lat="37.598636627197266" lon="127.02008056640625"><ele>78.5999984741211</ele><time>2026-08-23T02:11:00Z</time></trkpt><trkpt lat="37.5986442565918" lon="127.0200424194336"><ele>78.80000305175781</ele><time>2026-08-23T02:11:01Z</time></trkpt><trkpt lat="37.5986442565918" lon="127.02001953125"><ele>78.80000305175781</ele><time>2026-08-23T02:11:02Z</time></trkpt><trkpt lat="37.5986442565918" lon="127.0199966430664"><ele>78.80000305175781</ele><time>2026-08-23T02:11:03Z</time></trkpt><trkpt lat="37.598655700683594" lon="127.01997375488281"><ele>79.0</ele><time>2026-08-23T02:11:04Z</time></trkpt><trkpt lat="37.598663330078125" lon="127.01994323730469"><ele>79.0</ele><time>2026-08-23T02:11:05Z</time></trkpt><trkpt lat="37.59867477416992" lon="127.01991271972656"><ele>79.0</ele><time>2026-08-23T02:11:06Z</time></trkpt><trkpt lat="37.59867858886719" lon="127.0198974609375"><ele>79.19999694824219</ele><time>2026-08-23T02:11:07Z</time></trkpt><trkpt lat="37.598690032958984" lon="127.0198745727539"><ele>79.19999694824219</ele><time>2026-08-23T02:11:08Z</time></trkpt><trkpt lat="37.598697662353516" lon="127.01984405517578"><ele>79.4000015258789</ele><time>2026-08-23T02:11:09Z</time></trkpt><trkpt lat="37.598697662353516" lon="127.01982116699219"><ele>79.4000015258789</ele><time>2026-08-23T02:11:10Z</time></trkpt><trkpt lat="37.59871292114258" lon="127.0197982788086"><ele>79.5999984741211</ele><time>2026-08-23T02:11:11Z</time></trkpt><trkpt lat="37.598716735839844" lon="127.01978302001953"><ele>79.80000305175781</ele><time>2026-08-23T02:11:12Z</time></trkpt><trkpt lat="37.598724365234375" lon="127.0197525024414"><ele>80.0</ele><time>2026-08-23T02:11:13Z</time></trkpt><trkpt lat="37.598731994628906" lon="127.01972961425781"><ele>80.0</ele><time>2026-08-23T02:11:14Z</time></trkpt><trkpt lat="37.598731994628906" lon="127.01971435546875"><ele>80.19999694824219</ele><time>2026-08-23T02:11:15Z</time></trkpt><trkpt lat="37.5987434387207" lon="127.01968383789062"><ele>80.4000015258789</ele><time>2026-08-23T02:11:16Z</time></trkpt><trkpt lat="37.598751068115234" lon="127.01966094970703"><ele>80.5999984741211</ele><time>2026-08-23T02:11:17Z</time></trkpt><trkpt lat="37.5987548828125" lon="127.01963806152344"><ele>80.80000305175781</ele><time>2026-08-23T02:11:18Z</time></trkpt><trkpt lat="37.5987663269043" lon="127.01960754394531"><ele>81.0</ele><time>2026-08-23T02:11:19Z</time></trkpt><trkpt lat="37.5987663269043" lon="127.01959228515625"><ele>81.19999694824219</ele><time>2026-08-23T02:11:20Z</time></trkpt><trkpt lat="37.598777770996094" lon="127.01956939697266"><ele>81.4000015258789</ele><time>2026-08-23T02:11:21Z</time></trkpt><trkpt lat="37.598785400390625" lon="127.01954650878906"><ele>81.5999984741211</ele><time>2026-08-23T02:11:22Z</time></trkpt><trkpt lat="37.598793029785156" lon="127.01952362060547"><ele>81.5999984741211</ele><time>2026-08-23T02:11:23Z</time></trkpt><trkpt lat="37.59880447387695" lon="127.01949310302734"><ele>81.80000305175781</ele><time>2026-08-23T02:11:24Z</time></trkpt><trkpt lat="37.598812103271484" lon="127.01947784423828"><ele>82.0</ele><time>2026-08-23T02:11:25Z</time></trkpt><trkpt lat="37.598819732666016" lon="127.01945495605469"><ele>82.19999694824219</ele><time>2026-08-23T02:11:26Z</time></trkpt><trkpt lat="37.59883499145508" lon="127.01942443847656"><ele>82.4000015258789</ele><time>2026-08-23T02:11:27Z</time></trkpt><trkpt lat="37.598838806152344" lon="127.0194091796875"><ele>82.5999984741211</ele><time>2026-08-23T02:11:28Z</time></trkpt><trkpt lat="37.59885025024414" lon="127.0193862915039"><ele>82.80000305175781</ele><time>2026-08-23T02:11:29Z</time></trkpt><trkpt lat="37.59885787963867" lon="127.01935577392578"><ele>83.0</ele><time>2026-08-23T02:11:30Z</time></trkpt><trkpt lat="37.59886169433594" lon="127.01933288574219"><ele>83.19999694824219</ele><time>2026-08-23T02:11:31Z</time></trkpt><trkpt lat="37.598873138427734" lon="127.01930236816406"><ele>83.4000015258789</ele><time>2026-08-23T02:11:32Z</time></trkpt><trkpt lat="37.598880767822266" lon="127.019287109375"><ele>83.4000015258789</ele><time>2026-08-23T02:11:33Z</time></trkpt><trkpt lat="37.598899841308594" lon="127.01925659179688"><ele>83.5999984741211</ele><time>2026-08-23T02:11:34Z</time></trkpt><trkpt lat="37.598915100097656" lon="127.01923370361328"><ele>83.5999984741211</ele><time>2026-08-23T02:11:35Z</time></trkpt><trkpt lat="37.59892654418945" lon="127.01921081542969"><ele>83.5999984741211</ele><time>2026-08-23T02:11:36Z</time></trkpt><trkpt lat="37.59894943237305" lon="127.01918029785156"><ele>83.5999984741211</ele><time>2026-08-23T02:11:37Z</time></trkpt><trkpt lat="37.59896469116211" lon="127.01915740966797"><ele>83.80000305175781</ele><time>2026-08-23T02:11:38Z</time></trkpt><trkpt lat="37.59898376464844" lon="127.01912689208984"><ele>83.80000305175781</ele><time>2026-08-23T02:11:39Z</time></trkpt><trkpt lat="37.59899139404297" lon="127.01911163330078"><ele>83.80000305175781</ele><time>2026-08-23T02:11:40Z</time></trkpt><trkpt lat="37.599002838134766" lon="127.01908874511719"><ele>83.80000305175781</ele><time>2026-08-23T02:11:41Z</time></trkpt><trkpt lat="37.59900665283203" lon="127.0190658569336"><ele>84.0</ele><time>2026-08-23T02:11:42Z</time></trkpt><trkpt lat="37.5990104675293" lon="127.01904296875"><ele>84.0</ele><time>2026-08-23T02:11:43Z</time></trkpt><trkpt lat="37.59901809692383" lon="127.01901245117188"><ele>83.80000305175781</ele><time>2026-08-23T02:11:44Z</time></trkpt><trkpt lat="37.599021911621094" lon="127.01898956298828"><ele>83.80000305175781</ele><time>2026-08-23T02:11:45Z</time></trkpt><trkpt lat="37.59903335571289" lon="127.01895904541016"><ele>83.80000305175781</ele><time>2026-08-23T02:11:46Z</time></trkpt><trkpt lat="37.599037170410156" lon="127.01893615722656"><ele>83.80000305175781</ele><time>2026-08-23T02:11:47Z</time></trkpt><trkpt lat="37.59904098510742" lon="127.01891326904297"><ele>83.80000305175781</ele><time>2026-08-23T02:11:48Z</time></trkpt><trkpt lat="37.59904479980469" lon="127.01889038085938"><ele>83.80000305175781</ele><time>2026-08-23T02:11:49Z</time></trkpt><trkpt lat="37.599037170410156" lon="127.01887512207031"><ele>83.80000305175781</ele><time>2026-08-23T02:11:50Z</time></trkpt><trkpt lat="37.599037170410156" lon="127.01885223388672"><ele>83.80000305175781</ele><time>2026-08-23T02:11:51Z</time></trkpt><trkpt lat="37.59905242919922" lon="127.01856994628906"><ele>84.19999694824219</ele><time>2026-08-23T02:12:30Z</time></trkpt><trkpt lat="37.59906005859375" lon="127.01856231689453"><ele>84.19999694824219</ele><time>2026-08-23T02:12:31Z</time></trkpt><trkpt lat="37.59907531738281" lon="127.0185317993164"><ele>84.19999694824219</ele><time>2026-08-23T02:12:32Z</time></trkpt><trkpt lat="37.59908676147461" lon="127.01850891113281"><ele>84.19999694824219</ele><time>2026-08-23T02:12:33Z</time></trkpt><trkpt lat="37.59910202026367" lon="127.01847839355469"><ele>84.0</ele><time>2026-08-23T02:12:34Z</time></trkpt><trkpt lat="37.59911346435547" lon="127.01844787597656"><ele>84.0</ele><time>2026-08-23T02:12:35Z</time></trkpt><trkpt lat="37.59912872314453" lon="127.01841735839844"><ele>83.80000305175781</ele><time>2026-08-23T02:12:36Z</time></trkpt><trkpt lat="37.599143981933594" lon="127.01840209960938"><ele>83.80000305175781</ele><time>2026-08-23T02:12:37Z</time></trkpt><trkpt lat="37.599151611328125" lon="127.01837921142578"><ele>83.80000305175781</ele><time>2026-08-23T02:12:38Z</time></trkpt><trkpt lat="37.59916687011719" lon="127.01835632324219"><ele>83.80000305175781</ele><time>2026-08-23T02:12:39Z</time></trkpt><trkpt lat="37.599178314208984" lon="127.01834106445312"><ele>84.0</ele><time>2026-08-23T02:12:40Z</time></trkpt><trkpt lat="37.59919738769531" lon="127.01830291748047"><ele>84.0</ele><time>2026-08-23T02:12:41Z</time></trkpt><trkpt lat="37.59921646118164" lon="127.01828002929688"><ele>84.0</ele><time>2026-08-23T02:12:42Z</time></trkpt><trkpt lat="37.599239349365234" lon="127.01824188232422"><ele>84.0</ele><time>2026-08-23T02:12:43Z</time></trkpt><trkpt lat="37.59925079345703" lon="127.0182113647461"><ele>84.0</ele><time>2026-08-23T02:12:44Z</time></trkpt><trkpt lat="37.59926223754883" lon="127.01818084716797"><ele>84.0</ele><time>2026-08-23T02:12:45Z</time></trkpt><trkpt lat="37.59926986694336" lon="127.01815032958984"><ele>84.0</ele><time>2026-08-23T02:12:46Z</time></trkpt><trkpt lat="37.59926986694336" lon="127.01812744140625"><ele>84.0</ele><time>2026-08-23T02:12:47Z</time></trkpt><trkpt lat="37.599246978759766" lon="127.01809692382812"><ele>84.0</ele><time>2026-08-23T02:12:48Z</time></trkpt><trkpt lat="37.59922790527344" lon="127.01807403564453"><ele>84.19999694824219</ele><time>2026-08-23T02:12:49Z</time></trkpt><trkpt lat="37.59920883178711" lon="127.01805114746094"><ele>84.19999694824219</ele><time>2026-08-23T02:12:50Z</time></trkpt><trkpt lat="37.59918212890625" lon="127.01802062988281"><ele>84.19999694824219</ele><time>2026-08-23T02:12:51Z</time></trkpt><trkpt lat="37.599151611328125" lon="127.01801300048828"><ele>84.4000015258789</ele><time>2026-08-23T02:12:52Z</time></trkpt><trkpt lat="37.599124908447266" lon="127.01799011230469"><ele>84.80000305175781</ele><time>2026-08-23T02:12:53Z</time></trkpt><trkpt lat="37.59907913208008" lon="127.01797485351562"><ele>85.0</ele><time>2026-08-23T02:12:54Z</time></trkpt><trkpt lat="37.599056243896484" lon="127.0179672241211"><ele>85.4000015258789</ele><time>2026-08-23T02:12:55Z</time></trkpt><trkpt lat="37.59902572631836" lon="127.0179443359375"><ele>85.80000305175781</ele><time>2026-08-23T02:12:56Z</time></trkpt><trkpt lat="37.599002838134766" lon="127.01793670654297"><ele>86.0</ele><time>2026-08-23T02:12:57Z</time></trkpt><trkpt lat="37.59898376464844" lon="127.0179214477539"><ele>86.4000015258789</ele><time>2026-08-23T02:12:58Z</time></trkpt><trkpt lat="37.59896469116211" lon="127.01791381835938"><ele>86.80000305175781</ele><time>2026-08-23T02:12:59Z</time></trkpt><trkpt lat="37.598941802978516" lon="127.01789093017578"><ele>87.19999694824219</ele><time>2026-08-23T02:13:00Z</time></trkpt><trkpt lat="37.59892272949219" lon="127.01788330078125"><ele>87.4000015258789</ele><time>2026-08-23T02:13:01Z</time></trkpt><trkpt lat="37.59862518310547" lon="127.01795196533203"><ele>94.80000305175781</ele><time>2026-08-23T02:13:44Z</time></trkpt><trkpt lat="37.59860610961914" lon="127.0179672241211"><ele>95.0</ele><time>2026-08-23T02:13:45Z</time></trkpt><trkpt lat="37.59859848022461" lon="127.01797485351562"><ele>95.0</ele><time>2026-08-23T02:13:46Z</time></trkpt><trkpt lat="37.59858322143555" lon="127.01798248291016"><ele>95.19999694824219</ele><time>2026-08-23T02:13:47Z</time></trkpt><trkpt lat="37.59856033325195" lon="127.01799774169922"><ele>95.19999694824219</ele><time>2026-08-23T02:13:48Z</time></trkpt><trkpt lat="37.598533630371094" lon="127.01800537109375"><ele>95.0</ele><time>2026-08-23T02:13:49Z</time></trkpt><trkpt lat="37.59851837158203" lon="127.01802062988281"><ele>95.0</ele><time>2026-08-23T02:13:50Z</time></trkpt><trkpt lat="37.59849548339844" lon="127.01803588867188"><ele>94.80000305175781</ele><time>2026-08-23T02:13:51Z</time></trkpt><trkpt lat="37.59847640991211" lon="127.0180435180664"><ele>94.80000305175781</ele><time>2026-08-23T02:13:52Z</time></trkpt><trkpt lat="37.59846496582031" lon="127.01805114746094"><ele>94.80000305175781</ele><time>2026-08-23T02:13:53Z</time></trkpt><trkpt lat="37.598445892333984" lon="127.01806640625"><ele>94.80000305175781</ele><time>2026-08-23T02:13:54Z</time></trkpt><trkpt lat="37.59843063354492" lon="127.01806640625"><ele>94.80000305175781</ele><time>2026-08-23T02:13:55Z</time></trkpt><trkpt lat="37.59841537475586" lon="127.01807403564453"><ele>94.5999984741211</ele><time>2026-08-23T02:13:56Z</time></trkpt><trkpt lat="37.59840393066406" lon="127.01808166503906"><ele>94.5999984741211</ele><time>2026-08-23T02:13:57Z</time></trkpt><trkpt lat="37.598384857177734" lon="127.0180892944336"><ele>94.5999984741211</ele><time>2026-08-23T02:13:58Z</time></trkpt><trkpt lat="37.5983772277832" lon="127.0180892944336"><ele>94.5999984741211</ele><time>2026-08-23T02:13:59Z</time></trkpt><trkpt lat="37.59835433959961" lon="127.01810455322266"><ele>94.5999984741211</ele><time>2026-08-23T02:14:00Z</time></trkpt><trkpt lat="37.59833526611328" lon="127.01811218261719"><ele>94.5999984741211</ele><time>2026-08-23T02:14:01Z</time></trkpt><trkpt lat="37.59831619262695" lon="127.01812744140625"><ele>94.5999984741211</ele><time>2026-08-23T02:14:02Z</time></trkpt><trkpt lat="37.59829330444336" lon="127.01815032958984"><ele>94.5999984741211</ele><time>2026-08-23T02:14:03Z</time></trkpt><trkpt lat="37.5982780456543" lon="127.01817321777344"><ele>94.4000015258789</ele><time>2026-08-23T02:14:04Z</time></trkpt><trkpt lat="37.59824752807617" lon="127.01818084716797"><ele>94.4000015258789</ele><time>2026-08-23T02:14:05Z</time></trkpt><trkpt lat="37.59822463989258" lon="127.01818084716797"><ele>94.4000015258789</ele><time>2026-08-23T02:14:06Z</time></trkpt><trkpt lat="37.59819030761719" lon="127.01818084716797"><ele>94.5999984741211</ele><time>2026-08-23T02:14:07Z</time></trkpt><trkpt lat="37.59815216064453" lon="127.01818084716797"><ele>94.5999984741211</ele><time>2026-08-23T02:14:08Z</time></trkpt><trkpt lat="37.59812545776367" lon="127.01818084716797"><ele>94.80000305175781</ele><time>2026-08-23T02:14:09Z</time></trkpt><trkpt lat="37.59809875488281" lon="127.0181884765625"><ele>94.80000305175781</ele><time>2026-08-23T02:14:10Z</time></trkpt><trkpt lat="37.598079681396484" lon="127.01819610595703"><ele>95.0</ele><time>2026-08-23T02:14:11Z</time></trkpt><trkpt lat="37.59805679321289" lon="127.01820373535156"><ele>95.0</ele><time>2026-08-23T02:14:12Z</time></trkpt><trkpt lat="37.59804153442383" lon="127.01821899414062"><ele>95.0</ele><time>2026-08-23T02:14:13Z</time></trkpt><trkpt lat="37.5980224609375" lon="127.01822662353516"><ele>94.80000305175781</ele><time>2026-08-23T02:14:14Z</time></trkpt><trkpt lat="37.597999572753906" lon="127.01823425292969"><ele>94.80000305175781</ele><time>2026-08-23T02:14:15Z</time></trkpt><trkpt lat="37.59798049926758" lon="127.01823425292969"><ele>94.5999984741211</ele><time>2026-08-23T02:14:16Z</time></trkpt><trkpt lat="37.59796142578125" lon="127.01824188232422"><ele>94.5999984741211</ele><time>2026-08-23T02:14:17Z</time></trkpt><trkpt lat="37.59793472290039" lon="127.01825714111328"><ele>94.5999984741211</ele><time>2026-08-23T02:14:18Z</time></trkpt><trkpt lat="37.597900390625" lon="127.01827239990234"><ele>94.5999984741211</ele><time>2026-08-23T02:14:19Z</time></trkpt><trkpt lat="37.597877502441406" lon="127.0182876586914"><ele>94.80000305175781</ele><time>2026-08-23T02:14:20Z</time></trkpt><trkpt lat="37.59785461425781" lon="127.01829528808594"><ele>94.80000305175781</ele><time>2026-08-23T02:14:21Z</time></trkpt><trkpt lat="37.59783172607422" lon="127.01830291748047"><ele>94.80000305175781</ele><time>2026-08-23T02:14:22Z</time></trkpt><trkpt lat="37.597816467285156" lon="127.01831817626953"><ele>94.80000305175781</ele><time>2026-08-23T02:14:23Z</time></trkpt><trkpt lat="37.59780502319336" lon="127.01831817626953"><ele>94.80000305175781</ele><time>2026-08-23T02:14:24Z</time></trkpt><trkpt lat="37.597801208496094" lon="127.018310546875"><ele>94.80000305175781</ele><time>2026-08-23T02:14:25Z</time></trkpt><trkpt lat="37.59779357910156" lon="127.01830291748047"><ele>94.80000305175781</ele><time>2026-08-23T02:14:26Z</time></trkpt><trkpt lat="37.59777069091797" lon="127.01825714111328"><ele>94.80000305175781</ele><time>2026-08-23T02:14:27Z</time></trkpt><trkpt lat="37.59776306152344" lon="127.01822662353516"><ele>94.80000305175781</ele><time>2026-08-23T02:14:28Z</time></trkpt><trkpt lat="37.59774398803711" lon="127.0181884765625"><ele>94.80000305175781</ele><time>2026-08-23T02:14:29Z</time></trkpt><trkpt lat="37.59773254394531" lon="127.01814270019531"><ele>94.80000305175781</ele><time>2026-08-23T02:14:30Z</time></trkpt><trkpt lat="37.59771728515625" lon="127.01810455322266"><ele>94.80000305175781</ele><time>2026-08-23T02:14:31Z</time></trkpt><trkpt lat="37.597713470458984" lon="127.01807403564453"><ele>94.80000305175781</ele><time>2026-08-23T02:14:32Z</time></trkpt><trkpt lat="37.59770965576172" lon="127.01805114746094"><ele>94.80000305175781</ele><time>2026-08-23T02:14:33Z</time></trkpt><trkpt lat="37.59770584106445" lon="127.01803588867188"><ele>94.80000305175781</ele><time>2026-08-23T02:14:34Z</time></trkpt><trkpt lat="37.59771728515625" lon="127.01803588867188"><ele>94.80000305175781</ele><time>2026-08-23T02:14:35Z</time></trkpt><trkpt lat="37.59771728515625" lon="127.01802062988281"><ele>94.80000305175781</ele><time>2026-08-23T02:14:36Z</time></trkpt><trkpt lat="37.597721099853516" lon="127.01801300048828"><ele>95.0</ele><time>2026-08-23T02:14:37Z</time></trkpt><trkpt lat="37.59772872924805" lon="127.01799774169922"><ele>95.0</ele><time>2026-08-23T02:14:38Z</time></trkpt><trkpt lat="37.59774398803711" lon="127.01798248291016"><ele>95.0</ele><time>2026-08-23T02:14:39Z</time></trkpt><trkpt lat="37.597755432128906" lon="127.01798248291016"><ele>95.0</ele><time>2026-08-23T02:14:40Z</time></trkpt><trkpt lat="37.59777069091797" lon="127.01799011230469"><ele>95.19999694824219</ele><time>2026-08-23T02:14:41Z</time></trkpt><trkpt lat="37.59778594970703" lon="127.01799011230469"><ele>95.19999694824219</ele><time>2026-08-23T02:14:42Z</time></trkpt></trkseg></trk></gpx>