<?xml version='1.0' encoding='UTF-8'?><gpx version="1.1" creator="Garmin Sports" xmlns="http://www.topografix.com/GPX/1/1"><metadata><author><name>Garmin Sports</name></author><copyright author="Garmin Sports"><year>2026</year></copyright></metadata><trk><trkseg><trkpt lat="37.593666076660156" lon="127.0212173461914"><ele>49.0</ele><time>2026-09-27T00:34:06Z</time></trkpt><trkpt lat="37.59367752075195" lon="127.02120971679688"><ele>49.0</ele><time>2026-09-27T00:34:07Z</time></trkpt><trkpt lat="37.59364700317383" lon="127.02120208740234"><ele>48.79999923706055</ele><time>2026-09-27T00:34:08Z</time></trkpt><trkpt lat="37.59362030029297" lon="127.02120971679688"><ele>48.79999923706055</ele><time>2026-09-27T00:34:09Z</time></trkpt><trkpt lat="37.593589782714844" lon="127.02117919921875"><ele>48.79999923706055</ele><time>2026-09-27T00:34:10Z</time></trkpt><trkpt lat="37.59356689453125" lon="127.02117156982422"><ele>48.599998474121094</ele><time>2026-09-27T00:34:11Z</time></trkpt><trkpt lat="37.59355163574219" lon="127.02117156982422"><ele>48.599998474121094</ele><time>2026-09-27T00:34:12Z</time></trkpt><trkpt lat="37.593528747558594" lon="127.02116394042969"><ele>48.599998474121094</ele><time>2026-09-27T00:34:13Z</time></trkpt><trkpt lat="37.593509674072266" lon="127.02116394042969"><ele>48.599998474121094</ele><time>2026-09-27T00:34:14Z</time></trkpt><trkpt lat="37.5934944152832" lon="127.02115631103516"><ele>48.599998474121094</ele><time>2026-09-27T00:34:15Z</time></trkpt><trkpt lat="37.593467712402344" lon="127.02116394042969"><ele>48.599998474121094</ele><time>2026-09-27T00:34:16Z</time></trkpt><trkpt lat="37.593448638916016" lon="127.02116394042969"><ele>48.599998474121094</ele><time>2026-09-27T00:34:17Z</time></trkpt><trkpt lat="37.59342575073242" lon="127.02117156982422"><ele>48.599998474121094</ele><time>2026-09-27T00:34:18Z</time></trkpt><trkpt lat="37.59341049194336" lon="127.02117156982422"><ele>48.400001525878906</ele><time>2026-09-27T00:34:19Z</time></trkpt><trkpt lat="37.59339141845703" lon="127.02117156982422"><ele>48.400001525878906</ele><time>2026-09-27T00:34:20Z</time></trkpt><trkpt lat="37.5933723449707" lon="127.02117919921875"><ele>48.400001525878906</ele><time>2026-09-27T00:34:21Z</time></trkpt><trkpt lat="37.593353271484375" lon="127.02119445800781"><ele>48.20000076293945</ele><time>2026-09-27T00:34:22Z</time></trkpt><trkpt lat="37.59333801269531" lon="127.02120208740234"><ele>48.20000076293945</ele><time>2026-09-27T00:34:23Z</time></trkpt><trkpt lat="37.59332275390625" lon="127.02120208740234"><ele>48.0</ele><time>2026-09-27T00:34:24Z</time></trkpt><trkpt lat="37.593299865722656" lon="127.02120208740234"><ele>47.79999923706055</ele><time>2026-09-27T00:34:25Z</time></trkpt><trkpt lat="37.593284606933594" lon="127.02119445800781"><ele>47.79999923706055</ele><time>2026-09-27T00:34:26Z</time></trkpt><trkpt lat="37.59326934814453" lon="127.02118682861328"><ele>47.599998474121094</ele><time>2026-09-27T00:34:27Z</time></trkpt><trkpt lat="37.5932502746582" lon="127.02117919921875"><ele>47.599998474121094</ele><time>2026-09-27T00:34:28Z</time></trkpt><trkpt lat="37.59323501586914" lon="127.02117156982422"><ele>47.599998474121094</ele><time>2026-09-27T00:34:29Z</time></trkpt><trkpt lat="37.59321212768555" lon="127.02116394042969"><ele>47.400001525878906</ele><time>2026-09-27T00:34:30Z</time></trkpt><trkpt lat="37.59319305419922" lon="127.02116394042969"><ele>47.400001525878906</ele><time>2026-09-27T00:34:31Z</time></trkpt><trkpt lat="37.59317398071289" lon="127.02115631103516"><ele>47.400001525878906</ele><time>2026-09-27T00:34:32Z</time></trkpt><trkpt lat="37.5931510925293" lon="127.02114868164062"><ele>47.20000076293945</ele><time>2026-09-27T00:34:33Z</time></trkpt><trkpt lat="37.593135833740234" lon="127.0211410522461"><ele>47.20000076293945</ele><time>2026-09-27T00:34:34Z</time></trkpt><trkpt lat="37.593116760253906" lon="127.0211181640625"><ele>47.0</ele><time>2026-09-27T00:34:35Z</time></trkpt><trkpt lat="37.59309768676758" lon="127.02111053466797"><ele>47.0</ele><time>2026-09-27T00:34:36Z</time></trkpt><trkpt lat="37.593074798583984" lon="127.02108764648438"><ele>47.0</ele><time>2026-09-27T00:34:37Z</time></trkpt><trkpt lat="37.59305953979492" lon="127.02107238769531"><ele>46.79999923706055</ele><time>2026-09-27T00:34:38Z</time></trkpt><trkpt lat="37.593040466308594" lon="127.02106475830078"><ele>46.79999923706055</ele><time>2026-09-27T00:34:39Z</time></trkpt><trkpt lat="37.593017578125" lon="127.02106475830078"><ele>46.599998474121094</ele><time>2026-09-27T00:34:40Z</time></trkpt><trkpt lat="37.592994689941406" lon="127.02105712890625"><ele>46.599998474121094</ele><time>2026-09-27T00:34:41Z</time></trkpt><trkpt lat="37.59297180175781" lon="127.02104949951172"><ele>46.400001525878906</ele><time>2026-09-27T00:34:42Z</time></trkpt><trkpt lat="37.59294891357422" lon="127.02104949951172"><ele>46.400001525878906</ele><time>2026-09-27T00:34:43Z</time></trkpt><trkpt lat="37.59292984008789" lon="127.02104187011719"><ele>46.20000076293945</ele><time>2026-09-27T00:34:44Z</time></trkpt><trkpt lat="37.592899322509766" lon="127.02103424072266"><ele>46.20000076293945</ele><time>2026-09-27T00:34:45Z</time></trkpt><trkpt lat="37.59288024902344" lon="127.02103424072266"><ele>46.0</ele><time>2026-09-27T00:34:46Z</time></trkpt><trkpt lat="37.59286117553711" lon="127.02103424072266"><ele>46.0</ele><time>2026-09-27T00:34:47Z</time></trkpt><trkpt lat="37.592838287353516" lon="127.02102661132812"><ele>46.0</ele><time>2026-09-27T00:34:48Z</time></trkpt><trkpt lat="37.59281921386719" lon="127.02102661132812"><ele>45.79999923706055</ele><time>2026-09-27T00:34:49Z</time></trkpt><trkpt lat="37.59280014038086" lon="127.02102661132812"><ele>45.79999923706055</ele><time>2026-09-27T00:34:50Z</time></trkpt><trkpt lat="37.5927848815918" lon="127.02103424072266"><ele>45.79999923706055</ele><time>2026-09-27T00:34:51Z</time></trkpt><trkpt lat="37.592769622802734" lon="127.02104187011719"><ele>45.599998474121094</ele><time>2026-09-27T00:34:52Z</time></trkpt><trkpt lat="37.592750549316406" lon="127.02104187011719"><ele>45.599998474121094</ele><time>2026-09-27T00:34:53Z</time></trkpt><trkpt lat="37.592735290527344" lon="127.02103424072266"><ele>45.400001525878906</ele><time>2026-09-27T00:34:54Z</time></trkpt><trkpt lat="37.59271240234375" lon="127.02102661132812"><ele>45.400001525878906</ele><time>2026-09-27T00:34:55Z</time></trkpt><trkpt lat="37.59269714355469" lon="127.02102661132812"><ele>45.20000076293945</ele><time>2026-09-27T00:34:56Z</time></trkpt><trkpt lat="37.592681884765625" lon="127.02102661132812"><ele>45.20000076293945</ele><time>2026-09-27T00:34:57Z</time></trkpt><trkpt lat="37.5926628112793" lon="127.02102661132812"><ele>45.20000076293945</ele><time>2026-09-27T00:34:58Z</time></trkpt><trkpt lat="37.592647552490234" lon="127.02102661132812"><ele>45.20000076293945</ele><time>2026-09-27T00:34:59Z</time></trkpt><trkpt lat="37.592628479003906" lon="127.02102661132812"><ele>45.20000076293945</ele><time>2026-09-27T00:35:00Z</time></trkpt><trkpt lat="37.59260940551758" lon="127.02102661132812"><ele>45.20000076293945</ele><time>2026-09-27T00:35:01Z</time></trkpt><trkpt lat="37.59259033203125" lon="127.02102661132812"><ele>45.20000076293945</ele><time>2026-09-27T00:35:02Z</time></trkpt><trkpt lat="37.592567443847656" lon="127.02103424072266"><ele>45.0</ele><time>2026-09-27T00:35:03Z</time></trkpt><trkpt lat="37.59254837036133" lon="127.02102661132812"><ele>44.79999923706055</ele><time>2026-09-27T00:35:04Z</time></trkpt><trkpt lat="37.592525482177734" lon="127.02101135253906"><ele>44.599998474121094</ele><time>2026-09-27T00:35:05Z</time></trkpt><trkpt lat="37.592506408691406" lon="127.02101135253906"><ele>44.599998474121094</ele><time>2026-09-27T00:35:06Z</time></trkpt><trkpt lat="37.59248352050781" lon="127.02101135253906"><ele>44.599998474121094</ele><time>2026-09-27T00:35:07Z</time></trkpt><trkpt lat="37.592464447021484" lon="127.02101135253906"><ele>44.599998474121094</ele><time>2026-09-27T00:35:08Z</time></trkpt><trkpt lat="37.592445373535156" lon="127.0210189819336"><ele>44.400001525878906</ele><time>2026-09-27T00:35:09Z</time></trkpt><trkpt lat="37.59242248535156" lon="127.0210189819336"><ele>44.400001525878906</ele><time>2026-09-27T00:35:10Z</time></trkpt><trkpt lat="37.592403411865234" lon="127.02102661132812"><ele>44.400001525878906</ele><time>2026-09-27T00:35:11Z</time></trkpt><trkpt lat="37.592384338378906" lon="127.02102661132812"><ele>44.400001525878906</ele><time>2026-09-27T00:35:12Z</time></trkpt><trkpt lat="37.59235763549805" lon="127.02102661132812"><ele>44.400001525878906</ele><time>2026-09-27T00:35:13Z</time></trkpt><trkpt lat="37.59233856201172" lon="127.02102661132812"><ele>44.400001525878906</ele><time>2026-09-27T00:35:14Z</time></trkpt><trkpt lat="37.592315673828125" lon="127.02102661132812"><ele>44.400001525878906</ele><time>2026-09-27T00:35:15Z</time></trkpt><trkpt lat="37.5922966003418" lon="127.02103424072266"><ele>44.400001525878906</ele><time>2026-09-27T00:35:16Z</time></trkpt><trkpt lat="37.59227752685547" lon="127.02103424072266"><ele>44.400001525878906</ele><time>2026-09-27T00:35:17Z</time></trkpt><trkpt lat="37.592254638671875" lon="127.02104187011719"><ele>44.400001525878906</ele><time>2026-09-27T00:35:18Z</time></trkpt><trkpt lat="37.59223175048828" lon="127.02104187011719"><ele>44.20000076293945</ele><time>2026-09-27T00:35:19Z</time></trkpt><trkpt lat="37.59220886230469" lon="127.02104187011719"><ele>44.20000076293945</ele><time>2026-09-27T00:35:20Z</time></trkpt><trkpt lat="37.59218215942383" lon="127.02104187011719"><ele>44.20000076293945</ele><time>2026-09-27T00:35:21Z</time></trkpt><trkpt lat="37.592166900634766" lon="127.02104187011719"><ele>44.0</ele><time>2026-09-27T00:35:22Z</time></trkpt><trkpt lat="37.5921516418457" lon="127.02104187011719"><ele>44.0</ele><time>2026-09-27T00:35:23Z</time></trkpt><trkpt lat="37.59214401245117" lon="127.02104187011719"><ele>44.0</ele><time>2026-09-27T00:35:24Z</time></trkpt><trkpt lat="37.59212875366211" lon="127.02104187011719"><ele>44.0</ele><time>2026-09-27T00:35:25Z</time></trkpt><trkpt lat="37.592105865478516" lon="127.02104187011719"><ele>44.0</ele><time>2026-09-27T00:35:26Z</time></trkpt><trkpt lat="37.59208679199219" lon="127.02104187011719"><ele>44.0</ele><time>2026-09-27T00:35:27Z</time></trkpt><trkpt lat="37.59206771850586" lon="127.02103424072266"><ele>44.0</ele><time>2026-09-27T00:35:28Z</time></trkpt><trkpt lat="37.592044830322266" lon="127.02102661132812"><ele>44.0</ele><time>2026-09-27T00:35:29Z</time></trkpt><trkpt lat="37.5920295715332" lon="127.0210189819336"><ele>44.0</ele><time>2026-09-27T00:35:30Z</time></trkpt><trkpt lat="37.592002868652344" lon="127.02100372314453"><ele>44.0</ele><time>2026-09-27T00:35:31Z</time></trkpt><trkpt lat="37.59198760986328" lon="127.02099609375"><ele>44.0</ele><time>2026-09-27T00:35:32Z</time></trkpt><trkpt lat="37.59196090698242" lon="127.02098846435547"><ele>44.0</ele><time>2026-09-27T00:35:33Z</time></trkpt><trkpt lat="37.591941833496094" lon="127.02098083496094"><ele>44.0</ele><time>2026-09-27T00:35:34Z</time></trkpt><trkpt lat="37.591922760009766" lon="127.0209732055664"><ele>43.79999923706055</ele><time>2026-09-27T00:35:35Z</time></trkpt><trkpt lat="37.591896057128906" lon="127.02096557617188"><ele>43.79999923706055</ele><time>2026-09-27T00:35:36Z</time></trkpt><trkpt lat="37.591880798339844" lon="127.02095794677734"><ele>43.79999923706055</ele><time>2026-09-27T00:35:37Z</time></trkpt><trkpt lat="37.59185791015625" lon="127.02095031738281"><ele>43.79999923706055</ele><time>2026-09-27T00:35:38Z</time></trkpt><trkpt lat="37.59183883666992" lon="127.02095031738281"><ele>43.79999923706055</ele><time>2026-09-27T00:35:39Z</time></trkpt><trkpt lat="37.59182357788086" lon="127.02095031738281"><ele>43.79999923706055</ele><time>2026-09-27T00:35:40Z</time></trkpt><trkpt lat="37.591800689697266" lon="127.02094268798828"><ele>43.599998474121094</ele><time>2026-09-27T00:35:41Z</time></trkpt><trkpt lat="37.5917854309082" lon="127.02094268798828"><ele>43.599998474121094</ele><time>2026-09-27T00:35:42Z</time></trkpt><trkpt lat="37.59176254272461" lon="127.02094268798828"><ele>43.599998474121094</ele><time>2026-09-27T00:35:43Z</time></trkpt><trkpt lat="37.59175109863281" lon="127.02094268798828"><ele>43.400001525878906</ele><time>2026-09-27T00:35:44Z</time></trkpt><trkpt lat="37.59172821044922" lon="127.02094268798828"><ele>43.400001525878906</ele><time>2026-09-27T00:35:45Z</time></trkpt><trkpt lat="37.59170913696289" lon="127.02093505859375"><ele>43.400001525878906</ele><time>2026-09-27T00:35:46Z</time></trkpt><trkpt lat="37.59169006347656" lon="127.02093505859375"><ele>43.400001525878906</ele><time>2026-09-27T00:35:47Z</time></trkpt><trkpt lat="37.59166717529297" lon="127.02092742919922"><ele>43.20000076293945</ele><time>2026-09-27T00:35:48Z</time></trkpt><trkpt lat="37.59164047241211" lon="127.02093505859375"><ele>43.20000076293945</ele><time>2026-09-27T00:35:49Z</time></trkpt><trkpt lat="37.59162139892578" lon="127.02093505859375"><ele>43.20000076293945</ele><time>2026-09-27T00:35:50Z</time></trkpt><trkpt lat="37.59159851074219" lon="127.02094268798828"><ele>43.20000076293945</ele><time>2026-09-27T00:35:51Z</time></trkpt><trkpt lat="37.59158706665039" lon="127.02095031738281"><ele>43.20000076293945</ele><time>2026-09-27T00:35:52Z</time></trkpt><trkpt lat="37.59156036376953" lon="127.02095031738281"><ele>43.20000076293945</ele><time>2026-09-27T00:35:53Z</time></trkpt><trkpt lat="37.5915412902832" lon="127.02094268798828"><ele>43.20000076293945</ele><time>2026-09-27T00:35:54Z</time></trkpt><trkpt lat="37.591522216796875" lon="127.02094268798828"><ele>43.0</ele><time>2026-09-27T00:35:55Z</time></trkpt><trkpt lat="37.59149932861328" lon="127.02093505859375"><ele>43.0</ele><time>2026-09-27T00:35:56Z</time></trkpt><trkpt lat="37.59148406982422" lon="127.02093505859375"><ele>43.0</ele><time>2026-09-27T00:35:57Z</time></trkpt><trkpt lat="37.59145736694336" lon="127.02094268798828"><ele>43.0</ele><time>2026-09-27T00:35:58Z</time></trkpt><trkpt lat="37.59143829345703" lon="127.02094268798828"><ele>42.79999923706055</ele><time>2026-09-27T00:35:59Z</time></trkpt><trkpt lat="37.59141540527344" lon="127.02094268798828"><ele>42.79999923706055</ele><time>2026-09-27T00:36:00Z</time></trkpt><trkpt lat="37.59139633178711" lon="127.02094268798828"><ele>42.79999923706055</ele><time>2026-09-27T00:36:01Z</time></trkpt><trkpt lat="37.591373443603516" lon="127.02095031738281"><ele>42.599998474121094</ele><time>2026-09-27T00:36:02Z</time></trkpt><trkpt lat="37.591346740722656" lon="127.02095031738281"><ele>42.79999923706055</ele><time>2026-09-27T00:36:03Z</time></trkpt><trkpt lat="37.59132766723633" lon="127.02094268798828"><ele>42.79999923706055</ele><time>2026-09-27T00:36:04Z</time></trkpt><trkpt lat="37.591304779052734" lon="127.02093505859375"><ele>43.0</ele><time>2026-09-27T00:36:05Z</time></trkpt><trkpt lat="37.591285705566406" lon="127.02092742919922"><ele>43.0</ele><time>2026-09-27T00:36:06Z</time></trkpt><trkpt lat="37.59126663208008" lon="127.02092742919922"><ele>43.0</ele><time>2026-09-27T00:36:07Z</time></trkpt><trkpt lat="37.591243743896484" lon="127.02092742919922"><ele>43.0</ele><time>2026-09-27T00:36:08Z</time></trkpt><trkpt lat="37.59122848510742" lon="127.02091979980469"><ele>42.79999923706055</ele><time>2026-09-27T00:36:09Z</time></trkpt><trkpt lat="37.59121322631836" lon="127.02091979980469"><ele>42.599998474121094</ele><time>2026-09-27T00:36:10Z</time></trkpt><trkpt lat="37.59119415283203" lon="127.02091217041016"><ele>42.599998474121094</ele><time>2026-09-27T00:36:11Z</time></trkpt><trkpt lat="37.59117889404297" lon="127.02091217041016"><ele>42.400001525878906</ele><time>2026-09-27T00:36:12Z</time></trkpt><trkpt lat="37.59115219116211" lon="127.02090454101562"><ele>42.20000076293945</ele><time>2026-09-27T00:36:13Z</time></trkpt><trkpt lat="37.59113311767578" lon="127.02091217041016"><ele>42.0</ele><time>2026-09-27T00:36:14Z</time></trkpt><trkpt lat="37.59111404418945" lon="127.02090454101562"><ele>41.79999923706055</ele><time>2026-09-27T00:36:15Z</time></trkpt><trkpt lat="37.59109115600586" lon="127.02090454101562"><ele>41.79999923706055</ele><time>2026-09-27T00:36:16Z</time></trkpt><trkpt lat="37.59107208251953" lon="127.02090454101562"><ele>41.599998474121094</ele><time>2026-09-27T00:36:17Z</time></trkpt><trkpt lat="37.59104919433594" lon="127.0208969116211"><ele>41.400001525878906</ele><time>2026-09-27T00:36:18Z</time></trkpt><trkpt lat="37.591033935546875" lon="127.02088928222656"><ele>41.400001525878906</ele><time>2026-09-27T00:36:19Z</time></trkpt><trkpt lat="37.59101104736328" lon="127.02088165283203"><ele>41.20000076293945</ele><time>2026-09-27T00:36:20Z</time></trkpt><trkpt lat="37.59099578857422" lon="127.0208740234375"><ele>41.20000076293945</ele><time>2026-09-27T00:36:21Z</time></trkpt><trkpt lat="37.59096908569336" lon="127.0208740234375"><ele>41.20000076293945</ele><time>2026-09-27T00:36:22Z</time></trkpt><trkpt lat="37.59095001220703" lon="127.0208740234375"><ele>41.0</ele><time>2026-09-27T00:36:23Z</time></trkpt><trkpt lat="37.5909309387207" lon="127.02086639404297"><ele>41.0</ele><time>2026-09-27T00:36:24Z</time></trkpt><trkpt lat="37.590904235839844" lon="127.02086639404297"><ele>41.0</ele><time>2026-09-27T00:36:25Z</time></trkpt><trkpt lat="37.590885162353516" lon="127.02085876464844"><ele>40.79999923706055</ele><time>2026-09-27T00:36:26Z</time></trkpt><trkpt lat="37.590858459472656" lon="127.02085876464844"><ele>40.79999923706055</ele><time>2026-09-27T00:36:27Z</time></trkpt><trkpt lat="37.59083938598633" lon="127.02085876464844"><ele>40.79999923706055</ele><time>2026-09-27T00:36:28Z</time></trkpt><trkpt lat="37.590816497802734" lon="127.02086639404297"><ele>40.599998474121094</ele><time>2026-09-27T00:36:29Z</time></trkpt><trkpt lat="37.59079360961914" lon="127.02086639404297"><ele>40.599998474121094</ele><time>2026-09-27T00:36:30Z</time></trkpt><trkpt lat="37.59077453613281" lon="127.02086639404297"><ele>40.400001525878906</ele><time>2026-09-27T00:36:31Z</time></trkpt><trkpt lat="37.59075164794922" lon="127.02085876464844"><ele>40.400001525878906</ele><time>2026-09-27T00:36:32Z</time></trkpt><trkpt lat="37.59073257446289" lon="127.02086639404297"><ele>40.20000076293945</ele><time>2026-09-27T00:36:33Z</time></trkpt><trkpt lat="37.5907096862793" lon="127.02085876464844"><ele>40.20000076293945</ele><time>2026-09-27T00:36:34Z</time></trkpt><trkpt lat="37.590694427490234" lon="127.0208511352539"><ele>40.0</ele><time>2026-09-27T00:36:35Z</time></trkpt><trkpt lat="37.59067153930664" lon="127.02083587646484"><ele>40.0</ele><time>2026-09-27T00:36:36Z</time></trkpt><trkpt lat="37.59064865112305" lon="127.02082824707031"><ele>39.79999923706055</ele><time>2026-09-27T00:36:37Z</time></trkpt><trkpt lat="37.590633392333984" lon="127.02082061767578"><ele>39.79999923706055</ele><time>2026-09-27T00:36:38Z</time></trkpt><trkpt lat="37.59061050415039" lon="127.02081298828125"><ele>39.599998474121094</ele><time>2026-09-27T00:36:39Z</time></trkpt><trkpt lat="37.59059524536133" lon="127.02080535888672"><ele>39.599998474121094</ele><time>2026-09-27T00:36:40Z</time></trkpt><trkpt lat="37.590572357177734" lon="127.02080535888672"><ele>39.400001525878906</ele><time>2026-09-27T00:36:41Z</time></trkpt><trkpt lat="37.59055709838867" lon="127.02079772949219"><ele>39.400001525878906</ele><time>2026-09-27T00:36:42Z</time></trkpt><trkpt lat="37.590545654296875" lon="127.02079010009766"><ele>39.400001525878906</ele><time>2026-09-27T00:36:43Z</time></trkpt><trkpt lat="37.59053421020508" lon="127.0207748413086"><ele>39.20000076293945</ele><time>2026-09-27T00:36:44Z</time></trkpt><trkpt lat="37.590518951416016" lon="127.02076721191406"><ele>39.20000076293945</ele><time>2026-09-27T00:36:45Z</time></trkpt><trkpt lat="37.59050369262695" lon="127.020751953125"><ele>39.0</ele><time>2026-09-27T00:36:46Z</time></trkpt><trkpt lat="37.590492248535156" lon="127.020751953125"><ele>39.0</ele><time>2026-09-27T00:36:47Z</time></trkpt><trkpt lat="37.59047317504883" lon="127.02073669433594"><ele>38.79999923706055</ele><time>2026-09-27T00:36:48Z</time></trkpt><trkpt lat="37.590450286865234" lon="127.0207290649414"><ele>38.599998474121094</ele><time>2026-09-27T00:36:49Z</time></trkpt><trkpt lat="37.59042739868164" lon="127.0207290649414"><ele>38.599998474121094</ele><time>2026-09-27T00:36:50Z</time></trkpt><trkpt lat="37.590396881103516" lon="127.0207290649414"><ele>38.400001525878906</ele><time>2026-09-27T00:36:51Z</time></trkpt><trkpt lat="37.59037399291992" lon="127.02073669433594"><ele>38.400001525878906</ele><time>2026-09-27T00:36:52Z</time></trkpt><trkpt lat="37.5903434753418" lon="127.02073669433594"><ele>38.20000076293945</ele><time>2026-09-27T00:36:53Z</time></trkpt><trkpt lat="37.59032440185547" lon="127.02073669433594"><ele>38.20000076293945</ele><time>2026-09-27T00:36:54Z</time></trkpt><trkpt lat="37.59030532836914" lon="127.02073669433594"><ele>38.20000076293945</ele><time>2026-09-27T00:36:55Z</time></trkpt><trkpt lat="37.59028244018555" lon="127.02073669433594"><ele>38.0</ele><time>2026-09-27T00:36:56Z</time></trkpt><trkpt lat="37.59026336669922" lon="127.0207290649414"><ele>38.0</ele><time>2026-09-27T00:36:57Z</time></trkpt><trkpt lat="37.590240478515625" lon="127.02071380615234"><ele>37.79999923706055</ele><time>2026-09-27T00:36:58Z</time></trkpt><trkpt lat="37.59022521972656" lon="127.02070617675781"><ele>37.79999923706055</ele><time>2026-09-27T00:36:59Z</time></trkpt><trkpt lat="37.590206146240234" lon="127.02069854736328"><ele>37.79999923706055</ele><time>2026-09-27T00:37:00Z</time></trkpt><trkpt lat="37.59019088745117" lon="127.02069091796875"><ele>37.79999923706055</ele><time>2026-09-27T00:37:01Z</time></trkpt><trkpt lat="37.590171813964844" lon="127.02069091796875"><ele>37.599998474121094</ele><time>2026-09-27T00:37:02Z</time></trkpt><trkpt lat="37.59014892578125" lon="127.02068328857422"><ele>37.599998474121094</ele><time>2026-09-27T00:37:03Z</time></trkpt><trkpt lat="37.59012985229492" lon="127.02066802978516"><ele>37.599998474121094</ele><time>2026-09-27T00:37:04Z</time></trkpt><trkpt lat="37.59011459350586" lon="127.02066040039062"><ele>37.599998474121094</ele><time>2026-09-27T00:37:05Z</time></trkpt><trkpt lat="37.5900993347168" lon="127.0206527709961"><ele>37.599998474121094</ele><time>2026-09-27T00:37:06Z</time></trkpt><trkpt lat="37.59008026123047" lon="127.02064514160156"><ele>37.400001525878906</ele><time>2026-09-27T00:37:07Z</time></trkpt><trkpt lat="37.59006118774414" lon="127.02064514160156"><ele>37.400001525878906</ele><time>2026-09-27T00:37:08Z</time></trkpt><trkpt lat="37.59003829956055" lon="127.02064514160156"><ele>37.400001525878906</ele><time>2026-09-27T00:37:09Z</time></trkpt><trkpt lat="37.59001922607422" lon="127.02063751220703"><ele>37.400001525878906</ele><time>2026-09-27T00:37:10Z</time></trkpt><trkpt lat="37.589996337890625" lon="127.02063751220703"><ele>37.400001525878906</ele><time>2026-09-27T00:37:11Z</time></trkpt><trkpt lat="37.58997344970703" lon="127.0206298828125"><ele>37.20000076293945</ele><time>2026-09-27T00:37:12Z</time></trkpt><trkpt lat="37.5899543762207" lon="127.0206298828125"><ele>37.20000076293945</ele><time>2026-09-27T00:37:13Z</time></trkpt><trkpt lat="37.589935302734375" lon="127.02062225341797"><ele>37.20000076293945</ele><time>2026-09-27T00:37:14Z</time></trkpt><trkpt lat="37.58991622924805" lon="127.02061462402344"><ele>37.20000076293945</ele><time>2026-09-27T00:37:15Z</time></trkpt><trkpt lat="37.58989715576172" lon="127.02059936523438"><ele>37.20000076293945</ele><time>2026-09-27T00:37:16Z</time></trkpt><trkpt lat="37.589881896972656" lon="127.02059936523438"><ele>37.0</ele><time>2026-09-27T00:37:17Z</time></trkpt><trkpt lat="37.58985900878906" lon="127.02059936523438"><ele>37.0</ele><time>2026-09-27T00:37:18Z</time></trkpt><trkpt lat="37.5898323059082" lon="127.02059936523438"><ele>37.0</ele><time>2026-09-27T00:37:19Z</time></trkpt><trkpt lat="37.589813232421875" lon="127.02059936523438"><ele>36.79999923706055</ele><time>2026-09-27T00:37:20Z</time></trkpt><trkpt lat="37.58979034423828" lon="127.02059936523438"><ele>36.79999923706055</ele><time>2026-09-27T00:37:21Z</time></trkpt><trkpt lat="37.58977127075195" lon="127.02059173583984"><ele>36.79999923706055</ele><time>2026-09-27T00:37:22Z</time></trkpt><trkpt lat="37.589759826660156" lon="127.02059173583984"><ele>36.79999923706055</ele><time>2026-09-27T00:37:23Z</time></trkpt><trkpt lat="37.58974838256836" lon="127.02058410644531"><ele>36.79999923706055</ele><time>2026-09-27T00:37:24Z</time></trkpt><trkpt lat="37.58974838256836" lon="127.02056884765625"><ele>36.599998474121094</ele><time>2026-09-27T00:37:25Z</time></trkpt><trkpt lat="37.589752197265625" lon="127.02054595947266"><ele>36.599998474121094</ele><time>2026-09-27T00:37:26Z</time></trkpt><trkpt lat="37.589752197265625" lon="127.02052307128906"><ele>36.400001525878906</ele><time>2026-09-27T00:37:27Z</time></trkpt><trkpt lat="37.58975601196289" lon="127.02049255371094"><ele>36.400001525878906</ele><time>2026-09-27T00:37:28Z</time></trkpt><trkpt lat="37.58976364135742" lon="127.02046203613281"><ele>36.20000076293945</ele><time>2026-09-27T00:37:29Z</time></trkpt><trkpt lat="37.58976745605469" lon="127.02043151855469"><ele>36.20000076293945</ele><time>2026-09-27T00:37:30Z</time></trkpt><trkpt lat="37.58976745605469" lon="127.02041625976562"><ele>36.20000076293945</ele><time>2026-09-27T00:37:31Z</time></trkpt><trkpt lat="37.58977127075195" lon="127.02039337158203"><ele>36.20000076293945</ele><time>2026-09-27T00:37:32Z</time></trkpt><trkpt lat="37.58977127075195" lon="127.02037048339844"><ele>36.0</ele><time>2026-09-27T00:37:33Z</time></trkpt><trkpt lat="37.588382720947266" lon="127.0194320678711"><ele>32.20000076293945</ele><time>2026-09-27T00:40:26Z</time></trkpt><trkpt lat="37.588375091552734" lon="127.01944732666016"><ele>32.400001525878906</ele><time>2026-09-27T00:40:27Z</time></trkpt><trkpt lat="37.5883674621582" lon="127.01946258544922"><ele>32.400001525878906</ele><time>2026-09-27T00:40:28Z</time></trkpt><trkpt lat="37.58836364746094" lon="127.01947021484375"><ele>32.20000076293945</ele><time>2026-09-27T00:40:29Z</time></trkpt><trkpt lat="37.58835220336914" lon="127.01947784423828"><ele>32.20000076293945</ele><time>2026-09-27T00:40:30Z</time></trkpt><trkpt lat="37.588340759277344" lon="127.01949310302734"><ele>32.0</ele><time>2026-09-27T00:40:31Z</time></trkpt><trkpt lat="37.58832931518555" lon="127.0195083618164"><ele>31.799999237060547</ele><time>2026-09-27T00:40:32Z</time></trkpt><trkpt lat="37.58831787109375" lon="127.01953125"><ele>31.600000381469727</ele><time>2026-09-27T00:40:33Z</time></trkpt><trkpt lat="37.58830261230469" lon="127.01954650878906"><ele>31.600000381469727</ele><time>2026-09-27T00:40:34Z</time></trkpt><trkpt lat="37.588287353515625" lon="127.01956176757812"><ele>31.399999618530273</ele><time>2026-09-27T00:40:35Z</time></trkpt><trkpt lat="37.588260650634766" lon="127.01956939697266"><ele>31.200000762939453</ele><time>2026-09-27T00:40:36Z</time></trkpt><trkpt lat="37.5882453918457" lon="127.01958465576172"><ele>31.200000762939453</ele><time>2026-09-27T00:40:37Z</time></trkpt><trkpt lat="37.58822250366211" lon="127.01959991455078"><ele>31.0</ele><time>2026-09-27T00:40:38Z</time></trkpt><trkpt lat="37.58820343017578" lon="127.01960754394531"><ele>30.799999237060547</ele><time>2026-09-27T00:40:39Z</time></trkpt><trkpt lat="37.58818435668945" lon="127.0196304321289"><ele>30.799999237060547</ele><time>2026-09-27T00:40:40Z</time></trkpt><trkpt lat="37.588165283203125" lon="127.01964569091797"><ele>30.799999237060547</ele><time>2026-09-27T00:40:41Z</time></trkpt><trkpt lat="37.58815002441406" lon="127.01966857910156"><ele>30.799999237060547</ele><time>2026-09-27T00:40:42Z</time></trkpt><trkpt lat="37.588134765625" lon="127.01969146728516"><ele>30.799999237060547</ele><time>2026-09-27T00:40:43Z</time></trkpt><trkpt lat="37.58811950683594" lon="127.01971435546875"><ele>30.799999237060547</ele><time>2026-09-27T00:40:44Z</time></trkpt><trkpt lat="37.588104248046875" lon="127.01973724365234"><ele>30.799999237060547</ele><time>2026-09-27T00:40:45Z</time></trkpt><trkpt lat="37.58809280395508" lon="127.01976013183594"><ele>30.799999237060547</ele><time>2026-09-27T00:40:46Z</time></trkpt><trkpt lat="37.58808135986328" lon="127.019775390625"><ele>30.799999237060547</ele><time>2026-09-27T00:40:47Z</time></trkpt><trkpt lat="37.58806228637695" lon="127.0197982788086"><ele>30.799999237060547</ele><time>2026-09-27T00:40:48Z</time></trkpt><trkpt lat="37.58804702758789" lon="127.01982116699219"><ele>30.799999237060547</ele><time>2026-09-27T00:40:49Z</time></trkpt><trkpt lat="37.58802795410156" lon="127.01983642578125"><ele>30.799999237060547</ele><time>2026-09-27T00:40:50Z</time></trkpt><trkpt lat="37.5880126953125" lon="127.01985168457031"><ele>30.799999237060547</ele><time>2026-09-27T00:40:51Z</time></trkpt><trkpt lat="37.58799743652344" lon="127.0198745727539"><ele>30.799999237060547</ele><time>2026-09-27T00:40:52Z</time></trkpt><trkpt lat="37.58798599243164" lon="127.01990509033203"><ele>30.799999237060547</ele><time>2026-09-27T00:40:53Z</time></trkpt><trkpt lat="37.587974548339844" lon="127.0199203491211"><ele>30.799999237060547</ele><time>2026-09-27T00:40:54Z</time></trkpt><trkpt lat="37.58795928955078" lon="127.01994323730469"><ele>30.799999237060547</ele><time>2026-09-27T00:40:55Z</time></trkpt><trkpt lat="37.587947845458984" lon="127.01995849609375"><ele>30.799999237060547</ele><time>2026-09-27T00:40:56Z</time></trkpt><trkpt lat="37.58793258666992" lon="127.01998138427734"><ele>30.799999237060547</ele><time>2026-09-27T00:40:57Z</time></trkpt><trkpt lat="37.58791732788086" lon="127.0199966430664"><ele>30.799999237060547</ele><time>2026-09-27T00:40:58Z</time></trkpt><trkpt lat="37.58790588378906" lon="127.02001190185547"><ele>30.799999237060547</ele><time>2026-09-27T00:40:59Z</time></trkpt><trkpt lat="37.587886810302734" lon="127.02002716064453"><ele>30.799999237060547</ele><time>2026-09-27T00:41:00Z</time></trkpt><trkpt lat="37.58787155151367" lon="127.0200424194336"><ele>30.799999237060547</ele><time>2026-09-27T00:41:01Z</time></trkpt><trkpt lat="37.587860107421875" lon="127.02005767822266"><ele>30.600000381469727</ele><time>2026-09-27T00:41:02Z</time></trkpt><trkpt lat="37.58784103393555" lon="127.02007293701172"><ele>30.600000381469727</ele><time>2026-09-27T00:41:03Z</time></trkpt><trkpt lat="37.587825775146484" lon="127.02008819580078"><ele>30.600000381469727</ele><time>2026-09-27T00:41:04Z</time></trkpt><trkpt lat="37.587806701660156" lon="127.02010345458984"><ele>30.600000381469727</ele><time>2026-09-27T00:41:05Z</time></trkpt><trkpt lat="37.58778762817383" lon="127.02011108398438"><ele>30.600000381469727</ele><time>2026-09-27T00:41:06Z</time></trkpt><trkpt lat="37.5877685546875" lon="127.02012634277344"><ele>30.600000381469727</ele><time>2026-09-27T00:41:07Z</time></trkpt><trkpt lat="37.587745666503906" lon="127.02014923095703"><ele>30.600000381469727</ele><time>2026-09-27T00:41:08Z</time></trkpt><trkpt lat="37.58773422241211" lon="127.0201644897461"><ele>30.600000381469727</ele><time>2026-09-27T00:41:09Z</time></trkpt><trkpt lat="37.587711334228516" lon="127.02017974853516"><ele>30.600000381469727</ele><time>2026-09-27T00:41:10Z</time></trkpt><trkpt lat="37.58769226074219" lon="127.02019500732422"><ele>30.600000381469727</ele><time>2026-09-27T00:41:11Z</time></trkpt><trkpt lat="37.587677001953125" lon="127.02021026611328"><ele>30.600000381469727</ele><time>2026-09-27T00:41:12Z</time></trkpt><trkpt lat="37.587650299072266" lon="127.02022552490234"><ele>30.600000381469727</ele><time>2026-09-27T00:41:13Z</time></trkpt><trkpt lat="37.5876350402832" lon="127.0202407836914"><ele>30.600000381469727</ele><time>2026-09-27T00:41:14Z</time></trkpt><trkpt lat="37.587615966796875" lon="127.02025604248047"><ele>30.399999618530273</ele><time>2026-09-27T00:41:15Z</time></trkpt><trkpt lat="37.58759689331055" lon="127.020263671875"><ele>30.600000381469727</ele><time>2026-09-27T00:41:16Z</time></trkpt><trkpt lat="37.587581634521484" lon="127.02027130126953"><ele>30.399999618530273</ele><time>2026-09-27T00:41:17Z</time></trkpt><trkpt lat="37.587562561035156" lon="127.02029418945312"><ele>30.399999618530273</ele><time>2026-09-27T00:41:18Z</time></trkpt><trkpt lat="37.58754348754883" lon="127.02030181884766"><ele>30.399999618530273</ele><time>2026-09-27T00:41:19Z</time></trkpt><trkpt lat="37.5875244140625" lon="127.02031707763672"><ele>30.200000762939453</ele><time>2026-09-27T00:41:20Z</time></trkpt><trkpt lat="37.58750534057617" lon="127.02033233642578"><ele>30.200000762939453</ele><time>2026-09-27T00:41:21Z</time></trkpt><trkpt lat="37.587486267089844" lon="127.02034759521484"><ele>30.200000762939453</ele><time>2026-09-27T00:41:22Z</time></trkpt><trkpt lat="37.587467193603516" lon="127.0203628540039"><ele>30.200000762939453</ele><time>2026-09-27T00:41:23Z</time></trkpt><trkpt lat="37.58744812011719" lon="127.02037811279297"><ele>30.200000762939453</ele><time>2026-09-27T00:41:24Z</time></trkpt><trkpt lat="37.58742904663086" lon="127.0203857421875"><ele>30.200000762939453</ele><time>2026-09-27T00:41:25Z</time></trkpt><trkpt lat="37.587406158447266" lon="127.02039337158203"><ele>30.0</ele><time>2026-09-27T00:41:26Z</time></trkpt><trkpt lat="37.58739471435547" lon="127.0204086303711"><ele>30.0</ele><time>2026-09-27T00:41:27Z</time></trkpt><trkpt lat="37.587371826171875" lon="127.02042388916016"><ele>30.0</ele><time>2026-09-27T00:41:28Z</time></trkpt><trkpt lat="37.58735275268555" lon="127.02043151855469"><ele>30.0</ele><time>2026-09-27T00:41:29Z</time></trkpt><trkpt lat="37.58733367919922" lon="127.02043914794922"><ele>30.0</ele><time>2026-09-27T00:41:30Z</time></trkpt><trkpt lat="37.58731460571289" lon="127.02045440673828"><ele>30.0</ele><time>2026-09-27T00:41:31Z</time></trkpt><trkpt lat="37.58729553222656" lon="127.02046966552734"><ele>30.0</ele><time>2026-09-27T00:41:32Z</time></trkpt><trkpt lat="37.58727264404297" lon="127.0204849243164"><ele>30.0</ele><time>2026-09-27T00:41:33Z</time></trkpt><trkpt lat="37.587257385253906" lon="127.02049255371094"><ele>29.799999237060547</ele><time>2026-09-27T00:41:34Z</time></trkpt><trkpt lat="37.587242126464844" lon="127.0205078125"><ele>29.799999237060547</ele><time>2026-09-27T00:41:35Z</time></trkpt><trkpt lat="37.58721923828125" lon="127.02052307128906"><ele>29.799999237060547</ele><time>2026-09-27T00:41:36Z</time></trkpt><trkpt lat="37.58720779418945" lon="127.0205307006836"><ele>29.799999237060547</ele><time>2026-09-27T00:41:37Z</time></trkpt><trkpt lat="37.58719253540039" lon="127.02054595947266"><ele>29.799999237060547</ele><time>2026-09-27T00:41:38Z</time></trkpt><trkpt lat="37.58717346191406" lon="127.02055358886719"><ele>29.799999237060547</ele><time>2026-09-27T00:41:39Z</time></trkpt><trkpt lat="37.587158203125" lon="127.02056121826172"><ele>29.799999237060547</ele><time>2026-09-27T00:41:40Z</time></trkpt><trkpt lat="37.58714294433594" lon="127.02056884765625"><ele>29.600000381469727</ele><time>2026-09-27T00:41:41Z</time></trkpt><trkpt lat="37.587127685546875" lon="127.02057647705078"><ele>29.600000381469727</ele><time>2026-09-27T00:41:42Z</time></trkpt><trkpt lat="37.58711624145508" lon="127.02057647705078"><ele>29.600000381469727</ele><time>2026-09-27T00:41:43Z</time></trkpt><trkpt lat="37.58709716796875" lon="127.02058410644531"><ele>29.600000381469727</ele><time>2026-09-27T00:41:44Z</time></trkpt><trkpt lat="37.58708190917969" lon="127.02059936523438"><ele>29.600000381469727</ele><time>2026-09-27T00:41:45Z</time></trkpt><trkpt lat="37.587059020996094" lon="127.0206069946289"><ele>29.600000381469727</ele><time>2026-09-27T00:41:46Z</time></trkpt><trkpt lat="37.587032318115234" lon="127.02062225341797"><ele>29.600000381469727</ele><time>2026-09-27T00:41:47Z</time></trkpt><trkpt lat="37.58701705932617" lon="127.0206298828125"><ele>29.600000381469727</ele><time>2026-09-27T00:41:48Z</time></trkpt><trkpt lat="37.586997985839844" lon="127.02064514160156"><ele>29.600000381469727</ele><time>2026-09-27T00:41:49Z</time></trkpt><trkpt lat="37.58697509765625" lon="127.0206527709961"><ele>29.600000381469727</ele><time>2026-09-27T00:41:50Z</time></trkpt><trkpt lat="37.58698272705078" lon="127.02067565917969"><ele>29.600000381469727</ele><time>2026-09-27T00:41:51Z</time></trkpt><trkpt lat="37.58695983886719" lon="127.02066040039062"><ele>29.600000381469727</ele><time>2026-09-27T00:41:52Z</time></trkpt><trkpt lat="37.58694076538086" lon="127.0206527709961"><ele>29.600000381469727</ele><time>2026-09-27T00:41:53Z</time></trkpt><trkpt lat="37.5869255065918" lon="127.02066040039062"><ele>29.600000381469727</ele><time>2026-09-27T00:41:54Z</time></trkpt><trkpt lat="37.58690643310547" lon="127.02066040039062"><ele>29.600000381469727</ele><time>2026-09-27T00:41:55Z</time></trkpt><trkpt lat="37.586883544921875" lon="127.02066040039062"><ele>29.799999237060547</ele><time>2026-09-27T00:41:56Z</time></trkpt><trkpt lat="37.58686828613281" lon="127.02067565917969"><ele>29.799999237060547</ele><time>2026-09-27T00:41:57Z</time></trkpt><trkpt lat="37.58684539794922" lon="127.02068328857422"><ele>29.799999237060547</ele><time>2026-09-27T00:41:58Z</time></trkpt><trkpt lat="37.586822509765625" lon="127.02068328857422"><ele>29.799999237060547</ele><time>2026-09-27T00:41:59Z</time></trkpt><trkpt lat="37.5868034362793" lon="127.02069091796875"><ele>29.799999237060547</ele><time>2026-09-27T00:42:00Z</time></trkpt><trkpt lat="37.5867805480957" lon="127.02069854736328"><ele>29.799999237060547</ele><time>2026-09-27T00:42:01Z</time></trkpt><trkpt lat="37.586761474609375" lon="127.02070617675781"><ele>29.600000381469727</ele><time>2026-09-27T00:42:02Z</time></trkpt><trkpt lat="37.58674240112305" lon="127.02071380615234"><ele>29.600000381469727</ele><time>2026-09-27T00:42:03Z</time></trkpt><trkpt lat="37.58672332763672" lon="127.02072143554688"><ele>29.600000381469727</ele><time>2026-09-27T00:42:04Z</time></trkpt><trkpt lat="37.58670425415039" lon="127.0207290649414"><ele>29.600000381469727</ele><time>2026-09-27T00:42:05Z</time></trkpt><trkpt lat="37.5866813659668" lon="127.0207290649414"><ele>29.600000381469727</ele><time>2026-09-27T00:42:06Z</time></trkpt><trkpt lat="37.586666107177734" lon="127.0207290649414"><ele>29.600000381469727</ele><time>2026-09-27T00:42:07Z</time></trkpt><trkpt lat="37.586647033691406" lon="127.02073669433594"><ele>29.399999618530273</ele><time>2026-09-27T00:42:08Z</time></trkpt><trkpt lat="37.58662033081055" lon="127.02074432373047"><ele>29.399999618530273</ele><time>2026-09-27T00:42:09Z</time></trkpt><trkpt lat="37.586605072021484" lon="127.02075958251953"><ele>29.399999618530273</ele><time>2026-09-27T00:42:10Z</time></trkpt><trkpt lat="37.58658218383789" lon="127.02075958251953"><ele>29.399999618530273</ele><time>2026-09-27T00:42:11Z</time></trkpt><trkpt lat="37.58656311035156" lon="127.02076721191406"><ele>29.399999618530273</ele><time>2026-09-27T00:42:12Z</time></trkpt><trkpt lat="37.5865478515625" lon="127.0207748413086"><ele>29.399999618530273</ele><time>2026-09-27T00:42:13Z</time></trkpt><trkpt lat="37.586524963378906" lon="127.02078247070312"><ele>29.399999618530273</ele><time>2026-09-27T00:42:14Z</time></trkpt><trkpt lat="37.58650588989258" lon="127.02079010009766"><ele>29.200000762939453</ele><time>2026-09-27T00:42:15Z</time></trkpt><trkpt lat="37.58648681640625" lon="127.02079772949219"><ele>29.200000762939453</ele><time>2026-09-27T00:42:16Z</time></trkpt><trkpt lat="37.58646774291992" lon="127.02079772949219"><ele>29.200000762939453</ele><time>2026-09-27T00:42:17Z</time></trkpt><trkpt lat="37.58645248413086" lon="127.02080535888672"><ele>29.200000762939453</ele><time>2026-09-27T00:42:18Z</time></trkpt><trkpt lat="37.58643341064453" lon="127.02080535888672"><ele>29.0</ele><time>2026-09-27T00:42:19Z</time></trkpt><trkpt lat="37.58641052246094" lon="127.02080535888672"><ele>29.0</ele><time>2026-09-27T00:42:20Z</time></trkpt><trkpt lat="37.586395263671875" lon="127.02082061767578"><ele>29.0</ele><time>2026-09-27T00:42:21Z</time></trkpt><trkpt lat="37.58637237548828" lon="127.02082061767578"><ele>29.0</ele><time>2026-09-27T00:42:22Z</time></trkpt><trkpt lat="37.58635330200195" lon="127.02082824707031"><ele>29.0</ele><time>2026-09-27T00:42:23Z</time></trkpt><trkpt lat="37.586334228515625" lon="127.02084350585938"><ele>29.0</ele><time>2026-09-27T00:42:24Z</time></trkpt><trkpt lat="37.586307525634766" lon="127.0208511352539"><ele>29.0</ele><time>2026-09-27T00:42:25Z</time></trkpt><trkpt lat="37.58628845214844" lon="127.02085876464844"><ele>29.0</ele><time>2026-09-27T00:42:26Z</time></trkpt><trkpt lat="37.586265563964844" lon="127.02086639404297"><ele>29.0</ele><time>2026-09-27T00:42:27Z</time></trkpt><trkpt lat="37.586238861083984" lon="127.02086639404297"><ele>29.0</ele><time>2026-09-27T00:42:28Z</time></trkpt><trkpt lat="37.58622360229492" lon="127.0208740234375"><ele>29.0</ele><time>2026-09-27T00:42:29Z</time></trkpt><trkpt lat="37.58619689941406" lon="127.02088165283203"><ele>29.0</ele><time>2026-09-27T00:42:30Z</time></trkpt><trkpt lat="37.586177825927734" lon="127.02088165283203"><ele>29.0</ele><time>2026-09-27T00:42:31Z</time></trkpt><trkpt lat="37.586158752441406" lon="127.0208969116211"><ele>28.799999237060547</ele><time>2026-09-27T00:42:32Z</time></trkpt><trkpt lat="37.58613586425781" lon="127.02090454101562"><ele>29.0</ele><time>2026-09-27T00:42:33Z</time></trkpt><trkpt lat="37.58612060546875" lon="127.02091217041016"><ele>28.799999237060547</ele><time>2026-09-27T00:42:34Z</time></trkpt><trkpt lat="37.58610153198242" lon="127.02091979980469"><ele>28.799999237060547</ele><time>2026-09-27T00:42:35Z</time></trkpt><trkpt lat="37.5860710144043" lon="127.02094268798828"><ele>28.799999237060547</ele><time>2026-09-27T00:42:36Z</time></trkpt><trkpt lat="37.5860595703125" lon="127.0209732055664"><ele>28.799999237060547</ele><time>2026-09-27T00:42:37Z</time></trkpt><trkpt lat="37.5860481262207" lon="127.02099609375"><ele>28.799999237060547</ele><time>2026-09-27T00:42:38Z</time></trkpt><trkpt lat="37.58603286743164" lon="127.02100372314453"><ele>28.799999237060547</ele><time>2026-09-27T00:42:39Z</time></trkpt><trkpt lat="37.58601379394531" lon="127.02101135253906"><ele>28.600000381469727</ele><time>2026-09-27T00:42:40Z</time></trkpt><trkpt lat="37.58599090576172" lon="127.0210189819336"><ele>28.600000381469727</ele><time>2026-09-27T00:42:41Z</time></trkpt><trkpt lat="37.58597183227539" lon="127.0210189819336"><ele>28.600000381469727</ele><time>2026-09-27T00:42:42Z</time></trkpt><trkpt lat="37.58595275878906" lon="127.02102661132812"><ele>28.600000381469727</ele><time>2026-09-27T00:42:43Z</time></trkpt><trkpt lat="37.585933685302734" lon="127.02103424072266"><ele>28.600000381469727</ele><time>2026-09-27T00:42:44Z</time></trkpt><trkpt lat="37.585914611816406" lon="127.02104187011719"><ele>28.600000381469727</ele><time>2026-09-27T00:42:45Z</time></trkpt><trkpt lat="37.58589553833008" lon="127.02104949951172"><ele>28.600000381469727</ele><time>2026-09-27T00:42:46Z</time></trkpt><trkpt lat="37.58586502075195" lon="127.02106475830078"><ele>28.600000381469727</ele><time>2026-09-27T00:42:47Z</time></trkpt><trkpt lat="37.585853576660156" lon="127.02107238769531"><ele>28.600000381469727</ele><time>2026-09-27T00:42:48Z</time></trkpt><trkpt lat="37.5858268737793" lon="127.02108001708984"><ele>28.600000381469727</ele><time>2026-09-27T00:42:49Z</time></trkpt><trkpt lat="37.58580780029297" lon="127.02108764648438"><ele>28.600000381469727</ele><time>2026-09-27T00:42:50Z</time></trkpt><trkpt lat="37.58582305908203" lon="127.02110290527344"><ele>28.600000381469727</ele><time>2026-09-27T00:42:51Z</time></trkpt><trkpt lat="37.585792541503906" lon="127.02111053466797"><ele>28.600000381469727</ele><time>2026-09-27T00:42:52Z</time></trkpt><trkpt lat="37.58576965332031" lon="127.02111053466797"><ele>28.600000381469727</ele><time>2026-09-27T00:42:53Z</time></trkpt><trkpt lat="37.585750579833984" lon="127.0211181640625"><ele>28.600000381469727</ele><time>2026-09-27T00:42:54Z</time></trkpt><trkpt lat="37.58572769165039" lon="127.02112579345703"><ele>28.600000381469727</ele><time>2026-09-27T00:42:55Z</time></trkpt><trkpt lat="37.5857048034668" lon="127.02112579345703"><ele>28.600000381469727</ele><time>2026-09-27T00:42:56Z</time></trkpt><trkpt lat="37.585689544677734" lon="127.02113342285156"><ele>28.399999618530273</ele><time>2026-09-27T00:42:57Z</time></trkpt><trkpt lat="37.58566665649414" lon="127.0211410522461"><ele>28.399999618530273</ele><time>2026-09-27T00:42:58Z</time></trkpt><trkpt lat="37.58564376831055" lon="127.02114868164062"><ele>28.399999618530273</ele><time>2026-09-27T00:42:59Z</time></trkpt><trkpt lat="37.58562469482422" lon="127.02114868164062"><ele>28.399999618530273</ele><time>2026-09-27T00:43:00Z</time></trkpt><trkpt lat="37.58559799194336" lon="127.02115631103516"><ele>28.399999618530273</ele><time>2026-09-27T00:43:01Z</time></trkpt><trkpt lat="37.58557891845703" lon="127.02116394042969"><ele>28.399999618530273</ele><time>2026-09-27T00:43:02Z</time></trkpt><trkpt lat="37.5855598449707" lon="127.02116394042969"><ele>28.399999618530273</ele><time>2026-09-27T00:43:03Z</time></trkpt><trkpt lat="37.58553695678711" lon="127.02117156982422"><ele>28.399999618530273</ele><time>2026-09-27T00:43:04Z</time></trkpt><trkpt lat="37.58552169799805" lon="127.02117919921875"><ele>28.200000762939453</ele><time>2026-09-27T00:43:05Z</time></trkpt><trkpt lat="37.58549880981445" lon="127.02117919921875"><ele>28.200000762939453</ele><time>2026-09-27T00:43:06Z</time></trkpt><trkpt lat="37.585479736328125" lon="127.02118682861328"><ele>28.399999618530273</ele><time>2026-09-27T00:43:07Z</time></trkpt><trkpt lat="37.58546447753906" lon="127.02118682861328"><ele>28.399999618530273</ele><time>2026-09-27T00:43:08Z</time></trkpt><trkpt lat="37.58544158935547" lon="127.02118682861328"><ele>28.399999618530273</ele><time>2026-09-27T00:43:09Z</time></trkpt><trkpt lat="37.58542251586914" lon="127.02118682861328"><ele>28.399999618530273</ele><time>2026-09-27T00:43:10Z</time></trkpt><trkpt lat="37.58540344238281" lon="127.02119445800781"><ele>28.399999618530273</ele><time>2026-09-27T00:43:11Z</time></trkpt><trkpt lat="37.58538055419922" lon="127.02119445800781"><ele>28.399999618530273</ele><time>2026-09-27T00:43:12Z</time></trkpt><trkpt lat="37.58536911010742" lon="127.02119445800781"><ele>28.399999618530273</ele><time>2026-09-27T00:43:13Z</time></trkpt><trkpt lat="37.585350036621094" lon="127.02120208740234"><ele>28.399999618530273</ele><time>2026-09-27T00:43:14Z</time></trkpt><trkpt lat="37.5853271484375" lon="127.02120208740234"><ele>28.399999618530273</ele><time>2026-09-27T00:43:15Z</time></trkpt><trkpt lat="37.58531188964844" lon="127.02120971679688"><ele>28.399999618530273</ele><time>2026-09-27T00:43:16Z</time></trkpt><trkpt lat="37.585289001464844" lon="127.02122497558594"><ele>28.399999618530273</ele><time>2026-09-27T00:43:17Z</time></trkpt><trkpt lat="37.585269927978516" lon="127.02123260498047"><ele>28.399999618530273</ele><time>2026-09-27T00:43:18Z</time></trkpt><trkpt lat="37.58525085449219" lon="127.021240234375"><ele>28.399999618530273</ele><time>2026-09-27T00:43:19Z</time></trkpt><trkpt lat="37.58522415161133" lon="127.021240234375"><ele>28.200000762939453</ele><time>2026-09-27T00:43:20Z</time></trkpt><trkpt lat="37.58521270751953" lon="127.02124786376953"><ele>28.200000762939453</ele><time>2026-09-27T00:43:21Z</time></trkpt><trkpt lat="37.5851936340332" lon="127.02125549316406"><ele>28.200000762939453</ele><time>2026-09-27T00:43:22Z</time></trkpt><trkpt lat="37.585174560546875" lon="127.0212631225586"><ele>28.200000762939453</ele><time>2026-09-27T00:43:23Z</time></trkpt><trkpt lat="37.58515930175781" lon="127.02127075195312"><ele>28.200000762939453</ele><time>2026-09-27T00:43:24Z</time></trkpt><trkpt lat="37.58513259887695" lon="127.02127838134766"><ele>28.200000762939453</ele><time>2026-09-27T00:43:25Z</time></trkpt><trkpt lat="37.58511734008789" lon="127.02128601074219"><ele>28.200000762939453</ele><time>2026-09-27T00:43:26Z</time></trkpt><trkpt lat="37.58510208129883" lon="127.02129364013672"><ele>28.200000762939453</ele><time>2026-09-27T00:43:27Z</time></trkpt><trkpt lat="37.585079193115234" lon="127.02130126953125"><ele>28.200000762939453</ele><time>2026-09-27T00:43:28Z</time></trkpt><trkpt lat="37.58506774902344" lon="127.02130126953125"><ele>28.200000762939453</ele><time>2026-09-27T00:43:29Z</time></trkpt><trkpt lat="37.58504867553711" lon="127.02130889892578"><ele>28.200000762939453</ele><time>2026-09-27T00:43:30Z</time></trkpt><trkpt lat="37.58502960205078" lon="127.02131652832031"><ele>28.200000762939453</ele><time>2026-09-27T00:43:31Z</time></trkpt><trkpt lat="37.58501434326172" lon="127.02132415771484"><ele>28.200000762939453</ele><time>2026-09-27T00:43:32Z</time></trkpt><trkpt lat="37.58498764038086" lon="127.02133178710938"><ele>28.0</ele><time>2026-09-27T00:43:33Z</time></trkpt><trkpt lat="37.58496856689453" lon="127.02133178710938"><ele>28.0</ele><time>2026-09-27T00:43:34Z</time></trkpt><trkpt lat="37.5849494934082" lon="127.0213394165039"><ele>28.0</ele><time>2026-09-27T00:43:35Z</time></trkpt><trkpt lat="37.58492660522461" lon="127.02135467529297"><ele>28.0</ele><time>2026-09-27T00:43:36Z</time></trkpt><trkpt lat="37.58491516113281" lon="127.0213623046875"><ele>28.0</ele><time>2026-09-27T00:43:37Z</time></trkpt><trkpt lat="37.58489227294922" lon="127.02136993408203"><ele>28.0</ele><time>2026-09-27T00:43:38Z</time></trkpt><trkpt lat="37.58487319946289" lon="127.02137756347656"><ele>28.0</ele><time>2026-09-27T00:43:39Z</time></trkpt><trkpt lat="37.58485794067383" lon="127.0213851928711"><ele>28.0</ele><time>2026-09-27T00:43:40Z</time></trkpt><trkpt lat="37.584835052490234" lon="127.02139282226562"><ele>28.0</ele><time>2026-09-27T00:43:41Z</time></trkpt><trkpt lat="37.58482360839844" lon="127.02140045166016"><ele>28.0</ele><time>2026-09-27T00:43:42Z</time></trkpt><trkpt lat="37.584800720214844" lon="127.02140808105469"><ele>28.0</ele><time>2026-09-27T00:43:43Z</time></trkpt><trkpt lat="37.58478546142578" lon="127.02141571044922"><ele>28.0</ele><time>2026-09-27T00:43:44Z</time></trkpt><trkpt lat="37.58476638793945" lon="127.02143096923828"><ele>28.0</ele><time>2026-09-27T00:43:45Z</time></trkpt><trkpt lat="37.584747314453125" lon="127.02143859863281"><ele>28.0</ele><time>2026-09-27T00:43:46Z</time></trkpt><trkpt lat="37.5847282409668" lon="127.02143859863281"><ele>28.200000762939453</ele><time>2026-09-27T00:43:47Z</time></trkpt><trkpt lat="37.58470916748047" lon="127.02144622802734"><ele>28.0</ele><time>2026-09-27T00:43:48Z</time></trkpt><trkpt lat="37.584686279296875" lon="127.02144622802734"><ele>28.0</ele><time>2026-09-27T00:43:49Z</time></trkpt><trkpt lat="37.58466720581055" lon="127.0214614868164"><ele>28.0</ele><time>2026-09-27T00:43:50Z</time></trkpt><trkpt lat="37.58464050292969" lon="127.0214614868164"><ele>27.799999237060547</ele><time>2026-09-27T00:43:51Z</time></trkpt><trkpt lat="37.58462142944336" lon="127.0214614868164"><ele>27.600000381469727</ele><time>2026-09-27T00:43:52Z</time></trkpt><trkpt lat="37.584598541259766" lon="127.0214614868164"><ele>27.799999237060547</ele><time>2026-09-27T00:43:53Z</time></trkpt><trkpt lat="37.58457565307617" lon="127.02146911621094"><ele>27.799999237060547</ele><time>2026-09-27T00:43:54Z</time></trkpt><trkpt lat="37.584564208984375" lon="127.02147674560547"><ele>27.799999237060547</ele><time>2026-09-27T00:43:55Z</time></trkpt><trkpt lat="37.58454132080078" lon="127.021484375"><ele>27.799999237060547</ele><time>2026-09-27T00:43:56Z</time></trkpt><trkpt lat="37.58452224731445" lon="127.02149200439453"><ele>27.799999237060547</ele><time>2026-09-27T00:43:57Z</time></trkpt><trkpt lat="37.584503173828125" lon="127.02149200439453"><ele>27.799999237060547</ele><time>2026-09-27T00:43:58Z</time></trkpt><trkpt lat="37.584476470947266" lon="127.02149963378906"><ele>27.799999237060547</ele><time>2026-09-27T00:43:59Z</time></trkpt><trkpt lat="37.5844612121582" lon="127.0215072631836"><ele>27.799999237060547</ele><time>2026-09-27T00:44:00Z</time></trkpt><trkpt lat="37.584442138671875" lon="127.02152252197266"><ele>27.799999237060547</ele><time>2026-09-27T00:44:01Z</time></trkpt><trkpt lat="37.58441925048828" lon="127.02153015136719"><ele>27.799999237060547</ele><time>2026-09-27T00:44:02Z</time></trkpt><trkpt lat="37.584407806396484" lon="127.02153778076172"><ele>27.799999237060547</ele><time>2026-09-27T00:44:03Z</time></trkpt><trkpt lat="37.58438491821289" lon="127.02155303955078"><ele>27.799999237060547</ele><time>2026-09-27T00:44:04Z</time></trkpt><trkpt lat="37.584373474121094" lon="127.02156066894531"><ele>27.600000381469727</ele><time>2026-09-27T00:44:05Z</time></trkpt><trkpt lat="37.584354400634766" lon="127.02157592773438"><ele>27.600000381469727</ele><time>2026-09-27T00:44:06Z</time></trkpt><trkpt lat="37.58433151245117" lon="127.02157592773438"><ele>27.600000381469727</ele><time>2026-09-27T00:44:07Z</time></trkpt><trkpt lat="37.58431625366211" lon="127.02159118652344"><ele>27.600000381469727</ele><time>2026-09-27T00:44:08Z</time></trkpt><trkpt lat="37.58428955078125" lon="127.02159118652344"><ele>27.600000381469727</ele><time>2026-09-27T00:44:09Z</time></trkpt><trkpt lat="37.58427429199219" lon="127.02159118652344"><ele>27.600000381469727</ele><time>2026-09-27T00:44:10Z</time></trkpt><trkpt lat="37.58425521850586" lon="127.02159881591797"><ele>27.600000381469727</ele><time>2026-09-27T00:44:11Z</time></trkpt><trkpt lat="37.584232330322266" lon="127.0216064453125"><ele>27.600000381469727</ele><time>2026-09-27T00:44:12Z</time></trkpt><trkpt lat="37.5842170715332" lon="127.02161407470703"><ele>27.799999237060547</ele><time>2026-09-27T00:44:13Z</time></trkpt><trkpt lat="37.58419418334961" lon="127.02161407470703"><ele>27.600000381469727</ele><time>2026-09-27T00:44:14Z</time></trkpt><trkpt lat="37.58417510986328" lon="127.02162170410156"><ele>27.600000381469727</ele><time>2026-09-27T00:44:15Z</time></trkpt><trkpt lat="37.58415985107422" lon="127.0216293334961"><ele>27.600000381469727</ele><time>2026-09-27T00:44:16Z</time></trkpt><trkpt lat="37.584136962890625" lon="127.02163696289062"><ele>27.600000381469727</ele><time>2026-09-27T00:44:17Z</time></trkpt><trkpt lat="37.58412170410156" lon="127.02163696289062"><ele>27.600000381469727</ele><time>2026-09-27T00:44:18Z</time></trkpt><trkpt lat="37.584102630615234" lon="127.02164459228516"><ele>27.600000381469727</ele><time>2026-09-27T00:44:19Z</time></trkpt><trkpt lat="37.584083557128906" lon="127.02165222167969"><ele>27.600000381469727</ele><time>2026-09-27T00:44:20Z</time></trkpt><trkpt lat="37.58406448364258" lon="127.02165985107422"><ele>27.600000381469727</ele><time>2026-09-27T00:44:21Z</time></trkpt><trkpt lat="37.584041595458984" lon="127.02165985107422"><ele>27.600000381469727</ele><time>2026-09-27T00:44:22Z</time></trkpt><trkpt lat="37.58402633666992" lon="127.02165985107422"><ele>27.600000381469727</ele><time>2026-09-27T00:44:23Z</time></trkpt><trkpt lat="37.584007263183594" lon="127.02167510986328"><ele>27.600000381469727</ele><time>2026-09-27T00:44:24Z</time></trkpt><trkpt lat="37.583984375" lon="127.02168273925781"><ele>27.600000381469727</ele><time>2026-09-27T00:44:25Z</time></trkpt><trkpt lat="37.5839729309082" lon="127.02169036865234"><ele>27.399999618530273</ele><time>2026-09-27T00:44:26Z</time></trkpt><trkpt lat="37.58395767211914" lon="127.02169036865234"><ele>27.399999618530273</ele><time>2026-09-27T00:44:27Z</time></trkpt><trkpt lat="37.58394241333008" lon="127.02169036865234"><ele>27.200000762939453</ele><time>2026-09-27T00:44:28Z</time></trkpt><trkpt lat="37.58393096923828" lon="127.02169799804688"><ele>27.0</ele><time>2026-09-27T00:44:29Z</time></trkpt><trkpt lat="37.58391571044922" lon="127.0217056274414"><ele>27.0</ele><time>2026-09-27T00:44:30Z</time></trkpt><trkpt lat="37.58389663696289" lon="127.0217056274414"><ele>26.799999237060547</ele><time>2026-09-27T00:44:31Z</time></trkpt><trkpt lat="37.58387756347656" lon="127.0217056274414"><ele>26.600000381469727</ele><time>2026-09-27T00:44:32Z</time></trkpt><trkpt lat="37.58385467529297" lon="127.0217056274414"><ele>26.600000381469727</ele><time>2026-09-27T00:44:33Z</time></trkpt><trkpt lat="37.58383560180664" lon="127.0217056274414"><ele>26.600000381469727</ele><time>2026-09-27T00:44:34Z</time></trkpt><trkpt lat="37.58381652832031" lon="127.02171325683594"><ele>26.600000381469727</ele><time>2026-09-27T00:44:35Z</time></trkpt><trkpt lat="37.58380126953125" lon="127.021728515625"><ele>26.600000381469727</ele><time>2026-09-27T00:44:36Z</time></trkpt><trkpt lat="37.58378982543945" lon="127.02174377441406"><ele>26.799999237060547</ele><time>2026-09-27T00:44:37Z</time></trkpt><trkpt lat="37.58377456665039" lon="127.0217514038086"><ele>26.799999237060547</ele><time>2026-09-27T00:44:38Z</time></trkpt><trkpt lat="37.58375549316406" lon="127.02176666259766"><ele>26.799999237060547</ele><time>2026-09-27T00:44:39Z</time></trkpt><trkpt lat="37.58373260498047" lon="127.02178192138672"><ele>27.0</ele><time>2026-09-27T00:44:40Z</time></trkpt><trkpt lat="37.58370590209961" lon="127.02178955078125"><ele>27.0</ele><time>2026-09-27T00:44:41Z</time></trkpt><trkpt lat="37.58368682861328" lon="127.02179718017578"><ele>27.0</ele><time>2026-09-27T00:44:42Z</time></trkpt><trkpt lat="37.58366012573242" lon="127.02180480957031"><ele>27.0</ele><time>2026-09-27T00:44:43Z</time></trkpt><trkpt lat="37.583641052246094" lon="127.02181243896484"><ele>27.0</ele><time>2026-09-27T00:44:44Z</time></trkpt><trkpt lat="37.583621978759766" lon="127.0218276977539"><ele>27.200000762939453</ele><time>2026-09-27T00:44:45Z</time></trkpt><trkpt lat="37.58359909057617" lon="127.02183532714844"><ele>27.0</ele><time>2026-09-27T00:44:46Z</time></trkpt><trkpt lat="37.58358383178711" lon="127.02183532714844"><ele>27.0</ele><time>2026-09-27T00:44:47Z</time></trkpt><trkpt lat="37.58356475830078" lon="127.0218505859375"><ele>27.0</ele><time>2026-09-27T00:44:48Z</time></trkpt><trkpt lat="37.58354568481445" lon="127.02185821533203"><ele>27.200000762939453</ele><time>2026-09-27T00:44:49Z</time></trkpt><trkpt lat="37.583526611328125" lon="127.02186584472656"><ele>27.200000762939453</ele><time>2026-09-27T00:44:50Z</time></trkpt><trkpt lat="37.583499908447266" lon="127.0218734741211"><ele>27.200000762939453</ele><time>2026-09-27T00:44:51Z</time></trkpt><trkpt lat="37.58348083496094" lon="127.0218734741211"><ele>27.200000762939453</ele><time>2026-09-27T00:44:52Z</time></trkpt><trkpt lat="37.583465576171875" lon="127.02188110351562"><ele>27.200000762939453</ele><time>2026-09-27T00:44:53Z</time></trkpt><trkpt lat="37.583438873291016" lon="127.02188873291016"><ele>27.200000762939453</ele><time>2026-09-27T00:44:54Z</time></trkpt><trkpt lat="37.58341979980469" lon="127.02189636230469"><ele>27.200000762939453</ele><time>2026-09-27T00:44:55Z</time></trkpt><trkpt lat="37.58340072631836" lon="127.02191162109375"><ele>27.0</ele><time>2026-09-27T00:44:56Z</time></trkpt><trkpt lat="37.583377838134766" lon="127.02191925048828"><ele>27.0</ele><time>2026-09-27T00:44:57Z</time></trkpt><trkpt lat="37.5833625793457" lon="127.02193450927734"><ele>27.0</ele><time>2026-09-27T00:44:58Z</time></trkpt><trkpt lat="37.58333969116211" lon="127.02193450927734"><ele>27.0</ele><time>2026-09-27T00:44:59Z</time></trkpt><trkpt lat="37.58332061767578" lon="127.02194213867188"><ele>27.0</ele><time>2026-09-27T00:45:00Z</time></trkpt><trkpt lat="37.58330535888672" lon="127.0219497680664"><ele>27.0</ele><time>2026-09-27T00:45:01Z</time></trkpt><trkpt lat="37.583282470703125" lon="127.02195739746094"><ele>27.0</ele><time>2026-09-27T00:45:02Z</time></trkpt><trkpt lat="37.5832633972168" lon="127.02196502685547"><ele>27.0</ele><time>2026-09-27T00:45:03Z</time></trkpt><trkpt lat="37.58324432373047" lon="127.02197265625"><ele>27.0</ele><time>2026-09-27T00:45:04Z</time></trkpt><trkpt lat="37.583221435546875" lon="127.02198028564453"><ele>27.0</ele><time>2026-09-27T00:45:05Z</time></trkpt><trkpt lat="37.58320999145508" lon="127.02198791503906"><ele>27.0</ele><time>2026-09-27T00:45:06Z</time></trkpt><trkpt lat="37.58319091796875" lon="127.02198791503906"><ele>27.0</ele><time>2026-09-27T00:45:07Z</time></trkpt><trkpt lat="37.58317184448242" lon="127.02198791503906"><ele>27.0</ele><time>2026-09-27T00:45:08Z</time></trkpt><trkpt lat="37.58315658569336" lon="127.02200317382812"><ele>27.0</ele><time>2026-09-27T00:45:09Z</time></trkpt><trkpt lat="37.583133697509766" lon="127.02200317382812"><ele>27.0</ele><time>2026-09-27T00:45:10Z</time></trkpt><trkpt lat="37.5831184387207" lon="127.02201080322266"><ele>27.0</ele><time>2026-09-27T00:45:11Z</time></trkpt><trkpt lat="37.58309555053711" lon="127.02202606201172"><ele>27.0</ele><time>2026-09-27T00:45:12Z</time></trkpt><trkpt lat="37.583072662353516" lon="127.02202606201172"><ele>27.0</ele><time>2026-09-27T00:45:13Z</time></trkpt><trkpt lat="37.58306121826172" lon="127.02203369140625"><ele>27.0</ele><time>2026-09-27T00:45:14Z</time></trkpt><trkpt lat="37.583038330078125" lon="127.02204132080078"><ele>27.0</ele><time>2026-09-27T00:45:15Z</time></trkpt><trkpt lat="37.5830192565918" lon="127.02204895019531"><ele>27.0</ele><time>2026-09-27T00:45:16Z</time></trkpt><trkpt lat="37.5830078125" lon="127.02205657958984"><ele>27.0</ele><time>2026-09-27T00:45:17Z</time></trkpt><trkpt lat="37.58298873901367" lon="127.02206420898438"><ele>27.0</ele><time>2026-09-27T00:45:18Z</time></trkpt><trkpt lat="37.58297348022461" lon="127.0220718383789"><ele>27.0</ele><time>2026-09-27T00:45:19Z</time></trkpt><trkpt lat="37.58295822143555" lon="127.02207946777344"><ele>27.0</ele><time>2026-09-27T00:45:20Z</time></trkpt><trkpt lat="37.58293914794922" lon="127.02208709716797"><ele>27.0</ele><time>2026-09-27T00:45:21Z</time></trkpt><trkpt lat="37.582923889160156" lon="127.0220947265625"><ele>27.0</ele><time>2026-09-27T00:45:22Z</time></trkpt><trkpt lat="37.58290481567383" lon="127.02210235595703"><ele>27.0</ele><time>2026-09-27T00:45:23Z</time></trkpt><trkpt lat="37.5828857421875" lon="127.02210998535156"><ele>27.200000762939453</ele><time>2026-09-27T00:45:24Z</time></trkpt><trkpt lat="37.5828742980957" lon="127.02212524414062"><ele>27.200000762939453</ele><time>2026-09-27T00:45:25Z</time></trkpt><trkpt lat="37.582855224609375" lon="127.02213287353516"><ele>27.200000762939453</ele><time>2026-09-27T00:45:26Z</time></trkpt><trkpt lat="37.58283615112305" lon="127.02214050292969"><ele>27.0</ele><time>2026-09-27T00:45:27Z</time></trkpt><trkpt lat="37.58282470703125" lon="127.02214813232422"><ele>27.0</ele><time>2026-09-27T00:45:28Z</time></trkpt><trkpt lat="37.582801818847656" lon="127.02216339111328"><ele>27.0</ele><time>2026-09-27T00:45:29Z</time></trkpt><trkpt lat="37.58278274536133" lon="127.02216339111328"><ele>27.0</ele><time>2026-09-27T00:45:30Z</time></trkpt><trkpt lat="37.58277130126953" lon="127.02217864990234"><ele>27.0</ele><time>2026-09-27T00:45:31Z</time></trkpt><trkpt lat="37.5827522277832" lon="127.02218627929688"><ele>27.0</ele><time>2026-09-27T00:45:32Z</time></trkpt><trkpt lat="37.582733154296875" lon="127.0221939086914"><ele>27.0</ele><time>2026-09-27T00:45:33Z</time></trkpt><trkpt lat="37.58271789550781" lon="127.02220153808594"><ele>27.200000762939453</ele><time>2026-09-27T00:45:34Z</time></trkpt><trkpt lat="37.582698822021484" lon="127.02220916748047"><ele>27.0</ele><time>2026-09-27T00:45:35Z</time></trkpt><trkpt lat="37.58268356323242" lon="127.022216796875"><ele>27.0</ele><time>2026-09-27T00:45:36Z</time></trkpt><trkpt lat="37.58266830444336" lon="127.02222442626953"><ele>27.0</ele><time>2026-09-27T00:45:37Z</time></trkpt><trkpt lat="37.582645416259766" lon="127.02223205566406"><ele>27.0</ele><time>2026-09-27T00:45:38Z</time></trkpt><trkpt lat="37.5826301574707" lon="127.0222396850586"><ele>26.799999237060547</ele><time>2026-09-27T00:45:39Z</time></trkpt><trkpt lat="37.58261489868164" lon="127.02224731445312"><ele>27.0</ele><time>2026-09-27T00:45:40Z</time></trkpt><trkpt lat="37.58259582519531" lon="127.02225494384766"><ele>26.799999237060547</ele><time>2026-09-27T00:45:41Z</time></trkpt><trkpt lat="37.582576751708984" lon="127.02226257324219"><ele>26.799999237060547</ele><time>2026-09-27T00:45:42Z</time></trkpt><trkpt lat="37.58256149291992" lon="127.02227020263672"><ele>26.799999237060547</ele><time>2026-09-27T00:45:43Z</time></trkpt><trkpt lat="37.582542419433594" lon="127.02227783203125"><ele>26.799999237060547</ele><time>2026-09-27T00:45:44Z</time></trkpt><trkpt lat="37.58252716064453" lon="127.02228546142578"><ele>26.799999237060547</ele><time>2026-09-27T00:45:45Z</time></trkpt><trkpt lat="37.58251190185547" lon="127.02230072021484"><ele>26.799999237060547</ele><time>2026-09-27T00:45:46Z</time></trkpt><trkpt lat="37.58249282836914" lon="127.02230834960938"><ele>26.799999237060547</ele><time>2026-09-27T00:45:47Z</time></trkpt><trkpt lat="37.58247756958008" lon="127.02232360839844"><ele>26.799999237060547</ele><time>2026-09-27T00:45:48Z</time></trkpt><trkpt lat="37.582462310791016" lon="127.02233123779297"><ele>26.799999237060547</ele><time>2026-09-27T00:45:49Z</time></trkpt><trkpt lat="37.58244705200195" lon="127.0223388671875"><ele>26.799999237060547</ele><time>2026-09-27T00:45:50Z</time></trkpt><trkpt lat="37.582435607910156" lon="127.02234649658203"><ele>26.799999237060547</ele><time>2026-09-27T00:45:51Z</time></trkpt><trkpt lat="37.58241653442383" lon="127.0223617553711"><ele>26.799999237060547</ele><time>2026-09-27T00:45:52Z</time></trkpt><trkpt lat="37.582401275634766" lon="127.02236938476562"><ele>26.799999237060547</ele><time>2026-09-27T00:45:53Z</time></trkpt><trkpt lat="37.58238983154297" lon="127.02237701416016"><ele>26.600000381469727</ele><time>2026-09-27T00:45:54Z</time></trkpt><trkpt lat="37.582366943359375" lon="127.02238464355469"><ele>26.600000381469727</ele><time>2026-09-27T00:45:55Z</time></trkpt><trkpt lat="37.58235168457031" lon="127.02239227294922"><ele>26.600000381469727</ele><time>2026-09-27T00:45:56Z</time></trkpt><trkpt lat="37.58233642578125" lon="127.02239990234375"><ele>26.399999618530273</ele><time>2026-09-27T00:45:57Z</time></trkpt><trkpt lat="37.58231735229492" lon="127.02240753173828"><ele>26.200000762939453</ele><time>2026-09-27T00:45:58Z</time></trkpt><trkpt lat="37.582305908203125" lon="127.02240753173828"><ele>26.200000762939453</ele><time>2026-09-27T00:45:59Z</time></trkpt><trkpt lat="37.5822868347168" lon="127.02241516113281"><ele>26.0</ele><time>2026-09-27T00:46:00Z</time></trkpt><trkpt lat="37.58226776123047" lon="127.02242279052734"><ele>25.799999237060547</ele><time>2026-09-27T00:46:01Z</time></trkpt><trkpt lat="37.582252502441406" lon="127.02243041992188"><ele>25.799999237060547</ele><time>2026-09-27T00:46:02Z</time></trkpt><trkpt lat="37.58222961425781" lon="127.0224380493164"><ele>25.799999237060547</ele><time>2026-09-27T00:46:03Z</time></trkpt><trkpt lat="37.582218170166016" lon="127.02244567871094"><ele>25.799999237060547</ele><time>2026-09-27T00:46:04Z</time></trkpt><trkpt lat="37.58220672607422" lon="127.0224609375"><ele>25.799999237060547</ele><time>2026-09-27T00:46:05Z</time></trkpt><trkpt lat="37.582183837890625" lon="127.02246856689453"><ele>26.0</ele><time>2026-09-27T00:46:06Z</time></trkpt><trkpt lat="37.58216857910156" lon="127.02247619628906"><ele>26.0</ele><time>2026-09-27T00:46:07Z</time></trkpt><trkpt lat="37.582149505615234" lon="127.02249145507812"><ele>26.0</ele><time>2026-09-27T00:46:08Z</time></trkpt><trkpt lat="37.58212661743164" lon="127.02249908447266"><ele>26.200000762939453</ele><time>2026-09-27T00:46:09Z</time></trkpt><trkpt lat="37.58210372924805" lon="127.02250671386719"><ele>26.200000762939453</ele><time>2026-09-27T00:46:10Z</time></trkpt><trkpt lat="37.58208084106445" lon="127.02252197265625"><ele>26.399999618530273</ele><time>2026-09-27T00:46:11Z</time></trkpt><trkpt lat="37.582061767578125" lon="127.02253723144531"><ele>26.399999618530273</ele><time>2026-09-27T00:46:12Z</time></trkpt><trkpt lat="37.58203887939453" lon="127.02255249023438"><ele>26.399999618530273</ele><time>2026-09-27T00:46:13Z</time></trkpt><trkpt lat="37.58201599121094" lon="127.0225601196289"><ele>26.399999618530273</ele><time>2026-09-27T00:46:14Z</time></trkpt><trkpt lat="37.582000732421875" lon="127.02256774902344"><ele>26.399999618530273</ele><time>2026-09-27T00:46:15Z</time></trkpt><trkpt lat="37.58197784423828" lon="127.0225830078125"><ele>26.399999618530273</ele><time>2026-09-27T00:46:16Z</time></trkpt><trkpt lat="37.58195877075195" lon="127.02259063720703"><ele>26.399999618530273</ele><time>2026-09-27T00:46:17Z</time></trkpt><trkpt lat="37.581939697265625" lon="127.02259826660156"><ele>26.600000381469727</ele><time>2026-09-27T00:46:18Z</time></trkpt><trkpt lat="37.58192443847656" lon="127.0226058959961"><ele>26.600000381469727</ele><time>2026-09-27T00:46:19Z</time></trkpt><trkpt lat="37.5819091796875" lon="127.02262115478516"><ele>26.399999618530273</ele><time>2026-09-27T00:46:20Z</time></trkpt><trkpt lat="37.581886291503906" lon="127.02263641357422"><ele>26.399999618530273</ele><time>2026-09-27T00:46:21Z</time></trkpt><trkpt lat="37.581871032714844" lon="127.02265167236328"><ele>26.399999618530273</ele><time>2026-09-27T00:46:22Z</time></trkpt><trkpt lat="37.581851959228516" lon="127.02265930175781"><ele>26.399999618530273</ele><time>2026-09-27T00:46:23Z</time></trkpt><trkpt lat="37.58183288574219" lon="127.02266693115234"><ele>26.399999618530273</ele><time>2026-09-27T00:46:24Z</time></trkpt><trkpt lat="37.581817626953125" lon="127.02267456054688"><ele>26.399999618530273</ele><time>2026-09-27T00:46:25Z</time></trkpt><trkpt lat="37.5817985534668" lon="127.0226821899414"><ele>26.399999618530273</ele><time>2026-09-27T00:46:26Z</time></trkpt><trkpt lat="37.581783294677734" lon="127.02269744873047"><ele>26.399999618530273</ele><time>2026-09-27T00:46:27Z</time></trkpt><trkpt lat="37.58176803588867" lon="127.022705078125"><ele>26.399999618530273</ele><time>2026-09-27T00:46:28Z</time></trkpt><trkpt lat="37.58174514770508" lon="127.02272033691406"><ele>26.399999618530273</ele><time>2026-09-27T00:46:29Z</time></trkpt><trkpt lat="37.581729888916016" lon="127.02273559570312"><ele>26.600000381469727</ele><time>2026-09-27T00:46:30Z</time></trkpt><trkpt lat="37.58171081542969" lon="127.02274322509766"><ele>26.600000381469727</ele><time>2026-09-27T00:46:31Z</time></trkpt><trkpt lat="37.581687927246094" lon="127.02275848388672"><ele>26.399999618530273</ele><time>2026-09-27T00:46:32Z</time></trkpt><trkpt lat="37.58167266845703" lon="127.02276611328125"><ele>26.399999618530273</ele><time>2026-09-27T00:46:33Z</time></trkpt><trkpt lat="37.58164978027344" lon="127.02278137207031"><ele>26.399999618530273</ele><time>2026-09-27T00:46:34Z</time></trkpt><trkpt lat="37.581634521484375" lon="127.02278137207031"><ele>26.399999618530273</ele><time>2026-09-27T00:46:35Z</time></trkpt><trkpt lat="37.58161926269531" lon="127.02279663085938"><ele>26.399999618530273</ele><time>2026-09-27T00:46:36Z</time></trkpt><trkpt lat="37.58160400390625" lon="127.0228042602539"><ele>26.399999618530273</ele><time>2026-09-27T00:46:37Z</time></trkpt><trkpt lat="37.58159255981445" lon="127.02281188964844"><ele>26.399999618530273</ele><time>2026-09-27T00:46:38Z</time></trkpt><trkpt lat="37.581573486328125" lon="127.02281951904297"><ele>26.399999618530273</ele><time>2026-09-27T00:46:39Z</time></trkpt><trkpt lat="37.5815544128418" lon="127.0228271484375"><ele>26.399999618530273</ele><time>2026-09-27T00:46:40Z</time></trkpt><trkpt lat="37.58154296875" lon="127.02284240722656"><ele>26.399999618530273</ele><time>2026-09-27T00:46:41Z</time></trkpt><trkpt lat="37.58151626586914" lon="127.0228500366211"><ele>26.399999618530273</ele><time>2026-09-27T00:46:42Z</time></trkpt><trkpt lat="37.58150100708008" lon="127.02285766601562"><ele>26.399999618530273</ele><time>2026-09-27T00:46:43Z</time></trkpt><trkpt lat="37.58148193359375" lon="127.02287292480469"><ele>26.399999618530273</ele><time>2026-09-27T00:46:44Z</time></trkpt><trkpt lat="37.58146286010742" lon="127.02288055419922"><ele>26.399999618530273</ele><time>2026-09-27T00:46:45Z</time></trkpt><trkpt lat="37.581451416015625" lon="127.02289581298828"><ele>26.399999618530273</ele><time>2026-09-27T00:46:46Z</time></trkpt><trkpt lat="37.5814323425293" lon="127.02290344238281"><ele>26.200000762939453</ele><time>2026-09-27T00:46:47Z</time></trkpt><trkpt lat="37.58141326904297" lon="127.02291870117188"><ele>26.200000762939453</ele><time>2026-09-27T00:46:48Z</time></trkpt><trkpt lat="37.581398010253906" lon="127.0229263305664"><ele>26.200000762939453</ele><time>2026-09-27T00:46:49Z</time></trkpt><trkpt lat="37.58137512207031" lon="127.02293395996094"><ele>26.200000762939453</ele><time>2026-09-27T00:46:50Z</time></trkpt><trkpt lat="37.58135986328125" lon="127.02294158935547"><ele>26.200000762939453</ele><time>2026-09-27T00:46:51Z</time></trkpt><trkpt lat="37.58134078979492" lon="127.02294921875"><ele>26.200000762939453</ele><time>2026-09-27T00:46:52Z</time></trkpt><trkpt lat="37.58131790161133" lon="127.02296447753906"><ele>26.200000762939453</ele><time>2026-09-27T00:46:53Z</time></trkpt><trkpt lat="37.581302642822266" lon="127.0229721069336"><ele>26.200000762939453</ele><time>2026-09-27T00:46:54Z</time></trkpt><trkpt lat="37.58127975463867" lon="127.02297973632812"><ele>26.200000762939453</ele><time>2026-09-27T00:46:55Z</time></trkpt><trkpt lat="37.581260681152344" lon="127.02298736572266"><ele>26.200000762939453</ele><time>2026-09-27T00:46:56Z</time></trkpt><trkpt lat="37.58124923706055" lon="127.02300262451172"><ele>26.200000762939453</ele><time>2026-09-27T00:46:57Z</time></trkpt><trkpt lat="37.58123016357422" lon="127.02301025390625"><ele>26.200000762939453</ele><time>2026-09-27T00:46:58Z</time></trkpt><trkpt lat="37.581214904785156" lon="127.02301788330078"><ele>26.200000762939453</ele><time>2026-09-27T00:46:59Z</time></trkpt><trkpt lat="37.581199645996094" lon="127.02303314208984"><ele>26.200000762939453</ele><time>2026-09-27T00:47:00Z</time></trkpt><trkpt lat="37.5811767578125" lon="127.02304077148438"><ele>26.200000762939453</ele><time>2026-09-27T00:47:01Z</time></trkpt><trkpt lat="37.5811653137207" lon="127.0230484008789"><ele>26.200000762939453</ele><time>2026-09-27T00:47:02Z</time></trkpt><trkpt lat="37.58115005493164" lon="127.02305603027344"><ele>26.200000762939453</ele><time>2026-09-27T00:47:03Z</time></trkpt><trkpt lat="37.58112716674805" lon="127.02306365966797"><ele>26.200000762939453</ele><time>2026-09-27T00:47:04Z</time></trkpt><trkpt lat="37.58111572265625" lon="127.02306365966797"><ele>26.200000762939453</ele><time>2026-09-27T00:47:05Z</time></trkpt><trkpt lat="37.58109664916992" lon="127.02307891845703"><ele>26.399999618530273</ele><time>2026-09-27T00:47:06Z</time></trkpt><trkpt lat="37.581077575683594" lon="127.02308654785156"><ele>26.200000762939453</ele><time>2026-09-27T00:47:07Z</time></trkpt><trkpt lat="37.581058502197266" lon="127.0230941772461"><ele>26.200000762939453</ele><time>2026-09-27T00:47:08Z</time></trkpt><trkpt lat="37.5810432434082" lon="127.02310943603516"><ele>26.200000762939453</ele><time>2026-09-27T00:47:09Z</time></trkpt><trkpt lat="37.58102035522461" lon="127.02311706542969"><ele>26.200000762939453</ele><time>2026-09-27T00:47:10Z</time></trkpt><trkpt lat="37.58100509643555" lon="127.02312469482422"><ele>26.200000762939453</ele><time>2026-09-27T00:47:11Z</time></trkpt><trkpt lat="37.58098602294922" lon="127.02313995361328"><ele>26.200000762939453</ele><time>2026-09-27T00:47:12Z</time></trkpt><trkpt lat="37.580963134765625" lon="127.02314758300781"><ele>26.0</ele><time>2026-09-27T00:47:13Z</time></trkpt><trkpt lat="37.58094787597656" lon="127.02315521240234"><ele>26.0</ele><time>2026-09-27T00:47:14Z</time></trkpt><trkpt lat="37.580928802490234" lon="127.0231704711914"><ele>26.0</ele><time>2026-09-27T00:47:15Z</time></trkpt><trkpt lat="37.580909729003906" lon="127.02317810058594"><ele>26.0</ele><time>2026-09-27T00:47:16Z</time></trkpt><trkpt lat="37.580894470214844" lon="127.023193359375"><ele>26.0</ele><time>2026-09-27T00:47:17Z</time></trkpt><trkpt lat="37.580867767333984" lon="127.02320098876953"><ele>26.0</ele><time>2026-09-27T00:47:18Z</time></trkpt><trkpt lat="37.58085250854492" lon="127.02320861816406"><ele>26.0</ele><time>2026-09-27T00:47:19Z</time></trkpt><trkpt lat="37.58082580566406" lon="127.0232162475586"><ele>26.0</ele><time>2026-09-27T00:47:20Z</time></trkpt><trkpt lat="37.580806732177734" lon="127.02322387695312"><ele>26.0</ele><time>2026-09-27T00:47:21Z</time></trkpt><trkpt lat="37.580787658691406" lon="127.02323150634766"><ele>26.200000762939453</ele><time>2026-09-27T00:47:22Z</time></trkpt><trkpt lat="37.58076858520508" lon="127.02324676513672"><ele>26.200000762939453</ele><time>2026-09-27T00:47:23Z</time></trkpt><trkpt lat="37.58075714111328" lon="127.02325439453125"><ele>26.200000762939453</ele><time>2026-09-27T00:47:24Z</time></trkpt><trkpt lat="37.58073425292969" lon="127.02326965332031"><ele>26.0</ele><time>2026-09-27T00:47:25Z</time></trkpt><trkpt lat="37.580718994140625" lon="127.02327728271484"><ele>26.0</ele><time>2026-09-27T00:47:26Z</time></trkpt><trkpt lat="37.58070373535156" lon="127.0232925415039"><ele>26.0</ele><time>2026-09-27T00:47:27Z</time></trkpt><trkpt lat="37.5806884765625" lon="127.02330780029297"><ele>25.799999237060547</ele><time>2026-09-27T00:47:28Z</time></trkpt><trkpt lat="37.58067321777344" lon="127.02332305908203"><ele>25.799999237060547</ele><time>2026-09-27T00:47:29Z</time></trkpt><trkpt lat="37.58065414428711" lon="127.02333068847656"><ele>25.799999237060547</ele><time>2026-09-27T00:47:30Z</time></trkpt><trkpt lat="37.58063507080078" lon="127.02334594726562"><ele>25.600000381469727</ele><time>2026-09-27T00:47:31Z</time></trkpt><trkpt lat="37.58061218261719" lon="127.02335357666016"><ele>25.600000381469727</ele><time>2026-09-27T00:47:32Z</time></trkpt><trkpt lat="37.58059310913086" lon="127.02336120605469"><ele>25.600000381469727</ele><time>2026-09-27T00:47:33Z</time></trkpt><trkpt lat="37.58057403564453" lon="127.02336883544922"><ele>25.600000381469727</ele><time>2026-09-27T00:47:34Z</time></trkpt><trkpt lat="37.58055877685547" lon="127.02337646484375"><ele>25.600000381469727</ele><time>2026-09-27T00:47:35Z</time></trkpt><trkpt lat="37.580535888671875" lon="127.02338409423828"><ele>25.600000381469727</ele><time>2026-09-27T00:47:36Z</time></trkpt><trkpt lat="37.580528259277344" lon="127.02339172363281"><ele>25.600000381469727</ele><time>2026-09-27T00:47:37Z</time></trkpt><trkpt lat="37.58051681518555" lon="127.02339935302734"><ele>25.600000381469727</ele><time>2026-09-27T00:47:38Z</time></trkpt><trkpt lat="37.58050537109375" lon="127.02340698242188"><ele>25.799999237060547</ele><time>2026-09-27T00:47:39Z</time></trkpt><trkpt lat="37.58048629760742" lon="127.02342987060547"><ele>25.799999237060547</ele><time>2026-09-27T00:47:40Z</time></trkpt><trkpt lat="37.580467224121094" lon="127.02344512939453"><ele>25.799999237060547</ele><time>2026-09-27T00:47:41Z</time></trkpt><trkpt lat="37.58045196533203" lon="127.02345275878906"><ele>26.0</ele><time>2026-09-27T00:47:42Z</time></trkpt><trkpt lat="37.58043670654297" lon="127.02346801757812"><ele>26.0</ele><time>2026-09-27T00:47:43Z</time></trkpt><trkpt lat="37.580413818359375" lon="127.02347564697266"><ele>25.799999237060547</ele><time>2026-09-27T00:47:44Z</time></trkpt><trkpt lat="37.58039855957031" lon="127.02348327636719"><ele>25.799999237060547</ele><time>2026-09-27T00:47:45Z</time></trkpt><trkpt lat="37.58037567138672" lon="127.02349090576172"><ele>25.799999237060547</ele><time>2026-09-27T00:47:46Z</time></trkpt><trkpt lat="37.58035659790039" lon="127.02349853515625"><ele>25.799999237060547</ele><time>2026-09-27T00:47:47Z</time></trkpt><trkpt lat="37.580345153808594" lon="127.02351379394531"><ele>25.799999237060547</ele><time>2026-09-27T00:47:48Z</time></trkpt><trkpt lat="37.580322265625" lon="127.02352142333984"><ele>25.799999237060547</ele><time>2026-09-27T00:47:49Z</time></trkpt><trkpt lat="37.58030319213867" lon="127.02352905273438"><ele>25.799999237060547</ele><time>2026-09-27T00:47:50Z</time></trkpt><trkpt lat="37.58028030395508" lon="127.0235366821289"><ele>25.799999237060547</ele><time>2026-09-27T00:47:51Z</time></trkpt><trkpt lat="37.58026123046875" lon="127.02354431152344"><ele>25.799999237060547</ele><time>2026-09-27T00:47:52Z</time></trkpt><trkpt lat="37.58024215698242" lon="127.0235595703125"><ele>25.799999237060547</ele><time>2026-09-27T00:47:53Z</time></trkpt><trkpt lat="37.58021926879883" lon="127.02356719970703"><ele>25.799999237060547</ele><time>2026-09-27T00:47:54Z</time></trkpt><trkpt lat="37.580204010009766" lon="127.02357482910156"><ele>25.799999237060547</ele><time>2026-09-27T00:47:55Z</time></trkpt><trkpt lat="37.58019256591797" lon="127.0235824584961"><ele>25.799999237060547</ele><time>2026-09-27T00:47:56Z</time></trkpt><trkpt lat="37.58017349243164" lon="127.02359008789062"><ele>25.799999237060547</ele><time>2026-09-27T00:47:57Z</time></trkpt><trkpt lat="37.580162048339844" lon="127.02359771728516"><ele>25.799999237060547</ele><time>2026-09-27T00:47:58Z</time></trkpt><trkpt lat="37.58014678955078" lon="127.02360534667969"><ele>25.799999237060547</ele><time>2026-09-27T00:47:59Z</time></trkpt><trkpt lat="37.58013153076172" lon="127.02361297607422"><ele>25.799999237060547</ele><time>2026-09-27T00:48:00Z</time></trkpt><trkpt lat="37.580116271972656" lon="127.02362060546875"><ele>25.799999237060547</ele><time>2026-09-27T00:48:01Z</time></trkpt><trkpt lat="37.580101013183594" lon="127.02362060546875"><ele>25.799999237060547</ele><time>2026-09-27T00:48:02Z</time></trkpt><trkpt lat="37.580081939697266" lon="127.02363586425781"><ele>25.799999237060547</ele><time>2026-09-27T00:48:03Z</time></trkpt><trkpt lat="37.5800666809082" lon="127.02364349365234"><ele>25.600000381469727</ele><time>2026-09-27T00:48:04Z</time></trkpt><trkpt lat="37.580047607421875" lon="127.02365112304688"><ele>25.600000381469727</ele><time>2026-09-27T00:48:05Z</time></trkpt><trkpt lat="37.58002853393555" lon="127.0236587524414"><ele>25.600000381469727</ele><time>2026-09-27T00:48:06Z</time></trkpt><trkpt lat="37.58001708984375" lon="127.02366638183594"><ele>25.600000381469727</ele><time>2026-09-27T00:48:07Z</time></trkpt><trkpt lat="37.57999801635742" lon="127.02367401123047"><ele>25.600000381469727</ele><time>2026-09-27T00:48:08Z</time></trkpt><trkpt lat="37.57998275756836" lon="127.02367401123047"><ele>25.600000381469727</ele><time>2026-09-27T00:48:09Z</time></trkpt><trkpt lat="37.57997131347656" lon="127.02368927001953"><ele>25.600000381469727</ele><time>2026-09-27T00:48:10Z</time></trkpt><trkpt lat="37.579959869384766" lon="127.0237045288086"><ele>25.600000381469727</ele><time>2026-09-27T00:48:11Z</time></trkpt><trkpt lat="37.5799446105957" lon="127.02371978759766"><ele>25.600000381469727</ele><time>2026-09-27T00:48:12Z</time></trkpt><trkpt lat="37.579925537109375" lon="127.02374267578125"><ele>25.600000381469727</ele><time>2026-09-27T00:48:13Z</time></trkpt><trkpt lat="37.57990264892578" lon="127.02375030517578"><ele>25.600000381469727</ele><time>2026-09-27T00:48:14Z</time></trkpt><trkpt lat="37.57987594604492" lon="127.02376556396484"><ele>25.600000381469727</ele><time>2026-09-27T00:48:15Z</time></trkpt><trkpt lat="37.57985305786133" lon="127.02377319335938"><ele>25.399999618530273</ele><time>2026-09-27T00:48:16Z</time></trkpt><trkpt lat="37.579830169677734" lon="127.0237808227539"><ele>25.600000381469727</ele><time>2026-09-27T00:48:17Z</time></trkpt><trkpt lat="37.579811096191406" lon="127.02379608154297"><ele>25.600000381469727</ele><time>2026-09-27T00:48:18Z</time></trkpt><trkpt lat="37.57978820800781" lon="127.02381134033203"><ele>25.600000381469727</ele><time>2026-09-27T00:48:19Z</time></trkpt><trkpt lat="37.57976150512695" lon="127.02381896972656"><ele>25.600000381469727</ele><time>2026-09-27T00:48:20Z</time></trkpt><trkpt lat="37.579742431640625" lon="127.02383422851562"><ele>25.600000381469727</ele><time>2026-09-27T00:48:21Z</time></trkpt><trkpt lat="37.57971954345703" lon="127.02384185791016"><ele>25.600000381469727</ele><time>2026-09-27T00:48:22Z</time></trkpt><trkpt lat="37.57970428466797" lon="127.02385711669922"><ele>25.600000381469727</ele><time>2026-09-27T00:48:23Z</time></trkpt><trkpt lat="37.579689025878906" lon="127.02386474609375"><ele>25.600000381469727</ele><time>2026-09-27T00:48:24Z</time></trkpt><trkpt lat="37.57966995239258" lon="127.02387237548828"><ele>25.600000381469727</ele><time>2026-09-27T00:48:25Z</time></trkpt><trkpt lat="37.57965850830078" lon="127.02388763427734"><ele>25.600000381469727</ele><time>2026-09-27T00:48:26Z</time></trkpt><trkpt lat="37.579647064208984" lon="127.0239028930664"><ele>25.399999618530273</ele><time>2026-09-27T00:48:27Z</time></trkpt><trkpt lat="37.57963180541992" lon="127.02391815185547"><ele>25.399999618530273</ele><time>2026-09-27T00:48:28Z</time></trkpt><trkpt lat="37.57961654663086" lon="127.02393341064453"><ele>25.399999618530273</ele><time>2026-09-27T00:48:29Z</time></trkpt><trkpt lat="37.579593658447266" lon="127.02395629882812"><ele>25.399999618530273</ele><time>2026-09-27T00:48:30Z</time></trkpt><trkpt lat="37.5795783996582" lon="127.02396392822266"><ele>25.200000762939453</ele><time>2026-09-27T00:48:31Z</time></trkpt><trkpt lat="37.579559326171875" lon="127.02397918701172"><ele>25.200000762939453</ele><time>2026-09-27T00:48:32Z</time></trkpt><trkpt lat="37.57953643798828" lon="127.02399444580078"><ele>25.200000762939453</ele><time>2026-09-27T00:48:33Z</time></trkpt><trkpt lat="37.579524993896484" lon="127.02400970458984"><ele>25.200000762939453</ele><time>2026-09-27T00:48:34Z</time></trkpt><trkpt lat="37.579505920410156" lon="127.0240249633789"><ele>25.200000762939453</ele><time>2026-09-27T00:48:35Z</time></trkpt><trkpt lat="37.579490661621094" lon="127.02404022216797"><ele>25.200000762939453</ele><time>2026-09-27T00:48:36Z</time></trkpt><trkpt lat="37.5794792175293" lon="127.02405548095703"><ele>25.200000762939453</ele><time>2026-09-27T00:48:37Z</time></trkpt><trkpt lat="37.579463958740234" lon="127.02407836914062"><ele>25.200000762939453</ele><time>2026-09-27T00:48:38Z</time></trkpt><trkpt lat="37.57945251464844" lon="127.02409362792969"><ele>25.0</ele><time>2026-09-27T00:48:39Z</time></trkpt><trkpt lat="37.57944107055664" lon="127.02410888671875"><ele>25.0</ele><time>2026-09-27T00:48:40Z</time></trkpt><trkpt lat="37.57942581176758" lon="127.02413940429688"><ele>25.0</ele><time>2026-09-27T00:48:41Z</time></trkpt><trkpt lat="37.57941436767578" lon="127.02415466308594"><ele>25.0</ele><time>2026-09-27T00:48:42Z</time></trkpt><trkpt lat="37.57939910888672" lon="127.024169921875"><ele>25.0</ele><time>2026-09-27T00:48:43Z</time></trkpt><trkpt lat="37.579383850097656" lon="127.02418518066406"><ele>25.0</ele><time>2026-09-27T00:48:44Z</time></trkpt><trkpt lat="37.57938003540039" lon="127.02420806884766"><ele>25.0</ele><time>2026-09-27T00:48:45Z</time></trkpt><trkpt lat="37.579368591308594" lon="127.02423095703125"><ele>25.0</ele><time>2026-09-27T00:48:46Z</time></trkpt><trkpt lat="37.57936096191406" lon="127.02425384521484"><ele>24.799999237060547</ele><time>2026-09-27T00:48:47Z</time></trkpt><trkpt lat="37.57935333251953" lon="127.02428436279297"><ele>24.799999237060547</ele><time>2026-09-27T00:48:48Z</time></trkpt><trkpt lat="37.579341888427734" lon="127.02430725097656"><ele>24.799999237060547</ele><time>2026-09-27T00:48:49Z</time></trkpt><trkpt lat="37.579341888427734" lon="127.02433013916016"><ele>24.600000381469727</ele><time>2026-09-27T00:48:50Z</time></trkpt><trkpt lat="37.5793342590332" lon="127.02434539794922"><ele>24.600000381469727</ele><time>2026-09-27T00:48:51Z</time></trkpt><trkpt lat="37.57931900024414" lon="127.02436828613281"><ele>24.399999618530273</ele><time>2026-09-27T00:48:52Z</time></trkpt><trkpt lat="37.57931137084961" lon="127.0243911743164"><ele>24.399999618530273</ele><time>2026-09-27T00:48:53Z</time></trkpt><trkpt lat="37.57930374145508" lon="127.02440643310547"><ele>24.200000762939453</ele><time>2026-09-27T00:48:54Z</time></trkpt><trkpt lat="37.57929611206055" lon="127.02442932128906"><ele>24.200000762939453</ele><time>2026-09-27T00:48:55Z</time></trkpt><trkpt lat="37.57928466796875" lon="127.02445220947266"><ele>24.0</ele><time>2026-09-27T00:48:56Z</time></trkpt><trkpt lat="37.57927703857422" lon="127.02447509765625"><ele>24.0</ele><time>2026-09-27T00:48:57Z</time></trkpt><trkpt lat="37.57926940917969" lon="127.02450561523438"><ele>23.799999237060547</ele><time>2026-09-27T00:48:58Z</time></trkpt><trkpt lat="37.579261779785156" lon="127.02452850341797"><ele>23.799999237060547</ele><time>2026-09-27T00:48:59Z</time></trkpt><trkpt lat="37.579254150390625" lon="127.0245590209961"><ele>23.799999237060547</ele><time>2026-09-27T00:49:00Z</time></trkpt><trkpt lat="37.579246520996094" lon="127.02458953857422"><ele>23.799999237060547</ele><time>2026-09-27T00:49:01Z</time></trkpt><trkpt lat="37.57923889160156" lon="127.02462005615234"><ele>23.799999237060547</ele><time>2026-09-27T00:49:02Z</time></trkpt><trkpt lat="37.5792350769043" lon="127.02464294433594"><ele>23.799999237060547</ele><time>2026-09-27T00:49:03Z</time></trkpt><trkpt lat="37.57923889160156" lon="127.02467346191406"><ele>23.799999237060547</ele><time>2026-09-27T00:49:04Z</time></trkpt><trkpt lat="37.5792350769043" lon="127.02470397949219"><ele>23.799999237060547</ele><time>2026-09-27T00:49:05Z</time></trkpt><trkpt lat="37.5792350769043" lon="127.02471923828125"><ele>23.799999237060547</ele><time>2026-09-27T00:49:06Z</time></trkpt><trkpt lat="37.579219818115234" lon="127.02473449707031"><ele>24.0</ele><time>2026-09-27T00:49:07Z</time></trkpt><trkpt lat="37.57921600341797" lon="127.02476501464844"><ele>24.0</ele><time>2026-09-27T00:49:08Z</time></trkpt><trkpt lat="37.57921600341797" lon="127.0247802734375"><ele>24.0</ele><time>2026-09-27T00:49:09Z</time></trkpt><trkpt lat="37.5792121887207" lon="127.02481079101562"><ele>24.200000762939453</ele><time>2026-09-27T00:49:10Z</time></trkpt><trkpt lat="37.579200744628906" lon="127.02483367919922"><ele>24.200000762939453</ele><time>2026-09-27T00:49:11Z</time></trkpt><trkpt lat="37.57919692993164" lon="127.02485656738281"><ele>24.399999618530273</ele><time>2026-09-27T00:49:12Z</time></trkpt><trkpt lat="37.579193115234375" lon="127.02488708496094"><ele>24.399999618530273</ele><time>2026-09-27T00:49:13Z</time></trkpt><trkpt lat="37.57918930053711" lon="127.02490997314453"><ele>24.399999618530273</ele><time>2026-09-27T00:49:14Z</time></trkpt><trkpt lat="37.57918930053711" lon="127.02494049072266"><ele>24.399999618530273</ele><time>2026-09-27T00:49:15Z</time></trkpt><trkpt lat="37.579185485839844" lon="127.02497100830078"><ele>24.200000762939453</ele><time>2026-09-27T00:49:16Z</time></trkpt><trkpt lat="37.579185485839844" lon="127.02498626708984"><ele>24.200000762939453</ele><time>2026-09-27T00:49:17Z</time></trkpt><trkpt lat="37.57917785644531" lon="127.02501678466797"><ele>24.200000762939453</ele><time>2026-09-27T00:49:18Z</time></trkpt><trkpt lat="37.57917022705078" lon="127.02503967285156"><ele>24.200000762939453</ele><time>2026-09-27T00:49:19Z</time></trkpt><trkpt lat="37.57917404174805" lon="127.02506256103516"><ele>24.200000762939453</ele><time>2026-09-27T00:49:20Z</time></trkpt><trkpt lat="37.57917022705078" lon="127.02509307861328"><ele>24.200000762939453</ele><time>2026-09-27T00:49:21Z</time></trkpt><trkpt lat="37.579166412353516" lon="127.02510833740234"><ele>24.200000762939453</ele><time>2026-09-27T00:49:22Z</time></trkpt><trkpt lat="37.579158782958984" lon="127.02513885498047"><ele>24.200000762939453</ele><time>2026-09-27T00:49:23Z</time></trkpt><trkpt lat="37.57915115356445" lon="127.02516174316406"><ele>24.0</ele><time>2026-09-27T00:49:24Z</time></trkpt><trkpt lat="37.57915115356445" lon="127.02518463134766"><ele>24.0</ele><time>2026-09-27T00:49:25Z</time></trkpt><trkpt lat="37.579139709472656" lon="127.02521514892578"><ele>24.0</ele><time>2026-09-27T00:49:26Z</time></trkpt><trkpt lat="37.579132080078125" lon="127.02523803710938"><ele>24.0</ele><time>2026-09-27T00:49:27Z</time></trkpt><trkpt lat="37.57912826538086" lon="127.02526092529297"><ele>24.0</ele><time>2026-09-27T00:49:28Z</time></trkpt><trkpt lat="37.57912826538086" lon="127.0252914428711"><ele>24.0</ele><time>2026-09-27T00:49:29Z</time></trkpt><trkpt lat="37.579124450683594" lon="127.02530670166016"><ele>23.799999237060547</ele><time>2026-09-27T00:49:30Z</time></trkpt><trkpt lat="37.57911682128906" lon="127.02533721923828"><ele>23.799999237060547</ele><time>2026-09-27T00:49:31Z</time></trkpt><trkpt lat="37.5791130065918" lon="127.02536010742188"><ele>23.799999237060547</ele><time>2026-09-27T00:49:32Z</time></trkpt><trkpt lat="37.5791130065918" lon="127.02538299560547"><ele>23.799999237060547</ele><time>2026-09-27T00:49:33Z</time></trkpt><trkpt lat="37.57910919189453" lon="127.02542114257812"><ele>23.799999237060547</ele><time>2026-09-27T00:49:34Z</time></trkpt><trkpt lat="37.5791015625" lon="127.02543640136719"><ele>23.799999237060547</ele><time>2026-09-27T00:49:35Z</time></trkpt><trkpt lat="37.5791015625" lon="127.02546691894531"><ele>23.799999237060547</ele><time>2026-09-27T00:49:36Z</time></trkpt><trkpt lat="37.579097747802734" lon="127.02549743652344"><ele>23.799999237060547</ele><time>2026-09-27T00:49:37Z</time></trkpt><trkpt lat="37.5791015625" lon="127.0255126953125"><ele>23.799999237060547</ele><time>2026-09-27T00:49:38Z</time></trkpt><trkpt lat="37.579097747802734" lon="127.02554321289062"><ele>23.799999237060547</ele><time>2026-09-27T00:49:39Z</time></trkpt><trkpt lat="37.57909393310547" lon="127.02557373046875"><ele>23.799999237060547</ele><time>2026-09-27T00:49:40Z</time></trkpt><trkpt lat="37.579097747802734" lon="127.02559661865234"><ele>23.799999237060547</ele><time>2026-09-27T00:49:41Z</time></trkpt><trkpt lat="37.57908630371094" lon="127.025634765625"><ele>23.799999237060547</ele><time>2026-09-27T00:49:42Z</time></trkpt><trkpt lat="37.57908248901367" lon="127.0256576538086"><ele>23.799999237060547</ele><time>2026-09-27T00:49:43Z</time></trkpt><trkpt lat="37.579078674316406" lon="127.02568054199219"><ele>23.799999237060547</ele><time>2026-09-27T00:49:44Z</time></trkpt><trkpt lat="37.579071044921875" lon="127.02571105957031"><ele>23.799999237060547</ele><time>2026-09-27T00:49:45Z</time></trkpt><trkpt lat="37.57906723022461" lon="127.0257339477539"><ele>23.799999237060547</ele><time>2026-09-27T00:49:46Z</time></trkpt><trkpt lat="37.57905960083008" lon="127.02576446533203"><ele>23.799999237060547</ele><time>2026-09-27T00:49:47Z</time></trkpt><trkpt lat="37.579044342041016" lon="127.02578735351562"><ele>23.799999237060547</ele><time>2026-09-27T00:49:48Z</time></trkpt><trkpt lat="37.579036712646484" lon="127.02580261230469"><ele>23.799999237060547</ele><time>2026-09-27T00:49:49Z</time></trkpt><trkpt lat="37.57902908325195" lon="127.02583312988281"><ele>23.600000381469727</ele><time>2026-09-27T00:49:50Z</time></trkpt><trkpt lat="37.57902145385742" lon="127.0258560180664"><ele>23.799999237060547</ele><time>2026-09-27T00:49:51Z</time></trkpt><trkpt lat="37.57900619506836" lon="127.02587890625"><ele>23.600000381469727</ele><time>2026-09-27T00:49:52Z</time></trkpt><trkpt lat="37.5789909362793" lon="127.0259017944336"><ele>23.600000381469727</ele><time>2026-09-27T00:49:53Z</time></trkpt><trkpt lat="37.57898712158203" lon="127.02592468261719"><ele>23.600000381469727</ele><time>2026-09-27T00:49:54Z</time></trkpt><trkpt lat="37.5789794921875" lon="127.02594757080078"><ele>23.600000381469727</ele><time>2026-09-27T00:49:55Z</time></trkpt><trkpt lat="37.5789680480957" lon="127.02596282958984"><ele>23.399999618530273</ele><time>2026-09-27T00:49:56Z</time></trkpt><trkpt lat="37.57896041870117" lon="127.02598571777344"><ele>23.399999618530273</ele><time>2026-09-27T00:49:57Z</time></trkpt><trkpt lat="37.57895278930664" lon="127.02600860595703"><ele>23.399999618530273</ele><time>2026-09-27T00:49:58Z</time></trkpt><trkpt lat="37.57894515991211" lon="127.02603149414062"><ele>23.399999618530273</ele><time>2026-09-27T00:49:59Z</time></trkpt><trkpt lat="37.57893371582031" lon="127.02604675292969"><ele>23.399999618530273</ele><time>2026-09-27T00:50:00Z</time></trkpt><trkpt lat="37.57891845703125" lon="127.02607727050781"><ele>23.399999618530273</ele><time>2026-09-27T00:50:01Z</time></trkpt><trkpt lat="37.578914642333984" lon="127.0261001586914"><ele>23.399999618530273</ele><time>2026-09-27T00:50:02Z</time></trkpt><trkpt lat="37.57890319824219" lon="127.026123046875"><ele>23.399999618530273</ele><time>2026-09-27T00:50:03Z</time></trkpt><trkpt lat="37.578887939453125" lon="127.02613830566406"><ele>23.200000762939453</ele><time>2026-09-27T00:50:04Z</time></trkpt><trkpt lat="37.57887649536133" lon="127.02616119384766"><ele>23.200000762939453</ele><time>2026-09-27T00:50:05Z</time></trkpt><trkpt lat="37.578861236572266" lon="127.02618408203125"><ele>23.200000762939453</ele><time>2026-09-27T00:50:06Z</time></trkpt><trkpt lat="37.57884979248047" lon="127.02619934082031"><ele>23.200000762939453</ele><time>2026-09-27T00:50:07Z</time></trkpt><trkpt lat="37.57884216308594" lon="127.0262222290039"><ele>23.200000762939453</ele><time>2026-09-27T00:50:08Z</time></trkpt><trkpt lat="37.578826904296875" lon="127.0262451171875"><ele>23.200000762939453</ele><time>2026-09-27T00:50:09Z</time></trkpt><trkpt lat="37.57881164550781" lon="127.0262680053711"><ele>23.200000762939453</ele><time>2026-09-27T00:50:10Z</time></trkpt><trkpt lat="37.57879638671875" lon="127.02629852294922"><ele>23.200000762939453</ele><time>2026-09-27T00:50:11Z</time></trkpt><trkpt lat="37.57878494262695" lon="127.02631378173828"><ele>23.200000762939453</ele><time>2026-09-27T00:50:12Z</time></trkpt><trkpt lat="37.578773498535156" lon="127.02632904052734"><ele>23.0</ele><time>2026-09-27T00:50:13Z</time></trkpt><trkpt lat="37.57876205444336" lon="127.02635192871094"><ele>23.0</ele><time>2026-09-27T00:50:14Z</time></trkpt><trkpt lat="37.57875442504883" lon="127.02637481689453"><ele>23.0</ele><time>2026-09-27T00:50:15Z</time></trkpt><trkpt lat="37.578739166259766" lon="127.0263900756836"><ele>23.0</ele><time>2026-09-27T00:50:16Z</time></trkpt><trkpt lat="37.57872772216797" lon="127.02641296386719"><ele>23.200000762939453</ele><time>2026-09-27T00:50:17Z</time></trkpt><trkpt lat="37.57872009277344" lon="127.02642822265625"><ele>23.200000762939453</ele><time>2026-09-27T00:50:18Z</time></trkpt><trkpt lat="37.578704833984375" lon="127.02645874023438"><ele>23.200000762939453</ele><time>2026-09-27T00:50:19Z</time></trkpt><trkpt lat="37.57868957519531" lon="127.02647399902344"><ele>23.200000762939453</ele><time>2026-09-27T00:50:20Z</time></trkpt><trkpt lat="37.57868194580078" lon="127.02649688720703"><ele>23.200000762939453</ele><time>2026-09-27T00:50:21Z</time></trkpt><trkpt lat="37.57866668701172" lon="127.02651977539062"><ele>23.200000762939453</ele><time>2026-09-27T00:50:22Z</time></trkpt><trkpt lat="37.57865905761719" lon="127.02653503417969"><ele>23.200000762939453</ele><time>2026-09-27T00:50:23Z</time></trkpt><trkpt lat="37.57864761352539" lon="127.02655792236328"><ele>23.0</ele><time>2026-09-27T00:50:24Z</time></trkpt><trkpt lat="37.57863235473633" lon="127.02658081054688"><ele>23.0</ele><time>2026-09-27T00:50:25Z</time></trkpt><trkpt lat="37.57862091064453" lon="127.02659606933594"><ele>23.0</ele><time>2026-09-27T00:50:26Z</time></trkpt><trkpt lat="37.57860565185547" lon="127.02661895751953"><ele>23.0</ele><time>2026-09-27T00:50:27Z</time></trkpt><trkpt lat="37.57859802246094" lon="127.02664184570312"><ele>23.0</ele><time>2026-09-27T00:50:28Z</time></trkpt><trkpt lat="37.578590393066406" lon="127.02666473388672"><ele>23.0</ele><time>2026-09-27T00:50:29Z</time></trkpt><trkpt lat="37.578575134277344" lon="127.02667999267578"><ele>23.0</ele><time>2026-09-27T00:50:30Z</time></trkpt><trkpt lat="37.57856369018555" lon="127.02669525146484"><ele>23.0</ele><time>2026-09-27T00:50:31Z</time></trkpt><trkpt lat="37.57855224609375" lon="127.0267105102539"><ele>22.799999237060547</ele><time>2026-09-27T00:50:32Z</time></trkpt><trkpt lat="37.57853698730469" lon="127.0267333984375"><ele>22.799999237060547</ele><time>2026-09-27T00:50:33Z</time></trkpt><trkpt lat="37.578529357910156" lon="127.0267562866211"><ele>22.799999237060547</ele><time>2026-09-27T00:50:34Z</time></trkpt><trkpt lat="37.578514099121094" lon="127.02677917480469"><ele>22.600000381469727</ele><time>2026-09-27T00:50:35Z</time></trkpt><trkpt lat="37.5785026550293" lon="127.02680206298828"><ele>22.600000381469727</ele><time>2026-09-27T00:50:36Z</time></trkpt><trkpt lat="37.5784912109375" lon="127.02681732177734"><ele>22.399999618530273</ele><time>2026-09-27T00:50:37Z</time></trkpt><trkpt lat="37.5784797668457" lon="127.02684020996094"><ele>22.399999618530273</ele><time>2026-09-27T00:50:38Z</time></trkpt><trkpt lat="37.57846450805664" lon="127.02685546875"><ele>22.399999618530273</ele><time>2026-09-27T00:50:39Z</time></trkpt><trkpt lat="37.578453063964844" lon="127.0268783569336"><ele>22.399999618530273</ele><time>2026-09-27T00:50:40Z</time></trkpt><trkpt lat="37.57844161987305" lon="127.02689361572266"><ele>22.399999618530273</ele><time>2026-09-27T00:50:41Z</time></trkpt><trkpt lat="37.57843017578125" lon="127.02691650390625"><ele>22.399999618530273</ele><time>2026-09-27T00:50:42Z</time></trkpt><trkpt lat="37.57841491699219" lon="127.02693176269531"><ele>22.399999618530273</ele><time>2026-09-27T00:50:43Z</time></trkpt><trkpt lat="37.57841110229492" lon="127.02693939208984"><ele>22.399999618530273</ele><time>2026-09-27T00:50:44Z</time></trkpt><trkpt lat="37.578399658203125" lon="127.02696990966797"><ele>22.399999618530273</ele><time>2026-09-27T00:50:45Z</time></trkpt><trkpt lat="37.5783805847168" lon="127.02699279785156"><ele>22.399999618530273</ele><time>2026-09-27T00:50:46Z</time></trkpt><trkpt lat="37.578365325927734" lon="127.02702331542969"><ele>22.399999618530273</ele><time>2026-09-27T00:50:47Z</time></trkpt><trkpt lat="37.57834243774414" lon="127.02705383300781"><ele>22.600000381469727</ele><time>2026-09-27T00:50:48Z</time></trkpt><trkpt lat="37.57832336425781" lon="127.0270767211914"><ele>22.600000381469727</ele><time>2026-09-27T00:50:49Z</time></trkpt><trkpt lat="37.578311920166016" lon="127.02709197998047"><ele>22.600000381469727</ele><time>2026-09-27T00:50:50Z</time></trkpt><trkpt lat="37.57829666137695" lon="127.02711486816406"><ele>22.600000381469727</ele><time>2026-09-27T00:50:51Z</time></trkpt><trkpt lat="37.57828140258789" lon="127.02713012695312"><ele>22.600000381469727</ele><time>2026-09-27T00:50:52Z</time></trkpt><trkpt lat="37.57826614379883" lon="127.02714538574219"><ele>22.600000381469727</ele><time>2026-09-27T00:50:53Z</time></trkpt><trkpt lat="37.578250885009766" lon="127.02715301513672"><ele>22.600000381469727</ele><time>2026-09-27T00:50:54Z</time></trkpt><trkpt lat="37.5782356262207" lon="127.02716827392578"><ele>22.600000381469727</ele><time>2026-09-27T00:50:55Z</time></trkpt><trkpt lat="37.578216552734375" lon="127.02718353271484"><ele>22.600000381469727</ele><time>2026-09-27T00:50:56Z</time></trkpt><trkpt lat="37.57819747924805" lon="127.0271987915039"><ele>22.600000381469727</ele><time>2026-09-27T00:50:57Z</time></trkpt><trkpt lat="37.578182220458984" lon="127.02721405029297"><ele>22.399999618530273</ele><time>2026-09-27T00:50:58Z</time></trkpt><trkpt lat="37.578163146972656" lon="127.02723693847656"><ele>22.399999618530273</ele><time>2026-09-27T00:50:59Z</time></trkpt><trkpt lat="37.578155517578125" lon="127.02725219726562"><ele>22.600000381469727</ele><time>2026-09-27T00:51:00Z</time></trkpt><trkpt lat="37.5781364440918" lon="127.02726745605469"><ele>22.600000381469727</ele><time>2026-09-27T00:51:01Z</time></trkpt><trkpt lat="37.578121185302734" lon="127.02728271484375"><ele>22.600000381469727</ele><time>2026-09-27T00:51:02Z</time></trkpt><trkpt lat="37.57810974121094" lon="127.02729797363281"><ele>22.600000381469727</ele><time>2026-09-27T00:51:03Z</time></trkpt><trkpt lat="37.578094482421875" lon="127.02731323242188"><ele>22.600000381469727</ele><time>2026-09-27T00:51:04Z</time></trkpt><trkpt lat="37.57808303833008" lon="127.0273208618164"><ele>22.600000381469727</ele><time>2026-09-27T00:51:05Z</time></trkpt><trkpt lat="37.57806396484375" lon="127.02733612060547"><ele>22.399999618530273</ele><time>2026-09-27T00:51:06Z</time></trkpt><trkpt lat="37.57804870605469" lon="127.02735137939453"><ele>22.399999618530273</ele><time>2026-09-27T00:51:07Z</time></trkpt><trkpt lat="37.578033447265625" lon="127.0273666381836"><ele>22.399999618530273</ele><time>2026-09-27T00:51:08Z</time></trkpt><trkpt lat="37.57801818847656" lon="127.02738189697266"><ele>22.600000381469727</ele><time>2026-09-27T00:51:09Z</time></trkpt><trkpt lat="37.577999114990234" lon="127.02739715576172"><ele>22.600000381469727</ele><time>2026-09-27T00:51:10Z</time></trkpt><trkpt lat="37.57798767089844" lon="127.02741241455078"><ele>22.600000381469727</ele><time>2026-09-27T00:51:11Z</time></trkpt><trkpt lat="37.577972412109375" lon="127.02742767333984"><ele>22.600000381469727</ele><time>2026-09-27T00:51:12Z</time></trkpt><trkpt lat="37.57795715332031" lon="127.0274429321289"><ele>22.600000381469727</ele><time>2026-09-27T00:51:13Z</time></trkpt><trkpt lat="37.577945709228516" lon="127.02745819091797"><ele>22.600000381469727</ele><time>2026-09-27T00:51:14Z</time></trkpt><trkpt lat="37.57792663574219" lon="127.02747344970703"><ele>22.600000381469727</ele><time>2026-09-27T00:51:15Z</time></trkpt><trkpt lat="37.57790756225586" lon="127.02748107910156"><ele>22.600000381469727</ele><time>2026-09-27T00:51:16Z</time></trkpt><trkpt lat="37.57789611816406" lon="127.02749633789062"><ele>22.600000381469727</ele><time>2026-09-27T00:51:17Z</time></trkpt><trkpt lat="37.57787322998047" lon="127.02751922607422"><ele>22.399999618530273</ele><time>2026-09-27T00:51:18Z</time></trkpt><trkpt lat="37.57786178588867" lon="127.02751922607422"><ele>22.399999618530273</ele><time>2026-09-27T00:51:19Z</time></trkpt><trkpt lat="37.57783508300781" lon="127.02754211425781"><ele>22.399999618530273</ele><time>2026-09-27T00:51:20Z</time></trkpt><trkpt lat="37.577816009521484" lon="127.02754974365234"><ele>22.200000762939453</ele><time>2026-09-27T00:51:21Z</time></trkpt><trkpt lat="37.57780075073242" lon="127.02755737304688"><ele>22.399999618530273</ele><time>2026-09-27T00:51:22Z</time></trkpt><trkpt lat="37.577781677246094" lon="127.0275650024414"><ele>22.399999618530273</ele><time>2026-09-27T00:51:23Z</time></trkpt><trkpt lat="37.577762603759766" lon="127.02758026123047"><ele>22.399999618530273</ele><time>2026-09-27T00:51:24Z</time></trkpt><trkpt lat="37.5777473449707" lon="127.027587890625"><ele>22.399999618530273</ele><time>2026-09-27T00:51:25Z</time></trkpt><trkpt lat="37.57772445678711" lon="127.02759552001953"><ele>22.399999618530273</ele><time>2026-09-27T00:51:26Z</time></trkpt><trkpt lat="37.57771301269531" lon="127.0276107788086"><ele>22.399999618530273</ele><time>2026-09-27T00:51:27Z</time></trkpt><trkpt lat="37.577693939208984" lon="127.02761840820312"><ele>22.399999618530273</ele><time>2026-09-27T00:51:28Z</time></trkpt><trkpt lat="37.57767105102539" lon="127.02762603759766"><ele>22.399999618530273</ele><time>2026-09-27T00:51:29Z</time></trkpt><trkpt lat="37.577659606933594" lon="127.02764129638672"><ele>22.399999618530273</ele><time>2026-09-27T00:51:30Z</time></trkpt><trkpt lat="37.577640533447266" lon="127.02764129638672"><ele>22.200000762939453</ele><time>2026-09-27T00:51:31Z</time></trkpt><trkpt lat="37.57761764526367" lon="127.02765655517578"><ele>22.200000762939453</ele><time>2026-09-27T00:51:32Z</time></trkpt><trkpt lat="37.577606201171875" lon="127.02767181396484"><ele>22.200000762939453</ele><time>2026-09-27T00:51:33Z</time></trkpt><trkpt lat="37.57758331298828" lon="127.0276870727539"><ele>22.200000762939453</ele><time>2026-09-27T00:51:34Z</time></trkpt><trkpt lat="37.57756805419922" lon="127.02770233154297"><ele>22.200000762939453</ele><time>2026-09-27T00:51:35Z</time></trkpt><trkpt lat="37.577552795410156" lon="127.0277099609375"><ele>22.200000762939453</ele><time>2026-09-27T00:51:36Z</time></trkpt><trkpt lat="37.57752990722656" lon="127.02771759033203"><ele>22.0</ele><time>2026-09-27T00:51:37Z</time></trkpt><trkpt lat="37.5775146484375" lon="127.02772521972656"><ele>22.0</ele><time>2026-09-27T00:51:38Z</time></trkpt><trkpt lat="37.577491760253906" lon="127.0277328491211"><ele>21.799999237060547</ele><time>2026-09-27T00:51:39Z</time></trkpt><trkpt lat="37.57746887207031" lon="127.02774047851562"><ele>21.799999237060547</ele><time>2026-09-27T00:51:40Z</time></trkpt><trkpt lat="37.577449798583984" lon="127.02774810791016"><ele>21.799999237060547</ele><time>2026-09-27T00:51:41Z</time></trkpt><trkpt lat="37.577423095703125" lon="127.02775573730469"><ele>21.600000381469727</ele><time>2026-09-27T00:51:42Z</time></trkpt><trkpt lat="37.57740783691406" lon="127.02775573730469"><ele>21.600000381469727</ele><time>2026-09-27T00:51:43Z</time></trkpt><trkpt lat="37.577388763427734" lon="127.02775573730469"><ele>21.600000381469727</ele><time>2026-09-27T00:51:44Z</time></trkpt><trkpt lat="37.577369689941406" lon="127.02775573730469"><ele>21.600000381469727</ele><time>2026-09-27T00:51:45Z</time></trkpt><trkpt lat="37.577354431152344" lon="127.02777099609375"><ele>21.799999237060547</ele><time>2026-09-27T00:51:46Z</time></trkpt><trkpt lat="37.57733154296875" lon="127.02777099609375"><ele>21.799999237060547</ele><time>2026-09-27T00:51:47Z</time></trkpt><trkpt lat="37.57731628417969" lon="127.02777099609375"><ele>21.600000381469727</ele><time>2026-09-27T00:51:48Z</time></trkpt><trkpt lat="37.577301025390625" lon="127.02777099609375"><ele>21.600000381469727</ele><time>2026-09-27T00:51:49Z</time></trkpt><trkpt lat="37.57727813720703" lon="127.02777862548828"><ele>21.399999618530273</ele><time>2026-09-27T00:51:50Z</time></trkpt><trkpt lat="37.577266693115234" lon="127.02778625488281"><ele>21.200000762939453</ele><time>2026-09-27T00:51:51Z</time></trkpt><trkpt lat="37.577239990234375" lon="127.02778625488281"><ele>21.0</ele><time>2026-09-27T00:51:52Z</time></trkpt><trkpt lat="37.57722473144531" lon="127.02778625488281"><ele>21.0</ele><time>2026-09-27T00:51:53Z</time></trkpt><trkpt lat="37.57720947265625" lon="127.02779388427734"><ele>20.799999237060547</ele><time>2026-09-27T00:51:54Z</time></trkpt><trkpt lat="37.57718276977539" lon="127.02780151367188"><ele>20.799999237060547</ele><time>2026-09-27T00:51:55Z</time></trkpt><trkpt lat="37.57716751098633" lon="127.02779388427734"><ele>20.799999237060547</ele><time>2026-09-27T00:51:56Z</time></trkpt><trkpt lat="37.577152252197266" lon="127.02778625488281"><ele>20.799999237060547</ele><time>2026-09-27T00:51:57Z</time></trkpt><trkpt lat="37.5771369934082" lon="127.02779388427734"><ele>20.799999237060547</ele><time>2026-09-27T00:51:58Z</time></trkpt><trkpt lat="37.57711410522461" lon="127.02779388427734"><ele>20.799999237060547</ele><time>2026-09-27T00:51:59Z</time></trkpt><trkpt lat="37.577091217041016" lon="127.02779388427734"><ele>20.799999237060547</ele><time>2026-09-27T00:52:00Z</time></trkpt><trkpt lat="37.57707214355469" lon="127.02780151367188"><ele>20.799999237060547</ele><time>2026-09-27T00:52:01Z</time></trkpt><trkpt lat="37.57705307006836" lon="127.02780151367188"><ele>20.799999237060547</ele><time>2026-09-27T00:52:02Z</time></trkpt><trkpt lat="37.57703399658203" lon="127.0278091430664"><ele>20.799999237060547</ele><time>2026-09-27T00:52:03Z</time></trkpt><trkpt lat="37.57701873779297" lon="127.02781677246094"><ele>20.799999237060547</ele><time>2026-09-27T00:52:04Z</time></trkpt><trkpt lat="37.577003479003906" lon="127.02781677246094"><ele>20.600000381469727</ele><time>2026-09-27T00:52:05Z</time></trkpt><trkpt lat="37.576988220214844" lon="127.02782440185547"><ele>20.600000381469727</ele><time>2026-09-27T00:52:06Z</time></trkpt><trkpt lat="37.57697677612305" lon="127.02782440185547"><ele>20.600000381469727</ele><time>2026-09-27T00:52:07Z</time></trkpt><trkpt lat="37.57696533203125" lon="127.02783203125"><ele>20.399999618530273</ele><time>2026-09-27T00:52:08Z</time></trkpt><trkpt lat="37.57695388793945" lon="127.02783203125"><ele>20.399999618530273</ele><time>2026-09-27T00:52:09Z</time></trkpt><trkpt lat="37.57693862915039" lon="127.02783966064453"><ele>20.399999618530273</ele><time>2026-09-27T00:52:10Z</time></trkpt><trkpt lat="37.576900482177734" lon="127.0278549194336"><ele>20.399999618530273</ele><time>2026-09-27T00:52:11Z</time></trkpt><trkpt lat="37.57686996459961" lon="127.02784729003906"><ele>20.399999618530273</ele><time>2026-09-27T00:52:12Z</time></trkpt><trkpt lat="37.57684326171875" lon="127.0278549194336"><ele>20.399999618530273</ele><time>2026-09-27T00:52:13Z</time></trkpt><trkpt lat="37.576820373535156" lon="127.02787017822266"><ele>20.399999618530273</ele><time>2026-09-27T00:52:14Z</time></trkpt><trkpt lat="37.57680130004883" lon="127.02787780761719"><ele>20.399999618530273</ele><time>2026-09-27T00:52:15Z</time></trkpt><trkpt lat="37.576778411865234" lon="127.02787780761719"><ele>20.399999618530273</ele><time>2026-09-27T00:52:16Z</time></trkpt><trkpt lat="37.57675552368164" lon="127.02787780761719"><ele>20.399999618530273</ele><time>2026-09-27T00:52:17Z</time></trkpt><trkpt lat="37.57673263549805" lon="127.02788543701172"><ele>20.399999618530273</ele><time>2026-09-27T00:52:18Z</time></trkpt><trkpt lat="37.57670974731445" lon="127.02789306640625"><ele>20.399999618530273</ele><time>2026-09-27T00:52:19Z</time></trkpt><trkpt lat="37.57668685913086" lon="127.02789306640625"><ele>20.399999618530273</ele><time>2026-09-27T00:52:20Z</time></trkpt><trkpt lat="37.57666778564453" lon="127.02790069580078"><ele>20.399999618530273</ele><time>2026-09-27T00:52:21Z</time></trkpt><trkpt lat="37.57664489746094" lon="127.02790832519531"><ele>20.200000762939453</ele><time>2026-09-27T00:52:22Z</time></trkpt><trkpt lat="37.57662582397461" lon="127.02790832519531"><ele>20.200000762939453</ele><time>2026-09-27T00:52:23Z</time></trkpt><trkpt lat="37.576602935791016" lon="127.02790832519531"><ele>20.200000762939453</ele><time>2026-09-27T00:52:24Z</time></trkpt><trkpt lat="37.576576232910156" lon="127.02790832519531"><ele>20.200000762939453</ele><time>2026-09-27T00:52:25Z</time></trkpt><trkpt lat="37.57655715942383" lon="127.02791595458984"><ele>20.200000762939453</ele><time>2026-09-27T00:52:26Z</time></trkpt><trkpt lat="37.57653045654297" lon="127.02790832519531"><ele>20.399999618530273</ele><time>2026-09-27T00:52:27Z</time></trkpt><trkpt lat="37.576515197753906" lon="127.02790832519531"><ele>20.399999618530273</ele><time>2026-09-27T00:52:28Z</time></trkpt><trkpt lat="37.57648849487305" lon="127.02790832519531"><ele>20.399999618530273</ele><time>2026-09-27T00:52:29Z</time></trkpt><trkpt lat="37.57646560668945" lon="127.02790832519531"><ele>20.399999618530273</ele><time>2026-09-27T00:52:30Z</time></trkpt><trkpt lat="37.576446533203125" lon="127.02791595458984"><ele>20.399999618530273</ele><time>2026-09-27T00:52:31Z</time></trkpt><trkpt lat="37.57642364501953" lon="127.02790832519531"><ele>20.399999618530273</ele><time>2026-09-27T00:52:32Z</time></trkpt><trkpt lat="37.57640838623047" lon="127.02790832519531"><ele>20.399999618530273</ele><time>2026-09-27T00:52:33Z</time></trkpt><trkpt lat="37.57638931274414" lon="127.02791595458984"><ele>20.399999618530273</ele><time>2026-09-27T00:52:34Z</time></trkpt><trkpt lat="37.57636642456055" lon="127.02791595458984"><ele>20.399999618530273</ele><time>2026-09-27T00:52:35Z</time></trkpt><trkpt lat="37.57635498046875" lon="127.02792358398438"><ele>20.600000381469727</ele><time>2026-09-27T00:52:36Z</time></trkpt><trkpt lat="37.576332092285156" lon="127.02791595458984"><ele>20.600000381469727</ele><time>2026-09-27T00:52:37Z</time></trkpt><trkpt lat="37.57631301879883" lon="127.02791595458984"><ele>20.600000381469727</ele><time>2026-09-27T00:52:38Z</time></trkpt><trkpt lat="37.576297760009766" lon="127.02792358398438"><ele>20.600000381469727</ele><time>2026-09-27T00:52:39Z</time></trkpt><trkpt lat="37.576271057128906" lon="127.0279312133789"><ele>20.600000381469727</ele><time>2026-09-27T00:52:40Z</time></trkpt><trkpt lat="37.576255798339844" lon="127.0279312133789"><ele>20.600000381469727</ele><time>2026-09-27T00:52:41Z</time></trkpt><trkpt lat="37.57624053955078" lon="127.0279312133789"><ele>20.600000381469727</ele><time>2026-09-27T00:52:42Z</time></trkpt><trkpt lat="37.57621765136719" lon="127.02793884277344"><ele>20.600000381469727</ele><time>2026-09-27T00:52:43Z</time></trkpt><trkpt lat="37.57620620727539" lon="127.02793884277344"><ele>20.600000381469727</ele><time>2026-09-27T00:52:44Z</time></trkpt><trkpt lat="37.5761833190918" lon="127.02793884277344"><ele>20.600000381469727</ele><time>2026-09-27T00:52:45Z</time></trkpt><trkpt lat="37.5761604309082" lon="127.02793884277344"><ele>20.399999618530273</ele><time>2026-09-27T00:52:46Z</time></trkpt><trkpt lat="37.57614517211914" lon="127.02794647216797"><ele>20.399999618530273</ele><time>2026-09-27T00:52:47Z</time></trkpt><trkpt lat="37.57612228393555" lon="127.02794647216797"><ele>20.399999618530273</ele><time>2026-09-27T00:52:48Z</time></trkpt><trkpt lat="37.576107025146484" lon="127.02794647216797"><ele>20.399999618530273</ele><time>2026-09-27T00:52:49Z</time></trkpt><trkpt lat="37.576087951660156" lon="127.02794647216797"><ele>20.399999618530273</ele><time>2026-09-27T00:52:50Z</time></trkpt><trkpt lat="37.57606506347656" lon="127.0279541015625"><ele>20.399999618530273</ele><time>2026-09-27T00:52:51Z</time></trkpt><trkpt lat="37.576053619384766" lon="127.02796173095703"><ele>20.399999618530273</ele><time>2026-09-27T00:52:52Z</time></trkpt><trkpt lat="37.57603454589844" lon="127.02796936035156"><ele>20.200000762939453</ele><time>2026-09-27T00:52:53Z</time></trkpt><trkpt lat="37.57601547241211" lon="127.02796936035156"><ele>20.200000762939453</ele><time>2026-09-27T00:52:54Z</time></trkpt><trkpt lat="37.57600021362305" lon="127.0279769897461"><ele>20.200000762939453</ele><time>2026-09-27T00:52:55Z</time></trkpt><trkpt lat="37.57597732543945" lon="127.02796936035156"><ele>20.200000762939453</ele><time>2026-09-27T00:52:56Z</time></trkpt><trkpt lat="37.575958251953125" lon="127.02796936035156"><ele>20.200000762939453</ele><time>2026-09-27T00:52:57Z</time></trkpt><trkpt lat="37.5759391784668" lon="127.02796936035156"><ele>20.200000762939453</ele><time>2026-09-27T00:52:58Z</time></trkpt><trkpt lat="37.57591247558594" lon="127.0279769897461"><ele>20.200000762939453</ele><time>2026-09-27T00:52:59Z</time></trkpt><trkpt lat="37.575897216796875" lon="127.0279769897461"><ele>20.200000762939453</ele><time>2026-09-27T00:53:00Z</time></trkpt><trkpt lat="37.57587432861328" lon="127.0279769897461"><ele>20.0</ele><time>2026-09-27T00:53:01Z</time></trkpt><trkpt lat="37.57585144042969" lon="127.0279769897461"><ele>20.0</ele><time>2026-09-27T00:53:02Z</time></trkpt><trkpt lat="37.57583236694336" lon="127.02798461914062"><ele>20.0</ele><time>2026-09-27T00:53:03Z</time></trkpt><trkpt lat="37.5758056640625" lon="127.02799224853516"><ele>20.0</ele><time>2026-09-27T00:53:04Z</time></trkpt><trkpt lat="37.57578659057617" lon="127.02799224853516"><ele>20.0</ele><time>2026-09-27T00:53:05Z</time></trkpt><trkpt lat="37.575767517089844" lon="127.02799224853516"><ele>20.0</ele><time>2026-09-27T00:53:06Z</time></trkpt><trkpt lat="37.57574462890625" lon="127.02799987792969"><ele>20.0</ele><time>2026-09-27T00:53:07Z</time></trkpt><trkpt lat="37.57572937011719" lon="127.02799987792969"><ele>20.0</ele><time>2026-09-27T00:53:08Z</time></trkpt><trkpt lat="37.575706481933594" lon="127.02799987792969"><ele>20.0</ele><time>2026-09-27T00:53:09Z</time></trkpt><trkpt lat="37.575687408447266" lon="127.02799987792969"><ele>20.0</ele><time>2026-09-27T00:53:10Z</time></trkpt><trkpt lat="37.57566833496094" lon="127.02800750732422"><ele>20.0</ele><time>2026-09-27T00:53:11Z</time></trkpt><trkpt lat="37.575645446777344" lon="127.02801513671875"><ele>20.0</ele><time>2026-09-27T00:53:12Z</time></trkpt><trkpt lat="37.57562255859375" lon="127.02802276611328"><ele>20.0</ele><time>2026-09-27T00:53:13Z</time></trkpt><trkpt lat="37.57560729980469" lon="127.02802276611328"><ele>20.0</ele><time>2026-09-27T00:53:14Z</time></trkpt><trkpt lat="37.575584411621094" lon="127.02803039550781"><ele>20.0</ele><time>2026-09-27T00:53:15Z</time></trkpt><trkpt lat="37.57556915283203" lon="127.02803802490234"><ele>20.0</ele><time>2026-09-27T00:53:16Z</time></trkpt><trkpt lat="37.57554626464844" lon="127.02803039550781"><ele>20.0</ele><time>2026-09-27T00:53:17Z</time></trkpt><trkpt lat="37.57552719116211" lon="127.02803039550781"><ele>20.0</ele><time>2026-09-27T00:53:18Z</time></trkpt><trkpt lat="37.57551193237305" lon="127.02803802490234"><ele>20.0</ele><time>2026-09-27T00:53:19Z</time></trkpt><trkpt lat="37.57548904418945" lon="127.02803802490234"><ele>20.0</ele><time>2026-09-27T00:53:20Z</time></trkpt><trkpt lat="37.57547378540039" lon="127.02804565429688"><ele>20.0</ele><time>2026-09-27T00:53:21Z</time></trkpt><trkpt lat="37.5754508972168" lon="127.02804565429688"><ele>20.0</ele><time>2026-09-27T00:53:22Z</time></trkpt><trkpt lat="37.5754280090332" lon="127.02804565429688"><ele>19.799999237060547</ele><time>2026-09-27T00:53:23Z</time></trkpt><trkpt lat="37.57541275024414" lon="127.0280532836914"><ele>19.799999237060547</ele><time>2026-09-27T00:53:24Z</time></trkpt><trkpt lat="37.57538986206055" lon="127.02804565429688"><ele>19.799999237060547</ele><time>2026-09-27T00:53:25Z</time></trkpt><trkpt lat="37.57537078857422" lon="127.02804565429688"><ele>19.799999237060547</ele><time>2026-09-27T00:53:26Z</time></trkpt><trkpt lat="37.575355529785156" lon="127.0280532836914"><ele>19.799999237060547</ele><time>2026-09-27T00:53:27Z</time></trkpt><trkpt lat="37.5753288269043" lon="127.0280532836914"><ele>19.799999237060547</ele><time>2026-09-27T00:53:28Z</time></trkpt><trkpt lat="37.5753173828125" lon="127.0280532836914"><ele>19.799999237060547</ele><time>2026-09-27T00:53:29Z</time></trkpt><trkpt lat="37.575294494628906" lon="127.02804565429688"><ele>19.799999237060547</ele><time>2026-09-27T00:53:30Z</time></trkpt><trkpt lat="37.57527160644531" lon="127.02804565429688"><ele>19.799999237060547</ele><time>2026-09-27T00:53:31Z</time></trkpt><trkpt lat="37.57525634765625" lon="127.0280532836914"><ele>19.799999237060547</ele><time>2026-09-27T00:53:32Z</time></trkpt><trkpt lat="37.575233459472656" lon="127.0280532836914"><ele>19.799999237060547</ele><time>2026-09-27T00:53:33Z</time></trkpt><trkpt lat="37.57521057128906" lon="127.0280532836914"><ele>19.799999237060547</ele><time>2026-09-27T00:53:34Z</time></trkpt><trkpt lat="37.5751953125" lon="127.02806091308594"><ele>19.799999237060547</ele><time>2026-09-27T00:53:35Z</time></trkpt><trkpt lat="37.575172424316406" lon="127.02806091308594"><ele>19.799999237060547</ele><time>2026-09-27T00:53:36Z</time></trkpt><trkpt lat="37.575157165527344" lon="127.02806091308594"><ele>19.799999237060547</ele><time>2026-09-27T00:53:37Z</time></trkpt><trkpt lat="37.575138092041016" lon="127.02806091308594"><ele>19.799999237060547</ele><time>2026-09-27T00:53:38Z</time></trkpt><trkpt lat="37.57511520385742" lon="127.02806854248047"><ele>19.799999237060547</ele><time>2026-09-27T00:53:39Z</time></trkpt><trkpt lat="37.575103759765625" lon="127.02806854248047"><ele>19.799999237060547</ele><time>2026-09-27T00:53:40Z</time></trkpt><trkpt lat="37.57508087158203" lon="127.02806854248047"><ele>19.799999237060547</ele><time>2026-09-27T00:53:41Z</time></trkpt><trkpt lat="37.5750617980957" lon="127.02806854248047"><ele>19.799999237060547</ele><time>2026-09-27T00:53:42Z</time></trkpt><trkpt lat="37.57504653930664" lon="127.028076171875"><ele>19.600000381469727</ele><time>2026-09-27T00:53:43Z</time></trkpt><trkpt lat="37.57501983642578" lon="127.028076171875"><ele>19.600000381469727</ele><time>2026-09-27T00:53:44Z</time></trkpt><trkpt lat="37.57500457763672" lon="127.028076171875"><ele>19.600000381469727</ele><time>2026-09-27T00:53:45Z</time></trkpt><trkpt lat="37.57498550415039" lon="127.02808380126953"><ele>19.600000381469727</ele><time>2026-09-27T00:53:46Z</time></trkpt><trkpt lat="37.57496643066406" lon="127.02808380126953"><ele>19.600000381469727</ele><time>2026-09-27T00:53:47Z</time></trkpt><trkpt lat="37.574951171875" lon="127.02808380126953"><ele>19.600000381469727</ele><time>2026-09-27T00:53:48Z</time></trkpt><trkpt lat="37.57493591308594" lon="127.02809143066406"><ele>19.600000381469727</ele><time>2026-09-27T00:53:49Z</time></trkpt><trkpt lat="37.57491683959961" lon="127.02809143066406"><ele>19.600000381469727</ele><time>2026-09-27T00:53:50Z</time></trkpt><trkpt lat="37.57490539550781" lon="127.02809143066406"><ele>19.399999618530273</ele><time>2026-09-27T00:53:51Z</time></trkpt><trkpt lat="37.574886322021484" lon="127.02809143066406"><ele>19.399999618530273</ele><time>2026-09-27T00:53:52Z</time></trkpt><trkpt lat="37.574867248535156" lon="127.02809143066406"><ele>19.399999618530273</ele><time>2026-09-27T00:53:53Z</time></trkpt><trkpt lat="37.57484817504883" lon="127.02809143066406"><ele>19.399999618530273</ele><time>2026-09-27T00:53:54Z</time></trkpt><trkpt lat="37.57482147216797" lon="127.02809143066406"><ele>19.399999618530273</ele><time>2026-09-27T00:53:55Z</time></trkpt><trkpt lat="37.57480239868164" lon="127.0280990600586"><ele>19.399999618530273</ele><time>2026-09-27T00:53:56Z</time></trkpt><trkpt lat="37.57477951049805" lon="127.0280990600586"><ele>19.399999618530273</ele><time>2026-09-27T00:53:57Z</time></trkpt><trkpt lat="37.57475662231445" lon="127.0280990600586"><ele>19.399999618530273</ele><time>2026-09-27T00:53:58Z</time></trkpt><trkpt lat="37.57474136352539" lon="127.02810668945312"><ele>19.399999618530273</ele><time>2026-09-27T00:53:59Z</time></trkpt><trkpt lat="37.5747184753418" lon="127.02810668945312"><ele>19.399999618530273</ele><time>2026-09-27T00:54:00Z</time></trkpt><trkpt lat="37.5746955871582" lon="127.02810668945312"><ele>19.399999618530273</ele><time>2026-09-27T00:54:01Z</time></trkpt><trkpt lat="37.57468032836914" lon="127.02810668945312"><ele>19.399999618530273</ele><time>2026-09-27T00:54:02Z</time></trkpt><trkpt lat="37.57465744018555" lon="127.02811431884766"><ele>19.399999618530273</ele><time>2026-09-27T00:54:03Z</time></trkpt><trkpt lat="37.57463836669922" lon="127.02811431884766"><ele>19.399999618530273</ele><time>2026-09-27T00:54:04Z</time></trkpt><trkpt lat="37.574623107910156" lon="127.02812194824219"><ele>19.399999618530273</ele><time>2026-09-27T00:54:05Z</time></trkpt><trkpt lat="37.5745964050293" lon="127.02812194824219"><ele>19.399999618530273</ele><time>2026-09-27T00:54:06Z</time></trkpt><trkpt lat="37.5745849609375" lon="127.02812957763672"><ele>19.399999618530273</ele><time>2026-09-27T00:54:07Z</time></trkpt><trkpt lat="37.574562072753906" lon="127.02812957763672"><ele>19.399999618530273</ele><time>2026-09-27T00:54:08Z</time></trkpt><trkpt lat="37.57453918457031" lon="127.02812957763672"><ele>19.399999618530273</ele><time>2026-09-27T00:54:09Z</time></trkpt><trkpt lat="37.57452392578125" lon="127.02812957763672"><ele>19.399999618530273</ele><time>2026-09-27T00:54:10Z</time></trkpt><trkpt lat="37.57449722290039" lon="127.02812957763672"><ele>19.399999618530273</ele><time>2026-09-27T00:54:11Z</time></trkpt><trkpt lat="37.57447814941406" lon="127.02813720703125"><ele>19.399999618530273</ele><time>2026-09-27T00:54:12Z</time></trkpt><trkpt lat="37.574459075927734" lon="127.02813720703125"><ele>19.399999618530273</ele><time>2026-09-27T00:54:13Z</time></trkpt><trkpt lat="37.574432373046875" lon="127.02813720703125"><ele>19.399999618530273</ele><time>2026-09-27T00:54:14Z</time></trkpt><trkpt lat="37.57442092895508" lon="127.02814483642578"><ele>19.399999618530273</ele><time>2026-09-27T00:54:15Z</time></trkpt><trkpt lat="37.57440185546875" lon="127.02814483642578"><ele>19.200000762939453</ele><time>2026-09-27T00:54:16Z</time></trkpt><trkpt lat="37.574378967285156" lon="127.02814483642578"><ele>19.200000762939453</ele><time>2026-09-27T00:54:17Z</time></trkpt><trkpt lat="37.574363708496094" lon="127.02815246582031"><ele>19.200000762939453</ele><time>2026-09-27T00:54:18Z</time></trkpt><trkpt lat="37.5743408203125" lon="127.02815246582031"><ele>19.200000762939453</ele><time>2026-09-27T00:54:19Z</time></trkpt><trkpt lat="37.57432174682617" lon="127.02816009521484"><ele>19.200000762939453</ele><time>2026-09-27T00:54:20Z</time></trkpt><trkpt lat="37.574302673339844" lon="127.02816772460938"><ele>19.200000762939453</ele><time>2026-09-27T00:54:21Z</time></trkpt><trkpt lat="37.57427978515625" lon="127.02816772460938"><ele>19.200000762939453</ele><time>2026-09-27T00:54:22Z</time></trkpt><trkpt lat="37.57426452636719" lon="127.02816772460938"><ele>19.200000762939453</ele><time>2026-09-27T00:54:23Z</time></trkpt><trkpt lat="37.574241638183594" lon="127.0281753540039"><ele>19.0</ele><time>2026-09-27T00:54:24Z</time></trkpt><trkpt lat="37.57421875" lon="127.0281753540039"><ele>19.0</ele><time>2026-09-27T00:54:25Z</time></trkpt><trkpt lat="37.57419967651367" lon="127.0281753540039"><ele>19.0</ele><time>2026-09-27T00:54:26Z</time></trkpt><trkpt lat="37.57417678833008" lon="127.02818298339844"><ele>19.0</ele><time>2026-09-27T00:54:27Z</time></trkpt><trkpt lat="37.57415771484375" lon="127.02818298339844"><ele>19.0</ele><time>2026-09-27T00:54:28Z</time></trkpt><trkpt lat="37.57413864135742" lon="127.02819061279297"><ele>19.0</ele><time>2026-09-27T00:54:29Z</time></trkpt><trkpt lat="37.57411193847656" lon="127.02819061279297"><ele>18.799999237060547</ele><time>2026-09-27T00:54:30Z</time></trkpt><trkpt lat="37.574092864990234" lon="127.0281753540039"><ele>18.799999237060547</ele><time>2026-09-27T00:54:31Z</time></trkpt><trkpt lat="37.57406997680664" lon="127.0281753540039"><ele>18.600000381469727</ele><time>2026-09-27T00:54:32Z</time></trkpt><trkpt lat="37.574039459228516" lon="127.02816772460938"><ele>18.600000381469727</ele><time>2026-09-27T00:54:33Z</time></trkpt><trkpt lat="37.57402420043945" lon="127.02816772460938"><ele>18.600000381469727</ele><time>2026-09-27T00:54:34Z</time></trkpt><trkpt lat="37.57400131225586" lon="127.02816772460938"><ele>18.799999237060547</ele><time>2026-09-27T00:54:35Z</time></trkpt><trkpt lat="37.57398223876953" lon="127.02816772460938"><ele>18.799999237060547</ele><time>2026-09-27T00:54:36Z</time></trkpt><trkpt lat="37.5739631652832" lon="127.02816009521484"><ele>18.799999237060547</ele><time>2026-09-27T00:54:37Z</time></trkpt><trkpt lat="37.573944091796875" lon="127.02816009521484"><ele>18.799999237060547</ele><time>2026-09-27T00:54:38Z</time></trkpt><trkpt lat="37.57392883300781" lon="127.02816009521484"><ele>18.799999237060547</ele><time>2026-09-27T00:54:39Z</time></trkpt><trkpt lat="37.57391357421875" lon="127.02815246582031"><ele>18.600000381469727</ele><time>2026-09-27T00:54:40Z</time></trkpt><trkpt lat="37.57389450073242" lon="127.02815246582031"><ele>18.600000381469727</ele><time>2026-09-27T00:54:41Z</time></trkpt><trkpt lat="37.573875427246094" lon="127.02815246582031"><ele>18.600000381469727</ele><time>2026-09-27T00:54:42Z</time></trkpt><trkpt lat="37.5738525390625" lon="127.02815246582031"><ele>18.600000381469727</ele><time>2026-09-27T00:54:43Z</time></trkpt><trkpt lat="37.573829650878906" lon="127.02815246582031"><ele>18.600000381469727</ele><time>2026-09-27T00:54:44Z</time></trkpt><trkpt lat="37.57381057739258" lon="127.02815246582031"><ele>18.600000381469727</ele><time>2026-09-27T00:54:45Z</time></trkpt><trkpt lat="37.57378005981445" lon="127.02816009521484"><ele>18.600000381469727</ele><time>2026-09-27T00:54:46Z</time></trkpt><trkpt lat="37.57376480102539" lon="127.0281753540039"><ele>18.600000381469727</ele><time>2026-09-27T00:54:47Z</time></trkpt><trkpt lat="37.57374572753906" lon="127.02818298339844"><ele>18.799999237060547</ele><time>2026-09-27T00:54:48Z</time></trkpt><trkpt lat="37.5737190246582" lon="127.02819061279297"><ele>18.799999237060547</ele><time>2026-09-27T00:54:49Z</time></trkpt><trkpt lat="37.573707580566406" lon="127.02819061279297"><ele>18.799999237060547</ele><time>2026-09-27T00:54:50Z</time></trkpt><trkpt lat="37.57368087768555" lon="127.02819061279297"><ele>19.0</ele><time>2026-09-27T00:54:51Z</time></trkpt><trkpt lat="37.57366180419922" lon="127.02819061279297"><ele>19.0</ele><time>2026-09-27T00:54:52Z</time></trkpt><trkpt lat="37.57364273071289" lon="127.02818298339844"><ele>19.0</ele><time>2026-09-27T00:54:53Z</time></trkpt><trkpt lat="37.5736198425293" lon="127.02818298339844"><ele>19.0</ele><time>2026-09-27T00:54:54Z</time></trkpt><trkpt lat="37.573604583740234" lon="127.02819061279297"><ele>18.799999237060547</ele><time>2026-09-27T00:54:55Z</time></trkpt><trkpt lat="37.57358169555664" lon="127.02819061279297"><ele>18.799999237060547</ele><time>2026-09-27T00:54:56Z</time></trkpt><trkpt lat="37.57356643676758" lon="127.02818298339844"><ele>18.799999237060547</ele><time>2026-09-27T00:54:57Z</time></trkpt><trkpt lat="37.573551177978516" lon="127.02818298339844"><ele>18.799999237060547</ele><time>2026-09-27T00:54:58Z</time></trkpt><trkpt lat="37.57353210449219" lon="127.0281753540039"><ele>18.799999237060547</ele><time>2026-09-27T00:54:59Z</time></trkpt><trkpt lat="37.573516845703125" lon="127.0281753540039"><ele>18.799999237060547</ele><time>2026-09-27T00:55:00Z</time></trkpt><trkpt lat="37.57349395751953" lon="127.02816772460938"><ele>18.799999237060547</ele><time>2026-09-27T00:55:01Z</time></trkpt><trkpt lat="37.57347106933594" lon="127.02816009521484"><ele>18.799999237060547</ele><time>2026-09-27T00:55:02Z</time></trkpt><trkpt lat="37.573455810546875" lon="127.02816772460938"><ele>18.799999237060547</ele><time>2026-09-27T00:55:03Z</time></trkpt><trkpt lat="37.573429107666016" lon="127.02816009521484"><ele>18.600000381469727</ele><time>2026-09-27T00:55:04Z</time></trkpt><trkpt lat="37.57341384887695" lon="127.02816009521484"><ele>18.600000381469727</ele><time>2026-09-27T00:55:05Z</time></trkpt><trkpt lat="37.573394775390625" lon="127.02815246582031"><ele>18.799999237060547</ele><time>2026-09-27T00:55:06Z</time></trkpt><trkpt lat="37.5733757019043" lon="127.02814483642578"><ele>18.799999237060547</ele><time>2026-09-27T00:55:07Z</time></trkpt><trkpt lat="37.5733642578125" lon="127.02815246582031"><ele>18.799999237060547</ele><time>2026-09-27T00:55:08Z</time></trkpt><trkpt lat="37.57333755493164" lon="127.02814483642578"><ele>18.799999237060547</ele><time>2026-09-27T00:55:09Z</time></trkpt><trkpt lat="37.57332229614258" lon="127.02814483642578"><ele>18.799999237060547</ele><time>2026-09-27T00:55:10Z</time></trkpt><trkpt lat="37.57330322265625" lon="127.02814483642578"><ele>18.600000381469727</ele><time>2026-09-27T00:55:11Z</time></trkpt><trkpt lat="37.57328414916992" lon="127.02814483642578"><ele>18.600000381469727</ele><time>2026-09-27T00:55:12Z</time></trkpt><trkpt lat="37.57326889038086" lon="127.02813720703125"><ele>18.600000381469727</ele><time>2026-09-27T00:55:13Z</time></trkpt><trkpt lat="37.57324981689453" lon="127.02813720703125"><ele>18.600000381469727</ele><time>2026-09-27T00:55:14Z</time></trkpt><trkpt lat="37.5732307434082" lon="127.02812957763672"><ele>18.600000381469727</ele><time>2026-09-27T00:55:15Z</time></trkpt><trkpt lat="37.573219299316406" lon="127.02813720703125"><ele>18.600000381469727</ele><time>2026-09-27T00:55:16Z</time></trkpt><trkpt lat="37.573204040527344" lon="127.02813720703125"><ele>18.600000381469727</ele><time>2026-09-27T00:55:17Z</time></trkpt><trkpt lat="37.573184967041016" lon="127.02812957763672"><ele>18.600000381469727</ele><time>2026-09-27T00:55:18Z</time></trkpt><trkpt lat="37.57316589355469" lon="127.02813720703125"><ele>18.600000381469727</ele><time>2026-09-27T00:55:19Z</time></trkpt><trkpt lat="37.573143005371094" lon="127.02812957763672"><ele>18.600000381469727</ele><time>2026-09-27T00:55:20Z</time></trkpt><trkpt lat="37.57312774658203" lon="127.02812957763672"><ele>18.600000381469727</ele><time>2026-09-27T00:55:21Z</time></trkpt><trkpt lat="37.57310104370117" lon="127.02812957763672"><ele>18.600000381469727</ele><time>2026-09-27T00:55:22Z</time></trkpt><trkpt lat="37.57308578491211" lon="127.02812957763672"><ele>18.600000381469727</ele><time>2026-09-27T00:55:23Z</time></trkpt><trkpt lat="37.57306671142578" lon="127.02812194824219"><ele>18.600000381469727</ele><time>2026-09-27T00:55:24Z</time></trkpt><trkpt lat="37.57304763793945" lon="127.02811431884766"><ele>18.600000381469727</ele><time>2026-09-27T00:55:25Z</time></trkpt><trkpt lat="37.57303237915039" lon="127.02811431884766"><ele>18.600000381469727</ele><time>2026-09-27T00:55:26Z</time></trkpt><trkpt lat="37.5730094909668" lon="127.02810668945312"><ele>18.600000381469727</ele><time>2026-09-27T00:55:27Z</time></trkpt><trkpt lat="37.572994232177734" lon="127.0280990600586"><ele>18.600000381469727</ele><time>2026-09-27T00:55:28Z</time></trkpt><trkpt lat="37.57297897338867" lon="127.02810668945312"><ele>18.600000381469727</ele><time>2026-09-27T00:55:29Z</time></trkpt><trkpt lat="37.57295608520508" lon="127.0280990600586"><ele>18.600000381469727</ele><time>2026-09-27T00:55:30Z</time></trkpt><trkpt lat="37.57293701171875" lon="127.02809143066406"><ele>18.600000381469727</ele><time>2026-09-27T00:55:31Z</time></trkpt><trkpt lat="37.57291793823242" lon="127.02809143066406"><ele>18.399999618530273</ele><time>2026-09-27T00:55:32Z</time></trkpt><trkpt lat="37.572898864746094" lon="127.02809143066406"><ele>18.399999618530273</ele><time>2026-09-27T00:55:33Z</time></trkpt><trkpt lat="37.57288360595703" lon="127.02809143066406"><ele>18.399999618530273</ele><time>2026-09-27T00:55:34Z</time></trkpt><trkpt lat="37.57286071777344" lon="127.0280990600586"><ele>18.399999618530273</ele><time>2026-09-27T00:55:35Z</time></trkpt><trkpt lat="37.572837829589844" lon="127.0280990600586"><ele>18.399999618530273</ele><time>2026-09-27T00:55:36Z</time></trkpt><trkpt lat="37.57282257080078" lon="127.02810668945312"><ele>18.399999618530273</ele><time>2026-09-27T00:55:37Z</time></trkpt><trkpt lat="37.572792053222656" lon="127.0280990600586"><ele>18.399999618530273</ele><time>2026-09-27T00:55:38Z</time></trkpt><trkpt lat="37.572776794433594" lon="127.0280990600586"><ele>18.399999618530273</ele><time>2026-09-27T00:55:39Z</time></trkpt><trkpt lat="37.572750091552734" lon="127.0280990600586"><ele>18.399999618530273</ele><time>2026-09-27T00:55:40Z</time></trkpt><trkpt lat="37.57272720336914" lon="127.02809143066406"><ele>18.399999618530273</ele><time>2026-09-27T00:55:41Z</time></trkpt><trkpt lat="37.57270812988281" lon="127.0280990600586"><ele>18.399999618530273</ele><time>2026-09-27T00:55:42Z</time></trkpt><trkpt lat="37.57268524169922" lon="127.0280990600586"><ele>18.399999618530273</ele><time>2026-09-27T00:55:43Z</time></trkpt><trkpt lat="37.572669982910156" lon="127.02808380126953"><ele>18.399999618530273</ele><time>2026-09-27T00:55:44Z</time></trkpt><trkpt lat="37.57265090942383" lon="127.028076171875"><ele>18.200000762939453</ele><time>2026-09-27T00:55:45Z</time></trkpt><trkpt lat="37.5726318359375" lon="127.02806854248047"><ele>18.200000762939453</ele><time>2026-09-27T00:55:46Z</time></trkpt><trkpt lat="37.57261276245117" lon="127.02806091308594"><ele>18.200000762939453</ele><time>2026-09-27T00:55:47Z</time></trkpt><trkpt lat="37.57259750366211" lon="127.0280532836914"><ele>18.399999618530273</ele><time>2026-09-27T00:55:48Z</time></trkpt><trkpt lat="37.57257080078125" lon="127.0280532836914"><ele>18.399999618530273</ele><time>2026-09-27T00:55:49Z</time></trkpt><trkpt lat="37.57255172729492" lon="127.02806091308594"><ele>18.399999618530273</ele><time>2026-09-27T00:55:50Z</time></trkpt><trkpt lat="37.57252883911133" lon="127.0280532836914"><ele>18.399999618530273</ele><time>2026-09-27T00:55:51Z</time></trkpt><trkpt lat="37.57250213623047" lon="127.02804565429688"><ele>18.399999618530273</ele><time>2026-09-27T00:55:52Z</time></trkpt><trkpt lat="37.57248306274414" lon="127.02804565429688"><ele>18.399999618530273</ele><time>2026-09-27T00:55:53Z</time></trkpt><trkpt lat="37.57246398925781" lon="127.02803802490234"><ele>18.399999618530273</ele><time>2026-09-27T00:55:54Z</time></trkpt><trkpt lat="37.57244873046875" lon="127.02803802490234"><ele>18.399999618530273</ele><time>2026-09-27T00:55:55Z</time></trkpt><trkpt lat="37.572425842285156" lon="127.02803802490234"><ele>18.200000762939453</ele><time>2026-09-27T00:55:56Z</time></trkpt><trkpt lat="37.572410583496094" lon="127.02803802490234"><ele>18.200000762939453</ele><time>2026-09-27T00:55:57Z</time></trkpt><trkpt lat="37.572391510009766" lon="127.02804565429688"><ele>18.200000762939453</ele><time>2026-09-27T00:55:58Z</time></trkpt><trkpt lat="37.572364807128906" lon="127.02804565429688"><ele>18.200000762939453</ele><time>2026-09-27T00:55:59Z</time></trkpt><trkpt lat="37.572349548339844" lon="127.02804565429688"><ele>18.0</ele><time>2026-09-27T00:56:00Z</time></trkpt><trkpt lat="37.572322845458984" lon="127.02804565429688"><ele>18.200000762939453</ele><time>2026-09-27T00:56:01Z</time></trkpt><trkpt lat="37.572303771972656" lon="127.02803802490234"><ele>18.200000762939453</ele><time>2026-09-27T00:56:02Z</time></trkpt><trkpt lat="37.57228469848633" lon="127.02803802490234"><ele>18.200000762939453</ele><time>2026-09-27T00:56:03Z</time></trkpt><trkpt lat="37.572269439697266" lon="127.02803039550781"><ele>18.200000762939453</ele><time>2026-09-27T00:56:04Z</time></trkpt><trkpt lat="37.57224655151367" lon="127.02802276611328"><ele>18.200000762939453</ele><time>2026-09-27T00:56:05Z</time></trkpt><trkpt lat="37.572227478027344" lon="127.02801513671875"><ele>18.200000762939453</ele><time>2026-09-27T00:56:06Z</time></trkpt><trkpt lat="37.572208404541016" lon="127.02801513671875"><ele>18.200000762939453</ele><time>2026-09-27T00:56:07Z</time></trkpt><trkpt lat="37.57218551635742" lon="127.02800750732422"><ele>18.200000762939453</ele><time>2026-09-27T00:56:08Z</time></trkpt><trkpt lat="37.57217025756836" lon="127.02801513671875"><ele>18.200000762939453</ele><time>2026-09-27T00:56:09Z</time></trkpt><trkpt lat="37.572147369384766" lon="127.02800750732422"><ele>18.200000762939453</ele><time>2026-09-27T00:56:10Z</time></trkpt><trkpt lat="37.57212829589844" lon="127.02800750732422"><ele>18.200000762939453</ele><time>2026-09-27T00:56:11Z</time></trkpt><trkpt lat="37.57210922241211" lon="127.02799987792969"><ele>18.0</ele><time>2026-09-27T00:56:12Z</time></trkpt><trkpt lat="37.57209014892578" lon="127.02799224853516"><ele>18.0</ele><time>2026-09-27T00:56:13Z</time></trkpt><trkpt lat="37.57206726074219" lon="127.02799987792969"><ele>18.0</ele><time>2026-09-27T00:56:14Z</time></trkpt><trkpt lat="37.572044372558594" lon="127.02799224853516"><ele>18.0</ele><time>2026-09-27T00:56:15Z</time></trkpt><trkpt lat="37.572021484375" lon="127.02798461914062"><ele>18.0</ele><time>2026-09-27T00:56:16Z</time></trkpt><trkpt lat="37.57200241088867" lon="127.02798461914062"><ele>18.0</ele><time>2026-09-27T00:56:17Z</time></trkpt><trkpt lat="37.57197952270508" lon="127.0279769897461"><ele>18.200000762939453</ele><time>2026-09-27T00:56:18Z</time></trkpt><trkpt lat="37.57196807861328" lon="127.0279769897461"><ele>18.200000762939453</ele><time>2026-09-27T00:56:19Z</time></trkpt><trkpt lat="37.57194900512695" lon="127.0279769897461"><ele>18.200000762939453</ele><time>2026-09-27T00:56:20Z</time></trkpt><trkpt lat="37.57192611694336" lon="127.02796936035156"><ele>18.200000762939453</ele><time>2026-09-27T00:56:21Z</time></trkpt><trkpt lat="37.57191467285156" lon="127.02796936035156"><ele>18.200000762939453</ele><time>2026-09-27T00:56:22Z</time></trkpt><trkpt lat="37.57189178466797" lon="127.02796173095703"><ele>18.200000762939453</ele><time>2026-09-27T00:56:23Z</time></trkpt><trkpt lat="37.571868896484375" lon="127.0279541015625"><ele>18.200000762939453</ele><time>2026-09-27T00:56:24Z</time></trkpt><trkpt lat="37.57185363769531" lon="127.02796173095703"><ele>18.200000762939453</ele><time>2026-09-27T00:56:25Z</time></trkpt><trkpt lat="37.57183074951172" lon="127.02796173095703"><ele>18.200000762939453</ele><time>2026-09-27T00:56:26Z</time></trkpt><trkpt lat="37.57181167602539" lon="127.0279541015625"><ele>18.200000762939453</ele><time>2026-09-27T00:56:27Z</time></trkpt><trkpt lat="37.57179260253906" lon="127.0279541015625"><ele>18.200000762939453</ele><time>2026-09-27T00:56:28Z</time></trkpt><trkpt lat="37.57176971435547" lon="127.0279541015625"><ele>18.200000762939453</ele><time>2026-09-27T00:56:29Z</time></trkpt><trkpt lat="37.57175064086914" lon="127.0279541015625"><ele>18.200000762939453</ele><time>2026-09-27T00:56:30Z</time></trkpt><trkpt lat="37.57172775268555" lon="127.02794647216797"><ele>18.200000762939453</ele><time>2026-09-27T00:56:31Z</time></trkpt><trkpt lat="37.57170486450195" lon="127.02793884277344"><ele>18.0</ele><time>2026-09-27T00:56:32Z</time></trkpt><trkpt lat="37.57168960571289" lon="127.02794647216797"><ele>18.0</ele><time>2026-09-27T00:56:33Z</time></trkpt><trkpt lat="37.5716667175293" lon="127.02793884277344"><ele>18.0</ele><time>2026-09-27T00:56:34Z</time></trkpt><trkpt lat="37.57164764404297" lon="127.0279312133789"><ele>18.200000762939453</ele><time>2026-09-27T00:56:35Z</time></trkpt><trkpt lat="37.57162857055664" lon="127.0279312133789"><ele>18.200000762939453</ele><time>2026-09-27T00:56:36Z</time></trkpt><trkpt lat="37.57160568237305" lon="127.0279312133789"><ele>18.200000762939453</ele><time>2026-09-27T00:56:37Z</time></trkpt><trkpt lat="37.571590423583984" lon="127.0279312133789"><ele>18.0</ele><time>2026-09-27T00:56:38Z</time></trkpt><trkpt lat="37.57156753540039" lon="127.02792358398438"><ele>18.0</ele><time>2026-09-27T00:56:39Z</time></trkpt><trkpt lat="37.5715446472168" lon="127.02791595458984"><ele>18.0</ele><time>2026-09-27T00:56:40Z</time></trkpt><trkpt lat="37.571529388427734" lon="127.02792358398438"><ele>18.0</ele><time>2026-09-27T00:56:41Z</time></trkpt><trkpt lat="37.57150650024414" lon="127.02791595458984"><ele>18.0</ele><time>2026-09-27T00:56:42Z</time></trkpt><trkpt lat="37.57149124145508" lon="127.02791595458984"><ele>18.0</ele><time>2026-09-27T00:56:43Z</time></trkpt><trkpt lat="37.571475982666016" lon="127.02791595458984"><ele>18.0</ele><time>2026-09-27T00:56:44Z</time></trkpt><trkpt lat="37.571449279785156" lon="127.02790832519531"><ele>18.0</ele><time>2026-09-27T00:56:45Z</time></trkpt><trkpt lat="37.57143783569336" lon="127.02790832519531"><ele>18.0</ele><time>2026-09-27T00:56:46Z</time></trkpt><trkpt lat="37.57141876220703" lon="127.02790832519531"><ele>18.0</ele><time>2026-09-27T00:56:47Z</time></trkpt><trkpt lat="37.57139587402344" lon="127.02790832519531"><ele>18.0</ele><time>2026-09-27T00:56:48Z</time></trkpt><trkpt lat="37.57137680053711" lon="127.02790832519531"><ele>18.0</ele><time>2026-09-27T00:56:49Z</time></trkpt><trkpt lat="37.57135772705078" lon="127.02790832519531"><ele>18.0</ele><time>2026-09-27T00:56:50Z</time></trkpt><trkpt lat="37.57133483886719" lon="127.02791595458984"><ele>18.0</ele><time>2026-09-27T00:56:51Z</time></trkpt><trkpt lat="37.57131576538086" lon="127.02791595458984"><ele>18.200000762939453</ele><time>2026-09-27T00:56:52Z</time></trkpt><trkpt lat="37.5712890625" lon="127.02792358398438"><ele>18.200000762939453</ele><time>2026-09-27T00:56:53Z</time></trkpt><trkpt lat="37.571266174316406" lon="127.02792358398438"><ele>18.0</ele><time>2026-09-27T00:56:54Z</time></trkpt><trkpt lat="37.57124710083008" lon="127.0279312133789"><ele>18.0</ele><time>2026-09-27T00:56:55Z</time></trkpt><trkpt lat="37.571224212646484" lon="127.02793884277344"><ele>18.0</ele><time>2026-09-27T00:56:56Z</time></trkpt><trkpt lat="37.57120895385742" lon="127.02793884277344"><ele>18.0</ele><time>2026-09-27T00:56:57Z</time></trkpt><trkpt lat="37.571189880371094" lon="127.02794647216797"><ele>18.0</ele><time>2026-09-27T00:56:58Z</time></trkpt><trkpt lat="37.571170806884766" lon="127.02794647216797"><ele>18.0</ele><time>2026-09-27T00:56:59Z</time></trkpt><trkpt lat="37.57115173339844" lon="127.02794647216797"><ele>18.0</ele><time>2026-09-27T00:57:00Z</time></trkpt><trkpt lat="37.571128845214844" lon="127.0279541015625"><ele>18.0</ele><time>2026-09-27T00:57:01Z</time></trkpt><trkpt lat="37.571109771728516" lon="127.0279541015625"><ele>18.200000762939453</ele><time>2026-09-27T00:57:02Z</time></trkpt><trkpt lat="37.57109451293945" lon="127.0279541015625"><ele>18.399999618530273</ele><time>2026-09-27T00:57:03Z</time></trkpt><trkpt lat="37.571075439453125" lon="127.0279541015625"><ele>18.600000381469727</ele><time>2026-09-27T00:57:04Z</time></trkpt><trkpt lat="37.5710563659668" lon="127.02796173095703"><ele>18.799999237060547</ele><time>2026-09-27T00:57:05Z</time></trkpt><trkpt lat="37.571044921875" lon="127.02796173095703"><ele>19.200000762939453</ele><time>2026-09-27T00:57:06Z</time></trkpt><trkpt lat="37.57102584838867" lon="127.02796173095703"><ele>19.399999618530273</ele><time>2026-09-27T00:57:07Z</time></trkpt><trkpt lat="37.57100296020508" lon="127.02796173095703"><ele>19.600000381469727</ele><time>2026-09-27T00:57:08Z</time></trkpt><trkpt lat="37.57099151611328" lon="127.02796173095703"><ele>20.0</ele><time>2026-09-27T00:57:09Z</time></trkpt><trkpt lat="37.57096862792969" lon="127.02796936035156"><ele>20.200000762939453</ele><time>2026-09-27T00:57:10Z</time></trkpt><trkpt lat="37.57094192504883" lon="127.0279769897461"><ele>20.399999618530273</ele><time>2026-09-27T00:57:11Z</time></trkpt><trkpt lat="37.57093048095703" lon="127.0279769897461"><ele>20.600000381469727</ele><time>2026-09-27T00:57:12Z</time></trkpt><trkpt lat="37.5709114074707" lon="127.02798461914062"><ele>20.799999237060547</ele><time>2026-09-27T00:57:13Z</time></trkpt><trkpt lat="37.570892333984375" lon="127.02799224853516"><ele>21.0</ele><time>2026-09-27T00:57:14Z</time></trkpt><trkpt lat="37.57088088989258" lon="127.02799987792969"><ele>21.200000762939453</ele><time>2026-09-27T00:57:15Z</time></trkpt><trkpt lat="37.57086181640625" lon="127.02800750732422"><ele>21.600000381469727</ele><time>2026-09-27T00:57:16Z</time></trkpt><trkpt lat="37.57083511352539" lon="127.02801513671875"><ele>21.799999237060547</ele><time>2026-09-27T00:57:17Z</time></trkpt><trkpt lat="37.57081985473633" lon="127.02801513671875"><ele>22.0</ele><time>2026-09-27T00:57:18Z</time></trkpt><trkpt lat="37.57080841064453" lon="127.02802276611328"><ele>22.200000762939453</ele><time>2026-09-27T00:57:19Z</time></trkpt><trkpt lat="37.57079315185547" lon="127.02803802490234"><ele>22.399999618530273</ele><time>2026-09-27T00:57:20Z</time></trkpt><trkpt lat="37.57078552246094" lon="127.0280532836914"><ele>22.399999618530273</ele><time>2026-09-27T00:57:21Z</time></trkpt><trkpt lat="37.57077407836914" lon="127.02806091308594"><ele>22.399999618530273</ele><time>2026-09-27T00:57:22Z</time></trkpt><trkpt lat="37.57075500488281" lon="127.02806091308594"><ele>22.399999618530273</ele><time>2026-09-27T00:57:23Z</time></trkpt><trkpt lat="37.570735931396484" lon="127.02806091308594"><ele>22.200000762939453</ele><time>2026-09-27T00:57:24Z</time></trkpt><trkpt lat="37.57072067260742" lon="127.0280532836914"><ele>22.200000762939453</ele><time>2026-09-27T00:57:25Z</time></trkpt><trkpt lat="37.57071304321289" lon="127.02803039550781"><ele>22.0</ele><time>2026-09-27T00:57:26Z</time></trkpt><trkpt lat="37.570709228515625" lon="127.02800750732422"><ele>22.0</ele><time>2026-09-27T00:57:27Z</time></trkpt><trkpt lat="37.570709228515625" lon="127.02798461914062"><ele>22.0</ele><time>2026-09-27T00:57:28Z</time></trkpt><trkpt lat="37.57071304321289" lon="127.02794647216797"><ele>22.0</ele><time>2026-09-27T00:57:29Z</time></trkpt><trkpt lat="37.57072067260742" lon="127.02791595458984"><ele>22.200000762939453</ele><time>2026-09-27T00:57:30Z</time></trkpt><trkpt lat="37.57072830200195" lon="127.02788543701172"><ele>22.200000762939453</ele><time>2026-09-27T00:57:31Z</time></trkpt><trkpt lat="37.57073974609375" lon="127.02784729003906"><ele>22.200000762939453</ele><time>2026-09-27T00:57:32Z</time></trkpt><trkpt lat="37.57074737548828" lon="127.02782440185547"><ele>22.200000762939453</ele><time>2026-09-27T00:57:33Z</time></trkpt><trkpt lat="37.57075881958008" lon="127.02779388427734"><ele>22.200000762939453</ele><time>2026-09-27T00:57:34Z</time></trkpt><trkpt lat="37.57076644897461" lon="127.02776336669922"><ele>22.200000762939453</ele><time>2026-09-27T00:57:35Z</time></trkpt><trkpt lat="37.570770263671875" lon="127.02774047851562"><ele>22.200000762939453</ele><time>2026-09-27T00:57:36Z</time></trkpt><trkpt lat="37.570777893066406" lon="127.0277099609375"><ele>22.200000762939453</ele><time>2026-09-27T00:57:37Z</time></trkpt><trkpt lat="37.57078552246094" lon="127.0276870727539"><ele>22.200000762939453</ele><time>2026-09-27T00:57:38Z</time></trkpt><trkpt lat="37.5707893371582" lon="127.02766418457031"><ele>22.200000762939453</ele><time>2026-09-27T00:57:39Z</time></trkpt><trkpt lat="37.570796966552734" lon="127.02763366699219"><ele>22.200000762939453</ele><time>2026-09-27T00:57:40Z</time></trkpt><trkpt lat="37.570804595947266" lon="127.0276107788086"><ele>22.200000762939453</ele><time>2026-09-27T00:57:41Z</time></trkpt><trkpt lat="37.57080841064453" lon="127.027587890625"><ele>22.200000762939453</ele><time>2026-09-27T00:57:42Z</time></trkpt><trkpt lat="37.57081985473633" lon="127.0275650024414"><ele>22.0</ele><time>2026-09-27T00:57:43Z</time></trkpt><trkpt lat="37.570823669433594" lon="127.02754211425781"><ele>22.0</ele><time>2026-09-27T00:57:44Z</time></trkpt><trkpt lat="37.57083511352539" lon="127.02751159667969"><ele>21.799999237060547</ele><time>2026-09-27T00:57:45Z</time></trkpt><trkpt lat="37.57085037231445" lon="127.02749633789062"><ele>21.799999237060547</ele><time>2026-09-27T00:57:46Z</time></trkpt><trkpt lat="37.570858001708984" lon="127.02747344970703"><ele>21.799999237060547</ele><time>2026-09-27T00:57:47Z</time></trkpt><trkpt lat="37.57087326049805" lon="127.0274429321289"><ele>21.799999237060547</ele><time>2026-09-27T00:57:48Z</time></trkpt><trkpt lat="37.57087707519531" lon="127.02742767333984"><ele>21.799999237060547</ele><time>2026-09-27T00:57:49Z</time></trkpt><trkpt lat="37.570884704589844" lon="127.02740478515625"><ele>21.799999237060547</ele><time>2026-09-27T00:57:50Z</time></trkpt><trkpt lat="37.57089614868164" lon="127.02737426757812"><ele>21.799999237060547</ele><time>2026-09-27T00:57:51Z</time></trkpt><trkpt lat="37.57090377807617" lon="127.02735137939453"><ele>21.799999237060547</ele><time>2026-09-27T00:57:52Z</time></trkpt><trkpt lat="37.57091522216797" lon="127.02732849121094"><ele>21.799999237060547</ele><time>2026-09-27T00:57:53Z</time></trkpt><trkpt lat="37.570926666259766" lon="127.02730560302734"><ele>21.799999237060547</ele><time>2026-09-27T00:57:54Z</time></trkpt><trkpt lat="37.5709342956543" lon="127.02728271484375"><ele>21.799999237060547</ele><time>2026-09-27T00:57:55Z</time></trkpt><trkpt lat="37.57094192504883" lon="127.02725219726562"><ele>21.799999237060547</ele><time>2026-09-27T00:57:56Z</time></trkpt><trkpt lat="37.57094955444336" lon="127.02723693847656"><ele>21.799999237060547</ele><time>2026-09-27T00:57:57Z</time></trkpt><trkpt lat="37.570953369140625" lon="127.02721405029297"><ele>21.799999237060547</ele><time>2026-09-27T00:57:58Z</time></trkpt><trkpt lat="37.570960998535156" lon="127.02719116210938"><ele>21.799999237060547</ele><time>2026-09-27T00:57:59Z</time></trkpt><trkpt lat="37.57096862792969" lon="127.02717590332031"><ele>21.799999237060547</ele><time>2026-09-27T00:58:00Z</time></trkpt><trkpt lat="37.57097244262695" lon="127.02716064453125"><ele>21.799999237060547</ele><time>2026-09-27T00:58:01Z</time></trkpt><trkpt lat="37.57098388671875" lon="127.02713012695312"><ele>21.799999237060547</ele><time>2026-09-27T00:58:02Z</time></trkpt><trkpt lat="37.570987701416016" lon="127.02711486816406"><ele>21.799999237060547</ele><time>2026-09-27T00:58:03Z</time></trkpt><trkpt lat="37.57099533081055" lon="127.02709197998047"><ele>21.799999237060547</ele><time>2026-09-27T00:58:04Z</time></trkpt><trkpt lat="37.57100296020508" lon="127.02706909179688"><ele>21.799999237060547</ele><time>2026-09-27T00:58:05Z</time></trkpt><trkpt lat="37.57100296020508" lon="127.02704620361328"><ele>21.799999237060547</ele><time>2026-09-27T00:58:06Z</time></trkpt><trkpt lat="37.571014404296875" lon="127.02701568603516"><ele>21.799999237060547</ele><time>2026-09-27T00:58:07Z</time></trkpt><trkpt lat="37.571022033691406" lon="127.0270004272461"><ele>21.799999237060547</ele><time>2026-09-27T00:58:08Z</time></trkpt><trkpt lat="37.571022033691406" lon="127.0269775390625"><ele>21.799999237060547</ele><time>2026-09-27T00:58:09Z</time></trkpt><trkpt lat="37.57102966308594" lon="127.02694702148438"><ele>21.799999237060547</ele><time>2026-09-27T00:58:10Z</time></trkpt><trkpt lat="37.5710334777832" lon="127.02692413330078"><ele>21.799999237060547</ele><time>2026-09-27T00:58:11Z</time></trkpt><trkpt lat="37.571041107177734" lon="127.02690887451172"><ele>21.799999237060547</ele><time>2026-09-27T00:58:12Z</time></trkpt><trkpt lat="37.57081985473633" lon="127.02680206298828"><ele>21.799999237060547</ele><time>2026-09-27T00:58:42Z</time></trkpt><trkpt lat="37.570804595947266" lon="127.02679443359375"><ele>21.799999237060547</ele><time>2026-09-27T00:58:43Z</time></trkpt><trkpt lat="37.57078552246094" lon="127.02678680419922"><ele>21.799999237060547</ele><time>2026-09-27T00:58:44Z</time></trkpt><trkpt lat="37.57076644897461" lon="127.02677917480469"><ele>21.799999237060547</ele><time>2026-09-27T00:58:45Z</time></trkpt><trkpt lat="37.570743560791016" lon="127.02677154541016"><ele>21.799999237060547</ele><time>2026-09-27T00:58:46Z</time></trkpt><trkpt lat="37.57072067260742" lon="127.02676391601562"><ele>21.799999237060547</ele><time>2026-09-27T00:58:47Z</time></trkpt><trkpt lat="37.570701599121094" lon="127.02674865722656"><ele>21.799999237060547</ele><time>2026-09-27T00:58:48Z</time></trkpt><trkpt lat="37.570682525634766" lon="127.02674102783203"><ele>21.799999237060547</ele><time>2026-09-27T00:58:49Z</time></trkpt><trkpt lat="37.570655822753906" lon="127.02672576904297"><ele>21.799999237060547</ele><time>2026-09-27T00:58:50Z</time></trkpt><trkpt lat="37.57063674926758" lon="127.0267105102539"><ele>21.799999237060547</ele><time>2026-09-27T00:58:51Z</time></trkpt><trkpt lat="37.570613861083984" lon="127.02670288085938"><ele>21.600000381469727</ele><time>2026-09-27T00:58:52Z</time></trkpt><trkpt lat="37.57059097290039" lon="127.02668762207031"><ele>21.600000381469727</ele><time>2026-09-27T00:58:53Z</time></trkpt><trkpt lat="37.57057189941406" lon="127.02668762207031"><ele>21.600000381469727</ele><time>2026-09-27T00:58:54Z</time></trkpt><trkpt lat="37.570556640625" lon="127.02669525146484"><ele>21.600000381469727</ele><time>2026-09-27T00:58:55Z</time></trkpt><trkpt lat="37.57054901123047" lon="127.02671813964844"><ele>21.600000381469727</ele><time>2026-09-27T00:58:56Z</time></trkpt><trkpt lat="37.57054901123047" lon="127.0267333984375"><ele>21.600000381469727</ele><time>2026-09-27T00:58:57Z</time></trkpt><trkpt lat="37.5705451965332" lon="127.0267562866211"><ele>21.600000381469727</ele><time>2026-09-27T00:58:58Z</time></trkpt><trkpt lat="37.57054138183594" lon="127.02677917480469"><ele>21.600000381469727</ele><time>2026-09-27T00:58:59Z</time></trkpt><trkpt lat="37.57053756713867" lon="127.02679443359375"><ele>21.600000381469727</ele><time>2026-09-27T00:59:00Z</time></trkpt><trkpt lat="37.57052993774414" lon="127.02681732177734"><ele>21.399999618530273</ele><time>2026-09-27T00:59:01Z</time></trkpt><trkpt lat="37.570526123046875" lon="127.0268325805664"><ele>21.200000762939453</ele><time>2026-09-27T00:59:02Z</time></trkpt><trkpt lat="37.570518493652344" lon="127.02686309814453"><ele>21.0</ele><time>2026-09-27T00:59:03Z</time></trkpt><trkpt lat="37.57051086425781" lon="127.0268783569336"><ele>20.799999237060547</ele><time>2026-09-27T00:59:04Z</time></trkpt><trkpt lat="37.57050704956055" lon="127.02690124511719"><ele>20.799999237060547</ele><time>2026-09-27T00:59:05Z</time></trkpt><trkpt lat="37.570499420166016" lon="127.02692413330078"><ele>20.600000381469727</ele><time>2026-09-27T00:59:06Z</time></trkpt><trkpt lat="37.570491790771484" lon="127.02693939208984"><ele>20.600000381469727</ele><time>2026-09-27T00:59:07Z</time></trkpt><trkpt lat="37.57048034667969" lon="127.02696228027344"><ele>20.399999618530273</ele><time>2026-09-27T00:59:08Z</time></trkpt><trkpt lat="37.57047653198242" lon="127.0269775390625"><ele>20.200000762939453</ele><time>2026-09-27T00:59:09Z</time></trkpt><trkpt lat="37.570472717285156" lon="127.0270004272461"><ele>20.200000762939453</ele><time>2026-09-27T00:59:10Z</time></trkpt><trkpt lat="37.570465087890625" lon="127.02702331542969"><ele>20.0</ele><time>2026-09-27T00:59:11Z</time></trkpt><trkpt lat="37.570465087890625" lon="127.02703857421875"><ele>19.799999237060547</ele><time>2026-09-27T00:59:12Z</time></trkpt><trkpt lat="37.57045364379883" lon="127.02706909179688"><ele>19.600000381469727</ele><time>2026-09-27T00:59:13Z</time></trkpt><trkpt lat="37.57045364379883" lon="127.02708435058594"><ele>19.399999618530273</ele><time>2026-09-27T00:59:14Z</time></trkpt><trkpt lat="37.5704460144043" lon="127.02711486816406"><ele>19.200000762939453</ele><time>2026-09-27T00:59:15Z</time></trkpt><trkpt lat="37.5704345703125" lon="127.02713775634766"><ele>19.200000762939453</ele><time>2026-09-27T00:59:16Z</time></trkpt><trkpt lat="37.5704345703125" lon="127.02716064453125"><ele>19.0</ele><time>2026-09-27T00:59:17Z</time></trkpt><trkpt lat="37.57042694091797" lon="127.02718353271484"><ele>19.0</ele><time>2026-09-27T00:59:18Z</time></trkpt><trkpt lat="37.5704231262207" lon="127.0271987915039"><ele>18.799999237060547</ele><time>2026-09-27T00:59:19Z</time></trkpt><trkpt lat="37.57041931152344" lon="127.0272216796875"><ele>18.600000381469727</ele><time>2026-09-27T00:59:20Z</time></trkpt><trkpt lat="37.570411682128906" lon="127.0272445678711"><ele>18.600000381469727</ele><time>2026-09-27T00:59:21Z</time></trkpt><trkpt lat="37.570411682128906" lon="127.02726745605469"><ele>18.399999618530273</ele><time>2026-09-27T00:59:22Z</time></trkpt><trkpt lat="37.57040023803711" lon="127.02729797363281"><ele>18.200000762939453</ele><time>2026-09-27T00:59:23Z</time></trkpt><trkpt lat="37.57040023803711" lon="127.02731323242188"><ele>18.0</ele><time>2026-09-27T00:59:24Z</time></trkpt><trkpt lat="37.57039260864258" lon="127.02732849121094"><ele>17.799999237060547</ele><time>2026-09-27T00:59:25Z</time></trkpt><trkpt lat="37.57038497924805" lon="127.02735137939453"><ele>17.799999237060547</ele><time>2026-09-27T00:59:26Z</time></trkpt><trkpt lat="37.57038116455078" lon="127.0273666381836"><ele>17.600000381469727</ele><time>2026-09-27T00:59:27Z</time></trkpt><trkpt lat="37.570377349853516" lon="127.02739715576172"><ele>17.399999618530273</ele><time>2026-09-27T00:59:28Z</time></trkpt><trkpt lat="37.570377349853516" lon="127.02742004394531"><ele>17.200000762939453</ele><time>2026-09-27T00:59:29Z</time></trkpt><trkpt lat="37.57036590576172" lon="127.02745056152344"><ele>17.200000762939453</ele><time>2026-09-27T00:59:30Z</time></trkpt><trkpt lat="37.57035827636719" lon="127.0274658203125"><ele>17.0</ele><time>2026-09-27T00:59:31Z</time></trkpt><trkpt lat="37.570350646972656" lon="127.0274887084961"><ele>16.799999237060547</ele><time>2026-09-27T00:59:32Z</time></trkpt><trkpt lat="37.57033920288086" lon="127.02751159667969"><ele>16.799999237060547</ele><time>2026-09-27T00:59:33Z</time></trkpt><trkpt lat="37.57033920288086" lon="127.02753448486328"><ele>16.600000381469727</ele><time>2026-09-27T00:59:34Z</time></trkpt><trkpt lat="37.57033157348633" lon="127.0275650024414"><ele>16.399999618530273</ele><time>2026-09-27T00:59:35Z</time></trkpt><trkpt lat="37.57032775878906" lon="127.02758026123047"><ele>16.200000762939453</ele><time>2026-09-27T00:59:36Z</time></trkpt><trkpt lat="37.57032775878906" lon="127.02760314941406"><ele>16.0</ele><time>2026-09-27T00:59:37Z</time></trkpt><trkpt lat="37.5703239440918" lon="127.02763366699219"><ele>16.0</ele><time>2026-09-27T00:59:38Z</time></trkpt><trkpt lat="37.5703239440918" lon="127.02765655517578"><ele>15.800000190734863</ele><time>2026-09-27T00:59:39Z</time></trkpt><trkpt lat="37.570316314697266" lon="127.0276870727539"><ele>15.800000190734863</ele><time>2026-09-27T00:59:40Z</time></trkpt><trkpt lat="37.5703125" lon="127.02770233154297"><ele>15.800000190734863</ele><time>2026-09-27T00:59:41Z</time></trkpt><trkpt lat="37.570308685302734" lon="127.02772521972656"><ele>15.800000190734863</ele><time>2026-09-27T00:59:42Z</time></trkpt><trkpt lat="37.57029724121094" lon="127.02775573730469"><ele>16.0</ele><time>2026-09-27T00:59:43Z</time></trkpt><trkpt lat="37.57029342651367" lon="127.02777099609375"><ele>16.0</ele><time>2026-09-27T00:59:44Z</time></trkpt><trkpt lat="37.570289611816406" lon="127.02780151367188"><ele>16.0</ele><time>2026-09-27T00:59:45Z</time></trkpt><trkpt lat="37.570281982421875" lon="127.02782440185547"><ele>15.800000190734863</ele><time>2026-09-27T00:59:46Z</time></trkpt><trkpt lat="37.57027816772461" lon="127.02784729003906"><ele>15.800000190734863</ele><time>2026-09-27T00:59:47Z</time></trkpt><trkpt lat="37.57027053833008" lon="127.02787780761719"><ele>15.800000190734863</ele><time>2026-09-27T00:59:48Z</time></trkpt><trkpt lat="37.57026672363281" lon="127.02790069580078"><ele>15.800000190734863</ele><time>2026-09-27T00:59:49Z</time></trkpt><trkpt lat="37.57026290893555" lon="127.02792358398438"><ele>15.800000190734863</ele><time>2026-09-27T00:59:50Z</time></trkpt><trkpt lat="37.57025909423828" lon="127.0279541015625"><ele>15.800000190734863</ele><time>2026-09-27T00:59:51Z</time></trkpt><trkpt lat="37.57025909423828" lon="127.0279769897461"><ele>15.800000190734863</ele><time>2026-09-27T00:59:52Z</time></trkpt><trkpt lat="37.57025146484375" lon="127.02800750732422"><ele>15.800000190734863</ele><time>2026-09-27T00:59:53Z</time></trkpt><trkpt lat="37.57025146484375" lon="127.02803039550781"><ele>15.800000190734863</ele><time>2026-09-27T00:59:54Z</time></trkpt><trkpt lat="37.57024383544922" lon="127.0280532836914"><ele>15.800000190734863</ele><time>2026-09-27T00:59:55Z</time></trkpt><trkpt lat="37.57023239135742" lon="127.028076171875"><ele>15.800000190734863</ele><time>2026-09-27T00:59:56Z</time></trkpt><trkpt lat="37.57023239135742" lon="127.0280990600586"><ele>15.800000190734863</ele><time>2026-09-27T00:59:57Z</time></trkpt><trkpt lat="37.57022476196289" lon="127.02812957763672"><ele>15.800000190734863</ele><time>2026-09-27T00:59:58Z</time></trkpt><trkpt lat="37.57022476196289" lon="127.02815246582031"><ele>15.800000190734863</ele><time>2026-09-27T00:59:59Z</time></trkpt><trkpt lat="37.57021713256836" lon="127.02818298339844"><ele>15.600000381469727</ele><time>2026-09-27T01:00:00Z</time></trkpt><trkpt lat="37.57020568847656" lon="127.0281982421875"><ele>15.600000381469727</ele><time>2026-09-27T01:00:01Z</time></trkpt><trkpt lat="37.57019805908203" lon="127.0282211303711"><ele>15.600000381469727</ele><time>2026-09-27T01:00:02Z</time></trkpt><trkpt lat="37.570186614990234" lon="127.02825164794922"><ele>15.600000381469727</ele><time>2026-09-27T01:00:03Z</time></trkpt><trkpt lat="37.57017135620117" lon="127.02825927734375"><ele>15.600000381469727</ele><time>2026-09-27T01:00:04Z</time></trkpt><trkpt lat="37.57016372680664" lon="127.02828979492188"><ele>15.600000381469727</ele><time>2026-09-27T01:00:05Z</time></trkpt><trkpt lat="37.57015609741211" lon="127.02831268310547"><ele>15.600000381469727</ele><time>2026-09-27T01:00:06Z</time></trkpt><trkpt lat="37.570152282714844" lon="127.02833557128906"><ele>15.600000381469727</ele><time>2026-09-27T01:00:07Z</time></trkpt><trkpt lat="37.57014465332031" lon="127.02836608886719"><ele>15.600000381469727</ele><time>2026-09-27T01:00:08Z</time></trkpt><trkpt lat="37.57014083862305" lon="127.02838134765625"><ele>15.600000381469727</ele><time>2026-09-27T01:00:09Z</time></trkpt><trkpt lat="37.570133209228516" lon="127.02840423583984"><ele>15.600000381469727</ele><time>2026-09-27T01:00:10Z</time></trkpt><trkpt lat="37.570125579833984" lon="127.02843475341797"><ele>15.600000381469727</ele><time>2026-09-27T01:00:11Z</time></trkpt><trkpt lat="37.57012176513672" lon="127.02845764160156"><ele>15.600000381469727</ele><time>2026-09-27T01:00:12Z</time></trkpt><trkpt lat="37.57011032104492" lon="127.02848815917969"><ele>15.600000381469727</ele><time>2026-09-27T01:00:13Z</time></trkpt><trkpt lat="37.570106506347656" lon="127.02850341796875"><ele>15.600000381469727</ele><time>2026-09-27T01:00:14Z</time></trkpt><trkpt lat="37.570098876953125" lon="127.02852630615234"><ele>15.600000381469727</ele><time>2026-09-27T01:00:15Z</time></trkpt><trkpt lat="37.570091247558594" lon="127.02854919433594"><ele>15.600000381469727</ele><time>2026-09-27T01:00:16Z</time></trkpt><trkpt lat="37.570091247558594" lon="127.02857208251953"><ele>15.600000381469727</ele><time>2026-09-27T01:00:17Z</time></trkpt><trkpt lat="37.5700798034668" lon="127.02860260009766"><ele>15.600000381469727</ele><time>2026-09-27T01:00:18Z</time></trkpt><trkpt lat="37.5700798034668" lon="127.02861785888672"><ele>15.600000381469727</ele><time>2026-09-27T01:00:19Z</time></trkpt><trkpt lat="37.57007598876953" lon="127.02864837646484"><ele>15.600000381469727</ele><time>2026-09-27T01:00:20Z</time></trkpt><trkpt lat="37.570072174072266" lon="127.02867126464844"><ele>15.600000381469727</ele><time>2026-09-27T01:00:21Z</time></trkpt><trkpt lat="37.570068359375" lon="127.02870178222656"><ele>15.600000381469727</ele><time>2026-09-27T01:00:22Z</time></trkpt><trkpt lat="37.5700569152832" lon="127.02873229980469"><ele>15.600000381469727</ele><time>2026-09-27T01:00:23Z</time></trkpt><trkpt lat="37.57005310058594" lon="127.02875518798828"><ele>15.600000381469727</ele><time>2026-09-27T01:00:24Z</time></trkpt><trkpt lat="37.57004165649414" lon="127.02877807617188"><ele>15.600000381469727</ele><time>2026-09-27T01:00:25Z</time></trkpt><trkpt lat="37.570030212402344" lon="127.02880096435547"><ele>15.600000381469727</ele><time>2026-09-27T01:00:26Z</time></trkpt><trkpt lat="37.57002639770508" lon="127.02882385253906"><ele>15.600000381469727</ele><time>2026-09-27T01:00:27Z</time></trkpt><trkpt lat="37.57001495361328" lon="127.02885437011719"><ele>15.600000381469727</ele><time>2026-09-27T01:00:28Z</time></trkpt><trkpt lat="37.57000732421875" lon="127.02886962890625"><ele>15.399999618530273</ele><time>2026-09-27T01:00:29Z</time></trkpt><trkpt lat="37.56999588012695" lon="127.02889251708984"><ele>15.600000381469727</ele><time>2026-09-27T01:00:30Z</time></trkpt><trkpt lat="37.569984436035156" lon="127.02891540527344"><ele>15.600000381469727</ele><time>2026-09-27T01:00:31Z</time></trkpt><trkpt lat="37.569976806640625" lon="127.02893829345703"><ele>15.600000381469727</ele><time>2026-09-27T01:00:32Z</time></trkpt><trkpt lat="37.569969177246094" lon="127.02896881103516"><ele>15.600000381469727</ele><time>2026-09-27T01:00:33Z</time></trkpt><trkpt lat="37.56996154785156" lon="127.02898406982422"><ele>15.600000381469727</ele><time>2026-09-27T01:00:34Z</time></trkpt><trkpt lat="37.56995391845703" lon="127.02900695800781"><ele>15.600000381469727</ele><time>2026-09-27T01:00:35Z</time></trkpt><trkpt lat="37.5699462890625" lon="127.02903747558594"><ele>15.600000381469727</ele><time>2026-09-27T01:00:36Z</time></trkpt><trkpt lat="37.56993865966797" lon="127.02906036376953"><ele>15.600000381469727</ele><time>2026-09-27T01:00:37Z</time></trkpt><trkpt lat="37.56992721557617" lon="127.02908325195312"><ele>15.600000381469727</ele><time>2026-09-27T01:00:38Z</time></trkpt><trkpt lat="37.56991958618164" lon="127.02910614013672"><ele>15.399999618530273</ele><time>2026-09-27T01:00:39Z</time></trkpt><trkpt lat="37.569908142089844" lon="127.02912902832031"><ele>15.399999618530273</ele><time>2026-09-27T01:00:40Z</time></trkpt><trkpt lat="37.56990051269531" lon="127.0291519165039"><ele>15.399999618530273</ele><time>2026-09-27T01:00:41Z</time></trkpt><trkpt lat="37.56989669799805" lon="127.02916717529297"><ele>15.399999618530273</ele><time>2026-09-27T01:00:42Z</time></trkpt><trkpt lat="37.56988525390625" lon="127.0291976928711"><ele>15.399999618530273</ele><time>2026-09-27T01:00:43Z</time></trkpt><trkpt lat="37.569881439208984" lon="127.02921295166016"><ele>15.600000381469727</ele><time>2026-09-27T01:00:44Z</time></trkpt><trkpt lat="37.56986999511719" lon="127.02923583984375"><ele>15.600000381469727</ele><time>2026-09-27T01:00:45Z</time></trkpt><trkpt lat="37.56986618041992" lon="127.02926635742188"><ele>15.600000381469727</ele><time>2026-09-27T01:00:46Z</time></trkpt><trkpt lat="37.569862365722656" lon="127.02928161621094"><ele>15.600000381469727</ele><time>2026-09-27T01:00:47Z</time></trkpt><trkpt lat="37.569854736328125" lon="127.02930450439453"><ele>15.600000381469727</ele><time>2026-09-27T01:00:48Z</time></trkpt><trkpt lat="37.56985092163086" lon="127.0293197631836"><ele>15.600000381469727</ele><time>2026-09-27T01:00:49Z</time></trkpt><trkpt lat="37.569847106933594" lon="127.02935028076172"><ele>15.600000381469727</ele><time>2026-09-27T01:00:50Z</time></trkpt><trkpt lat="37.56983947753906" lon="127.02937316894531"><ele>15.399999618530273</ele><time>2026-09-27T01:00:51Z</time></trkpt><trkpt lat="37.5698356628418" lon="127.0293960571289"><ele>15.399999618530273</ele><time>2026-09-27T01:00:52Z</time></trkpt><trkpt lat="37.569828033447266" lon="127.02943420410156"><ele>15.399999618530273</ele><time>2026-09-27T01:00:53Z</time></trkpt><trkpt lat="37.56982421875" lon="127.02945709228516"><ele>15.399999618530273</ele><time>2026-09-27T01:00:54Z</time></trkpt><trkpt lat="37.56981658935547" lon="127.02947998046875"><ele>15.399999618530273</ele><time>2026-09-27T01:00:55Z</time></trkpt><trkpt lat="37.5698127746582" lon="127.02950286865234"><ele>15.399999618530273</ele><time>2026-09-27T01:00:56Z</time></trkpt><trkpt lat="37.56980895996094" lon="127.02953338623047"><ele>15.399999618530273</ele><time>2026-09-27T01:00:57Z</time></trkpt><trkpt lat="37.569801330566406" lon="127.0295639038086"><ele>15.600000381469727</ele><time>2026-09-27T01:00:58Z</time></trkpt><trkpt lat="37.569801330566406" lon="127.02957916259766"><ele>15.600000381469727</ele><time>2026-09-27T01:00:59Z</time></trkpt><trkpt lat="37.56979751586914" lon="127.02960968017578"><ele>15.600000381469727</ele><time>2026-09-27T01:01:00Z</time></trkpt><trkpt lat="37.569793701171875" lon="127.02963256835938"><ele>15.600000381469727</ele><time>2026-09-27T01:01:01Z</time></trkpt><trkpt lat="37.569786071777344" lon="127.0296630859375"><ele>15.600000381469727</ele><time>2026-09-27T01:01:02Z</time></trkpt><trkpt lat="37.56977462768555" lon="127.02969360351562"><ele>15.600000381469727</ele><time>2026-09-27T01:01:03Z</time></trkpt><trkpt lat="37.56977081298828" lon="127.02971649169922"><ele>15.600000381469727</ele><time>2026-09-27T01:01:04Z</time></trkpt><trkpt lat="37.56976318359375" lon="127.02975463867188"><ele>15.600000381469727</ele><time>2026-09-27T01:01:05Z</time></trkpt><trkpt lat="37.569759368896484" lon="127.02977752685547"><ele>15.600000381469727</ele><time>2026-09-27T01:01:06Z</time></trkpt><trkpt lat="37.56975173950195" lon="127.0298080444336"><ele>15.600000381469727</ele><time>2026-09-27T01:01:07Z</time></trkpt><trkpt lat="37.56974411010742" lon="127.02983856201172"><ele>15.600000381469727</ele><time>2026-09-27T01:01:08Z</time></trkpt><trkpt lat="37.569740295410156" lon="127.02986145019531"><ele>15.600000381469727</ele><time>2026-09-27T01:01:09Z</time></trkpt><trkpt lat="37.569725036621094" lon="127.02989196777344"><ele>15.600000381469727</ele><time>2026-09-27T01:01:10Z</time></trkpt><trkpt lat="37.56971740722656" lon="127.02991485595703"><ele>15.600000381469727</ele><time>2026-09-27T01:01:11Z</time></trkpt><trkpt lat="37.5697135925293" lon="127.02994537353516"><ele>15.600000381469727</ele><time>2026-09-27T01:01:12Z</time></trkpt><trkpt lat="37.569705963134766" lon="127.02997589111328"><ele>15.600000381469727</ele><time>2026-09-27T01:01:13Z</time></trkpt><trkpt lat="37.569705963134766" lon="127.02999877929688"><ele>15.600000381469727</ele><time>2026-09-27T01:01:14Z</time></trkpt><trkpt lat="37.5697021484375" lon="127.030029296875"><ele>15.600000381469727</ele><time>2026-09-27T01:01:15Z</time></trkpt><trkpt lat="37.5697021484375" lon="127.0300521850586"><ele>15.600000381469727</ele><time>2026-09-27T01:01:16Z</time></trkpt><trkpt lat="37.5697021484375" lon="127.03007507324219"><ele>15.600000381469727</ele><time>2026-09-27T01:01:17Z</time></trkpt><trkpt lat="37.569698333740234" lon="127.03010559082031"><ele>15.600000381469727</ele><time>2026-09-27T01:01:18Z</time></trkpt><trkpt lat="37.56969451904297" lon="127.0301284790039"><ele>15.600000381469727</ele><time>2026-09-27T01:01:19Z</time></trkpt><trkpt lat="37.569698333740234" lon="127.0301513671875"><ele>15.600000381469727</ele><time>2026-09-27T01:01:20Z</time></trkpt><trkpt lat="37.56969451904297" lon="127.0301742553711"><ele>15.600000381469727</ele><time>2026-09-27T01:01:21Z</time></trkpt><trkpt lat="37.569698333740234" lon="127.03019714355469"><ele>15.800000190734863</ele><time>2026-09-27T01:01:22Z</time></trkpt><trkpt lat="37.569698333740234" lon="127.03022003173828"><ele>15.600000381469727</ele><time>2026-09-27T01:01:23Z</time></trkpt><trkpt lat="37.56969451904297" lon="127.03024291992188"><ele>15.600000381469727</ele><time>2026-09-27T01:01:24Z</time></trkpt><trkpt lat="37.5696907043457" lon="127.03025817871094"><ele>15.600000381469727</ele><time>2026-09-27T01:01:25Z</time></trkpt><trkpt lat="37.5696907043457" lon="127.0302734375"><ele>15.600000381469727</ele><time>2026-09-27T01:01:26Z</time></trkpt><trkpt lat="37.56968688964844" lon="127.03028106689453"><ele>15.600000381469727</ele><time>2026-09-27T01:01:27Z</time></trkpt><trkpt lat="37.56968688964844" lon="127.0302963256836"><ele>15.800000190734863</ele><time>2026-09-27T01:01:28Z</time></trkpt><trkpt lat="37.56968688964844" lon="127.03030395507812"><ele>15.800000190734863</ele><time>2026-09-27T01:01:29Z</time></trkpt><trkpt lat="37.56968307495117" lon="127.03032684326172"><ele>15.800000190734863</ele><time>2026-09-27T01:01:30Z</time></trkpt><trkpt lat="37.56967544555664" lon="127.03035736083984"><ele>15.800000190734863</ele><time>2026-09-27T01:01:31Z</time></trkpt><trkpt lat="37.569664001464844" lon="127.03038787841797"><ele>15.800000190734863</ele><time>2026-09-27T01:01:32Z</time></trkpt><trkpt lat="37.56965637207031" lon="127.03042602539062"><ele>15.800000190734863</ele><time>2026-09-27T01:01:33Z</time></trkpt><trkpt lat="37.56964874267578" lon="127.03044891357422"><ele>15.800000190734863</ele><time>2026-09-27T01:01:34Z</time></trkpt><trkpt lat="37.56964874267578" lon="127.03047943115234"><ele>15.800000190734863</ele><time>2026-09-27T01:01:35Z</time></trkpt><trkpt lat="37.569644927978516" lon="127.030517578125"><ele>15.800000190734863</ele><time>2026-09-27T01:01:36Z</time></trkpt><trkpt lat="37.56964111328125" lon="127.03055572509766"><ele>15.800000190734863</ele><time>2026-09-27T01:01:37Z</time></trkpt><trkpt lat="37.569637298583984" lon="127.03058624267578"><ele>15.800000190734863</ele><time>2026-09-27T01:01:38Z</time></trkpt><trkpt lat="37.56963348388672" lon="127.0306167602539"><ele>15.600000381469727</ele><time>2026-09-27T01:01:39Z</time></trkpt><trkpt lat="37.56962966918945" lon="127.03064727783203"><ele>15.600000381469727</ele><time>2026-09-27T01:01:40Z</time></trkpt><trkpt lat="37.56962585449219" lon="127.03067016601562"><ele>15.600000381469727</ele><time>2026-09-27T01:01:41Z</time></trkpt><trkpt lat="37.56962585449219" lon="127.03069305419922"><ele>15.600000381469727</ele><time>2026-09-27T01:01:42Z</time></trkpt><trkpt lat="37.56962966918945" lon="127.03072357177734"><ele>15.600000381469727</ele><time>2026-09-27T01:01:43Z</time></trkpt><trkpt lat="37.56962585449219" lon="127.03074645996094"><ele>15.600000381469727</ele><time>2026-09-27T01:01:44Z</time></trkpt><trkpt lat="37.56962585449219" lon="127.03076171875"><ele>15.600000381469727</ele><time>2026-09-27T01:01:45Z</time></trkpt><trkpt lat="37.56962585449219" lon="127.0307846069336"><ele>15.600000381469727</ele><time>2026-09-27T01:01:46Z</time></trkpt><trkpt lat="37.56962585449219" lon="127.03080749511719"><ele>15.600000381469727</ele><time>2026-09-27T01:01:47Z</time></trkpt><trkpt lat="37.56962585449219" lon="127.03083801269531"><ele>15.600000381469727</ele><time>2026-09-27T01:01:48Z</time></trkpt><trkpt lat="37.56962203979492" lon="127.0308609008789"><ele>15.600000381469727</ele><time>2026-09-27T01:01:49Z</time></trkpt><trkpt lat="37.56962585449219" lon="127.0308837890625"><ele>15.399999618530273</ele><time>2026-09-27T01:01:50Z</time></trkpt><trkpt lat="37.56962585449219" lon="127.03091430664062"><ele>15.399999618530273</ele><time>2026-09-27T01:01:51Z</time></trkpt><trkpt lat="37.56962966918945" lon="127.03092956542969"><ele>15.600000381469727</ele><time>2026-09-27T01:01:52Z</time></trkpt><trkpt lat="37.56963348388672" lon="127.03096008300781"><ele>15.600000381469727</ele><time>2026-09-27T01:01:53Z</time></trkpt><trkpt lat="37.569637298583984" lon="127.0309829711914"><ele>15.600000381469727</ele><time>2026-09-27T01:01:54Z</time></trkpt><trkpt lat="37.569637298583984" lon="127.031005859375"><ele>15.600000381469727</ele><time>2026-09-27T01:01:55Z</time></trkpt><trkpt lat="37.56964111328125" lon="127.0310287475586"><ele>15.600000381469727</ele><time>2026-09-27T01:01:56Z</time></trkpt><trkpt lat="37.56964111328125" lon="127.03105163574219"><ele>15.600000381469727</ele><time>2026-09-27T01:01:57Z</time></trkpt><trkpt lat="37.569644927978516" lon="127.03107452392578"><ele>15.600000381469727</ele><time>2026-09-27T01:01:58Z</time></trkpt><trkpt lat="37.569644927978516" lon="127.03111267089844"><ele>15.600000381469727</ele><time>2026-09-27T01:01:59Z</time></trkpt><trkpt lat="37.56964874267578" lon="127.03113555908203"><ele>15.600000381469727</ele><time>2026-09-27T01:02:00Z</time></trkpt><trkpt lat="37.56965255737305" lon="127.03115844726562"><ele>15.600000381469727</ele><time>2026-09-27T01:02:01Z</time></trkpt><trkpt lat="37.56965255737305" lon="127.03118133544922"><ele>15.600000381469727</ele><time>2026-09-27T01:02:02Z</time></trkpt><trkpt lat="37.56965637207031" lon="127.03120422363281"><ele>15.600000381469727</ele><time>2026-09-27T01:02:03Z</time></trkpt><trkpt lat="37.56966018676758" lon="127.03123474121094"><ele>15.800000190734863</ele><time>2026-09-27T01:02:04Z</time></trkpt><trkpt lat="37.56966018676758" lon="127.03125762939453"><ele>15.800000190734863</ele><time>2026-09-27T01:02:05Z</time></trkpt><trkpt lat="37.569664001464844" lon="127.0312728881836"><ele>15.800000190734863</ele><time>2026-09-27T01:02:06Z</time></trkpt><trkpt lat="37.569664001464844" lon="127.03130340576172"><ele>15.800000190734863</ele><time>2026-09-27T01:02:07Z</time></trkpt><trkpt lat="37.56966781616211" lon="127.03132629394531"><ele>15.800000190734863</ele><time>2026-09-27T01:02:08Z</time></trkpt><trkpt lat="37.569671630859375" lon="127.03134155273438"><ele>15.800000190734863</ele><time>2026-09-27T01:02:09Z</time></trkpt><trkpt lat="37.569671630859375" lon="127.0313720703125"><ele>15.800000190734863</ele><time>2026-09-27T01:02:10Z</time></trkpt><trkpt lat="37.56967544555664" lon="127.03138732910156"><ele>15.800000190734863</ele><time>2026-09-27T01:02:11Z</time></trkpt><trkpt lat="37.569679260253906" lon="127.03141784667969"><ele>15.800000190734863</ele><time>2026-09-27T01:02:12Z</time></trkpt><trkpt lat="37.569679260253906" lon="127.03143310546875"><ele>16.0</ele><time>2026-09-27T01:02:13Z</time></trkpt><trkpt lat="37.56968307495117" lon="127.03146362304688"><ele>15.800000190734863</ele><time>2026-09-27T01:02:14Z</time></trkpt><trkpt lat="37.56968688964844" lon="127.03148651123047"><ele>15.800000190734863</ele><time>2026-09-27T01:02:15Z</time></trkpt><trkpt lat="37.5696907043457" lon="127.03150939941406"><ele>15.800000190734863</ele><time>2026-09-27T01:02:16Z</time></trkpt><trkpt lat="37.56969451904297" lon="127.03153991699219"><ele>15.800000190734863</ele><time>2026-09-27T01:02:17Z</time></trkpt><trkpt lat="37.569698333740234" lon="127.03156280517578"><ele>15.800000190734863</ele><time>2026-09-27T01:02:18Z</time></trkpt><trkpt lat="37.5697021484375" lon="127.03157806396484"><ele>15.800000190734863</ele><time>2026-09-27T01:02:19Z</time></trkpt><trkpt lat="37.569705963134766" lon="127.03160858154297"><ele>15.800000190734863</ele><time>2026-09-27T01:02:20Z</time></trkpt><trkpt lat="37.56970977783203" lon="127.03163146972656"><ele>15.800000190734863</ele><time>2026-09-27T01:02:21Z</time></trkpt><trkpt lat="37.56971740722656" lon="127.03165435791016"><ele>15.800000190734863</ele><time>2026-09-27T01:02:22Z</time></trkpt><trkpt lat="37.56972122192383" lon="127.03167724609375"><ele>15.800000190734863</ele><time>2026-09-27T01:02:23Z</time></trkpt><trkpt lat="37.569725036621094" lon="127.03169250488281"><ele>15.800000190734863</ele><time>2026-09-27T01:02:24Z</time></trkpt><trkpt lat="37.569732666015625" lon="127.03172302246094"><ele>15.800000190734863</ele><time>2026-09-27T01:02:25Z</time></trkpt><trkpt lat="37.569740295410156" lon="127.03174591064453"><ele>15.800000190734863</ele><time>2026-09-27T01:02:26Z</time></trkpt><trkpt lat="37.56974411010742" lon="127.03176879882812"><ele>15.800000190734863</ele><time>2026-09-27T01:02:27Z</time></trkpt><trkpt lat="37.56975173950195" lon="127.03179931640625"><ele>16.0</ele><time>2026-09-27T01:02:28Z</time></trkpt><trkpt lat="37.56975555419922" lon="127.03181457519531"><ele>16.0</ele><time>2026-09-27T01:02:29Z</time></trkpt><trkpt lat="37.56976318359375" lon="127.0318374633789"><ele>15.800000190734863</ele><time>2026-09-27T01:02:30Z</time></trkpt><trkpt lat="37.56977081298828" lon="127.03186798095703"><ele>15.800000190734863</ele><time>2026-09-27T01:02:31Z</time></trkpt><trkpt lat="37.56977462768555" lon="127.0318832397461"><ele>15.800000190734863</ele><time>2026-09-27T01:02:32Z</time></trkpt><trkpt lat="37.569786071777344" lon="127.03191375732422"><ele>15.800000190734863</ele><time>2026-09-27T01:02:33Z</time></trkpt><trkpt lat="37.569793701171875" lon="127.03193664550781"><ele>15.800000190734863</ele><time>2026-09-27T01:02:34Z</time></trkpt><trkpt lat="37.56980895996094" lon="127.03195190429688"><ele>15.800000190734863</ele><time>2026-09-27T01:02:35Z</time></trkpt><trkpt lat="37.5698127746582" lon="127.03197479248047"><ele>15.800000190734863</ele><time>2026-09-27T01:02:36Z</time></trkpt><trkpt lat="37.56982421875" lon="127.03199768066406"><ele>16.0</ele><time>2026-09-27T01:02:37Z</time></trkpt><trkpt lat="37.56983184814453" lon="127.03202056884766"><ele>15.800000190734863</ele><time>2026-09-27T01:02:38Z</time></trkpt><trkpt lat="37.56984329223633" lon="127.03205108642578"><ele>15.800000190734863</ele><time>2026-09-27T01:02:39Z</time></trkpt><trkpt lat="37.569854736328125" lon="127.03207397460938"><ele>15.800000190734863</ele><time>2026-09-27T01:02:40Z</time></trkpt><trkpt lat="37.56986618041992" lon="127.0321044921875"><ele>15.800000190734863</ele><time>2026-09-27T01:02:41Z</time></trkpt><trkpt lat="37.56987380981445" lon="127.03211975097656"><ele>15.800000190734863</ele><time>2026-09-27T01:02:42Z</time></trkpt><trkpt lat="37.56988525390625" lon="127.03214263916016"><ele>15.800000190734863</ele><time>2026-09-27T01:02:43Z</time></trkpt><trkpt lat="37.56989669799805" lon="127.03217315673828"><ele>15.800000190734863</ele><time>2026-09-27T01:02:44Z</time></trkpt><trkpt lat="37.56990051269531" lon="127.03218841552734"><ele>15.800000190734863</ele><time>2026-09-27T01:02:45Z</time></trkpt><trkpt lat="37.56991195678711" lon="127.03221893310547"><ele>15.800000190734863</ele><time>2026-09-27T01:02:46Z</time></trkpt><trkpt lat="37.56991958618164" lon="127.03224182128906"><ele>15.800000190734863</ele><time>2026-09-27T01:02:47Z</time></trkpt><trkpt lat="37.56993103027344" lon="127.03225708007812"><ele>15.800000190734863</ele><time>2026-09-27T01:02:48Z</time></trkpt><trkpt lat="37.56993865966797" lon="127.03228759765625"><ele>15.800000190734863</ele><time>2026-09-27T01:02:49Z</time></trkpt><trkpt lat="37.569950103759766" lon="127.03230285644531"><ele>15.800000190734863</ele><time>2026-09-27T01:02:50Z</time></trkpt><trkpt lat="37.5699577331543" lon="127.0323257446289"><ele>15.800000190734863</ele><time>2026-09-27T01:02:51Z</time></trkpt><trkpt lat="37.56996536254883" lon="127.0323486328125"><ele>15.800000190734863</ele><time>2026-09-27T01:02:52Z</time></trkpt><trkpt lat="37.569976806640625" lon="127.0323715209961"><ele>15.800000190734863</ele><time>2026-09-27T01:02:53Z</time></trkpt><trkpt lat="37.56998825073242" lon="127.03239440917969"><ele>15.800000190734863</ele><time>2026-09-27T01:02:54Z</time></trkpt><trkpt lat="37.56999588012695" lon="127.03241729736328"><ele>15.800000190734863</ele><time>2026-09-27T01:02:55Z</time></trkpt><trkpt lat="37.57000732421875" lon="127.03244018554688"><ele>15.800000190734863</ele><time>2026-09-27T01:02:56Z</time></trkpt><trkpt lat="37.57001876831055" lon="127.032470703125"><ele>15.800000190734863</ele><time>2026-09-27T01:02:57Z</time></trkpt><trkpt lat="37.57002639770508" lon="127.03248596191406"><ele>15.800000190734863</ele><time>2026-09-27T01:02:58Z</time></trkpt><trkpt lat="37.57004165649414" lon="127.03250885009766"><ele>15.800000190734863</ele><time>2026-09-27T01:02:59Z</time></trkpt><trkpt lat="37.57004928588867" lon="127.03253173828125"><ele>15.800000190734863</ele><time>2026-09-27T01:03:00Z</time></trkpt><trkpt lat="37.57006072998047" lon="127.03255462646484"><ele>15.800000190734863</ele><time>2026-09-27T01:03:01Z</time></trkpt><trkpt lat="37.570072174072266" lon="127.03258514404297"><ele>15.800000190734863</ele><time>2026-09-27T01:03:02Z</time></trkpt><trkpt lat="37.57008361816406" lon="127.03260040283203"><ele>15.800000190734863</ele><time>2026-09-27T01:03:03Z</time></trkpt><trkpt lat="37.57009506225586" lon="127.03262329101562"><ele>15.800000190734863</ele><time>2026-09-27T01:03:04Z</time></trkpt><trkpt lat="37.570106506347656" lon="127.03264617919922"><ele>15.800000190734863</ele><time>2026-09-27T01:03:05Z</time></trkpt><trkpt lat="37.57011795043945" lon="127.03265380859375"><ele>15.800000190734863</ele><time>2026-09-27T01:03:06Z</time></trkpt><trkpt lat="37.57012939453125" lon="127.03267669677734"><ele>15.800000190734863</ele><time>2026-09-27T01:03:07Z</time></trkpt><trkpt lat="37.57014083862305" lon="127.03269958496094"><ele>15.800000190734863</ele><time>2026-09-27T01:03:08Z</time></trkpt><trkpt lat="37.57015609741211" lon="127.03271484375"><ele>15.800000190734863</ele><time>2026-09-27T01:03:09Z</time></trkpt><trkpt lat="37.57017135620117" lon="127.03273010253906"><ele>15.800000190734863</ele><time>2026-09-27T01:03:10Z</time></trkpt><trkpt lat="37.57018280029297" lon="127.03274536132812"><ele>15.800000190734863</ele><time>2026-09-27T01:03:11Z</time></trkpt><trkpt lat="37.5702018737793" lon="127.03276824951172"><ele>15.800000190734863</ele><time>2026-09-27T01:03:12Z</time></trkpt><trkpt lat="37.570220947265625" lon="127.03279113769531"><ele>16.0</ele><time>2026-09-27T01:03:13Z</time></trkpt><trkpt lat="37.57024002075195" lon="127.03279113769531"><ele>16.0</ele><time>2026-09-27T01:03:14Z</time></trkpt><trkpt lat="37.570255279541016" lon="127.0328140258789"><ele>16.0</ele><time>2026-09-27T01:03:15Z</time></trkpt><trkpt lat="37.57027053833008" lon="127.03282928466797"><ele>16.0</ele><time>2026-09-27T01:03:16Z</time></trkpt><trkpt lat="37.57028579711914" lon="127.03284454345703"><ele>16.0</ele><time>2026-09-27T01:03:17Z</time></trkpt><trkpt lat="37.57030487060547" lon="127.0328598022461"><ele>16.0</ele><time>2026-09-27T01:03:18Z</time></trkpt><trkpt lat="37.5703239440918" lon="127.03288269042969"><ele>16.0</ele><time>2026-09-27T01:03:19Z</time></trkpt><trkpt lat="37.570335388183594" lon="127.03289794921875"><ele>16.0</ele><time>2026-09-27T01:03:20Z</time></trkpt><trkpt lat="37.57034683227539" lon="127.03292083740234"><ele>16.0</ele><time>2026-09-27T01:03:21Z</time></trkpt><trkpt lat="37.57036209106445" lon="127.0329360961914"><ele>16.0</ele><time>2026-09-27T01:03:22Z</time></trkpt><trkpt lat="37.57038116455078" lon="127.032958984375"><ele>15.800000190734863</ele><time>2026-09-27T01:03:23Z</time></trkpt><trkpt lat="37.570396423339844" lon="127.0329818725586"><ele>15.800000190734863</ele><time>2026-09-27T01:03:24Z</time></trkpt><trkpt lat="37.57041549682617" lon="127.03299713134766"><ele>15.800000190734863</ele><time>2026-09-27T01:03:25Z</time></trkpt><trkpt lat="37.570438385009766" lon="127.03301239013672"><ele>15.800000190734863</ele><time>2026-09-27T01:03:26Z</time></trkpt><trkpt lat="37.57044982910156" lon="127.03302764892578"><ele>15.800000190734863</ele><time>2026-09-27T01:03:27Z</time></trkpt><trkpt lat="37.570465087890625" lon="127.03305053710938"><ele>15.800000190734863</ele><time>2026-09-27T01:03:28Z</time></trkpt><trkpt lat="37.57048034667969" lon="127.03307342529297"><ele>15.800000190734863</ele><time>2026-09-27T01:03:29Z</time></trkpt><trkpt lat="37.57049560546875" lon="127.03308868408203"><ele>15.800000190734863</ele><time>2026-09-27T01:03:30Z</time></trkpt><trkpt lat="37.57051086425781" lon="127.03311157226562"><ele>15.800000190734863</ele><time>2026-09-27T01:03:31Z</time></trkpt><trkpt lat="37.570518493652344" lon="127.03312683105469"><ele>15.800000190734863</ele><time>2026-09-27T01:03:32Z</time></trkpt><trkpt lat="37.570533752441406" lon="127.03314971923828"><ele>15.800000190734863</ele><time>2026-09-27T01:03:33Z</time></trkpt><trkpt lat="37.5705451965332" lon="127.03317260742188"><ele>15.800000190734863</ele><time>2026-09-27T01:03:34Z</time></trkpt><trkpt lat="37.570552825927734" lon="127.0331802368164"><ele>15.800000190734863</ele><time>2026-09-27T01:03:35Z</time></trkpt><trkpt lat="37.57056427001953" lon="127.033203125"><ele>15.800000190734863</ele><time>2026-09-27T01:03:36Z</time></trkpt><trkpt lat="37.5705680847168" lon="127.03321838378906"><ele>15.800000190734863</ele><time>2026-09-27T01:03:37Z</time></trkpt><trkpt lat="37.57057571411133" lon="127.03323364257812"><ele>15.800000190734863</ele><time>2026-09-27T01:03:38Z</time></trkpt><trkpt lat="37.57059097290039" lon="127.03325653076172"><ele>15.800000190734863</ele><time>2026-09-27T01:03:39Z</time></trkpt><trkpt lat="37.57059860229492" lon="127.03327941894531"><ele>15.800000190734863</ele><time>2026-09-27T01:03:40Z</time></trkpt><trkpt lat="37.57060623168945" lon="127.0333023071289"><ele>15.800000190734863</ele><time>2026-09-27T01:03:41Z</time></trkpt><trkpt lat="37.57061767578125" lon="127.0333251953125"><ele>15.800000190734863</ele><time>2026-09-27T01:03:42Z</time></trkpt><trkpt lat="37.57062911987305" lon="127.03334045410156"><ele>15.800000190734863</ele><time>2026-09-27T01:03:43Z</time></trkpt><trkpt lat="37.570640563964844" lon="127.03336334228516"><ele>15.800000190734863</ele><time>2026-09-27T01:03:44Z</time></trkpt><trkpt lat="37.57064437866211" lon="127.03337860107422"><ele>15.800000190734863</ele><time>2026-09-27T01:03:45Z</time></trkpt><trkpt lat="37.57065200805664" lon="127.03339385986328"><ele>15.800000190734863</ele><time>2026-09-27T01:03:46Z</time></trkpt><trkpt lat="37.57066345214844" lon="127.03341674804688"><ele>15.800000190734863</ele><time>2026-09-27T01:03:47Z</time></trkpt><trkpt lat="37.5706672668457" lon="127.03343200683594"><ele>15.800000190734863</ele><time>2026-09-27T01:03:48Z</time></trkpt><trkpt lat="37.5706787109375" lon="127.03345489501953"><ele>15.800000190734863</ele><time>2026-09-27T01:03:49Z</time></trkpt><trkpt lat="37.57068634033203" lon="127.03347778320312"><ele>15.800000190734863</ele><time>2026-09-27T01:03:50Z</time></trkpt><trkpt lat="37.57069396972656" lon="127.03349304199219"><ele>15.800000190734863</ele><time>2026-09-27T01:03:51Z</time></trkpt><trkpt lat="37.570709228515625" lon="127.03352355957031"><ele>15.800000190734863</ele><time>2026-09-27T01:03:52Z</time></trkpt><trkpt lat="37.570716857910156" lon="127.03353881835938"><ele>15.600000381469727</ele><time>2026-09-27T01:03:53Z</time></trkpt><trkpt lat="37.57072830200195" lon="127.03355407714844"><ele>15.600000381469727</ele><time>2026-09-27T01:03:54Z</time></trkpt><trkpt lat="37.57073974609375" lon="127.03357696533203"><ele>15.600000381469727</ele><time>2026-09-27T01:03:55Z</time></trkpt><trkpt lat="37.57074737548828" lon="127.0335922241211"><ele>15.600000381469727</ele><time>2026-09-27T01:03:56Z</time></trkpt><trkpt lat="37.570762634277344" lon="127.03360748291016"><ele>15.399999618530273</ele><time>2026-09-27T01:03:57Z</time></trkpt><trkpt lat="37.570777893066406" lon="127.03362274169922"><ele>15.399999618530273</ele><time>2026-09-27T01:03:58Z</time></trkpt><trkpt lat="37.5707893371582" lon="127.03364562988281"><ele>15.399999618530273</ele><time>2026-09-27T01:03:59Z</time></trkpt><trkpt lat="37.570804595947266" lon="127.0336685180664"><ele>15.399999618530273</ele><time>2026-09-27T01:04:00Z</time></trkpt><trkpt lat="37.57081604003906" lon="127.03368377685547"><ele>15.399999618530273</ele><time>2026-09-27T01:04:01Z</time></trkpt><trkpt lat="37.57082748413086" lon="127.0337142944336"><ele>15.399999618530273</ele><time>2026-09-27T01:04:02Z</time></trkpt><trkpt lat="37.570838928222656" lon="127.03372955322266"><ele>15.600000381469727</ele><time>2026-09-27T01:04:03Z</time></trkpt><trkpt lat="37.57085037231445" lon="127.03374481201172"><ele>15.600000381469727</ele><time>2026-09-27T01:04:04Z</time></trkpt><trkpt lat="37.570865631103516" lon="127.03376770019531"><ele>15.600000381469727</ele><time>2026-09-27T01:04:05Z</time></trkpt><trkpt lat="37.57088088989258" lon="127.03378295898438"><ele>15.600000381469727</ele><time>2026-09-27T01:04:06Z</time></trkpt><trkpt lat="37.57089614868164" lon="127.03380584716797"><ele>15.600000381469727</ele><time>2026-09-27T01:04:07Z</time></trkpt><trkpt lat="37.57090759277344" lon="127.03382873535156"><ele>15.600000381469727</ele><time>2026-09-27T01:04:08Z</time></trkpt><trkpt lat="37.570919036865234" lon="127.03384399414062"><ele>15.600000381469727</ele><time>2026-09-27T01:04:09Z</time></trkpt><trkpt lat="37.57093048095703" lon="127.03386688232422"><ele>15.600000381469727</ele><time>2026-09-27T01:04:10Z</time></trkpt><trkpt lat="37.57093811035156" lon="127.03388214111328"><ele>15.600000381469727</ele><time>2026-09-27T01:04:11Z</time></trkpt><trkpt lat="37.57094955444336" lon="127.0339126586914"><ele>15.600000381469727</ele><time>2026-09-27T01:04:12Z</time></trkpt><trkpt lat="37.570960998535156" lon="127.03392791748047"><ele>15.600000381469727</ele><time>2026-09-27T01:04:13Z</time></trkpt><trkpt lat="37.57097625732422" lon="127.0339584350586"><ele>15.800000190734863</ele><time>2026-09-27T01:04:14Z</time></trkpt><trkpt lat="37.570987701416016" lon="127.03398132324219"><ele>15.800000190734863</ele><time>2026-09-27T01:04:15Z</time></trkpt><trkpt lat="37.57099914550781" lon="127.03398895263672"><ele>15.800000190734863</ele><time>2026-09-27T01:04:16Z</time></trkpt><trkpt lat="37.571014404296875" lon="127.03401947021484"><ele>15.800000190734863</ele><time>2026-09-27T01:04:17Z</time></trkpt><trkpt lat="37.57102584838867" lon="127.0340347290039"><ele>15.800000190734863</ele><time>2026-09-27T01:04:18Z</time></trkpt><trkpt lat="37.57103729248047" lon="127.0340576171875"><ele>15.800000190734863</ele><time>2026-09-27T01:04:19Z</time></trkpt><trkpt lat="37.57105255126953" lon="127.0340805053711"><ele>15.600000381469727</ele><time>2026-09-27T01:04:20Z</time></trkpt><trkpt lat="37.57106018066406" lon="127.03409576416016"><ele>15.600000381469727</ele><time>2026-09-27T01:04:21Z</time></trkpt><trkpt lat="37.571075439453125" lon="127.03411865234375"><ele>15.600000381469727</ele><time>2026-09-27T01:04:22Z</time></trkpt><trkpt lat="37.57108688354492" lon="127.03414154052734"><ele>15.600000381469727</ele><time>2026-09-27T01:04:23Z</time></trkpt><trkpt lat="37.571102142333984" lon="127.03414916992188"><ele>15.600000381469727</ele><time>2026-09-27T01:04:24Z</time></trkpt><trkpt lat="37.57111740112305" lon="127.03417205810547"><ele>15.600000381469727</ele><time>2026-09-27T01:04:25Z</time></trkpt><trkpt lat="37.571128845214844" lon="127.03418731689453"><ele>15.600000381469727</ele><time>2026-09-27T01:04:26Z</time></trkpt><trkpt lat="37.57114028930664" lon="127.0342025756836"><ele>15.600000381469727</ele><time>2026-09-27T01:04:27Z</time></trkpt><trkpt lat="37.5711555480957" lon="127.03422546386719"><ele>15.600000381469727</ele><time>2026-09-27T01:04:28Z</time></trkpt><trkpt lat="37.5711669921875" lon="127.03423309326172"><ele>15.600000381469727</ele><time>2026-09-27T01:04:29Z</time></trkpt><trkpt lat="37.5711784362793" lon="127.03425598144531"><ele>15.600000381469727</ele><time>2026-09-27T01:04:30Z</time></trkpt><trkpt lat="37.57119369506836" lon="127.03427124023438"><ele>15.600000381469727</ele><time>2026-09-27T01:04:31Z</time></trkpt><trkpt lat="37.57120132446289" lon="127.0342788696289"><ele>15.600000381469727</ele><time>2026-09-27T01:04:32Z</time></trkpt><trkpt lat="37.57121658325195" lon="127.0343017578125"><ele>15.600000381469727</ele><time>2026-09-27T01:04:33Z</time></trkpt><trkpt lat="37.571224212646484" lon="127.03431701660156"><ele>15.600000381469727</ele><time>2026-09-27T01:04:34Z</time></trkpt><trkpt lat="37.57123565673828" lon="127.0343246459961"><ele>15.600000381469727</ele><time>2026-09-27T01:04:35Z</time></trkpt><trkpt lat="37.57125473022461" lon="127.03434753417969"><ele>15.600000381469727</ele><time>2026-09-27T01:04:36Z</time></trkpt><trkpt lat="37.571266174316406" lon="127.03436279296875"><ele>15.600000381469727</ele><time>2026-09-27T01:04:37Z</time></trkpt><trkpt lat="37.5712776184082" lon="127.03437805175781"><ele>15.399999618530273</ele><time>2026-09-27T01:04:38Z</time></trkpt><trkpt lat="37.57129669189453" lon="127.0344009399414"><ele>15.399999618530273</ele><time>2026-09-27T01:04:39Z</time></trkpt><trkpt lat="37.57130432128906" lon="127.03441619873047"><ele>15.399999618530273</ele><time>2026-09-27T01:04:40Z</time></trkpt><trkpt lat="37.571319580078125" lon="127.03443145751953"><ele>15.399999618530273</ele><time>2026-09-27T01:04:41Z</time></trkpt><trkpt lat="37.57133865356445" lon="127.03446197509766"><ele>15.399999618530273</ele><time>2026-09-27T01:04:42Z</time></trkpt><trkpt lat="37.571346282958984" lon="127.03446960449219"><ele>15.399999618530273</ele><time>2026-09-27T01:04:43Z</time></trkpt><trkpt lat="37.57136154174805" lon="127.03450012207031"><ele>15.600000381469727</ele><time>2026-09-27T01:04:44Z</time></trkpt><trkpt lat="37.571380615234375" lon="127.0345230102539"><ele>15.399999618530273</ele><time>2026-09-27T01:04:45Z</time></trkpt><trkpt lat="37.57139587402344" lon="127.03453826904297"><ele>15.399999618530273</ele><time>2026-09-27T01:04:46Z</time></trkpt><trkpt lat="37.571407318115234" lon="127.03456115722656"><ele>15.399999618530273</ele><time>2026-09-27T01:04:47Z</time></trkpt><trkpt lat="37.571414947509766" lon="127.03458404541016"><ele>15.399999618530273</ele><time>2026-09-27T01:04:48Z</time></trkpt><trkpt lat="37.57142639160156" lon="127.03459167480469"><ele>15.399999618530273</ele><time>2026-09-27T01:04:49Z</time></trkpt><trkpt lat="37.571441650390625" lon="127.03462219238281"><ele>15.399999618530273</ele><time>2026-09-27T01:04:50Z</time></trkpt><trkpt lat="37.571449279785156" lon="127.03463745117188"><ele>15.399999618530273</ele><time>2026-09-27T01:04:51Z</time></trkpt><trkpt lat="37.57146072387695" lon="127.03466033935547"><ele>15.399999618530273</ele><time>2026-09-27T01:04:52Z</time></trkpt><trkpt lat="37.571475982666016" lon="127.03468322753906"><ele>15.399999618530273</ele><time>2026-09-27T01:04:53Z</time></trkpt><trkpt lat="37.57148742675781" lon="127.03469848632812"><ele>15.399999618530273</ele><time>2026-09-27T01:04:54Z</time></trkpt><trkpt lat="37.57149887084961" lon="127.03472900390625"><ele>15.399999618530273</ele><time>2026-09-27T01:04:55Z</time></trkpt><trkpt lat="37.57151412963867" lon="127.03475189208984"><ele>15.600000381469727</ele><time>2026-09-27T01:04:56Z</time></trkpt><trkpt lat="37.5715217590332" lon="127.0347671508789"><ele>15.600000381469727</ele><time>2026-09-27T01:04:57Z</time></trkpt><trkpt lat="37.571529388427734" lon="127.0347900390625"><ele>15.600000381469727</ele><time>2026-09-27T01:04:58Z</time></trkpt><trkpt lat="37.571533203125" lon="127.0348129272461"><ele>15.399999618530273</ele><time>2026-09-27T01:04:59Z</time></trkpt><trkpt lat="37.57154083251953" lon="127.03482818603516"><ele>15.399999618530273</ele><time>2026-09-27T01:05:00Z</time></trkpt><trkpt lat="37.57154846191406" lon="127.03484344482422"><ele>15.399999618530273</ele><time>2026-09-27T01:05:01Z</time></trkpt><trkpt lat="37.57155990600586" lon="127.03486633300781"><ele>15.399999618530273</ele><time>2026-09-27T01:05:02Z</time></trkpt><trkpt lat="37.571571350097656" lon="127.03488159179688"><ele>15.399999618530273</ele><time>2026-09-27T01:05:03Z</time></trkpt><trkpt lat="37.57158279418945" lon="127.03489685058594"><ele>15.399999618530273</ele><time>2026-09-27T01:05:04Z</time></trkpt><trkpt lat="37.571590423583984" lon="127.03489685058594"><ele>15.399999618530273</ele><time>2026-09-27T01:05:05Z</time></trkpt><trkpt lat="37.57160568237305" lon="127.03491973876953"><ele>15.399999618530273</ele><time>2026-09-27T01:05:06Z</time></trkpt><trkpt lat="37.571617126464844" lon="127.03494262695312"><ele>15.399999618530273</ele><time>2026-09-27T01:05:07Z</time></trkpt><trkpt lat="37.571632385253906" lon="127.03496551513672"><ele>15.399999618530273</ele><time>2026-09-27T01:05:08Z</time></trkpt><trkpt lat="37.5716438293457" lon="127.03498840332031"><ele>15.600000381469727</ele><time>2026-09-27T01:05:09Z</time></trkpt><trkpt lat="37.5716552734375" lon="127.0350112915039"><ele>15.600000381469727</ele><time>2026-09-27T01:05:10Z</time></trkpt><trkpt lat="37.57167053222656" lon="127.0350341796875"><ele>15.600000381469727</ele><time>2026-09-27T01:05:11Z</time></trkpt><trkpt lat="37.571678161621094" lon="127.03506469726562"><ele>15.600000381469727</ele><time>2026-09-27T01:05:12Z</time></trkpt><trkpt lat="37.571693420410156" lon="127.03508758544922"><ele>15.399999618530273</ele><time>2026-09-27T01:05:13Z</time></trkpt><trkpt lat="37.57170104980469" lon="127.03511810302734"><ele>15.399999618530273</ele><time>2026-09-27T01:05:14Z</time></trkpt><trkpt lat="37.57171630859375" lon="127.03514099121094"><ele>15.399999618530273</ele><time>2026-09-27T01:05:15Z</time></trkpt><trkpt lat="37.57172775268555" lon="127.03515625"><ele>15.399999618530273</ele><time>2026-09-27T01:05:16Z</time></trkpt><trkpt lat="37.571739196777344" lon="127.0351791381836"><ele>15.399999618530273</ele><time>2026-09-27T01:05:17Z</time></trkpt><trkpt lat="37.571746826171875" lon="127.03520202636719"><ele>15.399999618530273</ele><time>2026-09-27T01:05:18Z</time></trkpt><trkpt lat="37.571754455566406" lon="127.03522491455078"><ele>15.399999618530273</ele><time>2026-09-27T01:05:19Z</time></trkpt><trkpt lat="37.5717658996582" lon="127.03524780273438"><ele>15.399999618530273</ele><time>2026-09-27T01:05:20Z</time></trkpt><trkpt lat="37.571773529052734" lon="127.03527069091797"><ele>15.199999809265137</ele><time>2026-09-27T01:05:21Z</time></trkpt><trkpt lat="37.571781158447266" lon="127.0353012084961"><ele>15.199999809265137</ele><time>2026-09-27T01:05:22Z</time></trkpt><trkpt lat="37.57178497314453" lon="127.03531646728516"><ele>15.199999809265137</ele><time>2026-09-27T01:05:23Z</time></trkpt><trkpt lat="37.57178497314453" lon="127.03534698486328"><ele>15.199999809265137</ele><time>2026-09-27T01:05:24Z</time></trkpt><trkpt lat="37.5717887878418" lon="127.0353775024414"><ele>15.199999809265137</ele><time>2026-09-27T01:05:25Z</time></trkpt><trkpt lat="37.57179641723633" lon="127.03539276123047"><ele>15.199999809265137</ele><time>2026-09-27T01:05:26Z</time></trkpt><trkpt lat="37.571800231933594" lon="127.03543090820312"><ele>15.0</ele><time>2026-09-27T01:05:27Z</time></trkpt><trkpt lat="37.57181167602539" lon="127.03544616699219"><ele>15.0</ele><time>2026-09-27T01:05:28Z</time></trkpt><trkpt lat="37.57181930541992" lon="127.03547668457031"><ele>15.0</ele><time>2026-09-27T01:05:29Z</time></trkpt><trkpt lat="37.57182693481445" lon="127.03550720214844"><ele>15.199999809265137</ele><time>2026-09-27T01:05:30Z</time></trkpt><trkpt lat="37.57183837890625" lon="127.0355224609375"><ele>15.199999809265137</ele><time>2026-09-27T01:05:31Z</time></trkpt><trkpt lat="37.571842193603516" lon="127.03555297851562"><ele>15.199999809265137</ele><time>2026-09-27T01:05:32Z</time></trkpt><trkpt lat="37.57184982299805" lon="127.03556823730469"><ele>15.199999809265137</ele><time>2026-09-27T01:05:33Z</time></trkpt><trkpt lat="37.571861267089844" lon="127.03559112548828"><ele>15.199999809265137</ele><time>2026-09-27T01:05:34Z</time></trkpt><trkpt lat="37.57186508178711" lon="127.03561401367188"><ele>15.199999809265137</ele><time>2026-09-27T01:05:35Z</time></trkpt><trkpt lat="37.57187271118164" lon="127.03563690185547"><ele>15.199999809265137</ele><time>2026-09-27T01:05:36Z</time></trkpt><trkpt lat="37.57188034057617" lon="127.0356674194336"><ele>15.399999618530273</ele><time>2026-09-27T01:05:37Z</time></trkpt><trkpt lat="37.5718879699707" lon="127.03568267822266"><ele>15.399999618530273</ele><time>2026-09-27T01:05:38Z</time></trkpt><trkpt lat="37.5718994140625" lon="127.03570556640625"><ele>15.399999618530273</ele><time>2026-09-27T01:05:39Z</time></trkpt><trkpt lat="37.5719108581543" lon="127.03573608398438"><ele>15.399999618530273</ele><time>2026-09-27T01:05:40Z</time></trkpt><trkpt lat="37.57191848754883" lon="127.03575134277344"><ele>15.399999618530273</ele><time>2026-09-27T01:05:41Z</time></trkpt><trkpt lat="37.57192611694336" lon="127.03578186035156"><ele>15.399999618530273</ele><time>2026-09-27T01:05:42Z</time></trkpt><trkpt lat="37.57192611694336" lon="127.03580474853516"><ele>15.399999618530273</ele><time>2026-09-27T01:05:43Z</time></trkpt><trkpt lat="37.571929931640625" lon="127.03582763671875"><ele>15.399999618530273</ele><time>2026-09-27T01:05:44Z</time></trkpt><trkpt lat="37.57192611694336" lon="127.0358657836914"><ele>15.399999618530273</ele><time>2026-09-27T01:05:45Z</time></trkpt><trkpt lat="37.571929931640625" lon="127.035888671875"><ele>15.399999618530273</ele><time>2026-09-27T01:05:46Z</time></trkpt><trkpt lat="37.571929931640625" lon="127.03591918945312"><ele>15.399999618530273</ele><time>2026-09-27T01:05:47Z</time></trkpt><trkpt lat="37.57193374633789" lon="127.03594207763672"><ele>15.399999618530273</ele><time>2026-09-27T01:05:48Z</time></trkpt><trkpt lat="37.571937561035156" lon="127.03595733642578"><ele>15.600000381469727</ele><time>2026-09-27T01:05:49Z</time></trkpt><trkpt lat="37.57193374633789" lon="127.03599548339844"><ele>15.600000381469727</ele><time>2026-09-27T01:05:50Z</time></trkpt><trkpt lat="37.571937561035156" lon="127.03601837158203"><ele>15.600000381469727</ele><time>2026-09-27T01:05:51Z</time></trkpt><trkpt lat="37.57194137573242" lon="127.03605651855469"><ele>15.600000381469727</ele><time>2026-09-27T01:05:52Z</time></trkpt><trkpt lat="37.57194137573242" lon="127.03608703613281"><ele>15.600000381469727</ele><time>2026-09-27T01:05:53Z</time></trkpt><trkpt lat="37.57194519042969" lon="127.03610229492188"><ele>15.399999618530273</ele><time>2026-09-27T01:05:54Z</time></trkpt><trkpt lat="37.57194900512695" lon="127.0361328125"><ele>15.399999618530273</ele><time>2026-09-27T01:05:55Z</time></trkpt><trkpt lat="37.57194900512695" lon="127.03614807128906"><ele>15.399999618530273</ele><time>2026-09-27T01:05:56Z</time></trkpt><trkpt lat="37.571956634521484" lon="127.03617858886719"><ele>15.399999618530273</ele><time>2026-09-27T01:05:57Z</time></trkpt><trkpt lat="37.571964263916016" lon="127.03620147705078"><ele>15.399999618530273</ele><time>2026-09-27T01:05:58Z</time></trkpt><trkpt lat="37.57197189331055" lon="127.03622436523438"><ele>15.399999618530273</ele><time>2026-09-27T01:05:59Z</time></trkpt><trkpt lat="37.57197952270508" lon="127.0362548828125"><ele>15.399999618530273</ele><time>2026-09-27T01:06:00Z</time></trkpt><trkpt lat="37.571990966796875" lon="127.0362777709961"><ele>15.399999618530273</ele><time>2026-09-27T01:06:01Z</time></trkpt><trkpt lat="37.571998596191406" lon="127.03631591796875"><ele>15.399999618530273</ele><time>2026-09-27T01:06:02Z</time></trkpt><trkpt lat="37.57200622558594" lon="127.03633880615234"><ele>15.399999618530273</ele><time>2026-09-27T01:06:03Z</time></trkpt><trkpt lat="37.572021484375" lon="127.03636932373047"><ele>15.600000381469727</ele><time>2026-09-27T01:06:04Z</time></trkpt><trkpt lat="37.57202911376953" lon="127.03639221191406"><ele>15.600000381469727</ele><time>2026-09-27T01:06:05Z</time></trkpt><trkpt lat="37.57204055786133" lon="127.03640747070312"><ele>15.600000381469727</ele><time>2026-09-27T01:06:06Z</time></trkpt><trkpt lat="37.57204818725586" lon="127.03643798828125"><ele>15.600000381469727</ele><time>2026-09-27T01:06:07Z</time></trkpt><trkpt lat="37.572059631347656" lon="127.03646087646484"><ele>15.399999618530273</ele><time>2026-09-27T01:06:08Z</time></trkpt><trkpt lat="37.57207107543945" lon="127.03649139404297"><ele>15.399999618530273</ele><time>2026-09-27T01:06:09Z</time></trkpt><trkpt lat="37.57207489013672" lon="127.03651428222656"><ele>15.399999618530273</ele><time>2026-09-27T01:06:10Z</time></trkpt><trkpt lat="37.572078704833984" lon="127.03654479980469"><ele>15.399999618530273</ele><time>2026-09-27T01:06:11Z</time></trkpt><trkpt lat="37.572078704833984" lon="127.03657531738281"><ele>15.399999618530273</ele><time>2026-09-27T01:06:12Z</time></trkpt><trkpt lat="37.572086334228516" lon="127.0365982055664"><ele>15.399999618530273</ele><time>2026-09-27T01:06:13Z</time></trkpt><trkpt lat="37.572086334228516" lon="127.03662109375"><ele>15.399999618530273</ele><time>2026-09-27T01:06:14Z</time></trkpt><trkpt lat="37.57208251953125" lon="127.0366439819336"><ele>15.399999618530273</ele><time>2026-09-27T01:06:15Z</time></trkpt><trkpt lat="37.572078704833984" lon="127.03666687011719"><ele>15.399999618530273</ele><time>2026-09-27T01:06:16Z</time></trkpt><trkpt lat="37.57207489013672" lon="127.03670501708984"><ele>15.399999618530273</ele><time>2026-09-27T01:06:17Z</time></trkpt><trkpt lat="37.57207489013672" lon="127.0367202758789"><ele>15.600000381469727</ele><time>2026-09-27T01:06:18Z</time></trkpt><trkpt lat="37.57207107543945" lon="127.03675079345703"><ele>15.600000381469727</ele><time>2026-09-27T01:06:19Z</time></trkpt><trkpt lat="37.57207107543945" lon="127.03678131103516"><ele>15.600000381469727</ele><time>2026-09-27T01:06:20Z</time></trkpt><trkpt lat="37.57207107543945" lon="127.03680419921875"><ele>15.600000381469727</ele><time>2026-09-27T01:06:21Z</time></trkpt><trkpt lat="37.57207107543945" lon="127.0368423461914"><ele>15.600000381469727</ele><time>2026-09-27T01:06:22Z</time></trkpt><trkpt lat="37.57207489013672" lon="127.036865234375"><ele>15.600000381469727</ele><time>2026-09-27T01:06:23Z</time></trkpt><trkpt lat="37.572078704833984" lon="127.03689575195312"><ele>15.600000381469727</ele><time>2026-09-27T01:06:24Z</time></trkpt><trkpt lat="37.572078704833984" lon="127.03691864013672"><ele>15.600000381469727</ele><time>2026-09-27T01:06:25Z</time></trkpt><trkpt lat="37.57208251953125" lon="127.03694152832031"><ele>15.600000381469727</ele><time>2026-09-27T01:06:26Z</time></trkpt><trkpt lat="37.572086334228516" lon="127.03697967529297"><ele>15.600000381469727</ele><time>2026-09-27T01:06:27Z</time></trkpt><trkpt lat="37.57209014892578" lon="127.03700256347656"><ele>15.600000381469727</ele><time>2026-09-27T01:06:28Z</time></trkpt><trkpt lat="37.57209396362305" lon="127.03703308105469"><ele>15.600000381469727</ele><time>2026-09-27T01:06:29Z</time></trkpt><trkpt lat="37.57209777832031" lon="127.03706359863281"><ele>15.600000381469727</ele><time>2026-09-27T01:06:30Z</time></trkpt><trkpt lat="37.57210159301758" lon="127.0370864868164"><ele>15.600000381469727</ele><time>2026-09-27T01:06:31Z</time></trkpt><trkpt lat="37.572105407714844" lon="127.03711700439453"><ele>15.600000381469727</ele><time>2026-09-27T01:06:32Z</time></trkpt><trkpt lat="37.57210922241211" lon="127.03713989257812"><ele>15.800000190734863</ele><time>2026-09-27T01:06:33Z</time></trkpt><trkpt lat="37.57210922241211" lon="127.03717041015625"><ele>15.800000190734863</ele><time>2026-09-27T01:06:34Z</time></trkpt><trkpt lat="37.57210922241211" lon="127.03719329833984"><ele>15.800000190734863</ele><time>2026-09-27T01:06:35Z</time></trkpt><trkpt lat="37.57211685180664" lon="127.0372085571289"><ele>15.800000190734863</ele><time>2026-09-27T01:06:36Z</time></trkpt><trkpt lat="37.57211685180664" lon="127.0372314453125"><ele>15.800000190734863</ele><time>2026-09-27T01:06:37Z</time></trkpt><trkpt lat="37.572120666503906" lon="127.03726196289062"><ele>15.800000190734863</ele><time>2026-09-27T01:06:38Z</time></trkpt><trkpt lat="37.57212448120117" lon="127.03727722167969"><ele>15.800000190734863</ele><time>2026-09-27T01:06:39Z</time></trkpt><trkpt lat="37.57212448120117" lon="127.03730010986328"><ele>15.800000190734863</ele><time>2026-09-27T01:06:40Z</time></trkpt><trkpt lat="37.57212448120117" lon="127.03731536865234"><ele>15.800000190734863</ele><time>2026-09-27T01:06:41Z</time></trkpt><trkpt lat="37.57212448120117" lon="127.03733825683594"><ele>15.800000190734863</ele><time>2026-09-27T01:06:42Z</time></trkpt><trkpt lat="37.57212448120117" lon="127.03736877441406"><ele>15.800000190734863</ele><time>2026-09-27T01:06:43Z</time></trkpt><trkpt lat="37.57212448120117" lon="127.03738403320312"><ele>15.800000190734863</ele><time>2026-09-27T01:06:44Z</time></trkpt><trkpt lat="37.57212448120117" lon="127.03742218017578"><ele>15.800000190734863</ele><time>2026-09-27T01:06:45Z</time></trkpt><trkpt lat="37.57212448120117" lon="127.03744506835938"><ele>15.800000190734863</ele><time>2026-09-27T01:06:46Z</time></trkpt><trkpt lat="37.57212829589844" lon="127.03746795654297"><ele>15.800000190734863</ele><time>2026-09-27T01:06:47Z</time></trkpt><trkpt lat="37.57212448120117" lon="127.0374984741211"><ele>15.800000190734863</ele><time>2026-09-27T01:06:48Z</time></trkpt><trkpt lat="37.57212448120117" lon="127.03752136230469"><ele>15.800000190734863</ele><time>2026-09-27T01:06:49Z</time></trkpt><trkpt lat="37.57212829589844" lon="127.03753662109375"><ele>15.800000190734863</ele><time>2026-09-27T01:06:50Z</time></trkpt><trkpt lat="37.57212829589844" lon="127.03755950927734"><ele>15.800000190734863</ele><time>2026-09-27T01:06:51Z</time></trkpt><trkpt lat="37.5721321105957" lon="127.03755950927734"><ele>15.800000190734863</ele><time>2026-09-27T01:06:52Z</time></trkpt><trkpt lat="37.5721321105957" lon="127.03758239746094"><ele>15.800000190734863</ele><time>2026-09-27T01:06:53Z</time></trkpt><trkpt lat="37.57212829589844" lon="127.03759765625"><ele>15.800000190734863</ele><time>2026-09-27T01:06:54Z</time></trkpt><trkpt lat="37.57212829589844" lon="127.0376205444336"><ele>15.600000381469727</ele><time>2026-09-27T01:06:55Z</time></trkpt><trkpt lat="37.5721321105957" lon="127.03764343261719"><ele>15.600000381469727</ele><time>2026-09-27T01:06:56Z</time></trkpt><trkpt lat="37.572139739990234" lon="127.03766632080078"><ele>15.600000381469727</ele><time>2026-09-27T01:06:57Z</time></trkpt><trkpt lat="37.57215118408203" lon="127.0376968383789"><ele>15.600000381469727</ele><time>2026-09-27T01:06:58Z</time></trkpt><trkpt lat="37.57216262817383" lon="127.0376968383789"><ele>15.600000381469727</ele><time>2026-09-27T01:06:59Z</time></trkpt><trkpt lat="37.57216262817383" lon="127.0377197265625"><ele>15.600000381469727</ele><time>2026-09-27T01:07:00Z</time></trkpt><trkpt lat="37.57217025756836" lon="127.03773498535156"><ele>15.600000381469727</ele><time>2026-09-27T01:07:01Z</time></trkpt><trkpt lat="37.57217025756836" lon="127.03775787353516"><ele>15.600000381469727</ele><time>2026-09-27T01:07:02Z</time></trkpt><trkpt lat="37.57217025756836" lon="127.03777313232422"><ele>15.600000381469727</ele><time>2026-09-27T01:07:03Z</time></trkpt><trkpt lat="37.572174072265625" lon="127.03779602050781"><ele>15.600000381469727</ele><time>2026-09-27T01:07:04Z</time></trkpt><trkpt lat="37.57217025756836" lon="127.0378189086914"><ele>15.600000381469727</ele><time>2026-09-27T01:07:05Z</time></trkpt><trkpt lat="37.572166442871094" lon="127.03784942626953"><ele>15.600000381469727</ele><time>2026-09-27T01:07:06Z</time></trkpt><trkpt lat="37.572166442871094" lon="127.03787231445312"><ele>15.600000381469727</ele><time>2026-09-27T01:07:07Z</time></trkpt><trkpt lat="37.572166442871094" lon="127.03790283203125"><ele>15.600000381469727</ele><time>2026-09-27T01:07:08Z</time></trkpt><trkpt lat="37.572166442871094" lon="127.03793334960938"><ele>15.600000381469727</ele><time>2026-09-27T01:07:09Z</time></trkpt><trkpt lat="37.57217025756836" lon="127.03797149658203"><ele>15.600000381469727</ele><time>2026-09-27T01:07:10Z</time></trkpt><trkpt lat="37.57217025756836" lon="127.03800201416016"><ele>15.600000381469727</ele><time>2026-09-27T01:07:11Z</time></trkpt><trkpt lat="37.572166442871094" lon="127.03803253173828"><ele>15.600000381469727</ele><time>2026-09-27T01:07:12Z</time></trkpt><trkpt lat="37.57215881347656" lon="127.03805541992188"><ele>15.600000381469727</ele><time>2026-09-27T01:07:13Z</time></trkpt><trkpt lat="37.57215881347656" lon="127.03807830810547"><ele>15.600000381469727</ele><time>2026-09-27T01:07:14Z</time></trkpt><trkpt lat="37.5721549987793" lon="127.03810119628906"><ele>15.600000381469727</ele><time>2026-09-27T01:07:15Z</time></trkpt><trkpt lat="37.57215118408203" lon="127.03813171386719"><ele>15.600000381469727</ele><time>2026-09-27T01:07:16Z</time></trkpt><trkpt lat="37.572147369384766" lon="127.03816223144531"><ele>15.800000190734863</ele><time>2026-09-27T01:07:17Z</time></trkpt><trkpt lat="37.5721321105957" lon="127.03820037841797"><ele>15.800000190734863</ele><time>2026-09-27T01:07:18Z</time></trkpt><trkpt lat="37.57211685180664" lon="127.0382308959961"><ele>15.800000190734863</ele><time>2026-09-27T01:07:19Z</time></trkpt><trkpt lat="37.57210922241211" lon="127.03825378417969"><ele>15.800000190734863</ele><time>2026-09-27T01:07:20Z</time></trkpt><trkpt lat="37.57209396362305" lon="127.03826141357422"><ele>15.800000190734863</ele><time>2026-09-27T01:07:21Z</time></trkpt><trkpt lat="37.572086334228516" lon="127.03827667236328"><ele>15.600000381469727</ele><time>2026-09-27T01:07:22Z</time></trkpt><trkpt lat="37.57207489013672" lon="127.03831481933594"><ele>15.600000381469727</ele><time>2026-09-27T01:07:23Z</time></trkpt><trkpt lat="37.57206726074219" lon="127.03834533691406"><ele>15.600000381469727</ele><time>2026-09-27T01:07:24Z</time></trkpt><trkpt lat="37.57206344604492" lon="127.03838348388672"><ele>15.600000381469727</ele><time>2026-09-27T01:07:25Z</time></trkpt><trkpt lat="37.572059631347656" lon="127.03841400146484"><ele>15.600000381469727</ele><time>2026-09-27T01:07:26Z</time></trkpt><trkpt lat="37.572059631347656" lon="127.03844451904297"><ele>15.600000381469727</ele><time>2026-09-27T01:07:27Z</time></trkpt><trkpt lat="37.57204818725586" lon="127.03849029541016"><ele>15.600000381469727</ele><time>2026-09-27T01:07:28Z</time></trkpt><trkpt lat="37.572044372558594" lon="127.03852081298828"><ele>15.399999618530273</ele><time>2026-09-27T01:07:29Z</time></trkpt><trkpt lat="37.57202911376953" lon="127.03854370117188"><ele>15.399999618530273</ele><time>2026-09-27T01:07:30Z</time></trkpt><trkpt lat="37.572021484375" lon="127.03856658935547"><ele>15.399999618530273</ele><time>2026-09-27T01:07:31Z</time></trkpt><trkpt lat="37.5720100402832" lon="127.0385971069336"><ele>15.199999809265137</ele><time>2026-09-27T01:07:32Z</time></trkpt><trkpt lat="37.57199478149414" lon="127.03862762451172"><ele>15.199999809265137</ele><time>2026-09-27T01:07:33Z</time></trkpt><trkpt lat="37.57198715209961" lon="127.03865814208984"><ele>15.199999809265137</ele><time>2026-09-27T01:07:34Z</time></trkpt><trkpt lat="37.57197952270508" lon="127.03868103027344"><ele>15.399999618530273</ele><time>2026-09-27T01:07:35Z</time></trkpt><trkpt lat="37.57196807861328" lon="127.03870391845703"><ele>15.399999618530273</ele><time>2026-09-27T01:07:36Z</time></trkpt><trkpt lat="37.571956634521484" lon="127.03872680664062"><ele>15.399999618530273</ele><time>2026-09-27T01:07:37Z</time></trkpt><trkpt lat="37.57194519042969" lon="127.03875732421875"><ele>15.399999618530273</ele><time>2026-09-27T01:07:38Z</time></trkpt><trkpt lat="37.571937561035156" lon="127.03878784179688"><ele>15.399999618530273</ele><time>2026-09-27T01:07:39Z</time></trkpt><trkpt lat="37.571929931640625" lon="127.03882598876953"><ele>15.399999618530273</ele><time>2026-09-27T01:07:40Z</time></trkpt><trkpt lat="37.571922302246094" lon="127.03886413574219"><ele>15.399999618530273</ele><time>2026-09-27T01:07:41Z</time></trkpt><trkpt lat="37.5719108581543" lon="127.03890228271484"><ele>15.199999809265137</ele><time>2026-09-27T01:07:42Z</time></trkpt><trkpt lat="37.5718994140625" lon="127.0389404296875"><ele>15.199999809265137</ele><time>2026-09-27T01:07:43Z</time></trkpt><trkpt lat="37.5718879699707" lon="127.03897094726562"><ele>15.199999809265137</ele><time>2026-09-27T01:07:44Z</time></trkpt><trkpt lat="37.571876525878906" lon="127.03900909423828"><ele>15.199999809265137</ele><time>2026-09-27T01:07:45Z</time></trkpt><trkpt lat="37.57186508178711" lon="127.03903198242188"><ele>15.0</ele><time>2026-09-27T01:07:46Z</time></trkpt><trkpt lat="37.57185745239258" lon="127.0390625"><ele>15.0</ele><time>2026-09-27T01:07:47Z</time></trkpt><trkpt lat="37.57184600830078" lon="127.0390853881836"><ele>14.800000190734863</ele><time>2026-09-27T01:07:48Z</time></trkpt><trkpt lat="37.571842193603516" lon="127.03910064697266"><ele>14.800000190734863</ele><time>2026-09-27T01:07:49Z</time></trkpt><trkpt lat="37.57183074951172" lon="127.03912353515625"><ele>14.800000190734863</ele><time>2026-09-27T01:07:50Z</time></trkpt><trkpt lat="37.57182693481445" lon="127.03914642333984"><ele>15.0</ele><time>2026-09-27T01:07:51Z</time></trkpt><trkpt lat="37.57181930541992" lon="127.03917694091797"><ele>15.199999809265137</ele><time>2026-09-27T01:07:52Z</time></trkpt><trkpt lat="37.57181167602539" lon="127.03919982910156"><ele>15.199999809265137</ele><time>2026-09-27T01:07:53Z</time></trkpt><trkpt lat="37.571807861328125" lon="127.03921508789062"><ele>15.199999809265137</ele><time>2026-09-27T01:07:54Z</time></trkpt><trkpt lat="37.571800231933594" lon="127.03924560546875"><ele>15.0</ele><time>2026-09-27T01:07:55Z</time></trkpt><trkpt lat="37.57179641723633" lon="127.03926086425781"><ele>15.0</ele><time>2026-09-27T01:07:56Z</time></trkpt><trkpt lat="37.57178497314453" lon="127.03929901123047"><ele>14.800000190734863</ele><time>2026-09-27T01:07:57Z</time></trkpt><trkpt lat="37.57178497314453" lon="127.0393295288086"><ele>14.800000190734863</ele><time>2026-09-27T01:07:58Z</time></trkpt><trkpt lat="37.571781158447266" lon="127.03936004638672"><ele>14.800000190734863</ele><time>2026-09-27T01:07:59Z</time></trkpt><trkpt lat="37.571773529052734" lon="127.03939819335938"><ele>14.600000381469727</ele><time>2026-09-27T01:08:00Z</time></trkpt><trkpt lat="37.571773529052734" lon="127.03942108154297"><ele>14.600000381469727</ele><time>2026-09-27T01:08:01Z</time></trkpt><trkpt lat="37.57176971435547" lon="127.0394515991211"><ele>14.600000381469727</ele><time>2026-09-27T01:08:02Z</time></trkpt><trkpt lat="37.57176971435547" lon="127.03947448730469"><ele>14.800000190734863</ele><time>2026-09-27T01:08:03Z</time></trkpt><trkpt lat="37.57176208496094" lon="127.03949737548828"><ele>14.800000190734863</ele><time>2026-09-27T01:08:04Z</time></trkpt><trkpt lat="37.57176208496094" lon="127.03952026367188"><ele>14.800000190734863</ele><time>2026-09-27T01:08:05Z</time></trkpt><trkpt lat="37.57175827026367" lon="127.03954315185547"><ele>14.800000190734863</ele><time>2026-09-27T01:08:06Z</time></trkpt><trkpt lat="37.57175827026367" lon="127.03956604003906"><ele>14.800000190734863</ele><time>2026-09-27T01:08:07Z</time></trkpt><trkpt lat="37.57175827026367" lon="127.03958892822266"><ele>14.800000190734863</ele><time>2026-09-27T01:08:08Z</time></trkpt><trkpt lat="37.57175827026367" lon="127.03961181640625"><ele>14.800000190734863</ele><time>2026-09-27T01:08:09Z</time></trkpt><trkpt lat="37.57175827026367" lon="127.03963470458984"><ele>14.800000190734863</ele><time>2026-09-27T01:08:10Z</time></trkpt><trkpt lat="37.57175827026367" lon="127.03965759277344"><ele>14.800000190734863</ele><time>2026-09-27T01:08:11Z</time></trkpt><trkpt lat="37.57175827026367" lon="127.0396957397461"><ele>14.600000381469727</ele><time>2026-09-27T01:08:12Z</time></trkpt><trkpt lat="37.57175827026367" lon="127.03971862792969"><ele>14.600000381469727</ele><time>2026-09-27T01:08:13Z</time></trkpt><trkpt lat="37.57175827026367" lon="127.03975677490234"><ele>14.600000381469727</ele><time>2026-09-27T01:08:14Z</time></trkpt><trkpt lat="37.571754455566406" lon="127.03977966308594"><ele>14.600000381469727</ele><time>2026-09-27T01:08:15Z</time></trkpt><trkpt lat="37.571754455566406" lon="127.03980255126953"><ele>14.600000381469727</ele><time>2026-09-27T01:08:16Z</time></trkpt><trkpt lat="37.571746826171875" lon="127.03982543945312"><ele>14.399999618530273</ele><time>2026-09-27T01:08:17Z</time></trkpt><trkpt lat="37.571746826171875" lon="127.03984069824219"><ele>14.399999618530273</ele><time>2026-09-27T01:08:18Z</time></trkpt><trkpt lat="37.57174301147461" lon="127.03987121582031"><ele>14.399999618530273</ele><time>2026-09-27T01:08:19Z</time></trkpt><trkpt lat="37.571739196777344" lon="127.0398941040039"><ele>14.399999618530273</ele><time>2026-09-27T01:08:20Z</time></trkpt><trkpt lat="37.57173538208008" lon="127.03992462158203"><ele>14.399999618530273</ele><time>2026-09-27T01:08:21Z</time></trkpt><trkpt lat="37.57173156738281" lon="127.0399398803711"><ele>14.399999618530273</ele><time>2026-09-27T01:08:22Z</time></trkpt><trkpt lat="37.57173156738281" lon="127.03995513916016"><ele>14.399999618530273</ele><time>2026-09-27T01:08:23Z</time></trkpt><trkpt lat="37.57172775268555" lon="127.03997039794922"><ele>14.399999618530273</ele><time>2026-09-27T01:08:24Z</time></trkpt><trkpt lat="37.57172775268555" lon="127.03997802734375"><ele>14.399999618530273</ele><time>2026-09-27T01:08:25Z</time></trkpt><trkpt lat="37.57172775268555" lon="127.04000091552734"><ele>14.399999618530273</ele><time>2026-09-27T01:08:26Z</time></trkpt><trkpt lat="37.57172775268555" lon="127.0400161743164"><ele>14.399999618530273</ele><time>2026-09-27T01:08:27Z</time></trkpt><trkpt lat="37.57172775268555" lon="127.0400390625"><ele>14.399999618530273</ele><time>2026-09-27T01:08:28Z</time></trkpt><trkpt lat="37.57172775268555" lon="127.04005432128906"><ele>14.399999618530273</ele><time>2026-09-27T01:08:29Z</time></trkpt><trkpt lat="37.57172775268555" lon="127.04006958007812"><ele>14.399999618530273</ele><time>2026-09-27T01:08:30Z</time></trkpt><trkpt lat="37.57172393798828" lon="127.04009246826172"><ele>14.199999809265137</ele><time>2026-09-27T01:08:31Z</time></trkpt><trkpt lat="37.571720123291016" lon="127.04011535644531"><ele>14.199999809265137</ele><time>2026-09-27T01:08:32Z</time></trkpt><trkpt lat="37.57171630859375" lon="127.04013061523438"><ele>14.199999809265137</ele><time>2026-09-27T01:08:33Z</time></trkpt><trkpt lat="37.571712493896484" lon="127.04015350341797"><ele>14.199999809265137</ele><time>2026-09-27T01:08:34Z</time></trkpt><trkpt lat="37.57170486450195" lon="127.04017639160156"><ele>14.0</ele><time>2026-09-27T01:08:35Z</time></trkpt><trkpt lat="37.57170104980469" lon="127.04019165039062"><ele>14.0</ele><time>2026-09-27T01:08:36Z</time></trkpt><trkpt lat="37.571693420410156" lon="127.04021453857422"><ele>14.0</ele><time>2026-09-27T01:08:37Z</time></trkpt><trkpt lat="37.57168960571289" lon="127.04023742675781"><ele>14.0</ele><time>2026-09-27T01:08:38Z</time></trkpt><trkpt lat="37.57168960571289" lon="127.04025268554688"><ele>14.0</ele><time>2026-09-27T01:08:39Z</time></trkpt><trkpt lat="37.57168197631836" lon="127.040283203125"><ele>14.0</ele><time>2026-09-27T01:08:40Z</time></trkpt><trkpt lat="37.571678161621094" lon="127.0403060913086"><ele>13.800000190734863</ele><time>2026-09-27T01:08:41Z</time></trkpt><trkpt lat="37.5716667175293" lon="127.04032897949219"><ele>13.800000190734863</ele><time>2026-09-27T01:08:42Z</time></trkpt><trkpt lat="37.57166290283203" lon="127.04035186767578"><ele>13.800000190734863</ele><time>2026-09-27T01:08:43Z</time></trkpt><trkpt lat="37.5716552734375" lon="127.0403823852539"><ele>13.800000190734863</ele><time>2026-09-27T01:08:44Z</time></trkpt><trkpt lat="37.57164764404297" lon="127.0404052734375"><ele>13.800000190734863</ele><time>2026-09-27T01:08:45Z</time></trkpt><trkpt lat="37.57164001464844" lon="127.04043579101562"><ele>13.800000190734863</ele><time>2026-09-27T01:08:46Z</time></trkpt><trkpt lat="37.57163619995117" lon="127.04045867919922"><ele>13.800000190734863</ele><time>2026-09-27T01:08:47Z</time></trkpt><trkpt lat="37.571632385253906" lon="127.04048919677734"><ele>13.600000381469727</ele><time>2026-09-27T01:08:48Z</time></trkpt><trkpt lat="37.57163619995117" lon="127.04052734375"><ele>13.800000190734863</ele><time>2026-09-27T01:08:49Z</time></trkpt><trkpt lat="37.57163619995117" lon="127.04055786132812"><ele>13.800000190734863</ele><time>2026-09-27T01:08:50Z</time></trkpt><trkpt lat="37.57163619995117" lon="127.04059600830078"><ele>13.600000381469727</ele><time>2026-09-27T01:08:51Z</time></trkpt><trkpt lat="37.57164001464844" lon="127.0406265258789"><ele>13.600000381469727</ele><time>2026-09-27T01:08:52Z</time></trkpt><trkpt lat="37.5716438293457" lon="127.0406723022461"><ele>13.600000381469727</ele><time>2026-09-27T01:08:53Z</time></trkpt><trkpt lat="37.571651458740234" lon="127.04070281982422"><ele>13.600000381469727</ele><time>2026-09-27T01:08:54Z</time></trkpt><trkpt lat="37.5716552734375" lon="127.0407485961914"><ele>13.399999618530273</ele><time>2026-09-27T01:08:55Z</time></trkpt><trkpt lat="37.5716552734375" lon="127.04077911376953"><ele>13.399999618530273</ele><time>2026-09-27T01:08:56Z</time></trkpt><trkpt lat="37.5716552734375" lon="127.04080963134766"><ele>13.399999618530273</ele><time>2026-09-27T01:08:57Z</time></trkpt><trkpt lat="37.5716552734375" lon="127.04084014892578"><ele>13.399999618530273</ele><time>2026-09-27T01:08:58Z</time></trkpt><trkpt lat="37.5716552734375" lon="127.0408706665039"><ele>13.399999618530273</ele><time>2026-09-27T01:08:59Z</time></trkpt><trkpt lat="37.571659088134766" lon="127.0408935546875"><ele>13.199999809265137</ele><time>2026-09-27T01:09:00Z</time></trkpt><trkpt lat="37.5716552734375" lon="127.04092407226562"><ele>13.199999809265137</ele><time>2026-09-27T01:09:01Z</time></trkpt><trkpt lat="37.571659088134766" lon="127.04094696044922"><ele>13.399999618530273</ele><time>2026-09-27T01:09:02Z</time></trkpt><trkpt lat="37.57166290283203" lon="127.04097747802734"><ele>13.199999809265137</ele><time>2026-09-27T01:09:03Z</time></trkpt><trkpt lat="37.5716667175293" lon="127.04100799560547"><ele>13.199999809265137</ele><time>2026-09-27T01:09:04Z</time></trkpt><trkpt lat="37.571678161621094" lon="127.04104614257812"><ele>13.199999809265137</ele><time>2026-09-27T01:09:05Z</time></trkpt><trkpt lat="37.57168197631836" lon="127.04107666015625"><ele>13.199999809265137</ele><time>2026-09-27T01:09:06Z</time></trkpt><trkpt lat="37.571685791015625" lon="127.0411148071289"><ele>13.199999809265137</ele><time>2026-09-27T01:09:07Z</time></trkpt><trkpt lat="37.57168960571289" lon="127.04115295410156"><ele>13.199999809265137</ele><time>2026-09-27T01:09:08Z</time></trkpt><trkpt lat="37.57168960571289" lon="127.04118347167969"><ele>13.199999809265137</ele><time>2026-09-27T01:09:09Z</time></trkpt><trkpt lat="37.571685791015625" lon="127.04121398925781"><ele>13.199999809265137</ele><time>2026-09-27T01:09:10Z</time></trkpt><trkpt lat="37.57168197631836" lon="127.04124450683594"><ele>13.0</ele><time>2026-09-27T01:09:11Z</time></trkpt><trkpt lat="37.57167434692383" lon="127.04126739501953"><ele>13.0</ele><time>2026-09-27T01:09:12Z</time></trkpt><trkpt lat="37.57167053222656" lon="127.0412826538086"><ele>12.800000190734863</ele><time>2026-09-27T01:09:13Z</time></trkpt><trkpt lat="37.571659088134766" lon="127.04129028320312"><ele>12.800000190734863</ele><time>2026-09-27T01:09:14Z</time></trkpt><trkpt lat="37.57164764404297" lon="127.04129791259766"><ele>12.600000381469727</ele><time>2026-09-27T01:09:15Z</time></trkpt><trkpt lat="37.57163619995117" lon="127.04129791259766"><ele>12.600000381469727</ele><time>2026-09-27T01:09:16Z</time></trkpt><trkpt lat="37.571632385253906" lon="127.04130554199219"><ele>12.600000381469727</ele><time>2026-09-27T01:09:17Z</time></trkpt><trkpt lat="37.571624755859375" lon="127.04131317138672"><ele>12.600000381469727</ele><time>2026-09-27T01:09:18Z</time></trkpt><trkpt lat="37.57162094116211" lon="127.04132080078125"><ele>12.800000190734863</ele><time>2026-09-27T01:09:19Z</time></trkpt><trkpt lat="37.57161331176758" lon="127.04132080078125"><ele>12.800000190734863</ele><time>2026-09-27T01:09:20Z</time></trkpt><trkpt lat="37.57160568237305" lon="127.04132843017578"><ele>12.800000190734863</ele><time>2026-09-27T01:09:21Z</time></trkpt><trkpt lat="37.57159423828125" lon="127.04133605957031"><ele>12.800000190734863</ele><time>2026-09-27T01:09:22Z</time></trkpt><trkpt lat="37.57157897949219" lon="127.04135131835938"><ele>12.800000190734863</ele><time>2026-09-27T01:09:23Z</time></trkpt><trkpt lat="37.57157516479492" lon="127.04136657714844"><ele>12.800000190734863</ele><time>2026-09-27T01:09:24Z</time></trkpt><trkpt lat="37.57158279418945" lon="127.0413818359375"><ele>12.800000190734863</ele><time>2026-09-27T01:09:25Z</time></trkpt><trkpt lat="37.57158660888672" lon="127.04139709472656"><ele>12.800000190734863</ele><time>2026-09-27T01:09:26Z</time></trkpt><trkpt lat="37.571590423583984" lon="127.04141235351562"><ele>12.800000190734863</ele><time>2026-09-27T01:09:27Z</time></trkpt><trkpt lat="37.57158660888672" lon="127.04141998291016"><ele>12.800000190734863</ele><time>2026-09-27T01:09:28Z</time></trkpt><trkpt lat="37.57158660888672" lon="127.0414047241211"><ele>12.800000190734863</ele><time>2026-09-27T01:09:29Z</time></trkpt><trkpt lat="37.57158279418945" lon="127.0414047241211"><ele>13.0</ele><time>2026-09-27T01:09:30Z</time></trkpt><trkpt lat="37.571571350097656" lon="127.0414047241211"><ele>13.0</ele><time>2026-09-27T01:09:31Z</time></trkpt><trkpt lat="37.57155990600586" lon="127.0414047241211"><ele>13.199999809265137</ele><time>2026-09-27T01:09:32Z</time></trkpt><trkpt lat="37.57154846191406" lon="127.0414047241211"><ele>13.399999618530273</ele><time>2026-09-27T01:09:33Z</time></trkpt><trkpt lat="37.571537017822266" lon="127.04141235351562"><ele>13.399999618530273</ele><time>2026-09-27T01:09:34Z</time></trkpt><trkpt lat="37.571529388427734" lon="127.04141998291016"><ele>13.600000381469727</ele><time>2026-09-27T01:09:35Z</time></trkpt><trkpt lat="37.57152557373047" lon="127.04143524169922"><ele>13.600000381469727</ele><time>2026-09-27T01:09:36Z</time></trkpt><trkpt lat="37.57151412963867" lon="127.04144287109375"><ele>13.600000381469727</ele><time>2026-09-27T01:09:37Z</time></trkpt><trkpt lat="37.571510314941406" lon="127.04145050048828"><ele>13.600000381469727</ele><time>2026-09-27T01:09:38Z</time></trkpt><trkpt lat="37.571510314941406" lon="127.04146575927734"><ele>13.600000381469727</ele><time>2026-09-27T01:09:39Z</time></trkpt><trkpt lat="37.571502685546875" lon="127.04147338867188"><ele>13.600000381469727</ele><time>2026-09-27T01:09:40Z</time></trkpt><trkpt lat="37.57149887084961" lon="127.04148864746094"><ele>13.399999618530273</ele><time>2026-09-27T01:09:41Z</time></trkpt><trkpt lat="37.57149124145508" lon="127.04150390625"><ele>13.399999618530273</ele><time>2026-09-27T01:09:42Z</time></trkpt><trkpt lat="37.57148742675781" lon="127.04151916503906"><ele>13.199999809265137</ele><time>2026-09-27T01:09:43Z</time></trkpt><trkpt lat="37.57147979736328" lon="127.04153442382812"><ele>13.199999809265137</ele><time>2026-09-27T01:09:44Z</time></trkpt><trkpt lat="37.571468353271484" lon="127.04154205322266"><ele>13.199999809265137</ele><time>2026-09-27T01:09:45Z</time></trkpt><trkpt lat="37.57146072387695" lon="127.04154968261719"><ele>13.199999809265137</ele><time>2026-09-27T01:09:46Z</time></trkpt><trkpt lat="37.57144546508789" lon="127.04155731201172"><ele>13.399999618530273</ele><time>2026-09-27T01:09:47Z</time></trkpt><trkpt lat="37.571434020996094" lon="127.04156494140625"><ele>13.399999618530273</ele><time>2026-09-27T01:09:48Z</time></trkpt><trkpt lat="37.5714225769043" lon="127.04157257080078"><ele>13.399999618530273</ele><time>2026-09-27T01:09:49Z</time></trkpt><trkpt lat="37.571407318115234" lon="127.04157257080078"><ele>13.399999618530273</ele><time>2026-09-27T01:09:50Z</time></trkpt><trkpt lat="37.571380615234375" lon="127.04158020019531"><ele>13.399999618530273</ele><time>2026-09-27T01:09:51Z</time></trkpt><trkpt lat="37.57136917114258" lon="127.04158782958984"><ele>13.399999618530273</ele><time>2026-09-27T01:09:52Z</time></trkpt><trkpt lat="37.57136154174805" lon="127.04159545898438"><ele>13.199999809265137</ele><time>2026-09-27T01:09:53Z</time></trkpt><trkpt lat="37.57135009765625" lon="127.0416030883789"><ele>13.199999809265137</ele><time>2026-09-27T01:09:54Z</time></trkpt><trkpt lat="37.57133483886719" lon="127.04161071777344"><ele>13.199999809265137</ele><time>2026-09-27T01:09:55Z</time></trkpt><trkpt lat="37.571319580078125" lon="127.0416259765625"><ele>13.199999809265137</ele><time>2026-09-27T01:09:56Z</time></trkpt><trkpt lat="37.57130432128906" lon="127.04163360595703"><ele>13.199999809265137</ele><time>2026-09-27T01:09:57Z</time></trkpt><trkpt lat="37.5712890625" lon="127.04164123535156"><ele>13.199999809265137</ele><time>2026-09-27T01:09:58Z</time></trkpt><trkpt lat="37.57127380371094" lon="127.0416488647461"><ele>13.399999618530273</ele><time>2026-09-27T01:09:59Z</time></trkpt><trkpt lat="37.57126235961914" lon="127.04165649414062"><ele>13.399999618530273</ele><time>2026-09-27T01:10:00Z</time></trkpt><trkpt lat="37.57125473022461" lon="127.04166412353516"><ele>13.399999618530273</ele><time>2026-09-27T01:10:01Z</time></trkpt><trkpt lat="37.57124328613281" lon="127.04167175292969"><ele>13.600000381469727</ele><time>2026-09-27T01:10:02Z</time></trkpt><trkpt lat="37.57123565673828" lon="127.04167938232422"><ele>13.600000381469727</ele><time>2026-09-27T01:10:03Z</time></trkpt><trkpt lat="37.57122802734375" lon="127.04168701171875"><ele>13.600000381469727</ele><time>2026-09-27T01:10:04Z</time></trkpt><trkpt lat="37.57122039794922" lon="127.04169464111328"><ele>13.399999618530273</ele><time>2026-09-27T01:10:05Z</time></trkpt><trkpt lat="37.57121276855469" lon="127.04170227050781"><ele>13.399999618530273</ele><time>2026-09-27T01:10:06Z</time></trkpt><trkpt lat="37.571205139160156" lon="127.04171752929688"><ele>13.399999618530273</ele><time>2026-09-27T01:10:07Z</time></trkpt><trkpt lat="37.571205139160156" lon="127.0417251586914"><ele>13.399999618530273</ele><time>2026-09-27T01:10:08Z</time></trkpt><trkpt lat="37.57120132446289" lon="127.04174041748047"><ele>13.399999618530273</ele><time>2026-09-27T01:10:09Z</time></trkpt><trkpt lat="37.571197509765625" lon="127.041748046875"><ele>13.399999618530273</ele><time>2026-09-27T01:10:10Z</time></trkpt><trkpt lat="37.57119369506836" lon="127.04175567626953"><ele>13.600000381469727</ele><time>2026-09-27T01:10:11Z</time></trkpt><trkpt lat="37.571189880371094" lon="127.0417709350586"><ele>13.600000381469727</ele><time>2026-09-27T01:10:12Z</time></trkpt><trkpt lat="37.57118225097656" lon="127.04178619384766"><ele>13.600000381469727</ele><time>2026-09-27T01:10:13Z</time></trkpt><trkpt lat="37.5711784362793" lon="127.04180145263672"><ele>13.600000381469727</ele><time>2026-09-27T01:10:14Z</time></trkpt><trkpt lat="37.5711784362793" lon="127.04181671142578"><ele>13.399999618530273</ele><time>2026-09-27T01:10:15Z</time></trkpt><trkpt lat="37.57117462158203" lon="127.04183197021484"><ele>13.399999618530273</ele><time>2026-09-27T01:10:16Z</time></trkpt><trkpt lat="37.57117462158203" lon="127.0418472290039"><ele>13.399999618530273</ele><time>2026-09-27T01:10:17Z</time></trkpt><trkpt lat="37.57117462158203" lon="127.0418701171875"><ele>13.199999809265137</ele><time>2026-09-27T01:10:18Z</time></trkpt><trkpt lat="37.571170806884766" lon="127.04188537597656"><ele>13.199999809265137</ele><time>2026-09-27T01:10:19Z</time></trkpt><trkpt lat="37.5711669921875" lon="127.04190063476562"><ele>13.199999809265137</ele><time>2026-09-27T01:10:20Z</time></trkpt><trkpt lat="37.57115936279297" lon="127.04190826416016"><ele>13.199999809265137</ele><time>2026-09-27T01:10:21Z</time></trkpt><trkpt lat="37.57115173339844" lon="127.04191589355469"><ele>13.0</ele><time>2026-09-27T01:10:22Z</time></trkpt><trkpt lat="37.571144104003906" lon="127.04193115234375"><ele>13.0</ele><time>2026-09-27T01:10:23Z</time></trkpt><trkpt lat="37.57114028930664" lon="127.04194641113281"><ele>13.199999809265137</ele><time>2026-09-27T01:10:24Z</time></trkpt><trkpt lat="37.57113265991211" lon="127.04195404052734"><ele>13.199999809265137</ele><time>2026-09-27T01:10:25Z</time></trkpt><trkpt lat="37.57112503051758" lon="127.0419692993164"><ele>13.199999809265137</ele><time>2026-09-27T01:10:26Z</time></trkpt><trkpt lat="37.57111740112305" lon="127.04197692871094"><ele>13.199999809265137</ele><time>2026-09-27T01:10:27Z</time></trkpt><trkpt lat="37.57111358642578" lon="127.04198455810547"><ele>13.199999809265137</ele><time>2026-09-27T01:10:28Z</time></trkpt><trkpt lat="37.57110595703125" lon="127.04199981689453"><ele>13.199999809265137</ele><time>2026-09-27T01:10:29Z</time></trkpt><trkpt lat="37.57109832763672" lon="127.0420150756836"><ele>13.199999809265137</ele><time>2026-09-27T01:10:30Z</time></trkpt><trkpt lat="37.57109069824219" lon="127.04203033447266"><ele>13.199999809265137</ele><time>2026-09-27T01:10:31Z</time></trkpt><trkpt lat="37.571075439453125" lon="127.04205322265625"><ele>13.0</ele><time>2026-09-27T01:10:32Z</time></trkpt><trkpt lat="37.571067810058594" lon="127.04206848144531"><ele>13.0</ele><time>2026-09-27T01:10:33Z</time></trkpt><trkpt lat="37.5710563659668" lon="127.0420913696289"><ele>13.0</ele><time>2026-09-27T01:10:34Z</time></trkpt><trkpt lat="37.571044921875" lon="127.04210662841797"><ele>13.0</ele><time>2026-09-27T01:10:35Z</time></trkpt><trkpt lat="37.57102966308594" lon="127.04212188720703"><ele>13.0</ele><time>2026-09-27T01:10:36Z</time></trkpt><trkpt lat="37.57101821899414" lon="127.0421371459961"><ele>13.0</ele><time>2026-09-27T01:10:37Z</time></trkpt><trkpt lat="37.57101058959961" lon="127.04215240478516"><ele>13.0</ele><time>2026-09-27T01:10:38Z</time></trkpt><trkpt lat="37.57099914550781" lon="127.04217529296875"><ele>13.0</ele><time>2026-09-27T01:10:39Z</time></trkpt><trkpt lat="37.570987701416016" lon="127.04219818115234"><ele>13.0</ele><time>2026-09-27T01:10:40Z</time></trkpt><trkpt lat="37.57097625732422" lon="127.0422134399414"><ele>13.0</ele><time>2026-09-27T01:10:41Z</time></trkpt><trkpt lat="37.57096481323242" lon="127.042236328125"><ele>13.199999809265137</ele><time>2026-09-27T01:10:42Z</time></trkpt><trkpt lat="37.570953369140625" lon="127.04226684570312"><ele>13.199999809265137</ele><time>2026-09-27T01:10:43Z</time></trkpt><trkpt lat="37.57094192504883" lon="127.04229736328125"><ele>13.199999809265137</ele><time>2026-09-27T01:10:44Z</time></trkpt><trkpt lat="37.57093811035156" lon="127.04232788085938"><ele>13.199999809265137</ele><time>2026-09-27T01:10:45Z</time></trkpt><trkpt lat="37.570926666259766" lon="127.0423583984375"><ele>13.199999809265137</ele><time>2026-09-27T01:10:46Z</time></trkpt><trkpt lat="37.5709228515625" lon="127.04238891601562"><ele>13.0</ele><time>2026-09-27T01:10:47Z</time></trkpt><trkpt lat="37.57091522216797" lon="127.04242706298828"><ele>13.0</ele><time>2026-09-27T01:10:48Z</time></trkpt><trkpt lat="37.5709114074707" lon="127.0424575805664"><ele>13.0</ele><time>2026-09-27T01:10:49Z</time></trkpt><trkpt lat="37.57090759277344" lon="127.04249572753906"><ele>13.0</ele><time>2026-09-27T01:10:50Z</time></trkpt><trkpt lat="37.57090377807617" lon="127.04252624511719"><ele>13.0</ele><time>2026-09-27T01:10:51Z</time></trkpt><trkpt lat="37.570892333984375" lon="127.04256439208984"><ele>13.0</ele><time>2026-09-27T01:10:52Z</time></trkpt><trkpt lat="37.570884704589844" lon="127.0426025390625"><ele>13.0</ele><time>2026-09-27T01:10:53Z</time></trkpt><trkpt lat="37.57088088989258" lon="127.04263305664062"><ele>13.0</ele><time>2026-09-27T01:10:54Z</time></trkpt><trkpt lat="37.57087326049805" lon="127.04266357421875"><ele>13.0</ele><time>2026-09-27T01:10:55Z</time></trkpt><trkpt lat="37.57086944580078" lon="127.04269409179688"><ele>13.0</ele><time>2026-09-27T01:10:56Z</time></trkpt><trkpt lat="37.570858001708984" lon="127.042724609375"><ele>13.0</ele><time>2026-09-27T01:10:57Z</time></trkpt><trkpt lat="37.57085418701172" lon="127.04275512695312"><ele>13.0</ele><time>2026-09-27T01:10:58Z</time></trkpt><trkpt lat="37.57084655761719" lon="127.04277801513672"><ele>13.0</ele><time>2026-09-27T01:10:59Z</time></trkpt><trkpt lat="37.570838928222656" lon="127.04281616210938"><ele>13.0</ele><time>2026-09-27T01:11:00Z</time></trkpt><trkpt lat="37.570831298828125" lon="127.0428466796875"><ele>13.0</ele><time>2026-09-27T01:11:01Z</time></trkpt><trkpt lat="37.57082748413086" lon="127.04287719726562"><ele>13.0</ele><time>2026-09-27T01:11:02Z</time></trkpt><trkpt lat="37.570823669433594" lon="127.04290771484375"><ele>13.0</ele><time>2026-09-27T01:11:03Z</time></trkpt><trkpt lat="37.57081985473633" lon="127.04293823242188"><ele>13.0</ele><time>2026-09-27T01:11:04Z</time></trkpt><trkpt lat="37.5708122253418" lon="127.04296875"><ele>13.0</ele><time>2026-09-27T01:11:05Z</time></trkpt><trkpt lat="37.570804595947266" lon="127.0429916381836"><ele>13.0</ele><time>2026-09-27T01:11:06Z</time></trkpt><trkpt lat="37.570796966552734" lon="127.04302215576172"><ele>13.199999809265137</ele><time>2026-09-27T01:11:07Z</time></trkpt><trkpt lat="37.570796966552734" lon="127.04305267333984"><ele>13.199999809265137</ele><time>2026-09-27T01:11:08Z</time></trkpt><trkpt lat="37.57080078125" lon="127.0430679321289"><ele>13.199999809265137</ele><time>2026-09-27T01:11:09Z</time></trkpt><trkpt lat="37.570804595947266" lon="127.04308319091797"><ele>13.199999809265137</ele><time>2026-09-27T01:11:10Z</time></trkpt><trkpt lat="37.57080841064453" lon="127.0430908203125"><ele>13.199999809265137</ele><time>2026-09-27T01:11:11Z</time></trkpt><trkpt lat="37.5708122253418" lon="127.04310607910156"><ele>13.199999809265137</ele><time>2026-09-27T01:11:12Z</time></trkpt><trkpt lat="37.57081604003906" lon="127.04312896728516"><ele>13.0</ele><time>2026-09-27T01:11:13Z</time></trkpt><trkpt lat="37.57081985473633" lon="127.04315185546875"><ele>13.0</ele><time>2026-09-27T01:11:14Z</time></trkpt><trkpt lat="37.57081604003906" lon="127.04317474365234"><ele>12.800000190734863</ele><time>2026-09-27T01:11:15Z</time></trkpt><trkpt lat="37.5708122253418" lon="127.04319763183594"><ele>12.800000190734863</ele><time>2026-09-27T01:11:16Z</time></trkpt><trkpt lat="37.570804595947266" lon="127.04322052001953"><ele>12.600000381469727</ele><time>2026-09-27T01:11:17Z</time></trkpt><trkpt lat="37.5707893371582" lon="127.0432357788086"><ele>12.600000381469727</ele><time>2026-09-27T01:11:18Z</time></trkpt><trkpt lat="37.570777893066406" lon="127.04325103759766"><ele>12.600000381469727</ele><time>2026-09-27T01:11:19Z</time></trkpt><trkpt lat="37.57075881958008" lon="127.04327392578125"><ele>12.600000381469727</ele><time>2026-09-27T01:11:20Z</time></trkpt><trkpt lat="37.57074737548828" lon="127.04328918457031"><ele>12.600000381469727</ele><time>2026-09-27T01:11:21Z</time></trkpt><trkpt lat="37.57072830200195" lon="127.04330444335938"><ele>12.800000190734863</ele><time>2026-09-27T01:11:22Z</time></trkpt><trkpt lat="37.57071304321289" lon="127.04331970214844"><ele>12.800000190734863</ele><time>2026-09-27T01:11:23Z</time></trkpt><trkpt lat="37.57069396972656" lon="127.0433349609375"><ele>12.800000190734863</ele><time>2026-09-27T01:11:24Z</time></trkpt><trkpt lat="37.570674896240234" lon="127.04335021972656"><ele>12.800000190734863</ele><time>2026-09-27T01:11:25Z</time></trkpt><trkpt lat="37.57066345214844" lon="127.04336547851562"><ele>12.600000381469727</ele><time>2026-09-27T01:11:26Z</time></trkpt><trkpt lat="37.570648193359375" lon="127.04339599609375"><ele>12.600000381469727</ele><time>2026-09-27T01:11:27Z</time></trkpt><trkpt lat="37.57063293457031" lon="127.04341888427734"><ele>12.600000381469727</ele><time>2026-09-27T01:11:28Z</time></trkpt><trkpt lat="37.57061004638672" lon="127.04344177246094"><ele>12.600000381469727</ele><time>2026-09-27T01:11:29Z</time></trkpt><trkpt lat="37.570594787597656" lon="127.04346466064453"><ele>12.800000190734863</ele><time>2026-09-27T01:11:30Z</time></trkpt><trkpt lat="37.57058334350586" lon="127.04348754882812"><ele>12.800000190734863</ele><time>2026-09-27T01:11:31Z</time></trkpt><trkpt lat="37.57056427001953" lon="127.04349517822266"><ele>12.800000190734863</ele><time>2026-09-27T01:11:32Z</time></trkpt><trkpt lat="37.57054901123047" lon="127.04351806640625"><ele>12.800000190734863</ele><time>2026-09-27T01:11:33Z</time></trkpt><trkpt lat="37.570526123046875" lon="127.04354095458984"><ele>12.800000190734863</ele><time>2026-09-27T01:11:34Z</time></trkpt><trkpt lat="37.57051467895508" lon="127.0435562133789"><ele>12.800000190734863</ele><time>2026-09-27T01:11:35Z</time></trkpt><trkpt lat="37.57050704956055" lon="127.04357147216797"><ele>12.800000190734863</ele><time>2026-09-27T01:11:36Z</time></trkpt><trkpt lat="37.57049560546875" lon="127.04358673095703"><ele>12.800000190734863</ele><time>2026-09-27T01:11:37Z</time></trkpt><trkpt lat="37.57048797607422" lon="127.0436019897461"><ele>12.800000190734863</ele><time>2026-09-27T01:11:38Z</time></trkpt><trkpt lat="37.57048034667969" lon="127.04362487792969"><ele>12.800000190734863</ele><time>2026-09-27T01:11:39Z</time></trkpt><trkpt lat="37.570472717285156" lon="127.04364013671875"><ele>12.800000190734863</ele><time>2026-09-27T01:11:40Z</time></trkpt><trkpt lat="37.57046890258789" lon="127.04365539550781"><ele>12.800000190734863</ele><time>2026-09-27T01:11:41Z</time></trkpt><trkpt lat="37.570457458496094" lon="127.0436782836914"><ele>12.800000190734863</ele><time>2026-09-27T01:11:42Z</time></trkpt><trkpt lat="37.5704460144043" lon="127.04369354248047"><ele>12.800000190734863</ele><time>2026-09-27T01:11:43Z</time></trkpt><trkpt lat="37.570430755615234" lon="127.04370880126953"><ele>12.800000190734863</ele><time>2026-09-27T01:11:44Z</time></trkpt><trkpt lat="37.57041931152344" lon="127.04373168945312"><ele>12.600000381469727</ele><time>2026-09-27T01:11:45Z</time></trkpt><trkpt lat="37.570404052734375" lon="127.04375457763672"><ele>12.800000190734863</ele><time>2026-09-27T01:11:46Z</time></trkpt><trkpt lat="37.57038879394531" lon="127.04376983642578"><ele>12.800000190734863</ele><time>2026-09-27T01:11:47Z</time></trkpt><trkpt lat="37.570377349853516" lon="127.04379272460938"><ele>12.600000381469727</ele><time>2026-09-27T01:11:48Z</time></trkpt><trkpt lat="37.57036209106445" lon="127.04381561279297"><ele>12.800000190734863</ele><time>2026-09-27T01:11:49Z</time></trkpt><trkpt lat="37.57035446166992" lon="127.04383850097656"><ele>12.800000190734863</ele><time>2026-09-27T01:11:50Z</time></trkpt><trkpt lat="37.570350646972656" lon="127.04386138916016"><ele>12.800000190734863</ele><time>2026-09-27T01:11:51Z</time></trkpt><trkpt lat="37.570343017578125" lon="127.04388427734375"><ele>12.800000190734863</ele><time>2026-09-27T01:11:52Z</time></trkpt><trkpt lat="37.570335388183594" lon="127.04390716552734"><ele>12.800000190734863</ele><time>2026-09-27T01:11:53Z</time></trkpt><trkpt lat="37.57032775878906" lon="127.04393768310547"><ele>12.800000190734863</ele><time>2026-09-27T01:11:54Z</time></trkpt><trkpt lat="37.57032012939453" lon="127.0439682006836"><ele>12.800000190734863</ele><time>2026-09-27T01:11:55Z</time></trkpt><trkpt lat="37.5703125" lon="127.04399108886719"><ele>12.800000190734863</ele><time>2026-09-27T01:11:56Z</time></trkpt><trkpt lat="37.57030487060547" lon="127.04402160644531"><ele>12.800000190734863</ele><time>2026-09-27T01:11:57Z</time></trkpt><trkpt lat="37.57029342651367" lon="127.04405212402344"><ele>12.600000381469727</ele><time>2026-09-27T01:11:58Z</time></trkpt><trkpt lat="37.57028579711914" lon="127.04408264160156"><ele>12.600000381469727</ele><time>2026-09-27T01:11:59Z</time></trkpt><trkpt lat="37.570274353027344" lon="127.04411315917969"><ele>12.600000381469727</ele><time>2026-09-27T01:12:00Z</time></trkpt><trkpt lat="37.57026672363281" lon="127.04413604736328"><ele>12.600000381469727</ele><time>2026-09-27T01:12:01Z</time></trkpt><trkpt lat="37.570255279541016" lon="127.04415893554688"><ele>12.600000381469727</ele><time>2026-09-27T01:12:02Z</time></trkpt><trkpt lat="37.570247650146484" lon="127.044189453125"><ele>12.600000381469727</ele><time>2026-09-27T01:12:03Z</time></trkpt><trkpt lat="37.57023620605469" lon="127.0442123413086"><ele>12.600000381469727</ele><time>2026-09-27T01:12:04Z</time></trkpt><trkpt lat="37.570228576660156" lon="127.04424285888672"><ele>12.600000381469727</ele><time>2026-09-27T01:12:05Z</time></trkpt><trkpt lat="37.57021713256836" lon="127.04426574707031"><ele>12.600000381469727</ele><time>2026-09-27T01:12:06Z</time></trkpt><trkpt lat="37.57020950317383" lon="127.04429626464844"><ele>12.600000381469727</ele><time>2026-09-27T01:12:07Z</time></trkpt><trkpt lat="37.5702018737793" lon="127.04431915283203"><ele>12.600000381469727</ele><time>2026-09-27T01:12:08Z</time></trkpt><trkpt lat="37.5701904296875" lon="127.04434967041016"><ele>12.600000381469727</ele><time>2026-09-27T01:12:09Z</time></trkpt><trkpt lat="37.570167541503906" lon="127.04437255859375"><ele>12.600000381469727</ele><time>2026-09-27T01:12:10Z</time></trkpt><trkpt lat="37.57015609741211" lon="127.04439544677734"><ele>12.600000381469727</ele><time>2026-09-27T01:12:11Z</time></trkpt><trkpt lat="37.57014465332031" lon="127.04441833496094"><ele>12.600000381469727</ele><time>2026-09-27T01:12:12Z</time></trkpt><trkpt lat="37.57013702392578" lon="127.04444122314453"><ele>12.600000381469727</ele><time>2026-09-27T01:12:13Z</time></trkpt><trkpt lat="37.570125579833984" lon="127.04447174072266"><ele>12.600000381469727</ele><time>2026-09-27T01:12:14Z</time></trkpt><trkpt lat="37.57011795043945" lon="127.04450225830078"><ele>12.600000381469727</ele><time>2026-09-27T01:12:15Z</time></trkpt><trkpt lat="37.57011032104492" lon="127.04452514648438"><ele>12.600000381469727</ele><time>2026-09-27T01:12:16Z</time></trkpt><trkpt lat="37.570098876953125" lon="127.04454803466797"><ele>12.600000381469727</ele><time>2026-09-27T01:12:17Z</time></trkpt><trkpt lat="37.57009506225586" lon="127.04457092285156"><ele>12.600000381469727</ele><time>2026-09-27T01:12:18Z</time></trkpt><trkpt lat="37.57008743286133" lon="127.04459381103516"><ele>12.600000381469727</ele><time>2026-09-27T01:12:19Z</time></trkpt><trkpt lat="37.57008361816406" lon="127.04461669921875"><ele>12.600000381469727</ele><time>2026-09-27T01:12:20Z</time></trkpt><trkpt lat="37.570072174072266" lon="127.04463958740234"><ele>12.600000381469727</ele><time>2026-09-27T01:12:21Z</time></trkpt><trkpt lat="37.57006072998047" lon="127.0446548461914"><ele>12.600000381469727</ele><time>2026-09-27T01:12:22Z</time></trkpt><trkpt lat="37.57005310058594" lon="127.044677734375"><ele>12.600000381469727</ele><time>2026-09-27T01:12:23Z</time></trkpt><trkpt lat="37.57003402709961" lon="127.0447006225586"><ele>12.600000381469727</ele><time>2026-09-27T01:12:24Z</time></trkpt><trkpt lat="37.57002258300781" lon="127.04472351074219"><ele>12.600000381469727</ele><time>2026-09-27T01:12:25Z</time></trkpt><trkpt lat="37.57001876831055" lon="127.04473876953125"><ele>12.600000381469727</ele><time>2026-09-27T01:12:26Z</time></trkpt><trkpt lat="37.570011138916016" lon="127.04474639892578"><ele>12.600000381469727</ele><time>2026-09-27T01:12:27Z</time></trkpt><trkpt lat="37.56999969482422" lon="127.04476165771484"><ele>12.600000381469727</ele><time>2026-09-27T01:12:28Z</time></trkpt><trkpt lat="37.569984436035156" lon="127.04476928710938"><ele>12.600000381469727</ele><time>2026-09-27T01:12:29Z</time></trkpt><trkpt lat="37.56998825073242" lon="127.04476165771484"><ele>12.600000381469727</ele><time>2026-09-27T01:12:30Z</time></trkpt><trkpt lat="37.56999206542969" lon="127.04476165771484"><ele>12.600000381469727</ele><time>2026-09-27T01:12:31Z</time></trkpt><trkpt lat="37.56998825073242" lon="127.04476165771484"><ele>12.800000190734863</ele><time>2026-09-27T01:12:32Z</time></trkpt><trkpt lat="37.56998825073242" lon="127.04475402832031"><ele>12.800000190734863</ele><time>2026-09-27T01:12:33Z</time></trkpt><trkpt lat="37.569984436035156" lon="127.04474639892578"><ele>12.800000190734863</ele><time>2026-09-27T01:12:34Z</time></trkpt><trkpt lat="37.569984436035156" lon="127.04473114013672"><ele>12.800000190734863</ele><time>2026-09-27T01:12:35Z</time></trkpt><trkpt lat="37.569984436035156" lon="127.04473114013672"><ele>12.800000190734863</ele><time>2026-09-27T01:12:36Z</time></trkpt><trkpt lat="37.56998062133789" lon="127.04472351074219"><ele>12.800000190734863</ele><time>2026-09-27T01:12:37Z</time></trkpt><trkpt lat="37.569976806640625" lon="127.04471588134766"><ele>12.600000381469727</ele><time>2026-09-27T01:12:38Z</time></trkpt><trkpt lat="37.569976806640625" lon="127.04470825195312"><ele>12.600000381469727</ele><time>2026-09-27T01:12:39Z</time></trkpt><trkpt lat="37.56997299194336" lon="127.0447006225586"><ele>12.600000381469727</ele><time>2026-09-27T01:12:40Z</time></trkpt><trkpt lat="37.56997299194336" lon="127.04468536376953"><ele>12.600000381469727</ele><time>2026-09-27T01:12:41Z</time></trkpt><trkpt lat="37.56997299194336" lon="127.044677734375"><ele>12.600000381469727</ele><time>2026-09-27T01:12:42Z</time></trkpt><trkpt lat="37.56997299194336" lon="127.04467010498047"><ele>12.600000381469727</ele><time>2026-09-27T01:12:43Z</time></trkpt><trkpt lat="37.56997299194336" lon="127.04467010498047"><ele>12.800000190734863</ele><time>2026-09-27T01:12:44Z</time></trkpt><trkpt lat="37.56997299194336" lon="127.044677734375"><ele>12.800000190734863</ele><time>2026-09-27T01:12:45Z</time></trkpt><trkpt lat="37.56997299194336" lon="127.04467010498047"><ele>12.800000190734863</ele><time>2026-09-27T01:12:46Z</time></trkpt><trkpt lat="37.569976806640625" lon="127.044677734375"><ele>12.600000381469727</ele><time>2026-09-27T01:12:47Z</time></trkpt><trkpt lat="37.569976806640625" lon="127.044677734375"><ele>12.600000381469727</ele><time>2026-09-27T01:12:48Z</time></trkpt><trkpt lat="37.56997299194336" lon="127.04468536376953"><ele>12.399999618530273</ele><time>2026-09-27T01:12:49Z</time></trkpt><trkpt lat="37.56996154785156" lon="127.04470825195312"><ele>12.399999618530273</ele><time>2026-09-27T01:12:50Z</time></trkpt><trkpt lat="37.569950103759766" lon="127.04473114013672"><ele>12.399999618530273</ele><time>2026-09-27T01:12:51Z</time></trkpt><trkpt lat="37.56993865966797" lon="127.04475402832031"><ele>12.399999618530273</ele><time>2026-09-27T01:12:52Z</time></trkpt><trkpt lat="37.56992721557617" lon="127.04478454589844"><ele>12.600000381469727</ele><time>2026-09-27T01:12:53Z</time></trkpt><trkpt lat="37.569915771484375" lon="127.04480743408203"><ele>12.600000381469727</ele><time>2026-09-27T01:12:54Z</time></trkpt><trkpt lat="37.569908142089844" lon="127.04484558105469"><ele>12.600000381469727</ele><time>2026-09-27T01:12:55Z</time></trkpt><trkpt lat="37.56990051269531" lon="127.04487609863281"><ele>12.600000381469727</ele><time>2026-09-27T01:12:56Z</time></trkpt><trkpt lat="37.56989288330078" lon="127.04490661621094"><ele>12.600000381469727</ele><time>2026-09-27T01:12:57Z</time></trkpt><trkpt lat="37.569881439208984" lon="127.04492950439453"><ele>12.600000381469727</ele><time>2026-09-27T01:12:58Z</time></trkpt><trkpt lat="37.56987762451172" lon="127.04495239257812"><ele>12.600000381469727</ele><time>2026-09-27T01:12:59Z</time></trkpt><trkpt lat="37.56986618041992" lon="127.04498291015625"><ele>12.600000381469727</ele><time>2026-09-27T01:13:00Z</time></trkpt><trkpt lat="37.56985855102539" lon="127.04500579833984"><ele>12.600000381469727</ele><time>2026-09-27T01:13:01Z</time></trkpt><trkpt lat="37.569847106933594" lon="127.04503631591797"><ele>12.600000381469727</ele><time>2026-09-27T01:13:02Z</time></trkpt><trkpt lat="37.5698356628418" lon="127.04505920410156"><ele>12.600000381469727</ele><time>2026-09-27T01:13:03Z</time></trkpt><trkpt lat="37.569828033447266" lon="127.04508972167969"><ele>12.600000381469727</ele><time>2026-09-27T01:13:04Z</time></trkpt><trkpt lat="37.56981658935547" lon="127.04511260986328"><ele>12.600000381469727</ele><time>2026-09-27T01:13:05Z</time></trkpt><trkpt lat="37.56980514526367" lon="127.04513549804688"><ele>12.600000381469727</ele><time>2026-09-27T01:13:06Z</time></trkpt><trkpt lat="37.569793701171875" lon="127.04515838623047"><ele>12.399999618530273</ele><time>2026-09-27T01:13:07Z</time></trkpt><trkpt lat="37.56978225708008" lon="127.04518127441406"><ele>12.399999618530273</ele><time>2026-09-27T01:13:08Z</time></trkpt><trkpt lat="37.569766998291016" lon="127.04520416259766"><ele>12.399999618530273</ele><time>2026-09-27T01:13:09Z</time></trkpt><trkpt lat="37.569759368896484" lon="127.04522705078125"><ele>12.399999618530273</ele><time>2026-09-27T01:13:10Z</time></trkpt><trkpt lat="37.56974411010742" lon="127.04524993896484"><ele>12.399999618530273</ele><time>2026-09-27T01:13:11Z</time></trkpt><trkpt lat="37.569732666015625" lon="127.04528045654297"><ele>12.399999618530273</ele><time>2026-09-27T01:13:12Z</time></trkpt><trkpt lat="37.56972122192383" lon="127.0453109741211"><ele>12.399999618530273</ele><time>2026-09-27T01:13:13Z</time></trkpt><trkpt lat="37.5697021484375" lon="127.04534149169922"><ele>12.399999618530273</ele><time>2026-09-27T01:13:14Z</time></trkpt><trkpt lat="37.5696907043457" lon="127.04536437988281"><ele>12.399999618530273</ele><time>2026-09-27T01:13:15Z</time></trkpt><trkpt lat="37.569671630859375" lon="127.0453872680664"><ele>12.399999618530273</ele><time>2026-09-27T01:13:16Z</time></trkpt><trkpt lat="37.56965637207031" lon="127.04541015625"><ele>12.399999618530273</ele><time>2026-09-27T01:13:17Z</time></trkpt><trkpt lat="37.569637298583984" lon="127.0454330444336"><ele>12.399999618530273</ele><time>2026-09-27T01:13:18Z</time></trkpt><trkpt lat="37.56962585449219" lon="127.04544830322266"><ele>12.399999618530273</ele><time>2026-09-27T01:13:19Z</time></trkpt><trkpt lat="37.56960678100586" lon="127.04546356201172"><ele>12.399999618530273</ele><time>2026-09-27T01:13:20Z</time></trkpt><trkpt lat="37.56959533691406" lon="127.04548645019531"><ele>12.399999618530273</ele><time>2026-09-27T01:13:21Z</time></trkpt><trkpt lat="37.569580078125" lon="127.04550170898438"><ele>12.399999618530273</ele><time>2026-09-27T01:13:22Z</time></trkpt><trkpt lat="37.56956481933594" lon="127.04551696777344"><ele>12.399999618530273</ele><time>2026-09-27T01:13:23Z</time></trkpt><trkpt lat="37.56955337524414" lon="127.04553985595703"><ele>12.399999618530273</ele><time>2026-09-27T01:13:24Z</time></trkpt><trkpt lat="37.56953430175781" lon="127.0455551147461"><ele>12.600000381469727</ele><time>2026-09-27T01:13:25Z</time></trkpt><trkpt lat="37.569522857666016" lon="127.04556274414062"><ele>12.600000381469727</ele><time>2026-09-27T01:13:26Z</time></trkpt><trkpt lat="37.56950759887695" lon="127.04558563232422"><ele>12.600000381469727</ele><time>2026-09-27T01:13:27Z</time></trkpt><trkpt lat="37.56949234008789" lon="127.04560089111328"><ele>12.399999618530273</ele><time>2026-09-27T01:13:28Z</time></trkpt><trkpt lat="37.56947708129883" lon="127.04562377929688"><ele>12.600000381469727</ele><time>2026-09-27T01:13:29Z</time></trkpt><trkpt lat="37.569461822509766" lon="127.04563903808594"><ele>12.600000381469727</ele><time>2026-09-27T01:13:30Z</time></trkpt><trkpt lat="37.5694465637207" lon="127.045654296875"><ele>12.600000381469727</ele><time>2026-09-27T01:13:31Z</time></trkpt><trkpt lat="37.56943130493164" lon="127.04566955566406"><ele>12.600000381469727</ele><time>2026-09-27T01:13:32Z</time></trkpt><trkpt lat="37.569419860839844" lon="127.04569244384766"><ele>12.600000381469727</ele><time>2026-09-27T01:13:33Z</time></trkpt><trkpt lat="37.56940460205078" lon="127.04570770263672"><ele>12.600000381469727</ele><time>2026-09-27T01:13:34Z</time></trkpt><trkpt lat="37.56938934326172" lon="127.04573059082031"><ele>12.600000381469727</ele><time>2026-09-27T01:13:35Z</time></trkpt><trkpt lat="37.569374084472656" lon="127.04574584960938"><ele>12.600000381469727</ele><time>2026-09-27T01:13:36Z</time></trkpt><trkpt lat="37.56936264038086" lon="127.04576110839844"><ele>12.600000381469727</ele><time>2026-09-27T01:13:37Z</time></trkpt><trkpt lat="37.5693473815918" lon="127.0457763671875"><ele>12.600000381469727</ele><time>2026-09-27T01:13:38Z</time></trkpt><trkpt lat="37.569332122802734" lon="127.04579162597656"><ele>12.600000381469727</ele><time>2026-09-27T01:13:39Z</time></trkpt><trkpt lat="37.56931686401367" lon="127.04580688476562"><ele>12.600000381469727</ele><time>2026-09-27T01:13:40Z</time></trkpt><trkpt lat="37.56930160522461" lon="127.04582214355469"><ele>12.600000381469727</ele><time>2026-09-27T01:13:41Z</time></trkpt><trkpt lat="37.56929016113281" lon="127.04583740234375"><ele>12.600000381469727</ele><time>2026-09-27T01:13:42Z</time></trkpt><trkpt lat="37.56927490234375" lon="127.04584503173828"><ele>12.600000381469727</ele><time>2026-09-27T01:13:43Z</time></trkpt><trkpt lat="37.56925582885742" lon="127.04586029052734"><ele>12.600000381469727</ele><time>2026-09-27T01:13:44Z</time></trkpt><trkpt lat="37.56924057006836" lon="127.0458755493164"><ele>12.600000381469727</ele><time>2026-09-27T01:13:45Z</time></trkpt><trkpt lat="37.56922149658203" lon="127.04589080810547"><ele>12.600000381469727</ele><time>2026-09-27T01:13:46Z</time></trkpt><trkpt lat="37.56920623779297" lon="127.04590606689453"><ele>12.600000381469727</ele><time>2026-09-27T01:13:47Z</time></trkpt><trkpt lat="37.56919479370117" lon="127.04591369628906"><ele>12.600000381469727</ele><time>2026-09-27T01:13:48Z</time></trkpt><trkpt lat="37.569183349609375" lon="127.0459213256836"><ele>12.600000381469727</ele><time>2026-09-27T01:13:49Z</time></trkpt><trkpt lat="37.56917190551758" lon="127.04592895507812"><ele>12.600000381469727</ele><time>2026-09-27T01:13:50Z</time></trkpt><trkpt lat="37.56916046142578" lon="127.04593658447266"><ele>12.600000381469727</ele><time>2026-09-27T01:13:51Z</time></trkpt><trkpt lat="37.569149017333984" lon="127.04594421386719"><ele>12.800000190734863</ele><time>2026-09-27T01:13:52Z</time></trkpt><trkpt lat="37.56913375854492" lon="127.04594421386719"><ele>12.800000190734863</ele><time>2026-09-27T01:13:53Z</time></trkpt><trkpt lat="37.569122314453125" lon="127.04595184326172"><ele>12.800000190734863</ele><time>2026-09-27T01:13:54Z</time></trkpt><trkpt lat="37.56910705566406" lon="127.04595947265625"><ele>12.800000190734863</ele><time>2026-09-27T01:13:55Z</time></trkpt><trkpt lat="37.569091796875" lon="127.04596710205078"><ele>12.800000190734863</ele><time>2026-09-27T01:13:56Z</time></trkpt><trkpt lat="37.56907653808594" lon="127.04597473144531"><ele>12.800000190734863</ele><time>2026-09-27T01:13:57Z</time></trkpt><trkpt lat="37.56906509399414" lon="127.04597473144531"><ele>12.800000190734863</ele><time>2026-09-27T01:13:58Z</time></trkpt><trkpt lat="37.56904983520508" lon="127.04598236083984"><ele>12.800000190734863</ele><time>2026-09-27T01:13:59Z</time></trkpt><trkpt lat="37.569034576416016" lon="127.04598236083984"><ele>12.800000190734863</ele><time>2026-09-27T01:14:00Z</time></trkpt><trkpt lat="37.56901931762695" lon="127.04598999023438"><ele>12.800000190734863</ele><time>2026-09-27T01:14:01Z</time></trkpt><trkpt lat="37.569007873535156" lon="127.04598999023438"><ele>12.800000190734863</ele><time>2026-09-27T01:14:02Z</time></trkpt><trkpt lat="37.568992614746094" lon="127.0459976196289"><ele>12.800000190734863</ele><time>2026-09-27T01:14:03Z</time></trkpt><trkpt lat="37.5689811706543" lon="127.04600524902344"><ele>12.600000381469727</ele><time>2026-09-27T01:14:04Z</time></trkpt><trkpt lat="37.568965911865234" lon="127.04600524902344"><ele>12.600000381469727</ele><time>2026-09-27T01:14:05Z</time></trkpt><trkpt lat="37.56895446777344" lon="127.04601287841797"><ele>12.600000381469727</ele><time>2026-09-27T01:14:06Z</time></trkpt><trkpt lat="37.56894302368164" lon="127.04601287841797"><ele>12.600000381469727</ele><time>2026-09-27T01:14:07Z</time></trkpt><trkpt lat="37.56892776489258" lon="127.04601287841797"><ele>12.600000381469727</ele><time>2026-09-27T01:14:08Z</time></trkpt><trkpt lat="37.568912506103516" lon="127.0460205078125"><ele>12.600000381469727</ele><time>2026-09-27T01:14:09Z</time></trkpt><trkpt lat="37.56889724731445" lon="127.0460205078125"><ele>12.600000381469727</ele><time>2026-09-27T01:14:10Z</time></trkpt><trkpt lat="37.56888961791992" lon="127.0460205078125"><ele>12.600000381469727</ele><time>2026-09-27T01:14:11Z</time></trkpt><trkpt lat="37.568878173828125" lon="127.0460205078125"><ele>12.600000381469727</ele><time>2026-09-27T01:14:12Z</time></trkpt><trkpt lat="37.568870544433594" lon="127.0460205078125"><ele>12.600000381469727</ele><time>2026-09-27T01:14:13Z</time></trkpt><trkpt lat="37.56886291503906" lon="127.04602813720703"><ele>12.600000381469727</ele><time>2026-09-27T01:14:14Z</time></trkpt><trkpt lat="37.56884765625" lon="127.04603576660156"><ele>12.600000381469727</ele><time>2026-09-27T01:14:15Z</time></trkpt><trkpt lat="37.56883239746094" lon="127.04603576660156"><ele>12.600000381469727</ele><time>2026-09-27T01:14:16Z</time></trkpt><trkpt lat="37.56881332397461" lon="127.0460433959961"><ele>12.600000381469727</ele><time>2026-09-27T01:14:17Z</time></trkpt><trkpt lat="37.56879425048828" lon="127.0460433959961"><ele>12.600000381469727</ele><time>2026-09-27T01:14:18Z</time></trkpt><trkpt lat="37.56877136230469" lon="127.0460433959961"><ele>12.600000381469727</ele><time>2026-09-27T01:14:19Z</time></trkpt><trkpt lat="37.568748474121094" lon="127.0460433959961"><ele>12.399999618530273</ele><time>2026-09-27T01:14:20Z</time></trkpt><trkpt lat="37.568729400634766" lon="127.04605102539062"><ele>12.399999618530273</ele><time>2026-09-27T01:14:21Z</time></trkpt><trkpt lat="37.5687141418457" lon="127.04605865478516"><ele>12.399999618530273</ele><time>2026-09-27T01:14:22Z</time></trkpt><trkpt lat="37.568695068359375" lon="127.04607391357422"><ele>12.399999618530273</ele><time>2026-09-27T01:14:23Z</time></trkpt><trkpt lat="37.56867218017578" lon="127.04608154296875"><ele>12.600000381469727</ele><time>2026-09-27T01:14:24Z</time></trkpt><trkpt lat="37.56865310668945" lon="127.04609680175781"><ele>12.600000381469727</ele><time>2026-09-27T01:14:25Z</time></trkpt><trkpt lat="37.568634033203125" lon="127.04611206054688"><ele>12.600000381469727</ele><time>2026-09-27T01:14:26Z</time></trkpt><trkpt lat="37.5686149597168" lon="127.04612731933594"><ele>12.600000381469727</ele><time>2026-09-27T01:14:27Z</time></trkpt><trkpt lat="37.56859588623047" lon="127.04615020751953"><ele>12.600000381469727</ele><time>2026-09-27T01:14:28Z</time></trkpt><trkpt lat="37.568580627441406" lon="127.0461654663086"><ele>12.600000381469727</ele><time>2026-09-27T01:14:29Z</time></trkpt><trkpt lat="37.568565368652344" lon="127.04618072509766"><ele>12.600000381469727</ele><time>2026-09-27T01:14:30Z</time></trkpt><trkpt lat="37.56855392456055" lon="127.04619598388672"><ele>12.399999618530273</ele><time>2026-09-27T01:14:31Z</time></trkpt><trkpt lat="37.56854248046875" lon="127.04621887207031"><ele>12.399999618530273</ele><time>2026-09-27T01:14:32Z</time></trkpt><trkpt lat="37.56852722167969" lon="127.04623413085938"><ele>12.399999618530273</ele><time>2026-09-27T01:14:33Z</time></trkpt><trkpt lat="37.568504333496094" lon="127.04625701904297"><ele>12.399999618530273</ele><time>2026-09-27T01:14:34Z</time></trkpt><trkpt lat="37.5684814453125" lon="127.04627990722656"><ele>12.399999618530273</ele><time>2026-09-27T01:14:35Z</time></trkpt><trkpt lat="37.56846237182617" lon="127.0462875366211"><ele>12.399999618530273</ele><time>2026-09-27T01:14:36Z</time></trkpt><trkpt lat="37.568443298339844" lon="127.04629516601562"><ele>12.399999618530273</ele><time>2026-09-27T01:14:37Z</time></trkpt><trkpt lat="37.568424224853516" lon="127.04630279541016"><ele>12.399999618530273</ele><time>2026-09-27T01:14:38Z</time></trkpt><trkpt lat="37.56840515136719" lon="127.04631042480469"><ele>12.399999618530273</ele><time>2026-09-27T01:14:39Z</time></trkpt><trkpt lat="37.568389892578125" lon="127.04631805419922"><ele>12.399999618530273</ele><time>2026-09-27T01:14:40Z</time></trkpt><trkpt lat="37.5683708190918" lon="127.04632568359375"><ele>12.399999618530273</ele><time>2026-09-27T01:14:41Z</time></trkpt><trkpt lat="37.56835174560547" lon="127.04633331298828"><ele>12.399999618530273</ele><time>2026-09-27T01:14:42Z</time></trkpt><trkpt lat="37.56833267211914" lon="127.04634094238281"><ele>12.399999618530273</ele><time>2026-09-27T01:14:43Z</time></trkpt><trkpt lat="37.56830978393555" lon="127.04635620117188"><ele>12.399999618530273</ele><time>2026-09-27T01:14:44Z</time></trkpt><trkpt lat="37.56829071044922" lon="127.04637145996094"><ele>12.399999618530273</ele><time>2026-09-27T01:14:45Z</time></trkpt><trkpt lat="37.56826400756836" lon="127.04639434814453"><ele>12.399999618530273</ele><time>2026-09-27T01:14:46Z</time></trkpt><trkpt lat="37.56824493408203" lon="127.04641723632812"><ele>12.399999618530273</ele><time>2026-09-27T01:14:47Z</time></trkpt><trkpt lat="37.568214416503906" lon="127.04644012451172"><ele>12.399999618530273</ele><time>2026-09-27T01:14:48Z</time></trkpt><trkpt lat="37.56818771362305" lon="127.04645538330078"><ele>12.199999809265137</ele><time>2026-09-27T01:14:49Z</time></trkpt><trkpt lat="37.56816101074219" lon="127.04646301269531"><ele>12.199999809265137</ele><time>2026-09-27T01:14:50Z</time></trkpt><trkpt lat="37.56814193725586" lon="127.04647064208984"><ele>12.199999809265137</ele><time>2026-09-27T01:14:51Z</time></trkpt><trkpt lat="37.568119049072266" lon="127.0464859008789"><ele>12.199999809265137</ele><time>2026-09-27T01:14:52Z</time></trkpt><trkpt lat="37.56809997558594" lon="127.04649353027344"><ele>12.199999809265137</ele><time>2026-09-27T01:14:53Z</time></trkpt><trkpt lat="37.56807327270508" lon="127.0465087890625"><ele>12.199999809265137</ele><time>2026-09-27T01:14:54Z</time></trkpt><trkpt lat="37.56805419921875" lon="127.04651641845703"><ele>12.399999618530273</ele><time>2026-09-27T01:14:55Z</time></trkpt><trkpt lat="37.568031311035156" lon="127.04651641845703"><ele>12.399999618530273</ele><time>2026-09-27T01:14:56Z</time></trkpt><trkpt lat="37.56801223754883" lon="127.04652404785156"><ele>12.399999618530273</ele><time>2026-09-27T01:14:57Z</time></trkpt><trkpt lat="37.567989349365234" lon="127.04652404785156"><ele>12.399999618530273</ele><time>2026-09-27T01:14:58Z</time></trkpt><trkpt lat="37.56796646118164" lon="127.0465316772461"><ele>12.399999618530273</ele><time>2026-09-27T01:14:59Z</time></trkpt><trkpt lat="37.56794738769531" lon="127.04653930664062"><ele>12.399999618530273</ele><time>2026-09-27T01:15:00Z</time></trkpt><trkpt lat="37.56792068481445" lon="127.04654693603516"><ele>12.399999618530273</ele><time>2026-09-27T01:15:01Z</time></trkpt><trkpt lat="37.567901611328125" lon="127.04654693603516"><ele>12.399999618530273</ele><time>2026-09-27T01:15:02Z</time></trkpt><trkpt lat="37.567874908447266" lon="127.04655456542969"><ele>12.600000381469727</ele><time>2026-09-27T01:15:03Z</time></trkpt><trkpt lat="37.56785583496094" lon="127.04656982421875"><ele>12.399999618530273</ele><time>2026-09-27T01:15:04Z</time></trkpt><trkpt lat="37.567832946777344" lon="127.04657745361328"><ele>12.399999618530273</ele><time>2026-09-27T01:15:05Z</time></trkpt><trkpt lat="37.567813873291016" lon="127.04658508300781"><ele>12.399999618530273</ele><time>2026-09-27T01:15:06Z</time></trkpt><trkpt lat="37.567787170410156" lon="127.04659271240234"><ele>12.399999618530273</ele><time>2026-09-27T01:15:07Z</time></trkpt><trkpt lat="37.56776809692383" lon="127.04659271240234"><ele>12.399999618530273</ele><time>2026-09-27T01:15:08Z</time></trkpt><trkpt lat="37.567745208740234" lon="127.0466079711914"><ele>12.399999618530273</ele><time>2026-09-27T01:15:09Z</time></trkpt><trkpt lat="37.567726135253906" lon="127.04661560058594"><ele>12.399999618530273</ele><time>2026-09-27T01:15:10Z</time></trkpt><trkpt lat="37.56770324707031" lon="127.04661560058594"><ele>12.399999618530273</ele><time>2026-09-27T01:15:11Z</time></trkpt><trkpt lat="37.56768035888672" lon="127.04661560058594"><ele>12.399999618530273</ele><time>2026-09-27T01:15:12Z</time></trkpt><trkpt lat="37.567657470703125" lon="127.04662322998047"><ele>12.399999618530273</ele><time>2026-09-27T01:15:13Z</time></trkpt><trkpt lat="37.56763458251953" lon="127.04662322998047"><ele>12.600000381469727</ele><time>2026-09-27T01:15:14Z</time></trkpt><trkpt lat="37.56761932373047" lon="127.046630859375"><ele>12.600000381469727</ele><time>2026-09-27T01:15:15Z</time></trkpt><trkpt lat="37.567596435546875" lon="127.04663848876953"><ele>12.600000381469727</ele><time>2026-09-27T01:15:16Z</time></trkpt><trkpt lat="37.56758117675781" lon="127.04664611816406"><ele>12.600000381469727</ele><time>2026-09-27T01:15:17Z</time></trkpt><trkpt lat="37.56755828857422" lon="127.04666137695312"><ele>12.399999618530273</ele><time>2026-09-27T01:15:18Z</time></trkpt><trkpt lat="37.567543029785156" lon="127.04666900634766"><ele>12.600000381469727</ele><time>2026-09-27T01:15:19Z</time></trkpt><trkpt lat="37.56752014160156" lon="127.04667663574219"><ele>12.600000381469727</ele><time>2026-09-27T01:15:20Z</time></trkpt><trkpt lat="37.567501068115234" lon="127.04667663574219"><ele>12.600000381469727</ele><time>2026-09-27T01:15:21Z</time></trkpt><trkpt lat="37.567481994628906" lon="127.04668426513672"><ele>12.600000381469727</ele><time>2026-09-27T01:15:22Z</time></trkpt><trkpt lat="37.56746292114258" lon="127.04669189453125"><ele>12.600000381469727</ele><time>2026-09-27T01:15:23Z</time></trkpt><trkpt lat="37.56744384765625" lon="127.04670715332031"><ele>12.600000381469727</ele><time>2026-09-27T01:15:24Z</time></trkpt><trkpt lat="37.567420959472656" lon="127.04671478271484"><ele>12.399999618530273</ele><time>2026-09-27T01:15:25Z</time></trkpt><trkpt lat="37.567405700683594" lon="127.0467300415039"><ele>12.399999618530273</ele><time>2026-09-27T01:15:26Z</time></trkpt><trkpt lat="37.5673828125" lon="127.04673767089844"><ele>12.399999618530273</ele><time>2026-09-27T01:15:27Z</time></trkpt><trkpt lat="37.56736755371094" lon="127.0467529296875"><ele>12.399999618530273</ele><time>2026-09-27T01:15:28Z</time></trkpt><trkpt lat="37.56734848022461" lon="127.04676055908203"><ele>12.600000381469727</ele><time>2026-09-27T01:15:29Z</time></trkpt><trkpt lat="37.56733703613281" lon="127.0467758178711"><ele>12.600000381469727</ele><time>2026-09-27T01:15:30Z</time></trkpt><trkpt lat="37.567317962646484" lon="127.04678344726562"><ele>12.600000381469727</ele><time>2026-09-27T01:15:31Z</time></trkpt><trkpt lat="37.567298889160156" lon="127.04679870605469"><ele>12.600000381469727</ele><time>2026-09-27T01:15:32Z</time></trkpt><trkpt lat="37.56727981567383" lon="127.04680633544922"><ele>12.600000381469727</ele><time>2026-09-27T01:15:33Z</time></trkpt><trkpt lat="37.567256927490234" lon="127.04682159423828"><ele>12.600000381469727</ele><time>2026-09-27T01:15:34Z</time></trkpt><trkpt lat="37.567237854003906" lon="127.04683685302734"><ele>12.600000381469727</ele><time>2026-09-27T01:15:35Z</time></trkpt><trkpt lat="37.56721878051758" lon="127.0468521118164"><ele>12.399999618530273</ele><time>2026-09-27T01:15:36Z</time></trkpt><trkpt lat="37.567203521728516" lon="127.04685974121094"><ele>12.399999618530273</ele><time>2026-09-27T01:15:37Z</time></trkpt><trkpt lat="37.56718063354492" lon="127.04686737060547"><ele>12.399999618530273</ele><time>2026-09-27T01:15:38Z</time></trkpt><trkpt lat="37.567169189453125" lon="127.04688262939453"><ele>12.399999618530273</ele><time>2026-09-27T01:15:39Z</time></trkpt><trkpt lat="37.5671501159668" lon="127.0468978881836"><ele>12.399999618530273</ele><time>2026-09-27T01:15:40Z</time></trkpt><trkpt lat="37.56713104248047" lon="127.04690551757812"><ele>12.399999618530273</ele><time>2026-09-27T01:15:41Z</time></trkpt><trkpt lat="37.56711196899414" lon="127.04691314697266"><ele>12.399999618530273</ele><time>2026-09-27T01:15:42Z</time></trkpt><trkpt lat="37.56709289550781" lon="127.04692840576172"><ele>12.399999618530273</ele><time>2026-09-27T01:15:43Z</time></trkpt><trkpt lat="37.567073822021484" lon="127.04693603515625"><ele>12.399999618530273</ele><time>2026-09-27T01:15:44Z</time></trkpt><trkpt lat="37.56705856323242" lon="127.04695129394531"><ele>12.399999618530273</ele><time>2026-09-27T01:15:45Z</time></trkpt><trkpt lat="37.56704330444336" lon="127.04695892333984"><ele>12.399999618530273</ele><time>2026-09-27T01:15:46Z</time></trkpt><trkpt lat="37.56702423095703" lon="127.04696655273438"><ele>12.399999618530273</ele><time>2026-09-27T01:15:47Z</time></trkpt><trkpt lat="37.567012786865234" lon="127.04698181152344"><ele>12.199999809265137</ele><time>2026-09-27T01:15:48Z</time></trkpt><trkpt lat="37.566993713378906" lon="127.04698944091797"><ele>12.399999618530273</ele><time>2026-09-27T01:15:49Z</time></trkpt><trkpt lat="37.566978454589844" lon="127.04700469970703"><ele>12.199999809265137</ele><time>2026-09-27T01:15:50Z</time></trkpt><trkpt lat="37.56695556640625" lon="127.0470199584961"><ele>12.199999809265137</ele><time>2026-09-27T01:15:51Z</time></trkpt><trkpt lat="37.56694030761719" lon="127.04703521728516"><ele>12.199999809265137</ele><time>2026-09-27T01:15:52Z</time></trkpt><trkpt lat="37.566917419433594" lon="127.04704284667969"><ele>12.399999618530273</ele><time>2026-09-27T01:15:53Z</time></trkpt><trkpt lat="37.56690216064453" lon="127.04705810546875"><ele>12.199999809265137</ele><time>2026-09-27T01:15:54Z</time></trkpt><trkpt lat="37.5668830871582" lon="127.04706573486328"><ele>12.199999809265137</ele><time>2026-09-27T01:15:55Z</time></trkpt><trkpt lat="37.56686782836914" lon="127.04707336425781"><ele>12.399999618530273</ele><time>2026-09-27T01:15:56Z</time></trkpt><trkpt lat="37.56684875488281" lon="127.04708862304688"><ele>12.399999618530273</ele><time>2026-09-27T01:15:57Z</time></trkpt><trkpt lat="37.566829681396484" lon="127.0470962524414"><ele>12.199999809265137</ele><time>2026-09-27T01:15:58Z</time></trkpt><trkpt lat="37.56681442260742" lon="127.04711151123047"><ele>12.399999618530273</ele><time>2026-09-27T01:15:59Z</time></trkpt><trkpt lat="37.56678771972656" lon="127.04711151123047"><ele>12.199999809265137</ele><time>2026-09-27T01:16:00Z</time></trkpt><trkpt lat="37.5667724609375" lon="127.047119140625"><ele>12.199999809265137</ele><time>2026-09-27T01:16:01Z</time></trkpt><trkpt lat="37.56675338745117" lon="127.04712677001953"><ele>12.199999809265137</ele><time>2026-09-27T01:16:02Z</time></trkpt><trkpt lat="37.566734313964844" lon="127.0471420288086"><ele>12.199999809265137</ele><time>2026-09-27T01:16:03Z</time></trkpt><trkpt lat="37.56671142578125" lon="127.04714965820312"><ele>12.199999809265137</ele><time>2026-09-27T01:16:04Z</time></trkpt><trkpt lat="37.56669235229492" lon="127.04716491699219"><ele>12.199999809265137</ele><time>2026-09-27T01:16:05Z</time></trkpt><trkpt lat="37.56666564941406" lon="127.04717254638672"><ele>12.199999809265137</ele><time>2026-09-27T01:16:06Z</time></trkpt><trkpt lat="37.56664276123047" lon="127.04718780517578"><ele>12.399999618530273</ele><time>2026-09-27T01:16:07Z</time></trkpt><trkpt lat="37.56662368774414" lon="127.04719543457031"><ele>12.399999618530273</ele><time>2026-09-27T01:16:08Z</time></trkpt><trkpt lat="37.56660461425781" lon="127.04721069335938"><ele>12.399999618530273</ele><time>2026-09-27T01:16:09Z</time></trkpt><trkpt lat="37.566585540771484" lon="127.04722595214844"><ele>12.399999618530273</ele><time>2026-09-27T01:16:10Z</time></trkpt><trkpt lat="37.56656265258789" lon="127.04723358154297"><ele>12.399999618530273</ele><time>2026-09-27T01:16:11Z</time></trkpt><trkpt lat="37.56654357910156" lon="127.04724884033203"><ele>12.399999618530273</ele><time>2026-09-27T01:16:12Z</time></trkpt><trkpt lat="37.566524505615234" lon="127.04725646972656"><ele>12.399999618530273</ele><time>2026-09-27T01:16:13Z</time></trkpt><trkpt lat="37.566505432128906" lon="127.0472640991211"><ele>12.399999618530273</ele><time>2026-09-27T01:16:14Z</time></trkpt><trkpt lat="37.56648254394531" lon="127.04727172851562"><ele>12.399999618530273</ele><time>2026-09-27T01:16:15Z</time></trkpt><trkpt lat="37.56645965576172" lon="127.04728698730469"><ele>12.399999618530273</ele><time>2026-09-27T01:16:16Z</time></trkpt><trkpt lat="37.566436767578125" lon="127.04728698730469"><ele>12.399999618530273</ele><time>2026-09-27T01:16:17Z</time></trkpt><trkpt lat="37.5664176940918" lon="127.04729461669922"><ele>12.600000381469727</ele><time>2026-09-27T01:16:18Z</time></trkpt><trkpt lat="37.5663948059082" lon="127.04730987548828"><ele>12.399999618530273</ele><time>2026-09-27T01:16:19Z</time></trkpt><trkpt lat="37.566375732421875" lon="127.04732513427734"><ele>12.399999618530273</ele><time>2026-09-27T01:16:20Z</time></trkpt><trkpt lat="37.56635284423828" lon="127.04733276367188"><ele>12.399999618530273</ele><time>2026-09-27T01:16:21Z</time></trkpt><trkpt lat="37.56633377075195" lon="127.04734802246094"><ele>12.399999618530273</ele><time>2026-09-27T01:16:22Z</time></trkpt><trkpt lat="37.566314697265625" lon="127.04736328125"><ele>12.399999618530273</ele><time>2026-09-27T01:16:23Z</time></trkpt><trkpt lat="37.56629180908203" lon="127.04737091064453"><ele>12.600000381469727</ele><time>2026-09-27T01:16:24Z</time></trkpt><trkpt lat="37.5662727355957" lon="127.04737854003906"><ele>12.600000381469727</ele><time>2026-09-27T01:16:25Z</time></trkpt><trkpt lat="37.56624984741211" lon="127.04739379882812"><ele>12.600000381469727</ele><time>2026-09-27T01:16:26Z</time></trkpt><trkpt lat="37.56623458862305" lon="127.04740905761719"><ele>12.600000381469727</ele><time>2026-09-27T01:16:27Z</time></trkpt><trkpt lat="37.56621551513672" lon="127.04742431640625"><ele>12.600000381469727</ele><time>2026-09-27T01:16:28Z</time></trkpt><trkpt lat="37.56619644165039" lon="127.04743194580078"><ele>12.600000381469727</ele><time>2026-09-27T01:16:29Z</time></trkpt><trkpt lat="37.56617736816406" lon="127.04744720458984"><ele>12.600000381469727</ele><time>2026-09-27T01:16:30Z</time></trkpt><trkpt lat="37.566162109375" lon="127.04745483398438"><ele>12.600000381469727</ele><time>2026-09-27T01:16:31Z</time></trkpt><trkpt lat="37.566139221191406" lon="127.04747009277344"><ele>12.600000381469727</ele><time>2026-09-27T01:16:32Z</time></trkpt><trkpt lat="37.566123962402344" lon="127.04747772216797"><ele>12.399999618530273</ele><time>2026-09-27T01:16:33Z</time></trkpt><trkpt lat="37.56610107421875" lon="127.0474853515625"><ele>12.600000381469727</ele><time>2026-09-27T01:16:34Z</time></trkpt><trkpt lat="37.56608200073242" lon="127.0474853515625"><ele>12.600000381469727</ele><time>2026-09-27T01:16:35Z</time></trkpt><trkpt lat="37.566062927246094" lon="127.04749298095703"><ele>12.600000381469727</ele><time>2026-09-27T01:16:36Z</time></trkpt><trkpt lat="37.5660400390625" lon="127.04750061035156"><ele>12.600000381469727</ele><time>2026-09-27T01:16:37Z</time></trkpt><trkpt lat="37.566017150878906" lon="127.0475082397461"><ele>12.600000381469727</ele><time>2026-09-27T01:16:38Z</time></trkpt><trkpt lat="37.56599044799805" lon="127.04751586914062"><ele>12.600000381469727</ele><time>2026-09-27T01:16:39Z</time></trkpt><trkpt lat="37.56596755981445" lon="127.04751586914062"><ele>12.399999618530273</ele><time>2026-09-27T01:16:40Z</time></trkpt><trkpt lat="37.565940856933594" lon="127.04752349853516"><ele>12.399999618530273</ele><time>2026-09-27T01:16:41Z</time></trkpt><trkpt lat="37.56591796875" lon="127.04753112792969"><ele>12.399999618530273</ele><time>2026-09-27T01:16:42Z</time></trkpt><trkpt lat="37.565895080566406" lon="127.04754638671875"><ele>12.399999618530273</ele><time>2026-09-27T01:16:43Z</time></trkpt><trkpt lat="37.56587600708008" lon="127.04755401611328"><ele>12.399999618530273</ele><time>2026-09-27T01:16:44Z</time></trkpt><trkpt lat="37.56585693359375" lon="127.04756927490234"><ele>12.399999618530273</ele><time>2026-09-27T01:16:45Z</time></trkpt><trkpt lat="37.565834045410156" lon="127.04757690429688"><ele>12.399999618530273</ele><time>2026-09-27T01:16:46Z</time></trkpt><trkpt lat="37.56581497192383" lon="127.0475845336914"><ele>12.399999618530273</ele><time>2026-09-27T01:16:47Z</time></trkpt><trkpt lat="37.5657958984375" lon="127.04759216308594"><ele>12.399999618530273</ele><time>2026-09-27T01:16:48Z</time></trkpt><trkpt lat="37.56578063964844" lon="127.04759979248047"><ele>12.399999618530273</ele><time>2026-09-27T01:16:49Z</time></trkpt><trkpt lat="37.565765380859375" lon="127.04761505126953"><ele>12.600000381469727</ele><time>2026-09-27T01:16:50Z</time></trkpt><trkpt lat="37.56574630737305" lon="127.04762268066406"><ele>12.600000381469727</ele><time>2026-09-27T01:16:51Z</time></trkpt><trkpt lat="37.56572341918945" lon="127.0476303100586"><ele>12.600000381469727</ele><time>2026-09-27T01:16:52Z</time></trkpt><trkpt lat="37.56570053100586" lon="127.04763793945312"><ele>12.600000381469727</ele><time>2026-09-27T01:16:53Z</time></trkpt><trkpt lat="37.565673828125" lon="127.04764556884766"><ele>12.600000381469727</ele><time>2026-09-27T01:16:54Z</time></trkpt><trkpt lat="37.56565475463867" lon="127.04766082763672"><ele>12.600000381469727</ele><time>2026-09-27T01:16:55Z</time></trkpt><trkpt lat="37.56563186645508" lon="127.04766845703125"><ele>12.600000381469727</ele><time>2026-09-27T01:16:56Z</time></trkpt><trkpt lat="37.56561279296875" lon="127.04767608642578"><ele>12.600000381469727</ele><time>2026-09-27T01:16:57Z</time></trkpt><trkpt lat="37.56559753417969" lon="127.04769134521484"><ele>12.399999618530273</ele><time>2026-09-27T01:16:58Z</time></trkpt><trkpt lat="37.565574645996094" lon="127.04769897460938"><ele>12.399999618530273</ele><time>2026-09-27T01:16:59Z</time></trkpt><trkpt lat="37.565555572509766" lon="127.0477066040039"><ele>12.399999618530273</ele><time>2026-09-27T01:17:00Z</time></trkpt><trkpt lat="37.56553649902344" lon="127.04772186279297"><ele>12.399999618530273</ele><time>2026-09-27T01:17:01Z</time></trkpt><trkpt lat="37.56551742553711" lon="127.04773712158203"><ele>12.399999618530273</ele><time>2026-09-27T01:17:02Z</time></trkpt><trkpt lat="37.56549835205078" lon="127.04774475097656"><ele>12.399999618530273</ele><time>2026-09-27T01:17:03Z</time></trkpt><trkpt lat="37.56548309326172" lon="127.04776000976562"><ele>12.399999618530273</ele><time>2026-09-27T01:17:04Z</time></trkpt><trkpt lat="37.565467834472656" lon="127.04777526855469"><ele>12.399999618530273</ele><time>2026-09-27T01:17:05Z</time></trkpt><trkpt lat="37.565452575683594" lon="127.04779052734375"><ele>12.399999618530273</ele><time>2026-09-27T01:17:06Z</time></trkpt><trkpt lat="37.56543731689453" lon="127.04780578613281"><ele>12.399999618530273</ele><time>2026-09-27T01:17:07Z</time></trkpt><trkpt lat="37.565425872802734" lon="127.04782104492188"><ele>12.199999809265137</ele><time>2026-09-27T01:17:08Z</time></trkpt><trkpt lat="37.56541061401367" lon="127.04783630371094"><ele>12.199999809265137</ele><time>2026-09-27T01:17:09Z</time></trkpt><trkpt lat="37.565391540527344" lon="127.0478515625"><ele>12.199999809265137</ele><time>2026-09-27T01:17:10Z</time></trkpt><trkpt lat="37.56537628173828" lon="127.04786682128906"><ele>12.199999809265137</ele><time>2026-09-27T01:17:11Z</time></trkpt><trkpt lat="37.56535720825195" lon="127.04788208007812"><ele>12.199999809265137</ele><time>2026-09-27T01:17:12Z</time></trkpt><trkpt lat="37.56534194946289" lon="127.04789733886719"><ele>12.199999809265137</ele><time>2026-09-27T01:17:13Z</time></trkpt><trkpt lat="37.5653190612793" lon="127.04791259765625"><ele>12.199999809265137</ele><time>2026-09-27T01:17:14Z</time></trkpt><trkpt lat="37.56529998779297" lon="127.04792785644531"><ele>12.0</ele><time>2026-09-27T01:17:15Z</time></trkpt><trkpt lat="37.56528091430664" lon="127.04794311523438"><ele>12.0</ele><time>2026-09-27T01:17:16Z</time></trkpt><trkpt lat="37.56526565551758" lon="127.04795837402344"><ele>12.0</ele><time>2026-09-27T01:17:17Z</time></trkpt><trkpt lat="37.565242767333984" lon="127.04796600341797"><ele>12.0</ele><time>2026-09-27T01:17:18Z</time></trkpt><trkpt lat="37.56521987915039" lon="127.0479736328125"><ele>12.0</ele><time>2026-09-27T01:17:19Z</time></trkpt><trkpt lat="37.56520080566406" lon="127.04798126220703"><ele>12.199999809265137</ele><time>2026-09-27T01:17:20Z</time></trkpt><trkpt lat="37.565181732177734" lon="127.04798889160156"><ele>12.0</ele><time>2026-09-27T01:17:21Z</time></trkpt><trkpt lat="37.56515884399414" lon="127.04800415039062"><ele>12.0</ele><time>2026-09-27T01:17:22Z</time></trkpt><trkpt lat="37.56513977050781" lon="127.04801940917969"><ele>12.0</ele><time>2026-09-27T01:17:23Z</time></trkpt><trkpt lat="37.565120697021484" lon="127.04803466796875"><ele>12.0</ele><time>2026-09-27T01:17:24Z</time></trkpt><trkpt lat="37.56509017944336" lon="127.04804229736328"><ele>11.800000190734863</ele><time>2026-09-27T01:17:25Z</time></trkpt><trkpt lat="37.56507110595703" lon="127.04804992675781"><ele>11.800000190734863</ele><time>2026-09-27T01:17:26Z</time></trkpt><trkpt lat="37.56504440307617" lon="127.04805755615234"><ele>11.800000190734863</ele><time>2026-09-27T01:17:27Z</time></trkpt><trkpt lat="37.56502151489258" lon="127.04806518554688"><ele>11.800000190734863</ele><time>2026-09-27T01:17:28Z</time></trkpt><trkpt lat="37.56499481201172" lon="127.0480728149414"><ele>11.800000190734863</ele><time>2026-09-27T01:17:29Z</time></trkpt><trkpt lat="37.56497573852539" lon="127.048095703125"><ele>11.800000190734863</ele><time>2026-09-27T01:17:30Z</time></trkpt><trkpt lat="37.5649528503418" lon="127.04810333251953"><ele>11.800000190734863</ele><time>2026-09-27T01:17:31Z</time></trkpt><trkpt lat="37.564937591552734" lon="127.0481185913086"><ele>11.800000190734863</ele><time>2026-09-27T01:17:32Z</time></trkpt><trkpt lat="37.56492233276367" lon="127.04812622070312"><ele>11.800000190734863</ele><time>2026-09-27T01:17:33Z</time></trkpt><trkpt lat="37.56489944458008" lon="127.04814147949219"><ele>11.800000190734863</ele><time>2026-09-27T01:17:34Z</time></trkpt><trkpt lat="37.564884185791016" lon="127.04814910888672"><ele>11.600000381469727</ele><time>2026-09-27T01:17:35Z</time></trkpt><trkpt lat="37.56486129760742" lon="127.04815673828125"><ele>11.600000381469727</ele><time>2026-09-27T01:17:36Z</time></trkpt><trkpt lat="37.564842224121094" lon="127.04816436767578"><ele>11.800000190734863</ele><time>2026-09-27T01:17:37Z</time></trkpt><trkpt lat="37.564823150634766" lon="127.04817962646484"><ele>11.800000190734863</ele><time>2026-09-27T01:17:38Z</time></trkpt><trkpt lat="37.56480407714844" lon="127.04817962646484"><ele>11.800000190734863</ele><time>2026-09-27T01:17:39Z</time></trkpt><trkpt lat="37.564788818359375" lon="127.04818725585938"><ele>11.800000190734863</ele><time>2026-09-27T01:17:40Z</time></trkpt><trkpt lat="37.56476593017578" lon="127.0481948852539"><ele>11.600000381469727</ele><time>2026-09-27T01:17:41Z</time></trkpt><trkpt lat="37.56475067138672" lon="127.04821014404297"><ele>11.600000381469727</ele><time>2026-09-27T01:17:42Z</time></trkpt><trkpt lat="37.564727783203125" lon="127.0482177734375"><ele>11.600000381469727</ele><time>2026-09-27T01:17:43Z</time></trkpt><trkpt lat="37.5647087097168" lon="127.04822540283203"><ele>11.600000381469727</ele><time>2026-09-27T01:17:44Z</time></trkpt><trkpt lat="37.56468963623047" lon="127.0482406616211"><ele>11.600000381469727</ele><time>2026-09-27T01:17:45Z</time></trkpt><trkpt lat="37.56467056274414" lon="127.04824829101562"><ele>11.600000381469727</ele><time>2026-09-27T01:17:46Z</time></trkpt><trkpt lat="37.56465148925781" lon="127.04825592041016"><ele>11.600000381469727</ele><time>2026-09-27T01:17:47Z</time></trkpt><trkpt lat="37.56462860107422" lon="127.04826354980469"><ele>11.600000381469727</ele><time>2026-09-27T01:17:48Z</time></trkpt><trkpt lat="37.564613342285156" lon="127.04827117919922"><ele>11.600000381469727</ele><time>2026-09-27T01:17:49Z</time></trkpt><trkpt lat="37.56459045410156" lon="127.04827117919922"><ele>11.600000381469727</ele><time>2026-09-27T01:17:50Z</time></trkpt><trkpt lat="37.5645751953125" lon="127.04827880859375"><ele>11.600000381469727</ele><time>2026-09-27T01:17:51Z</time></trkpt><trkpt lat="37.564552307128906" lon="127.04828643798828"><ele>11.600000381469727</ele><time>2026-09-27T01:17:52Z</time></trkpt><trkpt lat="37.564537048339844" lon="127.04829406738281"><ele>11.399999618530273</ele><time>2026-09-27T01:17:53Z</time></trkpt><trkpt lat="37.564517974853516" lon="127.04830169677734"><ele>11.399999618530273</ele><time>2026-09-27T01:17:54Z</time></trkpt><trkpt lat="37.56449890136719" lon="127.04830932617188"><ele>11.399999618530273</ele><time>2026-09-27T01:17:55Z</time></trkpt><trkpt lat="37.564483642578125" lon="127.04832458496094"><ele>11.399999618530273</ele><time>2026-09-27T01:17:56Z</time></trkpt><trkpt lat="37.5644645690918" lon="127.04833221435547"><ele>11.399999618530273</ele><time>2026-09-27T01:17:57Z</time></trkpt><trkpt lat="37.56444549560547" lon="127.04833984375"><ele>11.399999618530273</ele><time>2026-09-27T01:17:58Z</time></trkpt><trkpt lat="37.56442642211914" lon="127.04833984375"><ele>11.399999618530273</ele><time>2026-09-27T01:17:59Z</time></trkpt><trkpt lat="37.56440734863281" lon="127.04833984375"><ele>11.399999618530273</ele><time>2026-09-27T01:18:00Z</time></trkpt><trkpt lat="37.564388275146484" lon="127.04833984375"><ele>11.399999618530273</ele><time>2026-09-27T01:18:01Z</time></trkpt><trkpt lat="37.564369201660156" lon="127.04834747314453"><ele>11.399999618530273</ele><time>2026-09-27T01:18:02Z</time></trkpt><trkpt lat="37.56434631347656" lon="127.04835510253906"><ele>11.399999618530273</ele><time>2026-09-27T01:18:03Z</time></trkpt><trkpt lat="37.56432342529297" lon="127.0483627319336"><ele>11.199999809265137</ele><time>2026-09-27T01:18:04Z</time></trkpt><trkpt lat="37.564300537109375" lon="127.04837036132812"><ele>11.199999809265137</ele><time>2026-09-27T01:18:05Z</time></trkpt><trkpt lat="37.56428146362305" lon="127.04837036132812"><ele>11.199999809265137</ele><time>2026-09-27T01:18:06Z</time></trkpt><trkpt lat="37.56425857543945" lon="127.04837799072266"><ele>11.199999809265137</ele><time>2026-09-27T01:18:07Z</time></trkpt><trkpt lat="37.564239501953125" lon="127.04838562011719"><ele>11.199999809265137</ele><time>2026-09-27T01:18:08Z</time></trkpt><trkpt lat="37.56422424316406" lon="127.04839324951172"><ele>11.0</ele><time>2026-09-27T01:18:09Z</time></trkpt><trkpt lat="37.56420135498047" lon="127.04840087890625"><ele>11.199999809265137</ele><time>2026-09-27T01:18:10Z</time></trkpt><trkpt lat="37.564186096191406" lon="127.04840850830078"><ele>11.0</ele><time>2026-09-27T01:18:11Z</time></trkpt><trkpt lat="37.56416320800781" lon="127.04840850830078"><ele>11.0</ele><time>2026-09-27T01:18:12Z</time></trkpt><trkpt lat="37.56414794921875" lon="127.04841613769531"><ele>11.0</ele><time>2026-09-27T01:18:13Z</time></trkpt><trkpt lat="37.56412887573242" lon="127.04842376708984"><ele>11.0</ele><time>2026-09-27T01:18:14Z</time></trkpt><trkpt lat="37.564109802246094" lon="127.04842376708984"><ele>11.0</ele><time>2026-09-27T01:18:15Z</time></trkpt><trkpt lat="37.5640869140625" lon="127.0484390258789"><ele>10.800000190734863</ele><time>2026-09-27T01:18:16Z</time></trkpt><trkpt lat="37.56406784057617" lon="127.04844665527344"><ele>10.800000190734863</ele><time>2026-09-27T01:18:17Z</time></trkpt><trkpt lat="37.56404495239258" lon="127.0484619140625"><ele>10.800000190734863</ele><time>2026-09-27T01:18:18Z</time></trkpt><trkpt lat="37.564029693603516" lon="127.04847717285156"><ele>10.800000190734863</ele><time>2026-09-27T01:18:19Z</time></trkpt><trkpt lat="37.56401062011719" lon="127.04849243164062"><ele>10.800000190734863</ele><time>2026-09-27T01:18:20Z</time></trkpt><trkpt lat="37.563987731933594" lon="127.04850769042969"><ele>10.800000190734863</ele><time>2026-09-27T01:18:21Z</time></trkpt><trkpt lat="37.563961029052734" lon="127.04852294921875"><ele>10.800000190734863</ele><time>2026-09-27T01:18:22Z</time></trkpt><trkpt lat="37.56393814086914" lon="127.04853057861328"><ele>10.800000190734863</ele><time>2026-09-27T01:18:23Z</time></trkpt><trkpt lat="37.56391906738281" lon="127.04853820800781"><ele>10.800000190734863</ele><time>2026-09-27T01:18:24Z</time></trkpt><trkpt lat="37.56389236450195" lon="127.04854583740234"><ele>10.800000190734863</ele><time>2026-09-27T01:18:25Z</time></trkpt><trkpt lat="37.563873291015625" lon="127.04854583740234"><ele>10.800000190734863</ele><time>2026-09-27T01:18:26Z</time></trkpt><trkpt lat="37.56385040283203" lon="127.04855346679688"><ele>10.800000190734863</ele><time>2026-09-27T01:18:27Z</time></trkpt><trkpt lat="37.56383514404297" lon="127.04855346679688"><ele>10.800000190734863</ele><time>2026-09-27T01:18:28Z</time></trkpt><trkpt lat="37.56381607055664" lon="127.04855346679688"><ele>10.800000190734863</ele><time>2026-09-27T01:18:29Z</time></trkpt><trkpt lat="37.56379699707031" lon="127.0485610961914"><ele>10.800000190734863</ele><time>2026-09-27T01:18:30Z</time></trkpt><trkpt lat="37.56378173828125" lon="127.04856872558594"><ele>10.600000381469727</ele><time>2026-09-27T01:18:31Z</time></trkpt><trkpt lat="37.56376266479492" lon="127.04857635498047"><ele>10.600000381469727</ele><time>2026-09-27T01:18:32Z</time></trkpt><trkpt lat="37.563743591308594" lon="127.04859161376953"><ele>10.600000381469727</ele><time>2026-09-27T01:18:33Z</time></trkpt><trkpt lat="37.563720703125" lon="127.04859161376953"><ele>10.600000381469727</ele><time>2026-09-27T01:18:34Z</time></trkpt><trkpt lat="37.56370162963867" lon="127.04859924316406"><ele>10.600000381469727</ele><time>2026-09-27T01:18:35Z</time></trkpt><trkpt lat="37.563682556152344" lon="127.04859924316406"><ele>10.600000381469727</ele><time>2026-09-27T01:18:36Z</time></trkpt><trkpt lat="37.563663482666016" lon="127.04859924316406"><ele>10.600000381469727</ele><time>2026-09-27T01:18:37Z</time></trkpt><trkpt lat="37.563636779785156" lon="127.0486068725586"><ele>10.600000381469727</ele><time>2026-09-27T01:18:38Z</time></trkpt><trkpt lat="37.563621520996094" lon="127.04861450195312"><ele>10.600000381469727</ele><time>2026-09-27T01:18:39Z</time></trkpt><trkpt lat="37.5636100769043" lon="127.04861450195312"><ele>10.600000381469727</ele><time>2026-09-27T01:18:40Z</time></trkpt><trkpt lat="37.5635986328125" lon="127.04862213134766"><ele>10.600000381469727</ele><time>2026-09-27T01:18:41Z</time></trkpt><trkpt lat="37.5635871887207" lon="127.04862976074219"><ele>10.600000381469727</ele><time>2026-09-27T01:18:42Z</time></trkpt><trkpt lat="37.563560485839844" lon="127.04863739013672"><ele>10.600000381469727</ele><time>2026-09-27T01:18:43Z</time></trkpt><trkpt lat="37.56354522705078" lon="127.04863739013672"><ele>10.600000381469727</ele><time>2026-09-27T01:18:44Z</time></trkpt><trkpt lat="37.56351852416992" lon="127.04863739013672"><ele>10.399999618530273</ele><time>2026-09-27T01:18:45Z</time></trkpt><trkpt lat="37.56349182128906" lon="127.04864501953125"><ele>10.399999618530273</ele><time>2026-09-27T01:18:46Z</time></trkpt><trkpt lat="37.56346893310547" lon="127.04863739013672"><ele>10.399999618530273</ele><time>2026-09-27T01:18:47Z</time></trkpt><trkpt lat="37.563438415527344" lon="127.04863739013672"><ele>10.199999809265137</ele><time>2026-09-27T01:18:48Z</time></trkpt><trkpt lat="37.563419342041016" lon="127.04864501953125"><ele>10.199999809265137</ele><time>2026-09-27T01:18:49Z</time></trkpt><trkpt lat="37.563392639160156" lon="127.04864501953125"><ele>10.199999809265137</ele><time>2026-09-27T01:18:50Z</time></trkpt><trkpt lat="37.56337356567383" lon="127.04864501953125"><ele>10.199999809265137</ele><time>2026-09-27T01:18:51Z</time></trkpt><trkpt lat="37.56334686279297" lon="127.04865264892578"><ele>10.199999809265137</ele><time>2026-09-27T01:18:52Z</time></trkpt><trkpt lat="37.563331604003906" lon="127.04866027832031"><ele>10.199999809265137</ele><time>2026-09-27T01:18:53Z</time></trkpt><trkpt lat="37.56331253051758" lon="127.04866790771484"><ele>10.199999809265137</ele><time>2026-09-27T01:18:54Z</time></trkpt><trkpt lat="37.563297271728516" lon="127.04867553710938"><ele>10.199999809265137</ele><time>2026-09-27T01:18:55Z</time></trkpt><trkpt lat="37.56327819824219" lon="127.0486831665039"><ele>10.199999809265137</ele><time>2026-09-27T01:18:56Z</time></trkpt><trkpt lat="37.563255310058594" lon="127.04869079589844"><ele>10.199999809265137</ele><time>2026-09-27T01:18:57Z</time></trkpt><trkpt lat="37.563236236572266" lon="127.04869842529297"><ele>10.199999809265137</ele><time>2026-09-27T01:18:58Z</time></trkpt><trkpt lat="37.56321334838867" lon="127.04869842529297"><ele>10.0</ele><time>2026-09-27T01:18:59Z</time></trkpt><trkpt lat="37.56319808959961" lon="127.0487060546875"><ele>10.0</ele><time>2026-09-27T01:19:00Z</time></trkpt><trkpt lat="37.56317138671875" lon="127.04871368408203"><ele>10.0</ele><time>2026-09-27T01:19:01Z</time></trkpt><trkpt lat="37.56315231323242" lon="127.04872131347656"><ele>9.800000190734863</ele><time>2026-09-27T01:19:02Z</time></trkpt><trkpt lat="37.563133239746094" lon="127.0487289428711"><ele>9.800000190734863</ele><time>2026-09-27T01:19:03Z</time></trkpt><trkpt lat="37.56311798095703" lon="127.04873657226562"><ele>9.800000190734863</ele><time>2026-09-27T01:19:04Z</time></trkpt><trkpt lat="37.56309509277344" lon="127.04875183105469"><ele>9.800000190734863</ele><time>2026-09-27T01:19:05Z</time></trkpt><trkpt lat="37.563079833984375" lon="127.04875946044922"><ele>9.800000190734863</ele><time>2026-09-27T01:19:06Z</time></trkpt><trkpt lat="37.56306076049805" lon="127.04876708984375"><ele>9.800000190734863</ele><time>2026-09-27T01:19:07Z</time></trkpt><trkpt lat="37.56304168701172" lon="127.04878234863281"><ele>9.800000190734863</ele><time>2026-09-27T01:19:08Z</time></trkpt><trkpt lat="37.56302261352539" lon="127.04878234863281"><ele>9.800000190734863</ele><time>2026-09-27T01:19:09Z</time></trkpt><trkpt lat="37.5629997253418" lon="127.04878997802734"><ele>9.800000190734863</ele><time>2026-09-27T01:19:10Z</time></trkpt><trkpt lat="37.562984466552734" lon="127.04879760742188"><ele>9.800000190734863</ele><time>2026-09-27T01:19:11Z</time></trkpt><trkpt lat="37.562965393066406" lon="127.0488052368164"><ele>9.800000190734863</ele><time>2026-09-27T01:19:12Z</time></trkpt><trkpt lat="37.562950134277344" lon="127.04881286621094"><ele>9.800000190734863</ele><time>2026-09-27T01:19:13Z</time></trkpt><trkpt lat="37.562931060791016" lon="127.04882049560547"><ele>9.800000190734863</ele><time>2026-09-27T01:19:14Z</time></trkpt><trkpt lat="37.56290817260742" lon="127.04883575439453"><ele>9.800000190734863</ele><time>2026-09-27T01:19:15Z</time></trkpt><trkpt lat="37.56288528442383" lon="127.04884338378906"><ele>9.800000190734863</ele><time>2026-09-27T01:19:16Z</time></trkpt><trkpt lat="37.562862396240234" lon="127.04885864257812"><ele>9.800000190734863</ele><time>2026-09-27T01:19:17Z</time></trkpt><trkpt lat="37.562843322753906" lon="127.04887390136719"><ele>9.800000190734863</ele><time>2026-09-27T01:19:18Z</time></trkpt><trkpt lat="37.56282424926758" lon="127.04888916015625"><ele>9.800000190734863</ele><time>2026-09-27T01:19:19Z</time></trkpt><trkpt lat="37.56280517578125" lon="127.04889678955078"><ele>9.800000190734863</ele><time>2026-09-27T01:19:20Z</time></trkpt><trkpt lat="37.56278610229492" lon="127.04891967773438"><ele>9.600000381469727</ele><time>2026-09-27T01:19:21Z</time></trkpt><trkpt lat="37.562767028808594" lon="127.04893493652344"><ele>9.600000381469727</ele><time>2026-09-27T01:19:22Z</time></trkpt><trkpt lat="37.56275177001953" lon="127.0489501953125"><ele>9.600000381469727</ele><time>2026-09-27T01:19:23Z</time></trkpt><trkpt lat="37.56272888183594" lon="127.04896545410156"><ele>9.600000381469727</ele><time>2026-09-27T01:19:24Z</time></trkpt><trkpt lat="37.562713623046875" lon="127.04898071289062"><ele>9.600000381469727</ele><time>2026-09-27T01:19:25Z</time></trkpt><trkpt lat="37.56269073486328" lon="127.04899597167969"><ele>9.800000190734863</ele><time>2026-09-27T01:19:26Z</time></trkpt><trkpt lat="37.56267547607422" lon="127.04901123046875"><ele>9.800000190734863</ele><time>2026-09-27T01:19:27Z</time></trkpt><trkpt lat="37.562660217285156" lon="127.04901885986328"><ele>9.800000190734863</ele><time>2026-09-27T01:19:28Z</time></trkpt><trkpt lat="37.56264114379883" lon="127.04903411865234"><ele>9.800000190734863</ele><time>2026-09-27T01:19:29Z</time></trkpt><trkpt lat="37.5626220703125" lon="127.04905700683594"><ele>9.800000190734863</ele><time>2026-09-27T01:19:30Z</time></trkpt><trkpt lat="37.56260299682617" lon="127.049072265625"><ele>9.600000381469727</ele><time>2026-09-27T01:19:31Z</time></trkpt><trkpt lat="37.56258010864258" lon="127.04908752441406"><ele>9.600000381469727</ele><time>2026-09-27T01:19:32Z</time></trkpt><trkpt lat="37.56256103515625" lon="127.04910278320312"><ele>9.600000381469727</ele><time>2026-09-27T01:19:33Z</time></trkpt><trkpt lat="37.56254577636719" lon="127.04911804199219"><ele>9.600000381469727</ele><time>2026-09-27T01:19:34Z</time></trkpt><trkpt lat="37.562522888183594" lon="127.04912567138672"><ele>9.600000381469727</ele><time>2026-09-27T01:19:35Z</time></trkpt><trkpt lat="37.56250762939453" lon="127.04914093017578"><ele>9.600000381469727</ele><time>2026-09-27T01:19:36Z</time></trkpt><trkpt lat="37.5624885559082" lon="127.04914093017578"><ele>9.600000381469727</ele><time>2026-09-27T01:19:37Z</time></trkpt><trkpt lat="37.562469482421875" lon="127.04914855957031"><ele>9.600000381469727</ele><time>2026-09-27T01:19:38Z</time></trkpt><trkpt lat="37.56245422363281" lon="127.04915618896484"><ele>9.600000381469727</ele><time>2026-09-27T01:19:39Z</time></trkpt><trkpt lat="37.562442779541016" lon="127.04915618896484"><ele>9.399999618530273</ele><time>2026-09-27T01:19:40Z</time></trkpt><trkpt lat="37.562435150146484" lon="127.04915618896484"><ele>9.399999618530273</ele><time>2026-09-27T01:19:41Z</time></trkpt><trkpt lat="37.562435150146484" lon="127.04915618896484"><ele>9.399999618530273</ele><time>2026-09-27T01:19:42Z</time></trkpt><trkpt lat="37.56242752075195" lon="127.04915618896484"><ele>9.399999618530273</ele><time>2026-09-27T01:19:43Z</time></trkpt><trkpt lat="37.56242370605469" lon="127.04916381835938"><ele>9.399999618530273</ele><time>2026-09-27T01:19:44Z</time></trkpt><trkpt lat="37.56241226196289" lon="127.0491714477539"><ele>9.399999618530273</ele><time>2026-09-27T01:19:45Z</time></trkpt><trkpt lat="37.56239700317383" lon="127.0491714477539"><ele>9.399999618530273</ele><time>2026-09-27T01:19:46Z</time></trkpt><trkpt lat="37.56239318847656" lon="127.04917907714844"><ele>9.399999618530273</ele><time>2026-09-27T01:19:47Z</time></trkpt><trkpt lat="37.562381744384766" lon="127.04918670654297"><ele>9.399999618530273</ele><time>2026-09-27T01:19:48Z</time></trkpt><trkpt lat="37.562355041503906" lon="127.04918670654297"><ele>9.399999618530273</ele><time>2026-09-27T01:19:49Z</time></trkpt><trkpt lat="37.56233596801758" lon="127.0491943359375"><ele>9.399999618530273</ele><time>2026-09-27T01:19:50Z</time></trkpt><trkpt lat="37.562313079833984" lon="127.04920196533203"><ele>9.399999618530273</ele><time>2026-09-27T01:19:51Z</time></trkpt><trkpt lat="37.56229782104492" lon="127.0492172241211"><ele>9.399999618530273</ele><time>2026-09-27T01:19:52Z</time></trkpt><trkpt lat="37.562278747558594" lon="127.04923248291016"><ele>9.399999618530273</ele><time>2026-09-27T01:19:53Z</time></trkpt><trkpt lat="37.562259674072266" lon="127.04924011230469"><ele>9.399999618530273</ele><time>2026-09-27T01:19:54Z</time></trkpt><trkpt lat="37.5622444152832" lon="127.04924774169922"><ele>9.399999618530273</ele><time>2026-09-27T01:19:55Z</time></trkpt><trkpt lat="37.56222152709961" lon="127.04926300048828"><ele>9.399999618530273</ele><time>2026-09-27T01:19:56Z</time></trkpt><trkpt lat="37.56220245361328" lon="127.04927062988281"><ele>9.399999618530273</ele><time>2026-09-27T01:19:57Z</time></trkpt><trkpt lat="37.56218719482422" lon="127.04927825927734"><ele>9.399999618530273</ele><time>2026-09-27T01:19:58Z</time></trkpt><trkpt lat="37.562171936035156" lon="127.04928588867188"><ele>9.399999618530273</ele><time>2026-09-27T01:19:59Z</time></trkpt><trkpt lat="37.562156677246094" lon="127.04928588867188"><ele>9.399999618530273</ele><time>2026-09-27T01:20:00Z</time></trkpt><trkpt lat="37.562137603759766" lon="127.04930114746094"><ele>9.399999618530273</ele><time>2026-09-27T01:20:01Z</time></trkpt><trkpt lat="37.5621223449707" lon="127.04930877685547"><ele>9.399999618530273</ele><time>2026-09-27T01:20:02Z</time></trkpt><trkpt lat="37.562110900878906" lon="127.04931640625"><ele>9.399999618530273</ele><time>2026-09-27T01:20:03Z</time></trkpt><trkpt lat="37.56209182739258" lon="127.04933166503906"><ele>9.399999618530273</ele><time>2026-09-27T01:20:04Z</time></trkpt><trkpt lat="37.56208038330078" lon="127.0493392944336"><ele>9.399999618530273</ele><time>2026-09-27T01:20:05Z</time></trkpt><trkpt lat="37.56206512451172" lon="127.04934692382812"><ele>9.399999618530273</ele><time>2026-09-27T01:20:06Z</time></trkpt><trkpt lat="37.562049865722656" lon="127.04934692382812"><ele>9.399999618530273</ele><time>2026-09-27T01:20:07Z</time></trkpt><trkpt lat="37.562034606933594" lon="127.04934692382812"><ele>9.399999618530273</ele><time>2026-09-27T01:20:08Z</time></trkpt><trkpt lat="37.56201934814453" lon="127.04935455322266"><ele>9.199999809265137</ele><time>2026-09-27T01:20:09Z</time></trkpt><trkpt lat="37.56198501586914" lon="127.04936218261719"><ele>9.199999809265137</ele><time>2026-09-27T01:20:10Z</time></trkpt><trkpt lat="37.561973571777344" lon="127.04936981201172"><ele>9.199999809265137</ele><time>2026-09-27T01:20:11Z</time></trkpt><trkpt lat="37.56195831298828" lon="127.04937744140625"><ele>9.199999809265137</ele><time>2026-09-27T01:20:12Z</time></trkpt><trkpt lat="37.56194305419922" lon="127.04938507080078"><ele>9.199999809265137</ele><time>2026-09-27T01:20:13Z</time></trkpt><trkpt lat="37.56193161010742" lon="127.04938507080078"><ele>9.199999809265137</ele><time>2026-09-27T01:20:14Z</time></trkpt><trkpt lat="37.561912536621094" lon="127.04939270019531"><ele>9.199999809265137</ele><time>2026-09-27T01:20:15Z</time></trkpt><trkpt lat="37.5619010925293" lon="127.04940032958984"><ele>9.199999809265137</ele><time>2026-09-27T01:20:16Z</time></trkpt><trkpt lat="37.5618896484375" lon="127.04940795898438"><ele>9.199999809265137</ele><time>2026-09-27T01:20:17Z</time></trkpt><trkpt lat="37.56188201904297" lon="127.04942321777344"><ele>9.0</ele><time>2026-09-27T01:20:18Z</time></trkpt><trkpt lat="37.56187438964844" lon="127.0494384765625"><ele>9.0</ele><time>2026-09-27T01:20:19Z</time></trkpt><trkpt lat="37.56187438964844" lon="127.0494613647461"><ele>9.0</ele><time>2026-09-27T01:20:20Z</time></trkpt><trkpt lat="37.56187438964844" lon="127.04947662353516"><ele>9.0</ele><time>2026-09-27T01:20:21Z</time></trkpt><trkpt lat="37.5618782043457" lon="127.04948425292969"><ele>9.0</ele><time>2026-09-27T01:20:22Z</time></trkpt><trkpt lat="37.56187438964844" lon="127.04949188232422"><ele>9.0</ele><time>2026-09-27T01:20:23Z</time></trkpt><trkpt lat="37.56187438964844" lon="127.04950714111328"><ele>9.0</ele><time>2026-09-27T01:20:24Z</time></trkpt><trkpt lat="37.56187057495117" lon="127.04951477050781"><ele>9.0</ele><time>2026-09-27T01:20:25Z</time></trkpt><trkpt lat="37.56187057495117" lon="127.04951477050781"><ele>8.800000190734863</ele><time>2026-09-27T01:20:26Z</time></trkpt><trkpt lat="37.56187057495117" lon="127.04952239990234"><ele>8.800000190734863</ele><time>2026-09-27T01:20:27Z</time></trkpt><trkpt lat="37.56187057495117" lon="127.04952239990234"><ele>8.800000190734863</ele><time>2026-09-27T01:20:28Z</time></trkpt><trkpt lat="37.56187057495117" lon="127.04953002929688"><ele>8.600000381469727</ele><time>2026-09-27T01:20:29Z</time></trkpt><trkpt lat="37.56187057495117" lon="127.04953002929688"><ele>8.600000381469727</ele><time>2026-09-27T01:20:30Z</time></trkpt><trkpt lat="37.56187438964844" lon="127.04953002929688"><ele>8.600000381469727</ele><time>2026-09-27T01:20:31Z</time></trkpt><trkpt lat="37.56187438964844" lon="127.04953002929688"><ele>8.800000190734863</ele><time>2026-09-27T01:20:32Z</time></trkpt><trkpt lat="37.561866760253906" lon="127.0495376586914"><ele>8.800000190734863</ele><time>2026-09-27T01:20:33Z</time></trkpt><trkpt lat="37.56186294555664" lon="127.0495376586914"><ele>8.800000190734863</ele><time>2026-09-27T01:20:34Z</time></trkpt><trkpt lat="37.56185531616211" lon="127.0495376586914"><ele>8.800000190734863</ele><time>2026-09-27T01:20:35Z</time></trkpt><trkpt lat="37.56184005737305" lon="127.04954528808594"><ele>8.600000381469727</ele><time>2026-09-27T01:20:36Z</time></trkpt><trkpt lat="37.56182861328125" lon="127.04954528808594"><ele>8.600000381469727</ele><time>2026-09-27T01:20:37Z</time></trkpt><trkpt lat="37.561805725097656" lon="127.04954528808594"><ele>8.399999618530273</ele><time>2026-09-27T01:20:38Z</time></trkpt><trkpt lat="37.561798095703125" lon="127.04954528808594"><ele>8.399999618530273</ele><time>2026-09-27T01:20:39Z</time></trkpt><trkpt lat="37.56178665161133" lon="127.04954528808594"><ele>8.199999809265137</ele><time>2026-09-27T01:20:40Z</time></trkpt><trkpt lat="37.56177520751953" lon="127.04955291748047"><ele>8.199999809265137</ele><time>2026-09-27T01:20:41Z</time></trkpt><trkpt lat="37.561767578125" lon="127.04955291748047"><ele>8.199999809265137</ele><time>2026-09-27T01:20:42Z</time></trkpt><trkpt lat="37.56175994873047" lon="127.049560546875"><ele>8.199999809265137</ele><time>2026-09-27T01:20:43Z</time></trkpt><trkpt lat="37.56174850463867" lon="127.049560546875"><ele>8.0</ele><time>2026-09-27T01:20:44Z</time></trkpt><trkpt lat="37.56174087524414" lon="127.04956817626953"><ele>8.199999809265137</ele><time>2026-09-27T01:20:45Z</time></trkpt><trkpt lat="37.561737060546875" lon="127.04957580566406"><ele>8.199999809265137</ele><time>2026-09-27T01:20:46Z</time></trkpt><trkpt lat="37.561729431152344" lon="127.04957580566406"><ele>8.199999809265137</ele><time>2026-09-27T01:20:47Z</time></trkpt><trkpt lat="37.56172180175781" lon="127.04957580566406"><ele>8.199999809265137</ele><time>2026-09-27T01:20:48Z</time></trkpt><trkpt lat="37.56171798706055" lon="127.04957580566406"><ele>8.199999809265137</ele><time>2026-09-27T01:20:49Z</time></trkpt><trkpt lat="37.561710357666016" lon="127.0495834350586"><ele>8.199999809265137</ele><time>2026-09-27T01:20:50Z</time></trkpt><trkpt lat="37.561702728271484" lon="127.04959106445312"><ele>8.0</ele><time>2026-09-27T01:20:51Z</time></trkpt><trkpt lat="37.56169128417969" lon="127.04959869384766"><ele>8.0</ele><time>2026-09-27T01:20:52Z</time></trkpt><trkpt lat="37.561683654785156" lon="127.04959869384766"><ele>8.0</ele><time>2026-09-27T01:20:53Z</time></trkpt><trkpt lat="37.561668395996094" lon="127.04960632324219"><ele>8.0</ele><time>2026-09-27T01:20:54Z</time></trkpt><trkpt lat="37.5616569519043" lon="127.04961395263672"><ele>8.199999809265137</ele><time>2026-09-27T01:20:55Z</time></trkpt><trkpt lat="37.561641693115234" lon="127.04961395263672"><ele>8.199999809265137</ele><time>2026-09-27T01:20:56Z</time></trkpt><trkpt lat="37.56162643432617" lon="127.04962158203125"><ele>8.199999809265137</ele><time>2026-09-27T01:20:57Z</time></trkpt><trkpt lat="37.56161117553711" lon="127.04962921142578"><ele>8.199999809265137</ele><time>2026-09-27T01:20:58Z</time></trkpt><trkpt lat="37.56159591674805" lon="127.04963684082031"><ele>8.199999809265137</ele><time>2026-09-27T01:20:59Z</time></trkpt><trkpt lat="37.56157302856445" lon="127.04965209960938"><ele>8.199999809265137</ele><time>2026-09-27T01:21:00Z</time></trkpt><trkpt lat="37.56155776977539" lon="127.0496597290039"><ele>8.199999809265137</ele><time>2026-09-27T01:21:01Z</time></trkpt><trkpt lat="37.56153869628906" lon="127.04967498779297"><ele>8.199999809265137</ele><time>2026-09-27T01:21:02Z</time></trkpt><trkpt lat="37.561527252197266" lon="127.04969024658203"><ele>8.199999809265137</ele><time>2026-09-27T01:21:03Z</time></trkpt><trkpt lat="37.561519622802734" lon="127.04969787597656"><ele>8.199999809265137</ele><time>2026-09-27T01:21:04Z</time></trkpt><trkpt lat="37.5615119934082" lon="127.0497055053711"><ele>8.0</ele><time>2026-09-27T01:21:05Z</time></trkpt><trkpt lat="37.56149673461914" lon="127.04972076416016"><ele>8.0</ele><time>2026-09-27T01:21:06Z</time></trkpt><trkpt lat="37.56148147583008" lon="127.04973602294922"><ele>8.0</ele><time>2026-09-27T01:21:07Z</time></trkpt><trkpt lat="37.56147384643555" lon="127.04974365234375"><ele>8.0</ele><time>2026-09-27T01:21:08Z</time></trkpt><trkpt lat="37.56146240234375" lon="127.04975891113281"><ele>8.0</ele><time>2026-09-27T01:21:09Z</time></trkpt><trkpt lat="37.56144714355469" lon="127.04976654052734"><ele>8.0</ele><time>2026-09-27T01:21:10Z</time></trkpt><trkpt lat="37.56143569946289" lon="127.04977416992188"><ele>8.0</ele><time>2026-09-27T01:21:11Z</time></trkpt><trkpt lat="37.56142044067383" lon="127.0497817993164"><ele>8.0</ele><time>2026-09-27T01:21:12Z</time></trkpt><trkpt lat="37.56140899658203" lon="127.04978942871094"><ele>8.0</ele><time>2026-09-27T01:21:13Z</time></trkpt><trkpt lat="37.561397552490234" lon="127.0498046875"><ele>8.0</ele><time>2026-09-27T01:21:14Z</time></trkpt><trkpt lat="37.56138610839844" lon="127.04981994628906"><ele>8.0</ele><time>2026-09-27T01:21:15Z</time></trkpt><trkpt lat="37.561378479003906" lon="127.0498275756836"><ele>8.0</ele><time>2026-09-27T01:21:16Z</time></trkpt><trkpt lat="37.56136703491211" lon="127.04984283447266"><ele>8.0</ele><time>2026-09-27T01:21:17Z</time></trkpt><trkpt lat="37.56135559082031" lon="127.04985046386719"><ele>8.0</ele><time>2026-09-27T01:21:18Z</time></trkpt><trkpt lat="37.56134796142578" lon="127.04985809326172"><ele>8.0</ele><time>2026-09-27T01:21:19Z</time></trkpt><trkpt lat="37.561336517333984" lon="127.04987335205078"><ele>8.0</ele><time>2026-09-27T01:21:20Z</time></trkpt><trkpt lat="37.56132507324219" lon="127.04988098144531"><ele>7.800000190734863</ele><time>2026-09-27T01:21:21Z</time></trkpt><trkpt lat="37.561309814453125" lon="127.04989624023438"><ele>7.800000190734863</ele><time>2026-09-27T01:21:22Z</time></trkpt><trkpt lat="37.56129837036133" lon="127.0499038696289"><ele>7.800000190734863</ele><time>2026-09-27T01:21:23Z</time></trkpt><trkpt lat="37.56128692626953" lon="127.04991149902344"><ele>7.800000190734863</ele><time>2026-09-27T01:21:24Z</time></trkpt><trkpt lat="37.561279296875" lon="127.04991912841797"><ele>7.800000190734863</ele><time>2026-09-27T01:21:25Z</time></trkpt><trkpt lat="37.5612678527832" lon="127.0499267578125"><ele>8.0</ele><time>2026-09-27T01:21:26Z</time></trkpt><trkpt lat="37.561248779296875" lon="127.04994201660156"><ele>8.0</ele><time>2026-09-27T01:21:27Z</time></trkpt><trkpt lat="37.56122970581055" lon="127.0499496459961"><ele>8.0</ele><time>2026-09-27T01:21:28Z</time></trkpt><trkpt lat="37.561214447021484" lon="127.04995727539062"><ele>8.199999809265137</ele><time>2026-09-27T01:21:29Z</time></trkpt><trkpt lat="37.56119918823242" lon="127.04996490478516"><ele>8.199999809265137</ele><time>2026-09-27T01:21:30Z</time></trkpt><trkpt lat="37.56118392944336" lon="127.04997253417969"><ele>8.199999809265137</ele><time>2026-09-27T01:21:31Z</time></trkpt><trkpt lat="37.56117248535156" lon="127.04998779296875"><ele>8.199999809265137</ele><time>2026-09-27T01:21:32Z</time></trkpt><trkpt lat="37.561161041259766" lon="127.04998779296875"><ele>8.199999809265137</ele><time>2026-09-27T01:21:33Z</time></trkpt><trkpt lat="37.56114196777344" lon="127.04999542236328"><ele>8.399999618530273</ele><time>2026-09-27T01:21:34Z</time></trkpt><trkpt lat="37.561126708984375" lon="127.04999542236328"><ele>8.399999618530273</ele><time>2026-09-27T01:21:35Z</time></trkpt><trkpt lat="37.56110763549805" lon="127.04999542236328"><ele>8.399999618530273</ele><time>2026-09-27T01:21:36Z</time></trkpt><trkpt lat="37.56109619140625" lon="127.05000305175781"><ele>8.199999809265137</ele><time>2026-09-27T01:21:37Z</time></trkpt><trkpt lat="37.56106948852539" lon="127.05000305175781"><ele>8.199999809265137</ele><time>2026-09-27T01:21:38Z</time></trkpt><trkpt lat="37.56105041503906" lon="127.05000305175781"><ele>8.199999809265137</ele><time>2026-09-27T01:21:39Z</time></trkpt><trkpt lat="37.561031341552734" lon="127.05001068115234"><ele>8.199999809265137</ele><time>2026-09-27T01:21:40Z</time></trkpt><trkpt lat="37.56100845336914" lon="127.05001831054688"><ele>8.199999809265137</ele><time>2026-09-27T01:21:41Z</time></trkpt><trkpt lat="37.560997009277344" lon="127.05001831054688"><ele>8.399999618530273</ele><time>2026-09-27T01:21:42Z</time></trkpt><trkpt lat="37.560977935791016" lon="127.05003356933594"><ele>8.399999618530273</ele><time>2026-09-27T01:21:43Z</time></trkpt><trkpt lat="37.56096267700195" lon="127.05003356933594"><ele>8.399999618530273</ele><time>2026-09-27T01:21:44Z</time></trkpt><trkpt lat="37.560951232910156" lon="127.05004119873047"><ele>8.199999809265137</ele><time>2026-09-27T01:21:45Z</time></trkpt><trkpt lat="37.560935974121094" lon="127.050048828125"><ele>8.199999809265137</ele><time>2026-09-27T01:21:46Z</time></trkpt><trkpt lat="37.56092071533203" lon="127.05005645751953"><ele>8.0</ele><time>2026-09-27T01:21:47Z</time></trkpt><trkpt lat="37.56090545654297" lon="127.0500717163086"><ele>7.800000190734863</ele><time>2026-09-27T01:21:48Z</time></trkpt><trkpt lat="37.560890197753906" lon="127.05007934570312"><ele>8.0</ele><time>2026-09-27T01:21:49Z</time></trkpt><trkpt lat="37.56087112426758" lon="127.05008697509766"><ele>8.199999809265137</ele><time>2026-09-27T01:21:50Z</time></trkpt><trkpt lat="37.560855865478516" lon="127.05009460449219"><ele>8.199999809265137</ele><time>2026-09-27T01:21:51Z</time></trkpt><trkpt lat="37.56084060668945" lon="127.05010223388672"><ele>8.199999809265137</ele><time>2026-09-27T01:21:52Z</time></trkpt><trkpt lat="37.56082534790039" lon="127.05011749267578"><ele>8.399999618530273</ele><time>2026-09-27T01:21:53Z</time></trkpt><trkpt lat="37.56081008911133" lon="127.05013275146484"><ele>8.199999809265137</ele><time>2026-09-27T01:21:54Z</time></trkpt><trkpt lat="37.56079864501953" lon="127.0501480102539"><ele>8.199999809265137</ele><time>2026-09-27T01:21:55Z</time></trkpt><trkpt lat="37.56077575683594" lon="127.05015563964844"><ele>8.0</ele><time>2026-09-27T01:21:56Z</time></trkpt><trkpt lat="37.560760498046875" lon="127.05016326904297"><ele>8.0</ele><time>2026-09-27T01:21:57Z</time></trkpt><trkpt lat="37.56073760986328" lon="127.05017852783203"><ele>8.0</ele><time>2026-09-27T01:21:58Z</time></trkpt><trkpt lat="37.56071853637695" lon="127.05018615722656"><ele>7.800000190734863</ele><time>2026-09-27T01:21:59Z</time></trkpt><trkpt lat="37.56069564819336" lon="127.0501937866211"><ele>7.800000190734863</ele><time>2026-09-27T01:22:00Z</time></trkpt><trkpt lat="37.5606689453125" lon="127.05020141601562"><ele>7.800000190734863</ele><time>2026-09-27T01:22:01Z</time></trkpt><trkpt lat="37.560638427734375" lon="127.05020141601562"><ele>7.800000190734863</ele><time>2026-09-27T01:22:02Z</time></trkpt><trkpt lat="37.560611724853516" lon="127.05020904541016"><ele>7.599999904632568</ele><time>2026-09-27T01:22:03Z</time></trkpt><trkpt lat="37.56059265136719" lon="127.05020904541016"><ele>7.599999904632568</ele><time>2026-09-27T01:22:04Z</time></trkpt><trkpt lat="37.56056594848633" lon="127.05021667480469"><ele>7.599999904632568</ele><time>2026-09-27T01:22:05Z</time></trkpt><trkpt lat="37.560546875" lon="127.05022430419922"><ele>7.599999904632568</ele><time>2026-09-27T01:22:06Z</time></trkpt><trkpt lat="37.560523986816406" lon="127.05023193359375"><ele>7.599999904632568</ele><time>2026-09-27T01:22:07Z</time></trkpt><trkpt lat="37.56050491333008" lon="127.05023193359375"><ele>7.400000095367432</ele><time>2026-09-27T01:22:08Z</time></trkpt><trkpt lat="37.56048583984375" lon="127.05024719238281"><ele>7.199999809265137</ele><time>2026-09-27T01:22:09Z</time></trkpt><trkpt lat="37.560462951660156" lon="127.05024719238281"><ele>7.199999809265137</ele><time>2026-09-27T01:22:10Z</time></trkpt><trkpt lat="37.56044387817383" lon="127.05026245117188"><ele>7.199999809265137</ele><time>2026-09-27T01:22:11Z</time></trkpt><trkpt lat="37.560420989990234" lon="127.0502700805664"><ele>7.0</ele><time>2026-09-27T01:22:12Z</time></trkpt><trkpt lat="37.560401916503906" lon="127.05027770996094"><ele>7.199999809265137</ele><time>2026-09-27T01:22:13Z</time></trkpt><trkpt lat="37.56037902832031" lon="127.05028533935547"><ele>7.199999809265137</ele><time>2026-09-27T01:22:14Z</time></trkpt><trkpt lat="37.560359954833984" lon="127.05029296875"><ele>7.199999809265137</ele><time>2026-09-27T01:22:15Z</time></trkpt><trkpt lat="37.56033706665039" lon="127.05030059814453"><ele>7.0</ele><time>2026-09-27T01:22:16Z</time></trkpt><trkpt lat="37.56031799316406" lon="127.05030822753906"><ele>7.0</ele><time>2026-09-27T01:22:17Z</time></trkpt><trkpt lat="37.560298919677734" lon="127.0503158569336"><ele>6.800000190734863</ele><time>2026-09-27T01:22:18Z</time></trkpt><trkpt lat="37.56028366088867" lon="127.05033111572266"><ele>6.800000190734863</ele><time>2026-09-27T01:22:19Z</time></trkpt><trkpt lat="37.560264587402344" lon="127.05033874511719"><ele>6.800000190734863</ele><time>2026-09-27T01:22:20Z</time></trkpt><trkpt lat="37.560245513916016" lon="127.05034637451172"><ele>6.800000190734863</ele><time>2026-09-27T01:22:21Z</time></trkpt><trkpt lat="37.56022644042969" lon="127.05035400390625"><ele>6.800000190734863</ele><time>2026-09-27T01:22:22Z</time></trkpt><trkpt lat="37.560203552246094" lon="127.05036163330078"><ele>6.800000190734863</ele><time>2026-09-27T01:22:23Z</time></trkpt><trkpt lat="37.560184478759766" lon="127.05037689208984"><ele>6.800000190734863</ele><time>2026-09-27T01:22:24Z</time></trkpt><trkpt lat="37.56016159057617" lon="127.0503921508789"><ele>6.800000190734863</ele><time>2026-09-27T01:22:25Z</time></trkpt><trkpt lat="37.56014633178711" lon="127.05039978027344"><ele>6.800000190734863</ele><time>2026-09-27T01:22:26Z</time></trkpt><trkpt lat="37.56011962890625" lon="127.0504150390625"><ele>6.800000190734863</ele><time>2026-09-27T01:22:27Z</time></trkpt><trkpt lat="37.56010055541992" lon="127.05043029785156"><ele>6.800000190734863</ele><time>2026-09-27T01:22:28Z</time></trkpt><trkpt lat="37.5600700378418" lon="127.05044555664062"><ele>6.800000190734863</ele><time>2026-09-27T01:22:29Z</time></trkpt><trkpt lat="37.56004333496094" lon="127.05045318603516"><ele>6.800000190734863</ele><time>2026-09-27T01:22:30Z</time></trkpt><trkpt lat="37.560020446777344" lon="127.05046844482422"><ele>6.800000190734863</ele><time>2026-09-27T01:22:31Z</time></trkpt><trkpt lat="37.55999755859375" lon="127.05047607421875"><ele>7.0</ele><time>2026-09-27T01:22:32Z</time></trkpt><trkpt lat="37.55998229980469" lon="127.05048370361328"><ele>7.0</ele><time>2026-09-27T01:22:33Z</time></trkpt><trkpt lat="37.559959411621094" lon="127.05049896240234"><ele>7.0</ele><time>2026-09-27T01:22:34Z</time></trkpt><trkpt lat="37.55994415283203" lon="127.05050659179688"><ele>7.0</ele><time>2026-09-27T01:22:35Z</time></trkpt><trkpt lat="37.55992126464844" lon="127.0505142211914"><ele>7.0</ele><time>2026-09-27T01:22:36Z</time></trkpt><trkpt lat="37.559906005859375" lon="127.05052185058594"><ele>7.0</ele><time>2026-09-27T01:22:37Z</time></trkpt><trkpt lat="37.55988693237305" lon="127.05052947998047"><ele>7.0</ele><time>2026-09-27T01:22:38Z</time></trkpt><trkpt lat="37.55986785888672" lon="127.050537109375"><ele>6.800000190734863</ele><time>2026-09-27T01:22:39Z</time></trkpt><trkpt lat="37.55984878540039" lon="127.05055236816406"><ele>6.800000190734863</ele><time>2026-09-27T01:22:40Z</time></trkpt><trkpt lat="37.55982971191406" lon="127.0505599975586"><ele>6.800000190734863</ele><time>2026-09-27T01:22:41Z</time></trkpt><trkpt lat="37.559810638427734" lon="127.05056762695312"><ele>6.800000190734863</ele><time>2026-09-27T01:22:42Z</time></trkpt><trkpt lat="37.559791564941406" lon="127.05058288574219"><ele>6.800000190734863</ele><time>2026-09-27T01:22:43Z</time></trkpt><trkpt lat="37.55978012084961" lon="127.05059814453125"><ele>7.0</ele><time>2026-09-27T01:22:44Z</time></trkpt><trkpt lat="37.559757232666016" lon="127.05060577392578"><ele>7.0</ele><time>2026-09-27T01:22:45Z</time></trkpt><trkpt lat="37.55974197387695" lon="127.05061340332031"><ele>7.0</ele><time>2026-09-27T01:22:46Z</time></trkpt><trkpt lat="37.559722900390625" lon="127.05062103271484"><ele>6.800000190734863</ele><time>2026-09-27T01:22:47Z</time></trkpt><trkpt lat="37.55970764160156" lon="127.05062103271484"><ele>6.800000190734863</ele><time>2026-09-27T01:22:48Z</time></trkpt><trkpt lat="37.5596923828125" lon="127.05062103271484"><ele>6.800000190734863</ele><time>2026-09-27T01:22:49Z</time></trkpt><trkpt lat="37.55967712402344" lon="127.05062866210938"><ele>6.800000190734863</ele><time>2026-09-27T01:22:50Z</time></trkpt><trkpt lat="37.559661865234375" lon="127.0506362915039"><ele>6.800000190734863</ele><time>2026-09-27T01:22:51Z</time></trkpt><trkpt lat="37.55964279174805" lon="127.05064392089844"><ele>6.599999904632568</ele><time>2026-09-27T01:22:52Z</time></trkpt><trkpt lat="37.55963134765625" lon="127.05065155029297"><ele>6.599999904632568</ele><time>2026-09-27T01:22:53Z</time></trkpt><trkpt lat="37.55961608886719" lon="127.0506591796875"><ele>6.599999904632568</ele><time>2026-09-27T01:22:54Z</time></trkpt><trkpt lat="37.559600830078125" lon="127.05066680908203"><ele>6.599999904632568</ele><time>2026-09-27T01:22:55Z</time></trkpt><trkpt lat="37.55958557128906" lon="127.05067443847656"><ele>6.599999904632568</ele><time>2026-09-27T01:22:56Z</time></trkpt><trkpt lat="37.5595703125" lon="127.0506820678711"><ele>6.599999904632568</ele><time>2026-09-27T01:22:57Z</time></trkpt><trkpt lat="37.55955123901367" lon="127.05068969726562"><ele>6.599999904632568</ele><time>2026-09-27T01:22:58Z</time></trkpt><trkpt lat="37.55952835083008" lon="127.05069732666016"><ele>6.599999904632568</ele><time>2026-09-27T01:22:59Z</time></trkpt><trkpt lat="37.55950927734375" lon="127.05069732666016"><ele>6.599999904632568</ele><time>2026-09-27T01:23:00Z</time></trkpt><trkpt lat="37.55949020385742" lon="127.05069732666016"><ele>6.400000095367432</ele><time>2026-09-27T01:23:01Z</time></trkpt><trkpt lat="37.559471130371094" lon="127.05070495605469"><ele>6.400000095367432</ele><time>2026-09-27T01:23:02Z</time></trkpt><trkpt lat="37.55945587158203" lon="127.05070495605469"><ele>6.400000095367432</ele><time>2026-09-27T01:23:03Z</time></trkpt><trkpt lat="37.55944061279297" lon="127.05070495605469"><ele>6.400000095367432</ele><time>2026-09-27T01:23:04Z</time></trkpt><trkpt lat="37.55942153930664" lon="127.05070495605469"><ele>6.400000095367432</ele><time>2026-09-27T01:23:05Z</time></trkpt><trkpt lat="37.55940246582031" lon="127.05070495605469"><ele>6.199999809265137</ele><time>2026-09-27T01:23:06Z</time></trkpt><trkpt lat="37.559383392333984" lon="127.05070495605469"><ele>6.199999809265137</ele><time>2026-09-27T01:23:07Z</time></trkpt><trkpt lat="37.55936050415039" lon="127.05071258544922"><ele>6.199999809265137</ele><time>2026-09-27T01:23:08Z</time></trkpt><trkpt lat="37.55934143066406" lon="127.05071258544922"><ele>6.199999809265137</ele><time>2026-09-27T01:23:09Z</time></trkpt><trkpt lat="37.55931854248047" lon="127.05072021484375"><ele>6.199999809265137</ele><time>2026-09-27T01:23:10Z</time></trkpt><trkpt lat="37.55929946899414" lon="127.05072021484375"><ele>6.199999809265137</ele><time>2026-09-27T01:23:11Z</time></trkpt><trkpt lat="37.55927658081055" lon="127.05072021484375"><ele>6.199999809265137</ele><time>2026-09-27T01:23:12Z</time></trkpt><trkpt lat="37.559261322021484" lon="127.05073547363281"><ele>6.199999809265137</ele><time>2026-09-27T01:23:13Z</time></trkpt><trkpt lat="37.559234619140625" lon="127.05074310302734"><ele>6.199999809265137</ele><time>2026-09-27T01:23:14Z</time></trkpt><trkpt lat="37.55921173095703" lon="127.05077362060547"><ele>6.400000095367432</ele><time>2026-09-27T01:23:15Z</time></trkpt><trkpt lat="37.55918884277344" lon="127.05078125"><ele>6.199999809265137</ele><time>2026-09-27T01:23:16Z</time></trkpt><trkpt lat="37.559165954589844" lon="127.05078125"><ele>6.199999809265137</ele><time>2026-09-27T01:23:17Z</time></trkpt><trkpt lat="37.559146881103516" lon="127.05079650878906"><ele>6.199999809265137</ele><time>2026-09-27T01:23:18Z</time></trkpt><trkpt lat="37.55912780761719" lon="127.0508041381836"><ele>6.199999809265137</ele><time>2026-09-27T01:23:19Z</time></trkpt><trkpt lat="37.559112548828125" lon="127.05081939697266"><ele>6.199999809265137</ele><time>2026-09-27T01:23:20Z</time></trkpt><trkpt lat="37.5590934753418" lon="127.05081939697266"><ele>6.199999809265137</ele><time>2026-09-27T01:23:21Z</time></trkpt><trkpt lat="37.559078216552734" lon="127.05083465576172"><ele>6.199999809265137</ele><time>2026-09-27T01:23:22Z</time></trkpt><trkpt lat="37.55905532836914" lon="127.05083465576172"><ele>6.0</ele><time>2026-09-27T01:23:23Z</time></trkpt><trkpt lat="37.55903625488281" lon="127.05084991455078"><ele>6.0</ele><time>2026-09-27T01:23:24Z</time></trkpt><trkpt lat="37.559017181396484" lon="127.05085754394531"><ele>6.0</ele><time>2026-09-27T01:23:25Z</time></trkpt><trkpt lat="37.55900192260742" lon="127.05086517333984"><ele>6.0</ele><time>2026-09-27T01:23:26Z</time></trkpt><trkpt lat="37.558982849121094" lon="127.05087280273438"><ele>6.0</ele><time>2026-09-27T01:23:27Z</time></trkpt><trkpt lat="37.5589599609375" lon="127.0508804321289"><ele>6.199999809265137</ele><time>2026-09-27T01:23:28Z</time></trkpt><trkpt lat="37.55894470214844" lon="127.05088806152344"><ele>6.199999809265137</ele><time>2026-09-27T01:23:29Z</time></trkpt><trkpt lat="37.558921813964844" lon="127.05089569091797"><ele>6.199999809265137</ele><time>2026-09-27T01:23:30Z</time></trkpt><trkpt lat="37.558902740478516" lon="127.05091094970703"><ele>6.199999809265137</ele><time>2026-09-27T01:23:31Z</time></trkpt><trkpt lat="37.55887985229492" lon="127.05091857910156"><ele>6.199999809265137</ele><time>2026-09-27T01:23:32Z</time></trkpt><trkpt lat="37.558860778808594" lon="127.05093383789062"><ele>6.0</ele><time>2026-09-27T01:23:33Z</time></trkpt><trkpt lat="37.558834075927734" lon="127.05094146728516"><ele>6.0</ele><time>2026-09-27T01:23:34Z</time></trkpt><trkpt lat="37.558815002441406" lon="127.05094909667969"><ele>6.0</ele><time>2026-09-27T01:23:35Z</time></trkpt><trkpt lat="37.55878829956055" lon="127.05095672607422"><ele>6.0</ele><time>2026-09-27T01:23:36Z</time></trkpt><trkpt lat="37.55876922607422" lon="127.05096435546875"><ele>6.0</ele><time>2026-09-27T01:23:37Z</time></trkpt><trkpt lat="37.558753967285156" lon="127.05097198486328"><ele>6.0</ele><time>2026-09-27T01:23:38Z</time></trkpt><trkpt lat="37.55873107910156" lon="127.05098724365234"><ele>6.0</ele><time>2026-09-27T01:23:39Z</time></trkpt><trkpt lat="37.5587158203125" lon="127.05099487304688"><ele>6.0</ele><time>2026-09-27T01:23:40Z</time></trkpt><trkpt lat="37.558692932128906" lon="127.05101013183594"><ele>6.0</ele><time>2026-09-27T01:23:41Z</time></trkpt><trkpt lat="37.55867385864258" lon="127.051025390625"><ele>6.0</ele><time>2026-09-27T01:23:42Z</time></trkpt><trkpt lat="37.558650970458984" lon="127.05104064941406"><ele>6.0</ele><time>2026-09-27T01:23:43Z</time></trkpt><trkpt lat="37.55862808227539" lon="127.0510482788086"><ele>6.0</ele><time>2026-09-27T01:23:44Z</time></trkpt><trkpt lat="37.55861282348633" lon="127.05107116699219"><ele>6.0</ele><time>2026-09-27T01:23:45Z</time></trkpt><trkpt lat="37.55859375" lon="127.05107879638672"><ele>6.0</ele><time>2026-09-27T01:23:46Z</time></trkpt><trkpt lat="37.55857467651367" lon="127.05110168457031"><ele>6.0</ele><time>2026-09-27T01:23:47Z</time></trkpt><trkpt lat="37.55855941772461" lon="127.05111694335938"><ele>6.0</ele><time>2026-09-27T01:23:48Z</time></trkpt><trkpt lat="37.55854415893555" lon="127.05113220214844"><ele>6.199999809265137</ele><time>2026-09-27T01:23:49Z</time></trkpt><trkpt lat="37.558528900146484" lon="127.05113983154297"><ele>6.199999809265137</ele><time>2026-09-27T01:23:50Z</time></trkpt><trkpt lat="37.55851745605469" lon="127.0511474609375"><ele>6.199999809265137</ele><time>2026-09-27T01:23:51Z</time></trkpt><trkpt lat="37.558502197265625" lon="127.05115509033203"><ele>6.0</ele><time>2026-09-27T01:23:52Z</time></trkpt><trkpt lat="37.55848693847656" lon="127.05116271972656"><ele>6.0</ele><time>2026-09-27T01:23:53Z</time></trkpt><trkpt lat="37.558467864990234" lon="127.05117797851562"><ele>6.0</ele><time>2026-09-27T01:23:54Z</time></trkpt><trkpt lat="37.558448791503906" lon="127.05118560791016"><ele>6.0</ele><time>2026-09-27T01:23:55Z</time></trkpt><trkpt lat="37.558433532714844" lon="127.05119323730469"><ele>6.0</ele><time>2026-09-27T01:23:56Z</time></trkpt><trkpt lat="37.55841064453125" lon="127.05120086669922"><ele>6.0</ele><time>2026-09-27T01:23:57Z</time></trkpt><trkpt lat="37.55839920043945" lon="127.05121612548828"><ele>6.0</ele><time>2026-09-27T01:23:58Z</time></trkpt><trkpt lat="37.558380126953125" lon="127.05123138427734"><ele>6.0</ele><time>2026-09-27T01:23:59Z</time></trkpt><trkpt lat="37.55835723876953" lon="127.05123901367188"><ele>6.0</ele><time>2026-09-27T01:24:00Z</time></trkpt><trkpt lat="37.55833435058594" lon="127.0512466430664"><ele>5.800000190734863</ele><time>2026-09-27T01:24:01Z</time></trkpt><trkpt lat="37.558311462402344" lon="127.0512466430664"><ele>5.800000190734863</ele><time>2026-09-27T01:24:02Z</time></trkpt><trkpt lat="37.55828857421875" lon="127.05125427246094"><ele>5.800000190734863</ele><time>2026-09-27T01:24:03Z</time></trkpt><trkpt lat="37.558265686035156" lon="127.05125427246094"><ele>5.800000190734863</ele><time>2026-09-27T01:24:04Z</time></trkpt><trkpt lat="37.55824279785156" lon="127.05126190185547"><ele>5.800000190734863</ele><time>2026-09-27T01:24:05Z</time></trkpt><trkpt lat="37.558223724365234" lon="127.05126190185547"><ele>5.800000190734863</ele><time>2026-09-27T01:24:06Z</time></trkpt><trkpt lat="37.55821228027344" lon="127.05127716064453"><ele>5.800000190734863</ele><time>2026-09-27T01:24:07Z</time></trkpt><trkpt lat="37.55820083618164" lon="127.0512924194336"><ele>5.800000190734863</ele><time>2026-09-27T01:24:08Z</time></trkpt><trkpt lat="37.55818557739258" lon="127.05130767822266"><ele>5.599999904632568</ele><time>2026-09-27T01:24:09Z</time></trkpt><trkpt lat="37.558170318603516" lon="127.05132293701172"><ele>5.400000095367432</ele><time>2026-09-27T01:24:10Z</time></trkpt><trkpt lat="37.55814743041992" lon="127.05133056640625"><ele>5.400000095367432</ele><time>2026-09-27T01:24:11Z</time></trkpt><trkpt lat="37.55813217163086" lon="127.05133819580078"><ele>5.400000095367432</ele><time>2026-09-27T01:24:12Z</time></trkpt><trkpt lat="37.55811309814453" lon="127.05133819580078"><ele>5.199999809265137</ele><time>2026-09-27T01:24:13Z</time></trkpt><trkpt lat="37.55809783935547" lon="127.05134582519531"><ele>5.199999809265137</ele><time>2026-09-27T01:24:14Z</time></trkpt><trkpt lat="37.558074951171875" lon="127.05134582519531"><ele>5.199999809265137</ele><time>2026-09-27T01:24:15Z</time></trkpt><trkpt lat="37.55805969238281" lon="127.05135345458984"><ele>5.199999809265137</ele><time>2026-09-27T01:24:16Z</time></trkpt><trkpt lat="37.55803680419922" lon="127.0513687133789"><ele>5.199999809265137</ele><time>2026-09-27T01:24:17Z</time></trkpt><trkpt lat="37.558013916015625" lon="127.0513916015625"><ele>5.199999809265137</ele><time>2026-09-27T01:24:18Z</time></trkpt><trkpt lat="37.5579948425293" lon="127.0514144897461"><ele>5.199999809265137</ele><time>2026-09-27T01:24:19Z</time></trkpt><trkpt lat="37.55797576904297" lon="127.05143737792969"><ele>5.199999809265137</ele><time>2026-09-27T01:24:20Z</time></trkpt><trkpt lat="37.55795669555664" lon="127.05145263671875"><ele>5.199999809265137</ele><time>2026-09-27T01:24:21Z</time></trkpt><trkpt lat="37.55792999267578" lon="127.05146026611328"><ele>5.199999809265137</ele><time>2026-09-27T01:24:22Z</time></trkpt><trkpt lat="37.55791091918945" lon="127.05146789550781"><ele>5.0</ele><time>2026-09-27T01:24:23Z</time></trkpt><trkpt lat="37.55789566040039" lon="127.05147552490234"><ele>5.0</ele><time>2026-09-27T01:24:24Z</time></trkpt><trkpt lat="37.55786895751953" lon="127.0514907836914"><ele>5.0</ele><time>2026-09-27T01:24:25Z</time></trkpt><trkpt lat="37.557861328125" lon="127.05149841308594"><ele>5.0</ele><time>2026-09-27T01:24:26Z</time></trkpt><trkpt lat="37.55785369873047" lon="127.051513671875"><ele>5.0</ele><time>2026-09-27T01:24:27Z</time></trkpt><trkpt lat="37.55785369873047" lon="127.05152893066406"><ele>5.0</ele><time>2026-09-27T01:24:28Z</time></trkpt><trkpt lat="37.557861328125" lon="127.05154418945312"><ele>5.0</ele><time>2026-09-27T01:24:29Z</time></trkpt><trkpt lat="37.5578727722168" lon="127.05155181884766"><ele>5.199999809265137</ele><time>2026-09-27T01:24:30Z</time></trkpt><trkpt lat="37.557884216308594" lon="127.05156707763672"><ele>5.199999809265137</ele><time>2026-09-27T01:24:31Z</time></trkpt><trkpt lat="37.55788803100586" lon="127.05158996582031"><ele>5.199999809265137</ele><time>2026-09-27T01:24:32Z</time></trkpt><trkpt lat="37.557884216308594" lon="127.0516128540039"><ele>5.0</ele><time>2026-09-27T01:24:33Z</time></trkpt><trkpt lat="37.557865142822266" lon="127.05162048339844"><ele>5.0</ele><time>2026-09-27T01:24:34Z</time></trkpt><trkpt lat="37.5578498840332" lon="127.05162811279297"><ele>5.0</ele><time>2026-09-27T01:24:35Z</time></trkpt><trkpt lat="37.557830810546875" lon="127.05162811279297"><ele>5.0</ele><time>2026-09-27T01:24:36Z</time></trkpt><trkpt lat="37.55781936645508" lon="127.05164337158203"><ele>5.0</ele><time>2026-09-27T01:24:37Z</time></trkpt><trkpt lat="37.55780029296875" lon="127.05165100097656"><ele>5.0</ele><time>2026-09-27T01:24:38Z</time></trkpt><trkpt lat="37.55778503417969" lon="127.05165100097656"><ele>5.0</ele><time>2026-09-27T01:24:39Z</time></trkpt><trkpt lat="37.557762145996094" lon="127.0516586303711"><ele>5.0</ele><time>2026-09-27T01:24:40Z</time></trkpt><trkpt lat="37.557743072509766" lon="127.0516586303711"><ele>5.0</ele><time>2026-09-27T01:24:41Z</time></trkpt><trkpt lat="37.55772018432617" lon="127.05166625976562"><ele>4.800000190734863</ele><time>2026-09-27T01:24:42Z</time></trkpt><trkpt lat="37.557701110839844" lon="127.05167388916016"><ele>4.800000190734863</ele><time>2026-09-27T01:24:43Z</time></trkpt><trkpt lat="37.557682037353516" lon="127.05168914794922"><ele>4.800000190734863</ele><time>2026-09-27T01:24:44Z</time></trkpt><trkpt lat="37.55765914916992" lon="127.05169677734375"><ele>4.800000190734863</ele><time>2026-09-27T01:24:45Z</time></trkpt><trkpt lat="37.557640075683594" lon="127.05169677734375"><ele>4.800000190734863</ele><time>2026-09-27T01:24:46Z</time></trkpt><trkpt lat="37.5576171875" lon="127.05169677734375"><ele>4.800000190734863</ele><time>2026-09-27T01:24:47Z</time></trkpt><trkpt lat="37.55760192871094" lon="127.05170440673828"><ele>4.800000190734863</ele><time>2026-09-27T01:24:48Z</time></trkpt><trkpt lat="37.557579040527344" lon="127.05170440673828"><ele>4.800000190734863</ele><time>2026-09-27T01:24:49Z</time></trkpt><trkpt lat="37.55755615234375" lon="127.05170440673828"><ele>4.800000190734863</ele><time>2026-09-27T01:24:50Z</time></trkpt><trkpt lat="37.55752944946289" lon="127.05170440673828"><ele>4.800000190734863</ele><time>2026-09-27T01:24:51Z</time></trkpt><trkpt lat="37.5575065612793" lon="127.05170440673828"><ele>4.800000190734863</ele><time>2026-09-27T01:24:52Z</time></trkpt><trkpt lat="37.55747985839844" lon="127.05170440673828"><ele>4.599999904632568</ele><time>2026-09-27T01:24:53Z</time></trkpt><trkpt lat="37.557456970214844" lon="127.05170440673828"><ele>4.599999904632568</ele><time>2026-09-27T01:24:54Z</time></trkpt><trkpt lat="37.55743408203125" lon="127.05170440673828"><ele>4.599999904632568</ele><time>2026-09-27T01:24:55Z</time></trkpt><trkpt lat="37.557411193847656" lon="127.05169677734375"><ele>4.599999904632568</ele><time>2026-09-27T01:24:56Z</time></trkpt><trkpt lat="37.55738830566406" lon="127.05169677734375"><ele>4.599999904632568</ele><time>2026-09-27T01:24:57Z</time></trkpt><trkpt lat="37.55736541748047" lon="127.05169677734375"><ele>4.599999904632568</ele><time>2026-09-27T01:24:58Z</time></trkpt><trkpt lat="37.55734634399414" lon="127.05169677734375"><ele>4.599999904632568</ele><time>2026-09-27T01:24:59Z</time></trkpt><trkpt lat="37.55732727050781" lon="127.05169677734375"><ele>4.599999904632568</ele><time>2026-09-27T01:25:00Z</time></trkpt><trkpt lat="37.557308197021484" lon="127.05169677734375"><ele>4.599999904632568</ele><time>2026-09-27T01:25:01Z</time></trkpt><trkpt lat="37.55728530883789" lon="127.05169677734375"><ele>4.599999904632568</ele><time>2026-09-27T01:25:02Z</time></trkpt><trkpt lat="37.55727005004883" lon="127.05169677734375"><ele>4.599999904632568</ele><time>2026-09-27T01:25:03Z</time></trkpt><trkpt lat="37.557247161865234" lon="127.05169677734375"><ele>4.599999904632568</ele><time>2026-09-27T01:25:04Z</time></trkpt><trkpt lat="37.55722427368164" lon="127.05169677734375"><ele>4.599999904632568</ele><time>2026-09-27T01:25:05Z</time></trkpt><trkpt lat="37.55720901489258" lon="127.05168914794922"><ele>4.599999904632568</ele><time>2026-09-27T01:25:06Z</time></trkpt><trkpt lat="37.557186126708984" lon="127.05168151855469"><ele>4.599999904632568</ele><time>2026-09-27T01:25:07Z</time></trkpt><trkpt lat="37.557167053222656" lon="127.05166625976562"><ele>4.599999904632568</ele><time>2026-09-27T01:25:08Z</time></trkpt><trkpt lat="37.55714416503906" lon="127.05165100097656"><ele>4.599999904632568</ele><time>2026-09-27T01:25:09Z</time></trkpt><trkpt lat="37.55712890625" lon="127.05164337158203"><ele>4.400000095367432</ele><time>2026-09-27T01:25:10Z</time></trkpt><trkpt lat="37.55711364746094" lon="127.0516357421875"><ele>4.400000095367432</ele><time>2026-09-27T01:25:11Z</time></trkpt><trkpt lat="37.55710220336914" lon="127.05162811279297"><ele>4.400000095367432</ele><time>2026-09-27T01:25:12Z</time></trkpt><trkpt lat="37.55708694458008" lon="127.05162811279297"><ele>4.400000095367432</ele><time>2026-09-27T01:25:13Z</time></trkpt><trkpt lat="37.55706787109375" lon="127.05162048339844"><ele>4.400000095367432</ele><time>2026-09-27T01:25:14Z</time></trkpt><trkpt lat="37.55705642700195" lon="127.05162048339844"><ele>4.400000095367432</ele><time>2026-09-27T01:25:15Z</time></trkpt><trkpt lat="37.557037353515625" lon="127.0516128540039"><ele>4.400000095367432</ele><time>2026-09-27T01:25:16Z</time></trkpt><trkpt lat="37.55702209472656" lon="127.05162048339844"><ele>4.400000095367432</ele><time>2026-09-27T01:25:17Z</time></trkpt><trkpt lat="37.557003021240234" lon="127.05162048339844"><ele>4.400000095367432</ele><time>2026-09-27T01:25:18Z</time></trkpt><trkpt lat="37.55698013305664" lon="127.0516128540039"><ele>4.400000095367432</ele><time>2026-09-27T01:25:19Z</time></trkpt><trkpt lat="37.55696105957031" lon="127.0516128540039"><ele>4.400000095367432</ele><time>2026-09-27T01:25:20Z</time></trkpt><trkpt lat="37.556941986083984" lon="127.05160522460938"><ele>4.400000095367432</ele><time>2026-09-27T01:25:21Z</time></trkpt><trkpt lat="37.556922912597656" lon="127.05160522460938"><ele>4.400000095367432</ele><time>2026-09-27T01:25:22Z</time></trkpt><trkpt lat="37.55690002441406" lon="127.05160522460938"><ele>4.400000095367432</ele><time>2026-09-27T01:25:23Z</time></trkpt><trkpt lat="37.556884765625" lon="127.05160522460938"><ele>4.400000095367432</ele><time>2026-09-27T01:25:24Z</time></trkpt><trkpt lat="37.55685806274414" lon="127.05159759521484"><ele>4.400000095367432</ele><time>2026-09-27T01:25:25Z</time></trkpt><trkpt lat="37.556846618652344" lon="127.05159759521484"><ele>4.400000095367432</ele><time>2026-09-27T01:25:26Z</time></trkpt><trkpt lat="37.55682373046875" lon="127.05158996582031"><ele>4.400000095367432</ele><time>2026-09-27T01:25:27Z</time></trkpt><trkpt lat="37.55680847167969" lon="127.05159759521484"><ele>4.400000095367432</ele><time>2026-09-27T01:25:28Z</time></trkpt><trkpt lat="37.55678176879883" lon="127.05158996582031"><ele>4.400000095367432</ele><time>2026-09-27T01:25:29Z</time></trkpt><trkpt lat="37.5567626953125" lon="127.05158996582031"><ele>4.400000095367432</ele><time>2026-09-27T01:25:30Z</time></trkpt><trkpt lat="37.55674362182617" lon="127.05159759521484"><ele>4.400000095367432</ele><time>2026-09-27T01:25:31Z</time></trkpt><trkpt lat="37.55672073364258" lon="127.05158996582031"><ele>4.400000095367432</ele><time>2026-09-27T01:25:32Z</time></trkpt><trkpt lat="37.556705474853516" lon="127.05159759521484"><ele>4.400000095367432</ele><time>2026-09-27T01:25:33Z</time></trkpt><trkpt lat="37.556678771972656" lon="127.05158996582031"><ele>4.400000095367432</ele><time>2026-09-27T01:25:34Z</time></trkpt><trkpt lat="37.55665969848633" lon="127.05158996582031"><ele>4.400000095367432</ele><time>2026-09-27T01:25:35Z</time></trkpt><trkpt lat="37.556640625" lon="127.05158996582031"><ele>4.400000095367432</ele><time>2026-09-27T01:25:36Z</time></trkpt><trkpt lat="37.55662155151367" lon="127.05158233642578"><ele>4.400000095367432</ele><time>2026-09-27T01:25:37Z</time></trkpt><trkpt lat="37.55660629272461" lon="127.05158233642578"><ele>4.400000095367432</ele><time>2026-09-27T01:25:38Z</time></trkpt><trkpt lat="37.556583404541016" lon="127.05157470703125"><ele>4.400000095367432</ele><time>2026-09-27T01:25:39Z</time></trkpt><trkpt lat="37.55656433105469" lon="127.05158233642578"><ele>4.400000095367432</ele><time>2026-09-27T01:25:40Z</time></trkpt><trkpt lat="37.556541442871094" lon="127.05157470703125"><ele>4.400000095367432</ele><time>2026-09-27T01:25:41Z</time></trkpt><trkpt lat="37.556522369384766" lon="127.05157470703125"><ele>4.400000095367432</ele><time>2026-09-27T01:25:42Z</time></trkpt><trkpt lat="37.55649948120117" lon="127.05156707763672"><ele>4.400000095367432</ele><time>2026-09-27T01:25:43Z</time></trkpt><trkpt lat="37.55648422241211" lon="127.05155944824219"><ele>4.400000095367432</ele><time>2026-09-27T01:25:44Z</time></trkpt><trkpt lat="37.556461334228516" lon="127.05155181884766"><ele>4.400000095367432</ele><time>2026-09-27T01:25:45Z</time></trkpt><trkpt lat="37.55644226074219" lon="127.05154418945312"><ele>4.199999809265137</ele><time>2026-09-27T01:25:46Z</time></trkpt><trkpt lat="37.55642318725586" lon="127.0515365600586"><ele>4.199999809265137</ele><time>2026-09-27T01:25:47Z</time></trkpt><trkpt lat="37.55640411376953" lon="127.05152130126953"><ele>4.199999809265137</ele><time>2026-09-27T01:25:48Z</time></trkpt><trkpt lat="37.5563850402832" lon="127.05152130126953"><ele>4.199999809265137</ele><time>2026-09-27T01:25:49Z</time></trkpt><trkpt lat="37.55636215209961" lon="127.05150604248047"><ele>4.199999809265137</ele><time>2026-09-27T01:25:50Z</time></trkpt><trkpt lat="37.55634689331055" lon="127.05150604248047"><ele>4.199999809265137</ele><time>2026-09-27T01:25:51Z</time></trkpt><trkpt lat="37.55632400512695" lon="127.0514907836914"><ele>4.199999809265137</ele><time>2026-09-27T01:25:52Z</time></trkpt><trkpt lat="37.55630874633789" lon="127.05147552490234"><ele>4.199999809265137</ele><time>2026-09-27T01:25:53Z</time></trkpt><trkpt lat="37.5562858581543" lon="127.05146789550781"><ele>4.199999809265137</ele><time>2026-09-27T01:25:54Z</time></trkpt><trkpt lat="37.55626678466797" lon="127.05145263671875"><ele>4.199999809265137</ele><time>2026-09-27T01:25:55Z</time></trkpt><trkpt lat="37.556251525878906" lon="127.05145263671875"><ele>4.199999809265137</ele><time>2026-09-27T01:25:56Z</time></trkpt><trkpt lat="37.55623245239258" lon="127.05145263671875"><ele>4.199999809265137</ele><time>2026-09-27T01:25:57Z</time></trkpt><trkpt lat="37.55622100830078" lon="127.05145263671875"><ele>4.0</ele><time>2026-09-27T01:25:58Z</time></trkpt><trkpt lat="37.55619812011719" lon="127.05145263671875"><ele>4.0</ele><time>2026-09-27T01:25:59Z</time></trkpt><trkpt lat="37.55617904663086" lon="127.05145263671875"><ele>4.0</ele><time>2026-09-27T01:26:00Z</time></trkpt><trkpt lat="37.55615234375" lon="127.05145263671875"><ele>3.799999952316284</ele><time>2026-09-27T01:26:01Z</time></trkpt><trkpt lat="37.556129455566406" lon="127.05143737792969"><ele>3.799999952316284</ele><time>2026-09-27T01:26:02Z</time></trkpt><trkpt lat="37.55610656738281" lon="127.05142974853516"><ele>3.799999952316284</ele><time>2026-09-27T01:26:03Z</time></trkpt><trkpt lat="37.55608367919922" lon="127.0514144897461"><ele>3.799999952316284</ele><time>2026-09-27T01:26:04Z</time></trkpt><trkpt lat="37.55606460571289" lon="127.0514144897461"><ele>3.799999952316284</ele><time>2026-09-27T01:26:05Z</time></trkpt><trkpt lat="37.556034088134766" lon="127.05139923095703"><ele>3.799999952316284</ele><time>2026-09-27T01:26:06Z</time></trkpt><trkpt lat="37.5560188293457" lon="127.05139923095703"><ele>3.799999952316284</ele><time>2026-09-27T01:26:07Z</time></trkpt><trkpt lat="37.555992126464844" lon="127.0513916015625"><ele>3.799999952316284</ele><time>2026-09-27T01:26:08Z</time></trkpt><trkpt lat="37.55597686767578" lon="127.05137634277344"><ele>3.799999952316284</ele><time>2026-09-27T01:26:09Z</time></trkpt><trkpt lat="37.55595397949219" lon="127.0513687133789"><ele>3.799999952316284</ele><time>2026-09-27T01:26:10Z</time></trkpt><trkpt lat="37.555931091308594" lon="127.05136108398438"><ele>3.799999952316284</ele><time>2026-09-27T01:26:11Z</time></trkpt><trkpt lat="37.555912017822266" lon="127.05136108398438"><ele>3.5999999046325684</ele><time>2026-09-27T01:26:12Z</time></trkpt><trkpt lat="37.55588912963867" lon="127.05135345458984"><ele>3.5999999046325684</ele><time>2026-09-27T01:26:13Z</time></trkpt><trkpt lat="37.55586624145508" lon="127.05135345458984"><ele>3.5999999046325684</ele><time>2026-09-27T01:26:14Z</time></trkpt><trkpt lat="37.555843353271484" lon="127.05133819580078"><ele>3.5999999046325684</ele><time>2026-09-27T01:26:15Z</time></trkpt><trkpt lat="37.555824279785156" lon="127.05133819580078"><ele>3.5999999046325684</ele><time>2026-09-27T01:26:16Z</time></trkpt><trkpt lat="37.5557975769043" lon="127.05133056640625"><ele>3.5999999046325684</ele><time>2026-09-27T01:26:17Z</time></trkpt><trkpt lat="37.555782318115234" lon="127.05132293701172"><ele>3.5999999046325684</ele><time>2026-09-27T01:26:18Z</time></trkpt><trkpt lat="37.555755615234375" lon="127.05131530761719"><ele>3.5999999046325684</ele><time>2026-09-27T01:26:19Z</time></trkpt><trkpt lat="37.55573654174805" lon="127.05130767822266"><ele>3.5999999046325684</ele><time>2026-09-27T01:26:20Z</time></trkpt><trkpt lat="37.55571365356445" lon="127.05130004882812"><ele>3.4000000953674316</ele><time>2026-09-27T01:26:21Z</time></trkpt><trkpt lat="37.55569076538086" lon="127.0512924194336"><ele>3.4000000953674316</ele><time>2026-09-27T01:26:22Z</time></trkpt><trkpt lat="37.555667877197266" lon="127.0512924194336"><ele>3.4000000953674316</ele><time>2026-09-27T01:26:23Z</time></trkpt><trkpt lat="37.55564498901367" lon="127.05128479003906"><ele>3.4000000953674316</ele><time>2026-09-27T01:26:24Z</time></trkpt><trkpt lat="37.55562973022461" lon="127.05128479003906"><ele>3.4000000953674316</ele><time>2026-09-27T01:26:25Z</time></trkpt><trkpt lat="37.555606842041016" lon="127.05126953125"><ele>3.4000000953674316</ele><time>2026-09-27T01:26:26Z</time></trkpt><trkpt lat="37.55558776855469" lon="127.05126953125"><ele>3.5999999046325684</ele><time>2026-09-27T01:26:27Z</time></trkpt><trkpt lat="37.555564880371094" lon="127.05125427246094"><ele>3.5999999046325684</ele><time>2026-09-27T01:26:28Z</time></trkpt><trkpt lat="37.55554962158203" lon="127.05125427246094"><ele>3.5999999046325684</ele><time>2026-09-27T01:26:29Z</time></trkpt><trkpt lat="37.55552291870117" lon="127.0512466430664"><ele>3.5999999046325684</ele><time>2026-09-27T01:26:30Z</time></trkpt><trkpt lat="37.555503845214844" lon="127.0512466430664"><ele>3.5999999046325684</ele><time>2026-09-27T01:26:31Z</time></trkpt><trkpt lat="37.55548095703125" lon="127.05123901367188"><ele>3.4000000953674316</ele><time>2026-09-27T01:26:32Z</time></trkpt><trkpt lat="37.555458068847656" lon="127.05123138427734"><ele>3.4000000953674316</ele><time>2026-09-27T01:26:33Z</time></trkpt><trkpt lat="37.55543518066406" lon="127.05122375488281"><ele>3.4000000953674316</ele><time>2026-09-27T01:26:34Z</time></trkpt><trkpt lat="37.55541229248047" lon="127.05121612548828"><ele>3.4000000953674316</ele><time>2026-09-27T01:26:35Z</time></trkpt><trkpt lat="37.555389404296875" lon="127.05121612548828"><ele>3.4000000953674316</ele><time>2026-09-27T01:26:36Z</time></trkpt><trkpt lat="37.55536651611328" lon="127.05120849609375"><ele>3.4000000953674316</ele><time>2026-09-27T01:26:37Z</time></trkpt><trkpt lat="37.55534362792969" lon="127.05120849609375"><ele>3.5999999046325684</ele><time>2026-09-27T01:26:38Z</time></trkpt><trkpt lat="37.55531692504883" lon="127.05120086669922"><ele>3.4000000953674316</ele><time>2026-09-27T01:26:39Z</time></trkpt><trkpt lat="37.5552978515625" lon="127.05119323730469"><ele>3.4000000953674316</ele><time>2026-09-27T01:26:40Z</time></trkpt><trkpt lat="37.555267333984375" lon="127.05118560791016"><ele>3.4000000953674316</ele><time>2026-09-27T01:26:41Z</time></trkpt><trkpt lat="37.55524826049805" lon="127.05118560791016"><ele>3.4000000953674316</ele><time>2026-09-27T01:26:42Z</time></trkpt><trkpt lat="37.55522155761719" lon="127.05117797851562"><ele>3.4000000953674316</ele><time>2026-09-27T01:26:43Z</time></trkpt><trkpt lat="37.555206298828125" lon="127.05117797851562"><ele>3.4000000953674316</ele><time>2026-09-27T01:26:44Z</time></trkpt><trkpt lat="37.555179595947266" lon="127.0511703491211"><ele>3.4000000953674316</ele><time>2026-09-27T01:26:45Z</time></trkpt><trkpt lat="37.55516052246094" lon="127.05116271972656"><ele>3.4000000953674316</ele><time>2026-09-27T01:26:46Z</time></trkpt><trkpt lat="37.555137634277344" lon="127.05116271972656"><ele>3.4000000953674316</ele><time>2026-09-27T01:26:47Z</time></trkpt><trkpt lat="37.55511474609375" lon="127.05115509033203"><ele>3.4000000953674316</ele><time>2026-09-27T01:26:48Z</time></trkpt><trkpt lat="37.555091857910156" lon="127.05115509033203"><ele>3.4000000953674316</ele><time>2026-09-27T01:26:49Z</time></trkpt><trkpt lat="37.55506896972656" lon="127.05113983154297"><ele>3.4000000953674316</ele><time>2026-09-27T01:26:50Z</time></trkpt><trkpt lat="37.55504608154297" lon="127.05113220214844"><ele>3.5999999046325684</ele><time>2026-09-27T01:26:51Z</time></trkpt><trkpt lat="37.555023193359375" lon="127.05111694335938"><ele>3.5999999046325684</ele><time>2026-09-27T01:26:52Z</time></trkpt><trkpt lat="37.55500793457031" lon="127.05111694335938"><ele>3.5999999046325684</ele><time>2026-09-27T01:26:53Z</time></trkpt><trkpt lat="37.55498504638672" lon="127.05110931396484"><ele>3.4000000953674316</ele><time>2026-09-27T01:26:54Z</time></trkpt><trkpt lat="37.554969787597656" lon="127.05110168457031"><ele>3.4000000953674316</ele><time>2026-09-27T01:26:55Z</time></trkpt><trkpt lat="37.55494689941406" lon="127.05109405517578"><ele>3.200000047683716</ele><time>2026-09-27T01:26:56Z</time></trkpt><trkpt lat="37.55492401123047" lon="127.05108642578125"><ele>3.200000047683716</ele><time>2026-09-27T01:26:57Z</time></trkpt><trkpt lat="37.554901123046875" lon="127.05107879638672"><ele>3.0</ele><time>2026-09-27T01:26:58Z</time></trkpt><trkpt lat="37.55488204956055" lon="127.05107116699219"><ele>3.0</ele><time>2026-09-27T01:26:59Z</time></trkpt><trkpt lat="37.55486297607422" lon="127.05106353759766"><ele>3.200000047683716</ele><time>2026-09-27T01:27:00Z</time></trkpt><trkpt lat="37.55484390258789" lon="127.05105590820312"><ele>3.200000047683716</ele><time>2026-09-27T01:27:01Z</time></trkpt><trkpt lat="37.55482864379883" lon="127.05105590820312"><ele>3.200000047683716</ele><time>2026-09-27T01:27:02Z</time></trkpt><trkpt lat="37.554805755615234" lon="127.05104064941406"><ele>3.200000047683716</ele><time>2026-09-27T01:27:03Z</time></trkpt><trkpt lat="37.55479049682617" lon="127.05104064941406"><ele>3.0</ele><time>2026-09-27T01:27:04Z</time></trkpt><trkpt lat="37.55476379394531" lon="127.051025390625"><ele>3.0</ele><time>2026-09-27T01:27:05Z</time></trkpt><trkpt lat="37.554744720458984" lon="127.051025390625"><ele>3.200000047683716</ele><time>2026-09-27T01:27:06Z</time></trkpt><trkpt lat="37.55472183227539" lon="127.05101776123047"><ele>3.200000047683716</ele><time>2026-09-27T01:27:07Z</time></trkpt><trkpt lat="37.55470275878906" lon="127.05101776123047"><ele>3.200000047683716</ele><time>2026-09-27T01:27:08Z</time></trkpt><trkpt lat="37.554683685302734" lon="127.05101013183594"><ele>3.4000000953674316</ele><time>2026-09-27T01:27:09Z</time></trkpt><trkpt lat="37.55466079711914" lon="127.0510025024414"><ele>3.4000000953674316</ele><time>2026-09-27T01:27:10Z</time></trkpt><trkpt lat="37.55464172363281" lon="127.0510025024414"><ele>3.4000000953674316</ele><time>2026-09-27T01:27:11Z</time></trkpt><trkpt lat="37.55461883544922" lon="127.05098724365234"><ele>3.200000047683716</ele><time>2026-09-27T01:27:12Z</time></trkpt><trkpt lat="37.554603576660156" lon="127.05099487304688"><ele>3.200000047683716</ele><time>2026-09-27T01:27:13Z</time></trkpt><trkpt lat="37.5545768737793" lon="127.05097961425781"><ele>3.200000047683716</ele><time>2026-09-27T01:27:14Z</time></trkpt><trkpt lat="37.554561614990234" lon="127.05097961425781"><ele>3.200000047683716</ele><time>2026-09-27T01:27:15Z</time></trkpt><trkpt lat="37.55453872680664" lon="127.05096435546875"><ele>3.200000047683716</ele><time>2026-09-27T01:27:16Z</time></trkpt><trkpt lat="37.55452346801758" lon="127.05096435546875"><ele>3.200000047683716</ele><time>2026-09-27T01:27:17Z</time></trkpt><trkpt lat="37.554500579833984" lon="127.05095672607422"><ele>3.200000047683716</ele><time>2026-09-27T01:27:18Z</time></trkpt><trkpt lat="37.55448532104492" lon="127.05094146728516"><ele>3.200000047683716</ele><time>2026-09-27T01:27:19Z</time></trkpt><trkpt lat="37.55446243286133" lon="127.05093383789062"><ele>3.200000047683716</ele><time>2026-09-27T01:27:20Z</time></trkpt><trkpt lat="37.554439544677734" lon="127.0509262084961"><ele>3.4000000953674316</ele><time>2026-09-27T01:27:21Z</time></trkpt><trkpt lat="37.554420471191406" lon="127.0509262084961"><ele>3.4000000953674316</ele><time>2026-09-27T01:27:22Z</time></trkpt><trkpt lat="37.55440139770508" lon="127.05091857910156"><ele>3.4000000953674316</ele><time>2026-09-27T01:27:23Z</time></trkpt><trkpt lat="37.55438232421875" lon="127.05091857910156"><ele>3.4000000953674316</ele><time>2026-09-27T01:27:24Z</time></trkpt><trkpt lat="37.55436325073242" lon="127.05091094970703"><ele>3.4000000953674316</ele><time>2026-09-27T01:27:25Z</time></trkpt><trkpt lat="37.554344177246094" lon="127.05091094970703"><ele>3.4000000953674316</ele><time>2026-09-27T01:27:26Z</time></trkpt><trkpt lat="37.5543212890625" lon="127.05089569091797"><ele>3.4000000953674316</ele><time>2026-09-27T01:27:27Z</time></trkpt><trkpt lat="37.55430603027344" lon="127.05089569091797"><ele>3.4000000953674316</ele><time>2026-09-27T01:27:28Z</time></trkpt><trkpt lat="37.55427932739258" lon="127.05088806152344"><ele>3.4000000953674316</ele><time>2026-09-27T01:27:29Z</time></trkpt><trkpt lat="37.554264068603516" lon="127.05088806152344"><ele>3.4000000953674316</ele><time>2026-09-27T01:27:30Z</time></trkpt><trkpt lat="37.55424118041992" lon="127.0508804321289"><ele>3.5999999046325684</ele><time>2026-09-27T01:27:31Z</time></trkpt><trkpt lat="37.554222106933594" lon="127.0508804321289"><ele>3.5999999046325684</ele><time>2026-09-27T01:27:32Z</time></trkpt><trkpt lat="37.55419921875" lon="127.05087280273438"><ele>3.5999999046325684</ele><time>2026-09-27T01:27:33Z</time></trkpt><trkpt lat="37.55418395996094" lon="127.05086517333984"><ele>3.5999999046325684</ele><time>2026-09-27T01:27:34Z</time></trkpt><trkpt lat="37.554161071777344" lon="127.05086517333984"><ele>3.5999999046325684</ele><time>2026-09-27T01:27:35Z</time></trkpt><trkpt lat="37.554141998291016" lon="127.05084991455078"><ele>3.799999952316284</ele><time>2026-09-27T01:27:36Z</time></trkpt><trkpt lat="37.55412292480469" lon="127.05084991455078"><ele>3.5999999046325684</ele><time>2026-09-27T01:27:37Z</time></trkpt><trkpt lat="37.55409622192383" lon="127.05084228515625"><ele>3.799999952316284</ele><time>2026-09-27T01:27:38Z</time></trkpt><trkpt lat="37.554080963134766" lon="127.05084228515625"><ele>3.799999952316284</ele><time>2026-09-27T01:27:39Z</time></trkpt><trkpt lat="37.55405807495117" lon="127.05081939697266"><ele>3.799999952316284</ele><time>2026-09-27T01:27:40Z</time></trkpt><trkpt lat="37.55404281616211" lon="127.05081939697266"><ele>3.5999999046325684</ele><time>2026-09-27T01:27:41Z</time></trkpt><trkpt lat="37.554019927978516" lon="127.0508041381836"><ele>3.5999999046325684</ele><time>2026-09-27T01:27:42Z</time></trkpt><trkpt lat="37.55400466918945" lon="127.05079650878906"><ele>3.5999999046325684</ele><time>2026-09-27T01:27:43Z</time></trkpt><trkpt lat="37.553985595703125" lon="127.05078887939453"><ele>3.5999999046325684</ele><time>2026-09-27T01:27:44Z</time></trkpt><trkpt lat="37.5539665222168" lon="127.05078125"><ele>3.5999999046325684</ele><time>2026-09-27T01:27:45Z</time></trkpt><trkpt lat="37.553951263427734" lon="127.05076599121094"><ele>3.5999999046325684</ele><time>2026-09-27T01:27:46Z</time></trkpt><trkpt lat="37.553932189941406" lon="127.05075073242188"><ele>3.5999999046325684</ele><time>2026-09-27T01:27:47Z</time></trkpt><trkpt lat="37.553916931152344" lon="127.05074310302734"><ele>3.5999999046325684</ele><time>2026-09-27T01:27:48Z</time></trkpt><trkpt lat="37.55390167236328" lon="127.05072021484375"><ele>3.5999999046325684</ele><time>2026-09-27T01:27:49Z</time></trkpt><trkpt lat="37.55388641357422" lon="127.05071258544922"><ele>3.5999999046325684</ele><time>2026-09-27T01:27:50Z</time></trkpt><trkpt lat="37.55386734008789" lon="127.05068969726562"><ele>3.5999999046325684</ele><time>2026-09-27T01:27:51Z</time></trkpt><trkpt lat="37.55385208129883" lon="127.05067443847656"><ele>3.799999952316284</ele><time>2026-09-27T01:27:52Z</time></trkpt><trkpt lat="37.553836822509766" lon="127.05065155029297"><ele>3.799999952316284</ele><time>2026-09-27T01:27:53Z</time></trkpt><trkpt lat="37.5538215637207" lon="127.0506362915039"><ele>3.799999952316284</ele><time>2026-09-27T01:27:54Z</time></trkpt><trkpt lat="37.55380630493164" lon="127.05061340332031"><ele>3.799999952316284</ele><time>2026-09-27T01:27:55Z</time></trkpt><trkpt lat="37.553794860839844" lon="127.05059051513672"><ele>3.5999999046325684</ele><time>2026-09-27T01:27:56Z</time></trkpt><trkpt lat="37.553775787353516" lon="127.05056762695312"><ele>3.5999999046325684</ele><time>2026-09-27T01:27:57Z</time></trkpt><trkpt lat="37.55376052856445" lon="127.05054473876953"><ele>3.799999952316284</ele><time>2026-09-27T01:27:58Z</time></trkpt><trkpt lat="37.55374526977539" lon="127.05052947998047"><ele>3.5999999046325684</ele><time>2026-09-27T01:27:59Z</time></trkpt><trkpt lat="37.55373001098633" lon="127.05050659179688"><ele>3.5999999046325684</ele><time>2026-09-27T01:28:00Z</time></trkpt><trkpt lat="37.553714752197266" lon="127.05049133300781"><ele>3.5999999046325684</ele><time>2026-09-27T01:28:01Z</time></trkpt><trkpt lat="37.5536994934082" lon="127.05046844482422"><ele>3.5999999046325684</ele><time>2026-09-27T01:28:02Z</time></trkpt><trkpt lat="37.55368423461914" lon="127.05045318603516"><ele>3.5999999046325684</ele><time>2026-09-27T01:28:03Z</time></trkpt><trkpt lat="37.55366897583008" lon="127.05043029785156"><ele>3.5999999046325684</ele><time>2026-09-27T01:28:04Z</time></trkpt><trkpt lat="37.55365753173828" lon="127.0504150390625"><ele>3.5999999046325684</ele><time>2026-09-27T01:28:05Z</time></trkpt><trkpt lat="37.55364227294922" lon="127.0503921508789"><ele>3.5999999046325684</ele><time>2026-09-27T01:28:06Z</time></trkpt><trkpt lat="37.55363464355469" lon="127.05037689208984"><ele>3.5999999046325684</ele><time>2026-09-27T01:28:07Z</time></trkpt><trkpt lat="37.553619384765625" lon="127.05035400390625"><ele>3.5999999046325684</ele><time>2026-09-27T01:28:08Z</time></trkpt><trkpt lat="37.55360794067383" lon="127.05033111572266"><ele>3.5999999046325684</ele><time>2026-09-27T01:28:09Z</time></trkpt><trkpt lat="37.553592681884766" lon="127.05030822753906"><ele>3.799999952316284</ele><time>2026-09-27T01:28:10Z</time></trkpt><trkpt lat="37.553585052490234" lon="127.05027770996094"><ele>3.799999952316284</ele><time>2026-09-27T01:28:11Z</time></trkpt><trkpt lat="37.55357360839844" lon="127.05026245117188"><ele>3.799999952316284</ele><time>2026-09-27T01:28:12Z</time></trkpt><trkpt lat="37.553565979003906" lon="127.05023956298828"><ele>3.799999952316284</ele><time>2026-09-27T01:28:13Z</time></trkpt><trkpt lat="37.553558349609375" lon="127.05020904541016"><ele>3.799999952316284</ele><time>2026-09-27T01:28:14Z</time></trkpt><trkpt lat="37.553550720214844" lon="127.05018615722656"><ele>3.799999952316284</ele><time>2026-09-27T01:28:15Z</time></trkpt><trkpt lat="37.553550720214844" lon="127.05015563964844"><ele>3.799999952316284</ele><time>2026-09-27T01:28:16Z</time></trkpt><trkpt lat="37.55354309082031" lon="127.05014038085938"><ele>4.0</ele><time>2026-09-27T01:28:17Z</time></trkpt><trkpt lat="37.55353927612305" lon="127.05010223388672"><ele>4.0</ele><time>2026-09-27T01:28:18Z</time></trkpt><trkpt lat="37.55353546142578" lon="127.05007934570312"><ele>4.0</ele><time>2026-09-27T01:28:19Z</time></trkpt><trkpt lat="37.55352783203125" lon="127.050048828125"><ele>4.0</ele><time>2026-09-27T01:28:20Z</time></trkpt><trkpt lat="37.553524017333984" lon="127.0500259399414"><ele>4.0</ele><time>2026-09-27T01:28:21Z</time></trkpt><trkpt lat="37.55351638793945" lon="127.04999542236328"><ele>4.0</ele><time>2026-09-27T01:28:22Z</time></trkpt><trkpt lat="37.55351638793945" lon="127.04997253417969"><ele>4.0</ele><time>2026-09-27T01:28:23Z</time></trkpt><trkpt lat="37.55350875854492" lon="127.0499496459961"><ele>4.0</ele><time>2026-09-27T01:28:24Z</time></trkpt><trkpt lat="37.553504943847656" lon="127.04991912841797"><ele>4.0</ele><time>2026-09-27T01:28:25Z</time></trkpt><trkpt lat="37.55350112915039" lon="127.04989624023438"><ele>4.0</ele><time>2026-09-27T01:28:26Z</time></trkpt><trkpt lat="37.553497314453125" lon="127.04986572265625"><ele>4.0</ele><time>2026-09-27T01:28:27Z</time></trkpt><trkpt lat="37.55349349975586" lon="127.04984283447266"><ele>4.0</ele><time>2026-09-27T01:28:28Z</time></trkpt><trkpt lat="37.553489685058594" lon="127.04981231689453"><ele>4.0</ele><time>2026-09-27T01:28:29Z</time></trkpt><trkpt lat="37.55348587036133" lon="127.04978942871094"><ele>4.0</ele><time>2026-09-27T01:28:30Z</time></trkpt><trkpt lat="37.55348587036133" lon="127.04975128173828"><ele>4.0</ele><time>2026-09-27T01:28:31Z</time></trkpt><trkpt lat="37.55348587036133" lon="127.04972839355469"><ele>4.0</ele><time>2026-09-27T01:28:32Z</time></trkpt><trkpt lat="37.55348587036133" lon="127.04969787597656"><ele>4.0</ele><time>2026-09-27T01:28:33Z</time></trkpt><trkpt lat="37.55348587036133" lon="127.04967498779297"><ele>4.0</ele><time>2026-09-27T01:28:34Z</time></trkpt><trkpt lat="37.55348587036133" lon="127.04964447021484"><ele>4.0</ele><time>2026-09-27T01:28:35Z</time></trkpt><trkpt lat="37.553489685058594" lon="127.04961395263672"><ele>4.0</ele><time>2026-09-27T01:28:36Z</time></trkpt><trkpt lat="37.553489685058594" lon="127.04959106445312"><ele>4.0</ele><time>2026-09-27T01:28:37Z</time></trkpt><trkpt lat="37.55349349975586" lon="127.049560546875"><ele>4.0</ele><time>2026-09-27T01:28:38Z</time></trkpt><trkpt lat="37.55349349975586" lon="127.0495376586914"><ele>4.0</ele><time>2026-09-27T01:28:39Z</time></trkpt><trkpt lat="37.553497314453125" lon="127.04950714111328"><ele>4.0</ele><time>2026-09-27T01:28:40Z</time></trkpt><trkpt lat="37.55349349975586" lon="127.04948425292969"><ele>4.0</ele><time>2026-09-27T01:28:41Z</time></trkpt><trkpt lat="37.553497314453125" lon="127.04945373535156"><ele>4.0</ele><time>2026-09-27T01:28:42Z</time></trkpt><trkpt lat="37.553497314453125" lon="127.04943084716797"><ele>4.0</ele><time>2026-09-27T01:28:43Z</time></trkpt><trkpt lat="37.55350112915039" lon="127.04940032958984"><ele>4.0</ele><time>2026-09-27T01:28:44Z</time></trkpt><trkpt lat="37.553504943847656" lon="127.04937744140625"><ele>4.0</ele><time>2026-09-27T01:28:45Z</time></trkpt><trkpt lat="37.55350875854492" lon="127.04934692382812"><ele>4.0</ele><time>2026-09-27T01:28:46Z</time></trkpt><trkpt lat="37.55351257324219" lon="127.04931640625"><ele>4.0</ele><time>2026-09-27T01:28:47Z</time></trkpt><trkpt lat="37.55351257324219" lon="127.04928588867188"><ele>4.0</ele><time>2026-09-27T01:28:48Z</time></trkpt><trkpt lat="37.55351638793945" lon="127.04924774169922"><ele>4.0</ele><time>2026-09-27T01:28:49Z</time></trkpt><trkpt lat="37.55351638793945" lon="127.0492172241211"><ele>4.0</ele><time>2026-09-27T01:28:50Z</time></trkpt><trkpt lat="37.553524017333984" lon="127.04918670654297"><ele>4.0</ele><time>2026-09-27T01:28:51Z</time></trkpt><trkpt lat="37.55352020263672" lon="127.04916381835938"><ele>4.0</ele><time>2026-09-27T01:28:52Z</time></trkpt><trkpt lat="37.55352783203125" lon="127.04911804199219"><ele>4.0</ele><time>2026-09-27T01:28:53Z</time></trkpt><trkpt lat="37.55352783203125" lon="127.04910278320312"><ele>4.0</ele><time>2026-09-27T01:28:54Z</time></trkpt><trkpt lat="37.55353546142578" lon="127.04906463623047"><ele>4.0</ele><time>2026-09-27T01:28:55Z</time></trkpt><trkpt lat="37.55353546142578" lon="127.04904174804688"><ele>4.0</ele><time>2026-09-27T01:28:56Z</time></trkpt><trkpt lat="37.55353927612305" lon="127.04900360107422"><ele>4.0</ele><time>2026-09-27T01:28:57Z</time></trkpt><trkpt lat="37.55354309082031" lon="127.04898071289062"><ele>4.0</ele><time>2026-09-27T01:28:58Z</time></trkpt><trkpt lat="37.55354309082031" lon="127.04895782470703"><ele>4.0</ele><time>2026-09-27T01:28:59Z</time></trkpt><trkpt lat="37.55354690551758" lon="127.0489273071289"><ele>4.0</ele><time>2026-09-27T01:29:00Z</time></trkpt><trkpt lat="37.55354690551758" lon="127.04889678955078"><ele>4.0</ele><time>2026-09-27T01:29:01Z</time></trkpt><trkpt lat="37.55355453491211" lon="127.04886627197266"><ele>4.0</ele><time>2026-09-27T01:29:02Z</time></trkpt><trkpt lat="37.553550720214844" lon="127.04884338378906"><ele>4.0</ele><time>2026-09-27T01:29:03Z</time></trkpt><trkpt lat="37.553558349609375" lon="127.04881286621094"><ele>4.0</ele><time>2026-09-27T01:29:04Z</time></trkpt><trkpt lat="37.553558349609375" lon="127.04878997802734"><ele>4.0</ele><time>2026-09-27T01:29:05Z</time></trkpt><trkpt lat="37.55356216430664" lon="127.04875946044922"><ele>4.0</ele><time>2026-09-27T01:29:06Z</time></trkpt><trkpt lat="37.553558349609375" lon="127.04874420166016"><ele>4.0</ele><time>2026-09-27T01:29:07Z</time></trkpt><trkpt lat="37.55356216430664" lon="127.04871368408203"><ele>4.0</ele><time>2026-09-27T01:29:08Z</time></trkpt><trkpt lat="37.55356216430664" lon="127.04869079589844"><ele>4.0</ele><time>2026-09-27T01:29:09Z</time></trkpt><trkpt lat="37.553565979003906" lon="127.04866027832031"><ele>4.0</ele><time>2026-09-27T01:29:10Z</time></trkpt><trkpt lat="37.55356979370117" lon="127.04862976074219"><ele>4.199999809265137</ele><time>2026-09-27T01:29:11Z</time></trkpt><trkpt lat="37.55357360839844" lon="127.0486068725586"><ele>4.199999809265137</ele><time>2026-09-27T01:29:12Z</time></trkpt><trkpt lat="37.5535774230957" lon="127.04856872558594"><ele>4.199999809265137</ele><time>2026-09-27T01:29:13Z</time></trkpt><trkpt lat="37.55357360839844" lon="127.04854583740234"><ele>4.199999809265137</ele><time>2026-09-27T01:29:14Z</time></trkpt><trkpt lat="37.5535774230957" lon="127.04850006103516"><ele>4.400000095367432</ele><time>2026-09-27T01:29:15Z</time></trkpt><trkpt lat="37.5535774230957" lon="127.04847717285156"><ele>4.400000095367432</ele><time>2026-09-27T01:29:16Z</time></trkpt><trkpt lat="37.55358123779297" lon="127.0484390258789"><ele>4.400000095367432</ele><time>2026-09-27T01:29:17Z</time></trkpt><trkpt lat="37.5535774230957" lon="127.04841613769531"><ele>4.400000095367432</ele><time>2026-09-27T01:29:18Z</time></trkpt><trkpt lat="37.55358123779297" lon="127.04837799072266"><ele>4.400000095367432</ele><time>2026-09-27T01:29:19Z</time></trkpt><trkpt lat="37.55358123779297" lon="127.04835510253906"><ele>4.400000095367432</ele><time>2026-09-27T01:29:20Z</time></trkpt><trkpt lat="37.553585052490234" lon="127.04832458496094"><ele>4.400000095367432</ele><time>2026-09-27T01:29:21Z</time></trkpt><trkpt lat="37.5535888671875" lon="127.04830169677734"><ele>4.400000095367432</ele><time>2026-09-27T01:29:22Z</time></trkpt><trkpt lat="37.5535888671875" lon="127.04827880859375"><ele>4.400000095367432</ele><time>2026-09-27T01:29:23Z</time></trkpt><trkpt lat="37.553592681884766" lon="127.04824829101562"><ele>4.400000095367432</ele><time>2026-09-27T01:29:24Z</time></trkpt><trkpt lat="37.553592681884766" lon="127.04822540283203"><ele>4.400000095367432</ele><time>2026-09-27T01:29:25Z</time></trkpt><trkpt lat="37.55359649658203" lon="127.04820251464844"><ele>4.400000095367432</ele><time>2026-09-27T01:29:26Z</time></trkpt><trkpt lat="37.553592681884766" lon="127.04817962646484"><ele>4.400000095367432</ele><time>2026-09-27T01:29:27Z</time></trkpt><trkpt lat="37.5536003112793" lon="127.04814910888672"><ele>4.400000095367432</ele><time>2026-09-27T01:29:28Z</time></trkpt><trkpt lat="37.5536003112793" lon="127.0481185913086"><ele>4.400000095367432</ele><time>2026-09-27T01:29:29Z</time></trkpt><trkpt lat="37.55360412597656" lon="127.04808044433594"><ele>4.400000095367432</ele><time>2026-09-27T01:29:30Z</time></trkpt><trkpt lat="37.55360794067383" lon="127.04804992675781"><ele>4.400000095367432</ele><time>2026-09-27T01:29:31Z</time></trkpt><trkpt lat="37.55360794067383" lon="127.04801177978516"><ele>4.400000095367432</ele><time>2026-09-27T01:29:32Z</time></trkpt><trkpt lat="37.553611755371094" lon="127.04798889160156"><ele>4.400000095367432</ele><time>2026-09-27T01:29:33Z</time></trkpt><trkpt lat="37.55361557006836" lon="127.0479507446289"><ele>4.400000095367432</ele><time>2026-09-27T01:29:34Z</time></trkpt><trkpt lat="37.553619384765625" lon="127.04792785644531"><ele>4.400000095367432</ele><time>2026-09-27T01:29:35Z</time></trkpt><trkpt lat="37.553619384765625" lon="127.04790496826172"><ele>4.400000095367432</ele><time>2026-09-27T01:29:36Z</time></trkpt><trkpt lat="37.55362319946289" lon="127.0478744506836"><ele>4.400000095367432</ele><time>2026-09-27T01:29:37Z</time></trkpt><trkpt lat="37.55362319946289" lon="127.0478515625"><ele>4.400000095367432</ele><time>2026-09-27T01:29:38Z</time></trkpt><trkpt lat="37.55362319946289" lon="127.04782104492188"><ele>4.400000095367432</ele><time>2026-09-27T01:29:39Z</time></trkpt><trkpt lat="37.55362319946289" lon="127.04779815673828"><ele>4.400000095367432</ele><time>2026-09-27T01:29:40Z</time></trkpt><trkpt lat="37.553627014160156" lon="127.04776763916016"><ele>4.400000095367432</ele><time>2026-09-27T01:29:41Z</time></trkpt><trkpt lat="37.553627014160156" lon="127.04774475097656"><ele>4.400000095367432</ele><time>2026-09-27T01:29:42Z</time></trkpt><trkpt lat="37.55363082885742" lon="127.04771423339844"><ele>4.400000095367432</ele><time>2026-09-27T01:29:43Z</time></trkpt><trkpt lat="37.55363464355469" lon="127.04768371582031"><ele>4.400000095367432</ele><time>2026-09-27T01:29:44Z</time></trkpt><trkpt lat="37.55363845825195" lon="127.04764556884766"><ele>4.400000095367432</ele><time>2026-09-27T01:29:45Z</time></trkpt><trkpt lat="37.55363845825195" lon="127.04762268066406"><ele>4.400000095367432</ele><time>2026-09-27T01:29:46Z</time></trkpt><trkpt lat="37.55363845825195" lon="127.04759216308594"><ele>4.400000095367432</ele><time>2026-09-27T01:29:47Z</time></trkpt><trkpt lat="37.55363845825195" lon="127.04756164550781"><ele>4.400000095367432</ele><time>2026-09-27T01:29:48Z</time></trkpt><trkpt lat="37.55363845825195" lon="127.04753112792969"><ele>4.400000095367432</ele><time>2026-09-27T01:29:49Z</time></trkpt><trkpt lat="37.553646087646484" lon="127.04749298095703"><ele>4.400000095367432</ele><time>2026-09-27T01:29:50Z</time></trkpt><trkpt lat="37.55364990234375" lon="127.0474624633789"><ele>4.400000095367432</ele><time>2026-09-27T01:29:51Z</time></trkpt><trkpt lat="37.55364990234375" lon="127.04742431640625"><ele>4.400000095367432</ele><time>2026-09-27T01:29:52Z</time></trkpt><trkpt lat="37.553646087646484" lon="127.04740142822266"><ele>4.400000095367432</ele><time>2026-09-27T01:29:53Z</time></trkpt><trkpt lat="37.55364990234375" lon="127.04736328125"><ele>4.400000095367432</ele><time>2026-09-27T01:29:54Z</time></trkpt><trkpt lat="37.55364990234375" lon="127.04733276367188"><ele>4.400000095367432</ele><time>2026-09-27T01:29:55Z</time></trkpt><trkpt lat="37.55364990234375" lon="127.04730987548828"><ele>4.400000095367432</ele><time>2026-09-27T01:29:56Z</time></trkpt><trkpt lat="37.55365753173828" lon="127.04728698730469"><ele>4.400000095367432</ele><time>2026-09-27T01:29:57Z</time></trkpt><trkpt lat="37.55365753173828" lon="127.0472640991211"><ele>4.400000095367432</ele><time>2026-09-27T01:29:58Z</time></trkpt><trkpt lat="37.55366134643555" lon="127.04723358154297"><ele>4.400000095367432</ele><time>2026-09-27T01:29:59Z</time></trkpt><trkpt lat="37.55366134643555" lon="127.04721069335938"><ele>4.400000095367432</ele><time>2026-09-27T01:30:00Z</time></trkpt><trkpt lat="37.55366516113281" lon="127.04718017578125"><ele>4.400000095367432</ele><time>2026-09-27T01:30:01Z</time></trkpt><trkpt lat="37.55366897583008" lon="127.04716491699219"><ele>4.400000095367432</ele><time>2026-09-27T01:30:02Z</time></trkpt><trkpt lat="37.55366897583008" lon="127.04712677001953"><ele>4.400000095367432</ele><time>2026-09-27T01:30:03Z</time></trkpt><trkpt lat="37.55366897583008" lon="127.04710388183594"><ele>4.400000095367432</ele><time>2026-09-27T01:30:04Z</time></trkpt><trkpt lat="37.553672790527344" lon="127.04707336425781"><ele>4.400000095367432</ele><time>2026-09-27T01:30:05Z</time></trkpt><trkpt lat="37.55367660522461" lon="127.04705047607422"><ele>4.400000095367432</ele><time>2026-09-27T01:30:06Z</time></trkpt><trkpt lat="37.55367660522461" lon="127.0470199584961"><ele>4.400000095367432</ele><time>2026-09-27T01:30:07Z</time></trkpt><trkpt lat="37.553680419921875" lon="127.04698181152344"><ele>4.400000095367432</ele><time>2026-09-27T01:30:08Z</time></trkpt><trkpt lat="37.553680419921875" lon="127.04695892333984"><ele>4.400000095367432</ele><time>2026-09-27T01:30:09Z</time></trkpt><trkpt lat="37.55368423461914" lon="127.04693603515625"><ele>4.400000095367432</ele><time>2026-09-27T01:30:10Z</time></trkpt><trkpt lat="37.553688049316406" lon="127.04690551757812"><ele>4.400000095367432</ele><time>2026-09-27T01:30:11Z</time></trkpt><trkpt lat="37.553688049316406" lon="127.04688262939453"><ele>4.400000095367432</ele><time>2026-09-27T01:30:12Z</time></trkpt><trkpt lat="37.553688049316406" lon="127.0468521118164"><ele>4.400000095367432</ele><time>2026-09-27T01:30:13Z</time></trkpt><trkpt lat="37.553688049316406" lon="127.04682922363281"><ele>4.400000095367432</ele><time>2026-09-27T01:30:14Z</time></trkpt><trkpt lat="37.55368423461914" lon="127.04679870605469"><ele>4.400000095367432</ele><time>2026-09-27T01:30:15Z</time></trkpt><trkpt lat="37.55368423461914" lon="127.04678344726562"><ele>4.400000095367432</ele><time>2026-09-27T01:30:16Z</time></trkpt><trkpt lat="37.553688049316406" lon="127.0467529296875"><ele>4.400000095367432</ele><time>2026-09-27T01:30:17Z</time></trkpt><trkpt lat="37.55369186401367" lon="127.04673767089844"><ele>4.400000095367432</ele><time>2026-09-27T01:30:18Z</time></trkpt><trkpt lat="37.55369567871094" lon="127.04671478271484"><ele>4.400000095367432</ele><time>2026-09-27T01:30:19Z</time></trkpt><trkpt lat="37.55369567871094" lon="127.04669189453125"><ele>4.400000095367432</ele><time>2026-09-27T01:30:20Z</time></trkpt><trkpt lat="37.55369567871094" lon="127.04666137695312"><ele>4.599999904632568</ele><time>2026-09-27T01:30:21Z</time></trkpt><trkpt lat="37.5536994934082" lon="127.046630859375"><ele>4.599999904632568</ele><time>2026-09-27T01:30:22Z</time></trkpt><trkpt lat="37.5536994934082" lon="127.0466079711914"><ele>4.599999904632568</ele><time>2026-09-27T01:30:23Z</time></trkpt><trkpt lat="37.5536994934082" lon="127.04657745361328"><ele>4.599999904632568</ele><time>2026-09-27T01:30:24Z</time></trkpt><trkpt lat="37.55370330810547" lon="127.04655456542969"><ele>4.599999904632568</ele><time>2026-09-27T01:30:25Z</time></trkpt><trkpt lat="37.553707122802734" lon="127.0465316772461"><ele>4.599999904632568</ele><time>2026-09-27T01:30:26Z</time></trkpt><trkpt lat="37.5537109375" lon="127.0465087890625"><ele>4.599999904632568</ele><time>2026-09-27T01:30:27Z</time></trkpt><trkpt lat="37.5537109375" lon="127.04649353027344"><ele>4.400000095367432</ele><time>2026-09-27T01:30:28Z</time></trkpt><trkpt lat="37.5537109375" lon="127.04646301269531"><ele>4.400000095367432</ele><time>2026-09-27T01:30:29Z</time></trkpt><trkpt lat="37.5537109375" lon="127.04644775390625"><ele>4.599999904632568</ele><time>2026-09-27T01:30:30Z</time></trkpt><trkpt lat="37.5537109375" lon="127.04641723632812"><ele>4.599999904632568</ele><time>2026-09-27T01:30:31Z</time></trkpt><trkpt lat="37.55371856689453" lon="127.04639434814453"><ele>4.599999904632568</ele><time>2026-09-27T01:30:32Z</time></trkpt><trkpt lat="37.553714752197266" lon="127.04637145996094"><ele>4.599999904632568</ele><time>2026-09-27T01:30:33Z</time></trkpt><trkpt lat="37.5537223815918" lon="127.04633331298828"><ele>4.599999904632568</ele><time>2026-09-27T01:30:34Z</time></trkpt><trkpt lat="37.5537223815918" lon="127.04631805419922"><ele>4.599999904632568</ele><time>2026-09-27T01:30:35Z</time></trkpt><trkpt lat="37.5537223815918" lon="127.0462875366211"><ele>4.599999904632568</ele><time>2026-09-27T01:30:36Z</time></trkpt><trkpt lat="37.55373001098633" lon="127.04625701904297"><ele>4.599999904632568</ele><time>2026-09-27T01:30:37Z</time></trkpt><trkpt lat="37.553733825683594" lon="127.0462417602539"><ele>4.599999904632568</ele><time>2026-09-27T01:30:38Z</time></trkpt><trkpt lat="37.55374526977539" lon="127.04621124267578"><ele>4.599999904632568</ele><time>2026-09-27T01:30:39Z</time></trkpt><trkpt lat="37.55375289916992" lon="127.04619598388672"><ele>4.599999904632568</ele><time>2026-09-27T01:30:40Z</time></trkpt><trkpt lat="37.55375671386719" lon="127.04617309570312"><ele>4.599999904632568</ele><time>2026-09-27T01:30:41Z</time></trkpt><trkpt lat="37.553775787353516" lon="127.04615020751953"><ele>4.599999904632568</ele><time>2026-09-27T01:30:42Z</time></trkpt><trkpt lat="37.55377960205078" lon="127.04612731933594"><ele>4.599999904632568</ele><time>2026-09-27T01:30:43Z</time></trkpt><trkpt lat="37.553794860839844" lon="127.04610443115234"><ele>4.599999904632568</ele><time>2026-09-27T01:30:44Z</time></trkpt><trkpt lat="37.553802490234375" lon="127.04608154296875"><ele>4.599999904632568</ele><time>2026-09-27T01:30:45Z</time></trkpt><trkpt lat="37.55381393432617" lon="127.04606628417969"><ele>4.599999904632568</ele><time>2026-09-27T01:30:46Z</time></trkpt><trkpt lat="37.553829193115234" lon="127.0460433959961"><ele>4.599999904632568</ele><time>2026-09-27T01:30:47Z</time></trkpt><trkpt lat="37.5538330078125" lon="127.0460205078125"><ele>4.599999904632568</ele><time>2026-09-27T01:30:48Z</time></trkpt><trkpt lat="37.55385208129883" lon="127.0459976196289"><ele>4.599999904632568</ele><time>2026-09-27T01:30:49Z</time></trkpt><trkpt lat="37.55385971069336" lon="127.04598236083984"><ele>4.599999904632568</ele><time>2026-09-27T01:30:50Z</time></trkpt><trkpt lat="37.55386734008789" lon="127.04596710205078"><ele>4.599999904632568</ele><time>2026-09-27T01:30:51Z</time></trkpt><trkpt lat="37.55387878417969" lon="127.04594421386719"><ele>4.599999904632568</ele><time>2026-09-27T01:30:52Z</time></trkpt><trkpt lat="37.55388641357422" lon="127.0459213256836"><ele>4.599999904632568</ele><time>2026-09-27T01:30:53Z</time></trkpt><trkpt lat="37.55390167236328" lon="127.0458984375"><ele>4.599999904632568</ele><time>2026-09-27T01:30:54Z</time></trkpt><trkpt lat="37.55390930175781" lon="127.04588317871094"><ele>4.400000095367432</ele><time>2026-09-27T01:30:55Z</time></trkpt><trkpt lat="37.55392074584961" lon="127.04586029052734"><ele>4.400000095367432</ele><time>2026-09-27T01:30:56Z</time></trkpt><trkpt lat="37.55392837524414" lon="127.04583740234375"><ele>4.400000095367432</ele><time>2026-09-27T01:30:57Z</time></trkpt><trkpt lat="37.55393981933594" lon="127.04582214355469"><ele>4.400000095367432</ele><time>2026-09-27T01:30:58Z</time></trkpt><trkpt lat="37.55394744873047" lon="127.0457992553711"><ele>4.400000095367432</ele><time>2026-09-27T01:30:59Z</time></trkpt><trkpt lat="37.55394744873047" lon="127.0457763671875"><ele>4.199999809265137</ele><time>2026-09-27T01:31:00Z</time></trkpt><trkpt lat="37.55394744873047" lon="127.04574584960938"><ele>4.400000095367432</ele><time>2026-09-27T01:31:01Z</time></trkpt><trkpt lat="37.55394744873047" lon="127.04572296142578"><ele>4.400000095367432</ele><time>2026-09-27T01:31:02Z</time></trkpt><trkpt lat="37.5539436340332" lon="127.04570770263672"><ele>4.400000095367432</ele><time>2026-09-27T01:31:03Z</time></trkpt><trkpt lat="37.55393981933594" lon="127.0456771850586"><ele>4.400000095367432</ele><time>2026-09-27T01:31:04Z</time></trkpt><trkpt lat="37.55392837524414" lon="127.04566192626953"><ele>4.400000095367432</ele><time>2026-09-27T01:31:05Z</time></trkpt><trkpt lat="37.55390548706055" lon="127.04563903808594"><ele>4.400000095367432</ele><time>2026-09-27T01:31:06Z</time></trkpt><trkpt lat="37.553890228271484" lon="127.04562377929688"><ele>4.400000095367432</ele><time>2026-09-27T01:31:07Z</time></trkpt><trkpt lat="37.553871154785156" lon="127.04561614990234"><ele>4.400000095367432</ele><time>2026-09-27T01:31:08Z</time></trkpt><trkpt lat="37.55385208129883" lon="127.04560089111328"><ele>4.400000095367432</ele><time>2026-09-27T01:31:09Z</time></trkpt><trkpt lat="37.5538330078125" lon="127.04559326171875"><ele>4.599999904632568</ele><time>2026-09-27T01:31:10Z</time></trkpt><trkpt lat="37.55381393432617" lon="127.04558563232422"><ele>4.599999904632568</ele><time>2026-09-27T01:31:11Z</time></trkpt><trkpt lat="37.55379867553711" lon="127.04557037353516"><ele>4.599999904632568</ele><time>2026-09-27T01:31:12Z</time></trkpt><trkpt lat="37.55378341674805" lon="127.0455551147461"><ele>4.800000190734863</ele><time>2026-09-27T01:31:13Z</time></trkpt><trkpt lat="37.553768157958984" lon="127.0455322265625"><ele>4.800000190734863</ele><time>2026-09-27T01:31:14Z</time></trkpt><trkpt lat="37.55375671386719" lon="127.04552459716797"><ele>5.0</ele><time>2026-09-27T01:31:15Z</time></trkpt><trkpt lat="37.553741455078125" lon="127.04550170898438"><ele>5.0</ele><time>2026-09-27T01:31:16Z</time></trkpt><trkpt lat="37.553733825683594" lon="127.04547882080078"><ele>5.199999809265137</ele><time>2026-09-27T01:31:17Z</time></trkpt><trkpt lat="37.55372619628906" lon="127.04547119140625"><ele>5.199999809265137</ele><time>2026-09-27T01:31:18Z</time></trkpt><trkpt lat="37.5537223815918" lon="127.04545593261719"><ele>5.199999809265137</ele><time>2026-09-27T01:31:19Z</time></trkpt><trkpt lat="37.55372619628906" lon="127.04544067382812"><ele>5.199999809265137</ele><time>2026-09-27T01:31:20Z</time></trkpt><trkpt lat="37.55373001098633" lon="127.0454330444336"><ele>5.199999809265137</ele><time>2026-09-27T01:31:21Z</time></trkpt><trkpt lat="37.55373764038086" lon="127.04542541503906"><ele>5.0</ele><time>2026-09-27T01:31:22Z</time></trkpt><trkpt lat="37.553749084472656" lon="127.04540252685547"><ele>5.199999809265137</ele><time>2026-09-27T01:31:23Z</time></trkpt><trkpt lat="37.55376052856445" lon="127.0453872680664"><ele>5.199999809265137</ele><time>2026-09-27T01:31:24Z</time></trkpt><trkpt lat="37.55376052856445" lon="127.04536437988281"><ele>5.400000095367432</ele><time>2026-09-27T01:31:25Z</time></trkpt><trkpt lat="37.55376052856445" lon="127.04532623291016"><ele>5.400000095367432</ele><time>2026-09-27T01:31:26Z</time></trkpt><trkpt lat="37.55375671386719" lon="127.04530334472656"><ele>5.599999904632568</ele><time>2026-09-27T01:31:27Z</time></trkpt><trkpt lat="37.55375671386719" lon="127.04527282714844"><ele>5.599999904632568</ele><time>2026-09-27T01:31:28Z</time></trkpt><trkpt lat="37.55375289916992" lon="127.04524993896484"><ele>5.599999904632568</ele><time>2026-09-27T01:31:29Z</time></trkpt><trkpt lat="37.55375289916992" lon="127.04521942138672"><ele>5.599999904632568</ele><time>2026-09-27T01:31:30Z</time></trkpt><trkpt lat="37.553749084472656" lon="127.04519653320312"><ele>5.599999904632568</ele><time>2026-09-27T01:31:31Z</time></trkpt><trkpt lat="37.553741455078125" lon="127.04517364501953"><ele>5.599999904632568</ele><time>2026-09-27T01:31:32Z</time></trkpt><trkpt lat="37.553733825683594" lon="127.0451431274414"><ele>5.599999904632568</ele><time>2026-09-27T01:31:33Z</time></trkpt><trkpt lat="37.55372619628906" lon="127.04512786865234"><ele>5.599999904632568</ele><time>2026-09-27T01:31:34Z</time></trkpt><trkpt lat="37.55371856689453" lon="127.04509735107422"><ele>5.599999904632568</ele><time>2026-09-27T01:31:35Z</time></trkpt><trkpt lat="37.5537109375" lon="127.04507446289062"><ele>5.400000095367432</ele><time>2026-09-27T01:31:36Z</time></trkpt><trkpt lat="37.55370330810547" lon="127.04505157470703"><ele>5.400000095367432</ele><time>2026-09-27T01:31:37Z</time></trkpt><trkpt lat="37.55369567871094" lon="127.0450210571289"><ele>5.400000095367432</ele><time>2026-09-27T01:31:38Z</time></trkpt><trkpt lat="37.553688049316406" lon="127.04499816894531"><ele>5.400000095367432</ele><time>2026-09-27T01:31:39Z</time></trkpt><trkpt lat="37.55368423461914" lon="127.04496765136719"><ele>5.400000095367432</ele><time>2026-09-27T01:31:40Z</time></trkpt><trkpt lat="37.55367660522461" lon="127.04495239257812"><ele>5.400000095367432</ele><time>2026-09-27T01:31:41Z</time></trkpt><trkpt lat="37.553672790527344" lon="127.04491424560547"><ele>5.400000095367432</ele><time>2026-09-27T01:31:42Z</time></trkpt><trkpt lat="37.55366516113281" lon="127.0448989868164"><ele>5.400000095367432</ele><time>2026-09-27T01:31:43Z</time></trkpt><trkpt lat="37.55366134643555" lon="127.04486083984375"><ele>5.400000095367432</ele><time>2026-09-27T01:31:44Z</time></trkpt><trkpt lat="37.553653717041016" lon="127.04483795166016"><ele>5.400000095367432</ele><time>2026-09-27T01:31:45Z</time></trkpt><trkpt lat="37.55364990234375" lon="127.04480743408203"><ele>5.400000095367432</ele><time>2026-09-27T01:31:46Z</time></trkpt><trkpt lat="37.553646087646484" lon="127.04478454589844"><ele>5.199999809265137</ele><time>2026-09-27T01:31:47Z</time></trkpt><trkpt lat="37.55364227294922" lon="127.04475402832031"><ele>5.199999809265137</ele><time>2026-09-27T01:31:48Z</time></trkpt><trkpt lat="37.55363845825195" lon="127.04472351074219"><ele>5.199999809265137</ele><time>2026-09-27T01:31:49Z</time></trkpt><trkpt lat="37.55363082885742" lon="127.04470825195312"><ele>5.199999809265137</ele><time>2026-09-27T01:31:50Z</time></trkpt><trkpt lat="37.55362319946289" lon="127.04467010498047"><ele>5.199999809265137</ele><time>2026-09-27T01:31:51Z</time></trkpt><trkpt lat="37.55361557006836" lon="127.0446548461914"><ele>5.199999809265137</ele><time>2026-09-27T01:31:52Z</time></trkpt><trkpt lat="37.55360794067383" lon="127.04462432861328"><ele>5.0</ele><time>2026-09-27T01:31:53Z</time></trkpt><trkpt lat="37.5536003112793" lon="127.04460144042969"><ele>5.0</ele><time>2026-09-27T01:31:54Z</time></trkpt><trkpt lat="37.55359649658203" lon="127.0445785522461"><ele>5.0</ele><time>2026-09-27T01:31:55Z</time></trkpt><trkpt lat="37.553592681884766" lon="127.0445556640625"><ele>5.0</ele><time>2026-09-27T01:31:56Z</time></trkpt><trkpt lat="37.553585052490234" lon="127.04452514648438"><ele>5.0</ele><time>2026-09-27T01:31:57Z</time></trkpt><trkpt lat="37.55358123779297" lon="127.04450225830078"><ele>4.800000190734863</ele><time>2026-09-27T01:31:58Z</time></trkpt><trkpt lat="37.5535774230957" lon="127.04447937011719"><ele>4.800000190734863</ele><time>2026-09-27T01:31:59Z</time></trkpt><trkpt lat="37.55357360839844" lon="127.04444885253906"><ele>4.800000190734863</ele><time>2026-09-27T01:32:00Z</time></trkpt><trkpt lat="37.553565979003906" lon="127.04443359375"><ele>4.800000190734863</ele><time>2026-09-27T01:32:01Z</time></trkpt><trkpt lat="37.55356216430664" lon="127.04440307617188"><ele>4.800000190734863</ele><time>2026-09-27T01:32:02Z</time></trkpt><trkpt lat="37.553550720214844" lon="127.04438018798828"><ele>4.800000190734863</ele><time>2026-09-27T01:32:03Z</time></trkpt><trkpt lat="37.55354309082031" lon="127.04434967041016"><ele>4.800000190734863</ele><time>2026-09-27T01:32:04Z</time></trkpt><trkpt lat="37.55353546142578" lon="127.0443344116211"><ele>4.800000190734863</ele><time>2026-09-27T01:32:05Z</time></trkpt><trkpt lat="37.553531646728516" lon="127.04430389404297"><ele>4.800000190734863</ele><time>2026-09-27T01:32:06Z</time></trkpt><trkpt lat="37.55352783203125" lon="127.04428100585938"><ele>4.599999904632568</ele><time>2026-09-27T01:32:07Z</time></trkpt><trkpt lat="37.553524017333984" lon="127.04425811767578"><ele>4.599999904632568</ele><time>2026-09-27T01:32:08Z</time></trkpt><trkpt lat="37.55351257324219" lon="127.04422760009766"><ele>4.599999904632568</ele><time>2026-09-27T01:32:09Z</time></trkpt><trkpt lat="37.553504943847656" lon="127.04419708251953"><ele>4.599999904632568</ele><time>2026-09-27T01:32:10Z</time></trkpt><trkpt lat="37.55350112915039" lon="127.04417419433594"><ele>4.599999904632568</ele><time>2026-09-27T01:32:11Z</time></trkpt><trkpt lat="37.553497314453125" lon="127.04414367675781"><ele>4.400000095367432</ele><time>2026-09-27T01:32:12Z</time></trkpt><trkpt lat="37.55349349975586" lon="127.04411315917969"><ele>4.400000095367432</ele><time>2026-09-27T01:32:13Z</time></trkpt><trkpt lat="37.55348587036133" lon="127.04408264160156"><ele>4.400000095367432</ele><time>2026-09-27T01:32:14Z</time></trkpt><trkpt lat="37.55348205566406" lon="127.0440444946289"><ele>4.199999809265137</ele><time>2026-09-27T01:32:15Z</time></trkpt><trkpt lat="37.553470611572266" lon="127.04402160644531"><ele>4.199999809265137</ele><time>2026-09-27T01:32:16Z</time></trkpt><trkpt lat="37.553466796875" lon="127.04397583007812"><ele>4.199999809265137</ele><time>2026-09-27T01:32:17Z</time></trkpt><trkpt lat="37.553466796875" lon="127.04395294189453"><ele>4.199999809265137</ele><time>2026-09-27T01:32:18Z</time></trkpt><trkpt lat="37.553470611572266" lon="127.04393005371094"><ele>4.199999809265137</ele><time>2026-09-27T01:32:19Z</time></trkpt><trkpt lat="37.553470611572266" lon="127.04389953613281"><ele>4.199999809265137</ele><time>2026-09-27T01:32:20Z</time></trkpt><trkpt lat="37.553466796875" lon="127.04387664794922"><ele>4.199999809265137</ele><time>2026-09-27T01:32:21Z</time></trkpt><trkpt lat="37.553466796875" lon="127.0438461303711"><ele>4.199999809265137</ele><time>2026-09-27T01:32:22Z</time></trkpt><trkpt lat="37.553462982177734" lon="127.0438232421875"><ele>4.199999809265137</ele><time>2026-09-27T01:32:23Z</time></trkpt><trkpt lat="37.55345916748047" lon="127.0438003540039"><ele>4.199999809265137</ele><time>2026-09-27T01:32:24Z</time></trkpt><trkpt lat="37.5534553527832" lon="127.04377746582031"><ele>4.199999809265137</ele><time>2026-09-27T01:32:25Z</time></trkpt><trkpt lat="37.5534553527832" lon="127.04376220703125"><ele>4.0</ele><time>2026-09-27T01:32:26Z</time></trkpt><trkpt lat="37.55345153808594" lon="127.04373168945312"><ele>4.199999809265137</ele><time>2026-09-27T01:32:27Z</time></trkpt><trkpt lat="37.55344772338867" lon="127.043701171875"><ele>4.199999809265137</ele><time>2026-09-27T01:32:28Z</time></trkpt><trkpt lat="37.553428649902344" lon="127.0436782836914"><ele>4.199999809265137</ele><time>2026-09-27T01:32:29Z</time></trkpt><trkpt lat="37.55341720581055" lon="127.04364013671875"><ele>4.199999809265137</ele><time>2026-09-27T01:32:30Z</time></trkpt><trkpt lat="37.55341339111328" lon="127.04361724853516"><ele>4.199999809265137</ele><time>2026-09-27T01:32:31Z</time></trkpt><trkpt lat="37.55340576171875" lon="127.0436019897461"><ele>4.199999809265137</ele><time>2026-09-27T01:32:32Z</time></trkpt><trkpt lat="37.55339813232422" lon="127.0435791015625"><ele>4.199999809265137</ele><time>2026-09-27T01:32:33Z</time></trkpt><trkpt lat="37.55339813232422" lon="127.0435562133789"><ele>4.199999809265137</ele><time>2026-09-27T01:32:34Z</time></trkpt><trkpt lat="37.553401947021484" lon="127.04353332519531"><ele>4.400000095367432</ele><time>2026-09-27T01:32:35Z</time></trkpt><trkpt lat="37.55339813232422" lon="127.04350280761719"><ele>4.400000095367432</ele><time>2026-09-27T01:32:36Z</time></trkpt><trkpt lat="37.55339813232422" lon="127.04347229003906"><ele>4.400000095367432</ele><time>2026-09-27T01:32:37Z</time></trkpt><trkpt lat="37.55339431762695" lon="127.04344940185547"><ele>4.599999904632568</ele><time>2026-09-27T01:32:38Z</time></trkpt><trkpt lat="37.55338668823242" lon="127.04341125488281"><ele>4.599999904632568</ele><time>2026-09-27T01:32:39Z</time></trkpt><trkpt lat="37.55338668823242" lon="127.04338836669922"><ele>4.599999904632568</ele><time>2026-09-27T01:32:40Z</time></trkpt><trkpt lat="37.553382873535156" lon="127.04335021972656"><ele>4.599999904632568</ele><time>2026-09-27T01:32:41Z</time></trkpt><trkpt lat="37.55337905883789" lon="127.04332733154297"><ele>4.599999904632568</ele><time>2026-09-27T01:32:42Z</time></trkpt><trkpt lat="37.553375244140625" lon="127.04330444335938"><ele>4.800000190734863</ele><time>2026-09-27T01:32:43Z</time></trkpt><trkpt lat="37.553375244140625" lon="127.04326629638672"><ele>4.800000190734863</ele><time>2026-09-27T01:32:44Z</time></trkpt><trkpt lat="37.553367614746094" lon="127.04325103759766"><ele>4.800000190734863</ele><time>2026-09-27T01:32:45Z</time></trkpt><trkpt lat="37.553367614746094" lon="127.043212890625"><ele>4.800000190734863</ele><time>2026-09-27T01:32:46Z</time></trkpt><trkpt lat="37.55336380004883" lon="127.0431900024414"><ele>5.0</ele><time>2026-09-27T01:32:47Z</time></trkpt><trkpt lat="37.55335998535156" lon="127.04315948486328"><ele>5.0</ele><time>2026-09-27T01:32:48Z</time></trkpt><trkpt lat="37.5533561706543" lon="127.04312896728516"><ele>5.0</ele><time>2026-09-27T01:32:49Z</time></trkpt><trkpt lat="37.55335235595703" lon="127.04310607910156"><ele>5.0</ele><time>2026-09-27T01:32:50Z</time></trkpt><trkpt lat="37.55335235595703" lon="127.04307556152344"><ele>5.199999809265137</ele><time>2026-09-27T01:32:51Z</time></trkpt><trkpt lat="37.553348541259766" lon="127.04306030273438"><ele>5.199999809265137</ele><time>2026-09-27T01:32:52Z</time></trkpt><trkpt lat="37.5533447265625" lon="127.04302978515625"><ele>5.199999809265137</ele><time>2026-09-27T01:32:53Z</time></trkpt><trkpt lat="37.553340911865234" lon="127.04300689697266"><ele>5.199999809265137</ele><time>2026-09-27T01:32:54Z</time></trkpt><trkpt lat="37.553340911865234" lon="127.04297637939453"><ele>5.199999809265137</ele><time>2026-09-27T01:32:55Z</time></trkpt><trkpt lat="37.5533332824707" lon="127.04296112060547"><ele>5.400000095367432</ele><time>2026-09-27T01:32:56Z</time></trkpt><trkpt lat="37.55332946777344" lon="127.04292297363281"><ele>5.400000095367432</ele><time>2026-09-27T01:32:57Z</time></trkpt><trkpt lat="37.553321838378906" lon="127.04290008544922"><ele>5.400000095367432</ele><time>2026-09-27T01:32:58Z</time></trkpt><trkpt lat="37.553314208984375" lon="127.0428695678711"><ele>5.400000095367432</ele><time>2026-09-27T01:32:59Z</time></trkpt><trkpt lat="37.55331039428711" lon="127.04283905029297"><ele>5.599999904632568</ele><time>2026-09-27T01:33:00Z</time></trkpt><trkpt lat="37.553306579589844" lon="127.04281616210938"><ele>5.599999904632568</ele><time>2026-09-27T01:33:01Z</time></trkpt><trkpt lat="37.553306579589844" lon="127.04278564453125"><ele>5.400000095367432</ele><time>2026-09-27T01:33:02Z</time></trkpt><trkpt lat="37.55330276489258" lon="127.04276275634766"><ele>5.599999904632568</ele><time>2026-09-27T01:33:03Z</time></trkpt><trkpt lat="37.55330276489258" lon="127.042724609375"><ele>5.599999904632568</ele><time>2026-09-27T01:33:04Z</time></trkpt><trkpt lat="37.55329513549805" lon="127.04270935058594"><ele>5.599999904632568</ele><time>2026-09-27T01:33:05Z</time></trkpt><trkpt lat="37.55329513549805" lon="127.04267883300781"><ele>5.599999904632568</ele><time>2026-09-27T01:33:06Z</time></trkpt><trkpt lat="37.55329132080078" lon="127.04265594482422"><ele>5.599999904632568</ele><time>2026-09-27T01:33:07Z</time></trkpt><trkpt lat="37.55329132080078" lon="127.0426254272461"><ele>5.599999904632568</ele><time>2026-09-27T01:33:08Z</time></trkpt><trkpt lat="37.553287506103516" lon="127.04259490966797"><ele>5.599999904632568</ele><time>2026-09-27T01:33:09Z</time></trkpt><trkpt lat="37.55327606201172" lon="127.04259490966797"><ele>5.599999904632568</ele><time>2026-09-27T01:33:10Z</time></trkpt><trkpt lat="37.55326461791992" lon="127.0425796508789"><ele>5.599999904632568</ele><time>2026-09-27T01:33:11Z</time></trkpt><trkpt lat="37.55325698852539" lon="127.04254913330078"><ele>5.599999904632568</ele><time>2026-09-27T01:33:12Z</time></trkpt><trkpt lat="37.55325698852539" lon="127.04251861572266"><ele>5.800000190734863</ele><time>2026-09-27T01:33:13Z</time></trkpt><trkpt lat="37.553253173828125" lon="127.04248809814453"><ele>5.800000190734863</ele><time>2026-09-27T01:33:14Z</time></trkpt><trkpt lat="37.553253173828125" lon="127.0424575805664"><ele>5.800000190734863</ele><time>2026-09-27T01:33:15Z</time></trkpt><trkpt lat="37.553245544433594" lon="127.04243469238281"><ele>5.800000190734863</ele><time>2026-09-27T01:33:16Z</time></trkpt><trkpt lat="37.55324172973633" lon="127.04239654541016"><ele>5.800000190734863</ele><time>2026-09-27T01:33:17Z</time></trkpt><trkpt lat="37.5532341003418" lon="127.0423812866211"><ele>5.800000190734863</ele><time>2026-09-27T01:33:18Z</time></trkpt><trkpt lat="37.55323028564453" lon="127.04234313964844"><ele>6.0</ele><time>2026-09-27T01:33:19Z</time></trkpt><trkpt lat="37.55322265625" lon="127.04232025146484"><ele>6.0</ele><time>2026-09-27T01:33:20Z</time></trkpt><trkpt lat="37.55322265625" lon="127.04228973388672"><ele>6.0</ele><time>2026-09-27T01:33:21Z</time></trkpt><trkpt lat="37.553218841552734" lon="127.04227447509766"><ele>6.0</ele><time>2026-09-27T01:33:22Z</time></trkpt><trkpt lat="37.55321502685547" lon="127.042236328125"><ele>6.0</ele><time>2026-09-27T01:33:50Z</time></trkpt><trkpt lat="37.553218841552734" lon="127.04225158691406"><ele>6.0</ele><time>2026-09-27T01:33:51Z</time></trkpt><trkpt lat="37.553218841552734" lon="127.04226684570312"><ele>6.0</ele><time>2026-09-27T01:33:52Z</time></trkpt><trkpt lat="37.55322265625" lon="127.04228210449219"><ele>6.0</ele><time>2026-09-27T01:33:53Z</time></trkpt><trkpt lat="37.55322265625" lon="127.04229736328125"><ele>5.800000190734863</ele><time>2026-09-27T01:33:54Z</time></trkpt><trkpt lat="37.553226470947266" lon="127.04231262207031"><ele>5.800000190734863</ele><time>2026-09-27T01:33:55Z</time></trkpt><trkpt lat="37.553226470947266" lon="127.04232788085938"><ele>5.800000190734863</ele><time>2026-09-27T01:33:56Z</time></trkpt><trkpt lat="37.55323028564453" lon="127.04234313964844"><ele>5.800000190734863</ele><time>2026-09-27T01:33:57Z</time></trkpt><trkpt lat="37.55323028564453" lon="127.04235076904297"><ele>5.800000190734863</ele><time>2026-09-27T01:33:58Z</time></trkpt><trkpt lat="37.5532341003418" lon="127.04236602783203"><ele>6.0</ele><time>2026-09-27T01:33:59Z</time></trkpt><trkpt lat="37.55323791503906" lon="127.04237365722656"><ele>6.0</ele><time>2026-09-27T01:34:00Z</time></trkpt><trkpt lat="37.55323791503906" lon="127.04238891601562"><ele>6.0</ele><time>2026-09-27T01:34:01Z</time></trkpt><trkpt lat="37.55324172973633" lon="127.04239654541016"><ele>5.800000190734863</ele><time>2026-09-27T01:34:02Z</time></trkpt><trkpt lat="37.553245544433594" lon="127.04241180419922"><ele>5.800000190734863</ele><time>2026-09-27T01:34:03Z</time></trkpt><trkpt lat="37.553245544433594" lon="127.04242706298828"><ele>5.800000190734863</ele><time>2026-09-27T01:34:04Z</time></trkpt><trkpt lat="37.55324935913086" lon="127.04243469238281"><ele>5.800000190734863</ele><time>2026-09-27T01:34:05Z</time></trkpt><trkpt lat="37.55324935913086" lon="127.0424575805664"><ele>5.800000190734863</ele><time>2026-09-27T01:34:06Z</time></trkpt><trkpt lat="37.553253173828125" lon="127.04247283935547"><ele>5.800000190734863</ele><time>2026-09-27T01:34:07Z</time></trkpt><trkpt lat="37.55325698852539" lon="127.04248046875"><ele>5.800000190734863</ele><time>2026-09-27T01:34:08Z</time></trkpt><trkpt lat="37.553260803222656" lon="127.04249572753906"><ele>5.800000190734863</ele><time>2026-09-27T01:34:09Z</time></trkpt><trkpt lat="37.553260803222656" lon="127.04251098632812"><ele>5.599999904632568</ele><time>2026-09-27T01:34:10Z</time></trkpt><trkpt lat="37.55326461791992" lon="127.04251861572266"><ele>5.599999904632568</ele><time>2026-09-27T01:34:11Z</time></trkpt><trkpt lat="37.55326843261719" lon="127.04253387451172"><ele>5.599999904632568</ele><time>2026-09-27T01:34:12Z</time></trkpt><trkpt lat="37.55327224731445" lon="127.04254150390625"><ele>5.599999904632568</ele><time>2026-09-27T01:34:13Z</time></trkpt><trkpt lat="37.55327224731445" lon="127.04255676269531"><ele>5.599999904632568</ele><time>2026-09-27T01:34:14Z</time></trkpt><trkpt lat="37.55327224731445" lon="127.04257202148438"><ele>5.800000190734863</ele><time>2026-09-27T01:34:15Z</time></trkpt><trkpt lat="37.55327606201172" lon="127.04258728027344"><ele>5.800000190734863</ele><time>2026-09-27T01:34:16Z</time></trkpt><trkpt lat="37.553279876708984" lon="127.0426025390625"><ele>6.0</ele><time>2026-09-27T01:34:17Z</time></trkpt><trkpt lat="37.55328369140625" lon="127.04261779785156"><ele>6.0</ele><time>2026-09-27T01:34:18Z</time></trkpt><trkpt lat="37.55328369140625" lon="127.04263305664062"><ele>5.800000190734863</ele><time>2026-09-27T01:34:19Z</time></trkpt><trkpt lat="37.553287506103516" lon="127.04264831542969"><ele>5.800000190734863</ele><time>2026-09-27T01:34:20Z</time></trkpt><trkpt lat="37.55329132080078" lon="127.04266357421875"><ele>5.800000190734863</ele><time>2026-09-27T01:34:21Z</time></trkpt><trkpt lat="37.55329132080078" lon="127.04267883300781"><ele>5.800000190734863</ele><time>2026-09-27T01:34:22Z</time></trkpt><trkpt lat="37.55329132080078" lon="127.04268646240234"><ele>5.800000190734863</ele><time>2026-09-27T01:34:23Z</time></trkpt><trkpt lat="37.55329513549805" lon="127.0427017211914"><ele>5.800000190734863</ele><time>2026-09-27T01:34:24Z</time></trkpt><trkpt lat="37.55329895019531" lon="127.04271697998047"><ele>5.800000190734863</ele><time>2026-09-27T01:34:25Z</time></trkpt><trkpt lat="37.55329895019531" lon="127.042724609375"><ele>5.800000190734863</ele><time>2026-09-27T01:34:26Z</time></trkpt><trkpt lat="37.55329895019531" lon="127.04273223876953"><ele>5.800000190734863</ele><time>2026-09-27T01:34:27Z</time></trkpt><trkpt lat="37.55330276489258" lon="127.0427474975586"><ele>5.800000190734863</ele><time>2026-09-27T01:34:28Z</time></trkpt><trkpt lat="37.55330276489258" lon="127.04276275634766"><ele>5.800000190734863</ele><time>2026-09-27T01:34:29Z</time></trkpt><trkpt lat="37.553306579589844" lon="127.04277801513672"><ele>5.800000190734863</ele><time>2026-09-27T01:34:30Z</time></trkpt><trkpt lat="37.553306579589844" lon="127.04279327392578"><ele>5.800000190734863</ele><time>2026-09-27T01:34:31Z</time></trkpt><trkpt lat="37.55331039428711" lon="127.04280090332031"><ele>5.800000190734863</ele><time>2026-09-27T01:34:32Z</time></trkpt><trkpt lat="37.55331039428711" lon="127.04281616210938"><ele>5.800000190734863</ele><time>2026-09-27T01:34:33Z</time></trkpt><trkpt lat="37.55331039428711" lon="127.0428237915039"><ele>5.800000190734863</ele><time>2026-09-27T01:34:34Z</time></trkpt><trkpt lat="37.55331039428711" lon="127.04283905029297"><ele>5.800000190734863</ele><time>2026-09-27T01:34:35Z</time></trkpt><trkpt lat="37.553314208984375" lon="127.04285430908203"><ele>5.599999904632568</ele><time>2026-09-27T01:34:36Z</time></trkpt><trkpt lat="37.55331802368164" lon="127.04286193847656"><ele>5.599999904632568</ele><time>2026-09-27T01:34:37Z</time></trkpt><trkpt lat="37.553321838378906" lon="127.04288482666016"><ele>5.599999904632568</ele><time>2026-09-27T01:34:38Z</time></trkpt><trkpt lat="37.553321838378906" lon="127.04290008544922"><ele>5.599999904632568</ele><time>2026-09-27T01:34:39Z</time></trkpt><trkpt lat="37.55332565307617" lon="127.04291534423828"><ele>5.800000190734863</ele><time>2026-09-27T01:34:40Z</time></trkpt><trkpt lat="37.55332946777344" lon="127.04293060302734"><ele>5.599999904632568</ele><time>2026-09-27T01:34:41Z</time></trkpt><trkpt lat="37.55332946777344" lon="127.0429458618164"><ele>5.599999904632568</ele><time>2026-09-27T01:34:42Z</time></trkpt><trkpt lat="37.55332946777344" lon="127.04295349121094"><ele>5.599999904632568</ele><time>2026-09-27T01:34:43Z</time></trkpt><trkpt lat="37.5533332824707" lon="127.04296875"><ele>5.599999904632568</ele><time>2026-09-27T01:34:44Z</time></trkpt><trkpt lat="37.5533332824707" lon="127.04298400878906"><ele>5.599999904632568</ele><time>2026-09-27T01:34:45Z</time></trkpt><trkpt lat="37.55333709716797" lon="127.04299926757812"><ele>5.599999904632568</ele><time>2026-09-27T01:34:46Z</time></trkpt><trkpt lat="37.55333709716797" lon="127.04300689697266"><ele>5.599999904632568</ele><time>2026-09-27T01:34:47Z</time></trkpt><trkpt lat="37.55333709716797" lon="127.04302215576172"><ele>5.599999904632568</ele><time>2026-09-27T01:34:48Z</time></trkpt><trkpt lat="37.553340911865234" lon="127.04303741455078"><ele>5.599999904632568</ele><time>2026-09-27T01:34:49Z</time></trkpt><trkpt lat="37.553340911865234" lon="127.04305267333984"><ele>5.599999904632568</ele><time>2026-09-27T01:34:50Z</time></trkpt><trkpt lat="37.5533447265625" lon="127.0430679321289"><ele>5.599999904632568</ele><time>2026-09-27T01:34:51Z</time></trkpt><trkpt lat="37.5533447265625" lon="127.04307556152344"><ele>5.599999904632568</ele><time>2026-09-27T01:34:52Z</time></trkpt><trkpt lat="37.5533447265625" lon="127.0430908203125"><ele>5.599999904632568</ele><time>2026-09-27T01:34:53Z</time></trkpt><trkpt lat="37.553348541259766" lon="127.04310607910156"><ele>5.400000095367432</ele><time>2026-09-27T01:34:54Z</time></trkpt><trkpt lat="37.553348541259766" lon="127.04312133789062"><ele>5.400000095367432</ele><time>2026-09-27T01:34:55Z</time></trkpt><trkpt lat="37.55335235595703" lon="127.04313659667969"><ele>5.400000095367432</ele><time>2026-09-27T01:34:56Z</time></trkpt><trkpt lat="37.55335235595703" lon="127.04315185546875"><ele>5.400000095367432</ele><time>2026-09-27T01:34:57Z</time></trkpt><trkpt lat="37.5533561706543" lon="127.04316711425781"><ele>5.400000095367432</ele><time>2026-09-27T01:34:58Z</time></trkpt><trkpt lat="37.55335998535156" lon="127.04318237304688"><ele>5.400000095367432</ele><time>2026-09-27T01:34:59Z</time></trkpt><trkpt lat="37.55335998535156" lon="127.04319763183594"><ele>5.400000095367432</ele><time>2026-09-27T01:35:00Z</time></trkpt><trkpt lat="37.553367614746094" lon="127.04322814941406"><ele>5.199999809265137</ele><time>2026-09-27T01:35:01Z</time></trkpt><trkpt lat="37.553375244140625" lon="127.04325103759766"><ele>5.199999809265137</ele><time>2026-09-27T01:35:02Z</time></trkpt><trkpt lat="37.55337905883789" lon="127.04327392578125"><ele>5.199999809265137</ele><time>2026-09-27T01:35:03Z</time></trkpt><trkpt lat="37.553375244140625" lon="127.0433120727539"><ele>5.0</ele><time>2026-09-27T01:35:04Z</time></trkpt><trkpt lat="37.55337905883789" lon="127.0433349609375"><ele>5.0</ele><time>2026-09-27T01:35:05Z</time></trkpt><trkpt lat="37.553382873535156" lon="127.04336547851562"><ele>5.0</ele><time>2026-09-27T01:35:06Z</time></trkpt><trkpt lat="37.553382873535156" lon="127.04338836669922"><ele>5.0</ele><time>2026-09-27T01:35:07Z</time></trkpt><trkpt lat="37.55338668823242" lon="127.04341888427734"><ele>5.0</ele><time>2026-09-27T01:35:08Z</time></trkpt><trkpt lat="37.55339050292969" lon="127.04344940185547"><ele>5.0</ele><time>2026-09-27T01:35:09Z</time></trkpt><trkpt lat="37.55339813232422" lon="127.04347229003906"><ele>5.0</ele><time>2026-09-27T01:35:10Z</time></trkpt><trkpt lat="37.55339813232422" lon="127.04349517822266"><ele>5.0</ele><time>2026-09-27T01:35:11Z</time></trkpt><trkpt lat="37.553401947021484" lon="127.04351806640625"><ele>5.0</ele><time>2026-09-27T01:35:12Z</time></trkpt><trkpt lat="37.55340576171875" lon="127.04354095458984"><ele>5.0</ele><time>2026-09-27T01:35:13Z</time></trkpt><trkpt lat="37.55340576171875" lon="127.04357147216797"><ele>4.800000190734863</ele><time>2026-09-27T01:35:14Z</time></trkpt><trkpt lat="37.55340576171875" lon="127.04359436035156"><ele>4.800000190734863</ele><time>2026-09-27T01:35:15Z</time></trkpt><trkpt lat="37.55340576171875" lon="127.04361724853516"><ele>4.800000190734863</ele><time>2026-09-27T01:35:16Z</time></trkpt><trkpt lat="37.553409576416016" lon="127.04364013671875"><ele>4.800000190734863</ele><time>2026-09-27T01:35:17Z</time></trkpt><trkpt lat="37.55341339111328" lon="127.04366302490234"><ele>4.800000190734863</ele><time>2026-09-27T01:35:18Z</time></trkpt><trkpt lat="37.55341720581055" lon="127.04368591308594"><ele>4.800000190734863</ele><time>2026-09-27T01:35:19Z</time></trkpt><trkpt lat="37.55341720581055" lon="127.043701171875"><ele>4.800000190734863</ele><time>2026-09-27T01:35:20Z</time></trkpt><trkpt lat="37.55342102050781" lon="127.0437240600586"><ele>4.800000190734863</ele><time>2026-09-27T01:35:21Z</time></trkpt><trkpt lat="37.55342102050781" lon="127.04374694824219"><ele>4.800000190734863</ele><time>2026-09-27T01:35:22Z</time></trkpt><trkpt lat="37.55342483520508" lon="127.04376220703125"><ele>4.800000190734863</ele><time>2026-09-27T01:35:23Z</time></trkpt><trkpt lat="37.553428649902344" lon="127.04377746582031"><ele>4.599999904632568</ele><time>2026-09-27T01:35:24Z</time></trkpt><trkpt lat="37.553443908691406" lon="127.04381561279297"><ele>4.800000190734863</ele><time>2026-09-27T01:35:25Z</time></trkpt><trkpt lat="37.5534553527832" lon="127.0438461303711"><ele>4.800000190734863</ele><time>2026-09-27T01:35:26Z</time></trkpt><trkpt lat="37.553466796875" lon="127.04388427734375"><ele>4.800000190734863</ele><time>2026-09-27T01:35:27Z</time></trkpt><trkpt lat="37.553470611572266" lon="127.04389953613281"><ele>4.800000190734863</ele><time>2026-09-27T01:35:28Z</time></trkpt><trkpt lat="37.5534782409668" lon="127.0439224243164"><ele>5.0</ele><time>2026-09-27T01:35:29Z</time></trkpt><trkpt lat="37.55347442626953" lon="127.04396057128906"><ele>4.800000190734863</ele><time>2026-09-27T01:35:30Z</time></trkpt><trkpt lat="37.5534782409668" lon="127.04398345947266"><ele>4.800000190734863</ele><time>2026-09-27T01:35:31Z</time></trkpt><trkpt lat="37.55348587036133" lon="127.04402160644531"><ele>4.800000190734863</ele><time>2026-09-27T01:35:32Z</time></trkpt><trkpt lat="37.553489685058594" lon="127.04405212402344"><ele>5.0</ele><time>2026-09-27T01:35:33Z</time></trkpt><trkpt lat="37.55349349975586" lon="127.04408264160156"><ele>5.0</ele><time>2026-09-27T01:35:34Z</time></trkpt><trkpt lat="37.55350112915039" lon="127.04412078857422"><ele>5.0</ele><time>2026-09-27T01:35:35Z</time></trkpt><trkpt lat="37.553504943847656" lon="127.04414367675781"><ele>5.0</ele><time>2026-09-27T01:35:36Z</time></trkpt><trkpt lat="37.55351257324219" lon="127.04418182373047"><ele>5.199999809265137</ele><time>2026-09-27T01:35:37Z</time></trkpt><trkpt lat="37.55352020263672" lon="127.04420471191406"><ele>5.199999809265137</ele><time>2026-09-27T01:35:38Z</time></trkpt><trkpt lat="37.55352783203125" lon="127.04423522949219"><ele>5.199999809265137</ele><time>2026-09-27T01:35:39Z</time></trkpt><trkpt lat="37.553531646728516" lon="127.04425811767578"><ele>5.199999809265137</ele><time>2026-09-27T01:35:40Z</time></trkpt><trkpt lat="37.55353927612305" lon="127.04428100585938"><ele>5.199999809265137</ele><time>2026-09-27T01:35:41Z</time></trkpt><trkpt lat="37.55354309082031" lon="127.04430389404297"><ele>5.199999809265137</ele><time>2026-09-27T01:35:42Z</time></trkpt><trkpt lat="37.553550720214844" lon="127.04432678222656"><ele>5.199999809265137</ele><time>2026-09-27T01:35:43Z</time></trkpt><trkpt lat="37.553550720214844" lon="127.04434967041016"><ele>5.199999809265137</ele><time>2026-09-27T01:35:44Z</time></trkpt><trkpt lat="37.553558349609375" lon="127.04437255859375"><ele>5.199999809265137</ele><time>2026-09-27T01:35:45Z</time></trkpt><trkpt lat="37.553565979003906" lon="127.04440307617188"><ele>5.400000095367432</ele><time>2026-09-27T01:35:46Z</time></trkpt><trkpt lat="37.55357360839844" lon="127.04441833496094"><ele>5.400000095367432</ele><time>2026-09-27T01:35:47Z</time></trkpt><trkpt lat="37.5535774230957" lon="127.04444885253906"><ele>5.400000095367432</ele><time>2026-09-27T01:35:48Z</time></trkpt><trkpt lat="37.553585052490234" lon="127.04447174072266"><ele>5.400000095367432</ele><time>2026-09-27T01:35:49Z</time></trkpt><trkpt lat="37.5535888671875" lon="127.04449462890625"><ele>5.599999904632568</ele><time>2026-09-27T01:35:50Z</time></trkpt><trkpt lat="37.55359649658203" lon="127.04451751708984"><ele>5.599999904632568</ele><time>2026-09-27T01:35:51Z</time></trkpt><trkpt lat="37.55360412597656" lon="127.04454803466797"><ele>5.599999904632568</ele><time>2026-09-27T01:35:52Z</time></trkpt><trkpt lat="37.55360794067383" lon="127.04457092285156"><ele>5.599999904632568</ele><time>2026-09-27T01:35:53Z</time></trkpt><trkpt lat="37.55361557006836" lon="127.04459381103516"><ele>5.800000190734863</ele><time>2026-09-27T01:35:54Z</time></trkpt><trkpt lat="37.553619384765625" lon="127.04463195800781"><ele>5.800000190734863</ele><time>2026-09-27T01:35:55Z</time></trkpt><trkpt lat="37.553627014160156" lon="127.0446548461914"><ele>6.0</ele><time>2026-09-27T01:35:56Z</time></trkpt><trkpt lat="37.553627014160156" lon="127.04468536376953"><ele>6.0</ele><time>2026-09-27T01:35:57Z</time></trkpt><trkpt lat="37.55363464355469" lon="127.0447006225586"><ele>6.0</ele><time>2026-09-27T01:35:58Z</time></trkpt><trkpt lat="37.55363845825195" lon="127.04473114013672"><ele>6.0</ele><time>2026-09-27T01:35:59Z</time></trkpt><trkpt lat="37.553646087646484" lon="127.04475402832031"><ele>6.199999809265137</ele><time>2026-09-27T01:36:00Z</time></trkpt><trkpt lat="37.553646087646484" lon="127.04478454589844"><ele>6.199999809265137</ele><time>2026-09-27T01:36:01Z</time></trkpt><trkpt lat="37.553653717041016" lon="127.04480743408203"><ele>6.199999809265137</ele><time>2026-09-27T01:36:02Z</time></trkpt><trkpt lat="37.55366134643555" lon="127.04483032226562"><ele>6.199999809265137</ele><time>2026-09-27T01:36:03Z</time></trkpt><trkpt lat="37.55366897583008" lon="127.04486083984375"><ele>6.199999809265137</ele><time>2026-09-27T01:36:04Z</time></trkpt><trkpt lat="37.553672790527344" lon="127.04488372802734"><ele>6.199999809265137</ele><time>2026-09-27T01:36:05Z</time></trkpt><trkpt lat="37.55368423461914" lon="127.04491424560547"><ele>6.199999809265137</ele><time>2026-09-27T01:36:06Z</time></trkpt><trkpt lat="37.55369186401367" lon="127.04493713378906"><ele>6.199999809265137</ele><time>2026-09-27T01:36:07Z</time></trkpt><trkpt lat="37.55370330810547" lon="127.04496002197266"><ele>6.199999809265137</ele><time>2026-09-27T01:36:08Z</time></trkpt><trkpt lat="37.553707122802734" lon="127.04498291015625"><ele>6.400000095367432</ele><time>2026-09-27T01:36:09Z</time></trkpt><trkpt lat="37.553714752197266" lon="127.04501342773438"><ele>6.400000095367432</ele><time>2026-09-27T01:36:10Z</time></trkpt><trkpt lat="37.55371856689453" lon="127.04503631591797"><ele>6.400000095367432</ele><time>2026-09-27T01:36:11Z</time></trkpt><trkpt lat="37.55372619628906" lon="127.0450668334961"><ele>6.400000095367432</ele><time>2026-09-27T01:36:12Z</time></trkpt><trkpt lat="37.553733825683594" lon="127.04509735107422"><ele>6.599999904632568</ele><time>2026-09-27T01:36:13Z</time></trkpt><trkpt lat="37.55374526977539" lon="127.04511260986328"><ele>6.599999904632568</ele><time>2026-09-27T01:36:14Z</time></trkpt><trkpt lat="37.55375289916992" lon="127.0451431274414"><ele>6.400000095367432</ele><time>2026-09-27T01:36:15Z</time></trkpt><trkpt lat="37.55375671386719" lon="127.045166015625"><ele>6.400000095367432</ele><time>2026-09-27T01:36:16Z</time></trkpt><trkpt lat="37.55376434326172" lon="127.04519653320312"><ele>6.400000095367432</ele><time>2026-09-27T01:36:17Z</time></trkpt><trkpt lat="37.55377197265625" lon="127.04521942138672"><ele>6.599999904632568</ele><time>2026-09-27T01:36:18Z</time></trkpt><trkpt lat="37.55377960205078" lon="127.04524230957031"><ele>6.599999904632568</ele><time>2026-09-27T01:36:19Z</time></trkpt><trkpt lat="37.55378341674805" lon="127.0452651977539"><ele>6.599999904632568</ele><time>2026-09-27T01:36:20Z</time></trkpt><trkpt lat="37.55379104614258" lon="127.04528045654297"><ele>6.599999904632568</ele><time>2026-09-27T01:36:21Z</time></trkpt><trkpt lat="37.553794860839844" lon="127.04530334472656"><ele>6.599999904632568</ele><time>2026-09-27T01:36:22Z</time></trkpt><trkpt lat="37.55378341674805" lon="127.04532623291016"><ele>6.599999904632568</ele><time>2026-09-27T01:36:23Z</time></trkpt><trkpt lat="37.55377960205078" lon="127.04534149169922"><ele>6.400000095367432</ele><time>2026-09-27T01:36:24Z</time></trkpt><trkpt lat="37.553775787353516" lon="127.04534149169922"><ele>6.400000095367432</ele><time>2026-09-27T01:36:25Z</time></trkpt><trkpt lat="37.553775787353516" lon="127.04534912109375"><ele>6.199999809265137</ele><time>2026-09-27T01:36:26Z</time></trkpt><trkpt lat="37.553775787353516" lon="127.04535675048828"><ele>6.199999809265137</ele><time>2026-09-27T01:36:27Z</time></trkpt><trkpt lat="37.553775787353516" lon="127.04535675048828"><ele>6.199999809265137</ele><time>2026-09-27T01:36:28Z</time></trkpt><trkpt lat="37.55377960205078" lon="127.04536437988281"><ele>6.400000095367432</ele><time>2026-09-27T01:36:29Z</time></trkpt><trkpt lat="37.553775787353516" lon="127.04536437988281"><ele>6.400000095367432</ele><time>2026-09-27T01:36:30Z</time></trkpt><trkpt lat="37.553768157958984" lon="127.04534912109375"><ele>6.400000095367432</ele><time>2026-09-27T01:36:31Z</time></trkpt><trkpt lat="37.553749084472656" lon="127.04534912109375"><ele>6.400000095367432</ele><time>2026-09-27T01:36:32Z</time></trkpt><trkpt lat="37.553733825683594" lon="127.04535675048828"><ele>6.400000095367432</ele><time>2026-09-27T01:36:33Z</time></trkpt><trkpt lat="37.5537109375" lon="127.04537200927734"><ele>6.599999904632568</ele><time>2026-09-27T01:36:34Z</time></trkpt><trkpt lat="37.55370330810547" lon="127.04537963867188"><ele>6.599999904632568</ele><time>2026-09-27T01:36:35Z</time></trkpt><trkpt lat="37.55369567871094" lon="127.04540252685547"><ele>6.599999904632568</ele><time>2026-09-27T01:36:36Z</time></trkpt><trkpt lat="37.55369567871094" lon="127.0454330444336"><ele>6.599999904632568</ele><time>2026-09-27T01:36:37Z</time></trkpt><trkpt lat="37.5536994934082" lon="127.04545593261719"><ele>6.800000190734863</ele><time>2026-09-27T01:36:38Z</time></trkpt><trkpt lat="37.5536994934082" lon="127.04548645019531"><ele>6.599999904632568</ele><time>2026-09-27T01:36:39Z</time></trkpt><trkpt lat="37.553714752197266" lon="127.04550170898438"><ele>6.599999904632568</ele><time>2026-09-27T01:36:40Z</time></trkpt><trkpt lat="37.5537223815918" lon="127.0455322265625"><ele>6.599999904632568</ele><time>2026-09-27T01:36:41Z</time></trkpt><trkpt lat="37.55373764038086" lon="127.04554748535156"><ele>6.599999904632568</ele><time>2026-09-27T01:36:42Z</time></trkpt><trkpt lat="37.55375289916992" lon="127.0455551147461"><ele>6.599999904632568</ele><time>2026-09-27T01:36:43Z</time></trkpt><trkpt lat="37.553768157958984" lon="127.0455551147461"><ele>6.599999904632568</ele><time>2026-09-27T01:36:44Z</time></trkpt><trkpt lat="37.55378723144531" lon="127.04556274414062"><ele>6.599999904632568</ele><time>2026-09-27T01:36:45Z</time></trkpt><trkpt lat="37.553802490234375" lon="127.04557037353516"><ele>6.400000095367432</ele><time>2026-09-27T01:36:46Z</time></trkpt><trkpt lat="37.55381774902344" lon="127.04557800292969"><ele>6.400000095367432</ele><time>2026-09-27T01:36:47Z</time></trkpt><trkpt lat="37.5538330078125" lon="127.04558563232422"><ele>6.199999809265137</ele><time>2026-09-27T01:36:48Z</time></trkpt><trkpt lat="37.55385208129883" lon="127.04560089111328"><ele>6.199999809265137</ele><time>2026-09-27T01:36:49Z</time></trkpt><trkpt lat="37.55386734008789" lon="127.04560852050781"><ele>6.0</ele><time>2026-09-27T01:36:50Z</time></trkpt><trkpt lat="37.55388641357422" lon="127.04562377929688"><ele>6.0</ele><time>2026-09-27T01:36:51Z</time></trkpt><trkpt lat="37.553897857666016" lon="127.0456314086914"><ele>6.0</ele><time>2026-09-27T01:36:52Z</time></trkpt><trkpt lat="37.55391311645508" lon="127.045654296875"><ele>5.800000190734863</ele><time>2026-09-27T01:36:53Z</time></trkpt><trkpt lat="37.553924560546875" lon="127.04566955566406"><ele>5.800000190734863</ele><time>2026-09-27T01:36:54Z</time></trkpt><trkpt lat="37.553932189941406" lon="127.04569244384766"><ele>5.800000190734863</ele><time>2026-09-27T01:36:55Z</time></trkpt><trkpt lat="37.55393981933594" lon="127.04571533203125"><ele>5.800000190734863</ele><time>2026-09-27T01:36:56Z</time></trkpt><trkpt lat="37.55394744873047" lon="127.04573059082031"><ele>5.800000190734863</ele><time>2026-09-27T01:36:57Z</time></trkpt><trkpt lat="37.5539436340332" lon="127.04576110839844"><ele>5.800000190734863</ele><time>2026-09-27T01:36:58Z</time></trkpt><trkpt lat="37.55393600463867" lon="127.0457763671875"><ele>5.800000190734863</ele><time>2026-09-27T01:36:59Z</time></trkpt><trkpt lat="37.553924560546875" lon="127.0457992553711"><ele>5.800000190734863</ele><time>2026-09-27T01:37:00Z</time></trkpt><trkpt lat="37.553916931152344" lon="127.04581451416016"><ele>5.800000190734863</ele><time>2026-09-27T01:37:01Z</time></trkpt><trkpt lat="37.55390930175781" lon="127.04583740234375"><ele>5.800000190734863</ele><time>2026-09-27T01:37:02Z</time></trkpt><trkpt lat="37.55390167236328" lon="127.04586029052734"><ele>5.800000190734863</ele><time>2026-09-27T01:37:03Z</time></trkpt><trkpt lat="37.553897857666016" lon="127.0458755493164"><ele>5.800000190734863</ele><time>2026-09-27T01:37:04Z</time></trkpt><trkpt lat="37.55388641357422" lon="127.0458984375"><ele>6.0</ele><time>2026-09-27T01:37:05Z</time></trkpt><trkpt lat="37.55387496948242" lon="127.04591369628906"><ele>5.800000190734863</ele><time>2026-09-27T01:37:06Z</time></trkpt><trkpt lat="37.55386734008789" lon="127.04593658447266"><ele>5.800000190734863</ele><time>2026-09-27T01:37:07Z</time></trkpt><trkpt lat="37.553855895996094" lon="127.04595947265625"><ele>5.800000190734863</ele><time>2026-09-27T01:37:08Z</time></trkpt><trkpt lat="37.55384826660156" lon="127.04596710205078"><ele>5.800000190734863</ele><time>2026-09-27T01:37:09Z</time></trkpt><trkpt lat="37.5538330078125" lon="127.0459976196289"><ele>6.0</ele><time>2026-09-27T01:37:10Z</time></trkpt><trkpt lat="37.5538215637207" lon="127.04601287841797"><ele>6.0</ele><time>2026-09-27T01:37:11Z</time></trkpt><trkpt lat="37.553810119628906" lon="127.0460433959961"><ele>6.0</ele><time>2026-09-27T01:37:12Z</time></trkpt><trkpt lat="37.553802490234375" lon="127.04605865478516"><ele>6.0</ele><time>2026-09-27T01:37:13Z</time></trkpt><trkpt lat="37.55378723144531" lon="127.04608154296875"><ele>6.0</ele><time>2026-09-27T01:37:14Z</time></trkpt><trkpt lat="37.553775787353516" lon="127.04609680175781"><ele>6.0</ele><time>2026-09-27T01:37:15Z</time></trkpt><trkpt lat="37.55376434326172" lon="127.0461196899414"><ele>5.800000190734863</ele><time>2026-09-27T01:37:16Z</time></trkpt><trkpt lat="37.55375671386719" lon="127.046142578125"><ele>5.800000190734863</ele><time>2026-09-27T01:37:17Z</time></trkpt><trkpt lat="37.553749084472656" lon="127.04617309570312"><ele>5.800000190734863</ele><time>2026-09-27T01:37:18Z</time></trkpt><trkpt lat="37.55373764038086" lon="127.04619598388672"><ele>5.800000190734863</ele><time>2026-09-27T01:37:19Z</time></trkpt><trkpt lat="37.553733825683594" lon="127.04621887207031"><ele>6.0</ele><time>2026-09-27T01:37:20Z</time></trkpt><trkpt lat="37.5537223815918" lon="127.0462417602539"><ele>6.0</ele><time>2026-09-27T01:37:21Z</time></trkpt><trkpt lat="37.55372619628906" lon="127.04625701904297"><ele>6.0</ele><time>2026-09-27T01:37:22Z</time></trkpt><trkpt lat="37.55371856689453" lon="127.0462875366211"><ele>6.0</ele><time>2026-09-27T01:37:23Z</time></trkpt><trkpt lat="37.55371856689453" lon="127.04631042480469"><ele>6.0</ele><time>2026-09-27T01:37:24Z</time></trkpt><trkpt lat="37.5537109375" lon="127.04634094238281"><ele>6.199999809265137</ele><time>2026-09-27T01:37:25Z</time></trkpt><trkpt lat="37.553707122802734" lon="127.0463638305664"><ele>6.199999809265137</ele><time>2026-09-27T01:37:26Z</time></trkpt><trkpt lat="37.55370330810547" lon="127.04638671875"><ele>6.199999809265137</ele><time>2026-09-27T01:37:27Z</time></trkpt><trkpt lat="37.55370330810547" lon="127.0464096069336"><ele>6.0</ele><time>2026-09-27T01:37:28Z</time></trkpt><trkpt lat="37.5536994934082" lon="127.04644012451172"><ele>6.0</ele><time>2026-09-27T01:37:29Z</time></trkpt><trkpt lat="37.55369567871094" lon="127.04646301269531"><ele>6.0</ele><time>2026-09-27T01:37:30Z</time></trkpt><trkpt lat="37.5536994934082" lon="127.0464859008789"><ele>6.0</ele><time>2026-09-27T01:37:31Z</time></trkpt><trkpt lat="37.55369567871094" lon="127.04651641845703"><ele>6.0</ele><time>2026-09-27T01:37:32Z</time></trkpt><trkpt lat="37.55369567871094" lon="127.0465316772461"><ele>5.800000190734863</ele><time>2026-09-27T01:37:33Z</time></trkpt><trkpt lat="37.5536994934082" lon="127.04656219482422"><ele>5.800000190734863</ele><time>2026-09-27T01:37:34Z</time></trkpt><trkpt lat="37.55370330810547" lon="127.04657745361328"><ele>5.800000190734863</ele><time>2026-09-27T01:37:35Z</time></trkpt><trkpt lat="37.5536994934082" lon="127.0466079711914"><ele>5.800000190734863</ele><time>2026-09-27T01:37:36Z</time></trkpt><trkpt lat="37.5536994934082" lon="127.046630859375"><ele>5.800000190734863</ele><time>2026-09-27T01:37:37Z</time></trkpt><trkpt lat="37.5536994934082" lon="127.04666137695312"><ele>5.800000190734863</ele><time>2026-09-27T01:37:38Z</time></trkpt><trkpt lat="37.5536994934082" lon="127.04668426513672"><ele>5.800000190734863</ele><time>2026-09-27T01:37:39Z</time></trkpt><trkpt lat="37.55369567871094" lon="127.04670715332031"><ele>5.800000190734863</ele><time>2026-09-27T01:37:40Z</time></trkpt><trkpt lat="37.55369567871094" lon="127.04673767089844"><ele>5.800000190734863</ele><time>2026-09-27T01:37:41Z</time></trkpt><trkpt lat="37.55369567871094" lon="127.0467529296875"><ele>5.800000190734863</ele><time>2026-09-27T01:37:42Z</time></trkpt><trkpt lat="37.55369186401367" lon="127.04676818847656"><ele>5.800000190734863</ele><time>2026-09-27T01:37:43Z</time></trkpt><trkpt lat="37.55368423461914" lon="127.04678344726562"><ele>5.800000190734863</ele><time>2026-09-27T01:37:44Z</time></trkpt><trkpt lat="37.55367660522461" lon="127.04679107666016"><ele>5.800000190734863</ele><time>2026-09-27T01:37:45Z</time></trkpt><trkpt lat="37.553672790527344" lon="127.04679870605469"><ele>5.800000190734863</ele><time>2026-09-27T01:37:46Z</time></trkpt><trkpt lat="37.55366897583008" lon="127.04680633544922"><ele>6.0</ele><time>2026-09-27T01:37:47Z</time></trkpt><trkpt lat="37.55366897583008" lon="127.04680633544922"><ele>6.0</ele><time>2026-09-27T01:37:48Z</time></trkpt><trkpt lat="37.55366897583008" lon="127.04680633544922"><ele>6.0</ele><time>2026-09-27T01:37:49Z</time></trkpt><trkpt lat="37.55366897583008" lon="127.04680633544922"><ele>6.199999809265137</ele><time>2026-09-27T01:37:50Z</time></trkpt><trkpt lat="37.55366897583008" lon="127.04680633544922"><ele>6.199999809265137</ele><time>2026-09-27T01:37:51Z</time></trkpt><trkpt lat="37.55366897583008" lon="127.04680633544922"><ele>6.0</ele><time>2026-09-27T01:37:52Z</time></trkpt><trkpt lat="37.553672790527344" lon="127.04681396484375"><ele>6.0</ele><time>2026-09-27T01:37:53Z</time></trkpt><trkpt lat="37.553672790527344" lon="127.04681396484375"><ele>5.800000190734863</ele><time>2026-09-27T01:37:54Z</time></trkpt><trkpt lat="37.553680419921875" lon="127.04682159423828"><ele>5.599999904632568</ele><time>2026-09-27T01:37:55Z</time></trkpt><trkpt lat="37.55368423461914" lon="127.04683685302734"><ele>5.599999904632568</ele><time>2026-09-27T01:37:56Z</time></trkpt><trkpt lat="37.553680419921875" lon="127.0468521118164"><ele>5.599999904632568</ele><time>2026-09-27T01:37:57Z</time></trkpt><trkpt lat="37.553680419921875" lon="127.04686737060547"><ele>5.599999904632568</ele><time>2026-09-27T01:37:58Z</time></trkpt><trkpt lat="37.553680419921875" lon="127.04688262939453"><ele>5.800000190734863</ele><time>2026-09-27T01:37:59Z</time></trkpt><trkpt lat="37.55367660522461" lon="127.0468978881836"><ele>5.800000190734863</ele><time>2026-09-27T01:38:00Z</time></trkpt><trkpt lat="37.55367660522461" lon="127.04692077636719"><ele>6.0</ele><time>2026-09-27T01:38:01Z</time></trkpt><trkpt lat="37.55367660522461" lon="127.04694366455078"><ele>6.199999809265137</ele><time>2026-09-27T01:38:02Z</time></trkpt><trkpt lat="37.55367660522461" lon="127.04696655273438"><ele>6.0</ele><time>2026-09-27T01:38:03Z</time></trkpt><trkpt lat="37.55367660522461" lon="127.04698944091797"><ele>6.0</ele><time>2026-09-27T01:38:04Z</time></trkpt><trkpt lat="37.553672790527344" lon="127.04701232910156"><ele>6.0</ele><time>2026-09-27T01:38:05Z</time></trkpt><trkpt lat="37.553672790527344" lon="127.04704284667969"><ele>5.800000190734863</ele><time>2026-09-27T01:38:06Z</time></trkpt><trkpt lat="37.55366897583008" lon="127.04707336425781"><ele>5.800000190734863</ele><time>2026-09-27T01:38:07Z</time></trkpt><trkpt lat="37.55366516113281" lon="127.0470962524414"><ele>5.800000190734863</ele><time>2026-09-27T01:38:08Z</time></trkpt><trkpt lat="37.55366134643555" lon="127.04712677001953"><ele>6.0</ele><time>2026-09-27T01:38:09Z</time></trkpt><trkpt lat="37.55366516113281" lon="127.04714965820312"><ele>6.0</ele><time>2026-09-27T01:38:10Z</time></trkpt><trkpt lat="37.55366134643555" lon="127.04718017578125"><ele>6.0</ele><time>2026-09-27T01:38:11Z</time></trkpt><trkpt lat="37.55366134643555" lon="127.04720306396484"><ele>6.0</ele><time>2026-09-27T01:38:12Z</time></trkpt><trkpt lat="37.553653717041016" lon="127.04723358154297"><ele>6.0</ele><time>2026-09-27T01:38:13Z</time></trkpt><trkpt lat="37.553646087646484" lon="127.04725646972656"><ele>6.0</ele><time>2026-09-27T01:38:14Z</time></trkpt><trkpt lat="37.55364227294922" lon="127.04728698730469"><ele>6.0</ele><time>2026-09-27T01:38:15Z</time></trkpt><trkpt lat="37.55363845825195" lon="127.04730987548828"><ele>5.800000190734863</ele><time>2026-09-27T01:38:16Z</time></trkpt><trkpt lat="37.55363845825195" lon="127.04733276367188"><ele>5.800000190734863</ele><time>2026-09-27T01:38:17Z</time></trkpt><trkpt lat="37.55363845825195" lon="127.04735565185547"><ele>6.0</ele><time>2026-09-27T01:38:18Z</time></trkpt><trkpt lat="37.55363845825195" lon="127.04737091064453"><ele>6.0</ele><time>2026-09-27T01:38:19Z</time></trkpt><trkpt lat="37.55363845825195" lon="127.04740142822266"><ele>6.0</ele><time>2026-09-27T01:38:20Z</time></trkpt><trkpt lat="37.55364227294922" lon="127.04741668701172"><ele>6.0</ele><time>2026-09-27T01:38:21Z</time></trkpt><trkpt lat="37.55363845825195" lon="127.04744720458984"><ele>6.0</ele><time>2026-09-27T01:38:22Z</time></trkpt><trkpt lat="37.55363845825195" lon="127.04747009277344"><ele>6.0</ele><time>2026-09-27T01:38:23Z</time></trkpt><trkpt lat="37.55363845825195" lon="127.04750061035156"><ele>6.0</ele><time>2026-09-27T01:38:24Z</time></trkpt><trkpt lat="37.55363845825195" lon="127.04751586914062"><ele>6.0</ele><time>2026-09-27T01:38:25Z</time></trkpt><trkpt lat="37.55363464355469" lon="127.04754638671875"><ele>6.0</ele><time>2026-09-27T01:38:26Z</time></trkpt><trkpt lat="37.55363082885742" lon="127.04756927490234"><ele>6.0</ele><time>2026-09-27T01:38:27Z</time></trkpt><trkpt lat="37.553627014160156" lon="127.04759979248047"><ele>6.0</ele><time>2026-09-27T01:38:28Z</time></trkpt><trkpt lat="37.55362319946289" lon="127.0476303100586"><ele>6.0</ele><time>2026-09-27T01:38:29Z</time></trkpt><trkpt lat="37.553619384765625" lon="127.04765319824219"><ele>6.0</ele><time>2026-09-27T01:38:30Z</time></trkpt><trkpt lat="37.553619384765625" lon="127.04768371582031"><ele>6.0</ele><time>2026-09-27T01:38:31Z</time></trkpt><trkpt lat="37.553619384765625" lon="127.04769897460938"><ele>6.0</ele><time>2026-09-27T01:38:32Z</time></trkpt><trkpt lat="37.553619384765625" lon="127.0477294921875"><ele>6.0</ele><time>2026-09-27T01:38:33Z</time></trkpt><trkpt lat="37.553619384765625" lon="127.0477523803711"><ele>6.199999809265137</ele><time>2026-09-27T01:38:34Z</time></trkpt><trkpt lat="37.55361557006836" lon="127.04778289794922"><ele>6.199999809265137</ele><time>2026-09-27T01:38:35Z</time></trkpt><trkpt lat="37.553619384765625" lon="127.04779815673828"><ele>6.199999809265137</ele><time>2026-09-27T01:38:36Z</time></trkpt><trkpt lat="37.553611755371094" lon="127.0478286743164"><ele>6.199999809265137</ele><time>2026-09-27T01:38:37Z</time></trkpt><trkpt lat="37.553611755371094" lon="127.0478515625"><ele>6.199999809265137</ele><time>2026-09-27T01:38:38Z</time></trkpt><trkpt lat="37.55360412597656" lon="127.04788208007812"><ele>6.0</ele><time>2026-09-27T01:38:39Z</time></trkpt><trkpt lat="37.55360412597656" lon="127.04790496826172"><ele>6.0</ele><time>2026-09-27T01:38:40Z</time></trkpt><trkpt lat="37.5536003112793" lon="127.04792785644531"><ele>6.0</ele><time>2026-09-27T01:38:41Z</time></trkpt><trkpt lat="37.5536003112793" lon="127.04795837402344"><ele>6.0</ele><time>2026-09-27T01:38:42Z</time></trkpt><trkpt lat="37.55360412597656" lon="127.04798126220703"><ele>6.0</ele><time>2026-09-27T01:38:43Z</time></trkpt><trkpt lat="37.55360412597656" lon="127.04801177978516"><ele>6.0</ele><time>2026-09-27T01:38:44Z</time></trkpt><trkpt lat="37.55360412597656" lon="127.04803466796875"><ele>6.0</ele><time>2026-09-27T01:38:45Z</time></trkpt><trkpt lat="37.55360412597656" lon="127.0480728149414"><ele>6.0</ele><time>2026-09-27T01:38:46Z</time></trkpt><trkpt lat="37.55360794067383" lon="127.048095703125"><ele>6.0</ele><time>2026-09-27T01:38:47Z</time></trkpt><trkpt lat="37.55360412597656" lon="127.04812622070312"><ele>6.0</ele><time>2026-09-27T01:38:48Z</time></trkpt><trkpt lat="37.5536003112793" lon="127.04814910888672"><ele>6.0</ele><time>2026-09-27T01:38:49Z</time></trkpt><trkpt lat="37.55359649658203" lon="127.04817199707031"><ele>6.0</ele><time>2026-09-27T01:38:50Z</time></trkpt><trkpt lat="37.553592681884766" lon="127.04820251464844"><ele>6.0</ele><time>2026-09-27T01:38:51Z</time></trkpt><trkpt lat="37.553592681884766" lon="127.04822540283203"><ele>6.0</ele><time>2026-09-27T01:38:52Z</time></trkpt><trkpt lat="37.5535888671875" lon="127.04825592041016"><ele>6.0</ele><time>2026-09-27T01:38:53Z</time></trkpt><trkpt lat="37.553592681884766" lon="127.04827880859375"><ele>6.0</ele><time>2026-09-27T01:38:54Z</time></trkpt><trkpt lat="37.5535888671875" lon="127.04830932617188"><ele>6.0</ele><time>2026-09-27T01:38:55Z</time></trkpt><trkpt lat="37.5535888671875" lon="127.04833221435547"><ele>6.0</ele><time>2026-09-27T01:38:56Z</time></trkpt><trkpt lat="37.5535888671875" lon="127.0483627319336"><ele>6.0</ele><time>2026-09-27T01:38:57Z</time></trkpt><trkpt lat="37.5535888671875" lon="127.04838562011719"><ele>6.199999809265137</ele><time>2026-09-27T01:38:58Z</time></trkpt><trkpt lat="37.553585052490234" lon="127.04841613769531"><ele>6.199999809265137</ele><time>2026-09-27T01:38:59Z</time></trkpt><trkpt lat="37.55358123779297" lon="127.0484390258789"><ele>6.199999809265137</ele><time>2026-09-27T01:39:00Z</time></trkpt><trkpt lat="37.5535774230957" lon="127.0484619140625"><ele>6.0</ele><time>2026-09-27T01:39:01Z</time></trkpt><trkpt lat="37.55357360839844" lon="127.04849243164062"><ele>6.0</ele><time>2026-09-27T01:39:02Z</time></trkpt><trkpt lat="37.55356979370117" lon="127.04851531982422"><ele>6.0</ele><time>2026-09-27T01:39:03Z</time></trkpt><trkpt lat="37.553565979003906" lon="127.04854583740234"><ele>6.0</ele><time>2026-09-27T01:39:04Z</time></trkpt><trkpt lat="37.553565979003906" lon="127.04856872558594"><ele>6.0</ele><time>2026-09-27T01:39:05Z</time></trkpt><trkpt lat="37.553565979003906" lon="127.04859924316406"><ele>6.0</ele><time>2026-09-27T01:39:06Z</time></trkpt><trkpt lat="37.553565979003906" lon="127.04862213134766"><ele>6.0</ele><time>2026-09-27T01:39:07Z</time></trkpt><trkpt lat="37.55356216430664" lon="127.04864501953125"><ele>6.0</ele><time>2026-09-27T01:39:08Z</time></trkpt><trkpt lat="37.55356216430664" lon="127.04866790771484"><ele>6.0</ele><time>2026-09-27T01:39:09Z</time></trkpt><trkpt lat="37.553550720214844" lon="127.04869842529297"><ele>6.0</ele><time>2026-09-27T01:39:10Z</time></trkpt><trkpt lat="37.553550720214844" lon="127.04872131347656"><ele>6.0</ele><time>2026-09-27T01:39:11Z</time></trkpt><trkpt lat="37.55354309082031" lon="127.04875946044922"><ele>5.800000190734863</ele><time>2026-09-27T01:39:12Z</time></trkpt><trkpt lat="37.55353546142578" lon="127.04878234863281"><ele>5.800000190734863</ele><time>2026-09-27T01:39:13Z</time></trkpt><trkpt lat="37.553531646728516" lon="127.04881286621094"><ele>5.800000190734863</ele><time>2026-09-27T01:39:14Z</time></trkpt><trkpt lat="37.553531646728516" lon="127.04884338378906"><ele>5.800000190734863</ele><time>2026-09-27T01:39:15Z</time></trkpt><trkpt lat="37.55352783203125" lon="127.04887390136719"><ele>5.800000190734863</ele><time>2026-09-27T01:39:16Z</time></trkpt><trkpt lat="37.55352783203125" lon="127.04890441894531"><ele>5.800000190734863</ele><time>2026-09-27T01:39:17Z</time></trkpt><trkpt lat="37.55352783203125" lon="127.0489273071289"><ele>5.800000190734863</ele><time>2026-09-27T01:39:18Z</time></trkpt><trkpt lat="37.553524017333984" lon="127.04895782470703"><ele>5.800000190734863</ele><time>2026-09-27T01:39:19Z</time></trkpt><trkpt lat="37.553524017333984" lon="127.04898071289062"><ele>5.800000190734863</ele><time>2026-09-27T01:39:20Z</time></trkpt><trkpt lat="37.55352020263672" lon="127.04901885986328"><ele>5.800000190734863</ele><time>2026-09-27T01:39:21Z</time></trkpt><trkpt lat="37.553524017333984" lon="127.04904174804688"><ele>5.800000190734863</ele><time>2026-09-27T01:39:22Z</time></trkpt><trkpt lat="37.55351638793945" lon="127.049072265625"><ele>5.800000190734863</ele><time>2026-09-27T01:39:23Z</time></trkpt><trkpt lat="37.55351638793945" lon="127.04908752441406"><ele>5.800000190734863</ele><time>2026-09-27T01:39:24Z</time></trkpt><trkpt lat="37.55351257324219" lon="127.04911804199219"><ele>5.800000190734863</ele><time>2026-09-27T01:39:25Z</time></trkpt><trkpt lat="37.55350875854492" lon="127.04914855957031"><ele>5.800000190734863</ele><time>2026-09-27T01:39:26Z</time></trkpt><trkpt lat="37.553504943847656" lon="127.04917907714844"><ele>5.800000190734863</ele><time>2026-09-27T01:39:27Z</time></trkpt><trkpt lat="37.55350112915039" lon="127.04920959472656"><ele>5.800000190734863</ele><time>2026-09-27T01:39:28Z</time></trkpt><trkpt lat="37.55350112915039" lon="127.04924011230469"><ele>5.800000190734863</ele><time>2026-09-27T01:39:29Z</time></trkpt><trkpt lat="37.553497314453125" lon="127.04927062988281"><ele>5.800000190734863</ele><time>2026-09-27T01:39:30Z</time></trkpt><trkpt lat="37.553497314453125" lon="127.0492935180664"><ele>5.800000190734863</ele><time>2026-09-27T01:39:31Z</time></trkpt><trkpt lat="37.553497314453125" lon="127.04932403564453"><ele>5.800000190734863</ele><time>2026-09-27T01:39:32Z</time></trkpt><trkpt lat="37.553497314453125" lon="127.04935455322266"><ele>5.800000190734863</ele><time>2026-09-27T01:39:33Z</time></trkpt><trkpt lat="37.55349349975586" lon="127.04937744140625"><ele>5.800000190734863</ele><time>2026-09-27T01:39:34Z</time></trkpt><trkpt lat="37.553489685058594" lon="127.04940795898438"><ele>5.800000190734863</ele><time>2026-09-27T01:39:35Z</time></trkpt><trkpt lat="37.553489685058594" lon="127.0494384765625"><ele>6.0</ele><time>2026-09-27T01:39:36Z</time></trkpt><trkpt lat="37.55348587036133" lon="127.0494613647461"><ele>5.800000190734863</ele><time>2026-09-27T01:39:37Z</time></trkpt><trkpt lat="37.55348205566406" lon="127.04949188232422"><ele>6.0</ele><time>2026-09-27T01:39:38Z</time></trkpt><trkpt lat="37.55348205566406" lon="127.04951477050781"><ele>6.0</ele><time>2026-09-27T01:39:39Z</time></trkpt><trkpt lat="37.55348587036133" lon="127.0495376586914"><ele>6.0</ele><time>2026-09-27T01:39:40Z</time></trkpt><trkpt lat="37.55348587036133" lon="127.04956817626953"><ele>6.0</ele><time>2026-09-27T01:39:41Z</time></trkpt><trkpt lat="37.553489685058594" lon="127.04959869384766"><ele>6.0</ele><time>2026-09-27T01:39:42Z</time></trkpt><trkpt lat="37.55348587036133" lon="127.04962921142578"><ele>6.0</ele><time>2026-09-27T01:39:43Z</time></trkpt><trkpt lat="37.553489685058594" lon="127.0496597290039"><ele>6.0</ele><time>2026-09-27T01:39:44Z</time></trkpt><trkpt lat="37.553489685058594" lon="127.04969024658203"><ele>6.0</ele><time>2026-09-27T01:39:45Z</time></trkpt><trkpt lat="37.553489685058594" lon="127.04971313476562"><ele>6.0</ele><time>2026-09-27T01:39:46Z</time></trkpt><trkpt lat="37.553489685058594" lon="127.04974365234375"><ele>6.0</ele><time>2026-09-27T01:39:47Z</time></trkpt><trkpt lat="37.55349349975586" lon="127.04977416992188"><ele>6.0</ele><time>2026-09-27T01:39:48Z</time></trkpt><trkpt lat="37.55349349975586" lon="127.0498046875"><ele>6.0</ele><time>2026-09-27T01:39:49Z</time></trkpt><trkpt lat="37.55349349975586" lon="127.04983520507812"><ele>6.0</ele><time>2026-09-27T01:39:50Z</time></trkpt><trkpt lat="37.553497314453125" lon="127.04986572265625"><ele>6.0</ele><time>2026-09-27T01:39:51Z</time></trkpt><trkpt lat="37.55350112915039" lon="127.04989624023438"><ele>6.0</ele><time>2026-09-27T01:39:52Z</time></trkpt><trkpt lat="37.553504943847656" lon="127.0499267578125"><ele>6.0</ele><time>2026-09-27T01:39:53Z</time></trkpt><trkpt lat="37.55351257324219" lon="127.04995727539062"><ele>6.199999809265137</ele><time>2026-09-27T01:39:54Z</time></trkpt><trkpt lat="37.553524017333984" lon="127.04998016357422"><ele>6.0</ele><time>2026-09-27T01:39:55Z</time></trkpt><trkpt lat="37.553531646728516" lon="127.05001068115234"><ele>6.0</ele><time>2026-09-27T01:39:56Z</time></trkpt><trkpt lat="37.55354309082031" lon="127.05003356933594"><ele>6.0</ele><time>2026-09-27T01:39:57Z</time></trkpt><trkpt lat="37.553550720214844" lon="127.05006408691406"><ele>6.199999809265137</ele><time>2026-09-27T01:39:58Z</time></trkpt><trkpt lat="37.553558349609375" lon="127.05008697509766"><ele>6.199999809265137</ele><time>2026-09-27T01:39:59Z</time></trkpt><trkpt lat="37.55356216430664" lon="127.05011749267578"><ele>6.199999809265137</ele><time>2026-09-27T01:40:00Z</time></trkpt><trkpt lat="37.55357360839844" lon="127.05014038085938"><ele>6.199999809265137</ele><time>2026-09-27T01:40:01Z</time></trkpt><trkpt lat="37.5535774230957" lon="127.0501708984375"><ele>6.400000095367432</ele><time>2026-09-27T01:40:02Z</time></trkpt><trkpt lat="37.553585052490234" lon="127.05018615722656"><ele>6.400000095367432</ele><time>2026-09-27T01:40:03Z</time></trkpt><trkpt lat="37.553592681884766" lon="127.05020904541016"><ele>6.199999809265137</ele><time>2026-09-27T01:40:04Z</time></trkpt><trkpt lat="37.5536003112793" lon="127.05023956298828"><ele>6.199999809265137</ele><time>2026-09-27T01:40:05Z</time></trkpt><trkpt lat="37.553611755371094" lon="127.05026245117188"><ele>6.199999809265137</ele><time>2026-09-27T01:40:06Z</time></trkpt><trkpt lat="37.553619384765625" lon="127.05029296875"><ele>6.199999809265137</ele><time>2026-09-27T01:40:07Z</time></trkpt><trkpt lat="37.55363464355469" lon="127.0503158569336"><ele>6.199999809265137</ele><time>2026-09-27T01:40:08Z</time></trkpt><trkpt lat="37.55364990234375" lon="127.05035400390625"><ele>6.199999809265137</ele><time>2026-09-27T01:40:09Z</time></trkpt><trkpt lat="37.55366516113281" lon="127.05037689208984"><ele>6.199999809265137</ele><time>2026-09-27T01:40:10Z</time></trkpt><trkpt lat="37.553680419921875" lon="127.05040740966797"><ele>6.199999809265137</ele><time>2026-09-27T01:40:11Z</time></trkpt><trkpt lat="37.55369567871094" lon="127.05043029785156"><ele>6.199999809265137</ele><time>2026-09-27T01:40:12Z</time></trkpt><trkpt lat="37.553714752197266" lon="127.05045318603516"><ele>6.199999809265137</ele><time>2026-09-27T01:40:13Z</time></trkpt><trkpt lat="37.55372619628906" lon="127.05046844482422"><ele>6.199999809265137</ele><time>2026-09-27T01:40:14Z</time></trkpt><trkpt lat="37.55374526977539" lon="127.05049896240234"><ele>6.199999809265137</ele><time>2026-09-27T01:40:15Z</time></trkpt><trkpt lat="37.55376052856445" lon="127.05052185058594"><ele>6.199999809265137</ele><time>2026-09-27T01:40:16Z</time></trkpt><trkpt lat="37.55377197265625" lon="127.05054473876953"><ele>6.199999809265137</ele><time>2026-09-27T01:40:17Z</time></trkpt><trkpt lat="37.55378341674805" lon="127.05056762695312"><ele>6.199999809265137</ele><time>2026-09-27T01:40:18Z</time></trkpt><trkpt lat="37.553794860839844" lon="127.05059051513672"><ele>6.199999809265137</ele><time>2026-09-27T01:40:19Z</time></trkpt><trkpt lat="37.553810119628906" lon="127.05061340332031"><ele>6.199999809265137</ele><time>2026-09-27T01:40:20Z</time></trkpt><trkpt lat="37.55382537841797" lon="127.05062866210938"><ele>6.199999809265137</ele><time>2026-09-27T01:40:21Z</time></trkpt><trkpt lat="37.55384063720703" lon="127.0506591796875"><ele>6.199999809265137</ele><time>2026-09-27T01:40:22Z</time></trkpt><trkpt lat="37.55385208129883" lon="127.05067443847656"><ele>6.199999809265137</ele><time>2026-09-27T01:40:23Z</time></trkpt><trkpt lat="37.55387496948242" lon="127.05070495605469"><ele>6.199999809265137</ele><time>2026-09-27T01:40:24Z</time></trkpt><trkpt lat="37.553890228271484" lon="127.05072021484375"><ele>6.199999809265137</ele><time>2026-09-27T01:40:25Z</time></trkpt><trkpt lat="37.55390930175781" lon="127.05074310302734"><ele>6.0</ele><time>2026-09-27T01:40:26Z</time></trkpt><trkpt lat="37.553924560546875" lon="127.05075073242188"><ele>6.0</ele><time>2026-09-27T01:40:27Z</time></trkpt><trkpt lat="37.55393600463867" lon="127.0507583618164"><ele>6.0</ele><time>2026-09-27T01:40:28Z</time></trkpt><trkpt lat="37.553951263427734" lon="127.05076599121094"><ele>6.0</ele><time>2026-09-27T01:40:29Z</time></trkpt><trkpt lat="37.55397033691406" lon="127.05077362060547"><ele>6.0</ele><time>2026-09-27T01:40:30Z</time></trkpt><trkpt lat="37.553993225097656" lon="127.05078887939453"><ele>6.0</ele><time>2026-09-27T01:40:31Z</time></trkpt><trkpt lat="37.55401611328125" lon="127.0508041381836"><ele>6.0</ele><time>2026-09-27T01:40:32Z</time></trkpt><trkpt lat="37.554039001464844" lon="127.05081939697266"><ele>6.0</ele><time>2026-09-27T01:40:33Z</time></trkpt><trkpt lat="37.554054260253906" lon="127.05081939697266"><ele>6.0</ele><time>2026-09-27T01:40:34Z</time></trkpt><trkpt lat="37.5540771484375" lon="127.05083465576172"><ele>6.0</ele><time>2026-09-27T01:40:35Z</time></trkpt><trkpt lat="37.55409240722656" lon="127.05084991455078"><ele>6.0</ele><time>2026-09-27T01:40:36Z</time></trkpt><trkpt lat="37.554115295410156" lon="127.05085754394531"><ele>6.0</ele><time>2026-09-27T01:40:37Z</time></trkpt><trkpt lat="37.554134368896484" lon="127.05086517333984"><ele>6.0</ele><time>2026-09-27T01:40:38Z</time></trkpt><trkpt lat="37.55415344238281" lon="127.05087280273438"><ele>6.0</ele><time>2026-09-27T01:40:39Z</time></trkpt><trkpt lat="37.554176330566406" lon="127.0508804321289"><ele>6.0</ele><time>2026-09-27T01:40:40Z</time></trkpt><trkpt lat="37.554195404052734" lon="127.0508804321289"><ele>6.0</ele><time>2026-09-27T01:40:41Z</time></trkpt><trkpt lat="37.55421829223633" lon="127.05089569091797"><ele>6.0</ele><time>2026-09-27T01:40:42Z</time></trkpt><trkpt lat="37.55423355102539" lon="127.05089569091797"><ele>6.0</ele><time>2026-09-27T01:40:43Z</time></trkpt><trkpt lat="37.554256439208984" lon="127.0509033203125"><ele>6.199999809265137</ele><time>2026-09-27T01:40:44Z</time></trkpt><trkpt lat="37.55427551269531" lon="127.0509033203125"><ele>6.199999809265137</ele><time>2026-09-27T01:40:45Z</time></trkpt><trkpt lat="37.55429458618164" lon="127.0509033203125"><ele>6.199999809265137</ele><time>2026-09-27T01:40:46Z</time></trkpt><trkpt lat="37.554317474365234" lon="127.05091094970703"><ele>6.199999809265137</ele><time>2026-09-27T01:40:47Z</time></trkpt><trkpt lat="37.55433654785156" lon="127.05091094970703"><ele>6.199999809265137</ele><time>2026-09-27T01:40:48Z</time></trkpt><trkpt lat="37.554359436035156" lon="127.05091857910156"><ele>6.0</ele><time>2026-09-27T01:40:49Z</time></trkpt><trkpt lat="37.55437469482422" lon="127.05091857910156"><ele>6.0</ele><time>2026-09-27T01:40:50Z</time></trkpt><trkpt lat="37.55439758300781" lon="127.0509262084961"><ele>6.0</ele><time>2026-09-27T01:40:51Z</time></trkpt><trkpt lat="37.554412841796875" lon="127.05093383789062"><ele>6.0</ele><time>2026-09-27T01:40:52Z</time></trkpt><trkpt lat="37.55443572998047" lon="127.05094146728516"><ele>6.0</ele><time>2026-09-27T01:40:53Z</time></trkpt><trkpt lat="37.55445861816406" lon="127.05094909667969"><ele>6.0</ele><time>2026-09-27T01:40:54Z</time></trkpt><trkpt lat="37.55447769165039" lon="127.05094909667969"><ele>6.0</ele><time>2026-09-27T01:40:55Z</time></trkpt><trkpt lat="37.554500579833984" lon="127.05095672607422"><ele>6.0</ele><time>2026-09-27T01:40:56Z</time></trkpt><trkpt lat="37.55451965332031" lon="127.05096435546875"><ele>6.199999809265137</ele><time>2026-09-27T01:40:57Z</time></trkpt><trkpt lat="37.554542541503906" lon="127.05097198486328"><ele>6.199999809265137</ele><time>2026-09-27T01:40:58Z</time></trkpt><trkpt lat="37.554561614990234" lon="127.05097961425781"><ele>6.0</ele><time>2026-09-27T01:40:59Z</time></trkpt><trkpt lat="37.55458450317383" lon="127.05098724365234"><ele>6.0</ele><time>2026-09-27T01:41:00Z</time></trkpt><trkpt lat="37.55459976196289" lon="127.05098724365234"><ele>6.0</ele><time>2026-09-27T01:41:01Z</time></trkpt><trkpt lat="37.554622650146484" lon="127.05099487304688"><ele>6.0</ele><time>2026-09-27T01:41:02Z</time></trkpt><trkpt lat="37.55464172363281" lon="127.05099487304688"><ele>6.0</ele><time>2026-09-27T01:41:03Z</time></trkpt><trkpt lat="37.554664611816406" lon="127.0510025024414"><ele>6.0</ele><time>2026-09-27T01:41:04Z</time></trkpt><trkpt lat="37.55467987060547" lon="127.05101776123047"><ele>6.0</ele><time>2026-09-27T01:41:05Z</time></trkpt><trkpt lat="37.55470275878906" lon="127.051025390625"><ele>6.0</ele><time>2026-09-27T01:41:06Z</time></trkpt><trkpt lat="37.554725646972656" lon="127.05103302001953"><ele>6.0</ele><time>2026-09-27T01:41:07Z</time></trkpt><trkpt lat="37.554744720458984" lon="127.05103302001953"><ele>6.0</ele><time>2026-09-27T01:41:08Z</time></trkpt><trkpt lat="37.55476760864258" lon="127.05104064941406"><ele>6.0</ele><time>2026-09-27T01:41:09Z</time></trkpt><trkpt lat="37.554786682128906" lon="127.0510482788086"><ele>6.199999809265137</ele><time>2026-09-27T01:41:10Z</time></trkpt><trkpt lat="37.554813385009766" lon="127.05105590820312"><ele>6.199999809265137</ele><time>2026-09-27T01:41:11Z</time></trkpt><trkpt lat="37.554832458496094" lon="127.05105590820312"><ele>6.199999809265137</ele><time>2026-09-27T01:41:12Z</time></trkpt><trkpt lat="37.55485534667969" lon="127.05106353759766"><ele>6.199999809265137</ele><time>2026-09-27T01:41:13Z</time></trkpt><trkpt lat="37.55487060546875" lon="127.05107116699219"><ele>6.199999809265137</ele><time>2026-09-27T01:41:14Z</time></trkpt><trkpt lat="37.55489730834961" lon="127.05108642578125"><ele>6.199999809265137</ele><time>2026-09-27T01:41:15Z</time></trkpt><trkpt lat="37.55491256713867" lon="127.05109405517578"><ele>6.199999809265137</ele><time>2026-09-27T01:41:16Z</time></trkpt><trkpt lat="37.554931640625" lon="127.05109405517578"><ele>6.199999809265137</ele><time>2026-09-27T01:41:17Z</time></trkpt><trkpt lat="37.55495834350586" lon="127.05110931396484"><ele>6.199999809265137</ele><time>2026-09-27T01:41:18Z</time></trkpt><trkpt lat="37.55498123168945" lon="127.05110931396484"><ele>6.199999809265137</ele><time>2026-09-27T01:41:19Z</time></trkpt><trkpt lat="37.55500793457031" lon="127.05111694335938"><ele>6.400000095367432</ele><time>2026-09-27T01:41:20Z</time></trkpt><trkpt lat="37.55502700805664" lon="127.0511245727539"><ele>6.400000095367432</ele><time>2026-09-27T01:41:21Z</time></trkpt><trkpt lat="37.5550537109375" lon="127.0511245727539"><ele>6.400000095367432</ele><time>2026-09-27T01:41:22Z</time></trkpt><trkpt lat="37.55506896972656" lon="127.05113220214844"><ele>6.400000095367432</ele><time>2026-09-27T01:41:23Z</time></trkpt><trkpt lat="37.55509567260742" lon="127.05113220214844"><ele>6.400000095367432</ele><time>2026-09-27T01:41:24Z</time></trkpt><trkpt lat="37.555110931396484" lon="127.05113983154297"><ele>6.599999904632568</ele><time>2026-09-27T01:41:25Z</time></trkpt><trkpt lat="37.55513381958008" lon="127.05115509033203"><ele>6.599999904632568</ele><time>2026-09-27T01:41:26Z</time></trkpt><trkpt lat="37.55514907836914" lon="127.05115509033203"><ele>6.599999904632568</ele><time>2026-09-27T01:41:27Z</time></trkpt><trkpt lat="37.55517578125" lon="127.05116271972656"><ele>6.800000190734863</ele><time>2026-09-27T01:41:28Z</time></trkpt><trkpt lat="37.55519485473633" lon="127.0511703491211"><ele>6.800000190734863</ele><time>2026-09-27T01:41:29Z</time></trkpt><trkpt lat="37.555213928222656" lon="127.05117797851562"><ele>6.800000190734863</ele><time>2026-09-27T01:41:30Z</time></trkpt><trkpt lat="37.55523681640625" lon="127.05118560791016"><ele>6.800000190734863</ele><time>2026-09-27T01:41:31Z</time></trkpt><trkpt lat="37.55525207519531" lon="127.05118560791016"><ele>6.800000190734863</ele><time>2026-09-27T01:41:32Z</time></trkpt><trkpt lat="37.55527114868164" lon="127.05119323730469"><ele>6.800000190734863</ele><time>2026-09-27T01:41:33Z</time></trkpt><trkpt lat="37.55529022216797" lon="127.05120086669922"><ele>6.800000190734863</ele><time>2026-09-27T01:41:34Z</time></trkpt><trkpt lat="37.55530548095703" lon="127.05120086669922"><ele>6.800000190734863</ele><time>2026-09-27T01:41:35Z</time></trkpt><trkpt lat="37.55532455444336" lon="127.05120849609375"><ele>6.800000190734863</ele><time>2026-09-27T01:41:36Z</time></trkpt><trkpt lat="37.55534744262695" lon="127.05121612548828"><ele>6.800000190734863</ele><time>2026-09-27T01:41:37Z</time></trkpt><trkpt lat="37.555362701416016" lon="127.05121612548828"><ele>6.800000190734863</ele><time>2026-09-27T01:41:38Z</time></trkpt><trkpt lat="37.555389404296875" lon="127.05121612548828"><ele>6.800000190734863</ele><time>2026-09-27T01:41:39Z</time></trkpt><trkpt lat="37.55540084838867" lon="127.05121612548828"><ele>6.800000190734863</ele><time>2026-09-27T01:41:40Z</time></trkpt><trkpt lat="37.555419921875" lon="127.05122375488281"><ele>6.800000190734863</ele><time>2026-09-27T01:41:41Z</time></trkpt><trkpt lat="37.555442810058594" lon="127.05123901367188"><ele>6.800000190734863</ele><time>2026-09-27T01:41:42Z</time></trkpt><trkpt lat="37.55546188354492" lon="127.0512466430664"><ele>6.800000190734863</ele><time>2026-09-27T01:41:43Z</time></trkpt><trkpt lat="37.555484771728516" lon="127.05125427246094"><ele>6.800000190734863</ele><time>2026-09-27T01:41:44Z</time></trkpt><trkpt lat="37.55550003051758" lon="127.05126190185547"><ele>6.800000190734863</ele><time>2026-09-27T01:41:45Z</time></trkpt><trkpt lat="37.55551528930664" lon="127.05126190185547"><ele>6.800000190734863</ele><time>2026-09-27T01:41:46Z</time></trkpt><trkpt lat="37.555538177490234" lon="127.05126953125"><ele>6.800000190734863</ele><time>2026-09-27T01:41:47Z</time></trkpt><trkpt lat="37.5555534362793" lon="127.05126953125"><ele>6.800000190734863</ele><time>2026-09-27T01:41:48Z</time></trkpt><trkpt lat="37.555572509765625" lon="127.05127716064453"><ele>6.800000190734863</ele><time>2026-09-27T01:41:49Z</time></trkpt><trkpt lat="37.55558776855469" lon="127.05128479003906"><ele>6.800000190734863</ele><time>2026-09-27T01:41:50Z</time></trkpt><trkpt lat="37.555606842041016" lon="127.05128479003906"><ele>7.0</ele><time>2026-09-27T01:41:51Z</time></trkpt><trkpt lat="37.55562973022461" lon="127.05128479003906"><ele>7.0</ele><time>2026-09-27T01:41:52Z</time></trkpt><trkpt lat="37.555641174316406" lon="127.0512924194336"><ele>7.0</ele><time>2026-09-27T01:41:53Z</time></trkpt><trkpt lat="37.555660247802734" lon="127.05130004882812"><ele>7.0</ele><time>2026-09-27T01:41:54Z</time></trkpt><trkpt lat="37.55567932128906" lon="127.05130767822266"><ele>7.0</ele><time>2026-09-27T01:41:55Z</time></trkpt><trkpt lat="37.555694580078125" lon="127.05130767822266"><ele>7.0</ele><time>2026-09-27T01:41:56Z</time></trkpt><trkpt lat="37.55571746826172" lon="127.05131530761719"><ele>7.0</ele><time>2026-09-27T01:41:57Z</time></trkpt><trkpt lat="37.55573654174805" lon="127.05131530761719"><ele>7.0</ele><time>2026-09-27T01:41:58Z</time></trkpt><trkpt lat="37.555755615234375" lon="127.05132293701172"><ele>7.0</ele><time>2026-09-27T01:41:59Z</time></trkpt><trkpt lat="37.5557746887207" lon="127.05133056640625"><ele>7.199999809265137</ele><time>2026-09-27T01:42:00Z</time></trkpt><trkpt lat="37.555789947509766" lon="127.05133819580078"><ele>7.199999809265137</ele><time>2026-09-27T01:42:01Z</time></trkpt><trkpt lat="37.55581283569336" lon="127.05133819580078"><ele>7.199999809265137</ele><time>2026-09-27T01:42:02Z</time></trkpt><trkpt lat="37.55583190917969" lon="127.05134582519531"><ele>7.199999809265137</ele><time>2026-09-27T01:42:03Z</time></trkpt><trkpt lat="37.555850982666016" lon="127.05134582519531"><ele>7.199999809265137</ele><time>2026-09-27T01:42:04Z</time></trkpt><trkpt lat="37.555870056152344" lon="127.05135345458984"><ele>7.199999809265137</ele><time>2026-09-27T01:42:05Z</time></trkpt><trkpt lat="37.55588912963867" lon="127.05135345458984"><ele>7.199999809265137</ele><time>2026-09-27T01:42:06Z</time></trkpt><trkpt lat="37.555904388427734" lon="127.05135345458984"><ele>7.199999809265137</ele><time>2026-09-27T01:42:07Z</time></trkpt><trkpt lat="37.55592346191406" lon="127.05136108398438"><ele>7.199999809265137</ele><time>2026-09-27T01:42:08Z</time></trkpt><trkpt lat="37.555938720703125" lon="127.05136108398438"><ele>7.199999809265137</ele><time>2026-09-27T01:42:09Z</time></trkpt><trkpt lat="37.55596160888672" lon="127.05136108398438"><ele>7.199999809265137</ele><time>2026-09-27T01:42:10Z</time></trkpt><trkpt lat="37.55597686767578" lon="127.0513687133789"><ele>7.199999809265137</ele><time>2026-09-27T01:42:11Z</time></trkpt><trkpt lat="37.555992126464844" lon="127.0513687133789"><ele>7.400000095367432</ele><time>2026-09-27T01:42:12Z</time></trkpt><trkpt lat="37.55601501464844" lon="127.05137634277344"><ele>7.400000095367432</ele><time>2026-09-27T01:42:13Z</time></trkpt><trkpt lat="37.5560302734375" lon="127.05137634277344"><ele>7.400000095367432</ele><time>2026-09-27T01:42:14Z</time></trkpt><trkpt lat="37.55604934692383" lon="127.05138397216797"><ele>7.400000095367432</ele><time>2026-09-27T01:42:15Z</time></trkpt><trkpt lat="37.556060791015625" lon="127.0513916015625"><ele>7.400000095367432</ele><time>2026-09-27T01:42:16Z</time></trkpt><trkpt lat="37.55607604980469" lon="127.0513916015625"><ele>7.400000095367432</ele><time>2026-09-27T01:42:17Z</time></trkpt><trkpt lat="37.556095123291016" lon="127.05139923095703"><ele>7.400000095367432</ele><time>2026-09-27T01:42:18Z</time></trkpt><trkpt lat="37.556114196777344" lon="127.05140686035156"><ele>7.400000095367432</ele><time>2026-09-27T01:42:19Z</time></trkpt><trkpt lat="37.55613708496094" lon="127.0514144897461"><ele>7.599999904632568</ele><time>2026-09-27T01:42:20Z</time></trkpt><trkpt lat="37.55615997314453" lon="127.05142974853516"><ele>7.599999904632568</ele><time>2026-09-27T01:42:21Z</time></trkpt><trkpt lat="37.556175231933594" lon="127.05142974853516"><ele>7.599999904632568</ele><time>2026-09-27T01:42:22Z</time></trkpt><trkpt lat="37.55619812011719" lon="127.05144500732422"><ele>7.800000190734863</ele><time>2026-09-27T01:42:23Z</time></trkpt><trkpt lat="37.55621337890625" lon="127.05144500732422"><ele>7.800000190734863</ele><time>2026-09-27T01:42:24Z</time></trkpt><trkpt lat="37.55623245239258" lon="127.05144500732422"><ele>7.800000190734863</ele><time>2026-09-27T01:42:25Z</time></trkpt><trkpt lat="37.55624771118164" lon="127.05145263671875"><ele>7.800000190734863</ele><time>2026-09-27T01:42:26Z</time></trkpt><trkpt lat="37.5562629699707" lon="127.05145263671875"><ele>7.800000190734863</ele><time>2026-09-27T01:42:27Z</time></trkpt><trkpt lat="37.5562858581543" lon="127.05146789550781"><ele>7.800000190734863</ele><time>2026-09-27T01:42:28Z</time></trkpt><trkpt lat="37.556297302246094" lon="127.05146789550781"><ele>7.800000190734863</ele><time>2026-09-27T01:42:29Z</time></trkpt><trkpt lat="37.55631637573242" lon="127.05146789550781"><ele>7.800000190734863</ele><time>2026-09-27T01:42:30Z</time></trkpt><trkpt lat="37.55633544921875" lon="127.05147552490234"><ele>7.800000190734863</ele><time>2026-09-27T01:42:31Z</time></trkpt><trkpt lat="37.55635452270508" lon="127.05147552490234"><ele>8.0</ele><time>2026-09-27T01:42:32Z</time></trkpt><trkpt lat="37.55637741088867" lon="127.05147552490234"><ele>8.0</ele><time>2026-09-27T01:42:33Z</time></trkpt><trkpt lat="37.556400299072266" lon="127.0514907836914"><ele>8.0</ele><time>2026-09-27T01:42:34Z</time></trkpt><trkpt lat="37.55642318725586" lon="127.05150604248047"><ele>8.0</ele><time>2026-09-27T01:42:35Z</time></trkpt><trkpt lat="37.55643844604492" lon="127.05152130126953"><ele>8.0</ele><time>2026-09-27T01:42:36Z</time></trkpt><trkpt lat="37.556453704833984" lon="127.05154418945312"><ele>8.0</ele><time>2026-09-27T01:42:37Z</time></trkpt><trkpt lat="37.55646514892578" lon="127.05155944824219"><ele>8.0</ele><time>2026-09-27T01:42:38Z</time></trkpt><trkpt lat="37.55648422241211" lon="127.05157470703125"><ele>8.0</ele><time>2026-09-27T01:42:39Z</time></trkpt><trkpt lat="37.556495666503906" lon="127.05158233642578"><ele>8.0</ele><time>2026-09-27T01:42:40Z</time></trkpt><trkpt lat="37.556514739990234" lon="127.05159759521484"><ele>8.0</ele><time>2026-09-27T01:42:41Z</time></trkpt><trkpt lat="37.5565299987793" lon="127.05159759521484"><ele>8.199999809265137</ele><time>2026-09-27T01:42:42Z</time></trkpt><trkpt lat="37.556549072265625" lon="127.05160522460938"><ele>8.199999809265137</ele><time>2026-09-27T01:42:43Z</time></trkpt><trkpt lat="37.55656814575195" lon="127.0516128540039"><ele>8.199999809265137</ele><time>2026-09-27T01:42:44Z</time></trkpt><trkpt lat="37.556583404541016" lon="127.0516128540039"><ele>8.199999809265137</ele><time>2026-09-27T01:42:45Z</time></trkpt><trkpt lat="37.556602478027344" lon="127.05162048339844"><ele>8.199999809265137</ele><time>2026-09-27T01:42:46Z</time></trkpt><trkpt lat="37.55662155151367" lon="127.05162048339844"><ele>8.199999809265137</ele><time>2026-09-27T01:42:47Z</time></trkpt><trkpt lat="37.556636810302734" lon="127.05162048339844"><ele>8.199999809265137</ele><time>2026-09-27T01:42:48Z</time></trkpt><trkpt lat="37.55665588378906" lon="127.05162811279297"><ele>8.199999809265137</ele><time>2026-09-27T01:42:49Z</time></trkpt><trkpt lat="37.556671142578125" lon="127.05162811279297"><ele>8.199999809265137</ele><time>2026-09-27T01:42:50Z</time></trkpt><trkpt lat="37.55669021606445" lon="127.0516357421875"><ele>8.199999809265137</ele><time>2026-09-27T01:42:51Z</time></trkpt><trkpt lat="37.556705474853516" lon="127.05164337158203"><ele>8.199999809265137</ele><time>2026-09-27T01:42:52Z</time></trkpt><trkpt lat="37.556724548339844" lon="127.05164337158203"><ele>8.199999809265137</ele><time>2026-09-27T01:42:53Z</time></trkpt><trkpt lat="37.55674362182617" lon="127.05165100097656"><ele>8.199999809265137</ele><time>2026-09-27T01:42:54Z</time></trkpt><trkpt lat="37.556758880615234" lon="127.05165100097656"><ele>8.199999809265137</ele><time>2026-09-27T01:42:55Z</time></trkpt><trkpt lat="37.55677795410156" lon="127.0516586303711"><ele>8.199999809265137</ele><time>2026-09-27T01:42:56Z</time></trkpt><trkpt lat="37.556793212890625" lon="127.0516586303711"><ele>8.199999809265137</ele><time>2026-09-27T01:42:57Z</time></trkpt><trkpt lat="37.55681228637695" lon="127.05166625976562"><ele>8.199999809265137</ele><time>2026-09-27T01:42:58Z</time></trkpt><trkpt lat="37.556827545166016" lon="127.05167388916016"><ele>8.399999618530273</ele><time>2026-09-27T01:42:59Z</time></trkpt><trkpt lat="37.55683898925781" lon="127.05167388916016"><ele>8.399999618530273</ele><time>2026-09-27T01:43:00Z</time></trkpt><trkpt lat="37.556861877441406" lon="127.05167388916016"><ele>8.399999618530273</ele><time>2026-09-27T01:43:01Z</time></trkpt><trkpt lat="37.55687713623047" lon="127.05166625976562"><ele>8.399999618530273</ele><time>2026-09-27T01:43:02Z</time></trkpt><trkpt lat="37.55690002441406" lon="127.05167388916016"><ele>8.399999618530273</ele><time>2026-09-27T01:43:03Z</time></trkpt><trkpt lat="37.55691909790039" lon="127.05167388916016"><ele>8.399999618530273</ele><time>2026-09-27T01:43:04Z</time></trkpt><trkpt lat="37.55693054199219" lon="127.05167388916016"><ele>8.399999618530273</ele><time>2026-09-27T01:43:05Z</time></trkpt><trkpt lat="37.55695343017578" lon="127.05167388916016"><ele>8.399999618530273</ele><time>2026-09-27T01:43:06Z</time></trkpt><trkpt lat="37.556968688964844" lon="127.05168151855469"><ele>8.399999618530273</ele><time>2026-09-27T01:43:07Z</time></trkpt><trkpt lat="37.556983947753906" lon="127.05168151855469"><ele>8.399999618530273</ele><time>2026-09-27T01:43:08Z</time></trkpt><trkpt lat="37.55699920654297" lon="127.05168151855469"><ele>8.399999618530273</ele><time>2026-09-27T01:43:09Z</time></trkpt><trkpt lat="37.55701446533203" lon="127.05168151855469"><ele>8.399999618530273</ele><time>2026-09-27T01:43:10Z</time></trkpt><trkpt lat="37.55703353881836" lon="127.05168914794922"><ele>8.399999618530273</ele><time>2026-09-27T01:43:11Z</time></trkpt><trkpt lat="37.55704879760742" lon="127.05168914794922"><ele>8.399999618530273</ele><time>2026-09-27T01:43:12Z</time></trkpt><trkpt lat="37.557071685791016" lon="127.05170440673828"><ele>8.399999618530273</ele><time>2026-09-27T01:43:13Z</time></trkpt><trkpt lat="37.557090759277344" lon="127.05171203613281"><ele>8.399999618530273</ele><time>2026-09-27T01:43:14Z</time></trkpt><trkpt lat="37.55710983276367" lon="127.05171966552734"><ele>8.399999618530273</ele><time>2026-09-27T01:43:15Z</time></trkpt><trkpt lat="37.557132720947266" lon="127.05172729492188"><ele>8.399999618530273</ele><time>2026-09-27T01:43:16Z</time></trkpt><trkpt lat="37.557151794433594" lon="127.0517349243164"><ele>8.399999618530273</ele><time>2026-09-27T01:43:17Z</time></trkpt><trkpt lat="37.55717468261719" lon="127.05174255371094"><ele>8.600000381469727</ele><time>2026-09-27T01:43:18Z</time></trkpt><trkpt lat="37.55718994140625" lon="127.05175018310547"><ele>8.600000381469727</ele><time>2026-09-27T01:43:19Z</time></trkpt><trkpt lat="37.557212829589844" lon="127.05174255371094"><ele>8.600000381469727</ele><time>2026-09-27T01:43:20Z</time></trkpt><trkpt lat="37.55723571777344" lon="127.05174255371094"><ele>8.600000381469727</ele><time>2026-09-27T01:43:21Z</time></trkpt><trkpt lat="37.557254791259766" lon="127.0517349243164"><ele>8.600000381469727</ele><time>2026-09-27T01:43:22Z</time></trkpt><trkpt lat="37.557281494140625" lon="127.05172729492188"><ele>8.399999618530273</ele><time>2026-09-27T01:43:23Z</time></trkpt><trkpt lat="37.55730056762695" lon="127.05171966552734"><ele>8.399999618530273</ele><time>2026-09-27T01:43:24Z</time></trkpt><trkpt lat="37.55731964111328" lon="127.05171203613281"><ele>8.399999618530273</ele><time>2026-09-27T01:43:25Z</time></trkpt><trkpt lat="37.55733871459961" lon="127.05170440673828"><ele>8.600000381469727</ele><time>2026-09-27T01:43:26Z</time></trkpt><trkpt lat="37.5573616027832" lon="127.05169677734375"><ele>8.600000381469727</ele><time>2026-09-27T01:43:27Z</time></trkpt><trkpt lat="37.5573844909668" lon="127.05169677734375"><ele>8.600000381469727</ele><time>2026-09-27T01:43:28Z</time></trkpt><trkpt lat="37.557403564453125" lon="127.05168914794922"><ele>8.600000381469727</ele><time>2026-09-27T01:43:29Z</time></trkpt><trkpt lat="37.55742263793945" lon="127.05168914794922"><ele>8.600000381469727</ele><time>2026-09-27T01:43:30Z</time></trkpt><trkpt lat="37.55744934082031" lon="127.05168151855469"><ele>8.600000381469727</ele><time>2026-09-27T01:43:31Z</time></trkpt><trkpt lat="37.557464599609375" lon="127.05168151855469"><ele>8.600000381469727</ele><time>2026-09-27T01:43:32Z</time></trkpt><trkpt lat="37.5574836730957" lon="127.05168151855469"><ele>8.600000381469727</ele><time>2026-09-27T01:43:33Z</time></trkpt><trkpt lat="37.55750274658203" lon="127.05167388916016"><ele>8.600000381469727</ele><time>2026-09-27T01:43:34Z</time></trkpt><trkpt lat="37.557518005371094" lon="127.05167388916016"><ele>8.800000190734863</ele><time>2026-09-27T01:43:35Z</time></trkpt><trkpt lat="37.55754089355469" lon="127.05167388916016"><ele>8.800000190734863</ele><time>2026-09-27T01:43:36Z</time></trkpt><trkpt lat="37.55756378173828" lon="127.05167388916016"><ele>8.800000190734863</ele><time>2026-09-27T01:43:37Z</time></trkpt><trkpt lat="37.55758285522461" lon="127.05167388916016"><ele>8.800000190734863</ele><time>2026-09-27T01:43:38Z</time></trkpt><trkpt lat="37.55759811401367" lon="127.05167388916016"><ele>8.800000190734863</ele><time>2026-09-27T01:43:39Z</time></trkpt><trkpt lat="37.55762481689453" lon="127.05168151855469"><ele>8.600000381469727</ele><time>2026-09-27T01:43:40Z</time></trkpt><trkpt lat="37.557640075683594" lon="127.05168151855469"><ele>8.600000381469727</ele><time>2026-09-27T01:43:41Z</time></trkpt><trkpt lat="37.55766296386719" lon="127.05168151855469"><ele>8.600000381469727</ele><time>2026-09-27T01:43:42Z</time></trkpt><trkpt lat="37.55768585205078" lon="127.05167388916016"><ele>8.600000381469727</ele><time>2026-09-27T01:43:43Z</time></trkpt><trkpt lat="37.557708740234375" lon="127.05168151855469"><ele>8.600000381469727</ele><time>2026-09-27T01:43:44Z</time></trkpt><trkpt lat="37.5577278137207" lon="127.05167388916016"><ele>8.800000190734863</ele><time>2026-09-27T01:43:45Z</time></trkpt><trkpt lat="37.5577507019043" lon="127.05166625976562"><ele>8.800000190734863</ele><time>2026-09-27T01:43:46Z</time></trkpt><trkpt lat="37.557762145996094" lon="127.05166625976562"><ele>9.0</ele><time>2026-09-27T01:43:47Z</time></trkpt><trkpt lat="37.55778503417969" lon="127.05166625976562"><ele>9.0</ele><time>2026-09-27T01:43:48Z</time></trkpt><trkpt lat="37.557804107666016" lon="127.0516586303711"><ele>9.0</ele><time>2026-09-27T01:43:49Z</time></trkpt><trkpt lat="37.55781555175781" lon="127.05165100097656"><ele>9.0</ele><time>2026-09-27T01:43:50Z</time></trkpt><trkpt lat="37.55783462524414" lon="127.05165100097656"><ele>9.0</ele><time>2026-09-27T01:43:51Z</time></trkpt><trkpt lat="37.5578498840332" lon="127.0516357421875"><ele>9.0</ele><time>2026-09-27T01:43:52Z</time></trkpt><trkpt lat="37.557865142822266" lon="127.0516357421875"><ele>9.0</ele><time>2026-09-27T01:43:53Z</time></trkpt><trkpt lat="37.557884216308594" lon="127.05162811279297"><ele>9.0</ele><time>2026-09-27T01:43:54Z</time></trkpt><trkpt lat="37.557899475097656" lon="127.05162048339844"><ele>9.0</ele><time>2026-09-27T01:43:55Z</time></trkpt><trkpt lat="37.557918548583984" lon="127.05162048339844"><ele>9.0</ele><time>2026-09-27T01:43:56Z</time></trkpt><trkpt lat="37.55793380737305" lon="127.0516128540039"><ele>9.0</ele><time>2026-09-27T01:43:57Z</time></trkpt><trkpt lat="37.557952880859375" lon="127.05160522460938"><ele>9.199999809265137</ele><time>2026-09-27T01:43:58Z</time></trkpt><trkpt lat="37.5579719543457" lon="127.05160522460938"><ele>9.0</ele><time>2026-09-27T01:43:59Z</time></trkpt><trkpt lat="37.557987213134766" lon="127.05160522460938"><ele>9.0</ele><time>2026-09-27T01:44:00Z</time></trkpt><trkpt lat="37.55800247192383" lon="127.05159759521484"><ele>9.0</ele><time>2026-09-27T01:44:01Z</time></trkpt><trkpt lat="37.558013916015625" lon="127.05158996582031"><ele>9.0</ele><time>2026-09-27T01:44:02Z</time></trkpt><trkpt lat="37.55803298950195" lon="127.05158233642578"><ele>9.0</ele><time>2026-09-27T01:44:03Z</time></trkpt><trkpt lat="37.55805587768555" lon="127.05158996582031"><ele>9.0</ele><time>2026-09-27T01:44:04Z</time></trkpt><trkpt lat="37.55807113647461" lon="127.05158996582031"><ele>9.199999809265137</ele><time>2026-09-27T01:44:05Z</time></trkpt><trkpt lat="37.5580940246582" lon="127.05159759521484"><ele>9.199999809265137</ele><time>2026-09-27T01:44:06Z</time></trkpt><trkpt lat="37.558109283447266" lon="127.05158996582031"><ele>9.199999809265137</ele><time>2026-09-27T01:44:07Z</time></trkpt><trkpt lat="37.558128356933594" lon="127.05158996582031"><ele>9.199999809265137</ele><time>2026-09-27T01:44:08Z</time></trkpt><trkpt lat="37.55814743041992" lon="127.05158996582031"><ele>9.199999809265137</ele><time>2026-09-27T01:44:09Z</time></trkpt><trkpt lat="37.558162689208984" lon="127.05158996582031"><ele>9.199999809265137</ele><time>2026-09-27T01:44:10Z</time></trkpt><trkpt lat="37.55818176269531" lon="127.05158996582031"><ele>9.199999809265137</ele><time>2026-09-27T01:44:11Z</time></trkpt><trkpt lat="37.558197021484375" lon="127.05158996582031"><ele>9.199999809265137</ele><time>2026-09-27T01:44:12Z</time></trkpt><trkpt lat="37.55821228027344" lon="127.05158233642578"><ele>9.199999809265137</ele><time>2026-09-27T01:44:13Z</time></trkpt><trkpt lat="37.5582275390625" lon="127.05157470703125"><ele>9.399999618530273</ele><time>2026-09-27T01:44:14Z</time></trkpt><trkpt lat="37.55823516845703" lon="127.05155944824219"><ele>9.399999618530273</ele><time>2026-09-27T01:44:15Z</time></trkpt><trkpt lat="37.558250427246094" lon="127.05155181884766"><ele>9.600000381469727</ele><time>2026-09-27T01:44:16Z</time></trkpt><trkpt lat="37.558265686035156" lon="127.05154418945312"><ele>9.600000381469727</ele><time>2026-09-27T01:44:17Z</time></trkpt><trkpt lat="37.55828094482422" lon="127.05154418945312"><ele>9.600000381469727</ele><time>2026-09-27T01:44:18Z</time></trkpt><trkpt lat="37.55830001831055" lon="127.05154418945312"><ele>9.600000381469727</ele><time>2026-09-27T01:44:19Z</time></trkpt><trkpt lat="37.558319091796875" lon="127.0515365600586"><ele>9.600000381469727</ele><time>2026-09-27T01:44:20Z</time></trkpt><trkpt lat="37.55833435058594" lon="127.05152893066406"><ele>9.600000381469727</ele><time>2026-09-27T01:44:21Z</time></trkpt><trkpt lat="37.558353424072266" lon="127.05152130126953"><ele>9.600000381469727</ele><time>2026-09-27T01:44:22Z</time></trkpt><trkpt lat="37.558372497558594" lon="127.051513671875"><ele>9.399999618530273</ele><time>2026-09-27T01:44:23Z</time></trkpt><trkpt lat="37.55839920043945" lon="127.05150604248047"><ele>9.399999618530273</ele><time>2026-09-27T01:44:24Z</time></trkpt><trkpt lat="37.55841827392578" lon="127.0514907836914"><ele>9.399999618530273</ele><time>2026-09-27T01:44:25Z</time></trkpt><trkpt lat="37.558441162109375" lon="127.05148315429688"><ele>9.199999809265137</ele><time>2026-09-27T01:44:26Z</time></trkpt><trkpt lat="37.5584602355957" lon="127.05146789550781"><ele>9.199999809265137</ele><time>2026-09-27T01:44:27Z</time></trkpt><trkpt lat="37.5584831237793" lon="127.05146026611328"><ele>9.199999809265137</ele><time>2026-09-27T01:44:28Z</time></trkpt><trkpt lat="37.558502197265625" lon="127.05145263671875"><ele>9.199999809265137</ele><time>2026-09-27T01:44:29Z</time></trkpt><trkpt lat="37.55852127075195" lon="127.05144500732422"><ele>9.199999809265137</ele><time>2026-09-27T01:44:30Z</time></trkpt><trkpt lat="37.558536529541016" lon="127.05143737792969"><ele>9.199999809265137</ele><time>2026-09-27T01:44:31Z</time></trkpt><trkpt lat="37.55855178833008" lon="127.05142974853516"><ele>9.0</ele><time>2026-09-27T01:44:32Z</time></trkpt><trkpt lat="37.558570861816406" lon="127.05142211914062"><ele>9.0</ele><time>2026-09-27T01:44:33Z</time></trkpt><trkpt lat="37.55858612060547" lon="127.0514144897461"><ele>9.0</ele><time>2026-09-27T01:44:34Z</time></trkpt><trkpt lat="37.55860137939453" lon="127.05140686035156"><ele>8.800000190734863</ele><time>2026-09-27T01:44:35Z</time></trkpt><trkpt lat="37.558616638183594" lon="127.05139923095703"><ele>8.800000190734863</ele><time>2026-09-27T01:44:36Z</time></trkpt><trkpt lat="37.55863571166992" lon="127.05138397216797"><ele>8.800000190734863</ele><time>2026-09-27T01:44:37Z</time></trkpt><trkpt lat="37.55865478515625" lon="127.05138397216797"><ele>8.800000190734863</ele><time>2026-09-27T01:44:38Z</time></trkpt><trkpt lat="37.55867004394531" lon="127.0513687133789"><ele>8.800000190734863</ele><time>2026-09-27T01:44:39Z</time></trkpt><trkpt lat="37.55868911743164" lon="127.0513687133789"><ele>8.800000190734863</ele><time>2026-09-27T01:44:40Z</time></trkpt><trkpt lat="37.5587043762207" lon="127.05136108398438"><ele>8.800000190734863</ele><time>2026-09-27T01:44:41Z</time></trkpt><trkpt lat="37.55872344970703" lon="127.05135345458984"><ele>8.800000190734863</ele><time>2026-09-27T01:44:42Z</time></trkpt><trkpt lat="37.55874252319336" lon="127.05135345458984"><ele>8.800000190734863</ele><time>2026-09-27T01:44:43Z</time></trkpt><trkpt lat="37.55875778198242" lon="127.05135345458984"><ele>8.800000190734863</ele><time>2026-09-27T01:44:44Z</time></trkpt><trkpt lat="37.55877685546875" lon="127.05135345458984"><ele>8.800000190734863</ele><time>2026-09-27T01:44:45Z</time></trkpt><trkpt lat="37.55879211425781" lon="127.05134582519531"><ele>8.800000190734863</ele><time>2026-09-27T01:44:46Z</time></trkpt><trkpt lat="37.558807373046875" lon="127.05133819580078"><ele>8.800000190734863</ele><time>2026-09-27T01:44:47Z</time></trkpt><trkpt lat="37.55882263183594" lon="127.05133056640625"><ele>8.800000190734863</ele><time>2026-09-27T01:44:48Z</time></trkpt><trkpt lat="37.558841705322266" lon="127.05133056640625"><ele>8.800000190734863</ele><time>2026-09-27T01:44:49Z</time></trkpt><trkpt lat="37.55885696411133" lon="127.05132293701172"><ele>8.800000190734863</ele><time>2026-09-27T01:44:50Z</time></trkpt><trkpt lat="37.55887222290039" lon="127.05131530761719"><ele>8.800000190734863</ele><time>2026-09-27T01:44:51Z</time></trkpt><trkpt lat="37.55889129638672" lon="127.05130767822266"><ele>8.800000190734863</ele><time>2026-09-27T01:44:52Z</time></trkpt><trkpt lat="37.55890655517578" lon="127.0512924194336"><ele>8.800000190734863</ele><time>2026-09-27T01:44:53Z</time></trkpt><trkpt lat="37.55892562866211" lon="127.0512924194336"><ele>8.800000190734863</ele><time>2026-09-27T01:44:54Z</time></trkpt><trkpt lat="37.5589485168457" lon="127.05128479003906"><ele>8.800000190734863</ele><time>2026-09-27T01:44:55Z</time></trkpt><trkpt lat="37.5589714050293" lon="127.05127716064453"><ele>8.800000190734863</ele><time>2026-09-27T01:44:56Z</time></trkpt><trkpt lat="37.55899429321289" lon="127.05126953125"><ele>8.800000190734863</ele><time>2026-09-27T01:44:57Z</time></trkpt><trkpt lat="37.55901336669922" lon="127.05125427246094"><ele>8.800000190734863</ele><time>2026-09-27T01:44:58Z</time></trkpt><trkpt lat="37.55903625488281" lon="127.05123901367188"><ele>8.800000190734863</ele><time>2026-09-27T01:44:59Z</time></trkpt><trkpt lat="37.55905532836914" lon="127.05122375488281"><ele>8.800000190734863</ele><time>2026-09-27T01:45:00Z</time></trkpt><trkpt lat="37.55907440185547" lon="127.05121612548828"><ele>8.800000190734863</ele><time>2026-09-27T01:45:01Z</time></trkpt><trkpt lat="37.55908966064453" lon="127.05120086669922"><ele>9.0</ele><time>2026-09-27T01:45:02Z</time></trkpt><trkpt lat="37.55911636352539" lon="127.05117797851562"><ele>9.0</ele><time>2026-09-27T01:45:03Z</time></trkpt><trkpt lat="37.55913543701172" lon="127.0511703491211"><ele>9.0</ele><time>2026-09-27T01:45:04Z</time></trkpt><trkpt lat="37.55915451049805" lon="127.05116271972656"><ele>9.0</ele><time>2026-09-27T01:45:05Z</time></trkpt><trkpt lat="37.559173583984375" lon="127.0511474609375"><ele>9.0</ele><time>2026-09-27T01:45:06Z</time></trkpt><trkpt lat="37.55918884277344" lon="127.05113220214844"><ele>9.0</ele><time>2026-09-27T01:45:07Z</time></trkpt><trkpt lat="37.55921173095703" lon="127.0511245727539"><ele>8.800000190734863</ele><time>2026-09-27T01:45:08Z</time></trkpt><trkpt lat="37.559226989746094" lon="127.05110931396484"><ele>8.800000190734863</ele><time>2026-09-27T01:45:09Z</time></trkpt><trkpt lat="37.55924606323242" lon="127.05110168457031"><ele>8.800000190734863</ele><time>2026-09-27T01:45:10Z</time></trkpt><trkpt lat="37.55926513671875" lon="127.05109405517578"><ele>8.800000190734863</ele><time>2026-09-27T01:45:11Z</time></trkpt><trkpt lat="37.55928039550781" lon="127.05107879638672"><ele>8.800000190734863</ele><time>2026-09-27T01:45:12Z</time></trkpt><trkpt lat="37.55929946899414" lon="127.05107879638672"><ele>8.800000190734863</ele><time>2026-09-27T01:45:13Z</time></trkpt><trkpt lat="37.55931854248047" lon="127.05106353759766"><ele>8.800000190734863</ele><time>2026-09-27T01:45:14Z</time></trkpt><trkpt lat="37.55934524536133" lon="127.05106353759766"><ele>8.800000190734863</ele><time>2026-09-27T01:45:15Z</time></trkpt><trkpt lat="37.559364318847656" lon="127.05105590820312"><ele>8.800000190734863</ele><time>2026-09-27T01:45:16Z</time></trkpt><trkpt lat="37.559383392333984" lon="127.05104064941406"><ele>8.800000190734863</ele><time>2026-09-27T01:45:17Z</time></trkpt><trkpt lat="37.55940246582031" lon="127.05103302001953"><ele>8.800000190734863</ele><time>2026-09-27T01:45:18Z</time></trkpt><trkpt lat="37.559425354003906" lon="127.051025390625"><ele>9.0</ele><time>2026-09-27T01:45:19Z</time></trkpt><trkpt lat="37.559444427490234" lon="127.05101013183594"><ele>8.800000190734863</ele><time>2026-09-27T01:45:20Z</time></trkpt><trkpt lat="37.55946350097656" lon="127.0510025024414"><ele>9.0</ele><time>2026-09-27T01:45:21Z</time></trkpt><trkpt lat="37.559486389160156" lon="127.05099487304688"><ele>9.0</ele><time>2026-09-27T01:45:22Z</time></trkpt><trkpt lat="37.55950164794922" lon="127.05098724365234"><ele>9.0</ele><time>2026-09-27T01:45:23Z</time></trkpt><trkpt lat="37.55952453613281" lon="127.05098724365234"><ele>9.0</ele><time>2026-09-27T01:45:24Z</time></trkpt><trkpt lat="37.559547424316406" lon="127.05098724365234"><ele>8.800000190734863</ele><time>2026-09-27T01:45:25Z</time></trkpt><trkpt lat="37.559574127197266" lon="127.05097961425781"><ele>8.800000190734863</ele><time>2026-09-27T01:45:26Z</time></trkpt><trkpt lat="37.55959701538086" lon="127.05096435546875"><ele>8.800000190734863</ele><time>2026-09-27T01:45:27Z</time></trkpt><trkpt lat="37.55961608886719" lon="127.05095672607422"><ele>8.800000190734863</ele><time>2026-09-27T01:45:28Z</time></trkpt><trkpt lat="37.55963897705078" lon="127.05094909667969"><ele>8.800000190734863</ele><time>2026-09-27T01:45:29Z</time></trkpt><trkpt lat="37.55965805053711" lon="127.05094146728516"><ele>8.800000190734863</ele><time>2026-09-27T01:45:30Z</time></trkpt><trkpt lat="37.55968475341797" lon="127.05093383789062"><ele>8.600000381469727</ele><time>2026-09-27T01:45:31Z</time></trkpt><trkpt lat="37.5597038269043" lon="127.0509262084961"><ele>8.600000381469727</ele><time>2026-09-27T01:45:32Z</time></trkpt><trkpt lat="37.559722900390625" lon="127.05091857910156"><ele>8.600000381469727</ele><time>2026-09-27T01:45:33Z</time></trkpt><trkpt lat="37.55974197387695" lon="127.05091094970703"><ele>8.600000381469727</ele><time>2026-09-27T01:45:34Z</time></trkpt><trkpt lat="37.55976104736328" lon="127.0509033203125"><ele>8.600000381469727</ele><time>2026-09-27T01:45:35Z</time></trkpt><trkpt lat="37.55978012084961" lon="127.0509033203125"><ele>8.600000381469727</ele><time>2026-09-27T01:45:36Z</time></trkpt><trkpt lat="37.55979919433594" lon="127.05089569091797"><ele>8.600000381469727</ele><time>2026-09-27T01:45:37Z</time></trkpt><trkpt lat="37.55982208251953" lon="127.0508804321289"><ele>8.600000381469727</ele><time>2026-09-27T01:45:38Z</time></trkpt><trkpt lat="37.55984115600586" lon="127.05087280273438"><ele>8.600000381469727</ele><time>2026-09-27T01:45:39Z</time></trkpt><trkpt lat="37.55986022949219" lon="127.05085754394531"><ele>8.600000381469727</ele><time>2026-09-27T01:45:40Z</time></trkpt><trkpt lat="37.55988311767578" lon="127.05084991455078"><ele>8.600000381469727</ele><time>2026-09-27T01:45:41Z</time></trkpt><trkpt lat="37.559906005859375" lon="127.05083465576172"><ele>8.600000381469727</ele><time>2026-09-27T01:45:42Z</time></trkpt><trkpt lat="37.5599250793457" lon="127.05081939697266"><ele>8.600000381469727</ele><time>2026-09-27T01:45:43Z</time></trkpt><trkpt lat="37.5599479675293" lon="127.0508041381836"><ele>8.800000190734863</ele><time>2026-09-27T01:45:44Z</time></trkpt><trkpt lat="37.55997085571289" lon="127.05079650878906"><ele>8.800000190734863</ele><time>2026-09-27T01:45:45Z</time></trkpt><trkpt lat="37.55998992919922" lon="127.05078125"><ele>8.800000190734863</ele><time>2026-09-27T01:45:46Z</time></trkpt><trkpt lat="37.56000900268555" lon="127.0507583618164"><ele>8.600000381469727</ele><time>2026-09-27T01:45:47Z</time></trkpt><trkpt lat="37.56003189086914" lon="127.05075073242188"><ele>8.600000381469727</ele><time>2026-09-27T01:45:48Z</time></trkpt><trkpt lat="37.560054779052734" lon="127.05073547363281"><ele>8.600000381469727</ele><time>2026-09-27T01:45:49Z</time></trkpt><trkpt lat="37.56007766723633" lon="127.05072784423828"><ele>8.600000381469727</ele><time>2026-09-27T01:45:50Z</time></trkpt><trkpt lat="37.560096740722656" lon="127.05072021484375"><ele>8.600000381469727</ele><time>2026-09-27T01:45:51Z</time></trkpt><trkpt lat="37.56011962890625" lon="127.05070495605469"><ele>8.600000381469727</ele><time>2026-09-27T01:45:52Z</time></trkpt><trkpt lat="37.56013870239258" lon="127.05069732666016"><ele>8.600000381469727</ele><time>2026-09-27T01:45:53Z</time></trkpt><trkpt lat="37.560157775878906" lon="127.0506820678711"><ele>8.600000381469727</ele><time>2026-09-27T01:45:54Z</time></trkpt><trkpt lat="37.560176849365234" lon="127.05067443847656"><ele>8.600000381469727</ele><time>2026-09-27T01:45:55Z</time></trkpt><trkpt lat="37.56019973754883" lon="127.0506591796875"><ele>8.600000381469727</ele><time>2026-09-27T01:45:56Z</time></trkpt><trkpt lat="37.56022644042969" lon="127.05065155029297"><ele>8.600000381469727</ele><time>2026-09-27T01:45:57Z</time></trkpt><trkpt lat="37.56025695800781" lon="127.05062866210938"><ele>8.600000381469727</ele><time>2026-09-27T01:45:58Z</time></trkpt><trkpt lat="37.56028366088867" lon="127.05062103271484"><ele>8.600000381469727</ele><time>2026-09-27T01:45:59Z</time></trkpt><trkpt lat="37.56031036376953" lon="127.05060577392578"><ele>8.600000381469727</ele><time>2026-09-27T01:46:00Z</time></trkpt><trkpt lat="37.56033706665039" lon="127.05059814453125"><ele>8.600000381469727</ele><time>2026-09-27T01:46:01Z</time></trkpt><trkpt lat="37.56035614013672" lon="127.05058288574219"><ele>8.600000381469727</ele><time>2026-09-27T01:46:02Z</time></trkpt><trkpt lat="37.56037902832031" lon="127.05056762695312"><ele>8.600000381469727</ele><time>2026-09-27T01:46:03Z</time></trkpt><trkpt lat="37.560401916503906" lon="127.0505599975586"><ele>8.600000381469727</ele><time>2026-09-27T01:46:04Z</time></trkpt><trkpt lat="37.56041717529297" lon="127.05055236816406"><ele>8.600000381469727</ele><time>2026-09-27T01:46:05Z</time></trkpt><trkpt lat="37.56044006347656" lon="127.05055236816406"><ele>8.600000381469727</ele><time>2026-09-27T01:46:06Z</time></trkpt><trkpt lat="37.560455322265625" lon="127.05054473876953"><ele>8.600000381469727</ele><time>2026-09-27T01:46:07Z</time></trkpt><trkpt lat="37.56047439575195" lon="127.05055236816406"><ele>8.600000381469727</ele><time>2026-09-27T01:46:08Z</time></trkpt><trkpt lat="37.56049346923828" lon="127.05055236816406"><ele>8.600000381469727</ele><time>2026-09-27T01:46:09Z</time></trkpt><trkpt lat="37.560508728027344" lon="127.05055236816406"><ele>8.600000381469727</ele><time>2026-09-27T01:46:10Z</time></trkpt><trkpt lat="37.560523986816406" lon="127.05054473876953"><ele>8.600000381469727</ele><time>2026-09-27T01:46:11Z</time></trkpt><trkpt lat="37.5605354309082" lon="127.050537109375"><ele>8.600000381469727</ele><time>2026-09-27T01:46:12Z</time></trkpt><trkpt lat="37.560550689697266" lon="127.050537109375"><ele>8.600000381469727</ele><time>2026-09-27T01:46:13Z</time></trkpt><trkpt lat="37.56056213378906" lon="127.05052947998047"><ele>8.600000381469727</ele><time>2026-09-27T01:46:14Z</time></trkpt><trkpt lat="37.560577392578125" lon="127.05052947998047"><ele>8.800000190734863</ele><time>2026-09-27T01:46:15Z</time></trkpt><trkpt lat="37.56059265136719" lon="127.05052185058594"><ele>8.800000190734863</ele><time>2026-09-27T01:46:16Z</time></trkpt><trkpt lat="37.56060791015625" lon="127.05052185058594"><ele>8.800000190734863</ele><time>2026-09-27T01:46:17Z</time></trkpt><trkpt lat="37.56061935424805" lon="127.05052185058594"><ele>8.800000190734863</ele><time>2026-09-27T01:46:18Z</time></trkpt><trkpt lat="37.56063461303711" lon="127.0505142211914"><ele>8.800000190734863</ele><time>2026-09-27T01:46:19Z</time></trkpt><trkpt lat="37.56064987182617" lon="127.05050659179688"><ele>8.800000190734863</ele><time>2026-09-27T01:46:20Z</time></trkpt><trkpt lat="37.56066131591797" lon="127.05049133300781"><ele>8.800000190734863</ele><time>2026-09-27T01:46:21Z</time></trkpt><trkpt lat="37.56068420410156" lon="127.05048370361328"><ele>8.800000190734863</ele><time>2026-09-27T01:46:22Z</time></trkpt><trkpt lat="37.560699462890625" lon="127.05046844482422"><ele>8.800000190734863</ele><time>2026-09-27T01:46:23Z</time></trkpt><trkpt lat="37.56071853637695" lon="127.05046081542969"><ele>8.800000190734863</ele><time>2026-09-27T01:46:24Z</time></trkpt><trkpt lat="37.56073760986328" lon="127.05044555664062"><ele>8.800000190734863</ele><time>2026-09-27T01:46:25Z</time></trkpt><trkpt lat="37.56075668334961" lon="127.05043029785156"><ele>8.800000190734863</ele><time>2026-09-27T01:46:26Z</time></trkpt><trkpt lat="37.56077575683594" lon="127.0504150390625"><ele>8.800000190734863</ele><time>2026-09-27T01:46:27Z</time></trkpt><trkpt lat="37.56079864501953" lon="127.05039978027344"><ele>8.800000190734863</ele><time>2026-09-27T01:46:28Z</time></trkpt><trkpt lat="37.56082534790039" lon="127.05038452148438"><ele>8.800000190734863</ele><time>2026-09-27T01:46:29Z</time></trkpt><trkpt lat="37.56084060668945" lon="127.05036926269531"><ele>8.800000190734863</ele><time>2026-09-27T01:46:30Z</time></trkpt><trkpt lat="37.56086349487305" lon="127.05036163330078"><ele>8.800000190734863</ele><time>2026-09-27T01:46:31Z</time></trkpt><trkpt lat="37.560882568359375" lon="127.05035400390625"><ele>8.800000190734863</ele><time>2026-09-27T01:46:32Z</time></trkpt><trkpt lat="37.56090545654297" lon="127.05034637451172"><ele>8.800000190734863</ele><time>2026-09-27T01:46:33Z</time></trkpt><trkpt lat="37.5609245300293" lon="127.05034637451172"><ele>8.800000190734863</ele><time>2026-09-27T01:46:34Z</time></trkpt><trkpt lat="37.560943603515625" lon="127.05033874511719"><ele>8.800000190734863</ele><time>2026-09-27T01:46:35Z</time></trkpt><trkpt lat="37.56096267700195" lon="127.05032348632812"><ele>8.800000190734863</ele><time>2026-09-27T01:46:36Z</time></trkpt><trkpt lat="37.560977935791016" lon="127.0503158569336"><ele>8.800000190734863</ele><time>2026-09-27T01:46:37Z</time></trkpt><trkpt lat="37.56099319458008" lon="127.05030822753906"><ele>8.800000190734863</ele><time>2026-09-27T01:46:38Z</time></trkpt><trkpt lat="37.56100845336914" lon="127.05030059814453"><ele>8.800000190734863</ele><time>2026-09-27T01:46:39Z</time></trkpt><trkpt lat="37.56101989746094" lon="127.05029296875"><ele>8.800000190734863</ele><time>2026-09-27T01:46:40Z</time></trkpt><trkpt lat="37.561038970947266" lon="127.05028533935547"><ele>8.800000190734863</ele><time>2026-09-27T01:46:41Z</time></trkpt><trkpt lat="37.56105041503906" lon="127.05027770996094"><ele>8.600000381469727</ele><time>2026-09-27T01:46:42Z</time></trkpt><trkpt lat="37.56106185913086" lon="127.05027770996094"><ele>8.600000381469727</ele><time>2026-09-27T01:46:43Z</time></trkpt><trkpt lat="37.561073303222656" lon="127.05027770996094"><ele>8.600000381469727</ele><time>2026-09-27T01:46:44Z</time></trkpt><trkpt lat="37.56108856201172" lon="127.05027770996094"><ele>8.600000381469727</ele><time>2026-09-27T01:46:45Z</time></trkpt><trkpt lat="37.56110382080078" lon="127.05027770996094"><ele>8.600000381469727</ele><time>2026-09-27T01:46:46Z</time></trkpt><trkpt lat="37.56111526489258" lon="127.05027770996094"><ele>8.800000190734863</ele><time>2026-09-27T01:46:47Z</time></trkpt><trkpt lat="37.56112289428711" lon="127.05027770996094"><ele>8.800000190734863</ele><time>2026-09-27T01:46:48Z</time></trkpt><trkpt lat="37.56113052368164" lon="127.05027770996094"><ele>8.800000190734863</ele><time>2026-09-27T01:46:49Z</time></trkpt><trkpt lat="37.561134338378906" lon="127.05027770996094"><ele>8.800000190734863</ele><time>2026-09-27T01:46:50Z</time></trkpt><trkpt lat="37.56114196777344" lon="127.0502700805664"><ele>9.0</ele><time>2026-09-27T01:46:51Z</time></trkpt><trkpt lat="37.5611457824707" lon="127.0502700805664"><ele>9.0</ele><time>2026-09-27T01:46:52Z</time></trkpt><trkpt lat="37.561153411865234" lon="127.05027770996094"><ele>9.0</ele><time>2026-09-27T01:46:53Z</time></trkpt><trkpt lat="37.5611572265625" lon="127.05027770996094"><ele>9.0</ele><time>2026-09-27T01:46:54Z</time></trkpt><trkpt lat="37.561161041259766" lon="127.05027770996094"><ele>9.0</ele><time>2026-09-27T01:46:55Z</time></trkpt><trkpt lat="37.5611686706543" lon="127.05028533935547"><ele>9.0</ele><time>2026-09-27T01:46:56Z</time></trkpt><trkpt lat="37.5611686706543" lon="127.05028533935547"><ele>9.0</ele><time>2026-09-27T01:46:57Z</time></trkpt><trkpt lat="37.5611686706543" lon="127.05028533935547"><ele>9.0</ele><time>2026-09-27T01:46:58Z</time></trkpt><trkpt lat="37.56117248535156" lon="127.05028533935547"><ele>9.0</ele><time>2026-09-27T01:46:59Z</time></trkpt><trkpt lat="37.561180114746094" lon="127.05028533935547"><ele>9.0</ele><time>2026-09-27T01:47:00Z</time></trkpt><trkpt lat="37.56119155883789" lon="127.05027770996094"><ele>9.0</ele><time>2026-09-27T01:47:01Z</time></trkpt><trkpt lat="37.56119918823242" lon="127.05027770996094"><ele>9.0</ele><time>2026-09-27T01:47:02Z</time></trkpt><trkpt lat="37.56120681762695" lon="127.0502700805664"><ele>9.0</ele><time>2026-09-27T01:47:03Z</time></trkpt><trkpt lat="37.561214447021484" lon="127.0502700805664"><ele>9.0</ele><time>2026-09-27T01:47:04Z</time></trkpt><trkpt lat="37.561222076416016" lon="127.0502700805664"><ele>9.0</ele><time>2026-09-27T01:47:05Z</time></trkpt><trkpt lat="37.56122970581055" lon="127.0502700805664"><ele>9.0</ele><time>2026-09-27T01:47:06Z</time></trkpt><trkpt lat="37.561241149902344" lon="127.05026245117188"><ele>9.0</ele><time>2026-09-27T01:47:07Z</time></trkpt><trkpt lat="37.561256408691406" lon="127.05026245117188"><ele>9.0</ele><time>2026-09-27T01:47:08Z</time></trkpt><trkpt lat="37.56127166748047" lon="127.05025482177734"><ele>9.0</ele><time>2026-09-27T01:47:09Z</time></trkpt><trkpt lat="37.561283111572266" lon="127.05025482177734"><ele>9.0</ele><time>2026-09-27T01:47:10Z</time></trkpt><trkpt lat="37.56129455566406" lon="127.05025482177734"><ele>9.0</ele><time>2026-09-27T01:47:11Z</time></trkpt><trkpt lat="37.56130599975586" lon="127.05024719238281"><ele>8.800000190734863</ele><time>2026-09-27T01:47:12Z</time></trkpt><trkpt lat="37.56131362915039" lon="127.05024719238281"><ele>8.800000190734863</ele><time>2026-09-27T01:47:13Z</time></trkpt><trkpt lat="37.56132507324219" lon="127.05024719238281"><ele>8.800000190734863</ele><time>2026-09-27T01:47:14Z</time></trkpt><trkpt lat="37.56133270263672" lon="127.05024719238281"><ele>8.800000190734863</ele><time>2026-09-27T01:47:15Z</time></trkpt><trkpt lat="37.561344146728516" lon="127.05023956298828"><ele>8.800000190734863</ele><time>2026-09-27T01:47:16Z</time></trkpt><trkpt lat="37.56135559082031" lon="127.05023956298828"><ele>8.800000190734863</ele><time>2026-09-27T01:47:17Z</time></trkpt><trkpt lat="37.561370849609375" lon="127.05023956298828"><ele>8.800000190734863</ele><time>2026-09-27T01:47:18Z</time></trkpt><trkpt lat="37.56138229370117" lon="127.05023956298828"><ele>8.800000190734863</ele><time>2026-09-27T01:47:19Z</time></trkpt><trkpt lat="37.56139373779297" lon="127.05023956298828"><ele>8.800000190734863</ele><time>2026-09-27T01:47:20Z</time></trkpt><trkpt lat="37.561405181884766" lon="127.05023193359375"><ele>8.800000190734863</ele><time>2026-09-27T01:47:21Z</time></trkpt><trkpt lat="37.56140899658203" lon="127.05023193359375"><ele>8.600000381469727</ele><time>2026-09-27T01:47:22Z</time></trkpt><trkpt lat="37.56141662597656" lon="127.05022430419922"><ele>8.600000381469727</ele><time>2026-09-27T01:47:23Z</time></trkpt><trkpt lat="37.56142807006836" lon="127.05021667480469"><ele>8.600000381469727</ele><time>2026-09-27T01:47:24Z</time></trkpt><trkpt lat="37.561439514160156" lon="127.05021667480469"><ele>8.600000381469727</ele><time>2026-09-27T01:47:25Z</time></trkpt><trkpt lat="37.56145095825195" lon="127.05020904541016"><ele>8.600000381469727</ele><time>2026-09-27T01:47:26Z</time></trkpt><trkpt lat="37.56146240234375" lon="127.05020141601562"><ele>8.600000381469727</ele><time>2026-09-27T01:47:27Z</time></trkpt><trkpt lat="37.56147384643555" lon="127.05018615722656"><ele>8.600000381469727</ele><time>2026-09-27T01:47:28Z</time></trkpt><trkpt lat="37.56148910522461" lon="127.0501708984375"><ele>8.600000381469727</ele><time>2026-09-27T01:47:29Z</time></trkpt><trkpt lat="37.561500549316406" lon="127.05015563964844"><ele>8.600000381469727</ele><time>2026-09-27T01:47:30Z</time></trkpt><trkpt lat="37.5615119934082" lon="127.0501480102539"><ele>8.600000381469727</ele><time>2026-09-27T01:47:31Z</time></trkpt><trkpt lat="37.5615234375" lon="127.05013275146484"><ele>8.600000381469727</ele><time>2026-09-27T01:47:32Z</time></trkpt><trkpt lat="37.56153106689453" lon="127.05012512207031"><ele>8.600000381469727</ele><time>2026-09-27T01:47:33Z</time></trkpt><trkpt lat="37.56154251098633" lon="127.05011749267578"><ele>8.600000381469727</ele><time>2026-09-27T01:47:34Z</time></trkpt><trkpt lat="37.561553955078125" lon="127.05010223388672"><ele>8.600000381469727</ele><time>2026-09-27T01:47:35Z</time></trkpt><trkpt lat="37.561561584472656" lon="127.05010223388672"><ele>8.800000190734863</ele><time>2026-09-27T01:47:36Z</time></trkpt><trkpt lat="37.56157302856445" lon="127.05008697509766"><ele>8.800000190734863</ele><time>2026-09-27T01:47:37Z</time></trkpt><trkpt lat="37.56157684326172" lon="127.05007934570312"><ele>8.800000190734863</ele><time>2026-09-27T01:47:38Z</time></trkpt><trkpt lat="37.56158447265625" lon="127.0500717163086"><ele>8.800000190734863</ele><time>2026-09-27T01:47:39Z</time></trkpt><trkpt lat="37.56159210205078" lon="127.0500717163086"><ele>8.800000190734863</ele><time>2026-09-27T01:47:40Z</time></trkpt><trkpt lat="37.56159973144531" lon="127.05006408691406"><ele>8.600000381469727</ele><time>2026-09-27T01:47:41Z</time></trkpt><trkpt lat="37.561607360839844" lon="127.05005645751953"><ele>8.600000381469727</ele><time>2026-09-27T01:47:42Z</time></trkpt><trkpt lat="37.561614990234375" lon="127.050048828125"><ele>8.399999618530273</ele><time>2026-09-27T01:47:43Z</time></trkpt><trkpt lat="37.56163024902344" lon="127.05004119873047"><ele>8.399999618530273</ele><time>2026-09-27T01:47:44Z</time></trkpt><trkpt lat="37.561641693115234" lon="127.05004119873047"><ele>8.399999618530273</ele><time>2026-09-27T01:47:45Z</time></trkpt><trkpt lat="37.561649322509766" lon="127.05003356933594"><ele>8.399999618530273</ele><time>2026-09-27T01:47:46Z</time></trkpt><trkpt lat="37.56166076660156" lon="127.0500259399414"><ele>8.399999618530273</ele><time>2026-09-27T01:47:47Z</time></trkpt><trkpt lat="37.56167984008789" lon="127.05001068115234"><ele>8.399999618530273</ele><time>2026-09-27T01:47:48Z</time></trkpt><trkpt lat="37.56169128417969" lon="127.05000305175781"><ele>8.399999618530273</ele><time>2026-09-27T01:47:49Z</time></trkpt><trkpt lat="37.56170654296875" lon="127.04999542236328"><ele>8.399999618530273</ele><time>2026-09-27T01:47:50Z</time></trkpt><trkpt lat="37.56172180175781" lon="127.04999542236328"><ele>8.600000381469727</ele><time>2026-09-27T01:47:51Z</time></trkpt><trkpt lat="37.561737060546875" lon="127.04998779296875"><ele>8.600000381469727</ele><time>2026-09-27T01:47:52Z</time></trkpt><trkpt lat="37.561744689941406" lon="127.04998779296875"><ele>8.399999618530273</ele><time>2026-09-27T01:47:53Z</time></trkpt><trkpt lat="37.56175231933594" lon="127.04998016357422"><ele>8.399999618530273</ele><time>2026-09-27T01:47:54Z</time></trkpt><trkpt lat="37.561763763427734" lon="127.04998016357422"><ele>8.399999618530273</ele><time>2026-09-27T01:47:55Z</time></trkpt><trkpt lat="37.561767578125" lon="127.04997253417969"><ele>8.399999618530273</ele><time>2026-09-27T01:47:56Z</time></trkpt><trkpt lat="37.5617790222168" lon="127.04996490478516"><ele>8.399999618530273</ele><time>2026-09-27T01:47:57Z</time></trkpt><trkpt lat="37.56178283691406" lon="127.04995727539062"><ele>8.600000381469727</ele><time>2026-09-27T01:47:58Z</time></trkpt><trkpt lat="37.56178665161133" lon="127.0499496459961"><ele>8.600000381469727</ele><time>2026-09-27T01:47:59Z</time></trkpt><trkpt lat="37.561790466308594" lon="127.04994201660156"><ele>8.600000381469727</ele><time>2026-09-27T01:48:00Z</time></trkpt><trkpt lat="37.561790466308594" lon="127.04994201660156"><ele>8.600000381469727</ele><time>2026-09-27T01:48:01Z</time></trkpt><trkpt lat="37.561790466308594" lon="127.04993438720703"><ele>8.600000381469727</ele><time>2026-09-27T01:48:02Z</time></trkpt><trkpt lat="37.56178665161133" lon="127.0499267578125"><ele>8.600000381469727</ele><time>2026-09-27T01:48:03Z</time></trkpt><trkpt lat="37.5617790222168" lon="127.04991149902344"><ele>8.399999618530273</ele><time>2026-09-27T01:48:04Z</time></trkpt><trkpt lat="37.56177520751953" lon="127.04988861083984"><ele>8.399999618530273</ele><time>2026-09-27T01:48:05Z</time></trkpt><trkpt lat="37.56177520751953" lon="127.04988098144531"><ele>8.600000381469727</ele><time>2026-09-27T01:48:06Z</time></trkpt><trkpt lat="37.561771392822266" lon="127.04986572265625"><ele>8.600000381469727</ele><time>2026-09-27T01:48:07Z</time></trkpt><trkpt lat="37.561771392822266" lon="127.04985046386719"><ele>8.800000190734863</ele><time>2026-09-27T01:48:08Z</time></trkpt><trkpt lat="37.561767578125" lon="127.04984283447266"><ele>8.800000190734863</ele><time>2026-09-27T01:48:09Z</time></trkpt><trkpt lat="37.561763763427734" lon="127.04981994628906"><ele>8.800000190734863</ele><time>2026-09-27T01:48:10Z</time></trkpt><trkpt lat="37.56175994873047" lon="127.0498046875"><ele>9.0</ele><time>2026-09-27T01:48:11Z</time></trkpt><trkpt lat="37.5617561340332" lon="127.0497817993164"><ele>9.0</ele><time>2026-09-27T01:48:12Z</time></trkpt><trkpt lat="37.56175231933594" lon="127.04975128173828"><ele>9.0</ele><time>2026-09-27T01:48:13Z</time></trkpt><trkpt lat="37.56174850463867" lon="127.04972076416016"><ele>9.0</ele><time>2026-09-27T01:48:14Z</time></trkpt><trkpt lat="37.561744689941406" lon="127.04969787597656"><ele>9.0</ele><time>2026-09-27T01:48:15Z</time></trkpt><trkpt lat="37.56174087524414" lon="127.04967498779297"><ele>9.0</ele><time>2026-09-27T01:48:16Z</time></trkpt><trkpt lat="37.56174087524414" lon="127.04965209960938"><ele>8.800000190734863</ele><time>2026-09-27T01:48:17Z</time></trkpt><trkpt lat="37.56174087524414" lon="127.04964447021484"><ele>8.800000190734863</ele><time>2026-09-27T01:48:18Z</time></trkpt><trkpt lat="37.56174087524414" lon="127.04963684082031"><ele>8.800000190734863</ele><time>2026-09-27T01:48:19Z</time></trkpt><trkpt lat="37.56174087524414" lon="127.04962158203125"><ele>8.800000190734863</ele><time>2026-09-27T01:48:20Z</time></trkpt><trkpt lat="37.56174087524414" lon="127.04961395263672"><ele>8.800000190734863</ele><time>2026-09-27T01:48:21Z</time></trkpt><trkpt lat="37.561744689941406" lon="127.04960632324219"><ele>8.600000381469727</ele><time>2026-09-27T01:48:22Z</time></trkpt><trkpt lat="37.561744689941406" lon="127.04959869384766"><ele>8.600000381469727</ele><time>2026-09-27T01:48:23Z</time></trkpt><trkpt lat="37.561744689941406" lon="127.04959106445312"><ele>8.800000190734863</ele><time>2026-09-27T01:48:24Z</time></trkpt><trkpt lat="37.56174850463867" lon="127.04959106445312"><ele>8.800000190734863</ele><time>2026-09-27T01:48:25Z</time></trkpt><trkpt lat="37.56175231933594" lon="127.04957580566406"><ele>9.0</ele><time>2026-09-27T01:48:26Z</time></trkpt><trkpt lat="37.5617561340332" lon="127.04957580566406"><ele>9.0</ele><time>2026-09-27T01:48:27Z</time></trkpt><trkpt lat="37.561767578125" lon="127.049560546875"><ele>9.0</ele><time>2026-09-27T01:48:28Z</time></trkpt><trkpt lat="37.5617790222168" lon="127.04954528808594"><ele>9.0</ele><time>2026-09-27T01:48:29Z</time></trkpt><trkpt lat="37.56179428100586" lon="127.04952239990234"><ele>8.800000190734863</ele><time>2026-09-27T01:48:30Z</time></trkpt><trkpt lat="37.56181335449219" lon="127.04952239990234"><ele>8.800000190734863</ele><time>2026-09-27T01:48:31Z</time></trkpt><trkpt lat="37.56182098388672" lon="127.04950714111328"><ele>8.800000190734863</ele><time>2026-09-27T01:48:32Z</time></trkpt><trkpt lat="37.561832427978516" lon="127.04949188232422"><ele>8.800000190734863</ele><time>2026-09-27T01:48:33Z</time></trkpt><trkpt lat="37.561851501464844" lon="127.04947662353516"><ele>8.800000190734863</ele><time>2026-09-27T01:48:34Z</time></trkpt><trkpt lat="37.561859130859375" lon="127.0494613647461"><ele>8.800000190734863</ele><time>2026-09-27T01:48:35Z</time></trkpt><trkpt lat="37.56187438964844" lon="127.04944610595703"><ele>8.800000190734863</ele><time>2026-09-27T01:48:36Z</time></trkpt><trkpt lat="37.561885833740234" lon="127.0494384765625"><ele>8.600000381469727</ele><time>2026-09-27T01:48:37Z</time></trkpt><trkpt lat="37.561893463134766" lon="127.0494384765625"><ele>8.600000381469727</ele><time>2026-09-27T01:48:38Z</time></trkpt><trkpt lat="37.5619010925293" lon="127.04942321777344"><ele>8.600000381469727</ele><time>2026-09-27T01:48:39Z</time></trkpt><trkpt lat="37.56190872192383" lon="127.0494155883789"><ele>8.600000381469727</ele><time>2026-09-27T01:48:40Z</time></trkpt><trkpt lat="37.56192398071289" lon="127.04940795898438"><ele>8.600000381469727</ele><time>2026-09-27T01:48:41Z</time></trkpt><trkpt lat="37.56193542480469" lon="127.04939270019531"><ele>8.600000381469727</ele><time>2026-09-27T01:48:42Z</time></trkpt><trkpt lat="37.56195068359375" lon="127.04936981201172"><ele>8.800000190734863</ele><time>2026-09-27T01:48:43Z</time></trkpt><trkpt lat="37.561954498291016" lon="127.04935455322266"><ele>8.800000190734863</ele><time>2026-09-27T01:48:44Z</time></trkpt><trkpt lat="37.56196212768555" lon="127.0493392944336"><ele>8.800000190734863</ele><time>2026-09-27T01:48:45Z</time></trkpt><trkpt lat="37.56196975708008" lon="127.04933166503906"><ele>8.800000190734863</ele><time>2026-09-27T01:48:46Z</time></trkpt><trkpt lat="37.561981201171875" lon="127.04930877685547"><ele>8.800000190734863</ele><time>2026-09-27T01:48:47Z</time></trkpt><trkpt lat="37.56199264526367" lon="127.0492935180664"><ele>9.0</ele><time>2026-09-27T01:48:48Z</time></trkpt><trkpt lat="37.56200408935547" lon="127.04927825927734"><ele>9.0</ele><time>2026-09-27T01:48:49Z</time></trkpt><trkpt lat="37.56201934814453" lon="127.04926300048828"><ele>9.0</ele><time>2026-09-27T01:48:50Z</time></trkpt><trkpt lat="37.56203079223633" lon="127.04924774169922"><ele>9.0</ele><time>2026-09-27T01:48:51Z</time></trkpt><trkpt lat="37.56204605102539" lon="127.04924011230469"><ele>9.0</ele><time>2026-09-27T01:48:52Z</time></trkpt><trkpt lat="37.56206130981445" lon="127.04923248291016"><ele>9.0</ele><time>2026-09-27T01:48:53Z</time></trkpt><trkpt lat="37.56208419799805" lon="127.04923248291016"><ele>9.0</ele><time>2026-09-27T01:48:54Z</time></trkpt><trkpt lat="37.56209945678711" lon="127.04922485351562"><ele>9.0</ele><time>2026-09-27T01:48:55Z</time></trkpt><trkpt lat="37.56211853027344" lon="127.04922485351562"><ele>9.0</ele><time>2026-09-27T01:48:56Z</time></trkpt><trkpt lat="37.56214141845703" lon="127.0492172241211"><ele>9.0</ele><time>2026-09-27T01:48:57Z</time></trkpt><trkpt lat="37.56216049194336" lon="127.0492172241211"><ele>9.0</ele><time>2026-09-27T01:48:58Z</time></trkpt><trkpt lat="37.56218338012695" lon="127.04920196533203"><ele>9.0</ele><time>2026-09-27T01:48:59Z</time></trkpt><trkpt lat="37.56220245361328" lon="127.04920196533203"><ele>9.0</ele><time>2026-09-27T01:49:00Z</time></trkpt><trkpt lat="37.56222152709961" lon="127.0491943359375"><ele>9.0</ele><time>2026-09-27T01:49:01Z</time></trkpt><trkpt lat="37.56224060058594" lon="127.04920196533203"><ele>9.0</ele><time>2026-09-27T01:49:02Z</time></trkpt><trkpt lat="37.56226348876953" lon="127.04920196533203"><ele>9.0</ele><time>2026-09-27T01:49:03Z</time></trkpt><trkpt lat="37.56228256225586" lon="127.04920959472656"><ele>9.0</ele><time>2026-09-27T01:49:04Z</time></trkpt><trkpt lat="37.56229782104492" lon="127.04920959472656"><ele>9.0</ele><time>2026-09-27T01:49:05Z</time></trkpt><trkpt lat="37.56231689453125" lon="127.04920959472656"><ele>9.0</ele><time>2026-09-27T01:49:06Z</time></trkpt><trkpt lat="37.56232833862305" lon="127.04920959472656"><ele>9.199999809265137</ele><time>2026-09-27T01:49:07Z</time></trkpt><trkpt lat="37.56234359741211" lon="127.04920196533203"><ele>9.199999809265137</ele><time>2026-09-27T01:49:08Z</time></trkpt><trkpt lat="37.56236267089844" lon="127.04920196533203"><ele>9.0</ele><time>2026-09-27T01:49:09Z</time></trkpt><trkpt lat="37.562381744384766" lon="127.04920196533203"><ele>9.0</ele><time>2026-09-27T01:49:10Z</time></trkpt><trkpt lat="37.562408447265625" lon="127.0491943359375"><ele>9.0</ele><time>2026-09-27T01:49:11Z</time></trkpt><trkpt lat="37.562435150146484" lon="127.04918670654297"><ele>9.0</ele><time>2026-09-27T01:49:12Z</time></trkpt><trkpt lat="37.562469482421875" lon="127.04918670654297"><ele>9.0</ele><time>2026-09-27T01:49:13Z</time></trkpt><trkpt lat="37.562496185302734" lon="127.04917907714844"><ele>9.0</ele><time>2026-09-27T01:49:14Z</time></trkpt><trkpt lat="37.56252670288086" lon="127.04917907714844"><ele>9.0</ele><time>2026-09-27T01:49:15Z</time></trkpt><trkpt lat="37.56254959106445" lon="127.04916381835938"><ele>9.0</ele><time>2026-09-27T01:49:16Z</time></trkpt><trkpt lat="37.56257247924805" lon="127.04915618896484"><ele>9.0</ele><time>2026-09-27T01:49:17Z</time></trkpt><trkpt lat="37.562599182128906" lon="127.04914093017578"><ele>9.0</ele><time>2026-09-27T01:49:18Z</time></trkpt><trkpt lat="37.5626220703125" lon="127.04913330078125"><ele>9.0</ele><time>2026-09-27T01:49:19Z</time></trkpt><trkpt lat="37.56264114379883" lon="127.04911804199219"><ele>9.0</ele><time>2026-09-27T01:49:20Z</time></trkpt><trkpt lat="37.562660217285156" lon="127.04911041259766"><ele>9.0</ele><time>2026-09-27T01:49:21Z</time></trkpt><trkpt lat="37.56267547607422" lon="127.04910278320312"><ele>9.0</ele><time>2026-09-27T01:49:22Z</time></trkpt><trkpt lat="37.56269454956055" lon="127.04908752441406"><ele>9.0</ele><time>2026-09-27T01:49:23Z</time></trkpt><trkpt lat="37.562713623046875" lon="127.04907989501953"><ele>9.0</ele><time>2026-09-27T01:49:24Z</time></trkpt><trkpt lat="37.5627326965332" lon="127.04906463623047"><ele>9.0</ele><time>2026-09-27T01:49:25Z</time></trkpt><trkpt lat="37.562747955322266" lon="127.04906463623047"><ele>9.0</ele><time>2026-09-27T01:49:26Z</time></trkpt><trkpt lat="37.56277084350586" lon="127.04905700683594"><ele>9.0</ele><time>2026-09-27T01:49:27Z</time></trkpt><trkpt lat="37.56278610229492" lon="127.04905700683594"><ele>9.0</ele><time>2026-09-27T01:49:28Z</time></trkpt><trkpt lat="37.56281280517578" lon="127.04904174804688"><ele>9.0</ele><time>2026-09-27T01:49:29Z</time></trkpt><trkpt lat="37.562835693359375" lon="127.04903411865234"><ele>9.0</ele><time>2026-09-27T01:49:30Z</time></trkpt><trkpt lat="37.5628547668457" lon="127.04902648925781"><ele>9.0</ele><time>2026-09-27T01:49:31Z</time></trkpt><trkpt lat="37.5628776550293" lon="127.04901885986328"><ele>9.0</ele><time>2026-09-27T01:49:32Z</time></trkpt><trkpt lat="37.562896728515625" lon="127.04901123046875"><ele>9.0</ele><time>2026-09-27T01:49:33Z</time></trkpt><trkpt lat="37.56291580200195" lon="127.04900360107422"><ele>9.0</ele><time>2026-09-27T01:49:34Z</time></trkpt><trkpt lat="37.562931060791016" lon="127.04900360107422"><ele>9.0</ele><time>2026-09-27T01:49:35Z</time></trkpt><trkpt lat="37.56294631958008" lon="127.04899597167969"><ele>9.0</ele><time>2026-09-27T01:49:36Z</time></trkpt><trkpt lat="37.56296920776367" lon="127.04898834228516"><ele>9.0</ele><time>2026-09-27T01:49:37Z</time></trkpt><trkpt lat="37.562984466552734" lon="127.04898071289062"><ele>9.199999809265137</ele><time>2026-09-27T01:49:38Z</time></trkpt><trkpt lat="37.56300354003906" lon="127.0489730834961"><ele>9.199999809265137</ele><time>2026-09-27T01:49:39Z</time></trkpt><trkpt lat="37.563026428222656" lon="127.0489730834961"><ele>9.199999809265137</ele><time>2026-09-27T01:49:40Z</time></trkpt><trkpt lat="37.56304168701172" lon="127.04896545410156"><ele>9.199999809265137</ele><time>2026-09-27T01:49:41Z</time></trkpt><trkpt lat="37.56306457519531" lon="127.04895782470703"><ele>9.199999809265137</ele><time>2026-09-27T01:49:42Z</time></trkpt><trkpt lat="37.563079833984375" lon="127.0489501953125"><ele>9.199999809265137</ele><time>2026-09-27T01:49:43Z</time></trkpt><trkpt lat="37.56310272216797" lon="127.04894256591797"><ele>9.199999809265137</ele><time>2026-09-27T01:49:44Z</time></trkpt><trkpt lat="37.56311798095703" lon="127.04893493652344"><ele>9.199999809265137</ele><time>2026-09-27T01:49:45Z</time></trkpt><trkpt lat="37.563133239746094" lon="127.04893493652344"><ele>9.199999809265137</ele><time>2026-09-27T01:49:46Z</time></trkpt><trkpt lat="37.56315231323242" lon="127.0489273071289"><ele>9.199999809265137</ele><time>2026-09-27T01:49:47Z</time></trkpt><trkpt lat="37.56316375732422" lon="127.04891967773438"><ele>9.199999809265137</ele><time>2026-09-27T01:49:48Z</time></trkpt><trkpt lat="37.56317901611328" lon="127.04891967773438"><ele>9.199999809265137</ele><time>2026-09-27T01:49:49Z</time></trkpt><trkpt lat="37.56319808959961" lon="127.04891204833984"><ele>9.199999809265137</ele><time>2026-09-27T01:49:50Z</time></trkpt><trkpt lat="37.56321716308594" lon="127.04890441894531"><ele>9.199999809265137</ele><time>2026-09-27T01:49:51Z</time></trkpt><trkpt lat="37.56324005126953" lon="127.04890441894531"><ele>9.199999809265137</ele><time>2026-09-27T01:49:52Z</time></trkpt><trkpt lat="37.563262939453125" lon="127.04889678955078"><ele>9.199999809265137</ele><time>2026-09-27T01:49:53Z</time></trkpt><trkpt lat="37.56328201293945" lon="127.04888916015625"><ele>9.399999618530273</ele><time>2026-09-27T01:49:54Z</time></trkpt><trkpt lat="37.56330108642578" lon="127.04888153076172"><ele>9.399999618530273</ele><time>2026-09-27T01:49:55Z</time></trkpt><trkpt lat="37.563316345214844" lon="127.04887390136719"><ele>9.399999618530273</ele><time>2026-09-27T01:49:56Z</time></trkpt><trkpt lat="37.56333923339844" lon="127.04887390136719"><ele>9.399999618530273</ele><time>2026-09-27T01:49:57Z</time></trkpt><trkpt lat="37.563358306884766" lon="127.04886627197266"><ele>9.399999618530273</ele><time>2026-09-27T01:49:58Z</time></trkpt><trkpt lat="37.563377380371094" lon="127.04885864257812"><ele>9.399999618530273</ele><time>2026-09-27T01:49:59Z</time></trkpt><trkpt lat="37.56340026855469" lon="127.04885864257812"><ele>9.399999618530273</ele><time>2026-09-27T01:50:00Z</time></trkpt><trkpt lat="37.563419342041016" lon="127.04885864257812"><ele>9.399999618530273</ele><time>2026-09-27T01:50:01Z</time></trkpt><trkpt lat="37.56344223022461" lon="127.0488510131836"><ele>9.399999618530273</ele><time>2026-09-27T01:50:02Z</time></trkpt><trkpt lat="37.56345748901367" lon="127.04884338378906"><ele>9.399999618530273</ele><time>2026-09-27T01:50:03Z</time></trkpt><trkpt lat="37.563472747802734" lon="127.04883575439453"><ele>9.399999618530273</ele><time>2026-09-27T01:50:04Z</time></trkpt><trkpt lat="37.56349182128906" lon="127.04883575439453"><ele>9.399999618530273</ele><time>2026-09-27T01:50:05Z</time></trkpt><trkpt lat="37.56350326538086" lon="127.048828125"><ele>9.399999618530273</ele><time>2026-09-27T01:50:06Z</time></trkpt><trkpt lat="37.56352233886719" lon="127.04883575439453"><ele>9.399999618530273</ele><time>2026-09-27T01:50:07Z</time></trkpt><trkpt lat="37.56353759765625" lon="127.048828125"><ele>9.399999618530273</ele><time>2026-09-27T01:50:08Z</time></trkpt><trkpt lat="37.56355667114258" lon="127.048828125"><ele>9.399999618530273</ele><time>2026-09-27T01:50:09Z</time></trkpt><trkpt lat="37.56357955932617" lon="127.048828125"><ele>9.399999618530273</ele><time>2026-09-27T01:50:10Z</time></trkpt><trkpt lat="37.5635986328125" lon="127.04882049560547"><ele>9.399999618530273</ele><time>2026-09-27T01:50:11Z</time></trkpt><trkpt lat="37.563621520996094" lon="127.04881286621094"><ele>9.600000381469727</ele><time>2026-09-27T01:50:12Z</time></trkpt><trkpt lat="37.56364059448242" lon="127.04881286621094"><ele>9.600000381469727</ele><time>2026-09-27T01:50:13Z</time></trkpt><trkpt lat="37.56366729736328" lon="127.0488052368164"><ele>9.600000381469727</ele><time>2026-09-27T01:50:14Z</time></trkpt><trkpt lat="37.56368637084961" lon="127.0488052368164"><ele>9.600000381469727</ele><time>2026-09-27T01:50:15Z</time></trkpt><trkpt lat="37.56370162963867" lon="127.04878234863281"><ele>9.600000381469727</ele><time>2026-09-27T01:50:16Z</time></trkpt><trkpt lat="37.56372833251953" lon="127.04877471923828"><ele>9.600000381469727</ele><time>2026-09-27T01:50:17Z</time></trkpt><trkpt lat="37.56374740600586" lon="127.04876708984375"><ele>9.600000381469727</ele><time>2026-09-27T01:50:18Z</time></trkpt><trkpt lat="37.56376266479492" lon="127.04875183105469"><ele>9.600000381469727</ele><time>2026-09-27T01:50:19Z</time></trkpt><trkpt lat="37.56378173828125" lon="127.04873657226562"><ele>9.600000381469727</ele><time>2026-09-27T01:50:20Z</time></trkpt><trkpt lat="37.56380081176758" lon="127.0487289428711"><ele>9.600000381469727</ele><time>2026-09-27T01:50:21Z</time></trkpt><trkpt lat="37.563819885253906" lon="127.04872131347656"><ele>9.399999618530273</ele><time>2026-09-27T01:50:22Z</time></trkpt><trkpt lat="37.563838958740234" lon="127.04871368408203"><ele>9.399999618530273</ele><time>2026-09-27T01:50:23Z</time></trkpt><trkpt lat="37.563865661621094" lon="127.0487060546875"><ele>9.399999618530273</ele><time>2026-09-27T01:50:24Z</time></trkpt><trkpt lat="37.56388473510742" lon="127.04869079589844"><ele>9.600000381469727</ele><time>2026-09-27T01:50:25Z</time></trkpt><trkpt lat="37.563907623291016" lon="127.0486831665039"><ele>9.600000381469727</ele><time>2026-09-27T01:50:26Z</time></trkpt><trkpt lat="37.563926696777344" lon="127.04866790771484"><ele>9.399999618530273</ele><time>2026-09-27T01:50:27Z</time></trkpt><trkpt lat="37.56394577026367" lon="127.04866027832031"><ele>9.600000381469727</ele><time>2026-09-27T01:50:28Z</time></trkpt><trkpt lat="37.563961029052734" lon="127.04864501953125"><ele>9.600000381469727</ele><time>2026-09-27T01:50:29Z</time></trkpt><trkpt lat="37.56398010253906" lon="127.04863739013672"><ele>9.600000381469727</ele><time>2026-09-27T01:50:30Z</time></trkpt><trkpt lat="37.56399917602539" lon="127.04862976074219"><ele>9.600000381469727</ele><time>2026-09-27T01:50:31Z</time></trkpt><trkpt lat="37.56401062011719" lon="127.04861450195312"><ele>9.600000381469727</ele><time>2026-09-27T01:50:32Z</time></trkpt><trkpt lat="37.56403350830078" lon="127.04859924316406"><ele>9.600000381469727</ele><time>2026-09-27T01:50:33Z</time></trkpt><trkpt lat="37.564048767089844" lon="127.04859161376953"><ele>9.600000381469727</ele><time>2026-09-27T01:50:34Z</time></trkpt><trkpt lat="37.56406021118164" lon="127.04857635498047"><ele>9.600000381469727</ele><time>2026-09-27T01:50:35Z</time></trkpt><trkpt lat="37.56407928466797" lon="127.04856872558594"><ele>9.600000381469727</ele><time>2026-09-27T01:50:36Z</time></trkpt><trkpt lat="37.564090728759766" lon="127.0485610961914"><ele>9.600000381469727</ele><time>2026-09-27T01:50:37Z</time></trkpt><trkpt lat="37.564109802246094" lon="127.04855346679688"><ele>9.600000381469727</ele><time>2026-09-27T01:50:38Z</time></trkpt><trkpt lat="37.56412887573242" lon="127.04853057861328"><ele>9.600000381469727</ele><time>2026-09-27T01:50:39Z</time></trkpt><trkpt lat="37.564144134521484" lon="127.04851531982422"><ele>9.600000381469727</ele><time>2026-09-27T01:50:40Z</time></trkpt><trkpt lat="37.56416320800781" lon="127.04850769042969"><ele>9.600000381469727</ele><time>2026-09-27T01:50:41Z</time></trkpt><trkpt lat="37.56417465209961" lon="127.04849243164062"><ele>9.600000381469727</ele><time>2026-09-27T01:50:42Z</time></trkpt><trkpt lat="37.56420135498047" lon="127.04847717285156"><ele>9.600000381469727</ele><time>2026-09-27T01:50:43Z</time></trkpt><trkpt lat="37.56421661376953" lon="127.04846954345703"><ele>9.600000381469727</ele><time>2026-09-27T01:50:44Z</time></trkpt><trkpt lat="37.56423568725586" lon="127.04845428466797"><ele>9.600000381469727</ele><time>2026-09-27T01:50:45Z</time></trkpt><trkpt lat="37.56425857543945" lon="127.0484390258789"><ele>9.600000381469727</ele><time>2026-09-27T01:50:46Z</time></trkpt><trkpt lat="37.564273834228516" lon="127.04843139648438"><ele>9.600000381469727</ele><time>2026-09-27T01:50:47Z</time></trkpt><trkpt lat="37.564292907714844" lon="127.04842376708984"><ele>9.600000381469727</ele><time>2026-09-27T01:50:48Z</time></trkpt><trkpt lat="37.56431198120117" lon="127.04841613769531"><ele>9.800000190734863</ele><time>2026-09-27T01:50:49Z</time></trkpt><trkpt lat="37.5643310546875" lon="127.04840850830078"><ele>9.800000190734863</ele><time>2026-09-27T01:50:50Z</time></trkpt><trkpt lat="37.56435012817383" lon="127.04840087890625"><ele>9.800000190734863</ele><time>2026-09-27T01:50:51Z</time></trkpt><trkpt lat="37.564369201660156" lon="127.04838562011719"><ele>9.800000190734863</ele><time>2026-09-27T01:50:52Z</time></trkpt><trkpt lat="37.56439208984375" lon="127.04837799072266"><ele>9.800000190734863</ele><time>2026-09-27T01:50:53Z</time></trkpt><trkpt lat="37.56440734863281" lon="127.04837036132812"><ele>9.800000190734863</ele><time>2026-09-27T01:50:54Z</time></trkpt><trkpt lat="37.56442642211914" lon="127.0483627319336"><ele>9.800000190734863</ele><time>2026-09-27T01:50:55Z</time></trkpt><trkpt lat="37.56444549560547" lon="127.04835510253906"><ele>9.800000190734863</ele><time>2026-09-27T01:50:56Z</time></trkpt><trkpt lat="37.56446838378906" lon="127.04834747314453"><ele>9.800000190734863</ele><time>2026-09-27T01:50:57Z</time></trkpt><trkpt lat="37.564491271972656" lon="127.04833984375"><ele>9.800000190734863</ele><time>2026-09-27T01:50:58Z</time></trkpt><trkpt lat="37.564510345458984" lon="127.04833221435547"><ele>9.800000190734863</ele><time>2026-09-27T01:50:59Z</time></trkpt><trkpt lat="37.564537048339844" lon="127.04832458496094"><ele>9.800000190734863</ele><time>2026-09-27T01:51:00Z</time></trkpt><trkpt lat="37.56455612182617" lon="127.0483169555664"><ele>9.800000190734863</ele><time>2026-09-27T01:51:01Z</time></trkpt><trkpt lat="37.5645751953125" lon="127.04830932617188"><ele>9.800000190734863</ele><time>2026-09-27T01:51:02Z</time></trkpt><trkpt lat="37.564598083496094" lon="127.04829406738281"><ele>9.800000190734863</ele><time>2026-09-27T01:51:03Z</time></trkpt><trkpt lat="37.56461715698242" lon="127.04828643798828"><ele>9.800000190734863</ele><time>2026-09-27T01:51:04Z</time></trkpt><trkpt lat="37.564640045166016" lon="127.04827117919922"><ele>9.800000190734863</ele><time>2026-09-27T01:51:05Z</time></trkpt><trkpt lat="37.56465148925781" lon="127.04825592041016"><ele>10.0</ele><time>2026-09-27T01:51:06Z</time></trkpt><trkpt lat="37.564674377441406" lon="127.04824829101562"><ele>9.800000190734863</ele><time>2026-09-27T01:51:07Z</time></trkpt><trkpt lat="37.564693450927734" lon="127.04823303222656"><ele>9.800000190734863</ele><time>2026-09-27T01:51:08Z</time></trkpt><trkpt lat="37.56471633911133" lon="127.04822540283203"><ele>9.800000190734863</ele><time>2026-09-27T01:51:09Z</time></trkpt><trkpt lat="37.564735412597656" lon="127.0482177734375"><ele>9.800000190734863</ele><time>2026-09-27T01:51:10Z</time></trkpt><trkpt lat="37.56475830078125" lon="127.04821014404297"><ele>9.800000190734863</ele><time>2026-09-27T01:51:11Z</time></trkpt><trkpt lat="37.56477737426758" lon="127.04820251464844"><ele>9.800000190734863</ele><time>2026-09-27T01:51:12Z</time></trkpt><trkpt lat="37.564796447753906" lon="127.0481948852539"><ele>9.800000190734863</ele><time>2026-09-27T01:51:13Z</time></trkpt><trkpt lat="37.5648193359375" lon="127.04817962646484"><ele>9.800000190734863</ele><time>2026-09-27T01:51:14Z</time></trkpt><trkpt lat="37.56483459472656" lon="127.04817199707031"><ele>9.800000190734863</ele><time>2026-09-27T01:51:15Z</time></trkpt><trkpt lat="37.564857482910156" lon="127.04816436767578"><ele>9.800000190734863</ele><time>2026-09-27T01:51:16Z</time></trkpt><trkpt lat="37.56486892700195" lon="127.04814910888672"><ele>9.800000190734863</ele><time>2026-09-27T01:51:17Z</time></trkpt><trkpt lat="37.56489181518555" lon="127.04814147949219"><ele>9.800000190734863</ele><time>2026-09-27T01:51:18Z</time></trkpt><trkpt lat="37.564910888671875" lon="127.04814147949219"><ele>9.800000190734863</ele><time>2026-09-27T01:51:19Z</time></trkpt><trkpt lat="37.56492614746094" lon="127.04812622070312"><ele>10.0</ele><time>2026-09-27T01:51:20Z</time></trkpt><trkpt lat="37.56494903564453" lon="127.0481185913086"><ele>10.0</ele><time>2026-09-27T01:51:21Z</time></trkpt><trkpt lat="37.564964294433594" lon="127.04811096191406"><ele>10.0</ele><time>2026-09-27T01:51:22Z</time></trkpt><trkpt lat="37.56498718261719" lon="127.04811096191406"><ele>10.0</ele><time>2026-09-27T01:51:23Z</time></trkpt><trkpt lat="37.565006256103516" lon="127.04810333251953"><ele>10.0</ele><time>2026-09-27T01:51:24Z</time></trkpt><trkpt lat="37.565025329589844" lon="127.048095703125"><ele>10.0</ele><time>2026-09-27T01:51:25Z</time></trkpt><trkpt lat="37.56504821777344" lon="127.048095703125"><ele>10.0</ele><time>2026-09-27T01:51:26Z</time></trkpt><trkpt lat="37.5650634765625" lon="127.04808807373047"><ele>10.0</ele><time>2026-09-27T01:51:27Z</time></trkpt><trkpt lat="37.565086364746094" lon="127.04808044433594"><ele>10.0</ele><time>2026-09-27T01:51:28Z</time></trkpt><trkpt lat="37.56510543823242" lon="127.0480728149414"><ele>10.0</ele><time>2026-09-27T01:51:29Z</time></trkpt><trkpt lat="37.565128326416016" lon="127.04806518554688"><ele>10.0</ele><time>2026-09-27T01:51:30Z</time></trkpt><trkpt lat="37.56514358520508" lon="127.04805755615234"><ele>10.0</ele><time>2026-09-27T01:51:31Z</time></trkpt><trkpt lat="37.565162658691406" lon="127.04804992675781"><ele>10.0</ele><time>2026-09-27T01:51:32Z</time></trkpt><trkpt lat="37.565181732177734" lon="127.04804229736328"><ele>10.0</ele><time>2026-09-27T01:51:33Z</time></trkpt><trkpt lat="37.56520080566406" lon="127.04803466796875"><ele>10.0</ele><time>2026-09-27T01:51:34Z</time></trkpt><trkpt lat="37.565223693847656" lon="127.04802703857422"><ele>10.0</ele><time>2026-09-27T01:51:35Z</time></trkpt><trkpt lat="37.56523513793945" lon="127.04801940917969"><ele>10.0</ele><time>2026-09-27T01:51:36Z</time></trkpt><trkpt lat="37.56525802612305" lon="127.04801177978516"><ele>10.0</ele><time>2026-09-27T01:51:37Z</time></trkpt><trkpt lat="37.565269470214844" lon="127.04800415039062"><ele>10.0</ele><time>2026-09-27T01:51:38Z</time></trkpt><trkpt lat="37.56529235839844" lon="127.04798889160156"><ele>10.0</ele><time>2026-09-27T01:51:39Z</time></trkpt><trkpt lat="37.565311431884766" lon="127.04798889160156"><ele>10.0</ele><time>2026-09-27T01:51:40Z</time></trkpt><trkpt lat="37.565330505371094" lon="127.0479736328125"><ele>10.0</ele><time>2026-09-27T01:51:41Z</time></trkpt><trkpt lat="37.56535339355469" lon="127.04796600341797"><ele>10.0</ele><time>2026-09-27T01:51:42Z</time></trkpt><trkpt lat="37.56536865234375" lon="127.04795837402344"><ele>10.0</ele><time>2026-09-27T01:51:43Z</time></trkpt><trkpt lat="37.565391540527344" lon="127.0479507446289"><ele>10.199999809265137</ele><time>2026-09-27T01:51:44Z</time></trkpt><trkpt lat="37.565406799316406" lon="127.04793548583984"><ele>10.199999809265137</ele><time>2026-09-27T01:51:45Z</time></trkpt><trkpt lat="37.565433502197266" lon="127.04792785644531"><ele>10.199999809265137</ele><time>2026-09-27T01:51:46Z</time></trkpt><trkpt lat="37.56544494628906" lon="127.04791259765625"><ele>10.199999809265137</ele><time>2026-09-27T01:51:47Z</time></trkpt><trkpt lat="37.56546401977539" lon="127.04789733886719"><ele>10.199999809265137</ele><time>2026-09-27T01:51:48Z</time></trkpt><trkpt lat="37.56547546386719" lon="127.04788208007812"><ele>10.199999809265137</ele><time>2026-09-27T01:51:49Z</time></trkpt><trkpt lat="37.56549072265625" lon="127.04786682128906"><ele>10.199999809265137</ele><time>2026-09-27T01:51:50Z</time></trkpt><trkpt lat="37.56550598144531" lon="127.0478515625"><ele>10.199999809265137</ele><time>2026-09-27T01:51:51Z</time></trkpt><trkpt lat="37.56551742553711" lon="127.04784393310547"><ele>10.199999809265137</ele><time>2026-09-27T01:51:52Z</time></trkpt><trkpt lat="37.56553649902344" lon="127.0478286743164"><ele>10.199999809265137</ele><time>2026-09-27T01:51:53Z</time></trkpt><trkpt lat="37.565547943115234" lon="127.04781341552734"><ele>10.199999809265137</ele><time>2026-09-27T01:51:54Z</time></trkpt><trkpt lat="37.56556701660156" lon="127.04779815673828"><ele>10.399999618530273</ele><time>2026-09-27T01:51:55Z</time></trkpt><trkpt lat="37.56557846069336" lon="127.04778289794922"><ele>10.399999618530273</ele><time>2026-09-27T01:51:56Z</time></trkpt><trkpt lat="37.56559753417969" lon="127.04776763916016"><ele>10.399999618530273</ele><time>2026-09-27T01:51:57Z</time></trkpt><trkpt lat="37.565616607666016" lon="127.0477523803711"><ele>10.399999618530273</ele><time>2026-09-27T01:51:58Z</time></trkpt><trkpt lat="37.56563186645508" lon="127.04773712158203"><ele>10.399999618530273</ele><time>2026-09-27T01:51:59Z</time></trkpt><trkpt lat="37.56565475463867" lon="127.0477294921875"><ele>10.399999618530273</ele><time>2026-09-27T01:52:00Z</time></trkpt><trkpt lat="37.565670013427734" lon="127.04771423339844"><ele>10.399999618530273</ele><time>2026-09-27T01:52:01Z</time></trkpt><trkpt lat="37.565696716308594" lon="127.04769134521484"><ele>10.399999618530273</ele><time>2026-09-27T01:52:02Z</time></trkpt><trkpt lat="37.565711975097656" lon="127.04768371582031"><ele>10.399999618530273</ele><time>2026-09-27T01:52:03Z</time></trkpt><trkpt lat="37.56573486328125" lon="127.04766845703125"><ele>10.399999618530273</ele><time>2026-09-27T01:52:04Z</time></trkpt><trkpt lat="37.56575393676758" lon="127.04766082763672"><ele>10.399999618530273</ele><time>2026-09-27T01:52:05Z</time></trkpt><trkpt lat="37.56577682495117" lon="127.04765319824219"><ele>10.199999809265137</ele><time>2026-09-27T01:52:06Z</time></trkpt><trkpt lat="37.565799713134766" lon="127.04764556884766"><ele>10.199999809265137</ele><time>2026-09-27T01:52:07Z</time></trkpt><trkpt lat="37.56581497192383" lon="127.0476303100586"><ele>10.199999809265137</ele><time>2026-09-27T01:52:08Z</time></trkpt><trkpt lat="37.56583786010742" lon="127.04762268066406"><ele>10.0</ele><time>2026-09-27T01:52:09Z</time></trkpt><trkpt lat="37.565853118896484" lon="127.04761505126953"><ele>10.0</ele><time>2026-09-27T01:52:10Z</time></trkpt><trkpt lat="37.565879821777344" lon="127.04761505126953"><ele>10.0</ele><time>2026-09-27T01:52:11Z</time></trkpt><trkpt lat="37.56589889526367" lon="127.047607421875"><ele>10.199999809265137</ele><time>2026-09-27T01:52:12Z</time></trkpt><trkpt lat="37.56591796875" lon="127.04759979248047"><ele>10.199999809265137</ele><time>2026-09-27T01:52:13Z</time></trkpt><trkpt lat="37.565940856933594" lon="127.04759216308594"><ele>10.199999809265137</ele><time>2026-09-27T01:52:14Z</time></trkpt><trkpt lat="37.565956115722656" lon="127.04757690429688"><ele>10.199999809265137</ele><time>2026-09-27T01:52:15Z</time></trkpt><trkpt lat="37.565975189208984" lon="127.04756164550781"><ele>10.199999809265137</ele><time>2026-09-27T01:52:16Z</time></trkpt><trkpt lat="37.56598663330078" lon="127.04755401611328"><ele>10.199999809265137</ele><time>2026-09-27T01:52:17Z</time></trkpt><trkpt lat="37.56600570678711" lon="127.04753875732422"><ele>10.199999809265137</ele><time>2026-09-27T01:52:18Z</time></trkpt><trkpt lat="37.5660285949707" lon="127.04753875732422"><ele>10.199999809265137</ele><time>2026-09-27T01:52:19Z</time></trkpt><trkpt lat="37.566043853759766" lon="127.04753112792969"><ele>10.199999809265137</ele><time>2026-09-27T01:52:20Z</time></trkpt><trkpt lat="37.56606674194336" lon="127.04752349853516"><ele>10.199999809265137</ele><time>2026-09-27T01:52:21Z</time></trkpt><trkpt lat="37.56608581542969" lon="127.0475082397461"><ele>10.199999809265137</ele><time>2026-09-27T01:52:22Z</time></trkpt><trkpt lat="37.56611251831055" lon="127.0475082397461"><ele>10.0</ele><time>2026-09-27T01:52:23Z</time></trkpt><trkpt lat="37.566131591796875" lon="127.04750061035156"><ele>10.0</ele><time>2026-09-27T01:52:24Z</time></trkpt><trkpt lat="37.5661506652832" lon="127.0474853515625"><ele>10.0</ele><time>2026-09-27T01:52:25Z</time></trkpt><trkpt lat="37.56616973876953" lon="127.04747772216797"><ele>10.0</ele><time>2026-09-27T01:52:26Z</time></trkpt><trkpt lat="37.56618881225586" lon="127.04747772216797"><ele>10.0</ele><time>2026-09-27T01:52:27Z</time></trkpt><trkpt lat="37.56621170043945" lon="127.0474624633789"><ele>10.0</ele><time>2026-09-27T01:52:28Z</time></trkpt><trkpt lat="37.566226959228516" lon="127.04745483398438"><ele>10.0</ele><time>2026-09-27T01:52:29Z</time></trkpt><trkpt lat="37.56624984741211" lon="127.04743957519531"><ele>10.0</ele><time>2026-09-27T01:52:30Z</time></trkpt><trkpt lat="37.56626510620117" lon="127.04743194580078"><ele>10.0</ele><time>2026-09-27T01:52:31Z</time></trkpt><trkpt lat="37.566287994384766" lon="127.04742431640625"><ele>10.0</ele><time>2026-09-27T01:52:32Z</time></trkpt><trkpt lat="37.566307067871094" lon="127.04742431640625"><ele>10.0</ele><time>2026-09-27T01:52:33Z</time></trkpt><trkpt lat="37.56632995605469" lon="127.04741668701172"><ele>10.199999809265137</ele><time>2026-09-27T01:52:34Z</time></trkpt><trkpt lat="37.56635284423828" lon="127.04740905761719"><ele>10.199999809265137</ele><time>2026-09-27T01:52:35Z</time></trkpt><trkpt lat="37.56637191772461" lon="127.04740142822266"><ele>10.199999809265137</ele><time>2026-09-27T01:52:36Z</time></trkpt><trkpt lat="37.56639099121094" lon="127.04739379882812"><ele>10.199999809265137</ele><time>2026-09-27T01:52:37Z</time></trkpt><trkpt lat="37.566410064697266" lon="127.04737854003906"><ele>10.0</ele><time>2026-09-27T01:52:38Z</time></trkpt><trkpt lat="37.566429138183594" lon="127.04737091064453"><ele>10.0</ele><time>2026-09-27T01:52:39Z</time></trkpt><trkpt lat="37.566444396972656" lon="127.04736328125"><ele>10.0</ele><time>2026-09-27T01:52:40Z</time></trkpt><trkpt lat="37.566463470458984" lon="127.04734802246094"><ele>10.0</ele><time>2026-09-27T01:52:41Z</time></trkpt><trkpt lat="37.56647872924805" lon="127.0473403930664"><ele>10.0</ele><time>2026-09-27T01:52:42Z</time></trkpt><trkpt lat="37.566497802734375" lon="127.04733276367188"><ele>10.0</ele><time>2026-09-27T01:52:43Z</time></trkpt><trkpt lat="37.56652069091797" lon="127.04732513427734"><ele>10.0</ele><time>2026-09-27T01:52:44Z</time></trkpt><trkpt lat="37.56653594970703" lon="127.04731750488281"><ele>10.0</ele><time>2026-09-27T01:52:45Z</time></trkpt><trkpt lat="37.56655502319336" lon="127.04730224609375"><ele>10.0</ele><time>2026-09-27T01:52:46Z</time></trkpt><trkpt lat="37.56657028198242" lon="127.04729461669922"><ele>9.800000190734863</ele><time>2026-09-27T01:52:47Z</time></trkpt><trkpt lat="37.566593170166016" lon="127.04728698730469"><ele>9.800000190734863</ele><time>2026-09-27T01:52:48Z</time></trkpt><trkpt lat="37.566612243652344" lon="127.04727172851562"><ele>9.800000190734863</ele><time>2026-09-27T01:52:49Z</time></trkpt><trkpt lat="37.56663131713867" lon="127.0472640991211"><ele>9.800000190734863</ele><time>2026-09-27T01:52:50Z</time></trkpt><trkpt lat="37.566654205322266" lon="127.04724884033203"><ele>9.800000190734863</ele><time>2026-09-27T01:52:51Z</time></trkpt><trkpt lat="37.566673278808594" lon="127.0472412109375"><ele>9.800000190734863</ele><time>2026-09-27T01:52:52Z</time></trkpt><trkpt lat="37.56669616699219" lon="127.04723358154297"><ele>9.800000190734863</ele><time>2026-09-27T01:52:53Z</time></trkpt><trkpt lat="37.56671142578125" lon="127.0472183227539"><ele>9.800000190734863</ele><time>2026-09-27T01:52:54Z</time></trkpt><trkpt lat="37.56673812866211" lon="127.04721069335938"><ele>9.800000190734863</ele><time>2026-09-27T01:52:55Z</time></trkpt><trkpt lat="37.566749572753906" lon="127.04720306396484"><ele>9.800000190734863</ele><time>2026-09-27T01:52:56Z</time></trkpt><trkpt lat="37.566776275634766" lon="127.04719543457031"><ele>9.800000190734863</ele><time>2026-09-27T01:52:57Z</time></trkpt><trkpt lat="37.56679153442383" lon="127.04718017578125"><ele>9.800000190734863</ele><time>2026-09-27T01:52:58Z</time></trkpt><trkpt lat="37.566810607910156" lon="127.04717254638672"><ele>9.800000190734863</ele><time>2026-09-27T01:52:59Z</time></trkpt><trkpt lat="37.566829681396484" lon="127.04715728759766"><ele>9.800000190734863</ele><time>2026-09-27T01:53:00Z</time></trkpt><trkpt lat="37.56684494018555" lon="127.04714965820312"><ele>9.800000190734863</ele><time>2026-09-27T01:53:01Z</time></trkpt><trkpt lat="37.566864013671875" lon="127.0471420288086"><ele>9.800000190734863</ele><time>2026-09-27T01:53:02Z</time></trkpt><trkpt lat="37.56687927246094" lon="127.04712677001953"><ele>9.800000190734863</ele><time>2026-09-27T01:53:03Z</time></trkpt><trkpt lat="37.566898345947266" lon="127.047119140625"><ele>9.600000381469727</ele><time>2026-09-27T01:53:04Z</time></trkpt><trkpt lat="37.566917419433594" lon="127.04711151123047"><ele>9.600000381469727</ele><time>2026-09-27T01:53:05Z</time></trkpt><trkpt lat="37.56693649291992" lon="127.0470962524414"><ele>9.600000381469727</ele><time>2026-09-27T01:53:06Z</time></trkpt><trkpt lat="37.56695556640625" lon="127.04708862304688"><ele>9.600000381469727</ele><time>2026-09-27T01:53:07Z</time></trkpt><trkpt lat="37.56697082519531" lon="127.04708099365234"><ele>9.600000381469727</ele><time>2026-09-27T01:53:08Z</time></trkpt><trkpt lat="37.566993713378906" lon="127.04707336425781"><ele>9.600000381469727</ele><time>2026-09-27T01:53:09Z</time></trkpt><trkpt lat="37.5670051574707" lon="127.04706573486328"><ele>9.600000381469727</ele><time>2026-09-27T01:53:10Z</time></trkpt><trkpt lat="37.5670280456543" lon="127.04705810546875"><ele>9.600000381469727</ele><time>2026-09-27T01:53:11Z</time></trkpt><trkpt lat="37.56704330444336" lon="127.04704284667969"><ele>9.600000381469727</ele><time>2026-09-27T01:53:12Z</time></trkpt><trkpt lat="37.56705856323242" lon="127.04703521728516"><ele>9.600000381469727</ele><time>2026-09-27T01:53:13Z</time></trkpt><trkpt lat="37.567081451416016" lon="127.04702758789062"><ele>9.600000381469727</ele><time>2026-09-27T01:53:14Z</time></trkpt><trkpt lat="37.56709671020508" lon="127.04701232910156"><ele>9.600000381469727</ele><time>2026-09-27T01:53:15Z</time></trkpt><trkpt lat="37.56711959838867" lon="127.04700469970703"><ele>9.600000381469727</ele><time>2026-09-27T01:53:16Z</time></trkpt><trkpt lat="37.56713104248047" lon="127.04698944091797"><ele>9.600000381469727</ele><time>2026-09-27T01:53:17Z</time></trkpt><trkpt lat="37.56715774536133" lon="127.04698181152344"><ele>9.600000381469727</ele><time>2026-09-27T01:53:18Z</time></trkpt><trkpt lat="37.567176818847656" lon="127.0469741821289"><ele>9.399999618530273</ele><time>2026-09-27T01:53:19Z</time></trkpt><trkpt lat="37.567195892333984" lon="127.04695892333984"><ele>9.399999618530273</ele><time>2026-09-27T01:53:20Z</time></trkpt><trkpt lat="37.56721878051758" lon="127.04695129394531"><ele>9.399999618530273</ele><time>2026-09-27T01:53:21Z</time></trkpt><trkpt lat="37.56723403930664" lon="127.04694366455078"><ele>9.399999618530273</ele><time>2026-09-27T01:53:22Z</time></trkpt><trkpt lat="37.56725311279297" lon="127.04693603515625"><ele>9.399999618530273</ele><time>2026-09-27T01:53:23Z</time></trkpt><trkpt lat="37.56726837158203" lon="127.04692840576172"><ele>9.399999618530273</ele><time>2026-09-27T01:53:24Z</time></trkpt><trkpt lat="37.56729507446289" lon="127.04691314697266"><ele>9.399999618530273</ele><time>2026-09-27T01:53:25Z</time></trkpt><trkpt lat="37.56731033325195" lon="127.04690551757812"><ele>9.399999618530273</ele><time>2026-09-27T01:53:26Z</time></trkpt><trkpt lat="37.56732940673828" lon="127.0468978881836"><ele>9.399999618530273</ele><time>2026-09-27T01:53:27Z</time></trkpt><trkpt lat="37.567352294921875" lon="127.04688262939453"><ele>9.399999618530273</ele><time>2026-09-27T01:53:28Z</time></trkpt><trkpt lat="37.56736755371094" lon="127.04686737060547"><ele>9.399999618530273</ele><time>2026-09-27T01:53:29Z</time></trkpt><trkpt lat="37.567386627197266" lon="127.04685974121094"><ele>9.399999618530273</ele><time>2026-09-27T01:53:30Z</time></trkpt><trkpt lat="37.56739807128906" lon="127.04684448242188"><ele>9.399999618530273</ele><time>2026-09-27T01:53:31Z</time></trkpt><trkpt lat="37.567420959472656" lon="127.04683685302734"><ele>9.399999618530273</ele><time>2026-09-27T01:53:32Z</time></trkpt><trkpt lat="37.56743240356445" lon="127.04682922363281"><ele>9.399999618530273</ele><time>2026-09-27T01:53:33Z</time></trkpt><trkpt lat="37.56745147705078" lon="127.04682159423828"><ele>9.399999618530273</ele><time>2026-09-27T01:53:34Z</time></trkpt><trkpt lat="37.56747055053711" lon="127.04680633544922"><ele>9.399999618530273</ele><time>2026-09-27T01:53:35Z</time></trkpt><trkpt lat="37.56748962402344" lon="127.04679870605469"><ele>9.399999618530273</ele><time>2026-09-27T01:53:36Z</time></trkpt><trkpt lat="37.56751251220703" lon="127.04678344726562"><ele>9.399999618530273</ele><time>2026-09-27T01:53:37Z</time></trkpt><trkpt lat="37.567527770996094" lon="127.0467758178711"><ele>9.399999618530273</ele><time>2026-09-27T01:53:38Z</time></trkpt><trkpt lat="37.56755065917969" lon="127.04676818847656"><ele>9.399999618530273</ele><time>2026-09-27T01:53:39Z</time></trkpt><trkpt lat="37.567569732666016" lon="127.0467529296875"><ele>9.399999618530273</ele><time>2026-09-27T01:53:40Z</time></trkpt><trkpt lat="37.567588806152344" lon="127.04674530029297"><ele>9.399999618530273</ele><time>2026-09-27T01:53:41Z</time></trkpt><trkpt lat="37.56760787963867" lon="127.04673767089844"><ele>9.399999618530273</ele><time>2026-09-27T01:53:42Z</time></trkpt><trkpt lat="37.56761932373047" lon="127.0467300415039"><ele>9.399999618530273</ele><time>2026-09-27T01:53:43Z</time></trkpt><trkpt lat="37.5676383972168" lon="127.04672241210938"><ele>9.399999618530273</ele><time>2026-09-27T01:53:44Z</time></trkpt><trkpt lat="37.567657470703125" lon="127.04671478271484"><ele>9.399999618530273</ele><time>2026-09-27T01:53:45Z</time></trkpt><trkpt lat="37.56767654418945" lon="127.04670715332031"><ele>9.399999618530273</ele><time>2026-09-27T01:53:46Z</time></trkpt><trkpt lat="37.56769943237305" lon="127.04669189453125"><ele>9.399999618530273</ele><time>2026-09-27T01:53:47Z</time></trkpt><trkpt lat="37.56771469116211" lon="127.04668426513672"><ele>9.199999809265137</ele><time>2026-09-27T01:53:48Z</time></trkpt><trkpt lat="37.56774139404297" lon="127.04667663574219"><ele>9.199999809265137</ele><time>2026-09-27T01:53:49Z</time></trkpt><trkpt lat="37.56775665283203" lon="127.04666900634766"><ele>9.199999809265137</ele><time>2026-09-27T01:53:50Z</time></trkpt><trkpt lat="37.56777572631836" lon="127.04666137695312"><ele>9.199999809265137</ele><time>2026-09-27T01:53:51Z</time></trkpt><trkpt lat="37.56779098510742" lon="127.04664611816406"><ele>9.199999809265137</ele><time>2026-09-27T01:53:52Z</time></trkpt><trkpt lat="37.567806243896484" lon="127.046630859375"><ele>9.199999809265137</ele><time>2026-09-27T01:53:53Z</time></trkpt><trkpt lat="37.56782531738281" lon="127.04661560058594"><ele>9.199999809265137</ele><time>2026-09-27T01:53:54Z</time></trkpt><trkpt lat="37.567840576171875" lon="127.0466079711914"><ele>9.199999809265137</ele><time>2026-09-27T01:53:55Z</time></trkpt><trkpt lat="37.56786346435547" lon="127.04660034179688"><ele>9.199999809265137</ele><time>2026-09-27T01:53:56Z</time></trkpt><trkpt lat="37.56787872314453" lon="127.04659271240234"><ele>9.199999809265137</ele><time>2026-09-27T01:53:57Z</time></trkpt><trkpt lat="37.56789779663086" lon="127.04657745361328"><ele>9.199999809265137</ele><time>2026-09-27T01:53:58Z</time></trkpt><trkpt lat="37.56792068481445" lon="127.04656982421875"><ele>9.199999809265137</ele><time>2026-09-27T01:53:59Z</time></trkpt><trkpt lat="37.567935943603516" lon="127.04656219482422"><ele>9.199999809265137</ele><time>2026-09-27T01:54:00Z</time></trkpt><trkpt lat="37.56795883178711" lon="127.04655456542969"><ele>9.199999809265137</ele><time>2026-09-27T01:54:01Z</time></trkpt><trkpt lat="37.567970275878906" lon="127.04654693603516"><ele>9.199999809265137</ele><time>2026-09-27T01:54:02Z</time></trkpt><trkpt lat="37.5679931640625" lon="127.0465316772461"><ele>9.199999809265137</ele><time>2026-09-27T01:54:03Z</time></trkpt><trkpt lat="37.56800842285156" lon="127.0465316772461"><ele>9.199999809265137</ele><time>2026-09-27T01:54:04Z</time></trkpt><trkpt lat="37.56802749633789" lon="127.04651641845703"><ele>9.199999809265137</ele><time>2026-09-27T01:54:05Z</time></trkpt><trkpt lat="37.56804656982422" lon="127.0465087890625"><ele>9.0</ele><time>2026-09-27T01:54:06Z</time></trkpt><trkpt lat="37.56806564331055" lon="127.04650115966797"><ele>9.0</ele><time>2026-09-27T01:54:07Z</time></trkpt><trkpt lat="37.568084716796875" lon="127.0464859008789"><ele>9.0</ele><time>2026-09-27T01:54:08Z</time></trkpt><trkpt lat="37.56809997558594" lon="127.04647827148438"><ele>9.0</ele><time>2026-09-27T01:54:09Z</time></trkpt><trkpt lat="37.568119049072266" lon="127.04646301269531"><ele>9.0</ele><time>2026-09-27T01:54:10Z</time></trkpt><trkpt lat="37.56813430786133" lon="127.04645538330078"><ele>9.0</ele><time>2026-09-27T01:54:11Z</time></trkpt><trkpt lat="37.568153381347656" lon="127.04644775390625"><ele>9.0</ele><time>2026-09-27T01:54:12Z</time></trkpt><trkpt lat="37.568172454833984" lon="127.04643249511719"><ele>9.0</ele><time>2026-09-27T01:54:13Z</time></trkpt><trkpt lat="37.56819534301758" lon="127.04642486572266"><ele>9.199999809265137</ele><time>2026-09-27T01:54:14Z</time></trkpt><trkpt lat="37.56821060180664" lon="127.04640197753906"><ele>9.199999809265137</ele><time>2026-09-27T01:54:15Z</time></trkpt><trkpt lat="37.56822967529297" lon="127.04638671875"><ele>9.199999809265137</ele><time>2026-09-27T01:54:16Z</time></trkpt><trkpt lat="37.56824493408203" lon="127.0463638305664"><ele>9.199999809265137</ele><time>2026-09-27T01:54:17Z</time></trkpt><trkpt lat="37.56825637817383" lon="127.04634857177734"><ele>9.199999809265137</ele><time>2026-09-27T01:54:18Z</time></trkpt><trkpt lat="37.56827163696289" lon="127.04634857177734"><ele>9.199999809265137</ele><time>2026-09-27T01:54:19Z</time></trkpt><trkpt lat="37.56828308105469" lon="127.04634094238281"><ele>9.199999809265137</ele><time>2026-09-27T01:54:20Z</time></trkpt><trkpt lat="37.568294525146484" lon="127.04634094238281"><ele>9.399999618530273</ele><time>2026-09-27T01:54:21Z</time></trkpt><trkpt lat="37.56830978393555" lon="127.04632568359375"><ele>9.399999618530273</ele><time>2026-09-27T01:54:22Z</time></trkpt><trkpt lat="37.568321228027344" lon="127.04631805419922"><ele>9.399999618530273</ele><time>2026-09-27T01:54:23Z</time></trkpt><trkpt lat="37.568336486816406" lon="127.04630279541016"><ele>9.399999618530273</ele><time>2026-09-27T01:54:24Z</time></trkpt><trkpt lat="37.568359375" lon="127.0462875366211"><ele>9.399999618530273</ele><time>2026-09-27T01:54:25Z</time></trkpt><trkpt lat="37.56838607788086" lon="127.0462646484375"><ele>9.399999618530273</ele><time>2026-09-27T01:54:26Z</time></trkpt><trkpt lat="37.56840515136719" lon="127.0462417602539"><ele>9.399999618530273</ele><time>2026-09-27T01:54:27Z</time></trkpt><trkpt lat="37.568424224853516" lon="127.04621887207031"><ele>9.399999618530273</ele><time>2026-09-27T01:54:28Z</time></trkpt><trkpt lat="37.56844711303711" lon="127.04621124267578"><ele>9.399999618530273</ele><time>2026-09-27T01:54:29Z</time></trkpt><trkpt lat="37.568477630615234" lon="127.04620361328125"><ele>9.399999618530273</ele><time>2026-09-27T01:54:30Z</time></trkpt><trkpt lat="37.56850814819336" lon="127.04621124267578"><ele>9.399999618530273</ele><time>2026-09-27T01:54:31Z</time></trkpt><trkpt lat="37.56853103637695" lon="127.04621124267578"><ele>9.399999618530273</ele><time>2026-09-27T01:54:32Z</time></trkpt><trkpt lat="37.56855773925781" lon="127.04621124267578"><ele>9.399999618530273</ele><time>2026-09-27T01:54:33Z</time></trkpt><trkpt lat="37.56856918334961" lon="127.04621124267578"><ele>9.399999618530273</ele><time>2026-09-27T01:54:34Z</time></trkpt><trkpt lat="37.56858825683594" lon="127.04620361328125"><ele>9.399999618530273</ele><time>2026-09-27T01:54:35Z</time></trkpt><trkpt lat="37.568603515625" lon="127.04620361328125"><ele>9.399999618530273</ele><time>2026-09-27T01:54:36Z</time></trkpt><trkpt lat="37.56861877441406" lon="127.04619598388672"><ele>9.399999618530273</ele><time>2026-09-27T01:54:37Z</time></trkpt><trkpt lat="37.56863784790039" lon="127.04618072509766"><ele>9.199999809265137</ele><time>2026-09-27T01:54:38Z</time></trkpt><trkpt lat="37.56864929199219" lon="127.04617309570312"><ele>9.199999809265137</ele><time>2026-09-27T01:54:39Z</time></trkpt><trkpt lat="37.568668365478516" lon="127.04615783691406"><ele>9.199999809265137</ele><time>2026-09-27T01:54:40Z</time></trkpt><trkpt lat="37.56868362426758" lon="127.046142578125"><ele>9.199999809265137</ele><time>2026-09-27T01:54:41Z</time></trkpt><trkpt lat="37.568702697753906" lon="127.04613494873047"><ele>9.199999809265137</ele><time>2026-09-27T01:54:42Z</time></trkpt><trkpt lat="37.56871795654297" lon="127.0461196899414"><ele>9.199999809265137</ele><time>2026-09-27T01:54:43Z</time></trkpt><trkpt lat="37.5687370300293" lon="127.04611206054688"><ele>9.199999809265137</ele><time>2026-09-27T01:54:44Z</time></trkpt><trkpt lat="37.568756103515625" lon="127.04609680175781"><ele>9.199999809265137</ele><time>2026-09-27T01:54:45Z</time></trkpt><trkpt lat="37.56877136230469" lon="127.04608917236328"><ele>9.199999809265137</ele><time>2026-09-27T01:54:46Z</time></trkpt><trkpt lat="37.56879425048828" lon="127.04608154296875"><ele>9.199999809265137</ele><time>2026-09-27T01:54:47Z</time></trkpt><trkpt lat="37.56880569458008" lon="127.04608154296875"><ele>9.199999809265137</ele><time>2026-09-27T01:54:48Z</time></trkpt><trkpt lat="37.568824768066406" lon="127.04608917236328"><ele>9.199999809265137</ele><time>2026-09-27T01:54:49Z</time></trkpt><trkpt lat="37.568843841552734" lon="127.04608154296875"><ele>9.199999809265137</ele><time>2026-09-27T01:54:50Z</time></trkpt><trkpt lat="37.5688591003418" lon="127.04608154296875"><ele>9.199999809265137</ele><time>2026-09-27T01:54:51Z</time></trkpt><trkpt lat="37.568878173828125" lon="127.04607391357422"><ele>9.0</ele><time>2026-09-27T01:54:52Z</time></trkpt><trkpt lat="37.56888961791992" lon="127.04606628417969"><ele>9.0</ele><time>2026-09-27T01:54:53Z</time></trkpt><trkpt lat="37.56890869140625" lon="127.04605865478516"><ele>9.0</ele><time>2026-09-27T01:54:54Z</time></trkpt><trkpt lat="37.56892395019531" lon="127.04605102539062"><ele>9.0</ele><time>2026-09-27T01:54:55Z</time></trkpt><trkpt lat="37.56894302368164" lon="127.0460433959961"><ele>9.199999809265137</ele><time>2026-09-27T01:54:56Z</time></trkpt><trkpt lat="37.5689582824707" lon="127.04602813720703"><ele>9.199999809265137</ele><time>2026-09-27T01:54:57Z</time></trkpt><trkpt lat="37.568973541259766" lon="127.0460205078125"><ele>9.199999809265137</ele><time>2026-09-27T01:54:58Z</time></trkpt><trkpt lat="37.568992614746094" lon="127.04601287841797"><ele>9.199999809265137</ele><time>2026-09-27T01:54:59Z</time></trkpt><trkpt lat="37.56900405883789" lon="127.0459976196289"><ele>9.199999809265137</ele><time>2026-09-27T01:55:00Z</time></trkpt><trkpt lat="37.56901931762695" lon="127.04598999023438"><ele>9.0</ele><time>2026-09-27T01:55:01Z</time></trkpt><trkpt lat="37.569034576416016" lon="127.04597473144531"><ele>9.199999809265137</ele><time>2026-09-27T01:55:02Z</time></trkpt><trkpt lat="37.56904983520508" lon="127.04596710205078"><ele>9.199999809265137</ele><time>2026-09-27T01:55:03Z</time></trkpt><trkpt lat="37.569068908691406" lon="127.04595947265625"><ele>9.199999809265137</ele><time>2026-09-27T01:55:04Z</time></trkpt><trkpt lat="37.56908416748047" lon="127.04595184326172"><ele>9.199999809265137</ele><time>2026-09-27T01:55:05Z</time></trkpt><trkpt lat="37.5691032409668" lon="127.04594421386719"><ele>9.199999809265137</ele><time>2026-09-27T01:55:06Z</time></trkpt><trkpt lat="37.569114685058594" lon="127.04593658447266"><ele>9.199999809265137</ele><time>2026-09-27T01:55:07Z</time></trkpt><trkpt lat="37.569129943847656" lon="127.04592895507812"><ele>9.199999809265137</ele><time>2026-09-27T01:55:08Z</time></trkpt><trkpt lat="37.569149017333984" lon="127.0459213256836"><ele>9.199999809265137</ele><time>2026-09-27T01:55:09Z</time></trkpt><trkpt lat="37.56916046142578" lon="127.04590606689453"><ele>9.0</ele><time>2026-09-27T01:55:10Z</time></trkpt><trkpt lat="37.56917953491211" lon="127.04589080810547"><ele>9.0</ele><time>2026-09-27T01:55:11Z</time></trkpt><trkpt lat="37.569190979003906" lon="127.04588317871094"><ele>9.0</ele><time>2026-09-27T01:55:12Z</time></trkpt><trkpt lat="37.56920623779297" lon="127.04586791992188"><ele>9.0</ele><time>2026-09-27T01:55:13Z</time></trkpt><trkpt lat="37.5692253112793" lon="127.04586029052734"><ele>9.0</ele><time>2026-09-27T01:55:14Z</time></trkpt><trkpt lat="37.56924057006836" lon="127.04584503173828"><ele>9.0</ele><time>2026-09-27T01:55:15Z</time></trkpt><trkpt lat="37.56925964355469" lon="127.04582977294922"><ele>9.0</ele><time>2026-09-27T01:55:16Z</time></trkpt><trkpt lat="37.56927490234375" lon="127.04581451416016"><ele>9.0</ele><time>2026-09-27T01:55:17Z</time></trkpt><trkpt lat="37.56930160522461" lon="127.04580688476562"><ele>9.0</ele><time>2026-09-27T01:55:18Z</time></trkpt><trkpt lat="37.569313049316406" lon="127.04579162597656"><ele>9.0</ele><time>2026-09-27T01:55:19Z</time></trkpt><trkpt lat="37.5693359375" lon="127.04578399658203"><ele>9.0</ele><time>2026-09-27T01:55:20Z</time></trkpt><trkpt lat="37.56935119628906" lon="127.04576873779297"><ele>9.0</ele><time>2026-09-27T01:55:21Z</time></trkpt><trkpt lat="37.56937026977539" lon="127.0457534790039"><ele>9.0</ele><time>2026-09-27T01:55:22Z</time></trkpt><trkpt lat="37.56938552856445" lon="127.04573822021484"><ele>9.0</ele><time>2026-09-27T01:55:23Z</time></trkpt><trkpt lat="37.569400787353516" lon="127.04573059082031"><ele>9.0</ele><time>2026-09-27T01:55:24Z</time></trkpt><trkpt lat="37.56941604614258" lon="127.04570770263672"><ele>9.0</ele><time>2026-09-27T01:55:25Z</time></trkpt><trkpt lat="37.569427490234375" lon="127.04570007324219"><ele>9.0</ele><time>2026-09-27T01:55:26Z</time></trkpt><trkpt lat="37.5694465637207" lon="127.04568481445312"><ele>9.0</ele><time>2026-09-27T01:55:27Z</time></trkpt><trkpt lat="37.5694580078125" lon="127.0456771850586"><ele>9.0</ele><time>2026-09-27T01:55:28Z</time></trkpt><trkpt lat="37.56947326660156" lon="127.04566192626953"><ele>9.0</ele><time>2026-09-27T01:55:29Z</time></trkpt><trkpt lat="37.569488525390625" lon="127.045654296875"><ele>9.0</ele><time>2026-09-27T01:55:30Z</time></trkpt><trkpt lat="37.56949996948242" lon="127.04563903808594"><ele>9.0</ele><time>2026-09-27T01:55:31Z</time></trkpt><trkpt lat="37.56951141357422" lon="127.04562377929688"><ele>9.199999809265137</ele><time>2026-09-27T01:55:32Z</time></trkpt><trkpt lat="37.56952667236328" lon="127.04561614990234"><ele>9.199999809265137</ele><time>2026-09-27T01:55:33Z</time></trkpt><trkpt lat="37.569541931152344" lon="127.04560089111328"><ele>9.0</ele><time>2026-09-27T01:55:34Z</time></trkpt><trkpt lat="37.569549560546875" lon="127.04558563232422"><ele>9.0</ele><time>2026-09-27T01:55:35Z</time></trkpt><trkpt lat="37.56956481933594" lon="127.04557037353516"><ele>9.0</ele><time>2026-09-27T01:55:36Z</time></trkpt><trkpt lat="37.569580078125" lon="127.04556274414062"><ele>9.0</ele><time>2026-09-27T01:55:37Z</time></trkpt><trkpt lat="37.5695915222168" lon="127.04554748535156"><ele>9.0</ele><time>2026-09-27T01:55:38Z</time></trkpt><trkpt lat="37.569610595703125" lon="127.0455322265625"><ele>9.0</ele><time>2026-09-27T01:55:39Z</time></trkpt><trkpt lat="37.56962585449219" lon="127.04551696777344"><ele>9.0</ele><time>2026-09-27T01:55:40Z</time></trkpt><trkpt lat="37.56964111328125" lon="127.04550170898438"><ele>9.0</ele><time>2026-09-27T01:55:41Z</time></trkpt><trkpt lat="37.56965637207031" lon="127.04547882080078"><ele>9.0</ele><time>2026-09-27T01:55:42Z</time></trkpt><trkpt lat="37.56966781616211" lon="127.04545593261719"><ele>9.0</ele><time>2026-09-27T01:55:43Z</time></trkpt><trkpt lat="37.56968307495117" lon="127.04544067382812"><ele>9.0</ele><time>2026-09-27T01:55:44Z</time></trkpt><trkpt lat="37.569698333740234" lon="127.04542541503906"><ele>8.800000190734863</ele><time>2026-09-27T01:55:45Z</time></trkpt><trkpt lat="37.5697135925293" lon="127.04541015625"><ele>8.800000190734863</ele><time>2026-09-27T01:55:46Z</time></trkpt><trkpt lat="37.56972885131836" lon="127.0453872680664"><ele>8.800000190734863</ele><time>2026-09-27T01:55:47Z</time></trkpt><trkpt lat="37.56974411010742" lon="127.04537200927734"><ele>8.800000190734863</ele><time>2026-09-27T01:55:48Z</time></trkpt><trkpt lat="37.569759368896484" lon="127.04535675048828"><ele>8.800000190734863</ele><time>2026-09-27T01:55:49Z</time></trkpt><trkpt lat="37.56977844238281" lon="127.04534149169922"><ele>8.800000190734863</ele><time>2026-09-27T01:55:50Z</time></trkpt><trkpt lat="37.569793701171875" lon="127.04531860351562"><ele>8.800000190734863</ele><time>2026-09-27T01:55:51Z</time></trkpt><trkpt lat="37.56980895996094" lon="127.04530334472656"><ele>8.800000190734863</ele><time>2026-09-27T01:55:52Z</time></trkpt><trkpt lat="37.569820404052734" lon="127.0452880859375"><ele>8.800000190734863</ele><time>2026-09-27T01:55:53Z</time></trkpt><trkpt lat="37.5698356628418" lon="127.0452651977539"><ele>8.800000190734863</ele><time>2026-09-27T01:55:54Z</time></trkpt><trkpt lat="37.569847106933594" lon="127.04524230957031"><ele>8.800000190734863</ele><time>2026-09-27T01:55:55Z</time></trkpt><trkpt lat="37.569862365722656" lon="127.04521942138672"><ele>8.800000190734863</ele><time>2026-09-27T01:55:56Z</time></trkpt><trkpt lat="37.56987762451172" lon="127.04519653320312"><ele>8.800000190734863</ele><time>2026-09-27T01:55:57Z</time></trkpt><trkpt lat="37.569889068603516" lon="127.04517364501953"><ele>8.800000190734863</ele><time>2026-09-27T01:55:58Z</time></trkpt><trkpt lat="37.56990432739258" lon="127.04515075683594"><ele>8.800000190734863</ele><time>2026-09-27T01:55:59Z</time></trkpt><trkpt lat="37.569915771484375" lon="127.04512786865234"><ele>8.600000381469727</ele><time>2026-09-27T01:56:00Z</time></trkpt><trkpt lat="37.56992721557617" lon="127.04511260986328"><ele>8.600000381469727</ele><time>2026-09-27T01:56:01Z</time></trkpt><trkpt lat="37.569942474365234" lon="127.04508972167969"><ele>8.600000381469727</ele><time>2026-09-27T01:56:02Z</time></trkpt><trkpt lat="37.569950103759766" lon="127.04507446289062"><ele>8.600000381469727</ele><time>2026-09-27T01:56:03Z</time></trkpt><trkpt lat="37.56996536254883" lon="127.04505157470703"><ele>8.600000381469727</ele><time>2026-09-27T01:56:04Z</time></trkpt><trkpt lat="37.569969177246094" lon="127.04502868652344"><ele>8.600000381469727</ele><time>2026-09-27T01:56:05Z</time></trkpt><trkpt lat="37.56998062133789" lon="127.04501342773438"><ele>8.600000381469727</ele><time>2026-09-27T01:56:06Z</time></trkpt><trkpt lat="37.56999206542969" lon="127.04499053955078"><ele>8.600000381469727</ele><time>2026-09-27T01:56:07Z</time></trkpt><trkpt lat="37.570003509521484" lon="127.04497528076172"><ele>8.600000381469727</ele><time>2026-09-27T01:56:08Z</time></trkpt><trkpt lat="37.57001495361328" lon="127.0449447631836"><ele>8.600000381469727</ele><time>2026-09-27T01:56:09Z</time></trkpt><trkpt lat="37.57001876831055" lon="127.04492950439453"><ele>8.800000190734863</ele><time>2026-09-27T01:56:10Z</time></trkpt><trkpt lat="37.57003402709961" lon="127.0448989868164"><ele>8.600000381469727</ele><time>2026-09-27T01:56:11Z</time></trkpt><trkpt lat="37.57004165649414" lon="127.04488372802734"><ele>8.600000381469727</ele><time>2026-09-27T01:56:12Z</time></trkpt><trkpt lat="37.5700569152832" lon="127.04486083984375"><ele>8.600000381469727</ele><time>2026-09-27T01:56:13Z</time></trkpt><trkpt lat="37.570064544677734" lon="127.04483795166016"><ele>8.600000381469727</ele><time>2026-09-27T01:56:14Z</time></trkpt><trkpt lat="37.57007598876953" lon="127.04481506347656"><ele>8.399999618530273</ele><time>2026-09-27T01:56:15Z</time></trkpt><trkpt lat="37.57008743286133" lon="127.0447998046875"><ele>8.399999618530273</ele><time>2026-09-27T01:56:16Z</time></trkpt><trkpt lat="37.570091247558594" lon="127.04478454589844"><ele>8.399999618530273</ele><time>2026-09-27T01:56:17Z</time></trkpt><trkpt lat="37.570098876953125" lon="127.04476928710938"><ele>8.399999618530273</ele><time>2026-09-27T01:56:18Z</time></trkpt><trkpt lat="37.57011032104492" lon="127.04473876953125"><ele>8.600000381469727</ele><time>2026-09-27T01:56:19Z</time></trkpt><trkpt lat="37.57012176513672" lon="127.04471588134766"><ele>8.600000381469727</ele><time>2026-09-27T01:56:20Z</time></trkpt><trkpt lat="37.57012939453125" lon="127.04469299316406"><ele>8.600000381469727</ele><time>2026-09-27T01:56:21Z</time></trkpt><trkpt lat="37.57014083862305" lon="127.04467010498047"><ele>8.600000381469727</ele><time>2026-09-27T01:56:22Z</time></trkpt><trkpt lat="37.57014846801758" lon="127.04464721679688"><ele>8.600000381469727</ele><time>2026-09-27T01:56:23Z</time></trkpt><trkpt lat="37.570159912109375" lon="127.04462432861328"><ele>8.600000381469727</ele><time>2026-09-27T01:56:24Z</time></trkpt><trkpt lat="37.57016372680664" lon="127.04460906982422"><ele>8.600000381469727</ele><time>2026-09-27T01:56:25Z</time></trkpt><trkpt lat="37.5701789855957" lon="127.04458618164062"><ele>8.600000381469727</ele><time>2026-09-27T01:56:26Z</time></trkpt><trkpt lat="37.570186614990234" lon="127.04456329345703"><ele>8.600000381469727</ele><time>2026-09-27T01:56:27Z</time></trkpt><trkpt lat="37.5701904296875" lon="127.04454040527344"><ele>8.600000381469727</ele><time>2026-09-27T01:56:28Z</time></trkpt><trkpt lat="37.57019805908203" lon="127.04451751708984"><ele>8.600000381469727</ele><time>2026-09-27T01:56:29Z</time></trkpt><trkpt lat="37.57020568847656" lon="127.04449462890625"><ele>8.600000381469727</ele><time>2026-09-27T01:56:30Z</time></trkpt><trkpt lat="37.570213317871094" lon="127.04447174072266"><ele>8.600000381469727</ele><time>2026-09-27T01:56:31Z</time></trkpt><trkpt lat="37.57021713256836" lon="127.04444885253906"><ele>8.600000381469727</ele><time>2026-09-27T01:56:32Z</time></trkpt><trkpt lat="37.570228576660156" lon="127.04441833496094"><ele>8.600000381469727</ele><time>2026-09-27T01:56:33Z</time></trkpt><trkpt lat="37.57023620605469" lon="127.04438781738281"><ele>8.600000381469727</ele><time>2026-09-27T01:56:34Z</time></trkpt><trkpt lat="37.57024383544922" lon="127.04436492919922"><ele>8.600000381469727</ele><time>2026-09-27T01:56:35Z</time></trkpt><trkpt lat="37.570255279541016" lon="127.04434204101562"><ele>8.600000381469727</ele><time>2026-09-27T01:56:36Z</time></trkpt><trkpt lat="37.57026290893555" lon="127.04431915283203"><ele>8.600000381469727</ele><time>2026-09-27T01:56:37Z</time></trkpt><trkpt lat="37.57027053833008" lon="127.04429626464844"><ele>8.600000381469727</ele><time>2026-09-27T01:56:38Z</time></trkpt><trkpt lat="37.57028579711914" lon="127.04428100585938"><ele>8.399999618530273</ele><time>2026-09-27T01:56:39Z</time></trkpt><trkpt lat="37.57029342651367" lon="127.04425048828125"><ele>8.600000381469727</ele><time>2026-09-27T01:56:40Z</time></trkpt><trkpt lat="37.57030487060547" lon="127.04423522949219"><ele>8.600000381469727</ele><time>2026-09-27T01:56:41Z</time></trkpt><trkpt lat="37.570316314697266" lon="127.04420471191406"><ele>8.600000381469727</ele><time>2026-09-27T01:56:42Z</time></trkpt><trkpt lat="37.57032775878906" lon="127.04418182373047"><ele>8.600000381469727</ele><time>2026-09-27T01:56:43Z</time></trkpt><trkpt lat="37.570335388183594" lon="127.0441665649414"><ele>8.600000381469727</ele><time>2026-09-27T01:56:44Z</time></trkpt><trkpt lat="37.57034683227539" lon="127.04414367675781"><ele>8.399999618530273</ele><time>2026-09-27T01:56:45Z</time></trkpt><trkpt lat="37.57035827636719" lon="127.04412078857422"><ele>8.399999618530273</ele><time>2026-09-27T01:56:46Z</time></trkpt><trkpt lat="37.57036590576172" lon="127.04409790039062"><ele>8.399999618530273</ele><time>2026-09-27T01:56:47Z</time></trkpt><trkpt lat="37.570377349853516" lon="127.04407501220703"><ele>8.399999618530273</ele><time>2026-09-27T01:56:48Z</time></trkpt><trkpt lat="37.57038497924805" lon="127.04405975341797"><ele>8.399999618530273</ele><time>2026-09-27T01:56:49Z</time></trkpt><trkpt lat="37.57039260864258" lon="127.04402923583984"><ele>8.600000381469727</ele><time>2026-09-27T01:56:50Z</time></trkpt><trkpt lat="37.57040023803711" lon="127.04400634765625"><ele>8.600000381469727</ele><time>2026-09-27T01:56:51Z</time></trkpt><trkpt lat="37.570411682128906" lon="127.04398345947266"><ele>8.600000381469727</ele><time>2026-09-27T01:56:52Z</time></trkpt><trkpt lat="37.57041931152344" lon="127.04396057128906"><ele>8.600000381469727</ele><time>2026-09-27T01:56:53Z</time></trkpt><trkpt lat="37.57042694091797" lon="127.04393768310547"><ele>8.600000381469727</ele><time>2026-09-27T01:56:54Z</time></trkpt><trkpt lat="37.5704345703125" lon="127.04391479492188"><ele>8.600000381469727</ele><time>2026-09-27T01:56:55Z</time></trkpt><trkpt lat="37.5704460144043" lon="127.04389190673828"><ele>8.600000381469727</ele><time>2026-09-27T01:56:56Z</time></trkpt><trkpt lat="37.570457458496094" lon="127.04386901855469"><ele>8.399999618530273</ele><time>2026-09-27T01:56:57Z</time></trkpt><trkpt lat="37.570465087890625" lon="127.0438461303711"><ele>8.399999618530273</ele><time>2026-09-27T01:56:58Z</time></trkpt><trkpt lat="37.57047653198242" lon="127.04381561279297"><ele>8.399999618530273</ele><time>2026-09-27T01:56:59Z</time></trkpt><trkpt lat="37.57048416137695" lon="127.0438003540039"><ele>8.600000381469727</ele><time>2026-09-27T01:57:00Z</time></trkpt><trkpt lat="37.57049560546875" lon="127.04378509521484"><ele>8.600000381469727</ele><time>2026-09-27T01:57:01Z</time></trkpt><trkpt lat="37.57049560546875" lon="127.04376220703125"><ele>8.800000190734863</ele><time>2026-09-27T01:57:02Z</time></trkpt><trkpt lat="37.57050704956055" lon="127.04373168945312"><ele>8.800000190734863</ele><time>2026-09-27T01:57:03Z</time></trkpt><trkpt lat="37.57051467895508" lon="127.04370880126953"><ele>8.800000190734863</ele><time>2026-09-27T01:57:04Z</time></trkpt><trkpt lat="37.570518493652344" lon="127.04368591308594"><ele>8.800000190734863</ele><time>2026-09-27T01:57:05Z</time></trkpt><trkpt lat="37.57052993774414" lon="127.04365539550781"><ele>8.600000381469727</ele><time>2026-09-27T01:57:06Z</time></trkpt><trkpt lat="37.57054138183594" lon="127.04363250732422"><ele>8.600000381469727</ele><time>2026-09-27T01:57:07Z</time></trkpt><trkpt lat="37.570552825927734" lon="127.04361724853516"><ele>8.399999618530273</ele><time>2026-09-27T01:57:08Z</time></trkpt><trkpt lat="37.57056427001953" lon="127.04359436035156"><ele>8.399999618530273</ele><time>2026-09-27T01:57:09Z</time></trkpt><trkpt lat="37.57057189941406" lon="127.04357147216797"><ele>8.600000381469727</ele><time>2026-09-27T01:57:10Z</time></trkpt><trkpt lat="37.57058334350586" lon="127.04354858398438"><ele>8.600000381469727</ele><time>2026-09-27T01:57:11Z</time></trkpt><trkpt lat="37.570587158203125" lon="127.04353332519531"><ele>8.399999618530273</ele><time>2026-09-27T01:57:12Z</time></trkpt><trkpt lat="37.570594787597656" lon="127.04350280761719"><ele>8.399999618530273</ele><time>2026-09-27T01:57:13Z</time></trkpt><trkpt lat="37.57060241699219" lon="127.0434799194336"><ele>8.399999618530273</ele><time>2026-09-27T01:57:14Z</time></trkpt><trkpt lat="37.570613861083984" lon="127.04345703125"><ele>8.399999618530273</ele><time>2026-09-27T01:57:15Z</time></trkpt><trkpt lat="37.570621490478516" lon="127.0434341430664"><ele>8.399999618530273</ele><time>2026-09-27T01:57:16Z</time></trkpt><trkpt lat="37.570621490478516" lon="127.04341125488281"><ele>8.399999618530273</ele><time>2026-09-27T01:57:17Z</time></trkpt><trkpt lat="37.57063293457031" lon="127.04338073730469"><ele>8.600000381469727</ele><time>2026-09-27T01:57:18Z</time></trkpt><trkpt lat="37.570640563964844" lon="127.04337310791016"><ele>8.600000381469727</ele><time>2026-09-27T01:57:19Z</time></trkpt><trkpt lat="37.57064437866211" lon="127.0433578491211"><ele>8.600000381469727</ele><time>2026-09-27T01:57:20Z</time></trkpt><trkpt lat="37.57065200805664" lon="127.04334259033203"><ele>8.600000381469727</ele><time>2026-09-27T01:57:21Z</time></trkpt><trkpt lat="37.57066345214844" lon="127.04331970214844"><ele>8.600000381469727</ele><time>2026-09-27T01:57:22Z</time></trkpt><trkpt lat="37.570674896240234" lon="127.04329681396484"><ele>8.600000381469727</ele><time>2026-09-27T01:57:23Z</time></trkpt><trkpt lat="37.57068634033203" lon="127.04327392578125"><ele>8.399999618530273</ele><time>2026-09-27T01:57:24Z</time></trkpt><trkpt lat="37.57069778442383" lon="127.04325103759766"><ele>8.399999618530273</ele><time>2026-09-27T01:57:25Z</time></trkpt><trkpt lat="37.570709228515625" lon="127.04322814941406"><ele>8.399999618530273</ele><time>2026-09-27T01:57:26Z</time></trkpt><trkpt lat="37.57072067260742" lon="127.04320526123047"><ele>8.399999618530273</ele><time>2026-09-27T01:57:27Z</time></trkpt><trkpt lat="37.570735931396484" lon="127.04318237304688"><ele>8.600000381469727</ele><time>2026-09-27T01:57:28Z</time></trkpt><trkpt lat="37.570743560791016" lon="127.04316711425781"><ele>8.600000381469727</ele><time>2026-09-27T01:57:29Z</time></trkpt><trkpt lat="37.57075119018555" lon="127.04315948486328"><ele>8.600000381469727</ele><time>2026-09-27T01:57:30Z</time></trkpt><trkpt lat="37.57075500488281" lon="127.04313659667969"><ele>8.600000381469727</ele><time>2026-09-27T01:57:31Z</time></trkpt><trkpt lat="37.57075119018555" lon="127.04312896728516"><ele>8.600000381469727</ele><time>2026-09-27T01:57:32Z</time></trkpt><trkpt lat="37.57073974609375" lon="127.04312133789062"><ele>8.600000381469727</ele><time>2026-09-27T01:57:33Z</time></trkpt><trkpt lat="37.57073211669922" lon="127.0431137084961"><ele>8.800000190734863</ele><time>2026-09-27T01:57:34Z</time></trkpt><trkpt lat="37.57072830200195" lon="127.04310607910156"><ele>8.800000190734863</ele><time>2026-09-27T01:57:35Z</time></trkpt><trkpt lat="37.57072830200195" lon="127.04308319091797"><ele>8.800000190734863</ele><time>2026-09-27T01:57:36Z</time></trkpt><trkpt lat="37.57073974609375" lon="127.04306030273438"><ele>8.800000190734863</ele><time>2026-09-27T01:57:37Z</time></trkpt><trkpt lat="37.57075119018555" lon="127.04303741455078"><ele>8.800000190734863</ele><time>2026-09-27T01:57:38Z</time></trkpt><trkpt lat="37.570762634277344" lon="127.04301452636719"><ele>8.800000190734863</ele><time>2026-09-27T01:57:39Z</time></trkpt><trkpt lat="37.57077407836914" lon="127.0429916381836"><ele>8.800000190734863</ele><time>2026-09-27T01:57:40Z</time></trkpt><trkpt lat="37.5707893371582" lon="127.04296875"><ele>8.800000190734863</ele><time>2026-09-27T01:57:41Z</time></trkpt><trkpt lat="37.57080078125" lon="127.04295349121094"><ele>8.800000190734863</ele><time>2026-09-27T01:57:42Z</time></trkpt><trkpt lat="37.57080841064453" lon="127.04293060302734"><ele>8.600000381469727</ele><time>2026-09-27T01:57:43Z</time></trkpt><trkpt lat="37.570823669433594" lon="127.04290771484375"><ele>8.600000381469727</ele><time>2026-09-27T01:57:44Z</time></trkpt><trkpt lat="37.570831298828125" lon="127.04289245605469"><ele>8.600000381469727</ele><time>2026-09-27T01:57:45Z</time></trkpt><trkpt lat="37.57084274291992" lon="127.0428695678711"><ele>8.600000381469727</ele><time>2026-09-27T01:57:46Z</time></trkpt><trkpt lat="37.570858001708984" lon="127.04285430908203"><ele>8.600000381469727</ele><time>2026-09-27T01:57:47Z</time></trkpt><trkpt lat="37.570865631103516" lon="127.04283905029297"><ele>8.600000381469727</ele><time>2026-09-27T01:57:48Z</time></trkpt><trkpt lat="37.57087707519531" lon="127.04281616210938"><ele>8.600000381469727</ele><time>2026-09-27T01:57:49Z</time></trkpt><trkpt lat="37.570884704589844" lon="127.04280090332031"><ele>8.600000381469727</ele><time>2026-09-27T01:57:50Z</time></trkpt><trkpt lat="37.57089614868164" lon="127.04277801513672"><ele>8.600000381469727</ele><time>2026-09-27T01:57:51Z</time></trkpt><trkpt lat="37.57090377807617" lon="127.04276275634766"><ele>8.600000381469727</ele><time>2026-09-27T01:57:52Z</time></trkpt><trkpt lat="37.570919036865234" lon="127.0427474975586"><ele>8.600000381469727</ele><time>2026-09-27T01:57:53Z</time></trkpt><trkpt lat="37.5709342956543" lon="127.042724609375"><ele>8.800000190734863</ele><time>2026-09-27T01:57:54Z</time></trkpt><trkpt lat="37.57094192504883" lon="127.04270935058594"><ele>8.800000190734863</ele><time>2026-09-27T01:57:55Z</time></trkpt><trkpt lat="37.57095718383789" lon="127.04269409179688"><ele>8.800000190734863</ele><time>2026-09-27T01:57:56Z</time></trkpt><trkpt lat="37.57096481323242" lon="127.04267120361328"><ele>8.800000190734863</ele><time>2026-09-27T01:57:57Z</time></trkpt><trkpt lat="37.57097625732422" lon="127.04264831542969"><ele>8.800000190734863</ele><time>2026-09-27T01:57:58Z</time></trkpt><trkpt lat="37.570987701416016" lon="127.04263305664062"><ele>8.800000190734863</ele><time>2026-09-27T01:57:59Z</time></trkpt><trkpt lat="37.57099533081055" lon="127.04261016845703"><ele>8.800000190734863</ele><time>2026-09-27T01:58:00Z</time></trkpt><trkpt lat="37.571006774902344" lon="127.04259490966797"><ele>8.800000190734863</ele><time>2026-09-27T01:58:01Z</time></trkpt><trkpt lat="37.571014404296875" lon="127.0425796508789"><ele>8.800000190734863</ele><time>2026-09-27T01:58:02Z</time></trkpt><trkpt lat="37.57102584838867" lon="127.04255676269531"><ele>8.800000190734863</ele><time>2026-09-27T01:58:03Z</time></trkpt><trkpt lat="37.571041107177734" lon="127.04253387451172"><ele>8.600000381469727</ele><time>2026-09-27T01:58:04Z</time></trkpt><trkpt lat="37.571048736572266" lon="127.04251861572266"><ele>8.600000381469727</ele><time>2026-09-27T01:58:05Z</time></trkpt><trkpt lat="37.57106399536133" lon="127.04249572753906"><ele>8.800000190734863</ele><time>2026-09-27T01:58:06Z</time></trkpt><trkpt lat="37.57107162475586" lon="127.04247283935547"><ele>8.800000190734863</ele><time>2026-09-27T01:58:07Z</time></trkpt><trkpt lat="37.57108688354492" lon="127.04244995117188"><ele>8.800000190734863</ele><time>2026-09-27T01:58:08Z</time></trkpt><trkpt lat="37.57109069824219" lon="127.04243469238281"><ele>8.800000190734863</ele><time>2026-09-27T01:58:09Z</time></trkpt><trkpt lat="37.571102142333984" lon="127.04241180419922"><ele>8.800000190734863</ele><time>2026-09-27T01:58:10Z</time></trkpt><trkpt lat="37.57111358642578" lon="127.04238891601562"><ele>8.800000190734863</ele><time>2026-09-27T01:58:11Z</time></trkpt><trkpt lat="37.57112121582031" lon="127.04236602783203"><ele>8.800000190734863</ele><time>2026-09-27T01:58:12Z</time></trkpt><trkpt lat="37.57113265991211" lon="127.04234313964844"><ele>8.800000190734863</ele><time>2026-09-27T01:58:13Z</time></trkpt><trkpt lat="37.57114028930664" lon="127.04232025146484"><ele>8.800000190734863</ele><time>2026-09-27T01:58:14Z</time></trkpt><trkpt lat="37.57115173339844" lon="127.04229736328125"><ele>8.800000190734863</ele><time>2026-09-27T01:58:15Z</time></trkpt><trkpt lat="37.571163177490234" lon="127.04228210449219"><ele>9.0</ele><time>2026-09-27T01:58:16Z</time></trkpt><trkpt lat="37.571170806884766" lon="127.0422592163086"><ele>9.0</ele><time>2026-09-27T01:58:17Z</time></trkpt><trkpt lat="37.57118606567383" lon="127.042236328125"><ele>9.0</ele><time>2026-09-27T01:58:18Z</time></trkpt><trkpt lat="37.571189880371094" lon="127.04222106933594"><ele>9.0</ele><time>2026-09-27T01:58:19Z</time></trkpt><trkpt lat="37.57120132446289" lon="127.04219818115234"><ele>9.0</ele><time>2026-09-27T01:58:20Z</time></trkpt><trkpt lat="37.57120895385742" lon="127.04217529296875"><ele>9.0</ele><time>2026-09-27T01:58:21Z</time></trkpt><trkpt lat="37.571224212646484" lon="127.04215240478516"><ele>9.0</ele><time>2026-09-27T01:58:22Z</time></trkpt><trkpt lat="37.571231842041016" lon="127.04212951660156"><ele>9.0</ele><time>2026-09-27T01:58:23Z</time></trkpt><trkpt lat="37.57124710083008" lon="127.04210662841797"><ele>9.0</ele><time>2026-09-27T01:58:24Z</time></trkpt><trkpt lat="37.571258544921875" lon="127.0420913696289"><ele>9.0</ele><time>2026-09-27T01:58:25Z</time></trkpt><trkpt lat="37.571266174316406" lon="127.04206848144531"><ele>9.0</ele><time>2026-09-27T01:58:26Z</time></trkpt><trkpt lat="37.5712776184082" lon="127.04204559326172"><ele>9.0</ele><time>2026-09-27T01:58:27Z</time></trkpt><trkpt lat="37.57128143310547" lon="127.04202270507812"><ele>9.0</ele><time>2026-09-27T01:58:28Z</time></trkpt><trkpt lat="37.57127380371094" lon="127.04199981689453"><ele>9.0</ele><time>2026-09-27T01:58:29Z</time></trkpt><trkpt lat="37.57126998901367" lon="127.04197692871094"><ele>9.0</ele><time>2026-09-27T01:58:30Z</time></trkpt><trkpt lat="37.57127380371094" lon="127.04196166992188"><ele>9.199999809265137</ele><time>2026-09-27T01:58:31Z</time></trkpt><trkpt lat="37.571285247802734" lon="127.04193878173828"><ele>9.199999809265137</ele><time>2026-09-27T01:58:32Z</time></trkpt><trkpt lat="37.57129669189453" lon="127.04191589355469"><ele>9.199999809265137</ele><time>2026-09-27T01:58:33Z</time></trkpt><trkpt lat="37.57130813598633" lon="127.04190063476562"><ele>9.199999809265137</ele><time>2026-09-27T01:58:34Z</time></trkpt><trkpt lat="37.571319580078125" lon="127.04187774658203"><ele>9.199999809265137</ele><time>2026-09-27T01:58:35Z</time></trkpt><trkpt lat="37.57133483886719" lon="127.04185485839844"><ele>9.199999809265137</ele><time>2026-09-27T01:58:36Z</time></trkpt><trkpt lat="37.571346282958984" lon="127.04183959960938"><ele>9.199999809265137</ele><time>2026-09-27T01:58:37Z</time></trkpt><trkpt lat="37.57135772705078" lon="127.04182434082031"><ele>9.199999809265137</ele><time>2026-09-27T01:58:38Z</time></trkpt><trkpt lat="37.57136535644531" lon="127.04180908203125"><ele>9.399999618530273</ele><time>2026-09-27T01:58:39Z</time></trkpt><trkpt lat="37.571380615234375" lon="127.04178619384766"><ele>9.199999809265137</ele><time>2026-09-27T01:58:40Z</time></trkpt><trkpt lat="37.571388244628906" lon="127.04176330566406"><ele>9.199999809265137</ele><time>2026-09-27T01:58:41Z</time></trkpt><trkpt lat="37.57139587402344" lon="127.04174041748047"><ele>9.199999809265137</ele><time>2026-09-27T01:58:42Z</time></trkpt><trkpt lat="37.571407318115234" lon="127.04173278808594"><ele>9.199999809265137</ele><time>2026-09-27T01:58:43Z</time></trkpt><trkpt lat="37.571414947509766" lon="127.04170989990234"><ele>9.199999809265137</ele><time>2026-09-27T01:58:44Z</time></trkpt><trkpt lat="37.57142639160156" lon="127.04169464111328"><ele>9.199999809265137</ele><time>2026-09-27T01:58:45Z</time></trkpt><trkpt lat="37.571434020996094" lon="127.04167938232422"><ele>9.199999809265137</ele><time>2026-09-27T01:58:46Z</time></trkpt><trkpt lat="37.57144546508789" lon="127.04165649414062"><ele>9.199999809265137</ele><time>2026-09-27T01:58:47Z</time></trkpt><trkpt lat="37.57145690917969" lon="127.04164123535156"><ele>9.199999809265137</ele><time>2026-09-27T01:58:48Z</time></trkpt><trkpt lat="37.57146453857422" lon="127.0416259765625"><ele>9.199999809265137</ele><time>2026-09-27T01:58:49Z</time></trkpt><trkpt lat="37.571475982666016" lon="127.0416030883789"><ele>9.199999809265137</ele><time>2026-09-27T01:58:50Z</time></trkpt><trkpt lat="37.57148361206055" lon="127.04157257080078"><ele>9.199999809265137</ele><time>2026-09-27T01:58:51Z</time></trkpt><trkpt lat="37.57149124145508" lon="127.04154968261719"><ele>9.199999809265137</ele><time>2026-09-27T01:58:52Z</time></trkpt><trkpt lat="37.57149887084961" lon="127.0415267944336"><ele>9.199999809265137</ele><time>2026-09-27T01:58:53Z</time></trkpt><trkpt lat="37.57150650024414" lon="127.04150390625"><ele>9.199999809265137</ele><time>2026-09-27T01:58:54Z</time></trkpt><trkpt lat="37.57151794433594" lon="127.04148864746094"><ele>9.199999809265137</ele><time>2026-09-27T01:58:55Z</time></trkpt><trkpt lat="37.571529388427734" lon="127.04147338867188"><ele>9.399999618530273</ele><time>2026-09-27T01:58:56Z</time></trkpt><trkpt lat="37.57154083251953" lon="127.04145812988281"><ele>9.399999618530273</ele><time>2026-09-27T01:58:57Z</time></trkpt><trkpt lat="37.57155227661133" lon="127.04145050048828"><ele>9.399999618530273</ele><time>2026-09-27T01:58:58Z</time></trkpt><trkpt lat="37.571563720703125" lon="127.04143524169922"><ele>9.399999618530273</ele><time>2026-09-27T01:58:59Z</time></trkpt><trkpt lat="37.57157516479492" lon="127.04141998291016"><ele>9.199999809265137</ele><time>2026-09-27T01:59:00Z</time></trkpt><trkpt lat="37.57158279418945" lon="127.04141235351562"><ele>9.199999809265137</ele><time>2026-09-27T01:59:01Z</time></trkpt><trkpt lat="37.57158660888672" lon="127.04138946533203"><ele>9.0</ele><time>2026-09-27T01:59:02Z</time></trkpt><trkpt lat="37.571590423583984" lon="127.04137420654297"><ele>9.0</ele><time>2026-09-27T01:59:03Z</time></trkpt><trkpt lat="37.57159423828125" lon="127.04135131835938"><ele>9.0</ele><time>2026-09-27T01:59:04Z</time></trkpt><trkpt lat="37.57160186767578" lon="127.04133605957031"><ele>9.0</ele><time>2026-09-27T01:59:05Z</time></trkpt><trkpt lat="37.57160568237305" lon="127.04131317138672"><ele>9.0</ele><time>2026-09-27T01:59:06Z</time></trkpt><trkpt lat="37.57160949707031" lon="127.04129791259766"><ele>9.199999809265137</ele><time>2026-09-27T01:59:07Z</time></trkpt><trkpt lat="37.57161331176758" lon="127.04127502441406"><ele>9.199999809265137</ele><time>2026-09-27T01:59:08Z</time></trkpt><trkpt lat="37.57162094116211" lon="127.041259765625"><ele>9.0</ele><time>2026-09-27T01:59:09Z</time></trkpt><trkpt lat="37.57162857055664" lon="127.0412368774414"><ele>9.0</ele><time>2026-09-27T01:59:10Z</time></trkpt><trkpt lat="37.57164001464844" lon="127.04122161865234"><ele>9.0</ele><time>2026-09-27T01:59:11Z</time></trkpt><trkpt lat="37.57164764404297" lon="127.04120635986328"><ele>9.0</ele><time>2026-09-27T01:59:12Z</time></trkpt><trkpt lat="37.571659088134766" lon="127.04119110107422"><ele>9.0</ele><time>2026-09-27T01:59:13Z</time></trkpt><trkpt lat="37.57167053222656" lon="127.04117584228516"><ele>9.0</ele><time>2026-09-27T01:59:14Z</time></trkpt><trkpt lat="37.57168960571289" lon="127.04116821289062"><ele>9.0</ele><time>2026-09-27T01:59:15Z</time></trkpt><trkpt lat="37.57170104980469" lon="127.0411605834961"><ele>9.0</ele><time>2026-09-27T01:59:16Z</time></trkpt><trkpt lat="37.571712493896484" lon="127.04115295410156"><ele>9.0</ele><time>2026-09-27T01:59:17Z</time></trkpt><trkpt lat="37.57171630859375" lon="127.0411376953125"><ele>9.0</ele><time>2026-09-27T01:59:18Z</time></trkpt><trkpt lat="37.571720123291016" lon="127.04113006591797"><ele>9.0</ele><time>2026-09-27T01:59:19Z</time></trkpt><trkpt lat="37.571720123291016" lon="127.04112243652344"><ele>9.0</ele><time>2026-09-27T01:59:20Z</time></trkpt><trkpt lat="37.571720123291016" lon="127.0411148071289"><ele>9.0</ele><time>2026-09-27T01:59:21Z</time></trkpt><trkpt lat="37.571720123291016" lon="127.04110717773438"><ele>9.0</ele><time>2026-09-27T01:59:22Z</time></trkpt><trkpt lat="37.571720123291016" lon="127.04109954833984"><ele>9.0</ele><time>2026-09-27T01:59:23Z</time></trkpt><trkpt lat="37.57171630859375" lon="127.04107666015625"><ele>9.0</ele><time>2026-09-27T01:59:24Z</time></trkpt><trkpt lat="37.57171630859375" lon="127.04105377197266"><ele>9.0</ele><time>2026-09-27T01:59:25Z</time></trkpt><trkpt lat="37.57171630859375" lon="127.04103088378906"><ele>9.199999809265137</ele><time>2026-09-27T01:59:26Z</time></trkpt><trkpt lat="37.571720123291016" lon="127.041015625"><ele>9.399999618530273</ele><time>2026-09-27T01:59:27Z</time></trkpt><trkpt lat="37.57172393798828" lon="127.0409927368164"><ele>9.399999618530273</ele><time>2026-09-27T01:59:28Z</time></trkpt><trkpt lat="37.57172775268555" lon="127.04096221923828"><ele>9.399999618530273</ele><time>2026-09-27T01:59:29Z</time></trkpt><trkpt lat="37.57173538208008" lon="127.04093170166016"><ele>9.399999618530273</ele><time>2026-09-27T01:59:30Z</time></trkpt><trkpt lat="37.57173538208008" lon="127.04090881347656"><ele>9.399999618530273</ele><time>2026-09-27T01:59:31Z</time></trkpt><trkpt lat="37.57174301147461" lon="127.04087829589844"><ele>9.399999618530273</ele><time>2026-09-27T01:59:32Z</time></trkpt><trkpt lat="37.571746826171875" lon="127.04086303710938"><ele>9.399999618530273</ele><time>2026-09-27T01:59:33Z</time></trkpt><trkpt lat="37.57175064086914" lon="127.04084014892578"><ele>9.399999618530273</ele><time>2026-09-27T01:59:34Z</time></trkpt><trkpt lat="37.571754455566406" lon="127.04081726074219"><ele>9.399999618530273</ele><time>2026-09-27T01:59:35Z</time></trkpt><trkpt lat="37.571754455566406" lon="127.04080200195312"><ele>9.399999618530273</ele><time>2026-09-27T01:59:36Z</time></trkpt><trkpt lat="37.57176208496094" lon="127.040771484375"><ele>9.399999618530273</ele><time>2026-09-27T01:59:37Z</time></trkpt><trkpt lat="37.57176208496094" lon="127.04075622558594"><ele>9.399999618530273</ele><time>2026-09-27T01:59:38Z</time></trkpt><trkpt lat="37.57176971435547" lon="127.04073333740234"><ele>9.399999618530273</ele><time>2026-09-27T01:59:39Z</time></trkpt><trkpt lat="37.571773529052734" lon="127.04071807861328"><ele>9.399999618530273</ele><time>2026-09-27T01:59:40Z</time></trkpt><trkpt lat="37.57177734375" lon="127.04068756103516"><ele>9.399999618530273</ele><time>2026-09-27T01:59:41Z</time></trkpt><trkpt lat="37.571781158447266" lon="127.04066467285156"><ele>9.399999618530273</ele><time>2026-09-27T01:59:42Z</time></trkpt><trkpt lat="37.571781158447266" lon="127.0406494140625"><ele>9.399999618530273</ele><time>2026-09-27T01:59:43Z</time></trkpt><trkpt lat="37.57178497314453" lon="127.0406265258789"><ele>9.399999618530273</ele><time>2026-09-27T01:59:44Z</time></trkpt><trkpt lat="37.571781158447266" lon="127.04061126708984"><ele>9.399999618530273</ele><time>2026-09-27T01:59:45Z</time></trkpt><trkpt lat="37.57178497314453" lon="127.04058837890625"><ele>9.399999618530273</ele><time>2026-09-27T01:59:46Z</time></trkpt><trkpt lat="37.5717887878418" lon="127.04057312011719"><ele>9.399999618530273</ele><time>2026-09-27T01:59:47Z</time></trkpt><trkpt lat="37.571800231933594" lon="127.0405502319336"><ele>9.399999618530273</ele><time>2026-09-27T01:59:48Z</time></trkpt><trkpt lat="37.57181167602539" lon="127.04052734375"><ele>9.399999618530273</ele><time>2026-09-27T01:59:49Z</time></trkpt><trkpt lat="37.571815490722656" lon="127.0405044555664"><ele>9.199999809265137</ele><time>2026-09-27T01:59:50Z</time></trkpt><trkpt lat="37.57182693481445" lon="127.04047393798828"><ele>9.199999809265137</ele><time>2026-09-27T01:59:51Z</time></trkpt><trkpt lat="37.57182693481445" lon="127.04045867919922"><ele>9.199999809265137</ele><time>2026-09-27T01:59:52Z</time></trkpt><trkpt lat="37.571834564208984" lon="127.0404281616211"><ele>9.199999809265137</ele><time>2026-09-27T01:59:53Z</time></trkpt><trkpt lat="37.571834564208984" lon="127.04041290283203"><ele>9.199999809265137</ele><time>2026-09-27T01:59:54Z</time></trkpt><trkpt lat="37.57183837890625" lon="127.0403823852539"><ele>9.199999809265137</ele><time>2026-09-27T01:59:55Z</time></trkpt><trkpt lat="37.57184600830078" lon="127.04036712646484"><ele>9.199999809265137</ele><time>2026-09-27T01:59:56Z</time></trkpt><trkpt lat="37.57184982299805" lon="127.04035186767578"><ele>9.199999809265137</ele><time>2026-09-27T01:59:57Z</time></trkpt><trkpt lat="37.57185363769531" lon="127.04032897949219"><ele>9.199999809265137</ele><time>2026-09-27T01:59:58Z</time></trkpt><trkpt lat="37.57185363769531" lon="127.0403060913086"><ele>9.199999809265137</ele><time>2026-09-27T01:59:59Z</time></trkpt><trkpt lat="37.57185745239258" lon="127.040283203125"><ele>9.199999809265137</ele><time>2026-09-27T02:00:00Z</time></trkpt><trkpt lat="37.57185745239258" lon="127.0402603149414"><ele>9.199999809265137</ele><time>2026-09-27T02:00:01Z</time></trkpt><trkpt lat="37.57186508178711" lon="127.04022979736328"><ele>9.199999809265137</ele><time>2026-09-27T02:00:02Z</time></trkpt><trkpt lat="37.571868896484375" lon="127.04021453857422"><ele>9.199999809265137</ele><time>2026-09-27T02:00:03Z</time></trkpt><trkpt lat="37.57187271118164" lon="127.0401840209961"><ele>9.199999809265137</ele><time>2026-09-27T02:00:04Z</time></trkpt><trkpt lat="37.571868896484375" lon="127.04016876220703"><ele>9.199999809265137</ele><time>2026-09-27T02:00:05Z</time></trkpt><trkpt lat="37.571868896484375" lon="127.0401382446289"><ele>9.0</ele><time>2026-09-27T02:00:06Z</time></trkpt><trkpt lat="37.571868896484375" lon="127.04011535644531"><ele>9.0</ele><time>2026-09-27T02:00:07Z</time></trkpt><trkpt lat="37.571861267089844" lon="127.04011535644531"><ele>9.0</ele><time>2026-09-27T02:00:08Z</time></trkpt><trkpt lat="37.57185363769531" lon="127.04011535644531"><ele>9.0</ele><time>2026-09-27T02:00:09Z</time></trkpt><trkpt lat="37.57184982299805" lon="127.04010009765625"><ele>8.800000190734863</ele><time>2026-09-27T02:00:10Z</time></trkpt><trkpt lat="37.57185363769531" lon="127.04008483886719"><ele>8.800000190734863</ele><time>2026-09-27T02:00:11Z</time></trkpt><trkpt lat="37.57185363769531" lon="127.04006958007812"><ele>8.800000190734863</ele><time>2026-09-27T02:00:12Z</time></trkpt><trkpt lat="37.57185745239258" lon="127.04005432128906"><ele>9.0</ele><time>2026-09-27T02:00:13Z</time></trkpt><trkpt lat="37.571861267089844" lon="127.0400390625"><ele>9.199999809265137</ele><time>2026-09-27T02:00:14Z</time></trkpt><trkpt lat="37.57186508178711" lon="127.04002380371094"><ele>9.199999809265137</ele><time>2026-09-27T02:00:15Z</time></trkpt><trkpt lat="37.57186508178711" lon="127.0400161743164"><ele>9.399999618530273</ele><time>2026-09-27T02:00:16Z</time></trkpt><trkpt lat="37.571868896484375" lon="127.04000091552734"><ele>9.399999618530273</ele><time>2026-09-27T02:00:17Z</time></trkpt><trkpt lat="37.57187271118164" lon="127.03999328613281"><ele>9.399999618530273</ele><time>2026-09-27T02:00:18Z</time></trkpt><trkpt lat="37.571876525878906" lon="127.03998565673828"><ele>9.399999618530273</ele><time>2026-09-27T02:00:19Z</time></trkpt><trkpt lat="37.57188034057617" lon="127.03997039794922"><ele>9.399999618530273</ele><time>2026-09-27T02:00:20Z</time></trkpt><trkpt lat="37.57188034057617" lon="127.03996276855469"><ele>9.399999618530273</ele><time>2026-09-27T02:00:21Z</time></trkpt><trkpt lat="37.57188415527344" lon="127.03994750976562"><ele>9.399999618530273</ele><time>2026-09-27T02:00:22Z</time></trkpt><trkpt lat="37.5718879699707" lon="127.0399398803711"><ele>9.399999618530273</ele><time>2026-09-27T02:00:23Z</time></trkpt><trkpt lat="37.5718879699707" lon="127.03993225097656"><ele>9.199999809265137</ele><time>2026-09-27T02:00:24Z</time></trkpt><trkpt lat="37.57189178466797" lon="127.03992462158203"><ele>9.199999809265137</ele><time>2026-09-27T02:00:25Z</time></trkpt><trkpt lat="37.57189178466797" lon="127.03990936279297"><ele>9.199999809265137</ele><time>2026-09-27T02:00:26Z</time></trkpt><trkpt lat="37.571895599365234" lon="127.0398941040039"><ele>9.0</ele><time>2026-09-27T02:00:27Z</time></trkpt><trkpt lat="37.571895599365234" lon="127.03987121582031"><ele>9.0</ele><time>2026-09-27T02:00:28Z</time></trkpt><trkpt lat="37.571895599365234" lon="127.03985595703125"><ele>9.0</ele><time>2026-09-27T02:00:29Z</time></trkpt><trkpt lat="37.57189178466797" lon="127.03984069824219"><ele>9.0</ele><time>2026-09-27T02:00:30Z</time></trkpt><trkpt lat="37.57189178466797" lon="127.03982543945312"><ele>9.199999809265137</ele><time>2026-09-27T02:00:31Z</time></trkpt><trkpt lat="37.5718879699707" lon="127.03981018066406"><ele>9.199999809265137</ele><time>2026-09-27T02:00:32Z</time></trkpt><trkpt lat="37.5718879699707" lon="127.03980255126953"><ele>9.399999618530273</ele><time>2026-09-27T02:00:33Z</time></trkpt><trkpt lat="37.5718879699707" lon="127.03978729248047"><ele>9.399999618530273</ele><time>2026-09-27T02:00:34Z</time></trkpt><trkpt lat="37.57189178466797" lon="127.0397720336914"><ele>9.399999618530273</ele><time>2026-09-27T02:00:35Z</time></trkpt><trkpt lat="37.57189178466797" lon="127.03975677490234"><ele>9.399999618530273</ele><time>2026-09-27T02:00:36Z</time></trkpt><trkpt lat="37.57189178466797" lon="127.03974914550781"><ele>9.199999809265137</ele><time>2026-09-27T02:00:37Z</time></trkpt><trkpt lat="37.57189178466797" lon="127.03973388671875"><ele>9.199999809265137</ele><time>2026-09-27T02:00:38Z</time></trkpt><trkpt lat="37.57189178466797" lon="127.03971862792969"><ele>9.399999618530273</ele><time>2026-09-27T02:00:39Z</time></trkpt><trkpt lat="37.57189178466797" lon="127.03970336914062"><ele>9.199999809265137</ele><time>2026-09-27T02:00:40Z</time></trkpt><trkpt lat="37.571895599365234" lon="127.03968811035156"><ele>9.199999809265137</ele><time>2026-09-27T02:00:41Z</time></trkpt><trkpt lat="37.5718994140625" lon="127.03968048095703"><ele>9.399999618530273</ele><time>2026-09-27T02:00:42Z</time></trkpt><trkpt lat="37.5718994140625" lon="127.03966522216797"><ele>9.399999618530273</ele><time>2026-09-27T02:00:43Z</time></trkpt><trkpt lat="37.5718994140625" lon="127.03965759277344"><ele>9.399999618530273</ele><time>2026-09-27T02:00:44Z</time></trkpt><trkpt lat="37.5718994140625" lon="127.0396499633789"><ele>9.399999618530273</ele><time>2026-09-27T02:00:45Z</time></trkpt><trkpt lat="37.571895599365234" lon="127.03963470458984"><ele>9.399999618530273</ele><time>2026-09-27T02:00:46Z</time></trkpt><trkpt lat="37.571895599365234" lon="127.03962707519531"><ele>9.399999618530273</ele><time>2026-09-27T02:00:47Z</time></trkpt><trkpt lat="37.571895599365234" lon="127.03961181640625"><ele>9.399999618530273</ele><time>2026-09-27T02:00:48Z</time></trkpt><trkpt lat="37.571895599365234" lon="127.03959655761719"><ele>9.399999618530273</ele><time>2026-09-27T02:00:49Z</time></trkpt><trkpt lat="37.571895599365234" lon="127.03958129882812"><ele>9.399999618530273</ele><time>2026-09-27T02:00:50Z</time></trkpt><trkpt lat="37.571895599365234" lon="127.0395736694336"><ele>9.399999618530273</ele><time>2026-09-27T02:00:51Z</time></trkpt><trkpt lat="37.57189178466797" lon="127.03956604003906"><ele>9.399999618530273</ele><time>2026-09-27T02:00:52Z</time></trkpt><trkpt lat="37.57189178466797" lon="127.03955078125"><ele>9.399999618530273</ele><time>2026-09-27T02:00:53Z</time></trkpt><trkpt lat="37.571895599365234" lon="127.03954315185547"><ele>9.399999618530273</ele><time>2026-09-27T02:00:54Z</time></trkpt><trkpt lat="37.571895599365234" lon="127.03953552246094"><ele>9.399999618530273</ele><time>2026-09-27T02:00:55Z</time></trkpt><trkpt lat="37.571895599365234" lon="127.0395278930664"><ele>9.399999618530273</ele><time>2026-09-27T02:00:56Z</time></trkpt><trkpt lat="37.571895599365234" lon="127.03951263427734"><ele>9.399999618530273</ele><time>2026-09-27T02:00:57Z</time></trkpt><trkpt lat="37.571895599365234" lon="127.03950500488281"><ele>9.399999618530273</ele><time>2026-09-27T02:00:58Z</time></trkpt><trkpt lat="37.571895599365234" lon="127.03948974609375"><ele>9.399999618530273</ele><time>2026-09-27T02:00:59Z</time></trkpt><trkpt lat="37.571895599365234" lon="127.03948211669922"><ele>9.399999618530273</ele><time>2026-09-27T02:01:00Z</time></trkpt><trkpt lat="37.571895599365234" lon="127.03946685791016"><ele>9.399999618530273</ele><time>2026-09-27T02:01:01Z</time></trkpt><trkpt lat="37.57189178466797" lon="127.03945922851562"><ele>9.399999618530273</ele><time>2026-09-27T02:01:02Z</time></trkpt><trkpt lat="37.57189178466797" lon="127.03944396972656"><ele>9.399999618530273</ele><time>2026-09-27T02:01:03Z</time></trkpt><trkpt lat="37.57189178466797" lon="127.0394287109375"><ele>9.399999618530273</ele><time>2026-09-27T02:01:04Z</time></trkpt><trkpt lat="37.57189178466797" lon="127.03942108154297"><ele>9.399999618530273</ele><time>2026-09-27T02:01:05Z</time></trkpt><trkpt lat="37.571895599365234" lon="127.0394058227539"><ele>9.600000381469727</ele><time>2026-09-27T02:01:06Z</time></trkpt><trkpt lat="37.571895599365234" lon="127.03939819335938"><ele>9.600000381469727</ele><time>2026-09-27T02:01:07Z</time></trkpt><trkpt lat="37.5718994140625" lon="127.03938293457031"><ele>9.600000381469727</ele><time>2026-09-27T02:01:08Z</time></trkpt><trkpt lat="37.5718994140625" lon="127.03936767578125"><ele>9.600000381469727</ele><time>2026-09-27T02:01:09Z</time></trkpt><trkpt lat="37.571903228759766" lon="127.03935241699219"><ele>9.399999618530273</ele><time>2026-09-27T02:01:10Z</time></trkpt><trkpt lat="37.57190704345703" lon="127.03934478759766"><ele>9.600000381469727</ele><time>2026-09-27T02:01:11Z</time></trkpt><trkpt lat="37.57190704345703" lon="127.0393295288086"><ele>9.600000381469727</ele><time>2026-09-27T02:01:12Z</time></trkpt><trkpt lat="37.5719108581543" lon="127.03931427001953"><ele>9.600000381469727</ele><time>2026-09-27T02:01:13Z</time></trkpt><trkpt lat="37.57191467285156" lon="127.039306640625"><ele>9.600000381469727</ele><time>2026-09-27T02:01:14Z</time></trkpt><trkpt lat="37.57191467285156" lon="127.03929138183594"><ele>9.600000381469727</ele><time>2026-09-27T02:01:15Z</time></trkpt><trkpt lat="37.57191467285156" lon="127.03927612304688"><ele>9.600000381469727</ele><time>2026-09-27T02:01:16Z</time></trkpt><trkpt lat="37.57191848754883" lon="127.03926086425781"><ele>9.399999618530273</ele><time>2026-09-27T02:01:17Z</time></trkpt><trkpt lat="37.571922302246094" lon="127.03924560546875"><ele>9.399999618530273</ele><time>2026-09-27T02:01:18Z</time></trkpt><trkpt lat="37.57192611694336" lon="127.03923034667969"><ele>9.399999618530273</ele><time>2026-09-27T02:01:19Z</time></trkpt><trkpt lat="37.57192611694336" lon="127.03921508789062"><ele>9.199999809265137</ele><time>2026-09-27T02:01:20Z</time></trkpt><trkpt lat="37.571929931640625" lon="127.03919982910156"><ele>9.199999809265137</ele><time>2026-09-27T02:01:21Z</time></trkpt><trkpt lat="37.571929931640625" lon="127.03919219970703"><ele>9.199999809265137</ele><time>2026-09-27T02:01:22Z</time></trkpt><trkpt lat="37.571929931640625" lon="127.03917694091797"><ele>9.199999809265137</ele><time>2026-09-27T02:01:23Z</time></trkpt><trkpt lat="37.571929931640625" lon="127.0391616821289"><ele>9.199999809265137</ele><time>2026-09-27T02:01:24Z</time></trkpt><trkpt lat="37.571929931640625" lon="127.03915405273438"><ele>9.199999809265137</ele><time>2026-09-27T02:01:25Z</time></trkpt><trkpt lat="37.57193374633789" lon="127.03913116455078"><ele>9.199999809265137</ele><time>2026-09-27T02:01:26Z</time></trkpt><trkpt lat="37.57193374633789" lon="127.03911590576172"><ele>9.199999809265137</ele><time>2026-09-27T02:01:27Z</time></trkpt><trkpt lat="37.57193374633789" lon="127.03909301757812"><ele>9.0</ele><time>2026-09-27T02:01:28Z</time></trkpt><trkpt lat="37.571937561035156" lon="127.03907012939453"><ele>9.0</ele><time>2026-09-27T02:01:29Z</time></trkpt><trkpt lat="37.571937561035156" lon="127.03905487060547"><ele>9.199999809265137</ele><time>2026-09-27T02:01:30Z</time></trkpt><trkpt lat="37.57194519042969" lon="127.03902435302734"><ele>9.199999809265137</ele><time>2026-09-27T02:01:31Z</time></trkpt><trkpt lat="37.57194519042969" lon="127.03900909423828"><ele>9.199999809265137</ele><time>2026-09-27T02:01:32Z</time></trkpt><trkpt lat="37.57194900512695" lon="127.03898620605469"><ele>9.199999809265137</ele><time>2026-09-27T02:01:33Z</time></trkpt><trkpt lat="37.571956634521484" lon="127.0389633178711"><ele>9.199999809265137</ele><time>2026-09-27T02:01:34Z</time></trkpt><trkpt lat="37.571956634521484" lon="127.03894805908203"><ele>9.199999809265137</ele><time>2026-09-27T02:01:35Z</time></trkpt><trkpt lat="37.571964263916016" lon="127.0389175415039"><ele>9.199999809265137</ele><time>2026-09-27T02:01:36Z</time></trkpt><trkpt lat="37.57197189331055" lon="127.03888702392578"><ele>9.0</ele><time>2026-09-27T02:01:37Z</time></trkpt><trkpt lat="37.57196807861328" lon="127.03887176513672"><ele>9.199999809265137</ele><time>2026-09-27T02:01:38Z</time></trkpt><trkpt lat="37.57197570800781" lon="127.03884887695312"><ele>9.199999809265137</ele><time>2026-09-27T02:01:39Z</time></trkpt><trkpt lat="37.57197570800781" lon="127.03882598876953"><ele>9.199999809265137</ele><time>2026-09-27T02:01:40Z</time></trkpt><trkpt lat="37.571983337402344" lon="127.03880310058594"><ele>9.199999809265137</ele><time>2026-09-27T02:01:41Z</time></trkpt><trkpt lat="37.57198715209961" lon="127.03878784179688"><ele>9.199999809265137</ele><time>2026-09-27T02:01:42Z</time></trkpt><trkpt lat="37.571983337402344" lon="127.03877258300781"><ele>9.399999618530273</ele><time>2026-09-27T02:01:43Z</time></trkpt><trkpt lat="37.571983337402344" lon="127.03874969482422"><ele>9.399999618530273</ele><time>2026-09-27T02:01:44Z</time></trkpt><trkpt lat="37.57198715209961" lon="127.03873443603516"><ele>9.399999618530273</ele><time>2026-09-27T02:01:45Z</time></trkpt><trkpt lat="37.57198715209961" lon="127.03870391845703"><ele>9.600000381469727</ele><time>2026-09-27T02:01:46Z</time></trkpt><trkpt lat="37.57199478149414" lon="127.03868103027344"><ele>9.600000381469727</ele><time>2026-09-27T02:01:47Z</time></trkpt><trkpt lat="37.57199478149414" lon="127.03865814208984"><ele>9.600000381469727</ele><time>2026-09-27T02:01:48Z</time></trkpt><trkpt lat="37.57200241088867" lon="127.03862762451172"><ele>9.600000381469727</ele><time>2026-09-27T02:01:49Z</time></trkpt><trkpt lat="37.57200622558594" lon="127.03860473632812"><ele>9.600000381469727</ele><time>2026-09-27T02:01:50Z</time></trkpt><trkpt lat="37.5720100402832" lon="127.03858947753906"><ele>9.600000381469727</ele><time>2026-09-27T02:01:51Z</time></trkpt><trkpt lat="37.57201385498047" lon="127.03856658935547"><ele>9.600000381469727</ele><time>2026-09-27T02:01:52Z</time></trkpt><trkpt lat="37.572017669677734" lon="127.0385513305664"><ele>9.600000381469727</ele><time>2026-09-27T02:01:53Z</time></trkpt><trkpt lat="37.572021484375" lon="127.03852844238281"><ele>9.600000381469727</ele><time>2026-09-27T02:01:54Z</time></trkpt><trkpt lat="37.572025299072266" lon="127.03849792480469"><ele>9.600000381469727</ele><time>2026-09-27T02:01:55Z</time></trkpt><trkpt lat="37.572025299072266" lon="127.03848266601562"><ele>9.600000381469727</ele><time>2026-09-27T02:01:56Z</time></trkpt><trkpt lat="37.5720329284668" lon="127.03845977783203"><ele>9.399999618530273</ele><time>2026-09-27T02:01:57Z</time></trkpt><trkpt lat="37.57203674316406" lon="127.03843688964844"><ele>9.399999618530273</ele><time>2026-09-27T02:01:58Z</time></trkpt><trkpt lat="37.57203674316406" lon="127.03841400146484"><ele>9.399999618530273</ele><time>2026-09-27T02:01:59Z</time></trkpt><trkpt lat="37.57204055786133" lon="127.03839111328125"><ele>9.399999618530273</ele><time>2026-09-27T02:02:00Z</time></trkpt><trkpt lat="37.57204055786133" lon="127.03837585449219"><ele>9.199999809265137</ele><time>2026-09-27T02:02:01Z</time></trkpt><trkpt lat="37.572044372558594" lon="127.0383529663086"><ele>9.399999618530273</ele><time>2026-09-27T02:02:02Z</time></trkpt><trkpt lat="37.57204818725586" lon="127.038330078125"><ele>9.399999618530273</ele><time>2026-09-27T02:02:03Z</time></trkpt><trkpt lat="37.572044372558594" lon="127.03831481933594"><ele>9.399999618530273</ele><time>2026-09-27T02:02:04Z</time></trkpt><trkpt lat="37.57204818725586" lon="127.03829193115234"><ele>9.399999618530273</ele><time>2026-09-27T02:02:05Z</time></trkpt><trkpt lat="37.572052001953125" lon="127.03828430175781"><ele>9.399999618530273</ele><time>2026-09-27T02:02:06Z</time></trkpt><trkpt lat="37.57205581665039" lon="127.03826141357422"><ele>9.399999618530273</ele><time>2026-09-27T02:02:07Z</time></trkpt><trkpt lat="37.572059631347656" lon="127.03823852539062"><ele>9.399999618530273</ele><time>2026-09-27T02:02:08Z</time></trkpt><trkpt lat="37.572059631347656" lon="127.03821563720703"><ele>9.399999618530273</ele><time>2026-09-27T02:02:09Z</time></trkpt><trkpt lat="37.57206726074219" lon="127.03817749023438"><ele>9.399999618530273</ele><time>2026-09-27T02:02:10Z</time></trkpt><trkpt lat="37.57207489013672" lon="127.03814697265625"><ele>9.399999618530273</ele><time>2026-09-27T02:02:11Z</time></trkpt><trkpt lat="37.572078704833984" lon="127.03813171386719"><ele>9.399999618530273</ele><time>2026-09-27T02:02:12Z</time></trkpt><trkpt lat="37.57208251953125" lon="127.03811645507812"><ele>9.399999618530273</ele><time>2026-09-27T02:02:13Z</time></trkpt><trkpt lat="37.57209014892578" lon="127.03809356689453"><ele>9.399999618530273</ele><time>2026-09-27T02:02:14Z</time></trkpt><trkpt lat="37.57209777832031" lon="127.0380630493164"><ele>9.399999618530273</ele><time>2026-09-27T02:02:15Z</time></trkpt><trkpt lat="37.572105407714844" lon="127.03804779052734"><ele>9.399999618530273</ele><time>2026-09-27T02:02:16Z</time></trkpt><trkpt lat="37.572113037109375" lon="127.03803253173828"><ele>9.399999618530273</ele><time>2026-09-27T02:02:17Z</time></trkpt><trkpt lat="37.572120666503906" lon="127.03801727294922"><ele>9.399999618530273</ele><time>2026-09-27T02:02:18Z</time></trkpt><trkpt lat="37.57212448120117" lon="127.03800201416016"><ele>9.399999618530273</ele><time>2026-09-27T02:02:19Z</time></trkpt><trkpt lat="37.57212829589844" lon="127.0379867553711"><ele>9.399999618530273</ele><time>2026-09-27T02:02:20Z</time></trkpt><trkpt lat="37.57212829589844" lon="127.0379638671875"><ele>9.399999618530273</ele><time>2026-09-27T02:02:21Z</time></trkpt><trkpt lat="37.5721321105957" lon="127.03792572021484"><ele>9.399999618530273</ele><time>2026-09-27T02:02:22Z</time></trkpt><trkpt lat="37.572139739990234" lon="127.03789520263672"><ele>9.399999618530273</ele><time>2026-09-27T02:02:23Z</time></trkpt><trkpt lat="37.5721435546875" lon="127.0378646850586"><ele>9.199999809265137</ele><time>2026-09-27T02:02:24Z</time></trkpt><trkpt lat="37.572147369384766" lon="127.03783416748047"><ele>9.399999618530273</ele><time>2026-09-27T02:02:25Z</time></trkpt><trkpt lat="37.572147369384766" lon="127.03781127929688"><ele>9.399999618530273</ele><time>2026-09-27T02:02:26Z</time></trkpt><trkpt lat="37.57215118408203" lon="127.03778839111328"><ele>9.399999618530273</ele><time>2026-09-27T02:02:27Z</time></trkpt><trkpt lat="37.572139739990234" lon="127.03775787353516"><ele>9.399999618530273</ele><time>2026-09-27T02:02:28Z</time></trkpt><trkpt lat="37.57212829589844" lon="127.03773498535156"><ele>9.399999618530273</ele><time>2026-09-27T02:02:29Z</time></trkpt><trkpt lat="37.572120666503906" lon="127.03770446777344"><ele>9.399999618530273</ele><time>2026-09-27T02:02:30Z</time></trkpt><trkpt lat="37.572113037109375" lon="127.03768920898438"><ele>9.399999618530273</ele><time>2026-09-27T02:02:31Z</time></trkpt><trkpt lat="37.572105407714844" lon="127.03766632080078"><ele>9.399999618530273</ele><time>2026-09-27T02:02:32Z</time></trkpt><trkpt lat="37.57209777832031" lon="127.03763580322266"><ele>9.399999618530273</ele><time>2026-09-27T02:02:33Z</time></trkpt><trkpt lat="37.572086334228516" lon="127.0376205444336"><ele>9.399999618530273</ele><time>2026-09-27T02:02:34Z</time></trkpt><trkpt lat="37.57208251953125" lon="127.03759002685547"><ele>9.600000381469727</ele><time>2026-09-27T02:02:35Z</time></trkpt><trkpt lat="37.572078704833984" lon="127.0375747680664"><ele>9.600000381469727</ele><time>2026-09-27T02:02:36Z</time></trkpt><trkpt lat="37.57207489013672" lon="127.03755187988281"><ele>9.600000381469727</ele><time>2026-09-27T02:02:37Z</time></trkpt><trkpt lat="37.57207489013672" lon="127.03753662109375"><ele>9.600000381469727</ele><time>2026-09-27T02:02:38Z</time></trkpt><trkpt lat="37.57207489013672" lon="127.03752899169922"><ele>9.600000381469727</ele><time>2026-09-27T02:02:39Z</time></trkpt><trkpt lat="37.57207489013672" lon="127.03750610351562"><ele>9.600000381469727</ele><time>2026-09-27T02:02:40Z</time></trkpt><trkpt lat="37.57207489013672" lon="127.03749084472656"><ele>9.600000381469727</ele><time>2026-09-27T02:02:41Z</time></trkpt><trkpt lat="37.57207489013672" lon="127.03746032714844"><ele>9.600000381469727</ele><time>2026-09-27T02:02:42Z</time></trkpt><trkpt lat="37.572078704833984" lon="127.03743743896484"><ele>9.600000381469727</ele><time>2026-09-27T02:02:43Z</time></trkpt><trkpt lat="37.572078704833984" lon="127.03740692138672"><ele>9.600000381469727</ele><time>2026-09-27T02:02:44Z</time></trkpt><trkpt lat="37.57208251953125" lon="127.0373764038086"><ele>9.600000381469727</ele><time>2026-09-27T02:02:45Z</time></trkpt><trkpt lat="37.572078704833984" lon="127.037353515625"><ele>9.600000381469727</ele><time>2026-09-27T02:02:46Z</time></trkpt><trkpt lat="37.572078704833984" lon="127.03732299804688"><ele>9.600000381469727</ele><time>2026-09-27T02:02:47Z</time></trkpt><trkpt lat="37.572078704833984" lon="127.03730773925781"><ele>9.600000381469727</ele><time>2026-09-27T02:02:48Z</time></trkpt><trkpt lat="37.572078704833984" lon="127.03728485107422"><ele>9.600000381469727</ele><time>2026-09-27T02:02:49Z</time></trkpt><trkpt lat="37.572078704833984" lon="127.03726196289062"><ele>9.600000381469727</ele><time>2026-09-27T02:02:50Z</time></trkpt><trkpt lat="37.572078704833984" lon="127.0372314453125"><ele>9.600000381469727</ele><time>2026-09-27T02:02:51Z</time></trkpt><trkpt lat="37.57207489013672" lon="127.0372085571289"><ele>9.600000381469727</ele><time>2026-09-27T02:02:52Z</time></trkpt><trkpt lat="37.57207107543945" lon="127.03718566894531"><ele>9.600000381469727</ele><time>2026-09-27T02:02:53Z</time></trkpt><trkpt lat="37.57206726074219" lon="127.03716278076172"><ele>9.600000381469727</ele><time>2026-09-27T02:02:54Z</time></trkpt><trkpt lat="37.57206726074219" lon="127.03713989257812"><ele>9.600000381469727</ele><time>2026-09-27T02:02:55Z</time></trkpt><trkpt lat="37.57207107543945" lon="127.03711700439453"><ele>9.600000381469727</ele><time>2026-09-27T02:02:56Z</time></trkpt><trkpt lat="37.57207107543945" lon="127.03709411621094"><ele>9.600000381469727</ele><time>2026-09-27T02:02:57Z</time></trkpt><trkpt lat="37.57207107543945" lon="127.03707885742188"><ele>9.600000381469727</ele><time>2026-09-27T02:02:58Z</time></trkpt><trkpt lat="37.57207107543945" lon="127.03704833984375"><ele>9.600000381469727</ele><time>2026-09-27T02:02:59Z</time></trkpt><trkpt lat="37.57207107543945" lon="127.03703308105469"><ele>9.600000381469727</ele><time>2026-09-27T02:03:00Z</time></trkpt><trkpt lat="37.57207489013672" lon="127.0370101928711"><ele>9.600000381469727</ele><time>2026-09-27T02:03:01Z</time></trkpt><trkpt lat="37.57207489013672" lon="127.03699493408203"><ele>9.600000381469727</ele><time>2026-09-27T02:03:02Z</time></trkpt><trkpt lat="37.57207489013672" lon="127.03697204589844"><ele>9.600000381469727</ele><time>2026-09-27T02:03:03Z</time></trkpt><trkpt lat="37.57207489013672" lon="127.03694915771484"><ele>9.399999618530273</ele><time>2026-09-27T02:03:04Z</time></trkpt><trkpt lat="37.57207107543945" lon="127.03692626953125"><ele>9.399999618530273</ele><time>2026-09-27T02:03:05Z</time></trkpt><trkpt lat="37.57206726074219" lon="127.03689575195312"><ele>9.399999618530273</ele><time>2026-09-27T02:03:06Z</time></trkpt><trkpt lat="37.57206344604492" lon="127.03687286376953"><ele>9.399999618530273</ele><time>2026-09-27T02:03:07Z</time></trkpt><trkpt lat="37.57206344604492" lon="127.03684997558594"><ele>9.399999618530273</ele><time>2026-09-27T02:03:08Z</time></trkpt><trkpt lat="37.57206344604492" lon="127.03681945800781"><ele>9.399999618530273</ele><time>2026-09-27T02:03:09Z</time></trkpt><trkpt lat="37.572059631347656" lon="127.03680419921875"><ele>9.399999618530273</ele><time>2026-09-27T02:03:10Z</time></trkpt><trkpt lat="37.572059631347656" lon="127.0367660522461"><ele>9.399999618530273</ele><time>2026-09-27T02:03:11Z</time></trkpt><trkpt lat="37.572059631347656" lon="127.03675079345703"><ele>9.399999618530273</ele><time>2026-09-27T02:03:12Z</time></trkpt><trkpt lat="37.572059631347656" lon="127.0367202758789"><ele>9.399999618530273</ele><time>2026-09-27T02:03:13Z</time></trkpt><trkpt lat="37.572059631347656" lon="127.03669738769531"><ele>9.399999618530273</ele><time>2026-09-27T02:03:14Z</time></trkpt><trkpt lat="37.57205581665039" lon="127.03667449951172"><ele>9.399999618530273</ele><time>2026-09-27T02:03:15Z</time></trkpt><trkpt lat="37.572052001953125" lon="127.0366439819336"><ele>9.399999618530273</ele><time>2026-09-27T02:03:16Z</time></trkpt><trkpt lat="37.57204818725586" lon="127.03662872314453"><ele>9.399999618530273</ele><time>2026-09-27T02:03:17Z</time></trkpt><trkpt lat="37.572044372558594" lon="127.0365982055664"><ele>9.399999618530273</ele><time>2026-09-27T02:03:18Z</time></trkpt><trkpt lat="37.57203674316406" lon="127.03658294677734"><ele>9.399999618530273</ele><time>2026-09-27T02:03:19Z</time></trkpt><trkpt lat="37.5720329284668" lon="127.03656005859375"><ele>9.399999618530273</ele><time>2026-09-27T02:03:20Z</time></trkpt><trkpt lat="37.572025299072266" lon="127.03653717041016"><ele>9.399999618530273</ele><time>2026-09-27T02:03:21Z</time></trkpt><trkpt lat="37.572017669677734" lon="127.03650665283203"><ele>9.399999618530273</ele><time>2026-09-27T02:03:22Z</time></trkpt><trkpt lat="37.57201385498047" lon="127.03648376464844"><ele>9.399999618530273</ele><time>2026-09-27T02:03:23Z</time></trkpt><trkpt lat="37.571998596191406" lon="127.03646850585938"><ele>9.399999618530273</ele><time>2026-09-27T02:03:24Z</time></trkpt><trkpt lat="37.57199478149414" lon="127.03643798828125"><ele>9.399999618530273</ele><time>2026-09-27T02:03:25Z</time></trkpt><trkpt lat="37.57197952270508" lon="127.03641510009766"><ele>9.399999618530273</ele><time>2026-09-27T02:03:26Z</time></trkpt><trkpt lat="37.57196807861328" lon="127.03639221191406"><ele>9.399999618530273</ele><time>2026-09-27T02:03:27Z</time></trkpt><trkpt lat="37.571956634521484" lon="127.03636932373047"><ele>9.399999618530273</ele><time>2026-09-27T02:03:28Z</time></trkpt><trkpt lat="37.57194900512695" lon="127.03634643554688"><ele>9.399999618530273</ele><time>2026-09-27T02:03:29Z</time></trkpt><trkpt lat="37.57194137573242" lon="127.03632354736328"><ele>9.399999618530273</ele><time>2026-09-27T02:03:30Z</time></trkpt><trkpt lat="37.57193374633789" lon="127.03630828857422"><ele>9.399999618530273</ele><time>2026-09-27T02:03:31Z</time></trkpt><trkpt lat="37.57192611694336" lon="127.03629302978516"><ele>9.399999618530273</ele><time>2026-09-27T02:03:32Z</time></trkpt><trkpt lat="37.57191467285156" lon="127.03627014160156"><ele>9.399999618530273</ele><time>2026-09-27T02:03:33Z</time></trkpt><trkpt lat="37.5719108581543" lon="127.0362548828125"><ele>9.399999618530273</ele><time>2026-09-27T02:03:34Z</time></trkpt><trkpt lat="37.57190704345703" lon="127.0362319946289"><ele>9.399999618530273</ele><time>2026-09-27T02:03:35Z</time></trkpt><trkpt lat="37.571903228759766" lon="127.03620910644531"><ele>9.399999618530273</ele><time>2026-09-27T02:03:36Z</time></trkpt><trkpt lat="37.5718994140625" lon="127.03618621826172"><ele>9.399999618530273</ele><time>2026-09-27T02:03:37Z</time></trkpt><trkpt lat="37.571895599365234" lon="127.03616333007812"><ele>9.399999618530273</ele><time>2026-09-27T02:03:38Z</time></trkpt><trkpt lat="37.57189178466797" lon="127.03614807128906"><ele>9.399999618530273</ele><time>2026-09-27T02:03:39Z</time></trkpt><trkpt lat="37.5718879699707" lon="127.03611755371094"><ele>9.399999618530273</ele><time>2026-09-27T02:03:40Z</time></trkpt><trkpt lat="37.5718879699707" lon="127.03609466552734"><ele>9.399999618530273</ele><time>2026-09-27T02:03:41Z</time></trkpt><trkpt lat="37.57188034057617" lon="127.03607177734375"><ele>9.399999618530273</ele><time>2026-09-27T02:03:42Z</time></trkpt><trkpt lat="37.571876525878906" lon="127.03604125976562"><ele>9.399999618530273</ele><time>2026-09-27T02:03:43Z</time></trkpt><trkpt lat="37.57187271118164" lon="127.03601837158203"><ele>9.399999618530273</ele><time>2026-09-27T02:03:44Z</time></trkpt><trkpt lat="37.571868896484375" lon="127.03600311279297"><ele>9.399999618530273</ele><time>2026-09-27T02:03:45Z</time></trkpt><trkpt lat="37.571868896484375" lon="127.03597259521484"><ele>9.600000381469727</ele><time>2026-09-27T02:03:46Z</time></trkpt><trkpt lat="37.571861267089844" lon="127.03596496582031"><ele>9.600000381469727</ele><time>2026-09-27T02:03:47Z</time></trkpt><trkpt lat="37.571861267089844" lon="127.03594207763672"><ele>9.600000381469727</ele><time>2026-09-27T02:03:48Z</time></trkpt><trkpt lat="37.57185363769531" lon="127.03591918945312"><ele>9.600000381469727</ele><time>2026-09-27T02:03:49Z</time></trkpt><trkpt lat="37.57184982299805" lon="127.03590393066406"><ele>9.600000381469727</ele><time>2026-09-27T02:03:50Z</time></trkpt><trkpt lat="37.57184600830078" lon="127.03588104248047"><ele>9.600000381469727</ele><time>2026-09-27T02:03:51Z</time></trkpt><trkpt lat="37.57184600830078" lon="127.03587341308594"><ele>9.600000381469727</ele><time>2026-09-27T02:03:52Z</time></trkpt><trkpt lat="37.571842193603516" lon="127.03585052490234"><ele>9.600000381469727</ele><time>2026-09-27T02:03:53Z</time></trkpt><trkpt lat="37.57183837890625" lon="127.03582763671875"><ele>9.399999618530273</ele><time>2026-09-27T02:03:54Z</time></trkpt><trkpt lat="37.571834564208984" lon="127.03581237792969"><ele>9.399999618530273</ele><time>2026-09-27T02:03:55Z</time></trkpt><trkpt lat="37.57183074951172" lon="127.03578186035156"><ele>9.600000381469727</ele><time>2026-09-27T02:03:56Z</time></trkpt><trkpt lat="37.57182693481445" lon="127.0357666015625"><ele>9.600000381469727</ele><time>2026-09-27T02:03:57Z</time></trkpt><trkpt lat="37.57182312011719" lon="127.03573608398438"><ele>9.600000381469727</ele><time>2026-09-27T02:03:58Z</time></trkpt><trkpt lat="37.57181930541992" lon="127.03571319580078"><ele>9.600000381469727</ele><time>2026-09-27T02:03:59Z</time></trkpt><trkpt lat="37.57181167602539" lon="127.03569793701172"><ele>9.600000381469727</ele><time>2026-09-27T02:04:00Z</time></trkpt><trkpt lat="37.57181167602539" lon="127.0356674194336"><ele>9.600000381469727</ele><time>2026-09-27T02:04:01Z</time></trkpt><trkpt lat="37.57180404663086" lon="127.03565216064453"><ele>9.600000381469727</ele><time>2026-09-27T02:04:02Z</time></trkpt><trkpt lat="37.57180404663086" lon="127.03562927246094"><ele>9.600000381469727</ele><time>2026-09-27T02:04:03Z</time></trkpt><trkpt lat="37.571800231933594" lon="127.03560638427734"><ele>9.600000381469727</ele><time>2026-09-27T02:04:04Z</time></trkpt><trkpt lat="37.57179641723633" lon="127.03559112548828"><ele>9.600000381469727</ele><time>2026-09-27T02:04:05Z</time></trkpt><trkpt lat="37.5717887878418" lon="127.03556060791016"><ele>9.600000381469727</ele><time>2026-09-27T02:04:06Z</time></trkpt><trkpt lat="37.571781158447266" lon="127.0355453491211"><ele>9.600000381469727</ele><time>2026-09-27T02:04:07Z</time></trkpt><trkpt lat="37.571773529052734" lon="127.0355224609375"><ele>9.600000381469727</ele><time>2026-09-27T02:04:08Z</time></trkpt><trkpt lat="37.57176971435547" lon="127.03549194335938"><ele>9.600000381469727</ele><time>2026-09-27T02:04:09Z</time></trkpt><trkpt lat="37.57176208496094" lon="127.03546905517578"><ele>9.600000381469727</ele><time>2026-09-27T02:04:10Z</time></trkpt><trkpt lat="37.571754455566406" lon="127.03544616699219"><ele>9.600000381469727</ele><time>2026-09-27T02:04:11Z</time></trkpt><trkpt lat="37.57176208496094" lon="127.03543090820312"><ele>9.600000381469727</ele><time>2026-09-27T02:04:12Z</time></trkpt><trkpt lat="37.571754455566406" lon="127.03541564941406"><ele>9.600000381469727</ele><time>2026-09-27T02:04:13Z</time></trkpt><trkpt lat="37.57175064086914" lon="127.03539276123047"><ele>9.600000381469727</ele><time>2026-09-27T02:04:14Z</time></trkpt><trkpt lat="37.57174301147461" lon="127.0353775024414"><ele>9.600000381469727</ele><time>2026-09-27T02:04:15Z</time></trkpt><trkpt lat="37.571739196777344" lon="127.03536224365234"><ele>9.600000381469727</ele><time>2026-09-27T02:04:16Z</time></trkpt><trkpt lat="37.57172775268555" lon="127.03533935546875"><ele>9.600000381469727</ele><time>2026-09-27T02:04:17Z</time></trkpt><trkpt lat="37.571720123291016" lon="127.03533172607422"><ele>9.600000381469727</ele><time>2026-09-27T02:04:18Z</time></trkpt><trkpt lat="37.571712493896484" lon="127.03530883789062"><ele>9.600000381469727</ele><time>2026-09-27T02:04:19Z</time></trkpt><trkpt lat="37.57170486450195" lon="127.03528594970703"><ele>9.600000381469727</ele><time>2026-09-27T02:04:20Z</time></trkpt><trkpt lat="37.57169723510742" lon="127.03526306152344"><ele>9.600000381469727</ele><time>2026-09-27T02:04:21Z</time></trkpt><trkpt lat="37.57168960571289" lon="127.03524017333984"><ele>9.600000381469727</ele><time>2026-09-27T02:04:22Z</time></trkpt><trkpt lat="37.571678161621094" lon="127.03522491455078"><ele>9.600000381469727</ele><time>2026-09-27T02:04:23Z</time></trkpt><trkpt lat="37.57167434692383" lon="127.03520202636719"><ele>9.600000381469727</ele><time>2026-09-27T02:04:24Z</time></trkpt><trkpt lat="37.5716667175293" lon="127.0351791381836"><ele>9.600000381469727</ele><time>2026-09-27T02:04:25Z</time></trkpt><trkpt lat="37.571659088134766" lon="127.03516387939453"><ele>9.600000381469727</ele><time>2026-09-27T02:04:26Z</time></trkpt><trkpt lat="37.57164764404297" lon="127.03514099121094"><ele>9.600000381469727</ele><time>2026-09-27T02:04:27Z</time></trkpt><trkpt lat="37.57164001464844" lon="127.03511810302734"><ele>9.600000381469727</ele><time>2026-09-27T02:04:28Z</time></trkpt><trkpt lat="37.57162857055664" lon="127.03509521484375"><ele>9.600000381469727</ele><time>2026-09-27T02:04:29Z</time></trkpt><trkpt lat="37.571624755859375" lon="127.03507232666016"><ele>9.600000381469727</ele><time>2026-09-27T02:04:30Z</time></trkpt><trkpt lat="37.57162094116211" lon="127.0350570678711"><ele>9.600000381469727</ele><time>2026-09-27T02:04:31Z</time></trkpt><trkpt lat="37.571624755859375" lon="127.0350341796875"><ele>9.600000381469727</ele><time>2026-09-27T02:04:32Z</time></trkpt><trkpt lat="37.57160949707031" lon="127.0350112915039"><ele>9.600000381469727</ele><time>2026-09-27T02:04:33Z</time></trkpt><trkpt lat="37.57160568237305" lon="127.03498840332031"><ele>9.600000381469727</ele><time>2026-09-27T02:04:34Z</time></trkpt><trkpt lat="37.57159423828125" lon="127.03496551513672"><ele>9.800000190734863</ele><time>2026-09-27T02:04:35Z</time></trkpt><trkpt lat="37.571590423583984" lon="127.03494262695312"><ele>9.800000190734863</ele><time>2026-09-27T02:04:36Z</time></trkpt><trkpt lat="37.57158279418945" lon="127.03492736816406"><ele>9.800000190734863</ele><time>2026-09-27T02:04:37Z</time></trkpt><trkpt lat="37.571571350097656" lon="127.03490447998047"><ele>9.800000190734863</ele><time>2026-09-27T02:04:38Z</time></trkpt><trkpt lat="37.571563720703125" lon="127.0348892211914"><ele>9.600000381469727</ele><time>2026-09-27T02:04:39Z</time></trkpt><trkpt lat="37.57155990600586" lon="127.03486633300781"><ele>9.600000381469727</ele><time>2026-09-27T02:04:40Z</time></trkpt><trkpt lat="37.57154846191406" lon="127.03485107421875"><ele>9.800000190734863</ele><time>2026-09-27T02:04:41Z</time></trkpt><trkpt lat="37.5715446472168" lon="127.03482818603516"><ele>9.800000190734863</ele><time>2026-09-27T02:04:42Z</time></trkpt><trkpt lat="37.57154083251953" lon="127.03482055664062"><ele>9.800000190734863</ele><time>2026-09-27T02:04:43Z</time></trkpt><trkpt lat="37.57154083251953" lon="127.03480529785156"><ele>9.800000190734863</ele><time>2026-09-27T02:04:44Z</time></trkpt><trkpt lat="37.571537017822266" lon="127.03479766845703"><ele>9.800000190734863</ele><time>2026-09-27T02:04:45Z</time></trkpt><trkpt lat="37.5715217590332" lon="127.0347900390625"><ele>9.800000190734863</ele><time>2026-09-27T02:04:46Z</time></trkpt><trkpt lat="37.571502685546875" lon="127.03475952148438"><ele>9.800000190734863</ele><time>2026-09-27T02:04:47Z</time></trkpt><trkpt lat="37.57148742675781" lon="127.03473663330078"><ele>9.800000190734863</ele><time>2026-09-27T02:04:48Z</time></trkpt><trkpt lat="37.57147216796875" lon="127.03470611572266"><ele>9.800000190734863</ele><time>2026-09-27T02:04:49Z</time></trkpt><trkpt lat="37.57145690917969" lon="127.03468322753906"><ele>9.800000190734863</ele><time>2026-09-27T02:04:50Z</time></trkpt><trkpt lat="37.57144546508789" lon="127.03466796875"><ele>9.800000190734863</ele><time>2026-09-27T02:04:51Z</time></trkpt><trkpt lat="37.5714225769043" lon="127.0346450805664"><ele>9.800000190734863</ele><time>2026-09-27T02:04:52Z</time></trkpt><trkpt lat="37.5714111328125" lon="127.03462219238281"><ele>9.800000190734863</ele><time>2026-09-27T02:04:53Z</time></trkpt><trkpt lat="37.5713996887207" lon="127.03459930419922"><ele>9.800000190734863</ele><time>2026-09-27T02:04:54Z</time></trkpt><trkpt lat="37.571388244628906" lon="127.03457641601562"><ele>9.800000190734863</ele><time>2026-09-27T02:04:55Z</time></trkpt><trkpt lat="37.57137680053711" lon="127.03456115722656"><ele>9.800000190734863</ele><time>2026-09-27T02:04:56Z</time></trkpt><trkpt lat="37.57136154174805" lon="127.03453826904297"><ele>9.800000190734863</ele><time>2026-09-27T02:04:57Z</time></trkpt><trkpt lat="37.57135009765625" lon="127.0345230102539"><ele>9.800000190734863</ele><time>2026-09-27T02:04:58Z</time></trkpt><trkpt lat="37.57133865356445" lon="127.03450012207031"><ele>9.800000190734863</ele><time>2026-09-27T02:04:59Z</time></trkpt><trkpt lat="37.571327209472656" lon="127.03448486328125"><ele>9.800000190734863</ele><time>2026-09-27T02:05:00Z</time></trkpt><trkpt lat="37.571311950683594" lon="127.03446960449219"><ele>9.800000190734863</ele><time>2026-09-27T02:05:01Z</time></trkpt><trkpt lat="37.571292877197266" lon="127.0344467163086"><ele>9.800000190734863</ele><time>2026-09-27T02:05:02Z</time></trkpt><trkpt lat="37.57128143310547" lon="127.03443145751953"><ele>9.800000190734863</ele><time>2026-09-27T02:05:03Z</time></trkpt><trkpt lat="37.571266174316406" lon="127.03441619873047"><ele>9.800000190734863</ele><time>2026-09-27T02:05:04Z</time></trkpt><trkpt lat="37.571250915527344" lon="127.0344009399414"><ele>9.800000190734863</ele><time>2026-09-27T02:05:05Z</time></trkpt><trkpt lat="37.57123947143555" lon="127.03438568115234"><ele>9.800000190734863</ele><time>2026-09-27T02:05:06Z</time></trkpt><trkpt lat="37.571224212646484" lon="127.03437042236328"><ele>9.800000190734863</ele><time>2026-09-27T02:05:07Z</time></trkpt><trkpt lat="37.57121658325195" lon="127.03435516357422"><ele>9.800000190734863</ele><time>2026-09-27T02:05:08Z</time></trkpt><trkpt lat="37.57120132446289" lon="127.03433990478516"><ele>9.800000190734863</ele><time>2026-09-27T02:05:09Z</time></trkpt><trkpt lat="37.571189880371094" lon="127.03431701660156"><ele>9.800000190734863</ele><time>2026-09-27T02:05:10Z</time></trkpt><trkpt lat="37.5711784362793" lon="127.0343017578125"><ele>9.800000190734863</ele><time>2026-09-27T02:05:11Z</time></trkpt><trkpt lat="37.571163177490234" lon="127.0342788696289"><ele>9.800000190734863</ele><time>2026-09-27T02:05:12Z</time></trkpt><trkpt lat="37.57115173339844" lon="127.03427124023438"><ele>9.800000190734863</ele><time>2026-09-27T02:05:13Z</time></trkpt><trkpt lat="37.571136474609375" lon="127.03424835205078"><ele>9.800000190734863</ele><time>2026-09-27T02:05:14Z</time></trkpt><trkpt lat="37.57112503051758" lon="127.03423309326172"><ele>9.800000190734863</ele><time>2026-09-27T02:05:15Z</time></trkpt><trkpt lat="37.571109771728516" lon="127.03421783447266"><ele>9.800000190734863</ele><time>2026-09-27T02:05:16Z</time></trkpt><trkpt lat="37.57109451293945" lon="127.03419494628906"><ele>9.800000190734863</ele><time>2026-09-27T02:05:17Z</time></trkpt><trkpt lat="37.571083068847656" lon="127.0341796875"><ele>9.800000190734863</ele><time>2026-09-27T02:05:18Z</time></trkpt><trkpt lat="37.57107162475586" lon="127.0341567993164"><ele>9.800000190734863</ele><time>2026-09-27T02:05:19Z</time></trkpt><trkpt lat="37.57106018066406" lon="127.03413391113281"><ele>9.800000190734863</ele><time>2026-09-27T02:05:20Z</time></trkpt><trkpt lat="37.571048736572266" lon="127.03411865234375"><ele>9.800000190734863</ele><time>2026-09-27T02:05:21Z</time></trkpt><trkpt lat="37.57103729248047" lon="127.03409576416016"><ele>9.800000190734863</ele><time>2026-09-27T02:05:22Z</time></trkpt><trkpt lat="37.57102584838867" lon="127.0340805053711"><ele>9.800000190734863</ele><time>2026-09-27T02:05:23Z</time></trkpt><trkpt lat="37.57101058959961" lon="127.0340576171875"><ele>9.800000190734863</ele><time>2026-09-27T02:05:24Z</time></trkpt><trkpt lat="37.57099914550781" lon="127.0340347290039"><ele>9.800000190734863</ele><time>2026-09-27T02:05:25Z</time></trkpt><trkpt lat="37.57098388671875" lon="127.03401947021484"><ele>9.800000190734863</ele><time>2026-09-27T02:05:26Z</time></trkpt><trkpt lat="37.57096862792969" lon="127.03400421142578"><ele>9.800000190734863</ele><time>2026-09-27T02:05:27Z</time></trkpt><trkpt lat="37.570953369140625" lon="127.03398895263672"><ele>9.800000190734863</ele><time>2026-09-27T02:05:28Z</time></trkpt><trkpt lat="37.57093811035156" lon="127.03397369384766"><ele>9.800000190734863</ele><time>2026-09-27T02:05:29Z</time></trkpt><trkpt lat="37.570926666259766" lon="127.03395080566406"><ele>9.800000190734863</ele><time>2026-09-27T02:05:30Z</time></trkpt><trkpt lat="37.57091522216797" lon="127.033935546875"><ele>9.800000190734863</ele><time>2026-09-27T02:05:31Z</time></trkpt><trkpt lat="37.570899963378906" lon="127.0339126586914"><ele>9.800000190734863</ele><time>2026-09-27T02:05:32Z</time></trkpt><trkpt lat="37.57088851928711" lon="127.03390502929688"><ele>9.800000190734863</ele><time>2026-09-27T02:05:33Z</time></trkpt><trkpt lat="37.57087707519531" lon="127.03388214111328"><ele>9.800000190734863</ele><time>2026-09-27T02:05:34Z</time></trkpt><trkpt lat="37.570865631103516" lon="127.03387451171875"><ele>9.800000190734863</ele><time>2026-09-27T02:05:35Z</time></trkpt><trkpt lat="37.57085037231445" lon="127.03385162353516"><ele>9.800000190734863</ele><time>2026-09-27T02:05:36Z</time></trkpt><trkpt lat="37.570838928222656" lon="127.0338363647461"><ele>9.800000190734863</ele><time>2026-09-27T02:05:37Z</time></trkpt><trkpt lat="37.570823669433594" lon="127.03382110595703"><ele>10.0</ele><time>2026-09-27T02:05:38Z</time></trkpt><trkpt lat="37.5708122253418" lon="127.03379821777344"><ele>10.0</ele><time>2026-09-27T02:05:39Z</time></trkpt><trkpt lat="37.57080078125" lon="127.03378295898438"><ele>9.800000190734863</ele><time>2026-09-27T02:05:40Z</time></trkpt><trkpt lat="37.5707893371582" lon="127.03376007080078"><ele>9.800000190734863</ele><time>2026-09-27T02:05:41Z</time></trkpt><trkpt lat="37.57078170776367" lon="127.03374481201172"><ele>9.800000190734863</ele><time>2026-09-27T02:05:42Z</time></trkpt><trkpt lat="37.570770263671875" lon="127.03372955322266"><ele>9.800000190734863</ele><time>2026-09-27T02:05:43Z</time></trkpt><trkpt lat="37.570762634277344" lon="127.03370666503906"><ele>9.800000190734863</ele><time>2026-09-27T02:05:44Z</time></trkpt><trkpt lat="37.57075500488281" lon="127.03369140625"><ele>10.0</ele><time>2026-09-27T02:05:45Z</time></trkpt><trkpt lat="37.57075119018555" lon="127.03367614746094"><ele>10.0</ele><time>2026-09-27T02:05:46Z</time></trkpt><trkpt lat="37.57073974609375" lon="127.03366088867188"><ele>10.0</ele><time>2026-09-27T02:05:47Z</time></trkpt><trkpt lat="37.57073211669922" lon="127.03363800048828"><ele>10.0</ele><time>2026-09-27T02:05:48Z</time></trkpt><trkpt lat="37.57072067260742" lon="127.03361511230469"><ele>10.0</ele><time>2026-09-27T02:05:49Z</time></trkpt><trkpt lat="37.570716857910156" lon="127.03359985351562"><ele>10.0</ele><time>2026-09-27T02:05:50Z</time></trkpt><trkpt lat="37.57070541381836" lon="127.03358459472656"><ele>10.0</ele><time>2026-09-27T02:05:51Z</time></trkpt><trkpt lat="37.5706901550293" lon="127.0335693359375"><ele>10.0</ele><time>2026-09-27T02:05:52Z</time></trkpt><trkpt lat="37.5706787109375" lon="127.03355407714844"><ele>10.0</ele><time>2026-09-27T02:05:53Z</time></trkpt><trkpt lat="37.5706672668457" lon="127.0335464477539"><ele>10.0</ele><time>2026-09-27T02:05:54Z</time></trkpt><trkpt lat="37.57065963745117" lon="127.03353118896484"><ele>10.0</ele><time>2026-09-27T02:05:55Z</time></trkpt><trkpt lat="37.570648193359375" lon="127.03351593017578"><ele>10.0</ele><time>2026-09-27T02:05:56Z</time></trkpt><trkpt lat="37.57062911987305" lon="127.03350067138672"><ele>10.0</ele><time>2026-09-27T02:05:57Z</time></trkpt><trkpt lat="37.570613861083984" lon="127.03348541259766"><ele>10.0</ele><time>2026-09-27T02:05:58Z</time></trkpt><trkpt lat="37.570594787597656" lon="127.03346252441406"><ele>10.0</ele><time>2026-09-27T02:05:59Z</time></trkpt><trkpt lat="37.57058334350586" lon="127.033447265625"><ele>10.0</ele><time>2026-09-27T02:06:00Z</time></trkpt><trkpt lat="37.57057189941406" lon="127.03343200683594"><ele>10.0</ele><time>2026-09-27T02:06:01Z</time></trkpt><trkpt lat="37.570556640625" lon="127.03340911865234"><ele>10.0</ele><time>2026-09-27T02:06:02Z</time></trkpt><trkpt lat="37.5705451965332" lon="127.03340148925781"><ele>10.0</ele><time>2026-09-27T02:06:03Z</time></trkpt><trkpt lat="37.570526123046875" lon="127.03337860107422"><ele>10.0</ele><time>2026-09-27T02:06:04Z</time></trkpt><trkpt lat="37.570518493652344" lon="127.03337097167969"><ele>10.0</ele><time>2026-09-27T02:06:05Z</time></trkpt><trkpt lat="37.57050323486328" lon="127.0333480834961"><ele>10.0</ele><time>2026-09-27T02:06:06Z</time></trkpt><trkpt lat="37.57048797607422" lon="127.03333282470703"><ele>10.0</ele><time>2026-09-27T02:06:07Z</time></trkpt><trkpt lat="37.57047653198242" lon="127.03331756591797"><ele>10.0</ele><time>2026-09-27T02:06:08Z</time></trkpt><trkpt lat="37.57046127319336" lon="127.03329467773438"><ele>10.0</ele><time>2026-09-27T02:06:09Z</time></trkpt><trkpt lat="37.57045364379883" lon="127.03327941894531"><ele>10.0</ele><time>2026-09-27T02:06:10Z</time></trkpt><trkpt lat="37.5704460144043" lon="127.03326416015625"><ele>10.0</ele><time>2026-09-27T02:06:11Z</time></trkpt><trkpt lat="37.5704345703125" lon="127.03324127197266"><ele>10.0</ele><time>2026-09-27T02:06:12Z</time></trkpt><trkpt lat="37.57042694091797" lon="127.0332260131836"><ele>10.0</ele><time>2026-09-27T02:06:13Z</time></trkpt><trkpt lat="37.57041549682617" lon="127.033203125"><ele>10.0</ele><time>2026-09-27T02:06:14Z</time></trkpt><trkpt lat="37.57040786743164" lon="127.0331802368164"><ele>10.0</ele><time>2026-09-27T02:06:15Z</time></trkpt><trkpt lat="37.570396423339844" lon="127.03316497802734"><ele>10.0</ele><time>2026-09-27T02:06:16Z</time></trkpt><trkpt lat="37.57038879394531" lon="127.03314208984375"><ele>10.0</ele><time>2026-09-27T02:06:17Z</time></trkpt><trkpt lat="37.570377349853516" lon="127.03312683105469"><ele>10.0</ele><time>2026-09-27T02:06:18Z</time></trkpt><trkpt lat="37.570369720458984" lon="127.03311157226562"><ele>10.0</ele><time>2026-09-27T02:06:19Z</time></trkpt><trkpt lat="37.57036209106445" lon="127.03308868408203"><ele>10.0</ele><time>2026-09-27T02:06:20Z</time></trkpt><trkpt lat="37.570350646972656" lon="127.03307342529297"><ele>10.0</ele><time>2026-09-27T02:06:21Z</time></trkpt><trkpt lat="37.570343017578125" lon="127.03305053710938"><ele>10.0</ele><time>2026-09-27T02:06:22Z</time></trkpt><trkpt lat="37.570335388183594" lon="127.03302764892578"><ele>10.0</ele><time>2026-09-27T02:06:23Z</time></trkpt><trkpt lat="37.5703239440918" lon="127.03301239013672"><ele>10.0</ele><time>2026-09-27T02:06:24Z</time></trkpt><trkpt lat="37.5703125" lon="127.0329818725586"><ele>10.0</ele><time>2026-09-27T02:06:25Z</time></trkpt><trkpt lat="37.5703010559082" lon="127.03296661376953"><ele>10.0</ele><time>2026-09-27T02:06:26Z</time></trkpt><trkpt lat="37.57028579711914" lon="127.03295135498047"><ele>10.0</ele><time>2026-09-27T02:06:27Z</time></trkpt><trkpt lat="37.570274353027344" lon="127.03292846679688"><ele>10.0</ele><time>2026-09-27T02:06:28Z</time></trkpt><trkpt lat="37.57026290893555" lon="127.03292083740234"><ele>10.0</ele><time>2026-09-27T02:06:29Z</time></trkpt><trkpt lat="37.57025146484375" lon="127.03290557861328"><ele>10.0</ele><time>2026-09-27T02:06:30Z</time></trkpt><trkpt lat="37.57024002075195" lon="127.03289031982422"><ele>10.0</ele><time>2026-09-27T02:06:31Z</time></trkpt><trkpt lat="37.570228576660156" lon="127.03288269042969"><ele>10.0</ele><time>2026-09-27T02:06:32Z</time></trkpt><trkpt lat="37.570220947265625" lon="127.03286743164062"><ele>10.0</ele><time>2026-09-27T02:06:33Z</time></trkpt><trkpt lat="37.570220947265625" lon="127.0328598022461"><ele>9.800000190734863</ele><time>2026-09-27T02:06:34Z</time></trkpt><trkpt lat="37.570213317871094" lon="127.03285217285156"><ele>9.800000190734863</ele><time>2026-09-27T02:06:35Z</time></trkpt><trkpt lat="37.57020568847656" lon="127.0328369140625"><ele>9.800000190734863</ele><time>2026-09-27T02:06:36Z</time></trkpt><trkpt lat="37.5701904296875" lon="127.0328140258789"><ele>9.800000190734863</ele><time>2026-09-27T02:06:37Z</time></trkpt><trkpt lat="37.57017517089844" lon="127.03279113769531"><ele>10.0</ele><time>2026-09-27T02:06:38Z</time></trkpt><trkpt lat="37.570159912109375" lon="127.03276824951172"><ele>10.0</ele><time>2026-09-27T02:06:39Z</time></trkpt><trkpt lat="37.57014846801758" lon="127.03274536132812"><ele>10.0</ele><time>2026-09-27T02:06:40Z</time></trkpt><trkpt lat="37.57012939453125" lon="127.03272247314453"><ele>10.0</ele><time>2026-09-27T02:06:41Z</time></trkpt><trkpt lat="37.57011795043945" lon="127.03269958496094"><ele>10.0</ele><time>2026-09-27T02:06:42Z</time></trkpt><trkpt lat="37.570106506347656" lon="127.03268432617188"><ele>10.0</ele><time>2026-09-27T02:06:43Z</time></trkpt><trkpt lat="37.570091247558594" lon="127.03266906738281"><ele>10.0</ele><time>2026-09-27T02:06:44Z</time></trkpt><trkpt lat="37.57008361816406" lon="127.03264617919922"><ele>10.0</ele><time>2026-09-27T02:06:45Z</time></trkpt><trkpt lat="37.570068359375" lon="127.03263092041016"><ele>10.0</ele><time>2026-09-27T02:06:46Z</time></trkpt><trkpt lat="37.5700569152832" lon="127.03260803222656"><ele>10.0</ele><time>2026-09-27T02:06:47Z</time></trkpt><trkpt lat="37.570045471191406" lon="127.0325927734375"><ele>10.0</ele><time>2026-09-27T02:06:48Z</time></trkpt><trkpt lat="37.570030212402344" lon="127.03256225585938"><ele>10.0</ele><time>2026-09-27T02:06:49Z</time></trkpt><trkpt lat="37.57001876831055" lon="127.03254699707031"><ele>10.0</ele><time>2026-09-27T02:06:50Z</time></trkpt><trkpt lat="37.57000732421875" lon="127.03252410888672"><ele>10.199999809265137</ele><time>2026-09-27T02:06:51Z</time></trkpt><trkpt lat="37.56999969482422" lon="127.0324935913086"><ele>10.199999809265137</ele><time>2026-09-27T02:06:52Z</time></trkpt><trkpt lat="37.56999206542969" lon="127.032470703125"><ele>10.199999809265137</ele><time>2026-09-27T02:06:53Z</time></trkpt><trkpt lat="37.56998062133789" lon="127.03244018554688"><ele>10.199999809265137</ele><time>2026-09-27T02:06:54Z</time></trkpt><trkpt lat="37.569976806640625" lon="127.03242492675781"><ele>10.199999809265137</ele><time>2026-09-27T02:06:55Z</time></trkpt><trkpt lat="37.569969177246094" lon="127.03240203857422"><ele>10.199999809265137</ele><time>2026-09-27T02:06:56Z</time></trkpt><trkpt lat="37.5699577331543" lon="127.03237915039062"><ele>10.199999809265137</ele><time>2026-09-27T02:06:57Z</time></trkpt><trkpt lat="37.5699462890625" lon="127.03236389160156"><ele>10.199999809265137</ele><time>2026-09-27T02:06:58Z</time></trkpt><trkpt lat="37.56993865966797" lon="127.03234100341797"><ele>10.199999809265137</ele><time>2026-09-27T02:06:59Z</time></trkpt><trkpt lat="37.56992721557617" lon="127.0323257446289"><ele>10.0</ele><time>2026-09-27T02:07:00Z</time></trkpt><trkpt lat="37.569915771484375" lon="127.03229522705078"><ele>10.0</ele><time>2026-09-27T02:07:01Z</time></trkpt><trkpt lat="37.569908142089844" lon="127.03227996826172"><ele>10.0</ele><time>2026-09-27T02:07:02Z</time></trkpt><trkpt lat="37.56990051269531" lon="127.0322494506836"><ele>10.0</ele><time>2026-09-27T02:07:03Z</time></trkpt><trkpt lat="37.56989288330078" lon="127.03223419189453"><ele>10.0</ele><time>2026-09-27T02:07:04Z</time></trkpt><trkpt lat="37.56988525390625" lon="127.03221130371094"><ele>10.0</ele><time>2026-09-27T02:07:05Z</time></trkpt><trkpt lat="37.56987762451172" lon="127.03218078613281"><ele>10.0</ele><time>2026-09-27T02:07:06Z</time></trkpt><trkpt lat="37.569862365722656" lon="127.03217315673828"><ele>10.199999809265137</ele><time>2026-09-27T02:07:07Z</time></trkpt><trkpt lat="37.56985092163086" lon="127.03215026855469"><ele>10.199999809265137</ele><time>2026-09-27T02:07:08Z</time></trkpt><trkpt lat="37.56984329223633" lon="127.0321273803711"><ele>10.199999809265137</ele><time>2026-09-27T02:07:09Z</time></trkpt><trkpt lat="37.5698356628418" lon="127.0321044921875"><ele>10.199999809265137</ele><time>2026-09-27T02:07:10Z</time></trkpt><trkpt lat="37.569828033447266" lon="127.0320816040039"><ele>10.199999809265137</ele><time>2026-09-27T02:07:11Z</time></trkpt><trkpt lat="37.569820404052734" lon="127.03205871582031"><ele>10.199999809265137</ele><time>2026-09-27T02:07:12Z</time></trkpt><trkpt lat="37.5698127746582" lon="127.03202819824219"><ele>10.0</ele><time>2026-09-27T02:07:13Z</time></trkpt><trkpt lat="37.569801330566406" lon="127.03201293945312"><ele>10.0</ele><time>2026-09-27T02:07:14Z</time></trkpt><trkpt lat="37.569793701171875" lon="127.031982421875"><ele>10.199999809265137</ele><time>2026-09-27T02:07:15Z</time></trkpt><trkpt lat="37.569786071777344" lon="127.03196716308594"><ele>10.0</ele><time>2026-09-27T02:07:16Z</time></trkpt><trkpt lat="37.56977844238281" lon="127.03193664550781"><ele>10.199999809265137</ele><time>2026-09-27T02:07:17Z</time></trkpt><trkpt lat="37.56977844238281" lon="127.03191375732422"><ele>10.199999809265137</ele><time>2026-09-27T02:07:18Z</time></trkpt><trkpt lat="37.56977081298828" lon="127.0318832397461"><ele>10.199999809265137</ele><time>2026-09-27T02:07:19Z</time></trkpt><trkpt lat="37.56976318359375" lon="127.0318603515625"><ele>10.199999809265137</ele><time>2026-09-27T02:07:20Z</time></trkpt><trkpt lat="37.569759368896484" lon="127.03182983398438"><ele>10.199999809265137</ele><time>2026-09-27T02:07:21Z</time></trkpt><trkpt lat="37.56975173950195" lon="127.03180694580078"><ele>10.199999809265137</ele><time>2026-09-27T02:07:22Z</time></trkpt><trkpt lat="37.56974792480469" lon="127.03179168701172"><ele>10.199999809265137</ele><time>2026-09-27T02:07:23Z</time></trkpt><trkpt lat="37.569740295410156" lon="127.0317611694336"><ele>10.199999809265137</ele><time>2026-09-27T02:07:24Z</time></trkpt><trkpt lat="37.56973648071289" lon="127.03173828125"><ele>10.199999809265137</ele><time>2026-09-27T02:07:25Z</time></trkpt><trkpt lat="37.569732666015625" lon="127.0317153930664"><ele>10.199999809265137</ele><time>2026-09-27T02:07:26Z</time></trkpt><trkpt lat="37.569732666015625" lon="127.03169250488281"><ele>10.199999809265137</ele><time>2026-09-27T02:07:27Z</time></trkpt><trkpt lat="37.569725036621094" lon="127.03166198730469"><ele>10.199999809265137</ele><time>2026-09-27T02:07:28Z</time></trkpt><trkpt lat="37.569725036621094" lon="127.0316390991211"><ele>10.199999809265137</ele><time>2026-09-27T02:07:29Z</time></trkpt><trkpt lat="37.56972122192383" lon="127.0316162109375"><ele>10.199999809265137</ele><time>2026-09-27T02:07:30Z</time></trkpt><trkpt lat="37.5697135925293" lon="127.0315933227539"><ele>10.199999809265137</ele><time>2026-09-27T02:07:31Z</time></trkpt><trkpt lat="37.56970977783203" lon="127.03157043457031"><ele>10.199999809265137</ele><time>2026-09-27T02:07:32Z</time></trkpt><trkpt lat="37.569705963134766" lon="127.03154754638672"><ele>10.199999809265137</ele><time>2026-09-27T02:07:33Z</time></trkpt><trkpt lat="37.569698333740234" lon="127.03152465820312"><ele>10.199999809265137</ele><time>2026-09-27T02:07:34Z</time></trkpt><trkpt lat="37.5696907043457" lon="127.031494140625"><ele>10.199999809265137</ele><time>2026-09-27T02:07:35Z</time></trkpt><trkpt lat="37.56968688964844" lon="127.0314712524414"><ele>10.199999809265137</ele><time>2026-09-27T02:07:36Z</time></trkpt><trkpt lat="37.56968307495117" lon="127.03144836425781"><ele>10.199999809265137</ele><time>2026-09-27T02:07:37Z</time></trkpt><trkpt lat="37.56967544555664" lon="127.03141784667969"><ele>10.199999809265137</ele><time>2026-09-27T02:07:38Z</time></trkpt><trkpt lat="37.56966781616211" lon="127.0313949584961"><ele>10.199999809265137</ele><time>2026-09-27T02:07:39Z</time></trkpt><trkpt lat="37.56966018676758" lon="127.0313720703125"><ele>10.199999809265137</ele><time>2026-09-27T02:07:40Z</time></trkpt><trkpt lat="37.56965255737305" lon="127.0313491821289"><ele>10.199999809265137</ele><time>2026-09-27T02:07:41Z</time></trkpt><trkpt lat="37.56965255737305" lon="127.03131866455078"><ele>10.199999809265137</ele><time>2026-09-27T02:07:42Z</time></trkpt><trkpt lat="37.56965255737305" lon="127.03129577636719"><ele>10.199999809265137</ele><time>2026-09-27T02:07:43Z</time></trkpt><trkpt lat="37.56965255737305" lon="127.0312728881836"><ele>10.199999809265137</ele><time>2026-09-27T02:07:44Z</time></trkpt><trkpt lat="37.56964874267578" lon="127.03124237060547"><ele>10.199999809265137</ele><time>2026-09-27T02:07:45Z</time></trkpt><trkpt lat="37.56964874267578" lon="127.03121948242188"><ele>10.199999809265137</ele><time>2026-09-27T02:07:46Z</time></trkpt><trkpt lat="37.56964874267578" lon="127.03119659423828"><ele>10.199999809265137</ele><time>2026-09-27T02:07:47Z</time></trkpt><trkpt lat="37.56964874267578" lon="127.03117370605469"><ele>10.199999809265137</ele><time>2026-09-27T02:07:48Z</time></trkpt><trkpt lat="37.56964111328125" lon="127.0311508178711"><ele>10.199999809265137</ele><time>2026-09-27T02:07:49Z</time></trkpt><trkpt lat="37.569637298583984" lon="127.0311279296875"><ele>10.199999809265137</ele><time>2026-09-27T02:07:50Z</time></trkpt><trkpt lat="37.56962966918945" lon="127.03109741210938"><ele>10.199999809265137</ele><time>2026-09-27T02:07:51Z</time></trkpt><trkpt lat="37.56962585449219" lon="127.03106689453125"><ele>10.199999809265137</ele><time>2026-09-27T02:07:52Z</time></trkpt><trkpt lat="37.56962585449219" lon="127.03104400634766"><ele>10.199999809265137</ele><time>2026-09-27T02:07:53Z</time></trkpt><trkpt lat="37.56962585449219" lon="127.03101348876953"><ele>10.199999809265137</ele><time>2026-09-27T02:07:54Z</time></trkpt><trkpt lat="37.56962966918945" lon="127.0309829711914"><ele>10.199999809265137</ele><time>2026-09-27T02:07:55Z</time></trkpt><trkpt lat="37.56962966918945" lon="127.03096008300781"><ele>10.199999809265137</ele><time>2026-09-27T02:07:56Z</time></trkpt><trkpt lat="37.56962585449219" lon="127.03092956542969"><ele>10.0</ele><time>2026-09-27T02:07:57Z</time></trkpt><trkpt lat="37.56962585449219" lon="127.0309066772461"><ele>10.0</ele><time>2026-09-27T02:07:58Z</time></trkpt><trkpt lat="37.56962585449219" lon="127.03087615966797"><ele>10.0</ele><time>2026-09-27T02:07:59Z</time></trkpt><trkpt lat="37.56962585449219" lon="127.03084564208984"><ele>10.0</ele><time>2026-09-27T02:08:00Z</time></trkpt><trkpt lat="37.56962585449219" lon="127.03081512451172"><ele>10.0</ele><time>2026-09-27T02:08:01Z</time></trkpt><trkpt lat="37.56962585449219" lon="127.03079223632812"><ele>10.0</ele><time>2026-09-27T02:08:02Z</time></trkpt><trkpt lat="37.56962966918945" lon="127.03076934814453"><ele>10.0</ele><time>2026-09-27T02:08:03Z</time></trkpt><trkpt lat="37.56962966918945" lon="127.03074645996094"><ele>10.199999809265137</ele><time>2026-09-27T02:08:04Z</time></trkpt><trkpt lat="37.56962966918945" lon="127.03072357177734"><ele>10.199999809265137</ele><time>2026-09-27T02:08:05Z</time></trkpt><trkpt lat="37.56962585449219" lon="127.03070831298828"><ele>10.199999809265137</ele><time>2026-09-27T02:08:06Z</time></trkpt><trkpt lat="37.56962966918945" lon="127.03067779541016"><ele>10.199999809265137</ele><time>2026-09-27T02:08:07Z</time></trkpt><trkpt lat="37.56962966918945" lon="127.03065490722656"><ele>10.199999809265137</ele><time>2026-09-27T02:08:08Z</time></trkpt><trkpt lat="37.56964111328125" lon="127.03063201904297"><ele>10.199999809265137</ele><time>2026-09-27T02:08:09Z</time></trkpt><trkpt lat="37.56966018676758" lon="127.0306167602539"><ele>10.199999809265137</ele><time>2026-09-27T02:08:10Z</time></trkpt><trkpt lat="37.569679260253906" lon="127.03058624267578"><ele>10.199999809265137</ele><time>2026-09-27T02:08:11Z</time></trkpt><trkpt lat="37.5696907043457" lon="127.03056335449219"><ele>10.199999809265137</ele><time>2026-09-27T02:08:12Z</time></trkpt><trkpt lat="37.56970977783203" lon="127.0305404663086"><ele>10.199999809265137</ele><time>2026-09-27T02:08:13Z</time></trkpt><trkpt lat="37.56972122192383" lon="127.030517578125"><ele>10.199999809265137</ele><time>2026-09-27T02:08:14Z</time></trkpt><trkpt lat="37.56972122192383" lon="127.0304946899414"><ele>10.399999618530273</ele><time>2026-09-27T02:08:15Z</time></trkpt><trkpt lat="37.56972885131836" lon="127.03047180175781"><ele>10.399999618530273</ele><time>2026-09-27T02:08:16Z</time></trkpt><trkpt lat="37.56973648071289" lon="127.03045654296875"><ele>10.399999618530273</ele><time>2026-09-27T02:08:17Z</time></trkpt><trkpt lat="37.56973648071289" lon="127.03044128417969"><ele>10.399999618530273</ele><time>2026-09-27T02:08:18Z</time></trkpt><trkpt lat="37.56974411010742" lon="127.0304183959961"><ele>10.399999618530273</ele><time>2026-09-27T02:08:19Z</time></trkpt><trkpt lat="37.56975173950195" lon="127.03041076660156"><ele>10.399999618530273</ele><time>2026-09-27T02:08:20Z</time></trkpt><trkpt lat="37.56975555419922" lon="127.03040313720703"><ele>10.399999618530273</ele><time>2026-09-27T02:08:21Z</time></trkpt><trkpt lat="37.569759368896484" lon="127.03038787841797"><ele>10.399999618530273</ele><time>2026-09-27T02:08:22Z</time></trkpt><trkpt lat="37.56977844238281" lon="127.03035736083984"><ele>10.399999618530273</ele><time>2026-09-27T02:08:23Z</time></trkpt><trkpt lat="37.56978988647461" lon="127.03031921386719"><ele>10.399999618530273</ele><time>2026-09-27T02:08:24Z</time></trkpt><trkpt lat="37.56979751586914" lon="127.03028869628906"><ele>10.399999618530273</ele><time>2026-09-27T02:08:25Z</time></trkpt><trkpt lat="37.56980895996094" lon="127.03025817871094"><ele>10.399999618530273</ele><time>2026-09-27T02:08:26Z</time></trkpt><trkpt lat="37.5698127746582" lon="127.03022766113281"><ele>10.399999618530273</ele><time>2026-09-27T02:08:27Z</time></trkpt><trkpt lat="37.56981658935547" lon="127.03018188476562"><ele>10.399999618530273</ele><time>2026-09-27T02:08:28Z</time></trkpt><trkpt lat="37.569820404052734" lon="127.03014373779297"><ele>10.399999618530273</ele><time>2026-09-27T02:08:29Z</time></trkpt><trkpt lat="37.569820404052734" lon="127.03009796142578"><ele>10.399999618530273</ele><time>2026-09-27T02:08:30Z</time></trkpt><trkpt lat="37.5698127746582" lon="127.03006744384766"><ele>10.399999618530273</ele><time>2026-09-27T02:08:31Z</time></trkpt><trkpt lat="37.569801330566406" lon="127.03004455566406"><ele>10.399999618530273</ele><time>2026-09-27T02:08:32Z</time></trkpt><trkpt lat="37.569793701171875" lon="127.030029296875"><ele>10.399999618530273</ele><time>2026-09-27T02:08:33Z</time></trkpt><trkpt lat="37.56978225708008" lon="127.03002166748047"><ele>10.199999809265137</ele><time>2026-09-27T02:08:34Z</time></trkpt><trkpt lat="37.56977844238281" lon="127.02998352050781"><ele>10.199999809265137</ele><time>2026-09-27T02:08:35Z</time></trkpt><trkpt lat="37.569759368896484" lon="127.02996826171875"><ele>10.199999809265137</ele><time>2026-09-27T02:08:36Z</time></trkpt><trkpt lat="37.56975173950195" lon="127.02993774414062"><ele>10.199999809265137</ele><time>2026-09-27T02:08:37Z</time></trkpt><trkpt lat="37.56973648071289" lon="127.0299072265625"><ele>10.199999809265137</ele><time>2026-09-27T02:08:38Z</time></trkpt><trkpt lat="37.569732666015625" lon="127.02986907958984"><ele>10.199999809265137</ele><time>2026-09-27T02:08:39Z</time></trkpt><trkpt lat="37.56972885131836" lon="127.02983856201172"><ele>10.199999809265137</ele><time>2026-09-27T02:08:40Z</time></trkpt><trkpt lat="37.569725036621094" lon="127.0298080444336"><ele>10.199999809265137</ele><time>2026-09-27T02:08:41Z</time></trkpt><trkpt lat="37.56972122192383" lon="127.02977752685547"><ele>10.399999618530273</ele><time>2026-09-27T02:08:42Z</time></trkpt><trkpt lat="37.569725036621094" lon="127.02975463867188"><ele>10.399999618530273</ele><time>2026-09-27T02:08:43Z</time></trkpt><trkpt lat="37.569725036621094" lon="127.02973175048828"><ele>10.399999618530273</ele><time>2026-09-27T02:08:44Z</time></trkpt><trkpt lat="37.569725036621094" lon="127.02970886230469"><ele>10.399999618530273</ele><time>2026-09-27T02:08:45Z</time></trkpt><trkpt lat="37.569725036621094" lon="127.0296859741211"><ele>10.399999618530273</ele><time>2026-09-27T02:08:46Z</time></trkpt><trkpt lat="37.569725036621094" lon="127.0296630859375"><ele>10.399999618530273</ele><time>2026-09-27T02:08:47Z</time></trkpt><trkpt lat="37.56972885131836" lon="127.02963256835938"><ele>10.399999618530273</ele><time>2026-09-27T02:08:48Z</time></trkpt><trkpt lat="37.569732666015625" lon="127.02961730957031"><ele>10.399999618530273</ele><time>2026-09-27T02:08:49Z</time></trkpt><trkpt lat="37.56973648071289" lon="127.02959442138672"><ele>10.399999618530273</ele><time>2026-09-27T02:08:50Z</time></trkpt><trkpt lat="37.56973648071289" lon="127.02957916259766"><ele>10.399999618530273</ele><time>2026-09-27T02:08:51Z</time></trkpt><trkpt lat="37.569740295410156" lon="127.02955627441406"><ele>10.399999618530273</ele><time>2026-09-27T02:08:52Z</time></trkpt><trkpt lat="37.56974411010742" lon="127.02953338623047"><ele>10.399999618530273</ele><time>2026-09-27T02:08:53Z</time></trkpt><trkpt lat="37.56974792480469" lon="127.02950286865234"><ele>10.399999618530273</ele><time>2026-09-27T02:08:54Z</time></trkpt><trkpt lat="37.56975173950195" lon="127.02947998046875"><ele>10.399999618530273</ele><time>2026-09-27T02:08:55Z</time></trkpt><trkpt lat="37.56975555419922" lon="127.02945709228516"><ele>10.399999618530273</ele><time>2026-09-27T02:08:56Z</time></trkpt><trkpt lat="37.56976318359375" lon="127.0294189453125"><ele>10.399999618530273</ele><time>2026-09-27T02:08:57Z</time></trkpt><trkpt lat="37.56977081298828" lon="127.02940368652344"><ele>10.399999618530273</ele><time>2026-09-27T02:08:58Z</time></trkpt><trkpt lat="37.56978225708008" lon="127.02936553955078"><ele>10.399999618530273</ele><time>2026-09-27T02:08:59Z</time></trkpt><trkpt lat="37.569786071777344" lon="127.02935028076172"><ele>10.399999618530273</ele><time>2026-09-27T02:09:00Z</time></trkpt><trkpt lat="37.569801330566406" lon="127.0293197631836"><ele>10.600000381469727</ele><time>2026-09-27T02:09:01Z</time></trkpt><trkpt lat="37.5698127746582" lon="127.02930450439453"><ele>10.600000381469727</ele><time>2026-09-27T02:09:02Z</time></trkpt><trkpt lat="37.56982421875" lon="127.0292739868164"><ele>10.600000381469727</ele><time>2026-09-27T02:09:03Z</time></trkpt><trkpt lat="37.5698356628418" lon="127.02925109863281"><ele>10.600000381469727</ele><time>2026-09-27T02:09:04Z</time></trkpt><trkpt lat="37.56984329223633" lon="127.02922058105469"><ele>10.600000381469727</ele><time>2026-09-27T02:09:05Z</time></trkpt><trkpt lat="37.569854736328125" lon="127.0291976928711"><ele>10.600000381469727</ele><time>2026-09-27T02:09:06Z</time></trkpt><trkpt lat="37.569862365722656" lon="127.0291748046875"><ele>10.399999618530273</ele><time>2026-09-27T02:09:07Z</time></trkpt><trkpt lat="37.56986999511719" lon="127.02914428710938"><ele>10.399999618530273</ele><time>2026-09-27T02:09:08Z</time></trkpt><trkpt lat="37.569881439208984" lon="127.02912139892578"><ele>10.399999618530273</ele><time>2026-09-27T02:09:09Z</time></trkpt><trkpt lat="37.56989669799805" lon="127.02909851074219"><ele>10.399999618530273</ele><time>2026-09-27T02:09:10Z</time></trkpt><trkpt lat="37.56990432739258" lon="127.0290756225586"><ele>10.399999618530273</ele><time>2026-09-27T02:09:11Z</time></trkpt><trkpt lat="37.56991958618164" lon="127.029052734375"><ele>10.600000381469727</ele><time>2026-09-27T02:09:12Z</time></trkpt><trkpt lat="37.56992721557617" lon="127.0290298461914"><ele>10.600000381469727</ele><time>2026-09-27T02:09:13Z</time></trkpt><trkpt lat="37.56993865966797" lon="127.02900695800781"><ele>10.600000381469727</ele><time>2026-09-27T02:09:14Z</time></trkpt><trkpt lat="37.5699462890625" lon="127.02898406982422"><ele>10.600000381469727</ele><time>2026-09-27T02:09:15Z</time></trkpt><trkpt lat="37.56995391845703" lon="127.02896118164062"><ele>10.600000381469727</ele><time>2026-09-27T02:09:16Z</time></trkpt><trkpt lat="37.56996154785156" lon="127.02893829345703"><ele>10.600000381469727</ele><time>2026-09-27T02:09:17Z</time></trkpt><trkpt lat="37.56997299194336" lon="127.0289077758789"><ele>10.600000381469727</ele><time>2026-09-27T02:09:18Z</time></trkpt><trkpt lat="37.569976806640625" lon="127.02888488769531"><ele>10.600000381469727</ele><time>2026-09-27T02:09:19Z</time></trkpt><trkpt lat="37.569984436035156" lon="127.02885437011719"><ele>10.600000381469727</ele><time>2026-09-27T02:09:20Z</time></trkpt><trkpt lat="37.56999206542969" lon="127.02882385253906"><ele>10.600000381469727</ele><time>2026-09-27T02:09:21Z</time></trkpt><trkpt lat="37.56999969482422" lon="127.02880859375"><ele>10.600000381469727</ele><time>2026-09-27T02:09:22Z</time></trkpt><trkpt lat="37.570003509521484" lon="127.0287857055664"><ele>10.600000381469727</ele><time>2026-09-27T02:09:23Z</time></trkpt><trkpt lat="37.570011138916016" lon="127.02876281738281"><ele>10.600000381469727</ele><time>2026-09-27T02:09:24Z</time></trkpt><trkpt lat="37.57002258300781" lon="127.02873992919922"><ele>10.600000381469727</ele><time>2026-09-27T02:09:25Z</time></trkpt><trkpt lat="37.570030212402344" lon="127.02871704101562"><ele>10.600000381469727</ele><time>2026-09-27T02:09:26Z</time></trkpt><trkpt lat="37.570037841796875" lon="127.02869415283203"><ele>10.600000381469727</ele><time>2026-09-27T02:09:27Z</time></trkpt><trkpt lat="37.570045471191406" lon="127.02867126464844"><ele>10.600000381469727</ele><time>2026-09-27T02:09:28Z</time></trkpt><trkpt lat="37.57004928588867" lon="127.02865600585938"><ele>10.600000381469727</ele><time>2026-09-27T02:09:29Z</time></trkpt><trkpt lat="37.5700569152832" lon="127.02862548828125"><ele>10.600000381469727</ele><time>2026-09-27T02:09:30Z</time></trkpt><trkpt lat="37.570064544677734" lon="127.02861022949219"><ele>10.600000381469727</ele><time>2026-09-27T02:09:31Z</time></trkpt><trkpt lat="37.570068359375" lon="127.0285873413086"><ele>10.800000190734863</ele><time>2026-09-27T02:09:32Z</time></trkpt><trkpt lat="37.570072174072266" lon="127.02857208251953"><ele>10.800000190734863</ele><time>2026-09-27T02:09:33Z</time></trkpt><trkpt lat="37.5700798034668" lon="127.0285415649414"><ele>10.800000190734863</ele><time>2026-09-27T02:09:34Z</time></trkpt><trkpt lat="37.57008743286133" lon="127.02851867675781"><ele>10.800000190734863</ele><time>2026-09-27T02:09:35Z</time></trkpt><trkpt lat="37.570091247558594" lon="127.02850341796875"><ele>10.800000190734863</ele><time>2026-09-27T02:09:36Z</time></trkpt><trkpt lat="37.570098876953125" lon="127.02848052978516"><ele>10.800000190734863</ele><time>2026-09-27T02:09:37Z</time></trkpt><trkpt lat="37.57010269165039" lon="127.0284652709961"><ele>10.800000190734863</ele><time>2026-09-27T02:09:38Z</time></trkpt><trkpt lat="37.57011032104492" lon="127.02843475341797"><ele>10.800000190734863</ele><time>2026-09-27T02:09:39Z</time></trkpt><trkpt lat="37.57011795043945" lon="127.0284194946289"><ele>10.800000190734863</ele><time>2026-09-27T02:09:40Z</time></trkpt><trkpt lat="37.570125579833984" lon="127.02838897705078"><ele>10.800000190734863</ele><time>2026-09-27T02:09:41Z</time></trkpt><trkpt lat="37.570133209228516" lon="127.02835845947266"><ele>10.800000190734863</ele><time>2026-09-27T02:09:42Z</time></trkpt><trkpt lat="37.57014083862305" lon="127.02833557128906"><ele>10.800000190734863</ele><time>2026-09-27T02:09:43Z</time></trkpt><trkpt lat="37.57014846801758" lon="127.02831268310547"><ele>10.600000381469727</ele><time>2026-09-27T02:09:44Z</time></trkpt><trkpt lat="37.57015609741211" lon="127.02828979492188"><ele>10.600000381469727</ele><time>2026-09-27T02:09:45Z</time></trkpt><trkpt lat="37.57016372680664" lon="127.02826690673828"><ele>10.600000381469727</ele><time>2026-09-27T02:09:46Z</time></trkpt><trkpt lat="37.570167541503906" lon="127.02824401855469"><ele>10.800000190734863</ele><time>2026-09-27T02:09:47Z</time></trkpt><trkpt lat="37.5701789855957" lon="127.02821350097656"><ele>10.800000190734863</ele><time>2026-09-27T02:09:48Z</time></trkpt><trkpt lat="37.57018280029297" lon="127.0281982421875"><ele>10.800000190734863</ele><time>2026-09-27T02:09:49Z</time></trkpt><trkpt lat="37.570194244384766" lon="127.0281753540039"><ele>10.800000190734863</ele><time>2026-09-27T02:09:50Z</time></trkpt><trkpt lat="37.57019805908203" lon="127.02815246582031"><ele>10.800000190734863</ele><time>2026-09-27T02:09:51Z</time></trkpt><trkpt lat="37.57020568847656" lon="127.02812194824219"><ele>10.800000190734863</ele><time>2026-09-27T02:09:52Z</time></trkpt><trkpt lat="37.57020950317383" lon="127.02810668945312"><ele>10.800000190734863</ele><time>2026-09-27T02:09:53Z</time></trkpt><trkpt lat="37.57021713256836" lon="127.02808380126953"><ele>10.800000190734863</ele><time>2026-09-27T02:09:54Z</time></trkpt><trkpt lat="37.570220947265625" lon="127.02806091308594"><ele>10.800000190734863</ele><time>2026-09-27T02:09:55Z</time></trkpt><trkpt lat="37.57023239135742" lon="127.02803039550781"><ele>10.800000190734863</ele><time>2026-09-27T02:09:56Z</time></trkpt><trkpt lat="37.57023620605469" lon="127.02800750732422"><ele>10.800000190734863</ele><time>2026-09-27T02:09:57Z</time></trkpt><trkpt lat="37.57024002075195" lon="127.02798461914062"><ele>10.800000190734863</ele><time>2026-09-27T02:09:58Z</time></trkpt><trkpt lat="37.57024383544922" lon="127.02796173095703"><ele>10.800000190734863</ele><time>2026-09-27T02:09:59Z</time></trkpt><trkpt lat="37.570247650146484" lon="127.02793884277344"><ele>10.800000190734863</ele><time>2026-09-27T02:10:00Z</time></trkpt><trkpt lat="37.57025146484375" lon="127.02790832519531"><ele>10.800000190734863</ele><time>2026-09-27T02:10:01Z</time></trkpt><trkpt lat="37.570255279541016" lon="127.02789306640625"><ele>10.800000190734863</ele><time>2026-09-27T02:10:02Z</time></trkpt><trkpt lat="37.57025909423828" lon="127.02786254882812"><ele>10.800000190734863</ele><time>2026-09-27T02:10:03Z</time></trkpt><trkpt lat="37.57026672363281" lon="127.02783966064453"><ele>10.800000190734863</ele><time>2026-09-27T02:10:04Z</time></trkpt><trkpt lat="37.570274353027344" lon="127.0278091430664"><ele>10.800000190734863</ele><time>2026-09-27T02:10:05Z</time></trkpt><trkpt lat="37.57027816772461" lon="127.02778625488281"><ele>10.800000190734863</ele><time>2026-09-27T02:10:06Z</time></trkpt><trkpt lat="37.57028579711914" lon="127.02775573730469"><ele>10.800000190734863</ele><time>2026-09-27T02:10:07Z</time></trkpt><trkpt lat="37.570289611816406" lon="127.0277328491211"><ele>10.800000190734863</ele><time>2026-09-27T02:10:08Z</time></trkpt><trkpt lat="37.57029724121094" lon="127.0277099609375"><ele>10.800000190734863</ele><time>2026-09-27T02:10:09Z</time></trkpt><trkpt lat="37.57030487060547" lon="127.02767944335938"><ele>10.800000190734863</ele><time>2026-09-27T02:10:10Z</time></trkpt><trkpt lat="37.570308685302734" lon="127.02765655517578"><ele>10.800000190734863</ele><time>2026-09-27T02:10:11Z</time></trkpt><trkpt lat="37.570316314697266" lon="127.02763366699219"><ele>10.800000190734863</ele><time>2026-09-27T02:10:12Z</time></trkpt><trkpt lat="37.57032775878906" lon="127.02761840820312"><ele>10.800000190734863</ele><time>2026-09-27T02:10:13Z</time></trkpt><trkpt lat="37.57033920288086" lon="127.02759552001953"><ele>11.0</ele><time>2026-09-27T02:10:14Z</time></trkpt><trkpt lat="37.57034683227539" lon="127.02758026123047"><ele>11.0</ele><time>2026-09-27T02:10:15Z</time></trkpt><trkpt lat="37.570350646972656" lon="127.02755737304688"><ele>11.199999809265137</ele><time>2026-09-27T02:10:16Z</time></trkpt><trkpt lat="37.57035827636719" lon="127.02753448486328"><ele>11.399999618530273</ele><time>2026-09-27T02:10:17Z</time></trkpt><trkpt lat="37.57036590576172" lon="127.02751922607422"><ele>11.399999618530273</ele><time>2026-09-27T02:10:18Z</time></trkpt><trkpt lat="37.570369720458984" lon="127.0274887084961"><ele>11.600000381469727</ele><time>2026-09-27T02:10:19Z</time></trkpt><trkpt lat="37.570377349853516" lon="127.02747344970703"><ele>11.800000190734863</ele><time>2026-09-27T02:10:20Z</time></trkpt><trkpt lat="37.57038879394531" lon="127.0274429321289"><ele>12.0</ele><time>2026-09-27T02:10:21Z</time></trkpt><trkpt lat="37.57040023803711" lon="127.02742004394531"><ele>12.199999809265137</ele><time>2026-09-27T02:10:22Z</time></trkpt><trkpt lat="37.57040786743164" lon="127.02739715576172"><ele>12.199999809265137</ele><time>2026-09-27T02:10:23Z</time></trkpt><trkpt lat="37.57041931152344" lon="127.0273666381836"><ele>12.399999618530273</ele><time>2026-09-27T02:10:24Z</time></trkpt><trkpt lat="37.570430755615234" lon="127.02734375"><ele>12.600000381469727</ele><time>2026-09-27T02:10:25Z</time></trkpt><trkpt lat="37.5704460144043" lon="127.02731323242188"><ele>12.800000190734863</ele><time>2026-09-27T02:10:26Z</time></trkpt><trkpt lat="37.570457458496094" lon="127.02729034423828"><ele>13.0</ele><time>2026-09-27T02:10:27Z</time></trkpt><trkpt lat="37.57046890258789" lon="127.02725982666016"><ele>13.399999618530273</ele><time>2026-09-27T02:10:28Z</time></trkpt><trkpt lat="37.57047653198242" lon="127.02722930908203"><ele>13.600000381469727</ele><time>2026-09-27T02:10:29Z</time></trkpt><trkpt lat="37.57048797607422" lon="127.02719116210938"><ele>13.600000381469727</ele><time>2026-09-27T02:10:30Z</time></trkpt><trkpt lat="37.57049560546875" lon="127.02715301513672"><ele>13.800000190734863</ele><time>2026-09-27T02:10:31Z</time></trkpt><trkpt lat="37.57050704956055" lon="127.0271224975586"><ele>14.0</ele><time>2026-09-27T02:10:32Z</time></trkpt><trkpt lat="37.57051467895508" lon="127.02709197998047"><ele>14.199999809265137</ele><time>2026-09-27T02:10:33Z</time></trkpt><trkpt lat="37.57052230834961" lon="127.02706146240234"><ele>14.399999618530273</ele><time>2026-09-27T02:10:34Z</time></trkpt><trkpt lat="37.570526123046875" lon="127.02702331542969"><ele>14.600000381469727</ele><time>2026-09-27T02:10:35Z</time></trkpt><trkpt lat="37.57052993774414" lon="127.0270004272461"><ele>14.800000190734863</ele><time>2026-09-27T02:10:36Z</time></trkpt><trkpt lat="37.570533752441406" lon="127.0269546508789"><ele>15.0</ele><time>2026-09-27T02:10:37Z</time></trkpt><trkpt lat="37.57054138183594" lon="127.02693939208984"><ele>15.199999809265137</ele><time>2026-09-27T02:10:38Z</time></trkpt><trkpt lat="37.5705451965332" lon="127.02690124511719"><ele>15.399999618530273</ele><time>2026-09-27T02:10:39Z</time></trkpt><trkpt lat="37.57054901123047" lon="127.0268783569336"><ele>15.600000381469727</ele><time>2026-09-27T02:10:40Z</time></trkpt><trkpt lat="37.570556640625" lon="127.0268325805664"><ele>15.800000190734863</ele><time>2026-09-27T02:10:41Z</time></trkpt><trkpt lat="37.570556640625" lon="127.02680206298828"><ele>16.0</ele><time>2026-09-27T02:10:42Z</time></trkpt><trkpt lat="37.570560455322266" lon="127.02677917480469"><ele>16.200000762939453</ele><time>2026-09-27T02:10:43Z</time></trkpt><trkpt lat="37.570556640625" lon="127.02676391601562"><ele>16.399999618530273</ele><time>2026-09-27T02:10:44Z</time></trkpt><trkpt lat="37.570556640625" lon="127.02674865722656"><ele>16.600000381469727</ele><time>2026-09-27T02:10:45Z</time></trkpt><trkpt lat="37.57056427001953" lon="127.02672576904297"><ele>16.600000381469727</ele><time>2026-09-27T02:10:46Z</time></trkpt><trkpt lat="37.57057189941406" lon="127.0267105102539"><ele>16.600000381469727</ele><time>2026-09-27T02:10:47Z</time></trkpt><trkpt lat="37.570594787597656" lon="127.02670288085938"><ele>16.799999237060547</ele><time>2026-09-27T02:10:48Z</time></trkpt><trkpt lat="37.570613861083984" lon="127.02670288085938"><ele>16.799999237060547</ele><time>2026-09-27T02:10:49Z</time></trkpt><trkpt lat="37.57063293457031" lon="127.02670288085938"><ele>16.799999237060547</ele><time>2026-09-27T02:10:50Z</time></trkpt><trkpt lat="37.57065200805664" lon="127.02671813964844"><ele>16.799999237060547</ele><time>2026-09-27T02:10:51Z</time></trkpt><trkpt lat="37.57067108154297" lon="127.02671813964844"><ele>17.0</ele><time>2026-09-27T02:10:52Z</time></trkpt><trkpt lat="37.57070541381836" lon="127.02672576904297"><ele>17.0</ele><time>2026-09-27T02:10:53Z</time></trkpt><trkpt lat="37.57072448730469" lon="127.0267333984375"><ele>17.0</ele><time>2026-09-27T02:10:54Z</time></trkpt><trkpt lat="37.57074737548828" lon="127.02674102783203"><ele>17.0</ele><time>2026-09-27T02:10:55Z</time></trkpt><trkpt lat="37.570770263671875" lon="127.02674865722656"><ele>17.0</ele><time>2026-09-27T02:10:56Z</time></trkpt><trkpt lat="37.5707893371582" lon="127.0267562866211"><ele>17.0</ele><time>2026-09-27T02:10:57Z</time></trkpt><trkpt lat="37.57081604003906" lon="127.02676391601562"><ele>17.0</ele><time>2026-09-27T02:10:58Z</time></trkpt><trkpt lat="37.57082748413086" lon="127.02677154541016"><ele>17.0</ele><time>2026-09-27T02:10:59Z</time></trkpt><trkpt lat="37.57084655761719" lon="127.02677154541016"><ele>17.0</ele><time>2026-09-27T02:11:00Z</time></trkpt><trkpt lat="37.57087326049805" lon="127.02677917480469"><ele>17.0</ele><time>2026-09-27T02:11:01Z</time></trkpt><trkpt lat="37.570892333984375" lon="127.02677917480469"><ele>17.0</ele><time>2026-09-27T02:11:02Z</time></trkpt><trkpt lat="37.5709228515625" lon="127.02678680419922"><ele>17.0</ele><time>2026-09-27T02:11:03Z</time></trkpt><trkpt lat="37.57093048095703" lon="127.02677917480469"><ele>17.0</ele><time>2026-09-27T02:11:04Z</time></trkpt><trkpt lat="37.57096862792969" lon="127.02678680419922"><ele>17.0</ele><time>2026-09-27T02:11:05Z</time></trkpt><trkpt lat="37.57098388671875" lon="127.02678680419922"><ele>17.0</ele><time>2026-09-27T02:11:06Z</time></trkpt><trkpt lat="37.57100296020508" lon="127.02678680419922"><ele>17.0</ele><time>2026-09-27T02:11:07Z</time></trkpt><trkpt lat="37.57101821899414" lon="127.02678680419922"><ele>17.0</ele><time>2026-09-27T02:11:08Z</time></trkpt><trkpt lat="37.57102966308594" lon="127.02678680419922"><ele>16.799999237060547</ele><time>2026-09-27T02:11:09Z</time></trkpt><trkpt lat="37.57102966308594" lon="127.02677917480469"><ele>16.799999237060547</ele><time>2026-09-27T02:11:10Z</time></trkpt><trkpt lat="37.57102584838867" lon="127.02676391601562"><ele>16.600000381469727</ele><time>2026-09-27T02:11:11Z</time></trkpt><trkpt lat="37.57102584838867" lon="127.02676391601562"><ele>16.600000381469727</ele><time>2026-09-27T02:11:12Z</time></trkpt><trkpt lat="37.57102966308594" lon="127.0267562866211"><ele>16.600000381469727</ele><time>2026-09-27T02:11:13Z</time></trkpt><trkpt lat="37.57101058959961" lon="127.02674102783203"><ele>16.600000381469727</ele><time>2026-09-27T02:11:14Z</time></trkpt><trkpt lat="37.57101058959961" lon="127.0267333984375"><ele>16.399999618530273</ele><time>2026-09-27T02:11:15Z</time></trkpt><trkpt lat="37.57100296020508" lon="127.02672576904297"><ele>16.399999618530273</ele><time>2026-09-27T02:11:16Z</time></trkpt><trkpt lat="37.57099533081055" lon="127.02672576904297"><ele>16.399999618530273</ele><time>2026-09-27T02:11:17Z</time></trkpt><trkpt lat="37.57099151611328" lon="127.02671813964844"><ele>16.399999618530273</ele><time>2026-09-27T02:11:18Z</time></trkpt><trkpt lat="37.570987701416016" lon="127.02671813964844"><ele>16.399999618530273</ele><time>2026-09-27T02:11:19Z</time></trkpt><trkpt lat="37.57098388671875" lon="127.02671813964844"><ele>16.399999618530273</ele><time>2026-09-27T02:11:20Z</time></trkpt><trkpt lat="37.57097625732422" lon="127.02671813964844"><ele>16.399999618530273</ele><time>2026-09-27T02:11:21Z</time></trkpt><trkpt lat="37.57097625732422" lon="127.0267105102539"><ele>16.399999618530273</ele><time>2026-09-27T02:11:22Z</time></trkpt><trkpt lat="37.57097244262695" lon="127.0267105102539"><ele>16.399999618530273</ele><time>2026-09-27T02:11:23Z</time></trkpt><trkpt lat="37.570980072021484" lon="127.02671813964844"><ele>16.399999618530273</ele><time>2026-09-27T02:11:24Z</time></trkpt><trkpt lat="37.57099533081055" lon="127.02671813964844"><ele>16.399999618530273</ele><time>2026-09-27T02:11:25Z</time></trkpt><trkpt lat="37.57101058959961" lon="127.0267333984375"><ele>16.399999618530273</ele><time>2026-09-27T02:11:26Z</time></trkpt><trkpt lat="37.57101821899414" lon="127.0267562866211"><ele>16.399999618530273</ele><time>2026-09-27T02:11:27Z</time></trkpt><trkpt lat="37.571014404296875" lon="127.02677154541016"><ele>16.399999618530273</ele><time>2026-09-27T02:11:28Z</time></trkpt><trkpt lat="37.571014404296875" lon="127.02678680419922"><ele>16.200000762939453</ele><time>2026-09-27T02:11:29Z</time></trkpt><trkpt lat="37.571014404296875" lon="127.02681732177734"><ele>16.399999618530273</ele><time>2026-09-27T02:11:30Z</time></trkpt><trkpt lat="37.571006774902344" lon="127.02684783935547"><ele>16.399999618530273</ele><time>2026-09-27T02:11:31Z</time></trkpt><trkpt lat="37.57099914550781" lon="127.02687072753906"><ele>16.399999618530273</ele><time>2026-09-27T02:11:32Z</time></trkpt><trkpt lat="37.57099151611328" lon="127.02690887451172"><ele>16.399999618530273</ele><time>2026-09-27T02:11:33Z</time></trkpt><trkpt lat="37.570987701416016" lon="127.02693176269531"><ele>16.600000381469727</ele><time>2026-09-27T02:11:34Z</time></trkpt><trkpt lat="37.57099151611328" lon="127.0269775390625"><ele>16.600000381469727</ele><time>2026-09-27T02:11:35Z</time></trkpt><trkpt lat="37.570987701416016" lon="127.02702331542969"><ele>16.600000381469727</ele><time>2026-09-27T02:11:36Z</time></trkpt><trkpt lat="37.570987701416016" lon="127.02706146240234"><ele>16.600000381469727</ele><time>2026-09-27T02:11:37Z</time></trkpt><trkpt lat="37.57098388671875" lon="127.02709197998047"><ele>16.600000381469727</ele><time>2026-09-27T02:11:38Z</time></trkpt><trkpt lat="37.57098388671875" lon="127.0271224975586"><ele>16.600000381469727</ele><time>2026-09-27T02:11:39Z</time></trkpt><trkpt lat="37.57098388671875" lon="127.02715301513672"><ele>16.600000381469727</ele><time>2026-09-27T02:11:40Z</time></trkpt><trkpt lat="37.57098388671875" lon="127.02717590332031"><ele>16.600000381469727</ele><time>2026-09-27T02:11:41Z</time></trkpt><trkpt lat="37.570980072021484" lon="127.02720642089844"><ele>16.600000381469727</ele><time>2026-09-27T02:11:42Z</time></trkpt><trkpt lat="37.57097244262695" lon="127.02722930908203"><ele>16.600000381469727</ele><time>2026-09-27T02:11:43Z</time></trkpt><trkpt lat="37.57096862792969" lon="127.02725219726562"><ele>16.600000381469727</ele><time>2026-09-27T02:11:44Z</time></trkpt><trkpt lat="37.57095718383789" lon="127.02728271484375"><ele>16.600000381469727</ele><time>2026-09-27T02:11:45Z</time></trkpt><trkpt lat="37.57094955444336" lon="127.02729797363281"><ele>16.600000381469727</ele><time>2026-09-27T02:11:46Z</time></trkpt><trkpt lat="37.57094192504883" lon="127.02732849121094"><ele>16.600000381469727</ele><time>2026-09-27T02:11:47Z</time></trkpt><trkpt lat="37.57094192504883" lon="127.02734375"><ele>16.600000381469727</ele><time>2026-09-27T02:11:48Z</time></trkpt><trkpt lat="37.5709342956543" lon="127.02737426757812"><ele>16.600000381469727</ele><time>2026-09-27T02:11:49Z</time></trkpt><trkpt lat="37.57093048095703" lon="127.02740478515625"><ele>16.600000381469727</ele><time>2026-09-27T02:11:50Z</time></trkpt><trkpt lat="37.570919036865234" lon="127.02743530273438"><ele>16.600000381469727</ele><time>2026-09-27T02:11:51Z</time></trkpt><trkpt lat="37.57091522216797" lon="127.02745819091797"><ele>16.600000381469727</ele><time>2026-09-27T02:11:52Z</time></trkpt><trkpt lat="37.570899963378906" lon="127.0274887084961"><ele>16.600000381469727</ele><time>2026-09-27T02:11:53Z</time></trkpt><trkpt lat="37.57089614868164" lon="127.02751159667969"><ele>16.600000381469727</ele><time>2026-09-27T02:11:54Z</time></trkpt><trkpt lat="37.570884704589844" lon="127.02754974365234"><ele>16.600000381469727</ele><time>2026-09-27T02:11:55Z</time></trkpt><trkpt lat="37.57087707519531" lon="127.02757263183594"><ele>16.600000381469727</ele><time>2026-09-27T02:11:56Z</time></trkpt><trkpt lat="37.57086944580078" lon="127.02760314941406"><ele>16.600000381469727</ele><time>2026-09-27T02:11:57Z</time></trkpt><trkpt lat="37.57086181640625" lon="127.02762603759766"><ele>16.799999237060547</ele><time>2026-09-27T02:11:58Z</time></trkpt><trkpt lat="37.570858001708984" lon="127.02764892578125"><ele>16.799999237060547</ele><time>2026-09-27T02:11:59Z</time></trkpt><trkpt lat="37.57085037231445" lon="127.02767181396484"><ele>16.799999237060547</ele><time>2026-09-27T02:12:00Z</time></trkpt><trkpt lat="37.57084274291992" lon="127.02770233154297"><ele>16.799999237060547</ele><time>2026-09-27T02:12:01Z</time></trkpt><trkpt lat="37.570831298828125" lon="127.02774047851562"><ele>16.799999237060547</ele><time>2026-09-27T02:12:02Z</time></trkpt><trkpt lat="37.57082748413086" lon="127.02776336669922"><ele>17.0</ele><time>2026-09-27T02:12:03Z</time></trkpt><trkpt lat="37.5708122253418" lon="127.02779388427734"><ele>17.0</ele><time>2026-09-27T02:12:04Z</time></trkpt><trkpt lat="37.57080841064453" lon="127.02781677246094"><ele>17.0</ele><time>2026-09-27T02:12:05Z</time></trkpt><trkpt lat="37.570796966552734" lon="127.0278549194336"><ele>17.0</ele><time>2026-09-27T02:12:06Z</time></trkpt><trkpt lat="37.57079315185547" lon="127.02787780761719"><ele>17.0</ele><time>2026-09-27T02:12:07Z</time></trkpt><trkpt lat="37.5707893371582" lon="127.02790069580078"><ele>17.0</ele><time>2026-09-27T02:12:08Z</time></trkpt><trkpt lat="37.57078170776367" lon="127.02792358398438"><ele>17.0</ele><time>2026-09-27T02:12:09Z</time></trkpt><trkpt lat="37.570777893066406" lon="127.0279541015625"><ele>17.0</ele><time>2026-09-27T02:12:10Z</time></trkpt><trkpt lat="37.570770263671875" lon="127.0279769897461"><ele>17.0</ele><time>2026-09-27T02:12:11Z</time></trkpt><trkpt lat="37.57076644897461" lon="127.02799987792969"><ele>17.0</ele><time>2026-09-27T02:12:12Z</time></trkpt><trkpt lat="37.57076644897461" lon="127.02802276611328"><ele>17.0</ele><time>2026-09-27T02:12:13Z</time></trkpt><trkpt lat="37.57076644897461" lon="127.02803802490234"><ele>17.0</ele><time>2026-09-27T02:12:14Z</time></trkpt><trkpt lat="37.57078170776367" lon="127.02803802490234"><ele>17.0</ele><time>2026-09-27T02:12:15Z</time></trkpt><trkpt lat="37.57080078125" lon="127.02804565429688"><ele>17.0</ele><time>2026-09-27T02:12:16Z</time></trkpt><trkpt lat="37.5708122253418" lon="127.02803802490234"><ele>17.0</ele><time>2026-09-27T02:12:17Z</time></trkpt><trkpt lat="37.57081985473633" lon="127.02803039550781"><ele>17.0</ele><time>2026-09-27T02:12:18Z</time></trkpt><trkpt lat="37.57082748413086" lon="127.02800750732422"><ele>17.200000762939453</ele><time>2026-09-27T02:12:19Z</time></trkpt><trkpt lat="37.57083511352539" lon="127.02799224853516"><ele>17.200000762939453</ele><time>2026-09-27T02:12:20Z</time></trkpt><trkpt lat="37.57085418701172" lon="127.02799224853516"><ele>17.200000762939453</ele><time>2026-09-27T02:12:21Z</time></trkpt><trkpt lat="37.57086944580078" lon="127.02798461914062"><ele>17.0</ele><time>2026-09-27T02:12:22Z</time></trkpt><trkpt lat="37.57087326049805" lon="127.02798461914062"><ele>16.799999237060547</ele><time>2026-09-27T02:12:23Z</time></trkpt><trkpt lat="37.57088851928711" lon="127.0279769897461"><ele>16.600000381469727</ele><time>2026-09-27T02:12:24Z</time></trkpt><trkpt lat="37.57090377807617" lon="127.0279769897461"><ele>16.399999618530273</ele><time>2026-09-27T02:12:25Z</time></trkpt><trkpt lat="37.570919036865234" lon="127.02796936035156"><ele>16.200000762939453</ele><time>2026-09-27T02:12:26Z</time></trkpt><trkpt lat="37.57093048095703" lon="127.02796936035156"><ele>16.0</ele><time>2026-09-27T02:12:27Z</time></trkpt><trkpt lat="37.57094955444336" lon="127.02796936035156"><ele>15.800000190734863</ele><time>2026-09-27T02:12:28Z</time></trkpt><trkpt lat="37.570960998535156" lon="127.0279541015625"><ele>15.600000381469727</ele><time>2026-09-27T02:12:29Z</time></trkpt><trkpt lat="37.57097625732422" lon="127.0279541015625"><ele>15.399999618530273</ele><time>2026-09-27T02:12:30Z</time></trkpt><trkpt lat="37.57099914550781" lon="127.02794647216797"><ele>15.199999809265137</ele><time>2026-09-27T02:12:31Z</time></trkpt><trkpt lat="37.57101058959961" lon="127.02794647216797"><ele>15.0</ele><time>2026-09-27T02:12:32Z</time></trkpt><trkpt lat="37.57101821899414" lon="127.02794647216797"><ele>15.0</ele><time>2026-09-27T02:12:33Z</time></trkpt><trkpt lat="37.57102966308594" lon="127.02794647216797"><ele>14.800000190734863</ele><time>2026-09-27T02:12:34Z</time></trkpt><trkpt lat="37.571041107177734" lon="127.02794647216797"><ele>14.600000381469727</ele><time>2026-09-27T02:12:35Z</time></trkpt><trkpt lat="37.5710563659668" lon="127.02794647216797"><ele>14.399999618530273</ele><time>2026-09-27T02:12:36Z</time></trkpt><trkpt lat="37.57107162475586" lon="127.02794647216797"><ele>14.199999809265137</ele><time>2026-09-27T02:12:37Z</time></trkpt><trkpt lat="37.571083068847656" lon="127.02794647216797"><ele>14.0</ele><time>2026-09-27T02:12:38Z</time></trkpt><trkpt lat="37.57109832763672" lon="127.02794647216797"><ele>14.0</ele><time>2026-09-27T02:12:39Z</time></trkpt><trkpt lat="37.571109771728516" lon="127.02794647216797"><ele>13.800000190734863</ele><time>2026-09-27T02:12:40Z</time></trkpt><trkpt lat="37.57112121582031" lon="127.0279541015625"><ele>13.600000381469727</ele><time>2026-09-27T02:12:41Z</time></trkpt><trkpt lat="37.571136474609375" lon="127.0279541015625"><ele>13.399999618530273</ele><time>2026-09-27T02:12:42Z</time></trkpt><trkpt lat="37.57115173339844" lon="127.0279541015625"><ele>13.199999809265137</ele><time>2026-09-27T02:12:43Z</time></trkpt><trkpt lat="37.5711669921875" lon="127.0279541015625"><ele>13.0</ele><time>2026-09-27T02:12:44Z</time></trkpt><trkpt lat="37.5711784362793" lon="127.02796173095703"><ele>13.0</ele><time>2026-09-27T02:12:45Z</time></trkpt><trkpt lat="37.57119369506836" lon="127.02796173095703"><ele>12.800000190734863</ele><time>2026-09-27T02:12:46Z</time></trkpt><trkpt lat="37.57120895385742" lon="127.0279541015625"><ele>12.800000190734863</ele><time>2026-09-27T02:12:47Z</time></trkpt><trkpt lat="37.57122039794922" lon="127.0279541015625"><ele>12.800000190734863</ele><time>2026-09-27T02:12:48Z</time></trkpt><trkpt lat="37.57123565673828" lon="127.02794647216797"><ele>12.800000190734863</ele><time>2026-09-27T02:12:49Z</time></trkpt><trkpt lat="37.571250915527344" lon="127.02793884277344"><ele>13.0</ele><time>2026-09-27T02:12:50Z</time></trkpt><trkpt lat="37.57126998901367" lon="127.02793884277344"><ele>13.0</ele><time>2026-09-27T02:12:51Z</time></trkpt><trkpt lat="37.571285247802734" lon="127.02793884277344"><ele>13.0</ele><time>2026-09-27T02:12:52Z</time></trkpt><trkpt lat="37.57130813598633" lon="127.0279312133789"><ele>13.0</ele><time>2026-09-27T02:12:53Z</time></trkpt><trkpt lat="37.57133102416992" lon="127.0279312133789"><ele>13.0</ele><time>2026-09-27T02:12:54Z</time></trkpt><trkpt lat="37.57135009765625" lon="127.02793884277344"><ele>13.0</ele><time>2026-09-27T02:12:55Z</time></trkpt><trkpt lat="37.571372985839844" lon="127.02793884277344"><ele>13.0</ele><time>2026-09-27T02:12:56Z</time></trkpt><trkpt lat="37.571388244628906" lon="127.0279312133789"><ele>13.0</ele><time>2026-09-27T02:12:57Z</time></trkpt><trkpt lat="37.571407318115234" lon="127.0279312133789"><ele>13.0</ele><time>2026-09-27T02:12:58Z</time></trkpt><trkpt lat="37.57142639160156" lon="127.0279312133789"><ele>13.0</ele><time>2026-09-27T02:12:59Z</time></trkpt><trkpt lat="37.57144546508789" lon="127.02793884277344"><ele>13.0</ele><time>2026-09-27T02:13:00Z</time></trkpt><trkpt lat="37.57146453857422" lon="127.02794647216797"><ele>13.0</ele><time>2026-09-27T02:13:01Z</time></trkpt><trkpt lat="37.57149124145508" lon="127.02794647216797"><ele>13.0</ele><time>2026-09-27T02:13:02Z</time></trkpt><trkpt lat="37.57150650024414" lon="127.02794647216797"><ele>13.0</ele><time>2026-09-27T02:13:03Z</time></trkpt><trkpt lat="37.571533203125" lon="127.0279541015625"><ele>13.0</ele><time>2026-09-27T02:13:04Z</time></trkpt><trkpt lat="37.57155227661133" lon="127.02794647216797"><ele>13.0</ele><time>2026-09-27T02:13:05Z</time></trkpt><trkpt lat="37.57157516479492" lon="127.02794647216797"><ele>13.0</ele><time>2026-09-27T02:13:06Z</time></trkpt><trkpt lat="37.57159423828125" lon="127.02794647216797"><ele>13.0</ele><time>2026-09-27T02:13:07Z</time></trkpt><trkpt lat="37.571617126464844" lon="127.02794647216797"><ele>13.0</ele><time>2026-09-27T02:13:08Z</time></trkpt><trkpt lat="37.57163619995117" lon="127.02794647216797"><ele>13.0</ele><time>2026-09-27T02:13:09Z</time></trkpt><trkpt lat="37.5716552734375" lon="127.02794647216797"><ele>13.0</ele><time>2026-09-27T02:13:10Z</time></trkpt><trkpt lat="37.571678161621094" lon="127.0279541015625"><ele>13.199999809265137</ele><time>2026-09-27T02:13:11Z</time></trkpt><trkpt lat="37.57169723510742" lon="127.02794647216797"><ele>13.199999809265137</ele><time>2026-09-27T02:13:12Z</time></trkpt><trkpt lat="37.571720123291016" lon="127.0279541015625"><ele>13.0</ele><time>2026-09-27T02:13:13Z</time></trkpt><trkpt lat="37.571739196777344" lon="127.02794647216797"><ele>13.0</ele><time>2026-09-27T02:13:14Z</time></trkpt><trkpt lat="37.57176208496094" lon="127.0279541015625"><ele>13.0</ele><time>2026-09-27T02:13:15Z</time></trkpt><trkpt lat="37.57178497314453" lon="127.0279541015625"><ele>13.0</ele><time>2026-09-27T02:13:16Z</time></trkpt><trkpt lat="37.571807861328125" lon="127.02796173095703"><ele>13.0</ele><time>2026-09-27T02:13:17Z</time></trkpt><trkpt lat="37.57182693481445" lon="127.02796173095703"><ele>13.199999809265137</ele><time>2026-09-27T02:13:18Z</time></trkpt><trkpt lat="37.57184982299805" lon="127.02796173095703"><ele>13.199999809265137</ele><time>2026-09-27T02:13:19Z</time></trkpt><trkpt lat="37.57186508178711" lon="127.02796936035156"><ele>13.199999809265137</ele><time>2026-09-27T02:13:20Z</time></trkpt><trkpt lat="37.5718879699707" lon="127.02796936035156"><ele>13.399999618530273</ele><time>2026-09-27T02:13:21Z</time></trkpt><trkpt lat="37.5718994140625" lon="127.02796936035156"><ele>13.399999618530273</ele><time>2026-09-27T02:13:22Z</time></trkpt><trkpt lat="37.571922302246094" lon="127.02796936035156"><ele>13.399999618530273</ele><time>2026-09-27T02:13:23Z</time></trkpt><trkpt lat="37.57194137573242" lon="127.02796936035156"><ele>13.199999809265137</ele><time>2026-09-27T02:13:24Z</time></trkpt><trkpt lat="37.57196044921875" lon="127.02796936035156"><ele>13.199999809265137</ele><time>2026-09-27T02:13:25Z</time></trkpt><trkpt lat="37.57197952270508" lon="127.0279769897461"><ele>13.199999809265137</ele><time>2026-09-27T02:13:26Z</time></trkpt><trkpt lat="37.571998596191406" lon="127.0279769897461"><ele>13.199999809265137</ele><time>2026-09-27T02:13:27Z</time></trkpt><trkpt lat="37.572021484375" lon="127.02798461914062"><ele>13.399999618530273</ele><time>2026-09-27T02:13:28Z</time></trkpt><trkpt lat="37.57204055786133" lon="127.02798461914062"><ele>13.399999618530273</ele><time>2026-09-27T02:13:29Z</time></trkpt><trkpt lat="37.57206726074219" lon="127.02799987792969"><ele>13.399999618530273</ele><time>2026-09-27T02:13:30Z</time></trkpt><trkpt lat="37.572078704833984" lon="127.02799987792969"><ele>13.399999618530273</ele><time>2026-09-27T02:13:31Z</time></trkpt><trkpt lat="37.57210159301758" lon="127.02800750732422"><ele>13.399999618530273</ele><time>2026-09-27T02:13:32Z</time></trkpt><trkpt lat="37.57211685180664" lon="127.02800750732422"><ele>13.399999618530273</ele><time>2026-09-27T02:13:33Z</time></trkpt><trkpt lat="37.572139739990234" lon="127.02800750732422"><ele>13.399999618530273</ele><time>2026-09-27T02:13:34Z</time></trkpt><trkpt lat="37.5721549987793" lon="127.02800750732422"><ele>13.399999618530273</ele><time>2026-09-27T02:13:35Z</time></trkpt><trkpt lat="37.57217788696289" lon="127.02800750732422"><ele>13.399999618530273</ele><time>2026-09-27T02:13:36Z</time></trkpt><trkpt lat="37.57219696044922" lon="127.02800750732422"><ele>13.399999618530273</ele><time>2026-09-27T02:13:37Z</time></trkpt><trkpt lat="37.57221221923828" lon="127.02800750732422"><ele>13.399999618530273</ele><time>2026-09-27T02:13:38Z</time></trkpt><trkpt lat="37.572235107421875" lon="127.02801513671875"><ele>13.399999618530273</ele><time>2026-09-27T02:13:39Z</time></trkpt><trkpt lat="37.57225036621094" lon="127.02801513671875"><ele>13.399999618530273</ele><time>2026-09-27T02:13:40Z</time></trkpt><trkpt lat="37.57227325439453" lon="127.02802276611328"><ele>13.399999618530273</ele><time>2026-09-27T02:13:41Z</time></trkpt><trkpt lat="37.572288513183594" lon="127.02802276611328"><ele>13.600000381469727</ele><time>2026-09-27T02:13:42Z</time></trkpt><trkpt lat="37.57231521606445" lon="127.02802276611328"><ele>13.399999618530273</ele><time>2026-09-27T02:13:43Z</time></trkpt><trkpt lat="37.572330474853516" lon="127.02801513671875"><ele>13.600000381469727</ele><time>2026-09-27T02:13:44Z</time></trkpt><trkpt lat="37.57235336303711" lon="127.02801513671875"><ele>13.600000381469727</ele><time>2026-09-27T02:13:45Z</time></trkpt><trkpt lat="37.57237243652344" lon="127.02800750732422"><ele>13.600000381469727</ele><time>2026-09-27T02:13:46Z</time></trkpt><trkpt lat="37.57239532470703" lon="127.02800750732422"><ele>13.600000381469727</ele><time>2026-09-27T02:13:47Z</time></trkpt><trkpt lat="37.572418212890625" lon="127.02800750732422"><ele>13.600000381469727</ele><time>2026-09-27T02:13:48Z</time></trkpt><trkpt lat="37.57243728637695" lon="127.02800750732422"><ele>13.600000381469727</ele><time>2026-09-27T02:13:49Z</time></trkpt><trkpt lat="37.57246017456055" lon="127.02801513671875"><ele>13.600000381469727</ele><time>2026-09-27T02:13:50Z</time></trkpt><trkpt lat="37.57247543334961" lon="127.02801513671875"><ele>13.600000381469727</ele><time>2026-09-27T02:13:51Z</time></trkpt><trkpt lat="37.5724983215332" lon="127.02801513671875"><ele>13.600000381469727</ele><time>2026-09-27T02:13:52Z</time></trkpt><trkpt lat="37.57251739501953" lon="127.02801513671875"><ele>13.600000381469727</ele><time>2026-09-27T02:13:53Z</time></trkpt><trkpt lat="37.57252883911133" lon="127.02800750732422"><ele>13.600000381469727</ele><time>2026-09-27T02:13:54Z</time></trkpt><trkpt lat="37.572547912597656" lon="127.02801513671875"><ele>13.600000381469727</ele><time>2026-09-27T02:13:55Z</time></trkpt><trkpt lat="37.572566986083984" lon="127.02801513671875"><ele>13.600000381469727</ele><time>2026-09-27T02:13:56Z</time></trkpt><trkpt lat="37.57258224487305" lon="127.02802276611328"><ele>13.800000190734863</ele><time>2026-09-27T02:13:57Z</time></trkpt><trkpt lat="37.572593688964844" lon="127.02803802490234"><ele>13.800000190734863</ele><time>2026-09-27T02:13:58Z</time></trkpt><trkpt lat="37.57261276245117" lon="127.02803802490234"><ele>13.800000190734863</ele><time>2026-09-27T02:13:59Z</time></trkpt><trkpt lat="37.572628021240234" lon="127.02803039550781"><ele>13.800000190734863</ele><time>2026-09-27T02:14:00Z</time></trkpt><trkpt lat="37.57264709472656" lon="127.02803802490234"><ele>13.800000190734863</ele><time>2026-09-27T02:14:01Z</time></trkpt><trkpt lat="37.57266616821289" lon="127.02803802490234"><ele>13.800000190734863</ele><time>2026-09-27T02:14:02Z</time></trkpt><trkpt lat="37.57268524169922" lon="127.02804565429688"><ele>13.800000190734863</ele><time>2026-09-27T02:14:03Z</time></trkpt><trkpt lat="37.57270812988281" lon="127.02804565429688"><ele>13.800000190734863</ele><time>2026-09-27T02:14:04Z</time></trkpt><trkpt lat="37.57272720336914" lon="127.02804565429688"><ele>13.800000190734863</ele><time>2026-09-27T02:14:05Z</time></trkpt><trkpt lat="37.57274627685547" lon="127.02804565429688"><ele>13.800000190734863</ele><time>2026-09-27T02:14:06Z</time></trkpt><trkpt lat="37.5727653503418" lon="127.02803802490234"><ele>13.800000190734863</ele><time>2026-09-27T02:14:07Z</time></trkpt><trkpt lat="37.57278823852539" lon="127.02803802490234"><ele>13.800000190734863</ele><time>2026-09-27T02:14:08Z</time></trkpt><trkpt lat="37.57280731201172" lon="127.02804565429688"><ele>13.800000190734863</ele><time>2026-09-27T02:14:09Z</time></trkpt><trkpt lat="37.57282638549805" lon="127.02804565429688"><ele>13.800000190734863</ele><time>2026-09-27T02:14:10Z</time></trkpt><trkpt lat="37.572845458984375" lon="127.0280532836914"><ele>14.0</ele><time>2026-09-27T02:14:11Z</time></trkpt><trkpt lat="37.5728645324707" lon="127.02806091308594"><ele>14.0</ele><time>2026-09-27T02:14:12Z</time></trkpt><trkpt lat="37.5728874206543" lon="127.028076171875"><ele>14.0</ele><time>2026-09-27T02:14:13Z</time></trkpt><trkpt lat="37.57290267944336" lon="127.028076171875"><ele>14.0</ele><time>2026-09-27T02:14:14Z</time></trkpt><trkpt lat="37.57292556762695" lon="127.02809143066406"><ele>14.0</ele><time>2026-09-27T02:14:15Z</time></trkpt><trkpt lat="37.572940826416016" lon="127.02809143066406"><ele>14.0</ele><time>2026-09-27T02:14:16Z</time></trkpt><trkpt lat="37.572967529296875" lon="127.0280990600586"><ele>14.0</ele><time>2026-09-27T02:14:17Z</time></trkpt><trkpt lat="37.57297897338867" lon="127.0280990600586"><ele>14.0</ele><time>2026-09-27T02:14:18Z</time></trkpt><trkpt lat="37.57300567626953" lon="127.02810668945312"><ele>14.0</ele><time>2026-09-27T02:14:19Z</time></trkpt><trkpt lat="37.57301712036133" lon="127.0280990600586"><ele>14.0</ele><time>2026-09-27T02:14:20Z</time></trkpt><trkpt lat="37.57304000854492" lon="127.02810668945312"><ele>14.0</ele><time>2026-09-27T02:14:21Z</time></trkpt><trkpt lat="37.573055267333984" lon="127.0280990600586"><ele>14.199999809265137</ele><time>2026-09-27T02:14:22Z</time></trkpt><trkpt lat="37.57307434082031" lon="127.0280990600586"><ele>14.199999809265137</ele><time>2026-09-27T02:14:23Z</time></trkpt><trkpt lat="37.57309341430664" lon="127.02810668945312"><ele>14.199999809265137</ele><time>2026-09-27T02:14:24Z</time></trkpt><trkpt lat="37.57311248779297" lon="127.02810668945312"><ele>14.199999809265137</ele><time>2026-09-27T02:14:25Z</time></trkpt><trkpt lat="37.5731315612793" lon="127.02811431884766"><ele>14.199999809265137</ele><time>2026-09-27T02:14:26Z</time></trkpt><trkpt lat="37.57314682006836" lon="127.02811431884766"><ele>14.199999809265137</ele><time>2026-09-27T02:14:27Z</time></trkpt><trkpt lat="37.57317352294922" lon="127.02812194824219"><ele>14.199999809265137</ele><time>2026-09-27T02:14:28Z</time></trkpt><trkpt lat="37.573184967041016" lon="127.02812194824219"><ele>14.199999809265137</ele><time>2026-09-27T02:14:29Z</time></trkpt><trkpt lat="37.573211669921875" lon="127.02812957763672"><ele>14.199999809265137</ele><time>2026-09-27T02:14:30Z</time></trkpt><trkpt lat="37.5732307434082" lon="127.02812194824219"><ele>14.199999809265137</ele><time>2026-09-27T02:14:31Z</time></trkpt><trkpt lat="37.5732536315918" lon="127.02812957763672"><ele>14.199999809265137</ele><time>2026-09-27T02:14:32Z</time></trkpt><trkpt lat="37.57326889038086" lon="127.02812957763672"><ele>14.199999809265137</ele><time>2026-09-27T02:14:33Z</time></trkpt><trkpt lat="37.57329177856445" lon="127.02813720703125"><ele>14.399999618530273</ele><time>2026-09-27T02:14:34Z</time></trkpt><trkpt lat="37.57331085205078" lon="127.02813720703125"><ele>14.399999618530273</ele><time>2026-09-27T02:14:35Z</time></trkpt><trkpt lat="37.57332992553711" lon="127.02813720703125"><ele>14.399999618530273</ele><time>2026-09-27T02:14:36Z</time></trkpt><trkpt lat="37.57334899902344" lon="127.02814483642578"><ele>14.399999618530273</ele><time>2026-09-27T02:14:37Z</time></trkpt><trkpt lat="37.573360443115234" lon="127.02814483642578"><ele>14.399999618530273</ele><time>2026-09-27T02:14:38Z</time></trkpt><trkpt lat="37.57338333129883" lon="127.02815246582031"><ele>14.600000381469727</ele><time>2026-09-27T02:14:39Z</time></trkpt><trkpt lat="37.573394775390625" lon="127.02814483642578"><ele>14.600000381469727</ele><time>2026-09-27T02:14:40Z</time></trkpt><trkpt lat="37.573421478271484" lon="127.02815246582031"><ele>14.600000381469727</ele><time>2026-09-27T02:14:41Z</time></trkpt><trkpt lat="37.57343292236328" lon="127.02815246582031"><ele>14.600000381469727</ele><time>2026-09-27T02:14:42Z</time></trkpt><trkpt lat="37.57345962524414" lon="127.02815246582031"><ele>14.600000381469727</ele><time>2026-09-27T02:14:43Z</time></trkpt><trkpt lat="37.57347106933594" lon="127.02815246582031"><ele>14.600000381469727</ele><time>2026-09-27T02:14:44Z</time></trkpt><trkpt lat="37.5734977722168" lon="127.02815246582031"><ele>14.600000381469727</ele><time>2026-09-27T02:14:45Z</time></trkpt><trkpt lat="37.573516845703125" lon="127.02815246582031"><ele>14.600000381469727</ele><time>2026-09-27T02:14:46Z</time></trkpt><trkpt lat="37.57353973388672" lon="127.02815246582031"><ele>14.600000381469727</ele><time>2026-09-27T02:14:47Z</time></trkpt><trkpt lat="37.57355880737305" lon="127.02816009521484"><ele>14.600000381469727</ele><time>2026-09-27T02:14:48Z</time></trkpt><trkpt lat="37.57357406616211" lon="127.02816009521484"><ele>14.800000190734863</ele><time>2026-09-27T02:14:49Z</time></trkpt><trkpt lat="37.5735969543457" lon="127.02816772460938"><ele>14.600000381469727</ele><time>2026-09-27T02:14:50Z</time></trkpt><trkpt lat="37.57361602783203" lon="127.02816772460938"><ele>14.600000381469727</ele><time>2026-09-27T02:14:51Z</time></trkpt><trkpt lat="37.573638916015625" lon="127.0281753540039"><ele>14.600000381469727</ele><time>2026-09-27T02:14:52Z</time></trkpt><trkpt lat="37.57365798950195" lon="127.0281753540039"><ele>14.600000381469727</ele><time>2026-09-27T02:14:53Z</time></trkpt><trkpt lat="37.57368469238281" lon="127.0281753540039"><ele>14.600000381469727</ele><time>2026-09-27T02:14:54Z</time></trkpt><trkpt lat="37.57369613647461" lon="127.0281753540039"><ele>14.800000190734863</ele><time>2026-09-27T02:14:55Z</time></trkpt><trkpt lat="37.5737190246582" lon="127.0281753540039"><ele>14.800000190734863</ele><time>2026-09-27T02:14:56Z</time></trkpt><trkpt lat="37.573734283447266" lon="127.02818298339844"><ele>14.800000190734863</ele><time>2026-09-27T02:14:57Z</time></trkpt><trkpt lat="37.573753356933594" lon="127.02818298339844"><ele>14.800000190734863</ele><time>2026-09-27T02:14:58Z</time></trkpt><trkpt lat="37.57376480102539" lon="127.0281753540039"><ele>14.800000190734863</ele><time>2026-09-27T02:14:59Z</time></trkpt><trkpt lat="37.573795318603516" lon="127.0281753540039"><ele>14.800000190734863</ele><time>2026-09-27T02:15:00Z</time></trkpt><trkpt lat="37.57380676269531" lon="127.0281753540039"><ele>14.800000190734863</ele><time>2026-09-27T02:15:01Z</time></trkpt><trkpt lat="37.57382583618164" lon="127.02818298339844"><ele>14.800000190734863</ele><time>2026-09-27T02:15:02Z</time></trkpt><trkpt lat="37.5738410949707" lon="127.02818298339844"><ele>14.600000381469727</ele><time>2026-09-27T02:15:03Z</time></trkpt><trkpt lat="37.573856353759766" lon="127.02818298339844"><ele>14.600000381469727</ele><time>2026-09-27T02:15:04Z</time></trkpt><trkpt lat="37.573875427246094" lon="127.02818298339844"><ele>14.600000381469727</ele><time>2026-09-27T02:15:05Z</time></trkpt><trkpt lat="37.573890686035156" lon="127.02819061279297"><ele>14.399999618530273</ele><time>2026-09-27T02:15:06Z</time></trkpt><trkpt lat="37.573909759521484" lon="127.02819061279297"><ele>14.399999618530273</ele><time>2026-09-27T02:15:07Z</time></trkpt><trkpt lat="37.57392501831055" lon="127.02819061279297"><ele>14.600000381469727</ele><time>2026-09-27T02:15:08Z</time></trkpt><trkpt lat="37.57394027709961" lon="127.02819061279297"><ele>14.600000381469727</ele><time>2026-09-27T02:15:09Z</time></trkpt><trkpt lat="37.57395935058594" lon="127.02819061279297"><ele>14.600000381469727</ele><time>2026-09-27T02:15:10Z</time></trkpt><trkpt lat="37.573974609375" lon="127.02819061279297"><ele>14.600000381469727</ele><time>2026-09-27T02:15:11Z</time></trkpt><trkpt lat="37.57399368286133" lon="127.02818298339844"><ele>14.600000381469727</ele><time>2026-09-27T02:15:12Z</time></trkpt><trkpt lat="37.57404327392578" lon="127.02816009521484"><ele>14.600000381469727</ele><time>2026-09-27T02:15:13Z</time></trkpt><trkpt lat="37.57405471801758" lon="127.02816009521484"><ele>14.600000381469727</ele><time>2026-09-27T02:15:14Z</time></trkpt><trkpt lat="37.57407760620117" lon="127.0281753540039"><ele>14.600000381469727</ele><time>2026-09-27T02:15:15Z</time></trkpt><trkpt lat="37.574092864990234" lon="127.0281753540039"><ele>14.600000381469727</ele><time>2026-09-27T02:15:16Z</time></trkpt><trkpt lat="37.57410430908203" lon="127.0281753540039"><ele>14.600000381469727</ele><time>2026-09-27T02:15:17Z</time></trkpt><trkpt lat="37.57411575317383" lon="127.02816772460938"><ele>14.600000381469727</ele><time>2026-09-27T02:15:18Z</time></trkpt><trkpt lat="37.57414245605469" lon="127.02816772460938"><ele>14.600000381469727</ele><time>2026-09-27T02:15:19Z</time></trkpt><trkpt lat="37.574161529541016" lon="127.02816009521484"><ele>14.800000190734863</ele><time>2026-09-27T02:15:20Z</time></trkpt><trkpt lat="37.57418441772461" lon="127.02816009521484"><ele>14.800000190734863</ele><time>2026-09-27T02:15:21Z</time></trkpt><trkpt lat="37.5742073059082" lon="127.02815246582031"><ele>14.800000190734863</ele><time>2026-09-27T02:15:22Z</time></trkpt><trkpt lat="37.57422637939453" lon="127.02815246582031"><ele>15.0</ele><time>2026-09-27T02:15:23Z</time></trkpt><trkpt lat="37.57425308227539" lon="127.02816009521484"><ele>15.0</ele><time>2026-09-27T02:15:24Z</time></trkpt><trkpt lat="37.57427215576172" lon="127.02816009521484"><ele>15.0</ele><time>2026-09-27T02:15:25Z</time></trkpt><trkpt lat="37.57429504394531" lon="127.02816009521484"><ele>15.199999809265137</ele><time>2026-09-27T02:15:26Z</time></trkpt><trkpt lat="37.57431411743164" lon="127.02816009521484"><ele>15.199999809265137</ele><time>2026-09-27T02:15:27Z</time></trkpt><trkpt lat="37.5743408203125" lon="127.02816009521484"><ele>15.199999809265137</ele><time>2026-09-27T02:15:28Z</time></trkpt><trkpt lat="37.57435989379883" lon="127.02816009521484"><ele>15.199999809265137</ele><time>2026-09-27T02:15:29Z</time></trkpt><trkpt lat="37.57435989379883" lon="127.02815246582031"><ele>15.199999809265137</ele><time>2026-09-27T02:15:30Z</time></trkpt><trkpt lat="37.57436752319336" lon="127.02814483642578"><ele>15.199999809265137</ele><time>2026-09-27T02:15:31Z</time></trkpt><trkpt lat="37.574378967285156" lon="127.02814483642578"><ele>15.199999809265137</ele><time>2026-09-27T02:15:32Z</time></trkpt><trkpt lat="37.57438278198242" lon="127.02816772460938"><ele>15.199999809265137</ele><time>2026-09-27T02:15:33Z</time></trkpt><trkpt lat="37.57438659667969" lon="127.0281753540039"><ele>15.399999618530273</ele><time>2026-09-27T02:15:34Z</time></trkpt><trkpt lat="37.57439041137695" lon="127.0281753540039"><ele>15.600000381469727</ele><time>2026-09-27T02:15:35Z</time></trkpt><trkpt lat="37.57439422607422" lon="127.02818298339844"><ele>15.600000381469727</ele><time>2026-09-27T02:15:36Z</time></trkpt><trkpt lat="37.574398040771484" lon="127.0281982421875"><ele>15.600000381469727</ele><time>2026-09-27T02:15:37Z</time></trkpt><trkpt lat="37.57440185546875" lon="127.02820587158203"><ele>15.399999618530273</ele><time>2026-09-27T02:15:38Z</time></trkpt><trkpt lat="37.574405670166016" lon="127.02821350097656"><ele>15.199999809265137</ele><time>2026-09-27T02:15:39Z</time></trkpt><trkpt lat="37.574405670166016" lon="127.0282211303711"><ele>15.199999809265137</ele><time>2026-09-27T02:15:40Z</time></trkpt><trkpt lat="37.574405670166016" lon="127.0282211303711"><ele>15.0</ele><time>2026-09-27T02:15:41Z</time></trkpt><trkpt lat="37.574405670166016" lon="127.0282211303711"><ele>15.199999809265137</ele><time>2026-09-27T02:15:42Z</time></trkpt><trkpt lat="37.57439422607422" lon="127.02821350097656"><ele>15.199999809265137</ele><time>2026-09-27T02:15:43Z</time></trkpt><trkpt lat="37.57439422607422" lon="127.02820587158203"><ele>15.199999809265137</ele><time>2026-09-27T02:15:44Z</time></trkpt><trkpt lat="37.574398040771484" lon="127.02819061279297"><ele>15.199999809265137</ele><time>2026-09-27T02:15:45Z</time></trkpt><trkpt lat="37.57441329956055" lon="127.0281753540039"><ele>15.199999809265137</ele><time>2026-09-27T02:15:46Z</time></trkpt><trkpt lat="37.57442092895508" lon="127.0281753540039"><ele>15.199999809265137</ele><time>2026-09-27T02:15:47Z</time></trkpt><trkpt lat="37.574440002441406" lon="127.02816772460938"><ele>15.199999809265137</ele><time>2026-09-27T02:15:48Z</time></trkpt><trkpt lat="37.574459075927734" lon="127.02816772460938"><ele>15.0</ele><time>2026-09-27T02:15:49Z</time></trkpt><trkpt lat="37.57447814941406" lon="127.02816009521484"><ele>15.0</ele><time>2026-09-27T02:15:50Z</time></trkpt><trkpt lat="37.57448959350586" lon="127.02816009521484"><ele>15.199999809265137</ele><time>2026-09-27T02:15:51Z</time></trkpt><trkpt lat="37.574501037597656" lon="127.02816009521484"><ele>15.199999809265137</ele><time>2026-09-27T02:15:52Z</time></trkpt><trkpt lat="37.57450866699219" lon="127.02815246582031"><ele>15.399999618530273</ele><time>2026-09-27T02:15:53Z</time></trkpt><trkpt lat="37.57452392578125" lon="127.02814483642578"><ele>15.399999618530273</ele><time>2026-09-27T02:15:54Z</time></trkpt><trkpt lat="37.57453536987305" lon="127.02814483642578"><ele>15.399999618530273</ele><time>2026-09-27T02:15:55Z</time></trkpt><trkpt lat="37.574554443359375" lon="127.02814483642578"><ele>15.399999618530273</ele><time>2026-09-27T02:15:56Z</time></trkpt><trkpt lat="37.57456970214844" lon="127.02814483642578"><ele>15.199999809265137</ele><time>2026-09-27T02:15:57Z</time></trkpt><trkpt lat="37.5745849609375" lon="127.02813720703125"><ele>15.199999809265137</ele><time>2026-09-27T02:15:58Z</time></trkpt><trkpt lat="37.57460021972656" lon="127.02813720703125"><ele>15.399999618530273</ele><time>2026-09-27T02:15:59Z</time></trkpt><trkpt lat="37.57461166381836" lon="127.02812957763672"><ele>15.399999618530273</ele><time>2026-09-27T02:16:00Z</time></trkpt><trkpt lat="37.57463455200195" lon="127.02812194824219"><ele>15.399999618530273</ele><time>2026-09-27T02:16:01Z</time></trkpt><trkpt lat="37.57464599609375" lon="127.02812194824219"><ele>15.600000381469727</ele><time>2026-09-27T02:16:02Z</time></trkpt><trkpt lat="37.57466506958008" lon="127.02812194824219"><ele>15.600000381469727</ele><time>2026-09-27T02:16:03Z</time></trkpt><trkpt lat="37.574684143066406" lon="127.02811431884766"><ele>15.600000381469727</ele><time>2026-09-27T02:16:04Z</time></trkpt><trkpt lat="37.57469940185547" lon="127.02810668945312"><ele>15.600000381469727</ele><time>2026-09-27T02:16:05Z</time></trkpt><trkpt lat="37.57472229003906" lon="127.02811431884766"><ele>15.600000381469727</ele><time>2026-09-27T02:16:06Z</time></trkpt><trkpt lat="37.574737548828125" lon="127.0280990600586"><ele>15.600000381469727</ele><time>2026-09-27T02:16:07Z</time></trkpt><trkpt lat="37.57476043701172" lon="127.02810668945312"><ele>15.600000381469727</ele><time>2026-09-27T02:16:08Z</time></trkpt><trkpt lat="37.57477951049805" lon="127.0280990600586"><ele>15.600000381469727</ele><time>2026-09-27T02:16:09Z</time></trkpt><trkpt lat="37.574806213378906" lon="127.0280990600586"><ele>15.600000381469727</ele><time>2026-09-27T02:16:10Z</time></trkpt><trkpt lat="37.57482147216797" lon="127.02809143066406"><ele>15.600000381469727</ele><time>2026-09-27T02:16:11Z</time></trkpt><trkpt lat="37.57484436035156" lon="127.02809143066406"><ele>15.600000381469727</ele><time>2026-09-27T02:16:12Z</time></trkpt><trkpt lat="37.57486343383789" lon="127.02809143066406"><ele>15.600000381469727</ele><time>2026-09-27T02:16:13Z</time></trkpt><trkpt lat="37.57487869262695" lon="127.02808380126953"><ele>15.600000381469727</ele><time>2026-09-27T02:16:14Z</time></trkpt><trkpt lat="37.57489776611328" lon="127.02808380126953"><ele>15.600000381469727</ele><time>2026-09-27T02:16:15Z</time></trkpt><trkpt lat="37.574913024902344" lon="127.02808380126953"><ele>15.800000190734863</ele><time>2026-09-27T02:16:16Z</time></trkpt><trkpt lat="37.57493209838867" lon="127.028076171875"><ele>15.800000190734863</ele><time>2026-09-27T02:16:17Z</time></trkpt><trkpt lat="37.574947357177734" lon="127.028076171875"><ele>15.800000190734863</ele><time>2026-09-27T02:16:18Z</time></trkpt><trkpt lat="37.5749626159668" lon="127.02806854248047"><ele>16.0</ele><time>2026-09-27T02:16:19Z</time></trkpt><trkpt lat="37.57499313354492" lon="127.028076171875"><ele>16.0</ele><time>2026-09-27T02:16:20Z</time></trkpt><trkpt lat="37.57501220703125" lon="127.028076171875"><ele>15.800000190734863</ele><time>2026-09-27T02:16:21Z</time></trkpt><trkpt lat="37.57503128051758" lon="127.02806854248047"><ele>15.800000190734863</ele><time>2026-09-27T02:16:22Z</time></trkpt><trkpt lat="37.57505416870117" lon="127.02806854248047"><ele>15.800000190734863</ele><time>2026-09-27T02:16:23Z</time></trkpt><trkpt lat="37.575069427490234" lon="127.02806854248047"><ele>15.800000190734863</ele><time>2026-09-27T02:16:24Z</time></trkpt><trkpt lat="37.57508850097656" lon="127.02806854248047"><ele>16.0</ele><time>2026-09-27T02:16:25Z</time></trkpt><trkpt lat="37.57510757446289" lon="127.02806091308594"><ele>16.0</ele><time>2026-09-27T02:16:26Z</time></trkpt><trkpt lat="37.57512283325195" lon="127.0280532836914"><ele>16.0</ele><time>2026-09-27T02:16:27Z</time></trkpt><trkpt lat="37.57514572143555" lon="127.0280532836914"><ele>16.0</ele><time>2026-09-27T02:16:28Z</time></trkpt><trkpt lat="37.57516098022461" lon="127.0280532836914"><ele>16.0</ele><time>2026-09-27T02:16:29Z</time></trkpt><trkpt lat="37.57518005371094" lon="127.02804565429688"><ele>16.200000762939453</ele><time>2026-09-27T02:16:30Z</time></trkpt><trkpt lat="37.575199127197266" lon="127.02804565429688"><ele>16.200000762939453</ele><time>2026-09-27T02:16:31Z</time></trkpt><trkpt lat="37.57521438598633" lon="127.02804565429688"><ele>16.200000762939453</ele><time>2026-09-27T02:16:32Z</time></trkpt><trkpt lat="37.57524108886719" lon="127.02804565429688"><ele>16.200000762939453</ele><time>2026-09-27T02:16:33Z</time></trkpt><trkpt lat="37.57525634765625" lon="127.02803802490234"><ele>16.200000762939453</ele><time>2026-09-27T02:16:34Z</time></trkpt><trkpt lat="37.575279235839844" lon="127.02803802490234"><ele>16.200000762939453</ele><time>2026-09-27T02:16:35Z</time></trkpt><trkpt lat="37.57530212402344" lon="127.02803802490234"><ele>16.200000762939453</ele><time>2026-09-27T02:16:36Z</time></trkpt><trkpt lat="37.575321197509766" lon="127.02803039550781"><ele>16.399999618530273</ele><time>2026-09-27T02:16:37Z</time></trkpt><trkpt lat="37.57534408569336" lon="127.02803802490234"><ele>16.399999618530273</ele><time>2026-09-27T02:16:38Z</time></trkpt><trkpt lat="37.57535934448242" lon="127.02803039550781"><ele>16.399999618530273</ele><time>2026-09-27T02:16:39Z</time></trkpt><trkpt lat="37.575382232666016" lon="127.02803039550781"><ele>16.399999618530273</ele><time>2026-09-27T02:16:40Z</time></trkpt><trkpt lat="37.57540512084961" lon="127.02802276611328"><ele>16.399999618530273</ele><time>2026-09-27T02:16:41Z</time></trkpt><trkpt lat="37.57542037963867" lon="127.02801513671875"><ele>16.399999618530273</ele><time>2026-09-27T02:16:42Z</time></trkpt><trkpt lat="37.575443267822266" lon="127.02801513671875"><ele>16.399999618530273</ele><time>2026-09-27T02:16:43Z</time></trkpt><trkpt lat="37.57545471191406" lon="127.02800750732422"><ele>16.399999618530273</ele><time>2026-09-27T02:16:44Z</time></trkpt><trkpt lat="37.57547378540039" lon="127.02799987792969"><ele>16.399999618530273</ele><time>2026-09-27T02:16:45Z</time></trkpt><trkpt lat="37.57549285888672" lon="127.02799987792969"><ele>16.399999618530273</ele><time>2026-09-27T02:16:46Z</time></trkpt><trkpt lat="37.57550811767578" lon="127.02799987792969"><ele>16.399999618530273</ele><time>2026-09-27T02:16:47Z</time></trkpt><trkpt lat="37.575531005859375" lon="127.02799987792969"><ele>16.399999618530273</ele><time>2026-09-27T02:16:48Z</time></trkpt><trkpt lat="37.5755500793457" lon="127.02799987792969"><ele>16.399999618530273</ele><time>2026-09-27T02:16:49Z</time></trkpt><trkpt lat="37.57557678222656" lon="127.02799987792969"><ele>16.399999618530273</ele><time>2026-09-27T02:16:50Z</time></trkpt><trkpt lat="37.57559585571289" lon="127.02799987792969"><ele>16.399999618530273</ele><time>2026-09-27T02:16:51Z</time></trkpt><trkpt lat="37.575618743896484" lon="127.02799224853516"><ele>16.399999618530273</ele><time>2026-09-27T02:16:52Z</time></trkpt><trkpt lat="37.57564163208008" lon="127.02799987792969"><ele>16.399999618530273</ele><time>2026-09-27T02:16:53Z</time></trkpt><trkpt lat="37.57565689086914" lon="127.02799224853516"><ele>16.399999618530273</ele><time>2026-09-27T02:16:54Z</time></trkpt><trkpt lat="37.57568359375" lon="127.02799224853516"><ele>16.399999618530273</ele><time>2026-09-27T02:16:55Z</time></trkpt><trkpt lat="37.57569885253906" lon="127.02798461914062"><ele>16.399999618530273</ele><time>2026-09-27T02:16:56Z</time></trkpt><trkpt lat="37.575721740722656" lon="127.02798461914062"><ele>16.399999618530273</ele><time>2026-09-27T02:16:57Z</time></trkpt><trkpt lat="37.575740814208984" lon="127.02799224853516"><ele>16.399999618530273</ele><time>2026-09-27T02:16:58Z</time></trkpt><trkpt lat="37.57575607299805" lon="127.02799224853516"><ele>16.399999618530273</ele><time>2026-09-27T02:16:59Z</time></trkpt><trkpt lat="37.57577896118164" lon="127.02799224853516"><ele>16.399999618530273</ele><time>2026-09-27T02:17:00Z</time></trkpt><trkpt lat="37.5757942199707" lon="127.02798461914062"><ele>16.600000381469727</ele><time>2026-09-27T02:17:01Z</time></trkpt><trkpt lat="37.5758171081543" lon="127.02798461914062"><ele>16.600000381469727</ele><time>2026-09-27T02:17:02Z</time></trkpt><trkpt lat="37.575836181640625" lon="127.0279769897461"><ele>16.600000381469727</ele><time>2026-09-27T02:17:03Z</time></trkpt><trkpt lat="37.57585525512695" lon="127.0279769897461"><ele>16.600000381469727</ele><time>2026-09-27T02:17:04Z</time></trkpt><trkpt lat="37.57587432861328" lon="127.0279769897461"><ele>16.799999237060547</ele><time>2026-09-27T02:17:05Z</time></trkpt><trkpt lat="37.575889587402344" lon="127.02796936035156"><ele>16.799999237060547</ele><time>2026-09-27T02:17:06Z</time></trkpt><trkpt lat="37.57590866088867" lon="127.02796936035156"><ele>16.799999237060547</ele><time>2026-09-27T02:17:07Z</time></trkpt><trkpt lat="37.575931549072266" lon="127.02796173095703"><ele>16.799999237060547</ele><time>2026-09-27T02:17:08Z</time></trkpt><trkpt lat="37.575950622558594" lon="127.02796173095703"><ele>16.799999237060547</ele><time>2026-09-27T02:17:09Z</time></trkpt><trkpt lat="37.57597732543945" lon="127.02796173095703"><ele>16.600000381469727</ele><time>2026-09-27T02:17:10Z</time></trkpt><trkpt lat="37.575992584228516" lon="127.0279541015625"><ele>16.600000381469727</ele><time>2026-09-27T02:17:11Z</time></trkpt><trkpt lat="37.57601547241211" lon="127.02794647216797"><ele>16.799999237060547</ele><time>2026-09-27T02:17:12Z</time></trkpt><trkpt lat="37.5760383605957" lon="127.02794647216797"><ele>16.799999237060547</ele><time>2026-09-27T02:17:13Z</time></trkpt><trkpt lat="37.576053619384766" lon="127.02794647216797"><ele>16.799999237060547</ele><time>2026-09-27T02:17:14Z</time></trkpt><trkpt lat="37.576080322265625" lon="127.02794647216797"><ele>16.799999237060547</ele><time>2026-09-27T02:17:15Z</time></trkpt><trkpt lat="37.57609558105469" lon="127.02794647216797"><ele>16.799999237060547</ele><time>2026-09-27T02:17:16Z</time></trkpt><trkpt lat="37.576114654541016" lon="127.02794647216797"><ele>16.799999237060547</ele><time>2026-09-27T02:17:17Z</time></trkpt><trkpt lat="37.57613754272461" lon="127.02794647216797"><ele>16.799999237060547</ele><time>2026-09-27T02:17:18Z</time></trkpt><trkpt lat="37.576148986816406" lon="127.0279312133789"><ele>16.799999237060547</ele><time>2026-09-27T02:17:19Z</time></trkpt><trkpt lat="37.576175689697266" lon="127.0279312133789"><ele>16.799999237060547</ele><time>2026-09-27T02:17:20Z</time></trkpt><trkpt lat="37.576194763183594" lon="127.02792358398438"><ele>16.799999237060547</ele><time>2026-09-27T02:17:21Z</time></trkpt><trkpt lat="37.57621765136719" lon="127.02792358398438"><ele>17.0</ele><time>2026-09-27T02:17:22Z</time></trkpt><trkpt lat="37.576236724853516" lon="127.0279312133789"><ele>17.0</ele><time>2026-09-27T02:17:23Z</time></trkpt><trkpt lat="37.57625198364258" lon="127.02792358398438"><ele>17.0</ele><time>2026-09-27T02:17:24Z</time></trkpt><trkpt lat="37.57627487182617" lon="127.02792358398438"><ele>17.0</ele><time>2026-09-27T02:17:25Z</time></trkpt><trkpt lat="37.576290130615234" lon="127.02791595458984"><ele>17.200000762939453</ele><time>2026-09-27T02:17:26Z</time></trkpt><trkpt lat="37.5763053894043" lon="127.02790832519531"><ele>17.200000762939453</ele><time>2026-09-27T02:17:27Z</time></trkpt><trkpt lat="37.57632827758789" lon="127.02791595458984"><ele>17.200000762939453</ele><time>2026-09-27T02:17:28Z</time></trkpt><trkpt lat="37.57634353637695" lon="127.02790069580078"><ele>17.200000762939453</ele><time>2026-09-27T02:17:29Z</time></trkpt><trkpt lat="37.57636642456055" lon="127.02790069580078"><ele>17.200000762939453</ele><time>2026-09-27T02:17:30Z</time></trkpt><trkpt lat="37.57638931274414" lon="127.02790069580078"><ele>17.200000762939453</ele><time>2026-09-27T02:17:31Z</time></trkpt><trkpt lat="37.5764045715332" lon="127.02789306640625"><ele>17.200000762939453</ele><time>2026-09-27T02:17:32Z</time></trkpt><trkpt lat="37.57643127441406" lon="127.02789306640625"><ele>17.200000762939453</ele><time>2026-09-27T02:17:33Z</time></trkpt><trkpt lat="37.576446533203125" lon="127.02788543701172"><ele>17.200000762939453</ele><time>2026-09-27T02:17:34Z</time></trkpt><trkpt lat="37.57646560668945" lon="127.02787780761719"><ele>17.200000762939453</ele><time>2026-09-27T02:17:35Z</time></trkpt><trkpt lat="37.57649230957031" lon="127.02789306640625"><ele>17.0</ele><time>2026-09-27T02:17:36Z</time></trkpt><trkpt lat="37.576507568359375" lon="127.02788543701172"><ele>17.0</ele><time>2026-09-27T02:17:37Z</time></trkpt><trkpt lat="37.57653045654297" lon="127.02788543701172"><ele>17.0</ele><time>2026-09-27T02:17:38Z</time></trkpt><trkpt lat="37.5765495300293" lon="127.02787780761719"><ele>17.0</ele><time>2026-09-27T02:17:39Z</time></trkpt><trkpt lat="37.576568603515625" lon="127.02787780761719"><ele>17.0</ele><time>2026-09-27T02:17:40Z</time></trkpt><trkpt lat="37.57659149169922" lon="127.02787017822266"><ele>17.0</ele><time>2026-09-27T02:17:41Z</time></trkpt><trkpt lat="37.576602935791016" lon="127.02787017822266"><ele>17.0</ele><time>2026-09-27T02:17:42Z</time></trkpt><trkpt lat="37.57662582397461" lon="127.02786254882812"><ele>17.0</ele><time>2026-09-27T02:17:43Z</time></trkpt><trkpt lat="37.5766487121582" lon="127.02787017822266"><ele>17.0</ele><time>2026-09-27T02:17:44Z</time></trkpt><trkpt lat="37.57666778564453" lon="127.02787017822266"><ele>16.799999237060547</ele><time>2026-09-27T02:17:45Z</time></trkpt><trkpt lat="37.576690673828125" lon="127.02787017822266"><ele>16.799999237060547</ele><time>2026-09-27T02:17:46Z</time></trkpt><trkpt lat="37.57670974731445" lon="127.02786254882812"><ele>16.799999237060547</ele><time>2026-09-27T02:17:47Z</time></trkpt><trkpt lat="37.57672882080078" lon="127.02786254882812"><ele>16.799999237060547</ele><time>2026-09-27T02:17:48Z</time></trkpt><trkpt lat="37.576751708984375" lon="127.02787017822266"><ele>16.799999237060547</ele><time>2026-09-27T02:17:49Z</time></trkpt><trkpt lat="37.5767707824707" lon="127.02786254882812"><ele>16.799999237060547</ele><time>2026-09-27T02:17:50Z</time></trkpt><trkpt lat="37.57679748535156" lon="127.02786254882812"><ele>16.799999237060547</ele><time>2026-09-27T02:17:51Z</time></trkpt><trkpt lat="37.576812744140625" lon="127.02786254882812"><ele>16.799999237060547</ele><time>2026-09-27T02:17:52Z</time></trkpt><trkpt lat="37.57683181762695" lon="127.02787017822266"><ele>16.799999237060547</ele><time>2026-09-27T02:17:53Z</time></trkpt><trkpt lat="37.57686996459961" lon="127.02787017822266"><ele>16.799999237060547</ele><time>2026-09-27T02:17:54Z</time></trkpt><trkpt lat="37.576927185058594" lon="127.02790832519531"><ele>16.799999237060547</ele><time>2026-09-27T02:17:55Z</time></trkpt><trkpt lat="37.576942443847656" lon="127.02790069580078"><ele>16.799999237060547</ele><time>2026-09-27T02:17:56Z</time></trkpt><trkpt lat="37.576961517333984" lon="127.02790069580078"><ele>16.799999237060547</ele><time>2026-09-27T02:17:57Z</time></trkpt><trkpt lat="37.57698059082031" lon="127.02790832519531"><ele>16.799999237060547</ele><time>2026-09-27T02:17:58Z</time></trkpt><trkpt lat="37.57699966430664" lon="127.02790832519531"><ele>17.0</ele><time>2026-09-27T02:17:59Z</time></trkpt><trkpt lat="37.57701873779297" lon="127.02790832519531"><ele>17.0</ele><time>2026-09-27T02:18:00Z</time></trkpt><trkpt lat="37.5770378112793" lon="127.02791595458984"><ele>17.0</ele><time>2026-09-27T02:18:01Z</time></trkpt><trkpt lat="37.57706069946289" lon="127.02791595458984"><ele>17.0</ele><time>2026-09-27T02:18:02Z</time></trkpt><trkpt lat="37.577083587646484" lon="127.02791595458984"><ele>17.0</ele><time>2026-09-27T02:18:03Z</time></trkpt><trkpt lat="37.57710647583008" lon="127.02791595458984"><ele>17.0</ele><time>2026-09-27T02:18:04Z</time></trkpt><trkpt lat="37.57713317871094" lon="127.02791595458984"><ele>17.200000762939453</ele><time>2026-09-27T02:18:05Z</time></trkpt><trkpt lat="37.57715606689453" lon="127.02791595458984"><ele>17.200000762939453</ele><time>2026-09-27T02:18:06Z</time></trkpt><trkpt lat="37.57715606689453" lon="127.02790832519531"><ele>17.200000762939453</ele><time>2026-09-27T02:18:07Z</time></trkpt><trkpt lat="37.57716369628906" lon="127.02789306640625"><ele>17.200000762939453</ele><time>2026-09-27T02:18:08Z</time></trkpt><trkpt lat="37.577178955078125" lon="127.02789306640625"><ele>17.200000762939453</ele><time>2026-09-27T02:18:09Z</time></trkpt><trkpt lat="37.57719802856445" lon="127.02788543701172"><ele>17.200000762939453</ele><time>2026-09-27T02:18:10Z</time></trkpt><trkpt lat="37.57721710205078" lon="127.02786254882812"><ele>17.399999618530273</ele><time>2026-09-27T02:18:11Z</time></trkpt><trkpt lat="37.57722473144531" lon="127.02784729003906"><ele>17.399999618530273</ele><time>2026-09-27T02:18:12Z</time></trkpt><trkpt lat="37.57723617553711" lon="127.02784729003906"><ele>17.399999618530273</ele><time>2026-09-27T02:18:13Z</time></trkpt><trkpt lat="37.57724380493164" lon="127.02783966064453"><ele>17.399999618530273</ele><time>2026-09-27T02:18:14Z</time></trkpt><trkpt lat="37.57726287841797" lon="127.02783203125"><ele>17.399999618530273</ele><time>2026-09-27T02:18:15Z</time></trkpt><trkpt lat="37.5772819519043" lon="127.02781677246094"><ele>17.399999618530273</ele><time>2026-09-27T02:18:16Z</time></trkpt><trkpt lat="37.577301025390625" lon="127.0278091430664"><ele>17.399999618530273</ele><time>2026-09-27T02:18:17Z</time></trkpt><trkpt lat="37.57732391357422" lon="127.02780151367188"><ele>17.399999618530273</ele><time>2026-09-27T02:18:18Z</time></trkpt><trkpt lat="37.57733917236328" lon="127.02779388427734"><ele>17.600000381469727</ele><time>2026-09-27T02:18:19Z</time></trkpt><trkpt lat="37.57735824584961" lon="127.02778625488281"><ele>17.799999237060547</ele><time>2026-09-27T02:18:20Z</time></trkpt><trkpt lat="37.57737731933594" lon="127.02778625488281"><ele>17.799999237060547</ele><time>2026-09-27T02:18:21Z</time></trkpt><trkpt lat="37.577396392822266" lon="127.02777099609375"><ele>18.0</ele><time>2026-09-27T02:18:22Z</time></trkpt><trkpt lat="37.57741165161133" lon="127.02776336669922"><ele>18.0</ele><time>2026-09-27T02:18:23Z</time></trkpt><trkpt lat="37.57742691040039" lon="127.02776336669922"><ele>18.0</ele><time>2026-09-27T02:18:24Z</time></trkpt><trkpt lat="37.577449798583984" lon="127.02775573730469"><ele>18.200000762939453</ele><time>2026-09-27T02:18:25Z</time></trkpt><trkpt lat="37.57746887207031" lon="127.02774810791016"><ele>18.200000762939453</ele><time>2026-09-27T02:18:26Z</time></trkpt><trkpt lat="37.577484130859375" lon="127.02774047851562"><ele>18.200000762939453</ele><time>2026-09-27T02:18:27Z</time></trkpt><trkpt lat="37.57750701904297" lon="127.0277328491211"><ele>18.200000762939453</ele><time>2026-09-27T02:18:28Z</time></trkpt><trkpt lat="37.577518463134766" lon="127.02772521972656"><ele>18.200000762939453</ele><time>2026-09-27T02:18:29Z</time></trkpt><trkpt lat="37.57753372192383" lon="127.02771759033203"><ele>18.0</ele><time>2026-09-27T02:18:30Z</time></trkpt><trkpt lat="37.57754898071289" lon="127.02771759033203"><ele>18.0</ele><time>2026-09-27T02:18:31Z</time></trkpt><trkpt lat="37.57756423950195" lon="127.0277099609375"><ele>18.0</ele><time>2026-09-27T02:18:32Z</time></trkpt><trkpt lat="37.57758331298828" lon="127.02770233154297"><ele>18.200000762939453</ele><time>2026-09-27T02:18:33Z</time></trkpt><trkpt lat="37.577598571777344" lon="127.02769470214844"><ele>18.200000762939453</ele><time>2026-09-27T02:18:34Z</time></trkpt><trkpt lat="37.57761001586914" lon="127.0276870727539"><ele>18.200000762939453</ele><time>2026-09-27T02:18:35Z</time></trkpt><trkpt lat="37.57762908935547" lon="127.02767944335938"><ele>18.399999618530273</ele><time>2026-09-27T02:18:36Z</time></trkpt><trkpt lat="37.57763671875" lon="127.02766418457031"><ele>18.399999618530273</ele><time>2026-09-27T02:18:37Z</time></trkpt><trkpt lat="37.57765197753906" lon="127.02765655517578"><ele>18.600000381469727</ele><time>2026-09-27T02:18:38Z</time></trkpt><trkpt lat="37.577667236328125" lon="127.02764892578125"><ele>18.600000381469727</ele><time>2026-09-27T02:18:39Z</time></trkpt><trkpt lat="37.57768249511719" lon="127.02763366699219"><ele>18.600000381469727</ele><time>2026-09-27T02:18:40Z</time></trkpt><trkpt lat="37.577701568603516" lon="127.02763366699219"><ele>18.600000381469727</ele><time>2026-09-27T02:18:41Z</time></trkpt><trkpt lat="37.57771682739258" lon="127.02762603759766"><ele>18.600000381469727</ele><time>2026-09-27T02:18:42Z</time></trkpt><trkpt lat="37.577735900878906" lon="127.0276107788086"><ele>18.600000381469727</ele><time>2026-09-27T02:18:43Z</time></trkpt><trkpt lat="37.577754974365234" lon="127.0276107788086"><ele>18.600000381469727</ele><time>2026-09-27T02:18:44Z</time></trkpt><trkpt lat="37.57776641845703" lon="127.02759552001953"><ele>18.600000381469727</ele><time>2026-09-27T02:18:45Z</time></trkpt><trkpt lat="37.577781677246094" lon="127.027587890625"><ele>18.600000381469727</ele><time>2026-09-27T02:18:46Z</time></trkpt><trkpt lat="37.57780075073242" lon="127.02758026123047"><ele>18.600000381469727</ele><time>2026-09-27T02:18:47Z</time></trkpt><trkpt lat="37.577816009521484" lon="127.02757263183594"><ele>18.600000381469727</ele><time>2026-09-27T02:18:48Z</time></trkpt><trkpt lat="37.57783508300781" lon="127.02757263183594"><ele>18.600000381469727</ele><time>2026-09-27T02:18:49Z</time></trkpt><trkpt lat="37.577850341796875" lon="127.02755737304688"><ele>18.600000381469727</ele><time>2026-09-27T02:18:50Z</time></trkpt><trkpt lat="37.5778694152832" lon="127.02754974365234"><ele>18.600000381469727</ele><time>2026-09-27T02:18:51Z</time></trkpt><trkpt lat="37.577884674072266" lon="127.02754211425781"><ele>18.600000381469727</ele><time>2026-09-27T02:18:52Z</time></trkpt><trkpt lat="37.57789611816406" lon="127.02752685546875"><ele>18.600000381469727</ele><time>2026-09-27T02:18:53Z</time></trkpt><trkpt lat="37.57791519165039" lon="127.02751922607422"><ele>18.600000381469727</ele><time>2026-09-27T02:18:54Z</time></trkpt><trkpt lat="37.57792663574219" lon="127.02750396728516"><ele>18.600000381469727</ele><time>2026-09-27T02:18:55Z</time></trkpt><trkpt lat="37.57794189453125" lon="127.0274887084961"><ele>18.600000381469727</ele><time>2026-09-27T02:18:56Z</time></trkpt><trkpt lat="37.57796096801758" lon="127.02748107910156"><ele>18.799999237060547</ele><time>2026-09-27T02:18:57Z</time></trkpt><trkpt lat="37.57796859741211" lon="127.0274658203125"><ele>18.799999237060547</ele><time>2026-09-27T02:18:58Z</time></trkpt><trkpt lat="37.57798767089844" lon="127.02745056152344"><ele>18.799999237060547</ele><time>2026-09-27T02:18:59Z</time></trkpt><trkpt lat="37.577999114990234" lon="127.02742767333984"><ele>18.799999237060547</ele><time>2026-09-27T02:19:00Z</time></trkpt><trkpt lat="37.57801055908203" lon="127.02741241455078"><ele>18.799999237060547</ele><time>2026-09-27T02:19:01Z</time></trkpt><trkpt lat="37.578025817871094" lon="127.02739715576172"><ele>18.799999237060547</ele><time>2026-09-27T02:19:02Z</time></trkpt><trkpt lat="37.57802963256836" lon="127.02738189697266"><ele>18.799999237060547</ele><time>2026-09-27T02:19:03Z</time></trkpt><trkpt lat="37.57803726196289" lon="127.02735900878906"><ele>18.799999237060547</ele><time>2026-09-27T02:19:04Z</time></trkpt><trkpt lat="37.57805633544922" lon="127.02734375"><ele>18.799999237060547</ele><time>2026-09-27T02:19:05Z</time></trkpt><trkpt lat="37.57806396484375" lon="127.02732849121094"><ele>18.799999237060547</ele><time>2026-09-27T02:19:06Z</time></trkpt><trkpt lat="37.57808303833008" lon="127.02730560302734"><ele>19.0</ele><time>2026-09-27T02:19:07Z</time></trkpt><trkpt lat="37.578102111816406" lon="127.02729797363281"><ele>19.0</ele><time>2026-09-27T02:19:08Z</time></trkpt><trkpt lat="37.57811737060547" lon="127.02728271484375"><ele>19.0</ele><time>2026-09-27T02:19:09Z</time></trkpt><trkpt lat="37.57813262939453" lon="127.02726745605469"><ele>19.0</ele><time>2026-09-27T02:19:10Z</time></trkpt><trkpt lat="37.57814407348633" lon="127.02725982666016"><ele>19.0</ele><time>2026-09-27T02:19:11Z</time></trkpt><trkpt lat="37.57815933227539" lon="127.0272445678711"><ele>19.0</ele><time>2026-09-27T02:19:12Z</time></trkpt><trkpt lat="37.57817840576172" lon="127.02723693847656"><ele>19.0</ele><time>2026-09-27T02:19:13Z</time></trkpt><trkpt lat="37.578189849853516" lon="127.0272216796875"><ele>18.799999237060547</ele><time>2026-09-27T02:19:14Z</time></trkpt><trkpt lat="37.578208923339844" lon="127.0271987915039"><ele>19.0</ele><time>2026-09-27T02:19:15Z</time></trkpt><trkpt lat="37.57822036743164" lon="127.02719116210938"><ele>18.799999237060547</ele><time>2026-09-27T02:19:16Z</time></trkpt><trkpt lat="37.5782356262207" lon="127.02717590332031"><ele>18.799999237060547</ele><time>2026-09-27T02:19:17Z</time></trkpt><trkpt lat="37.57825469970703" lon="127.02715301513672"><ele>19.0</ele><time>2026-09-27T02:19:18Z</time></trkpt><trkpt lat="37.5782585144043" lon="127.02714538574219"><ele>19.0</ele><time>2026-09-27T02:19:19Z</time></trkpt><trkpt lat="37.57827377319336" lon="127.0271224975586"><ele>19.0</ele><time>2026-09-27T02:19:20Z</time></trkpt><trkpt lat="37.578285217285156" lon="127.02710723876953"><ele>19.0</ele><time>2026-09-27T02:19:21Z</time></trkpt><trkpt lat="37.57829666137695" lon="127.02709197998047"><ele>19.0</ele><time>2026-09-27T02:19:22Z</time></trkpt><trkpt lat="37.578311920166016" lon="127.02706909179688"><ele>19.0</ele><time>2026-09-27T02:19:23Z</time></trkpt><trkpt lat="37.57831954956055" lon="127.02705383300781"><ele>19.0</ele><time>2026-09-27T02:19:24Z</time></trkpt><trkpt lat="37.57833480834961" lon="127.02703094482422"><ele>19.0</ele><time>2026-09-27T02:19:25Z</time></trkpt><trkpt lat="37.57835388183594" lon="127.02701568603516"><ele>19.0</ele><time>2026-09-27T02:19:26Z</time></trkpt><trkpt lat="37.578365325927734" lon="127.02700805664062"><ele>19.0</ele><time>2026-09-27T02:19:27Z</time></trkpt><trkpt lat="37.57837677001953" lon="127.02699279785156"><ele>19.0</ele><time>2026-09-27T02:19:28Z</time></trkpt><trkpt lat="37.578392028808594" lon="127.02698516845703"><ele>19.0</ele><time>2026-09-27T02:19:29Z</time></trkpt><trkpt lat="37.57840347290039" lon="127.0269775390625"><ele>18.799999237060547</ele><time>2026-09-27T02:19:30Z</time></trkpt><trkpt lat="37.57841873168945" lon="127.02696228027344"><ele>18.799999237060547</ele><time>2026-09-27T02:19:31Z</time></trkpt><trkpt lat="37.578433990478516" lon="127.0269546508789"><ele>18.799999237060547</ele><time>2026-09-27T02:19:32Z</time></trkpt><trkpt lat="37.57844924926758" lon="127.02694702148438"><ele>18.600000381469727</ele><time>2026-09-27T02:19:33Z</time></trkpt><trkpt lat="37.578460693359375" lon="127.02693176269531"><ele>18.799999237060547</ele><time>2026-09-27T02:19:34Z</time></trkpt><trkpt lat="37.57847213745117" lon="127.02692413330078"><ele>18.799999237060547</ele><time>2026-09-27T02:19:35Z</time></trkpt><trkpt lat="37.5784797668457" lon="127.02690887451172"><ele>18.799999237060547</ele><time>2026-09-27T02:19:36Z</time></trkpt><trkpt lat="37.578495025634766" lon="127.02689361572266"><ele>18.799999237060547</ele><time>2026-09-27T02:19:37Z</time></trkpt><trkpt lat="37.5785026550293" lon="127.0268783569336"><ele>18.799999237060547</ele><time>2026-09-27T02:19:38Z</time></trkpt><trkpt lat="37.578521728515625" lon="127.02684783935547"><ele>18.799999237060547</ele><time>2026-09-27T02:19:39Z</time></trkpt><trkpt lat="37.57853698730469" lon="127.0268325805664"><ele>18.799999237060547</ele><time>2026-09-27T02:19:40Z</time></trkpt><trkpt lat="37.578548431396484" lon="127.02681732177734"><ele>18.799999237060547</ele><time>2026-09-27T02:19:41Z</time></trkpt><trkpt lat="37.57855987548828" lon="127.02678680419922"><ele>18.799999237060547</ele><time>2026-09-27T02:19:42Z</time></trkpt><trkpt lat="37.578556060791016" lon="127.02676391601562"><ele>18.799999237060547</ele><time>2026-09-27T02:19:43Z</time></trkpt><trkpt lat="37.57856750488281" lon="127.0267333984375"><ele>18.799999237060547</ele><time>2026-09-27T02:19:44Z</time></trkpt><trkpt lat="37.57857894897461" lon="127.0267105102539"><ele>18.799999237060547</ele><time>2026-09-27T02:19:45Z</time></trkpt><trkpt lat="37.57858657836914" lon="127.02669525146484"><ele>19.0</ele><time>2026-09-27T02:19:46Z</time></trkpt><trkpt lat="37.57859802246094" lon="127.02667236328125"><ele>19.0</ele><time>2026-09-27T02:19:47Z</time></trkpt><trkpt lat="37.578609466552734" lon="127.02665710449219"><ele>19.0</ele><time>2026-09-27T02:19:48Z</time></trkpt><trkpt lat="37.578617095947266" lon="127.0266342163086"><ele>19.200000762939453</ele><time>2026-09-27T02:19:49Z</time></trkpt><trkpt lat="37.57863235473633" lon="127.02661895751953"><ele>19.200000762939453</ele><time>2026-09-27T02:19:50Z</time></trkpt><trkpt lat="37.578636169433594" lon="127.02659606933594"><ele>19.200000762939453</ele><time>2026-09-27T02:19:51Z</time></trkpt><trkpt lat="37.578643798828125" lon="127.02658081054688"><ele>19.200000762939453</ele><time>2026-09-27T02:19:52Z</time></trkpt><trkpt lat="37.57865905761719" lon="127.02655792236328"><ele>19.200000762939453</ele><time>2026-09-27T02:19:53Z</time></trkpt><trkpt lat="37.57865905761719" lon="127.02654266357422"><ele>19.200000762939453</ele><time>2026-09-27T02:19:54Z</time></trkpt><trkpt lat="37.57867431640625" lon="127.02651977539062"><ele>19.200000762939453</ele><time>2026-09-27T02:19:55Z</time></trkpt><trkpt lat="37.57868194580078" lon="127.02649688720703"><ele>19.200000762939453</ele><time>2026-09-27T02:19:56Z</time></trkpt><trkpt lat="37.57868957519531" lon="127.02648162841797"><ele>19.200000762939453</ele><time>2026-09-27T02:19:57Z</time></trkpt><trkpt lat="37.57870101928711" lon="127.02645111083984"><ele>19.399999618530273</ele><time>2026-09-27T02:19:58Z</time></trkpt><trkpt lat="37.578704833984375" lon="127.02643585205078"><ele>19.399999618530273</ele><time>2026-09-27T02:19:59Z</time></trkpt><trkpt lat="37.57871627807617" lon="127.02642059326172"><ele>19.399999618530273</ele><time>2026-09-27T02:20:00Z</time></trkpt><trkpt lat="37.5787239074707" lon="127.02639770507812"><ele>19.399999618530273</ele><time>2026-09-27T02:20:01Z</time></trkpt><trkpt lat="37.578731536865234" lon="127.02637481689453"><ele>19.399999618530273</ele><time>2026-09-27T02:20:02Z</time></trkpt><trkpt lat="37.57875061035156" lon="127.02635192871094"><ele>19.399999618530273</ele><time>2026-09-27T02:20:03Z</time></trkpt><trkpt lat="37.578765869140625" lon="127.02633666992188"><ele>19.399999618530273</ele><time>2026-09-27T02:20:04Z</time></trkpt><trkpt lat="37.578773498535156" lon="127.02631378173828"><ele>19.399999618530273</ele><time>2026-09-27T02:20:05Z</time></trkpt><trkpt lat="37.57878875732422" lon="127.02629089355469"><ele>19.200000762939453</ele><time>2026-09-27T02:20:06Z</time></trkpt><trkpt lat="37.578792572021484" lon="127.0262680053711"><ele>19.399999618530273</ele><time>2026-09-27T02:20:07Z</time></trkpt><trkpt lat="37.57880401611328" lon="127.02625274658203"><ele>19.200000762939453</ele><time>2026-09-27T02:20:08Z</time></trkpt><trkpt lat="37.57881546020508" lon="127.02622985839844"><ele>19.200000762939453</ele><time>2026-09-27T02:20:09Z</time></trkpt><trkpt lat="37.57882308959961" lon="127.02621459960938"><ele>19.200000762939453</ele><time>2026-09-27T02:20:10Z</time></trkpt><trkpt lat="37.578834533691406" lon="127.02619171142578"><ele>19.200000762939453</ele><time>2026-09-27T02:20:11Z</time></trkpt><trkpt lat="37.57884216308594" lon="127.02617645263672"><ele>19.200000762939453</ele><time>2026-09-27T02:20:12Z</time></trkpt><trkpt lat="37.5788459777832" lon="127.02616119384766"><ele>19.200000762939453</ele><time>2026-09-27T02:20:13Z</time></trkpt><trkpt lat="37.578861236572266" lon="127.02613830566406"><ele>19.399999618530273</ele><time>2026-09-27T02:20:14Z</time></trkpt><trkpt lat="37.57886505126953" lon="127.026123046875"><ele>19.399999618530273</ele><time>2026-09-27T02:20:15Z</time></trkpt><trkpt lat="37.578880310058594" lon="127.0261001586914"><ele>19.399999618530273</ele><time>2026-09-27T02:20:16Z</time></trkpt><trkpt lat="37.57889175415039" lon="127.02608489990234"><ele>19.399999618530273</ele><time>2026-09-27T02:20:17Z</time></trkpt><trkpt lat="37.578895568847656" lon="127.02606201171875"><ele>19.200000762939453</ele><time>2026-09-27T02:20:18Z</time></trkpt><trkpt lat="37.578914642333984" lon="127.02603912353516"><ele>19.200000762939453</ele><time>2026-09-27T02:20:19Z</time></trkpt><trkpt lat="37.57891845703125" lon="127.0260238647461"><ele>19.200000762939453</ele><time>2026-09-27T02:20:20Z</time></trkpt><trkpt lat="37.57892608642578" lon="127.02600860595703"><ele>19.200000762939453</ele><time>2026-09-27T02:20:21Z</time></trkpt><trkpt lat="37.57893753051758" lon="127.02599334716797"><ele>19.399999618530273</ele><time>2026-09-27T02:20:22Z</time></trkpt><trkpt lat="37.57894515991211" lon="127.0259780883789"><ele>19.399999618530273</ele><time>2026-09-27T02:20:23Z</time></trkpt><trkpt lat="37.578956604003906" lon="127.02595520019531"><ele>19.399999618530273</ele><time>2026-09-27T02:20:24Z</time></trkpt><trkpt lat="37.57897186279297" lon="127.02593994140625"><ele>19.399999618530273</ele><time>2026-09-27T02:20:25Z</time></trkpt><trkpt lat="37.578975677490234" lon="127.02592468261719"><ele>19.399999618530273</ele><time>2026-09-27T02:20:26Z</time></trkpt><trkpt lat="37.5789909362793" lon="127.0259017944336"><ele>19.399999618530273</ele><time>2026-09-27T02:20:27Z</time></trkpt><trkpt lat="37.57899856567383" lon="127.02587890625"><ele>19.200000762939453</ele><time>2026-09-27T02:20:28Z</time></trkpt><trkpt lat="37.579010009765625" lon="127.0258560180664"><ele>19.399999618530273</ele><time>2026-09-27T02:20:29Z</time></trkpt><trkpt lat="37.579017639160156" lon="127.02583312988281"><ele>19.399999618530273</ele><time>2026-09-27T02:20:30Z</time></trkpt><trkpt lat="37.57902145385742" lon="127.02581787109375"><ele>19.399999618530273</ele><time>2026-09-27T02:20:31Z</time></trkpt><trkpt lat="37.57903289794922" lon="127.02578735351562"><ele>19.399999618530273</ele><time>2026-09-27T02:20:32Z</time></trkpt><trkpt lat="37.579036712646484" lon="127.02577209472656"><ele>19.399999618530273</ele><time>2026-09-27T02:20:33Z</time></trkpt><trkpt lat="37.57904052734375" lon="127.02574920654297"><ele>19.600000381469727</ele><time>2026-09-27T02:20:34Z</time></trkpt><trkpt lat="37.57904815673828" lon="127.02572631835938"><ele>19.600000381469727</ele><time>2026-09-27T02:20:35Z</time></trkpt><trkpt lat="37.57905197143555" lon="127.02569580078125"><ele>19.600000381469727</ele><time>2026-09-27T02:20:36Z</time></trkpt><trkpt lat="37.57905960083008" lon="127.02567291259766"><ele>19.600000381469727</ele><time>2026-09-27T02:20:37Z</time></trkpt><trkpt lat="37.579063415527344" lon="127.02565002441406"><ele>19.600000381469727</ele><time>2026-09-27T02:20:38Z</time></trkpt><trkpt lat="37.57906723022461" lon="127.02562713623047"><ele>19.600000381469727</ele><time>2026-09-27T02:20:39Z</time></trkpt><trkpt lat="37.57907485961914" lon="127.02560424804688"><ele>19.600000381469727</ele><time>2026-09-27T02:20:40Z</time></trkpt><trkpt lat="37.57907485961914" lon="127.02558898925781"><ele>19.600000381469727</ele><time>2026-09-27T02:20:41Z</time></trkpt><trkpt lat="37.579078674316406" lon="127.02556610107422"><ele>19.399999618530273</ele><time>2026-09-27T02:20:42Z</time></trkpt><trkpt lat="37.57908248901367" lon="127.02554321289062"><ele>19.399999618530273</ele><time>2026-09-27T02:20:43Z</time></trkpt><trkpt lat="37.57908248901367" lon="127.02552032470703"><ele>19.399999618530273</ele><time>2026-09-27T02:20:44Z</time></trkpt><trkpt lat="37.57908630371094" lon="127.0254898071289"><ele>19.399999618530273</ele><time>2026-09-27T02:20:45Z</time></trkpt><trkpt lat="37.5790901184082" lon="127.02546691894531"><ele>19.600000381469727</ele><time>2026-09-27T02:20:46Z</time></trkpt><trkpt lat="37.579097747802734" lon="127.02544403076172"><ele>19.600000381469727</ele><time>2026-09-27T02:20:47Z</time></trkpt><trkpt lat="37.5791015625" lon="127.02542114257812"><ele>19.600000381469727</ele><time>2026-09-27T02:20:48Z</time></trkpt><trkpt lat="37.579105377197266" lon="127.02539825439453"><ele>19.600000381469727</ele><time>2026-09-27T02:20:49Z</time></trkpt><trkpt lat="37.5791130065918" lon="127.0253677368164"><ele>19.600000381469727</ele><time>2026-09-27T02:20:50Z</time></trkpt><trkpt lat="37.5791130065918" lon="127.02534484863281"><ele>19.600000381469727</ele><time>2026-09-27T02:20:51Z</time></trkpt><trkpt lat="37.57912063598633" lon="127.02531433105469"><ele>19.799999237060547</ele><time>2026-09-27T02:20:52Z</time></trkpt><trkpt lat="37.57912063598633" lon="127.0252914428711"><ele>19.799999237060547</ele><time>2026-09-27T02:20:53Z</time></trkpt><trkpt lat="37.57912063598633" lon="127.0252685546875"><ele>19.799999237060547</ele><time>2026-09-27T02:20:54Z</time></trkpt><trkpt lat="37.57912063598633" lon="127.02523803710938"><ele>19.799999237060547</ele><time>2026-09-27T02:20:55Z</time></trkpt><trkpt lat="37.57912063598633" lon="127.02522277832031"><ele>19.799999237060547</ele><time>2026-09-27T02:20:56Z</time></trkpt><trkpt lat="37.579124450683594" lon="127.02519226074219"><ele>19.600000381469727</ele><time>2026-09-27T02:20:57Z</time></trkpt><trkpt lat="37.579124450683594" lon="127.02517700195312"><ele>19.600000381469727</ele><time>2026-09-27T02:20:58Z</time></trkpt><trkpt lat="37.57912826538086" lon="127.025146484375"><ele>19.600000381469727</ele><time>2026-09-27T02:20:59Z</time></trkpt><trkpt lat="37.57913589477539" lon="127.0251235961914"><ele>19.799999237060547</ele><time>2026-09-27T02:21:00Z</time></trkpt><trkpt lat="37.57913589477539" lon="127.02510833740234"><ele>19.799999237060547</ele><time>2026-09-27T02:21:01Z</time></trkpt><trkpt lat="37.57915115356445" lon="127.02507781982422"><ele>19.799999237060547</ele><time>2026-09-27T02:21:02Z</time></trkpt><trkpt lat="37.57915496826172" lon="127.02506256103516"><ele>19.799999237060547</ele><time>2026-09-27T02:21:03Z</time></trkpt><trkpt lat="37.57916259765625" lon="127.02503967285156"><ele>19.799999237060547</ele><time>2026-09-27T02:21:04Z</time></trkpt><trkpt lat="37.57917022705078" lon="127.02501678466797"><ele>19.799999237060547</ele><time>2026-09-27T02:21:05Z</time></trkpt><trkpt lat="37.57917022705078" lon="127.02499389648438"><ele>19.799999237060547</ele><time>2026-09-27T02:21:06Z</time></trkpt><trkpt lat="37.57917785644531" lon="127.02496337890625"><ele>19.600000381469727</ele><time>2026-09-27T02:21:07Z</time></trkpt><trkpt lat="37.57918167114258" lon="127.02494812011719"><ele>19.600000381469727</ele><time>2026-09-27T02:21:08Z</time></trkpt><trkpt lat="37.579185485839844" lon="127.02491760253906"><ele>19.600000381469727</ele><time>2026-09-27T02:21:09Z</time></trkpt><trkpt lat="37.57918930053711" lon="127.02489471435547"><ele>19.600000381469727</ele><time>2026-09-27T02:21:10Z</time></trkpt><trkpt lat="37.57918930053711" lon="127.02487182617188"><ele>19.600000381469727</ele><time>2026-09-27T02:21:11Z</time></trkpt><trkpt lat="37.57919692993164" lon="127.02484130859375"><ele>19.799999237060547</ele><time>2026-09-27T02:21:12Z</time></trkpt><trkpt lat="37.579200744628906" lon="127.02482604980469"><ele>19.600000381469727</ele><time>2026-09-27T02:21:13Z</time></trkpt><trkpt lat="37.57920837402344" lon="127.02479553222656"><ele>19.600000381469727</ele><time>2026-09-27T02:21:14Z</time></trkpt><trkpt lat="37.57921600341797" lon="127.02477264404297"><ele>19.600000381469727</ele><time>2026-09-27T02:21:15Z</time></trkpt><trkpt lat="37.5792236328125" lon="127.02474212646484"><ele>19.600000381469727</ele><time>2026-09-27T02:21:16Z</time></trkpt><trkpt lat="37.57923889160156" lon="127.02470397949219"><ele>19.600000381469727</ele><time>2026-09-27T02:21:17Z</time></trkpt><trkpt lat="37.57925033569336" lon="127.0246810913086"><ele>19.399999618530273</ele><time>2026-09-27T02:21:18Z</time></trkpt><trkpt lat="37.57925796508789" lon="127.024658203125"><ele>19.399999618530273</ele><time>2026-09-27T02:21:19Z</time></trkpt><trkpt lat="37.579261779785156" lon="127.02462768554688"><ele>19.399999618530273</ele><time>2026-09-27T02:21:20Z</time></trkpt><trkpt lat="37.57926559448242" lon="127.02460479736328"><ele>19.399999618530273</ele><time>2026-09-27T02:21:21Z</time></trkpt><trkpt lat="37.57926940917969" lon="127.02458953857422"><ele>19.399999618530273</ele><time>2026-09-27T02:21:22Z</time></trkpt><trkpt lat="37.57927703857422" lon="127.02456665039062"><ele>19.200000762939453</ele><time>2026-09-27T02:21:23Z</time></trkpt><trkpt lat="37.579280853271484" lon="127.02454376220703"><ele>19.200000762939453</ele><time>2026-09-27T02:21:24Z</time></trkpt><trkpt lat="37.57928466796875" lon="127.02452850341797"><ele>19.200000762939453</ele><time>2026-09-27T02:21:25Z</time></trkpt><trkpt lat="37.579288482666016" lon="127.0245132446289"><ele>19.200000762939453</ele><time>2026-09-27T02:21:26Z</time></trkpt><trkpt lat="37.57929611206055" lon="127.02450561523438"><ele>19.200000762939453</ele><time>2026-09-27T02:21:27Z</time></trkpt><trkpt lat="37.57929992675781" lon="127.02449798583984"><ele>19.200000762939453</ele><time>2026-09-27T02:21:28Z</time></trkpt><trkpt lat="37.57930374145508" lon="127.02449035644531"><ele>19.200000762939453</ele><time>2026-09-27T02:21:29Z</time></trkpt><trkpt lat="37.57932662963867" lon="127.02445220947266"><ele>19.399999618530273</ele><time>2026-09-27T02:21:30Z</time></trkpt><trkpt lat="37.579349517822266" lon="127.02442932128906"><ele>19.399999618530273</ele><time>2026-09-27T02:21:31Z</time></trkpt><trkpt lat="37.579368591308594" lon="127.02440643310547"><ele>19.399999618530273</ele><time>2026-09-27T02:21:32Z</time></trkpt><trkpt lat="37.579368591308594" lon="127.02438354492188"><ele>19.600000381469727</ele><time>2026-09-27T02:21:33Z</time></trkpt><trkpt lat="37.57938003540039" lon="127.02436828613281"><ele>19.600000381469727</ele><time>2026-09-27T02:21:34Z</time></trkpt><trkpt lat="37.57938003540039" lon="127.02435302734375"><ele>19.600000381469727</ele><time>2026-09-27T02:21:35Z</time></trkpt><trkpt lat="37.57938003540039" lon="127.02433776855469"><ele>19.799999237060547</ele><time>2026-09-27T02:21:36Z</time></trkpt><trkpt lat="37.57938766479492" lon="127.02430725097656"><ele>19.799999237060547</ele><time>2026-09-27T02:21:37Z</time></trkpt><trkpt lat="37.57938766479492" lon="127.02429962158203"><ele>19.799999237060547</ele><time>2026-09-27T02:21:38Z</time></trkpt><trkpt lat="37.57939529418945" lon="127.02427673339844"><ele>20.0</ele><time>2026-09-27T02:21:39Z</time></trkpt><trkpt lat="37.579402923583984" lon="127.02425384521484"><ele>20.0</ele><time>2026-09-27T02:21:40Z</time></trkpt><trkpt lat="37.57940673828125" lon="127.02423858642578"><ele>20.0</ele><time>2026-09-27T02:21:41Z</time></trkpt><trkpt lat="37.57941818237305" lon="127.02421569824219"><ele>20.0</ele><time>2026-09-27T02:21:42Z</time></trkpt><trkpt lat="37.579429626464844" lon="127.02420043945312"><ele>20.200000762939453</ele><time>2026-09-27T02:21:43Z</time></trkpt><trkpt lat="37.579437255859375" lon="127.02418518066406"><ele>20.0</ele><time>2026-09-27T02:21:44Z</time></trkpt><trkpt lat="37.57945251464844" lon="127.02416229248047"><ele>20.0</ele><time>2026-09-27T02:21:45Z</time></trkpt><trkpt lat="37.579463958740234" lon="127.02415466308594"><ele>20.0</ele><time>2026-09-27T02:21:46Z</time></trkpt><trkpt lat="37.5794792175293" lon="127.02413177490234"><ele>20.200000762939453</ele><time>2026-09-27T02:21:47Z</time></trkpt><trkpt lat="37.579490661621094" lon="127.02411651611328"><ele>20.200000762939453</ele><time>2026-09-27T02:21:48Z</time></trkpt><trkpt lat="37.579498291015625" lon="127.02410125732422"><ele>20.200000762939453</ele><time>2026-09-27T02:21:49Z</time></trkpt><trkpt lat="37.57951736450195" lon="127.02407836914062"><ele>20.200000762939453</ele><time>2026-09-27T02:21:50Z</time></trkpt><trkpt lat="37.579524993896484" lon="127.02406311035156"><ele>20.200000762939453</ele><time>2026-09-27T02:21:51Z</time></trkpt><trkpt lat="37.57954406738281" lon="127.0240478515625"><ele>20.200000762939453</ele><time>2026-09-27T02:21:52Z</time></trkpt><trkpt lat="37.57955551147461" lon="127.02403259277344"><ele>20.200000762939453</ele><time>2026-09-27T02:21:53Z</time></trkpt><trkpt lat="37.57957077026367" lon="127.02401733398438"><ele>20.399999618530273</ele><time>2026-09-27T02:21:54Z</time></trkpt><trkpt lat="37.57958984375" lon="127.02399444580078"><ele>20.399999618530273</ele><time>2026-09-27T02:21:55Z</time></trkpt><trkpt lat="37.5796012878418" lon="127.02398681640625"><ele>20.399999618530273</ele><time>2026-09-27T02:21:56Z</time></trkpt><trkpt lat="37.579620361328125" lon="127.02396392822266"><ele>20.399999618530273</ele><time>2026-09-27T02:21:57Z</time></trkpt><trkpt lat="37.57963943481445" lon="127.0239486694336"><ele>20.399999618530273</ele><time>2026-09-27T02:21:58Z</time></trkpt><trkpt lat="37.579647064208984" lon="127.02394104003906"><ele>20.399999618530273</ele><time>2026-09-27T02:21:59Z</time></trkpt><trkpt lat="37.57966613769531" lon="127.02392578125"><ele>20.399999618530273</ele><time>2026-09-27T02:22:00Z</time></trkpt><trkpt lat="37.579681396484375" lon="127.02391815185547"><ele>20.399999618530273</ele><time>2026-09-27T02:22:01Z</time></trkpt><trkpt lat="37.57969665527344" lon="127.0239028930664"><ele>20.399999618530273</ele><time>2026-09-27T02:22:02Z</time></trkpt><trkpt lat="37.579715728759766" lon="127.02388763427734"><ele>20.399999618530273</ele><time>2026-09-27T02:22:03Z</time></trkpt><trkpt lat="37.579734802246094" lon="127.02388000488281"><ele>20.399999618530273</ele><time>2026-09-27T02:22:04Z</time></trkpt><trkpt lat="37.579750061035156" lon="127.02386474609375"><ele>20.399999618530273</ele><time>2026-09-27T02:22:05Z</time></trkpt><trkpt lat="37.57977294921875" lon="127.02385711669922"><ele>20.399999618530273</ele><time>2026-09-27T02:22:06Z</time></trkpt><trkpt lat="37.57978439331055" lon="127.02384948730469"><ele>20.399999618530273</ele><time>2026-09-27T02:22:07Z</time></trkpt><trkpt lat="37.579795837402344" lon="127.02384185791016"><ele>20.399999618530273</ele><time>2026-09-27T02:22:08Z</time></trkpt><trkpt lat="37.579811096191406" lon="127.02383422851562"><ele>20.399999618530273</ele><time>2026-09-27T02:22:09Z</time></trkpt><trkpt lat="37.5798225402832" lon="127.02381896972656"><ele>20.399999618530273</ele><time>2026-09-27T02:22:10Z</time></trkpt><trkpt lat="37.579837799072266" lon="127.02381134033203"><ele>20.399999618530273</ele><time>2026-09-27T02:22:11Z</time></trkpt><trkpt lat="37.57985305786133" lon="127.02379608154297"><ele>20.399999618530273</ele><time>2026-09-27T02:22:12Z</time></trkpt><trkpt lat="37.57986831665039" lon="127.02379608154297"><ele>20.399999618530273</ele><time>2026-09-27T02:22:13Z</time></trkpt><trkpt lat="37.57988739013672" lon="127.02378845214844"><ele>20.399999618530273</ele><time>2026-09-27T02:22:14Z</time></trkpt><trkpt lat="37.57990264892578" lon="127.0237808227539"><ele>20.399999618530273</ele><time>2026-09-27T02:22:15Z</time></trkpt><trkpt lat="37.57992172241211" lon="127.02376556396484"><ele>20.399999618530273</ele><time>2026-09-27T02:22:16Z</time></trkpt><trkpt lat="37.57994079589844" lon="127.02376556396484"><ele>20.399999618530273</ele><time>2026-09-27T02:22:17Z</time></trkpt><trkpt lat="37.579952239990234" lon="127.02375793457031"><ele>20.399999618530273</ele><time>2026-09-27T02:22:18Z</time></trkpt><trkpt lat="37.5799674987793" lon="127.02375030517578"><ele>20.399999618530273</ele><time>2026-09-27T02:22:19Z</time></trkpt><trkpt lat="37.579986572265625" lon="127.02375030517578"><ele>20.200000762939453</ele><time>2026-09-27T02:22:20Z</time></trkpt><trkpt lat="37.58000564575195" lon="127.02374267578125"><ele>20.399999618530273</ele><time>2026-09-27T02:22:21Z</time></trkpt><trkpt lat="37.58002471923828" lon="127.02373504638672"><ele>20.399999618530273</ele><time>2026-09-27T02:22:22Z</time></trkpt><trkpt lat="37.58003616333008" lon="127.02372741699219"><ele>20.399999618530273</ele><time>2026-09-27T02:22:23Z</time></trkpt><trkpt lat="37.580055236816406" lon="127.02371978759766"><ele>20.399999618530273</ele><time>2026-09-27T02:22:24Z</time></trkpt><trkpt lat="37.580074310302734" lon="127.02371215820312"><ele>20.399999618530273</ele><time>2026-09-27T02:22:25Z</time></trkpt><trkpt lat="37.58008575439453" lon="127.02369689941406"><ele>20.399999618530273</ele><time>2026-09-27T02:22:26Z</time></trkpt><trkpt lat="37.580108642578125" lon="127.02368927001953"><ele>20.399999618530273</ele><time>2026-09-27T02:22:27Z</time></trkpt><trkpt lat="37.58012008666992" lon="127.023681640625"><ele>20.399999618530273</ele><time>2026-09-27T02:22:28Z</time></trkpt><trkpt lat="37.580135345458984" lon="127.02367401123047"><ele>20.399999618530273</ele><time>2026-09-27T02:22:29Z</time></trkpt><trkpt lat="37.58015441894531" lon="127.02366638183594"><ele>20.399999618530273</ele><time>2026-09-27T02:22:30Z</time></trkpt><trkpt lat="37.58016586303711" lon="127.0236587524414"><ele>20.399999618530273</ele><time>2026-09-27T02:22:31Z</time></trkpt><trkpt lat="37.58018112182617" lon="127.02364349365234"><ele>20.600000381469727</ele><time>2026-09-27T02:22:32Z</time></trkpt><trkpt lat="37.5802001953125" lon="127.02363586425781"><ele>20.600000381469727</ele><time>2026-09-27T02:22:33Z</time></trkpt><trkpt lat="37.5802116394043" lon="127.02362823486328"><ele>20.600000381469727</ele><time>2026-09-27T02:22:34Z</time></trkpt><trkpt lat="37.58023452758789" lon="127.02362060546875"><ele>20.600000381469727</ele><time>2026-09-27T02:22:35Z</time></trkpt><trkpt lat="37.58024597167969" lon="127.02360534667969"><ele>20.600000381469727</ele><time>2026-09-27T02:22:36Z</time></trkpt><trkpt lat="37.580265045166016" lon="127.02359008789062"><ele>20.600000381469727</ele><time>2026-09-27T02:22:37Z</time></trkpt><trkpt lat="37.58028793334961" lon="127.0235824584961"><ele>20.600000381469727</ele><time>2026-09-27T02:22:38Z</time></trkpt><trkpt lat="37.580299377441406" lon="127.02357482910156"><ele>20.399999618530273</ele><time>2026-09-27T02:22:39Z</time></trkpt><trkpt lat="37.580318450927734" lon="127.0235595703125"><ele>20.399999618530273</ele><time>2026-09-27T02:22:40Z</time></trkpt><trkpt lat="37.5803337097168" lon="127.02355194091797"><ele>20.399999618530273</ele><time>2026-09-27T02:22:41Z</time></trkpt><trkpt lat="37.58034896850586" lon="127.02355194091797"><ele>20.399999618530273</ele><time>2026-09-27T02:22:42Z</time></trkpt><trkpt lat="37.58037185668945" lon="127.02354431152344"><ele>20.399999618530273</ele><time>2026-09-27T02:22:43Z</time></trkpt><trkpt lat="37.580387115478516" lon="127.0235366821289"><ele>20.600000381469727</ele><time>2026-09-27T02:22:44Z</time></trkpt><trkpt lat="37.58040237426758" lon="127.02352142333984"><ele>20.399999618530273</ele><time>2026-09-27T02:22:45Z</time></trkpt><trkpt lat="37.58042907714844" lon="127.02351379394531"><ele>20.399999618530273</ele><time>2026-09-27T02:22:46Z</time></trkpt><trkpt lat="37.580440521240234" lon="127.02350616455078"><ele>20.399999618530273</ele><time>2026-09-27T02:22:47Z</time></trkpt><trkpt lat="37.5804557800293" lon="127.02349090576172"><ele>20.200000762939453</ele><time>2026-09-27T02:22:48Z</time></trkpt><trkpt lat="37.580474853515625" lon="127.02348327636719"><ele>20.200000762939453</ele><time>2026-09-27T02:22:49Z</time></trkpt><trkpt lat="37.58048629760742" lon="127.02346801757812"><ele>20.200000762939453</ele><time>2026-09-27T02:22:50Z</time></trkpt><trkpt lat="37.58050537109375" lon="127.0234603881836"><ele>20.399999618530273</ele><time>2026-09-27T02:22:51Z</time></trkpt><trkpt lat="37.58052062988281" lon="127.02344512939453"><ele>20.399999618530273</ele><time>2026-09-27T02:22:52Z</time></trkpt><trkpt lat="37.580528259277344" lon="127.02342987060547"><ele>20.399999618530273</ele><time>2026-09-27T02:22:53Z</time></trkpt><trkpt lat="37.580543518066406" lon="127.0234146118164"><ele>20.399999618530273</ele><time>2026-09-27T02:22:54Z</time></trkpt><trkpt lat="37.58055877685547" lon="127.02340698242188"><ele>20.399999618530273</ele><time>2026-09-27T02:22:55Z</time></trkpt><trkpt lat="37.580570220947266" lon="127.02339935302734"><ele>20.399999618530273</ele><time>2026-09-27T02:22:56Z</time></trkpt><trkpt lat="37.58058547973633" lon="127.02339172363281"><ele>20.200000762939453</ele><time>2026-09-27T02:22:57Z</time></trkpt><trkpt lat="37.58060073852539" lon="127.02339172363281"><ele>20.200000762939453</ele><time>2026-09-27T02:22:58Z</time></trkpt><trkpt lat="37.58061981201172" lon="127.02338409423828"><ele>20.200000762939453</ele><time>2026-09-27T02:22:59Z</time></trkpt><trkpt lat="37.580631256103516" lon="127.02337646484375"><ele>20.200000762939453</ele><time>2026-09-27T02:23:00Z</time></trkpt><trkpt lat="37.58064651489258" lon="127.02336120605469"><ele>20.200000762939453</ele><time>2026-09-27T02:23:01Z</time></trkpt><trkpt lat="37.58066177368164" lon="127.02335357666016"><ele>20.399999618530273</ele><time>2026-09-27T02:23:02Z</time></trkpt><trkpt lat="37.58068084716797" lon="127.02334594726562"><ele>20.399999618530273</ele><time>2026-09-27T02:23:03Z</time></trkpt><trkpt lat="37.58069610595703" lon="127.0233383178711"><ele>20.399999618530273</ele><time>2026-09-27T02:23:04Z</time></trkpt><trkpt lat="37.580718994140625" lon="127.02333068847656"><ele>20.399999618530273</ele><time>2026-09-27T02:23:05Z</time></trkpt><trkpt lat="37.58073425292969" lon="127.0233154296875"><ele>20.399999618530273</ele><time>2026-09-27T02:23:06Z</time></trkpt><trkpt lat="37.58074951171875" lon="127.02330780029297"><ele>20.600000381469727</ele><time>2026-09-27T02:23:07Z</time></trkpt><trkpt lat="37.58076858520508" lon="127.0232925415039"><ele>20.600000381469727</ele><time>2026-09-27T02:23:08Z</time></trkpt><trkpt lat="37.58078384399414" lon="127.02328491210938"><ele>20.600000381469727</ele><time>2026-09-27T02:23:09Z</time></trkpt><trkpt lat="37.58079528808594" lon="127.02326965332031"><ele>20.600000381469727</ele><time>2026-09-27T02:23:10Z</time></trkpt><trkpt lat="37.580814361572266" lon="127.02326202392578"><ele>20.799999237060547</ele><time>2026-09-27T02:23:11Z</time></trkpt><trkpt lat="37.58082580566406" lon="127.02325439453125"><ele>20.799999237060547</ele><time>2026-09-27T02:23:12Z</time></trkpt><trkpt lat="37.58083724975586" lon="127.02324676513672"><ele>20.799999237060547</ele><time>2026-09-27T02:23:13Z</time></trkpt><trkpt lat="37.58085632324219" lon="127.02323913574219"><ele>20.799999237060547</ele><time>2026-09-27T02:23:14Z</time></trkpt><trkpt lat="37.580867767333984" lon="127.02322387695312"><ele>20.799999237060547</ele><time>2026-09-27T02:23:15Z</time></trkpt><trkpt lat="37.58089065551758" lon="127.0232162475586"><ele>20.799999237060547</ele><time>2026-09-27T02:23:16Z</time></trkpt><trkpt lat="37.580902099609375" lon="127.02320098876953"><ele>20.799999237060547</ele><time>2026-09-27T02:23:17Z</time></trkpt><trkpt lat="37.58091354370117" lon="127.023193359375"><ele>20.799999237060547</ele><time>2026-09-27T02:23:18Z</time></trkpt><trkpt lat="37.580936431884766" lon="127.023193359375"><ele>20.799999237060547</ele><time>2026-09-27T02:23:19Z</time></trkpt><trkpt lat="37.58094787597656" lon="127.02317810058594"><ele>20.799999237060547</ele><time>2026-09-27T02:23:20Z</time></trkpt><trkpt lat="37.580963134765625" lon="127.0231704711914"><ele>20.799999237060547</ele><time>2026-09-27T02:23:21Z</time></trkpt><trkpt lat="37.58097457885742" lon="127.02316284179688"><ele>20.799999237060547</ele><time>2026-09-27T02:23:22Z</time></trkpt><trkpt lat="37.580989837646484" lon="127.02314758300781"><ele>20.799999237060547</ele><time>2026-09-27T02:23:23Z</time></trkpt><trkpt lat="37.58101272583008" lon="127.02313995361328"><ele>20.799999237060547</ele><time>2026-09-27T02:23:24Z</time></trkpt><trkpt lat="37.58102035522461" lon="127.02313232421875"><ele>20.799999237060547</ele><time>2026-09-27T02:23:25Z</time></trkpt><trkpt lat="37.5810432434082" lon="127.02312469482422"><ele>20.799999237060547</ele><time>2026-09-27T02:23:26Z</time></trkpt><trkpt lat="37.58106231689453" lon="127.02312469482422"><ele>21.0</ele><time>2026-09-27T02:23:27Z</time></trkpt><trkpt lat="37.581077575683594" lon="127.02311706542969"><ele>21.0</ele><time>2026-09-27T02:23:28Z</time></trkpt><trkpt lat="37.581092834472656" lon="127.02310943603516"><ele>21.0</ele><time>2026-09-27T02:23:29Z</time></trkpt><trkpt lat="37.58110809326172" lon="127.02310180664062"><ele>21.0</ele><time>2026-09-27T02:23:30Z</time></trkpt><trkpt lat="37.581119537353516" lon="127.0230941772461"><ele>21.200000762939453</ele><time>2026-09-27T02:23:31Z</time></trkpt><trkpt lat="37.58114242553711" lon="127.02308654785156"><ele>21.0</ele><time>2026-09-27T02:23:32Z</time></trkpt><trkpt lat="37.58115768432617" lon="127.02307891845703"><ele>21.0</ele><time>2026-09-27T02:23:33Z</time></trkpt><trkpt lat="37.581172943115234" lon="127.0230712890625"><ele>21.200000762939453</ele><time>2026-09-27T02:23:34Z</time></trkpt><trkpt lat="37.58119201660156" lon="127.02306365966797"><ele>21.200000762939453</ele><time>2026-09-27T02:23:35Z</time></trkpt><trkpt lat="37.58120346069336" lon="127.02305603027344"><ele>21.200000762939453</ele><time>2026-09-27T02:23:36Z</time></trkpt><trkpt lat="37.58121871948242" lon="127.0230484008789"><ele>21.200000762939453</ele><time>2026-09-27T02:23:37Z</time></trkpt><trkpt lat="37.581233978271484" lon="127.0230484008789"><ele>21.200000762939453</ele><time>2026-09-27T02:23:38Z</time></trkpt><trkpt lat="37.58124542236328" lon="127.02303314208984"><ele>21.200000762939453</ele><time>2026-09-27T02:23:39Z</time></trkpt><trkpt lat="37.581260681152344" lon="127.02302551269531"><ele>21.200000762939453</ele><time>2026-09-27T02:23:40Z</time></trkpt><trkpt lat="37.581275939941406" lon="127.02302551269531"><ele>21.200000762939453</ele><time>2026-09-27T02:23:41Z</time></trkpt><trkpt lat="37.5812873840332" lon="127.02301025390625"><ele>21.200000762939453</ele><time>2026-09-27T02:23:42Z</time></trkpt><trkpt lat="37.58130645751953" lon="127.02300262451172"><ele>21.200000762939453</ele><time>2026-09-27T02:23:43Z</time></trkpt><trkpt lat="37.58131790161133" lon="127.02299499511719"><ele>21.200000762939453</ele><time>2026-09-27T02:23:44Z</time></trkpt><trkpt lat="37.58133316040039" lon="127.02298736572266"><ele>21.200000762939453</ele><time>2026-09-27T02:23:45Z</time></trkpt><trkpt lat="37.58135223388672" lon="127.02297973632812"><ele>21.200000762939453</ele><time>2026-09-27T02:23:46Z</time></trkpt><trkpt lat="37.581363677978516" lon="127.02296447753906"><ele>21.200000762939453</ele><time>2026-09-27T02:23:47Z</time></trkpt><trkpt lat="37.58137893676758" lon="127.02295684814453"><ele>21.200000762939453</ele><time>2026-09-27T02:23:48Z</time></trkpt><trkpt lat="37.58140182495117" lon="127.02294921875"><ele>21.200000762939453</ele><time>2026-09-27T02:23:49Z</time></trkpt><trkpt lat="37.5814094543457" lon="127.02294158935547"><ele>21.200000762939453</ele><time>2026-09-27T02:23:50Z</time></trkpt><trkpt lat="37.5814208984375" lon="127.0229263305664"><ele>21.200000762939453</ele><time>2026-09-27T02:23:51Z</time></trkpt><trkpt lat="37.58143997192383" lon="127.0229263305664"><ele>21.200000762939453</ele><time>2026-09-27T02:23:52Z</time></trkpt><trkpt lat="37.58145523071289" lon="127.02291870117188"><ele>21.399999618530273</ele><time>2026-09-27T02:23:53Z</time></trkpt><trkpt lat="37.58147048950195" lon="127.02291107177734"><ele>21.399999618530273</ele><time>2026-09-27T02:23:54Z</time></trkpt><trkpt lat="37.581485748291016" lon="127.02290344238281"><ele>21.399999618530273</ele><time>2026-09-27T02:23:55Z</time></trkpt><trkpt lat="37.58149719238281" lon="127.02289581298828"><ele>21.399999618530273</ele><time>2026-09-27T02:23:56Z</time></trkpt><trkpt lat="37.581520080566406" lon="127.02288818359375"><ele>21.399999618530273</ele><time>2026-09-27T02:23:57Z</time></trkpt><trkpt lat="37.58153533935547" lon="127.02288055419922"><ele>21.399999618530273</ele><time>2026-09-27T02:23:58Z</time></trkpt><trkpt lat="37.5815544128418" lon="127.02286529541016"><ele>21.600000381469727</ele><time>2026-09-27T02:23:59Z</time></trkpt><trkpt lat="37.58156967163086" lon="127.02285766601562"><ele>21.600000381469727</ele><time>2026-09-27T02:24:00Z</time></trkpt><trkpt lat="37.58158493041992" lon="127.0228500366211"><ele>21.600000381469727</ele><time>2026-09-27T02:24:01Z</time></trkpt><trkpt lat="37.58161163330078" lon="127.02283477783203"><ele>21.600000381469727</ele><time>2026-09-27T02:24:02Z</time></trkpt><trkpt lat="37.58162307739258" lon="127.0228271484375"><ele>21.600000381469727</ele><time>2026-09-27T02:24:03Z</time></trkpt><trkpt lat="37.581642150878906" lon="127.02281188964844"><ele>21.600000381469727</ele><time>2026-09-27T02:24:04Z</time></trkpt><trkpt lat="37.5816650390625" lon="127.0228042602539"><ele>21.600000381469727</ele><time>2026-09-27T02:24:05Z</time></trkpt><trkpt lat="37.58168029785156" lon="127.02279663085938"><ele>21.799999237060547</ele><time>2026-09-27T02:24:06Z</time></trkpt><trkpt lat="37.58169937133789" lon="127.02278137207031"><ele>21.799999237060547</ele><time>2026-09-27T02:24:07Z</time></trkpt><trkpt lat="37.58171844482422" lon="127.02277374267578"><ele>21.799999237060547</ele><time>2026-09-27T02:24:08Z</time></trkpt><trkpt lat="37.58173370361328" lon="127.02276611328125"><ele>21.799999237060547</ele><time>2026-09-27T02:24:09Z</time></trkpt><trkpt lat="37.58175277709961" lon="127.02275085449219"><ele>21.799999237060547</ele><time>2026-09-27T02:24:10Z</time></trkpt><trkpt lat="37.58176803588867" lon="127.02274322509766"><ele>21.799999237060547</ele><time>2026-09-27T02:24:11Z</time></trkpt><trkpt lat="37.581783294677734" lon="127.02273559570312"><ele>21.600000381469727</ele><time>2026-09-27T02:24:12Z</time></trkpt><trkpt lat="37.58180618286133" lon="127.0227279663086"><ele>21.600000381469727</ele><time>2026-09-27T02:24:13Z</time></trkpt><trkpt lat="37.581817626953125" lon="127.02272033691406"><ele>21.600000381469727</ele><time>2026-09-27T02:24:14Z</time></trkpt><trkpt lat="37.58183670043945" lon="127.022705078125"><ele>21.600000381469727</ele><time>2026-09-27T02:24:15Z</time></trkpt><trkpt lat="37.581851959228516" lon="127.02269744873047"><ele>21.600000381469727</ele><time>2026-09-27T02:24:16Z</time></trkpt><trkpt lat="37.58186340332031" lon="127.0226821899414"><ele>21.600000381469727</ele><time>2026-09-27T02:24:17Z</time></trkpt><trkpt lat="37.58188247680664" lon="127.02267456054688"><ele>21.600000381469727</ele><time>2026-09-27T02:24:18Z</time></trkpt><trkpt lat="37.58189392089844" lon="127.02265930175781"><ele>21.600000381469727</ele><time>2026-09-27T02:24:19Z</time></trkpt><trkpt lat="37.581905364990234" lon="127.02265167236328"><ele>21.600000381469727</ele><time>2026-09-27T02:24:20Z</time></trkpt><trkpt lat="37.58192825317383" lon="127.02265167236328"><ele>21.600000381469727</ele><time>2026-09-27T02:24:21Z</time></trkpt><trkpt lat="37.58193588256836" lon="127.02263641357422"><ele>21.600000381469727</ele><time>2026-09-27T02:24:22Z</time></trkpt><trkpt lat="37.58195495605469" lon="127.02262878417969"><ele>21.600000381469727</ele><time>2026-09-27T02:24:23Z</time></trkpt><trkpt lat="37.58197021484375" lon="127.02261352539062"><ele>21.600000381469727</ele><time>2026-09-27T02:24:24Z</time></trkpt><trkpt lat="37.58198165893555" lon="127.0226058959961"><ele>21.600000381469727</ele><time>2026-09-27T02:24:25Z</time></trkpt><trkpt lat="37.582000732421875" lon="127.0226058959961"><ele>21.600000381469727</ele><time>2026-09-27T02:24:26Z</time></trkpt><trkpt lat="37.58201217651367" lon="127.02259826660156"><ele>21.600000381469727</ele><time>2026-09-27T02:24:27Z</time></trkpt><trkpt lat="37.58203125" lon="127.0225830078125"><ele>21.600000381469727</ele><time>2026-09-27T02:24:28Z</time></trkpt><trkpt lat="37.58204650878906" lon="127.02257537841797"><ele>21.799999237060547</ele><time>2026-09-27T02:24:29Z</time></trkpt><trkpt lat="37.582061767578125" lon="127.02257537841797"><ele>21.799999237060547</ele><time>2026-09-27T02:24:30Z</time></trkpt><trkpt lat="37.58208465576172" lon="127.02256774902344"><ele>21.799999237060547</ele><time>2026-09-27T02:24:31Z</time></trkpt><trkpt lat="37.58209991455078" lon="127.02255249023438"><ele>21.799999237060547</ele><time>2026-09-27T02:24:32Z</time></trkpt><trkpt lat="37.582115173339844" lon="127.02254486083984"><ele>21.799999237060547</ele><time>2026-09-27T02:24:33Z</time></trkpt><trkpt lat="37.582130432128906" lon="127.02253723144531"><ele>21.799999237060547</ele><time>2026-09-27T02:24:34Z</time></trkpt><trkpt lat="37.58214569091797" lon="127.02252960205078"><ele>21.799999237060547</ele><time>2026-09-27T02:24:35Z</time></trkpt><trkpt lat="37.58216857910156" lon="127.02252197265625"><ele>21.799999237060547</ele><time>2026-09-27T02:24:36Z</time></trkpt><trkpt lat="37.582183837890625" lon="127.02251434326172"><ele>21.799999237060547</ele><time>2026-09-27T02:24:37Z</time></trkpt><trkpt lat="37.58219909667969" lon="127.02250671386719"><ele>21.799999237060547</ele><time>2026-09-27T02:24:38Z</time></trkpt><trkpt lat="37.58221435546875" lon="127.02250671386719"><ele>21.799999237060547</ele><time>2026-09-27T02:24:39Z</time></trkpt><trkpt lat="37.58222579956055" lon="127.02249908447266"><ele>21.600000381469727</ele><time>2026-09-27T02:24:40Z</time></trkpt><trkpt lat="37.582244873046875" lon="127.0224838256836"><ele>21.600000381469727</ele><time>2026-09-27T02:24:41Z</time></trkpt><trkpt lat="37.5822639465332" lon="127.02247619628906"><ele>21.399999618530273</ele><time>2026-09-27T02:24:42Z</time></trkpt><trkpt lat="37.582275390625" lon="127.02246856689453"><ele>21.399999618530273</ele><time>2026-09-27T02:24:43Z</time></trkpt><trkpt lat="37.58229446411133" lon="127.02245330810547"><ele>21.399999618530273</ele><time>2026-09-27T02:24:44Z</time></trkpt><trkpt lat="37.582305908203125" lon="127.02244567871094"><ele>21.399999618530273</ele><time>2026-09-27T02:24:45Z</time></trkpt><trkpt lat="37.58232879638672" lon="127.0224380493164"><ele>21.399999618530273</ele><time>2026-09-27T02:24:46Z</time></trkpt><trkpt lat="37.58235168457031" lon="127.02243041992188"><ele>21.399999618530273</ele><time>2026-09-27T02:24:47Z</time></trkpt><trkpt lat="37.58236312866211" lon="127.02243041992188"><ele>21.399999618530273</ele><time>2026-09-27T02:24:48Z</time></trkpt><trkpt lat="37.5823860168457" lon="127.02241516113281"><ele>21.600000381469727</ele><time>2026-09-27T02:24:49Z</time></trkpt><trkpt lat="37.582401275634766" lon="127.02239990234375"><ele>21.799999237060547</ele><time>2026-09-27T02:24:50Z</time></trkpt><trkpt lat="37.582420349121094" lon="127.02239227294922"><ele>22.0</ele><time>2026-09-27T02:24:51Z</time></trkpt><trkpt lat="37.58244323730469" lon="127.02237701416016"><ele>22.200000762939453</ele><time>2026-09-27T02:24:52Z</time></trkpt><trkpt lat="37.582462310791016" lon="127.02236938476562"><ele>22.200000762939453</ele><time>2026-09-27T02:24:53Z</time></trkpt><trkpt lat="37.582489013671875" lon="127.0223617553711"><ele>22.200000762939453</ele><time>2026-09-27T02:24:54Z</time></trkpt><trkpt lat="37.5825080871582" lon="127.02235412597656"><ele>22.200000762939453</ele><time>2026-09-27T02:24:55Z</time></trkpt><trkpt lat="37.5825309753418" lon="127.02234649658203"><ele>22.200000762939453</ele><time>2026-09-27T02:24:56Z</time></trkpt><trkpt lat="37.582550048828125" lon="127.0223388671875"><ele>22.200000762939453</ele><time>2026-09-27T02:24:57Z</time></trkpt><trkpt lat="37.58256912231445" lon="127.02233123779297"><ele>22.399999618530273</ele><time>2026-09-27T02:24:58Z</time></trkpt><trkpt lat="37.58259201049805" lon="127.02232360839844"><ele>22.399999618530273</ele><time>2026-09-27T02:24:59Z</time></trkpt><trkpt lat="37.582611083984375" lon="127.02230834960938"><ele>22.399999618530273</ele><time>2026-09-27T02:25:00Z</time></trkpt><trkpt lat="37.58263397216797" lon="127.02230072021484"><ele>22.399999618530273</ele><time>2026-09-27T02:25:01Z</time></trkpt><trkpt lat="37.58264923095703" lon="127.02228546142578"><ele>22.399999618530273</ele><time>2026-09-27T02:25:02Z</time></trkpt><trkpt lat="37.582672119140625" lon="127.02227783203125"><ele>22.399999618530273</ele><time>2026-09-27T02:25:03Z</time></trkpt><trkpt lat="37.58268737792969" lon="127.02226257324219"><ele>22.600000381469727</ele><time>2026-09-27T02:25:04Z</time></trkpt><trkpt lat="37.58271026611328" lon="127.02224731445312"><ele>22.600000381469727</ele><time>2026-09-27T02:25:05Z</time></trkpt><trkpt lat="37.58272933959961" lon="127.02223205566406"><ele>22.600000381469727</ele><time>2026-09-27T02:25:06Z</time></trkpt><trkpt lat="37.5827522277832" lon="127.022216796875"><ele>22.600000381469727</ele><time>2026-09-27T02:25:07Z</time></trkpt><trkpt lat="37.5827751159668" lon="127.02220916748047"><ele>22.600000381469727</ele><time>2026-09-27T02:25:08Z</time></trkpt><trkpt lat="37.58279037475586" lon="127.02220153808594"><ele>22.600000381469727</ele><time>2026-09-27T02:25:09Z</time></trkpt><trkpt lat="37.58281707763672" lon="127.0221939086914"><ele>22.799999237060547</ele><time>2026-09-27T02:25:10Z</time></trkpt><trkpt lat="37.582828521728516" lon="127.02217864990234"><ele>22.600000381469727</ele><time>2026-09-27T02:25:11Z</time></trkpt><trkpt lat="37.58285140991211" lon="127.02216339111328"><ele>22.799999237060547</ele><time>2026-09-27T02:25:12Z</time></trkpt><trkpt lat="37.58287048339844" lon="127.02215576171875"><ele>22.799999237060547</ele><time>2026-09-27T02:25:13Z</time></trkpt><trkpt lat="37.582889556884766" lon="127.02214813232422"><ele>22.600000381469727</ele><time>2026-09-27T02:25:14Z</time></trkpt><trkpt lat="37.582916259765625" lon="127.02214050292969"><ele>22.600000381469727</ele><time>2026-09-27T02:25:15Z</time></trkpt><trkpt lat="37.58292770385742" lon="127.02212524414062"><ele>22.600000381469727</ele><time>2026-09-27T02:25:16Z</time></trkpt><trkpt lat="37.58295440673828" lon="127.02210998535156"><ele>22.600000381469727</ele><time>2026-09-27T02:25:17Z</time></trkpt><trkpt lat="37.582969665527344" lon="127.0220947265625"><ele>22.600000381469727</ele><time>2026-09-27T02:25:18Z</time></trkpt><trkpt lat="37.5829963684082" lon="127.02208709716797"><ele>22.600000381469727</ele><time>2026-09-27T02:25:19Z</time></trkpt><trkpt lat="37.583003997802734" lon="127.02206420898438"><ele>22.600000381469727</ele><time>2026-09-27T02:25:20Z</time></trkpt><trkpt lat="37.58302688598633" lon="127.02204132080078"><ele>22.600000381469727</ele><time>2026-09-27T02:25:21Z</time></trkpt><trkpt lat="37.583045959472656" lon="127.02203369140625"><ele>22.600000381469727</ele><time>2026-09-27T02:25:22Z</time></trkpt><trkpt lat="37.58306121826172" lon="127.02201843261719"><ele>22.600000381469727</ele><time>2026-09-27T02:25:23Z</time></trkpt><trkpt lat="37.58308792114258" lon="127.02201080322266"><ele>22.600000381469727</ele><time>2026-09-27T02:25:24Z</time></trkpt><trkpt lat="37.583106994628906" lon="127.02200317382812"><ele>22.799999237060547</ele><time>2026-09-27T02:25:25Z</time></trkpt><trkpt lat="37.58313751220703" lon="127.0219955444336"><ele>22.799999237060547</ele><time>2026-09-27T02:25:26Z</time></trkpt><trkpt lat="37.58315658569336" lon="127.02198791503906"><ele>22.799999237060547</ele><time>2026-09-27T02:25:27Z</time></trkpt><trkpt lat="37.58317947387695" lon="127.02198028564453"><ele>22.799999237060547</ele><time>2026-09-27T02:25:28Z</time></trkpt><trkpt lat="37.58319854736328" lon="127.02198028564453"><ele>22.799999237060547</ele><time>2026-09-27T02:25:29Z</time></trkpt><trkpt lat="37.583221435546875" lon="127.02197265625"><ele>22.799999237060547</ele><time>2026-09-27T02:25:30Z</time></trkpt><trkpt lat="37.58324432373047" lon="127.02196502685547"><ele>22.799999237060547</ele><time>2026-09-27T02:25:31Z</time></trkpt><trkpt lat="37.5832633972168" lon="127.02195739746094"><ele>22.799999237060547</ele><time>2026-09-27T02:25:32Z</time></trkpt><trkpt lat="37.583290100097656" lon="127.02195739746094"><ele>22.799999237060547</ele><time>2026-09-27T02:25:33Z</time></trkpt><trkpt lat="37.58330535888672" lon="127.0219497680664"><ele>22.799999237060547</ele><time>2026-09-27T02:25:34Z</time></trkpt><trkpt lat="37.58333206176758" lon="127.02194213867188"><ele>22.799999237060547</ele><time>2026-09-27T02:25:35Z</time></trkpt><trkpt lat="37.58334732055664" lon="127.02192687988281"><ele>22.799999237060547</ele><time>2026-09-27T02:25:36Z</time></trkpt><trkpt lat="37.58336639404297" lon="127.02191162109375"><ele>23.0</ele><time>2026-09-27T02:25:37Z</time></trkpt><trkpt lat="37.58338165283203" lon="127.02190399169922"><ele>23.0</ele><time>2026-09-27T02:25:38Z</time></trkpt><trkpt lat="37.58340072631836" lon="127.02189636230469"><ele>23.0</ele><time>2026-09-27T02:25:39Z</time></trkpt><trkpt lat="37.58342361450195" lon="127.02189636230469"><ele>23.0</ele><time>2026-09-27T02:25:40Z</time></trkpt><trkpt lat="37.58343505859375" lon="127.02188873291016"><ele>23.0</ele><time>2026-09-27T02:25:41Z</time></trkpt><trkpt lat="37.583457946777344" lon="127.02188873291016"><ele>23.0</ele><time>2026-09-27T02:25:42Z</time></trkpt><trkpt lat="37.58346939086914" lon="127.02188110351562"><ele>23.0</ele><time>2026-09-27T02:25:43Z</time></trkpt><trkpt lat="37.58348846435547" lon="127.0218734741211"><ele>23.0</ele><time>2026-09-27T02:25:44Z</time></trkpt><trkpt lat="37.58351135253906" lon="127.0218734741211"><ele>23.0</ele><time>2026-09-27T02:25:45Z</time></trkpt><trkpt lat="37.583526611328125" lon="127.02186584472656"><ele>23.0</ele><time>2026-09-27T02:25:46Z</time></trkpt><trkpt lat="37.583553314208984" lon="127.02186584472656"><ele>23.200000762939453</ele><time>2026-09-27T02:25:47Z</time></trkpt><trkpt lat="37.58356857299805" lon="127.02185821533203"><ele>23.200000762939453</ele><time>2026-09-27T02:25:48Z</time></trkpt><trkpt lat="37.58359146118164" lon="127.0218505859375"><ele>23.200000762939453</ele><time>2026-09-27T02:25:49Z</time></trkpt><trkpt lat="37.583614349365234" lon="127.02184295654297"><ele>23.200000762939453</ele><time>2026-09-27T02:25:50Z</time></trkpt><trkpt lat="37.58363342285156" lon="127.02183532714844"><ele>23.200000762939453</ele><time>2026-09-27T02:25:51Z</time></trkpt><trkpt lat="37.58366012573242" lon="127.02183532714844"><ele>23.200000762939453</ele><time>2026-09-27T02:25:52Z</time></trkpt><trkpt lat="37.583675384521484" lon="127.02183532714844"><ele>23.200000762939453</ele><time>2026-09-27T02:25:53Z</time></trkpt><trkpt lat="37.583702087402344" lon="127.0218276977539"><ele>23.200000762939453</ele><time>2026-09-27T02:25:54Z</time></trkpt><trkpt lat="37.583717346191406" lon="127.02182006835938"><ele>23.200000762939453</ele><time>2026-09-27T02:25:55Z</time></trkpt><trkpt lat="37.583736419677734" lon="127.02182006835938"><ele>23.0</ele><time>2026-09-27T02:25:56Z</time></trkpt><trkpt lat="37.58375930786133" lon="127.02181243896484"><ele>23.0</ele><time>2026-09-27T02:25:57Z</time></trkpt><trkpt lat="37.58377456665039" lon="127.02180480957031"><ele>22.799999237060547</ele><time>2026-09-27T02:25:58Z</time></trkpt><trkpt lat="37.58379364013672" lon="127.02180480957031"><ele>22.799999237060547</ele><time>2026-09-27T02:25:59Z</time></trkpt><trkpt lat="37.58380889892578" lon="127.02179718017578"><ele>22.799999237060547</ele><time>2026-09-27T02:26:00Z</time></trkpt><trkpt lat="37.58382797241211" lon="127.02179718017578"><ele>22.799999237060547</ele><time>2026-09-27T02:26:01Z</time></trkpt><trkpt lat="37.58384704589844" lon="127.02179718017578"><ele>22.799999237060547</ele><time>2026-09-27T02:26:02Z</time></trkpt><trkpt lat="37.583866119384766" lon="127.02179718017578"><ele>22.799999237060547</ele><time>2026-09-27T02:26:03Z</time></trkpt><trkpt lat="37.58388137817383" lon="127.02179718017578"><ele>22.799999237060547</ele><time>2026-09-27T02:26:04Z</time></trkpt><trkpt lat="37.58389663696289" lon="127.02179718017578"><ele>22.600000381469727</ele><time>2026-09-27T02:26:05Z</time></trkpt><trkpt lat="37.583927154541016" lon="127.02176666259766"><ele>22.799999237060547</ele><time>2026-09-27T02:26:06Z</time></trkpt><trkpt lat="37.58393859863281" lon="127.02174377441406"><ele>22.799999237060547</ele><time>2026-09-27T02:26:07Z</time></trkpt><trkpt lat="37.583961486816406" lon="127.02173614501953"><ele>22.799999237060547</ele><time>2026-09-27T02:26:08Z</time></trkpt><trkpt lat="37.583984375" lon="127.021728515625"><ele>23.0</ele><time>2026-09-27T02:26:09Z</time></trkpt><trkpt lat="37.584007263183594" lon="127.02171325683594"><ele>23.200000762939453</ele><time>2026-09-27T02:26:10Z</time></trkpt><trkpt lat="37.58403015136719" lon="127.0217056274414"><ele>23.200000762939453</ele><time>2026-09-27T02:26:11Z</time></trkpt><trkpt lat="37.58405303955078" lon="127.02169799804688"><ele>23.399999618530273</ele><time>2026-09-27T02:26:12Z</time></trkpt><trkpt lat="37.58406448364258" lon="127.02168273925781"><ele>23.600000381469727</ele><time>2026-09-27T02:26:13Z</time></trkpt><trkpt lat="37.584083557128906" lon="127.02167510986328"><ele>23.600000381469727</ele><time>2026-09-27T02:26:14Z</time></trkpt><trkpt lat="37.58409118652344" lon="127.02165985107422"><ele>23.600000381469727</ele><time>2026-09-27T02:26:15Z</time></trkpt><trkpt lat="37.584110260009766" lon="127.02165222167969"><ele>23.600000381469727</ele><time>2026-09-27T02:26:16Z</time></trkpt><trkpt lat="37.5841178894043" lon="127.02164459228516"><ele>23.600000381469727</ele><time>2026-09-27T02:26:17Z</time></trkpt><trkpt lat="37.58412551879883" lon="127.02163696289062"><ele>23.600000381469727</ele><time>2026-09-27T02:26:18Z</time></trkpt><trkpt lat="37.58414077758789" lon="127.0216293334961"><ele>23.600000381469727</ele><time>2026-09-27T02:26:19Z</time></trkpt><trkpt lat="37.584163665771484" lon="127.02162170410156"><ele>23.600000381469727</ele><time>2026-09-27T02:26:20Z</time></trkpt><trkpt lat="37.584171295166016" lon="127.02161407470703"><ele>23.600000381469727</ele><time>2026-09-27T02:26:21Z</time></trkpt><trkpt lat="37.58418273925781" lon="127.0216064453125"><ele>23.799999237060547</ele><time>2026-09-27T02:26:22Z</time></trkpt><trkpt lat="37.58419418334961" lon="127.02159881591797"><ele>23.799999237060547</ele><time>2026-09-27T02:26:23Z</time></trkpt><trkpt lat="37.584205627441406" lon="127.02159881591797"><ele>23.799999237060547</ele><time>2026-09-27T02:26:24Z</time></trkpt><trkpt lat="37.5842170715332" lon="127.02159118652344"><ele>23.799999237060547</ele><time>2026-09-27T02:26:25Z</time></trkpt><trkpt lat="37.584228515625" lon="127.0215835571289"><ele>23.799999237060547</ele><time>2026-09-27T02:26:26Z</time></trkpt><trkpt lat="37.584232330322266" lon="127.0215835571289"><ele>23.799999237060547</ele><time>2026-09-27T02:26:27Z</time></trkpt><trkpt lat="37.5842399597168" lon="127.02157592773438"><ele>23.799999237060547</ele><time>2026-09-27T02:26:28Z</time></trkpt><trkpt lat="37.58424758911133" lon="127.02157592773438"><ele>23.600000381469727</ele><time>2026-09-27T02:26:29Z</time></trkpt><trkpt lat="37.58425521850586" lon="127.02157592773438"><ele>23.600000381469727</ele><time>2026-09-27T02:26:30Z</time></trkpt><trkpt lat="37.58426284790039" lon="127.02156829833984"><ele>23.600000381469727</ele><time>2026-09-27T02:26:31Z</time></trkpt><trkpt lat="37.58427429199219" lon="127.02156066894531"><ele>23.399999618530273</ele><time>2026-09-27T02:26:32Z</time></trkpt><trkpt lat="37.58428955078125" lon="127.02156066894531"><ele>23.399999618530273</ele><time>2026-09-27T02:26:33Z</time></trkpt><trkpt lat="37.58430099487305" lon="127.02156066894531"><ele>23.399999618530273</ele><time>2026-09-27T02:26:34Z</time></trkpt><trkpt lat="37.584312438964844" lon="127.02155303955078"><ele>23.399999618530273</ele><time>2026-09-27T02:26:35Z</time></trkpt><trkpt lat="37.584327697753906" lon="127.02155303955078"><ele>23.399999618530273</ele><time>2026-09-27T02:26:36Z</time></trkpt><trkpt lat="37.5843391418457" lon="127.02154541015625"><ele>23.399999618530273</ele><time>2026-09-27T02:26:37Z</time></trkpt><trkpt lat="37.584354400634766" lon="127.02153778076172"><ele>23.600000381469727</ele><time>2026-09-27T02:26:38Z</time></trkpt><trkpt lat="37.58436584472656" lon="127.02153015136719"><ele>23.600000381469727</ele><time>2026-09-27T02:26:39Z</time></trkpt><trkpt lat="37.58437728881836" lon="127.02153015136719"><ele>23.600000381469727</ele><time>2026-09-27T02:26:40Z</time></trkpt><trkpt lat="37.584388732910156" lon="127.02152252197266"><ele>23.799999237060547</ele><time>2026-09-27T02:26:41Z</time></trkpt><trkpt lat="37.58440017700195" lon="127.02151489257812"><ele>23.799999237060547</ele><time>2026-09-27T02:26:42Z</time></trkpt><trkpt lat="37.58441162109375" lon="127.02151489257812"><ele>23.600000381469727</ele><time>2026-09-27T02:26:43Z</time></trkpt><trkpt lat="37.58442306518555" lon="127.02151489257812"><ele>23.600000381469727</ele><time>2026-09-27T02:26:44Z</time></trkpt><trkpt lat="37.58443069458008" lon="127.0215072631836"><ele>23.600000381469727</ele><time>2026-09-27T02:26:45Z</time></trkpt><trkpt lat="37.584442138671875" lon="127.0215072631836"><ele>23.600000381469727</ele><time>2026-09-27T02:26:46Z</time></trkpt><trkpt lat="37.58445739746094" lon="127.02151489257812"><ele>23.799999237060547</ele><time>2026-09-27T02:26:47Z</time></trkpt><trkpt lat="37.58446502685547" lon="127.0215072631836"><ele>23.799999237060547</ele><time>2026-09-27T02:26:48Z</time></trkpt><trkpt lat="37.584476470947266" lon="127.0215072631836"><ele>24.0</ele><time>2026-09-27T02:26:49Z</time></trkpt><trkpt lat="37.58448791503906" lon="127.0215072631836"><ele>24.0</ele><time>2026-09-27T02:26:50Z</time></trkpt><trkpt lat="37.584503173828125" lon="127.02149963378906"><ele>24.0</ele><time>2026-09-27T02:26:51Z</time></trkpt><trkpt lat="37.58451461791992" lon="127.02149200439453"><ele>23.799999237060547</ele><time>2026-09-27T02:26:52Z</time></trkpt><trkpt lat="37.584529876708984" lon="127.021484375"><ele>23.799999237060547</ele><time>2026-09-27T02:26:53Z</time></trkpt><trkpt lat="37.58454513549805" lon="127.02147674560547"><ele>23.799999237060547</ele><time>2026-09-27T02:26:54Z</time></trkpt><trkpt lat="37.584556579589844" lon="127.02147674560547"><ele>23.799999237060547</ele><time>2026-09-27T02:26:55Z</time></trkpt><trkpt lat="37.58456802368164" lon="127.02146911621094"><ele>23.799999237060547</ele><time>2026-09-27T02:26:56Z</time></trkpt><trkpt lat="37.5845832824707" lon="127.02146911621094"><ele>23.799999237060547</ele><time>2026-09-27T02:26:57Z</time></trkpt><trkpt lat="37.5845947265625" lon="127.0214614868164"><ele>23.799999237060547</ele><time>2026-09-27T02:26:58Z</time></trkpt><trkpt lat="37.58460235595703" lon="127.0214614868164"><ele>23.799999237060547</ele><time>2026-09-27T02:26:59Z</time></trkpt><trkpt lat="37.58460998535156" lon="127.02145385742188"><ele>23.799999237060547</ele><time>2026-09-27T02:27:00Z</time></trkpt><trkpt lat="37.58461380004883" lon="127.02145385742188"><ele>23.799999237060547</ele><time>2026-09-27T02:27:01Z</time></trkpt><trkpt lat="37.58462905883789" lon="127.02144622802734"><ele>23.799999237060547</ele><time>2026-09-27T02:27:02Z</time></trkpt><trkpt lat="37.58464050292969" lon="127.02144622802734"><ele>23.799999237060547</ele><time>2026-09-27T02:27:03Z</time></trkpt><trkpt lat="37.58465576171875" lon="127.02144622802734"><ele>24.0</ele><time>2026-09-27T02:27:04Z</time></trkpt><trkpt lat="37.58467102050781" lon="127.02143859863281"><ele>24.0</ele><time>2026-09-27T02:27:05Z</time></trkpt><trkpt lat="37.58468246459961" lon="127.02143859863281"><ele>24.200000762939453</ele><time>2026-09-27T02:27:06Z</time></trkpt><trkpt lat="37.58469772338867" lon="127.02143859863281"><ele>24.399999618530273</ele><time>2026-09-27T02:27:07Z</time></trkpt><trkpt lat="37.58470916748047" lon="127.02143859863281"><ele>24.399999618530273</ele><time>2026-09-27T02:27:08Z</time></trkpt><trkpt lat="37.584716796875" lon="127.02143859863281"><ele>24.399999618530273</ele><time>2026-09-27T02:27:09Z</time></trkpt><trkpt lat="37.58472442626953" lon="127.02143859863281"><ele>24.200000762939453</ele><time>2026-09-27T02:27:10Z</time></trkpt><trkpt lat="37.58473587036133" lon="127.02143096923828"><ele>24.0</ele><time>2026-09-27T02:27:11Z</time></trkpt><trkpt lat="37.58475112915039" lon="127.02143096923828"><ele>24.0</ele><time>2026-09-27T02:27:12Z</time></trkpt><trkpt lat="37.58476257324219" lon="127.02143096923828"><ele>24.0</ele><time>2026-09-27T02:27:13Z</time></trkpt><trkpt lat="37.584781646728516" lon="127.02142333984375"><ele>24.0</ele><time>2026-09-27T02:27:14Z</time></trkpt><trkpt lat="37.584800720214844" lon="127.02142333984375"><ele>24.0</ele><time>2026-09-27T02:27:15Z</time></trkpt><trkpt lat="37.58481979370117" lon="127.02141571044922"><ele>24.0</ele><time>2026-09-27T02:27:16Z</time></trkpt><trkpt lat="37.58483123779297" lon="127.02140808105469"><ele>24.200000762939453</ele><time>2026-09-27T02:27:17Z</time></trkpt><trkpt lat="37.58484649658203" lon="127.02140045166016"><ele>24.200000762939453</ele><time>2026-09-27T02:27:18Z</time></trkpt><trkpt lat="37.58485794067383" lon="127.02139282226562"><ele>24.200000762939453</ele><time>2026-09-27T02:27:19Z</time></trkpt><trkpt lat="37.58486557006836" lon="127.0213851928711"><ele>24.200000762939453</ele><time>2026-09-27T02:27:20Z</time></trkpt><trkpt lat="37.584869384765625" lon="127.02137756347656"><ele>24.200000762939453</ele><time>2026-09-27T02:27:21Z</time></trkpt><trkpt lat="37.58488082885742" lon="127.02136993408203"><ele>24.200000762939453</ele><time>2026-09-27T02:27:22Z</time></trkpt><trkpt lat="37.58488845825195" lon="127.0213623046875"><ele>24.200000762939453</ele><time>2026-09-27T02:27:23Z</time></trkpt><trkpt lat="37.58489990234375" lon="127.02135467529297"><ele>24.399999618530273</ele><time>2026-09-27T02:27:24Z</time></trkpt><trkpt lat="37.58491134643555" lon="127.02134704589844"><ele>24.399999618530273</ele><time>2026-09-27T02:27:25Z</time></trkpt><trkpt lat="37.58492660522461" lon="127.02134704589844"><ele>24.600000381469727</ele><time>2026-09-27T02:27:26Z</time></trkpt><trkpt lat="37.58494567871094" lon="127.0213394165039"><ele>24.600000381469727</ele><time>2026-09-27T02:27:27Z</time></trkpt><trkpt lat="37.584964752197266" lon="127.02133178710938"><ele>24.600000381469727</ele><time>2026-09-27T02:27:28Z</time></trkpt><trkpt lat="37.58498764038086" lon="127.02133178710938"><ele>24.600000381469727</ele><time>2026-09-27T02:27:29Z</time></trkpt><trkpt lat="37.58500671386719" lon="127.02133178710938"><ele>24.600000381469727</ele><time>2026-09-27T02:27:30Z</time></trkpt><trkpt lat="37.58502960205078" lon="127.02133178710938"><ele>24.799999237060547</ele><time>2026-09-27T02:27:31Z</time></trkpt><trkpt lat="37.585052490234375" lon="127.02133178710938"><ele>24.799999237060547</ele><time>2026-09-27T02:27:32Z</time></trkpt><trkpt lat="37.5850715637207" lon="127.02132415771484"><ele>24.799999237060547</ele><time>2026-09-27T02:27:33Z</time></trkpt><trkpt lat="37.5850944519043" lon="127.02132415771484"><ele>24.799999237060547</ele><time>2026-09-27T02:27:34Z</time></trkpt><trkpt lat="37.585113525390625" lon="127.02131652832031"><ele>24.799999237060547</ele><time>2026-09-27T02:27:35Z</time></trkpt><trkpt lat="37.58513641357422" lon="127.02130889892578"><ele>24.799999237060547</ele><time>2026-09-27T02:27:36Z</time></trkpt><trkpt lat="37.58515548706055" lon="127.02130126953125"><ele>24.799999237060547</ele><time>2026-09-27T02:27:37Z</time></trkpt><trkpt lat="37.585174560546875" lon="127.02129364013672"><ele>24.799999237060547</ele><time>2026-09-27T02:27:38Z</time></trkpt><trkpt lat="37.58519744873047" lon="127.02128601074219"><ele>24.799999237060547</ele><time>2026-09-27T02:27:39Z</time></trkpt><trkpt lat="37.58521270751953" lon="127.02127075195312"><ele>25.0</ele><time>2026-09-27T02:27:40Z</time></trkpt><trkpt lat="37.58523941040039" lon="127.02127075195312"><ele>25.0</ele><time>2026-09-27T02:27:41Z</time></trkpt><trkpt lat="37.58525085449219" lon="127.02125549316406"><ele>25.0</ele><time>2026-09-27T02:27:42Z</time></trkpt><trkpt lat="37.58527374267578" lon="127.02125549316406"><ele>25.0</ele><time>2026-09-27T02:27:43Z</time></trkpt><trkpt lat="37.585289001464844" lon="127.02124786376953"><ele>25.0</ele><time>2026-09-27T02:27:44Z</time></trkpt><trkpt lat="37.585304260253906" lon="127.02123260498047"><ele>25.0</ele><time>2026-09-27T02:27:45Z</time></trkpt><trkpt lat="37.5853271484375" lon="127.02123260498047"><ele>25.0</ele><time>2026-09-27T02:27:46Z</time></trkpt><trkpt lat="37.58534622192383" lon="127.0212173461914"><ele>25.200000762939453</ele><time>2026-09-27T02:27:47Z</time></trkpt><trkpt lat="37.58536911010742" lon="127.02120971679688"><ele>25.200000762939453</ele><time>2026-09-27T02:27:48Z</time></trkpt><trkpt lat="37.58538818359375" lon="127.02120208740234"><ele>25.200000762939453</ele><time>2026-09-27T02:27:49Z</time></trkpt><trkpt lat="37.58540725708008" lon="127.02119445800781"><ele>25.200000762939453</ele><time>2026-09-27T02:27:50Z</time></trkpt><trkpt lat="37.585426330566406" lon="127.02119445800781"><ele>25.200000762939453</ele><time>2026-09-27T02:27:51Z</time></trkpt><trkpt lat="37.585445404052734" lon="127.02118682861328"><ele>25.200000762939453</ele><time>2026-09-27T02:27:52Z</time></trkpt><trkpt lat="37.58546829223633" lon="127.02117919921875"><ele>25.399999618530273</ele><time>2026-09-27T02:27:53Z</time></trkpt><trkpt lat="37.58548355102539" lon="127.02117156982422"><ele>25.399999618530273</ele><time>2026-09-27T02:27:54Z</time></trkpt><trkpt lat="37.58551025390625" lon="127.02116394042969"><ele>25.200000762939453</ele><time>2026-09-27T02:27:55Z</time></trkpt><trkpt lat="37.58552551269531" lon="127.02116394042969"><ele>25.200000762939453</ele><time>2026-09-27T02:27:56Z</time></trkpt><trkpt lat="37.58554458618164" lon="127.02115631103516"><ele>25.200000762939453</ele><time>2026-09-27T02:27:57Z</time></trkpt><trkpt lat="37.585567474365234" lon="127.02115631103516"><ele>25.200000762939453</ele><time>2026-09-27T02:27:58Z</time></trkpt><trkpt lat="37.5855827331543" lon="127.02114868164062"><ele>25.399999618530273</ele><time>2026-09-27T02:27:59Z</time></trkpt><trkpt lat="37.58560562133789" lon="127.02114868164062"><ele>25.399999618530273</ele><time>2026-09-27T02:28:00Z</time></trkpt><trkpt lat="37.58562088012695" lon="127.0211410522461"><ele>25.399999618530273</ele><time>2026-09-27T02:28:01Z</time></trkpt><trkpt lat="37.58564758300781" lon="127.02113342285156"><ele>25.399999618530273</ele><time>2026-09-27T02:28:02Z</time></trkpt><trkpt lat="37.585662841796875" lon="127.0211181640625"><ele>25.399999618530273</ele><time>2026-09-27T02:28:03Z</time></trkpt><trkpt lat="37.58567810058594" lon="127.02111053466797"><ele>25.399999618530273</ele><time>2026-09-27T02:28:04Z</time></trkpt><trkpt lat="37.585697174072266" lon="127.02111053466797"><ele>25.399999618530273</ele><time>2026-09-27T02:28:05Z</time></trkpt><trkpt lat="37.58571243286133" lon="127.0210952758789"><ele>25.399999618530273</ele><time>2026-09-27T02:28:06Z</time></trkpt><trkpt lat="37.58573913574219" lon="127.0210952758789"><ele>25.399999618530273</ele><time>2026-09-27T02:28:07Z</time></trkpt><trkpt lat="37.58575439453125" lon="127.02108001708984"><ele>25.399999618530273</ele><time>2026-09-27T02:28:08Z</time></trkpt><trkpt lat="37.58576583862305" lon="127.02105712890625"><ele>25.600000381469727</ele><time>2026-09-27T02:28:09Z</time></trkpt><trkpt lat="37.585784912109375" lon="127.02104949951172"><ele>25.600000381469727</ele><time>2026-09-27T02:28:10Z</time></trkpt><trkpt lat="37.58579635620117" lon="127.02103424072266"><ele>25.600000381469727</ele><time>2026-09-27T02:28:11Z</time></trkpt><trkpt lat="37.5858154296875" lon="127.02102661132812"><ele>25.600000381469727</ele><time>2026-09-27T02:28:12Z</time></trkpt><trkpt lat="37.585838317871094" lon="127.02102661132812"><ele>25.600000381469727</ele><time>2026-09-27T02:28:13Z</time></trkpt><trkpt lat="37.585853576660156" lon="127.02102661132812"><ele>25.600000381469727</ele><time>2026-09-27T02:28:14Z</time></trkpt><trkpt lat="37.585872650146484" lon="127.0210189819336"><ele>25.600000381469727</ele><time>2026-09-27T02:28:15Z</time></trkpt><trkpt lat="37.58588790893555" lon="127.0210189819336"><ele>25.600000381469727</ele><time>2026-09-27T02:28:16Z</time></trkpt><trkpt lat="37.58590316772461" lon="127.02101135253906"><ele>25.600000381469727</ele><time>2026-09-27T02:28:17Z</time></trkpt><trkpt lat="37.585914611816406" lon="127.02101135253906"><ele>25.600000381469727</ele><time>2026-09-27T02:28:18Z</time></trkpt><trkpt lat="37.5859260559082" lon="127.02101135253906"><ele>25.600000381469727</ele><time>2026-09-27T02:28:19Z</time></trkpt><trkpt lat="37.585933685302734" lon="127.02100372314453"><ele>25.600000381469727</ele><time>2026-09-27T02:28:20Z</time></trkpt><trkpt lat="37.5859375" lon="127.02100372314453"><ele>25.600000381469727</ele><time>2026-09-27T02:28:21Z</time></trkpt><trkpt lat="37.58596420288086" lon="127.02099609375"><ele>25.600000381469727</ele><time>2026-09-27T02:28:22Z</time></trkpt><trkpt lat="37.58601760864258" lon="127.02098846435547"><ele>25.799999237060547</ele><time>2026-09-27T02:28:23Z</time></trkpt><trkpt lat="37.586036682128906" lon="127.02098846435547"><ele>25.799999237060547</ele><time>2026-09-27T02:28:24Z</time></trkpt><trkpt lat="37.58607482910156" lon="127.02098083496094"><ele>25.799999237060547</ele><time>2026-09-27T02:28:25Z</time></trkpt><trkpt lat="37.58609390258789" lon="127.0209732055664"><ele>25.799999237060547</ele><time>2026-09-27T02:28:26Z</time></trkpt><trkpt lat="37.586116790771484" lon="127.02095794677734"><ele>25.799999237060547</ele><time>2026-09-27T02:28:27Z</time></trkpt><trkpt lat="37.58613204956055" lon="127.02095031738281"><ele>25.799999237060547</ele><time>2026-09-27T02:28:28Z</time></trkpt><trkpt lat="37.586151123046875" lon="127.02094268798828"><ele>26.0</ele><time>2026-09-27T02:28:29Z</time></trkpt><trkpt lat="37.58617401123047" lon="127.02093505859375"><ele>26.0</ele><time>2026-09-27T02:28:30Z</time></trkpt><trkpt lat="37.58618927001953" lon="127.02092742919922"><ele>26.0</ele><time>2026-09-27T02:28:31Z</time></trkpt><trkpt lat="37.586212158203125" lon="127.02091979980469"><ele>26.0</ele><time>2026-09-27T02:28:32Z</time></trkpt><trkpt lat="37.58622741699219" lon="127.02091979980469"><ele>26.0</ele><time>2026-09-27T02:28:33Z</time></trkpt><trkpt lat="37.586246490478516" lon="127.02091217041016"><ele>26.200000762939453</ele><time>2026-09-27T02:28:34Z</time></trkpt><trkpt lat="37.586265563964844" lon="127.02090454101562"><ele>26.200000762939453</ele><time>2026-09-27T02:28:35Z</time></trkpt><trkpt lat="37.58627700805664" lon="127.0208969116211"><ele>26.200000762939453</ele><time>2026-09-27T02:28:36Z</time></trkpt><trkpt lat="37.58629608154297" lon="127.02088928222656"><ele>26.200000762939453</ele><time>2026-09-27T02:28:37Z</time></trkpt><trkpt lat="37.586307525634766" lon="127.02088165283203"><ele>26.200000762939453</ele><time>2026-09-27T02:28:38Z</time></trkpt><trkpt lat="37.586326599121094" lon="127.0208740234375"><ele>26.200000762939453</ele><time>2026-09-27T02:28:39Z</time></trkpt><trkpt lat="37.586341857910156" lon="127.02086639404297"><ele>26.200000762939453</ele><time>2026-09-27T02:28:40Z</time></trkpt><trkpt lat="37.58635711669922" lon="127.02085876464844"><ele>26.200000762939453</ele><time>2026-09-27T02:28:41Z</time></trkpt><trkpt lat="37.58638000488281" lon="127.0208511352539"><ele>26.200000762939453</ele><time>2026-09-27T02:28:42Z</time></trkpt><trkpt lat="37.586395263671875" lon="127.02084350585938"><ele>26.200000762939453</ele><time>2026-09-27T02:28:43Z</time></trkpt><trkpt lat="37.586421966552734" lon="127.02083587646484"><ele>26.200000762939453</ele><time>2026-09-27T02:28:44Z</time></trkpt><trkpt lat="37.58644104003906" lon="127.02083587646484"><ele>26.399999618530273</ele><time>2026-09-27T02:28:45Z</time></trkpt><trkpt lat="37.586456298828125" lon="127.02082824707031"><ele>26.200000762939453</ele><time>2026-09-27T02:28:46Z</time></trkpt><trkpt lat="37.586483001708984" lon="127.02082061767578"><ele>26.200000762939453</ele><time>2026-09-27T02:28:47Z</time></trkpt><trkpt lat="37.58650207519531" lon="127.02081298828125"><ele>26.399999618530273</ele><time>2026-09-27T02:28:48Z</time></trkpt><trkpt lat="37.586517333984375" lon="127.02080535888672"><ele>26.200000762939453</ele><time>2026-09-27T02:28:49Z</time></trkpt><trkpt lat="37.5865364074707" lon="127.02079772949219"><ele>26.200000762939453</ele><time>2026-09-27T02:28:50Z</time></trkpt><trkpt lat="37.5865478515625" lon="127.02079010009766"><ele>26.399999618530273</ele><time>2026-09-27T02:28:51Z</time></trkpt><trkpt lat="37.586570739746094" lon="127.0207748413086"><ele>26.399999618530273</ele><time>2026-09-27T02:28:52Z</time></trkpt><trkpt lat="37.58658218383789" lon="127.02076721191406"><ele>26.399999618530273</ele><time>2026-09-27T02:28:53Z</time></trkpt><trkpt lat="37.586605072021484" lon="127.02075958251953"><ele>26.399999618530273</ele><time>2026-09-27T02:28:54Z</time></trkpt><trkpt lat="37.58662414550781" lon="127.02075958251953"><ele>26.399999618530273</ele><time>2026-09-27T02:28:55Z</time></trkpt><trkpt lat="37.586639404296875" lon="127.020751953125"><ele>26.600000381469727</ele><time>2026-09-27T02:28:56Z</time></trkpt><trkpt lat="37.58666229248047" lon="127.02074432373047"><ele>26.600000381469727</ele><time>2026-09-27T02:28:57Z</time></trkpt><trkpt lat="37.58667755126953" lon="127.02073669433594"><ele>26.600000381469727</ele><time>2026-09-27T02:28:58Z</time></trkpt><trkpt lat="37.58669662475586" lon="127.02073669433594"><ele>26.600000381469727</ele><time>2026-09-27T02:28:59Z</time></trkpt><trkpt lat="37.58671569824219" lon="127.02073669433594"><ele>26.799999237060547</ele><time>2026-09-27T02:29:00Z</time></trkpt><trkpt lat="37.58673095703125" lon="127.0207290649414"><ele>26.799999237060547</ele><time>2026-09-27T02:29:01Z</time></trkpt><trkpt lat="37.586753845214844" lon="127.02072143554688"><ele>26.799999237060547</ele><time>2026-09-27T02:29:02Z</time></trkpt><trkpt lat="37.58676528930664" lon="127.02071380615234"><ele>26.799999237060547</ele><time>2026-09-27T02:29:03Z</time></trkpt><trkpt lat="37.5867919921875" lon="127.02070617675781"><ele>26.799999237060547</ele><time>2026-09-27T02:29:04Z</time></trkpt><trkpt lat="37.58681106567383" lon="127.02070617675781"><ele>26.799999237060547</ele><time>2026-09-27T02:29:05Z</time></trkpt><trkpt lat="37.586830139160156" lon="127.02069091796875"><ele>26.799999237060547</ele><time>2026-09-27T02:29:06Z</time></trkpt><trkpt lat="37.586856842041016" lon="127.02068328857422"><ele>27.0</ele><time>2026-09-27T02:29:07Z</time></trkpt><trkpt lat="37.58686828613281" lon="127.02067565917969"><ele>27.0</ele><time>2026-09-27T02:29:08Z</time></trkpt><trkpt lat="37.58688735961914" lon="127.02066802978516"><ele>27.0</ele><time>2026-09-27T02:29:09Z</time></trkpt><trkpt lat="37.586910247802734" lon="127.02066040039062"><ele>27.0</ele><time>2026-09-27T02:29:10Z</time></trkpt><trkpt lat="37.5869255065918" lon="127.0206527709961"><ele>27.0</ele><time>2026-09-27T02:29:11Z</time></trkpt><trkpt lat="37.58694839477539" lon="127.0206527709961"><ele>27.0</ele><time>2026-09-27T02:29:12Z</time></trkpt><trkpt lat="37.58696365356445" lon="127.02064514160156"><ele>27.0</ele><time>2026-09-27T02:29:13Z</time></trkpt><trkpt lat="37.58698272705078" lon="127.02063751220703"><ele>26.799999237060547</ele><time>2026-09-27T02:29:14Z</time></trkpt><trkpt lat="37.586997985839844" lon="127.02063751220703"><ele>26.799999237060547</ele><time>2026-09-27T02:29:15Z</time></trkpt><trkpt lat="37.587013244628906" lon="127.02063751220703"><ele>26.799999237060547</ele><time>2026-09-27T02:29:16Z</time></trkpt><trkpt lat="37.587032318115234" lon="127.0206298828125"><ele>26.799999237060547</ele><time>2026-09-27T02:29:17Z</time></trkpt><trkpt lat="37.58705139160156" lon="127.0206298828125"><ele>26.799999237060547</ele><time>2026-09-27T02:29:18Z</time></trkpt><trkpt lat="37.58706283569336" lon="127.02062225341797"><ele>27.0</ele><time>2026-09-27T02:29:19Z</time></trkpt><trkpt lat="37.58707809448242" lon="127.02061462402344"><ele>27.0</ele><time>2026-09-27T02:29:20Z</time></trkpt><trkpt lat="37.58708953857422" lon="127.0206069946289"><ele>27.0</ele><time>2026-09-27T02:29:21Z</time></trkpt><trkpt lat="37.587120056152344" lon="127.02059173583984"><ele>27.0</ele><time>2026-09-27T02:29:22Z</time></trkpt><trkpt lat="37.587135314941406" lon="127.02057647705078"><ele>27.0</ele><time>2026-09-27T02:29:23Z</time></trkpt><trkpt lat="37.58715057373047" lon="127.02056884765625"><ele>27.200000762939453</ele><time>2026-09-27T02:29:24Z</time></trkpt><trkpt lat="37.58717346191406" lon="127.02055358886719"><ele>27.200000762939453</ele><time>2026-09-27T02:29:25Z</time></trkpt><trkpt lat="37.587188720703125" lon="127.02054595947266"><ele>27.200000762939453</ele><time>2026-09-27T02:29:26Z</time></trkpt><trkpt lat="37.58720779418945" lon="127.02053833007812"><ele>27.200000762939453</ele><time>2026-09-27T02:29:27Z</time></trkpt><trkpt lat="37.587215423583984" lon="127.0205307006836"><ele>27.200000762939453</ele><time>2026-09-27T02:29:28Z</time></trkpt><trkpt lat="37.58723068237305" lon="127.02052307128906"><ele>27.200000762939453</ele><time>2026-09-27T02:29:29Z</time></trkpt><trkpt lat="37.587249755859375" lon="127.02051544189453"><ele>27.200000762939453</ele><time>2026-09-27T02:29:30Z</time></trkpt><trkpt lat="37.58726501464844" lon="127.0205078125"><ele>27.200000762939453</ele><time>2026-09-27T02:29:31Z</time></trkpt><trkpt lat="37.58728790283203" lon="127.02050018310547"><ele>27.399999618530273</ele><time>2026-09-27T02:29:32Z</time></trkpt><trkpt lat="37.587303161621094" lon="127.0204849243164"><ele>27.399999618530273</ele><time>2026-09-27T02:29:33Z</time></trkpt><trkpt lat="37.587318420410156" lon="127.02047729492188"><ele>27.399999618530273</ele><time>2026-09-27T02:29:34Z</time></trkpt><trkpt lat="37.587337493896484" lon="127.02046203613281"><ele>27.399999618530273</ele><time>2026-09-27T02:29:35Z</time></trkpt><trkpt lat="37.58734893798828" lon="127.02044677734375"><ele>27.600000381469727</ele><time>2026-09-27T02:29:36Z</time></trkpt><trkpt lat="37.587371826171875" lon="127.02043151855469"><ele>27.600000381469727</ele><time>2026-09-27T02:29:37Z</time></trkpt><trkpt lat="37.58738708496094" lon="127.02042388916016"><ele>27.600000381469727</ele><time>2026-09-27T02:29:38Z</time></trkpt><trkpt lat="37.58740997314453" lon="127.02041625976562"><ele>27.600000381469727</ele><time>2026-09-27T02:29:39Z</time></trkpt><trkpt lat="37.58742904663086" lon="127.0204086303711"><ele>27.600000381469727</ele><time>2026-09-27T02:29:40Z</time></trkpt><trkpt lat="37.58744812011719" lon="127.02040100097656"><ele>27.600000381469727</ele><time>2026-09-27T02:29:41Z</time></trkpt><trkpt lat="37.58747100830078" lon="127.02039337158203"><ele>27.600000381469727</ele><time>2026-09-27T02:29:42Z</time></trkpt><trkpt lat="37.587486267089844" lon="127.02037811279297"><ele>27.600000381469727</ele><time>2026-09-27T02:29:43Z</time></trkpt><trkpt lat="37.58750915527344" lon="127.02037048339844"><ele>27.600000381469727</ele><time>2026-09-27T02:29:44Z</time></trkpt><trkpt lat="37.5875244140625" lon="127.02035522460938"><ele>27.799999237060547</ele><time>2026-09-27T02:29:45Z</time></trkpt><trkpt lat="37.58753967285156" lon="127.02033996582031"><ele>27.799999237060547</ele><time>2026-09-27T02:29:46Z</time></trkpt><trkpt lat="37.587562561035156" lon="127.02032470703125"><ele>27.799999237060547</ele><time>2026-09-27T02:29:47Z</time></trkpt><trkpt lat="37.58757400512695" lon="127.02030944824219"><ele>27.799999237060547</ele><time>2026-09-27T02:29:48Z</time></trkpt><trkpt lat="37.58759689331055" lon="127.02029418945312"><ele>27.799999237060547</ele><time>2026-09-27T02:29:49Z</time></trkpt><trkpt lat="37.587608337402344" lon="127.0202865600586"><ele>27.799999237060547</ele><time>2026-09-27T02:29:50Z</time></trkpt><trkpt lat="37.58762741088867" lon="127.02027130126953"><ele>27.799999237060547</ele><time>2026-09-27T02:29:51Z</time></trkpt><trkpt lat="37.587646484375" lon="127.02025604248047"><ele>27.799999237060547</ele><time>2026-09-27T02:29:52Z</time></trkpt><trkpt lat="37.58766555786133" lon="127.0202407836914"><ele>27.799999237060547</ele><time>2026-09-27T02:29:53Z</time></trkpt><trkpt lat="37.58768844604492" lon="127.02022552490234"><ele>28.0</ele><time>2026-09-27T02:29:54Z</time></trkpt><trkpt lat="37.58769989013672" lon="127.02021026611328"><ele>28.0</ele><time>2026-09-27T02:29:55Z</time></trkpt><trkpt lat="37.58771514892578" lon="127.02019500732422"><ele>28.0</ele><time>2026-09-27T02:29:56Z</time></trkpt><trkpt lat="37.587730407714844" lon="127.02017974853516"><ele>28.0</ele><time>2026-09-27T02:29:57Z</time></trkpt><trkpt lat="37.587745666503906" lon="127.0201644897461"><ele>28.0</ele><time>2026-09-27T02:29:58Z</time></trkpt><trkpt lat="37.587764739990234" lon="127.02014923095703"><ele>28.0</ele><time>2026-09-27T02:29:59Z</time></trkpt><trkpt lat="37.58777618408203" lon="127.02013397216797"><ele>28.0</ele><time>2026-09-27T02:30:00Z</time></trkpt><trkpt lat="37.58779525756836" lon="127.02011108398438"><ele>28.0</ele><time>2026-09-27T02:30:01Z</time></trkpt><trkpt lat="37.58781051635742" lon="127.02009582519531"><ele>28.0</ele><time>2026-09-27T02:30:02Z</time></trkpt><trkpt lat="37.587825775146484" lon="127.02008056640625"><ele>28.0</ele><time>2026-09-27T02:30:03Z</time></trkpt><trkpt lat="37.58784103393555" lon="127.02006530761719"><ele>28.0</ele><time>2026-09-27T02:30:04Z</time></trkpt><trkpt lat="37.587852478027344" lon="127.02005004882812"><ele>28.0</ele><time>2026-09-27T02:30:05Z</time></trkpt><trkpt lat="37.58787155151367" lon="127.02002716064453"><ele>28.0</ele><time>2026-09-27T02:30:06Z</time></trkpt><trkpt lat="37.5878791809082" lon="127.02000427246094"><ele>28.200000762939453</ele><time>2026-09-27T02:30:07Z</time></trkpt><trkpt lat="37.58789825439453" lon="127.01997375488281"><ele>28.200000762939453</ele><time>2026-09-27T02:30:08Z</time></trkpt><trkpt lat="37.58790969848633" lon="127.01996612548828"><ele>28.200000762939453</ele><time>2026-09-27T02:30:09Z</time></trkpt><trkpt lat="37.587928771972656" lon="127.01994323730469"><ele>28.200000762939453</ele><time>2026-09-27T02:30:10Z</time></trkpt><trkpt lat="37.58794021606445" lon="127.01992797851562"><ele>28.200000762939453</ele><time>2026-09-27T02:30:11Z</time></trkpt><trkpt lat="37.587947845458984" lon="127.01990509033203"><ele>28.200000762939453</ele><time>2026-09-27T02:30:12Z</time></trkpt><trkpt lat="37.58796691894531" lon="127.01988220214844"><ele>28.200000762939453</ele><time>2026-09-27T02:30:13Z</time></trkpt><trkpt lat="37.58797836303711" lon="127.01986694335938"><ele>28.200000762939453</ele><time>2026-09-27T02:30:14Z</time></trkpt><trkpt lat="37.58799743652344" lon="127.01984405517578"><ele>28.200000762939453</ele><time>2026-09-27T02:30:15Z</time></trkpt><trkpt lat="37.588008880615234" lon="127.01982116699219"><ele>28.200000762939453</ele><time>2026-09-27T02:30:16Z</time></trkpt><trkpt lat="37.58802795410156" lon="127.0197982788086"><ele>28.200000762939453</ele><time>2026-09-27T02:30:17Z</time></trkpt><trkpt lat="37.58803176879883" lon="127.01978302001953"><ele>28.0</ele><time>2026-09-27T02:30:18Z</time></trkpt><trkpt lat="37.588050842285156" lon="127.0197525024414"><ele>28.0</ele><time>2026-09-27T02:30:19Z</time></trkpt><trkpt lat="37.58806228637695" lon="127.01973724365234"><ele>28.0</ele><time>2026-09-27T02:30:20Z</time></trkpt><trkpt lat="37.588077545166016" lon="127.01972198486328"><ele>28.0</ele><time>2026-09-27T02:30:21Z</time></trkpt><trkpt lat="37.58809280395508" lon="127.01969909667969"><ele>28.200000762939453</ele><time>2026-09-27T02:30:22Z</time></trkpt><trkpt lat="37.58810806274414" lon="127.01968383789062"><ele>28.200000762939453</ele><time>2026-09-27T02:30:23Z</time></trkpt><trkpt lat="37.58812713623047" lon="127.01966094970703"><ele>28.200000762939453</ele><time>2026-09-27T02:30:24Z</time></trkpt><trkpt lat="37.588138580322266" lon="127.0196533203125"><ele>28.200000762939453</ele><time>2026-09-27T02:30:25Z</time></trkpt><trkpt lat="37.588165283203125" lon="127.0196304321289"><ele>28.200000762939453</ele><time>2026-09-27T02:30:26Z</time></trkpt><trkpt lat="37.588172912597656" lon="127.01961517333984"><ele>28.200000762939453</ele><time>2026-09-27T02:30:27Z</time></trkpt><trkpt lat="37.588191986083984" lon="127.01959228515625"><ele>28.200000762939453</ele><time>2026-09-27T02:30:28Z</time></trkpt><trkpt lat="37.58820343017578" lon="127.01957702636719"><ele>28.200000762939453</ele><time>2026-09-27T02:30:29Z</time></trkpt><trkpt lat="37.588218688964844" lon="127.01956176757812"><ele>28.200000762939453</ele><time>2026-09-27T02:30:30Z</time></trkpt><trkpt lat="37.58823776245117" lon="127.01954650878906"><ele>28.399999618530273</ele><time>2026-09-27T02:30:31Z</time></trkpt><trkpt lat="37.58824920654297" lon="127.01953125"><ele>28.399999618530273</ele><time>2026-09-27T02:30:32Z</time></trkpt><trkpt lat="37.58827209472656" lon="127.0195083618164"><ele>28.399999618530273</ele><time>2026-09-27T02:30:33Z</time></trkpt><trkpt lat="37.58828353881836" lon="127.01948547363281"><ele>28.399999618530273</ele><time>2026-09-27T02:30:34Z</time></trkpt><trkpt lat="37.58830261230469" lon="127.01946258544922"><ele>28.399999618530273</ele><time>2026-09-27T02:30:35Z</time></trkpt><trkpt lat="37.58831024169922" lon="127.01944732666016"><ele>28.399999618530273</ele><time>2026-09-27T02:30:36Z</time></trkpt><trkpt lat="37.58832931518555" lon="127.01941680908203"><ele>28.600000381469727</ele><time>2026-09-27T02:30:37Z</time></trkpt><trkpt lat="37.58834457397461" lon="127.0194091796875"><ele>28.399999618530273</ele><time>2026-09-27T02:30:38Z</time></trkpt><trkpt lat="37.58836364746094" lon="127.0193862915039"><ele>28.399999618530273</ele><time>2026-09-27T02:30:39Z</time></trkpt><trkpt lat="37.588375091552734" lon="127.01937103271484"><ele>28.399999618530273</ele><time>2026-09-27T02:30:40Z</time></trkpt><trkpt lat="37.5883903503418" lon="127.01935577392578"><ele>28.399999618530273</ele><time>2026-09-27T02:30:41Z</time></trkpt><trkpt lat="37.588409423828125" lon="127.01933288574219"><ele>28.399999618530273</ele><time>2026-09-27T02:30:42Z</time></trkpt><trkpt lat="37.58842086791992" lon="127.0193099975586"><ele>28.399999618530273</ele><time>2026-09-27T02:30:43Z</time></trkpt><trkpt lat="37.58843994140625" lon="127.019287109375"><ele>28.399999618530273</ele><time>2026-09-27T02:30:44Z</time></trkpt><trkpt lat="37.58845520019531" lon="127.01927185058594"><ele>28.399999618530273</ele><time>2026-09-27T02:30:45Z</time></trkpt><trkpt lat="37.588478088378906" lon="127.01924896240234"><ele>28.399999618530273</ele><time>2026-09-27T02:30:46Z</time></trkpt><trkpt lat="37.5884895324707" lon="127.01922607421875"><ele>28.399999618530273</ele><time>2026-09-27T02:30:47Z</time></trkpt><trkpt lat="37.588504791259766" lon="127.01920318603516"><ele>28.399999618530273</ele><time>2026-09-27T02:30:48Z</time></trkpt><trkpt lat="37.588523864746094" lon="127.01918029785156"><ele>28.600000381469727</ele><time>2026-09-27T02:30:49Z</time></trkpt><trkpt lat="37.588531494140625" lon="127.0191650390625"><ele>28.600000381469727</ele><time>2026-09-27T02:30:50Z</time></trkpt><trkpt lat="37.58855056762695" lon="127.0191421508789"><ele>28.600000381469727</ele><time>2026-09-27T02:30:51Z</time></trkpt><trkpt lat="37.58856201171875" lon="127.01912689208984"><ele>28.600000381469727</ele><time>2026-09-27T02:30:52Z</time></trkpt><trkpt lat="37.58858108520508" lon="127.01909637451172"><ele>28.799999237060547</ele><time>2026-09-27T02:30:53Z</time></trkpt><trkpt lat="37.58858871459961" lon="127.01908111572266"><ele>28.799999237060547</ele><time>2026-09-27T02:30:54Z</time></trkpt><trkpt lat="37.58860397338867" lon="127.0190658569336"><ele>29.0</ele><time>2026-09-27T02:30:55Z</time></trkpt><trkpt lat="37.588623046875" lon="127.01904296875"><ele>29.0</ele><time>2026-09-27T02:30:56Z</time></trkpt><trkpt lat="37.5886344909668" lon="127.01902770996094"><ele>29.200000762939453</ele><time>2026-09-27T02:30:57Z</time></trkpt><trkpt lat="37.588653564453125" lon="127.01900482177734"><ele>29.200000762939453</ele><time>2026-09-27T02:30:58Z</time></trkpt><trkpt lat="37.588661193847656" lon="127.01898193359375"><ele>29.399999618530273</ele><time>2026-09-27T02:30:59Z</time></trkpt><trkpt lat="37.58868408203125" lon="127.01896667480469"><ele>29.399999618530273</ele><time>2026-09-27T02:31:00Z</time></trkpt><trkpt lat="37.58869552612305" lon="127.01895141601562"><ele>29.399999618530273</ele><time>2026-09-27T02:31:01Z</time></trkpt><trkpt lat="37.588714599609375" lon="127.0189437866211"><ele>29.399999618530273</ele><time>2026-09-27T02:31:02Z</time></trkpt><trkpt lat="37.58872985839844" lon="127.01892852783203"><ele>29.200000762939453</ele><time>2026-09-27T02:31:03Z</time></trkpt><trkpt lat="37.5887451171875" lon="127.01890563964844"><ele>29.200000762939453</ele><time>2026-09-27T02:31:04Z</time></trkpt><trkpt lat="37.58876037597656" lon="127.01889038085938"><ele>29.0</ele><time>2026-09-27T02:31:05Z</time></trkpt><trkpt lat="37.588775634765625" lon="127.01886749267578"><ele>28.799999237060547</ele><time>2026-09-27T02:31:06Z</time></trkpt><trkpt lat="37.58879089355469" lon="127.01885223388672"><ele>28.799999237060547</ele><time>2026-09-27T02:31:07Z</time></trkpt><trkpt lat="37.588802337646484" lon="127.01883697509766"><ele>28.600000381469727</ele><time>2026-09-27T02:31:08Z</time></trkpt><trkpt lat="37.588809967041016" lon="127.0188217163086"><ele>28.799999237060547</ele><time>2026-09-27T02:31:09Z</time></trkpt><trkpt lat="37.58882141113281" lon="127.01881408691406"><ele>28.799999237060547</ele><time>2026-09-27T02:31:10Z</time></trkpt><trkpt lat="37.58885192871094" lon="127.01879119873047"><ele>28.799999237060547</ele><time>2026-09-27T02:31:11Z</time></trkpt><trkpt lat="37.5888671875" lon="127.0187759399414"><ele>28.799999237060547</ele><time>2026-09-27T02:31:12Z</time></trkpt><trkpt lat="37.588890075683594" lon="127.01875305175781"><ele>29.0</ele><time>2026-09-27T02:31:13Z</time></trkpt><trkpt lat="37.58890914916992" lon="127.01873016357422"><ele>29.0</ele><time>2026-09-27T02:31:14Z</time></trkpt><trkpt lat="37.588924407958984" lon="127.01871490478516"><ele>29.0</ele><time>2026-09-27T02:31:15Z</time></trkpt><trkpt lat="37.58893966674805" lon="127.01869201660156"><ele>29.0</ele><time>2026-09-27T02:31:16Z</time></trkpt><trkpt lat="37.588951110839844" lon="127.01866912841797"><ele>29.200000762939453</ele><time>2026-09-27T02:31:17Z</time></trkpt><trkpt lat="37.588966369628906" lon="127.0186538696289"><ele>29.200000762939453</ele><time>2026-09-27T02:31:18Z</time></trkpt><trkpt lat="37.5889778137207" lon="127.01863098144531"><ele>29.200000762939453</ele><time>2026-09-27T02:31:19Z</time></trkpt><trkpt lat="37.5890007019043" lon="127.01861572265625"><ele>29.200000762939453</ele><time>2026-09-27T02:31:20Z</time></trkpt><trkpt lat="37.589012145996094" lon="127.01859283447266"><ele>29.399999618530273</ele><time>2026-09-27T02:31:21Z</time></trkpt><trkpt lat="37.58903121948242" lon="127.01856994628906"><ele>29.399999618530273</ele><time>2026-09-27T02:31:22Z</time></trkpt><trkpt lat="37.58904266357422" lon="127.0185546875"><ele>29.399999618530273</ele><time>2026-09-27T02:31:23Z</time></trkpt><trkpt lat="37.58906173706055" lon="127.01852416992188"><ele>29.399999618530273</ele><time>2026-09-27T02:31:24Z</time></trkpt><trkpt lat="37.58906936645508" lon="127.01850891113281"><ele>29.399999618530273</ele><time>2026-09-27T02:31:25Z</time></trkpt><trkpt lat="37.589088439941406" lon="127.01848602294922"><ele>29.399999618530273</ele><time>2026-09-27T02:31:26Z</time></trkpt><trkpt lat="37.5890998840332" lon="127.01847076416016"><ele>29.399999618530273</ele><time>2026-09-27T02:31:27Z</time></trkpt><trkpt lat="37.589115142822266" lon="127.01844787597656"><ele>29.600000381469727</ele><time>2026-09-27T02:31:28Z</time></trkpt><trkpt lat="37.58912658691406" lon="127.01842498779297"><ele>29.600000381469727</ele><time>2026-09-27T02:31:29Z</time></trkpt><trkpt lat="37.58913803100586" lon="127.0184097290039"><ele>29.600000381469727</ele><time>2026-09-27T02:31:30Z</time></trkpt><trkpt lat="37.58915710449219" lon="127.01837921142578"><ele>29.600000381469727</ele><time>2026-09-27T02:31:31Z</time></trkpt><trkpt lat="37.58917236328125" lon="127.01836395263672"><ele>29.600000381469727</ele><time>2026-09-27T02:31:32Z</time></trkpt><trkpt lat="37.589195251464844" lon="127.01834106445312"><ele>29.600000381469727</ele><time>2026-09-27T02:31:33Z</time></trkpt><trkpt lat="37.589202880859375" lon="127.01831817626953"><ele>29.600000381469727</ele><time>2026-09-27T02:31:34Z</time></trkpt><trkpt lat="37.58922576904297" lon="127.01829528808594"><ele>29.600000381469727</ele><time>2026-09-27T02:31:35Z</time></trkpt><trkpt lat="37.5892333984375" lon="127.01827239990234"><ele>29.600000381469727</ele><time>2026-09-27T02:31:36Z</time></trkpt><trkpt lat="37.58925247192383" lon="127.01825714111328"><ele>29.600000381469727</ele><time>2026-09-27T02:31:37Z</time></trkpt><trkpt lat="37.589263916015625" lon="127.01824188232422"><ele>29.600000381469727</ele><time>2026-09-27T02:31:38Z</time></trkpt><trkpt lat="37.58927917480469" lon="127.01821899414062"><ele>29.600000381469727</ele><time>2026-09-27T02:31:39Z</time></trkpt><trkpt lat="37.58929443359375" lon="127.01820373535156"><ele>29.600000381469727</ele><time>2026-09-27T02:31:40Z</time></trkpt><trkpt lat="37.58931350708008" lon="127.01818084716797"><ele>29.600000381469727</ele><time>2026-09-27T02:31:41Z</time></trkpt><trkpt lat="37.58932876586914" lon="127.0181655883789"><ele>29.799999237060547</ele><time>2026-09-27T02:31:42Z</time></trkpt><trkpt lat="37.58934020996094" lon="127.01815032958984"><ele>29.600000381469727</ele><time>2026-09-27T02:31:43Z</time></trkpt><trkpt lat="37.58935546875" lon="127.01812744140625"><ele>29.600000381469727</ele><time>2026-09-27T02:31:44Z</time></trkpt><trkpt lat="37.5893669128418" lon="127.01810455322266"><ele>29.799999237060547</ele><time>2026-09-27T02:31:45Z</time></trkpt><trkpt lat="37.589385986328125" lon="127.01808166503906"><ele>29.799999237060547</ele><time>2026-09-27T02:31:46Z</time></trkpt><trkpt lat="37.589393615722656" lon="127.01806640625"><ele>29.799999237060547</ele><time>2026-09-27T02:31:47Z</time></trkpt><trkpt lat="37.589412689208984" lon="127.0180435180664"><ele>29.799999237060547</ele><time>2026-09-27T02:31:48Z</time></trkpt><trkpt lat="37.589420318603516" lon="127.01802062988281"><ele>29.799999237060547</ele><time>2026-09-27T02:31:49Z</time></trkpt><trkpt lat="37.589439392089844" lon="127.01800537109375"><ele>29.799999237060547</ele><time>2026-09-27T02:31:50Z</time></trkpt><trkpt lat="37.589454650878906" lon="127.01799011230469"><ele>29.799999237060547</ele><time>2026-09-27T02:31:51Z</time></trkpt><trkpt lat="37.5894660949707" lon="127.0179672241211"><ele>29.799999237060547</ele><time>2026-09-27T02:31:52Z</time></trkpt><trkpt lat="37.58948516845703" lon="127.01795196533203"><ele>29.799999237060547</ele><time>2026-09-27T02:31:53Z</time></trkpt><trkpt lat="37.58949661254883" lon="127.01792907714844"><ele>29.799999237060547</ele><time>2026-09-27T02:31:54Z</time></trkpt><trkpt lat="37.589515686035156" lon="127.01790618896484"><ele>29.799999237060547</ele><time>2026-09-27T02:31:55Z</time></trkpt><trkpt lat="37.58952713012695" lon="127.01789093017578"><ele>29.799999237060547</ele><time>2026-09-27T02:31:56Z</time></trkpt><trkpt lat="37.58954620361328" lon="127.01786804199219"><ele>29.799999237060547</ele><time>2026-09-27T02:31:57Z</time></trkpt><trkpt lat="37.58955383300781" lon="127.01785278320312"><ele>30.0</ele><time>2026-09-27T02:31:58Z</time></trkpt><trkpt lat="37.589576721191406" lon="127.01782989501953"><ele>29.799999237060547</ele><time>2026-09-27T02:31:59Z</time></trkpt><trkpt lat="37.5895881652832" lon="127.01781463623047"><ele>29.799999237060547</ele><time>2026-09-27T02:32:00Z</time></trkpt><trkpt lat="37.5896110534668" lon="127.01779174804688"><ele>29.799999237060547</ele><time>2026-09-27T02:32:01Z</time></trkpt><trkpt lat="37.58961868286133" lon="127.01777648925781"><ele>29.799999237060547</ele><time>2026-09-27T02:32:02Z</time></trkpt><trkpt lat="37.58963394165039" lon="127.01775360107422"><ele>29.799999237060547</ele><time>2026-09-27T02:32:03Z</time></trkpt><trkpt lat="37.58964538574219" lon="127.01773071289062"><ele>30.0</ele><time>2026-09-27T02:32:04Z</time></trkpt><trkpt lat="37.58966064453125" lon="127.01770782470703"><ele>30.0</ele><time>2026-09-27T02:32:05Z</time></trkpt><trkpt lat="37.58967208862305" lon="127.01769256591797"><ele>30.0</ele><time>2026-09-27T02:32:06Z</time></trkpt><trkpt lat="37.58968734741211" lon="127.01766967773438"><ele>30.0</ele><time>2026-09-27T02:32:07Z</time></trkpt><trkpt lat="37.58970260620117" lon="127.01765441894531"><ele>30.0</ele><time>2026-09-27T02:32:08Z</time></trkpt><trkpt lat="37.58971405029297" lon="127.01763916015625"><ele>30.0</ele><time>2026-09-27T02:32:09Z</time></trkpt><trkpt lat="37.589725494384766" lon="127.01763153076172"><ele>30.0</ele><time>2026-09-27T02:32:10Z</time></trkpt><trkpt lat="37.5897331237793" lon="127.01761627197266"><ele>30.0</ele><time>2026-09-27T02:32:11Z</time></trkpt><trkpt lat="37.58974075317383" lon="127.01760864257812"><ele>30.0</ele><time>2026-09-27T02:32:12Z</time></trkpt><trkpt lat="37.589752197265625" lon="127.01759338378906"><ele>30.0</ele><time>2026-09-27T02:32:13Z</time></trkpt><trkpt lat="37.589759826660156" lon="127.017578125"><ele>30.0</ele><time>2026-09-27T02:32:14Z</time></trkpt><trkpt lat="37.58976745605469" lon="127.0175552368164"><ele>30.0</ele><time>2026-09-27T02:32:15Z</time></trkpt><trkpt lat="37.58978271484375" lon="127.01753234863281"><ele>30.0</ele><time>2026-09-27T02:32:16Z</time></trkpt><trkpt lat="37.58979415893555" lon="127.01751708984375"><ele>30.0</ele><time>2026-09-27T02:32:17Z</time></trkpt><trkpt lat="37.589805603027344" lon="127.01749420166016"><ele>30.0</ele><time>2026-09-27T02:32:18Z</time></trkpt><trkpt lat="37.58981704711914" lon="127.0174789428711"><ele>30.0</ele><time>2026-09-27T02:32:19Z</time></trkpt><trkpt lat="37.58982849121094" lon="127.0174560546875"><ele>30.0</ele><time>2026-09-27T02:32:20Z</time></trkpt><trkpt lat="37.589839935302734" lon="127.01742553710938"><ele>30.200000762939453</ele><time>2026-09-27T02:32:21Z</time></trkpt><trkpt lat="37.5898551940918" lon="127.01740264892578"><ele>30.200000762939453</ele><time>2026-09-27T02:32:22Z</time></trkpt><trkpt lat="37.58989715576172" lon="127.01737976074219"><ele>30.399999618530273</ele><time>2026-09-27T02:32:23Z</time></trkpt><trkpt lat="37.58992004394531" lon="127.01736450195312"><ele>30.399999618530273</ele><time>2026-09-27T02:32:24Z</time></trkpt><trkpt lat="37.58993911743164" lon="127.01734161376953"><ele>30.600000381469727</ele><time>2026-09-27T02:32:25Z</time></trkpt><trkpt lat="37.5899543762207" lon="127.01731872558594"><ele>30.799999237060547</ele><time>2026-09-27T02:32:26Z</time></trkpt><trkpt lat="37.589969635009766" lon="127.01729583740234"><ele>30.799999237060547</ele><time>2026-09-27T02:32:27Z</time></trkpt><trkpt lat="37.58998489379883" lon="127.01728057861328"><ele>30.799999237060547</ele><time>2026-09-27T02:32:28Z</time></trkpt><trkpt lat="37.589996337890625" lon="127.01726531982422"><ele>30.799999237060547</ele><time>2026-09-27T02:32:29Z</time></trkpt><trkpt lat="37.59001541137695" lon="127.01724243164062"><ele>30.799999237060547</ele><time>2026-09-27T02:32:30Z</time></trkpt><trkpt lat="37.59002685546875" lon="127.01722717285156"><ele>30.799999237060547</ele><time>2026-09-27T02:32:31Z</time></trkpt><trkpt lat="37.59004592895508" lon="127.0172119140625"><ele>30.799999237060547</ele><time>2026-09-27T02:32:32Z</time></trkpt><trkpt lat="37.59005355834961" lon="127.01719665527344"><ele>30.799999237060547</ele><time>2026-09-27T02:32:33Z</time></trkpt><trkpt lat="37.59007263183594" lon="127.01717376708984"><ele>30.799999237060547</ele><time>2026-09-27T02:32:34Z</time></trkpt><trkpt lat="37.590084075927734" lon="127.01716613769531"><ele>30.799999237060547</ele><time>2026-09-27T02:32:35Z</time></trkpt><trkpt lat="37.5900993347168" lon="127.01715087890625"><ele>30.799999237060547</ele><time>2026-09-27T02:32:36Z</time></trkpt><trkpt lat="37.59011459350586" lon="127.01713562011719"><ele>30.799999237060547</ele><time>2026-09-27T02:32:37Z</time></trkpt><trkpt lat="37.59012985229492" lon="127.01712036132812"><ele>30.799999237060547</ele><time>2026-09-27T02:32:38Z</time></trkpt><trkpt lat="37.590145111083984" lon="127.01710510253906"><ele>30.799999237060547</ele><time>2026-09-27T02:32:39Z</time></trkpt><trkpt lat="37.59015655517578" lon="127.01708984375"><ele>30.799999237060547</ele><time>2026-09-27T02:32:40Z</time></trkpt><trkpt lat="37.590179443359375" lon="127.01708221435547"><ele>30.799999237060547</ele><time>2026-09-27T02:32:41Z</time></trkpt><trkpt lat="37.59019088745117" lon="127.01705932617188"><ele>31.0</ele><time>2026-09-27T02:32:42Z</time></trkpt><trkpt lat="37.59020233154297" lon="127.01704406738281"><ele>31.0</ele><time>2026-09-27T02:32:43Z</time></trkpt><trkpt lat="37.59020233154297" lon="127.01703643798828"><ele>31.0</ele><time>2026-09-27T02:32:44Z</time></trkpt><trkpt lat="37.59020233154297" lon="127.01702880859375"><ele>31.0</ele><time>2026-09-27T02:32:45Z</time></trkpt><trkpt lat="37.59020233154297" lon="127.01702117919922"><ele>30.799999237060547</ele><time>2026-09-27T02:32:46Z</time></trkpt><trkpt lat="37.59020233154297" lon="127.01701354980469"><ele>30.799999237060547</ele><time>2026-09-27T02:32:47Z</time></trkpt><trkpt lat="37.59020233154297" lon="127.01701354980469"><ele>30.600000381469727</ele><time>2026-09-27T02:32:48Z</time></trkpt><trkpt lat="37.59020233154297" lon="127.01701354980469"><ele>30.600000381469727</ele><time>2026-09-27T02:32:49Z</time></trkpt><trkpt lat="37.590206146240234" lon="127.01701354980469"><ele>30.600000381469727</ele><time>2026-09-27T02:32:50Z</time></trkpt><trkpt lat="37.59020233154297" lon="127.01701354980469"><ele>30.600000381469727</ele><time>2026-09-27T02:32:51Z</time></trkpt><trkpt lat="37.59020233154297" lon="127.01701354980469"><ele>30.600000381469727</ele><time>2026-09-27T02:32:52Z</time></trkpt><trkpt lat="37.59020233154297" lon="127.01701354980469"><ele>30.799999237060547</ele><time>2026-09-27T02:32:53Z</time></trkpt><trkpt lat="37.59019088745117" lon="127.01701354980469"><ele>30.799999237060547</ele><time>2026-09-27T02:32:54Z</time></trkpt><trkpt lat="37.590171813964844" lon="127.01702117919922"><ele>30.799999237060547</ele><time>2026-09-27T02:32:55Z</time></trkpt><trkpt lat="37.59016418457031" lon="127.01702880859375"><ele>30.799999237060547</ele><time>2026-09-27T02:32:56Z</time></trkpt><trkpt lat="37.590145111083984" lon="127.01705169677734"><ele>30.799999237060547</ele><time>2026-09-27T02:32:57Z</time></trkpt><trkpt lat="37.59013748168945" lon="127.0170669555664"><ele>31.0</ele><time>2026-09-27T02:32:58Z</time></trkpt><trkpt lat="37.590118408203125" lon="127.01708984375"><ele>30.799999237060547</ele><time>2026-09-27T02:32:59Z</time></trkpt><trkpt lat="37.59010314941406" lon="127.0171127319336"><ele>30.799999237060547</ele><time>2026-09-27T02:33:00Z</time></trkpt><trkpt lat="37.590091705322266" lon="127.01712799072266"><ele>30.799999237060547</ele><time>2026-09-27T02:33:01Z</time></trkpt><trkpt lat="37.590084075927734" lon="127.01715087890625"><ele>30.799999237060547</ele><time>2026-09-27T02:33:02Z</time></trkpt><trkpt lat="37.59006881713867" lon="127.01717376708984"><ele>30.799999237060547</ele><time>2026-09-27T02:33:03Z</time></trkpt><trkpt lat="37.590065002441406" lon="127.01719665527344"><ele>30.799999237060547</ele><time>2026-09-27T02:33:04Z</time></trkpt><trkpt lat="37.59005355834961" lon="127.01722717285156"><ele>30.600000381469727</ele><time>2026-09-27T02:33:05Z</time></trkpt><trkpt lat="37.590049743652344" lon="127.01725006103516"><ele>30.600000381469727</ele><time>2026-09-27T02:33:06Z</time></trkpt><trkpt lat="37.59003448486328" lon="127.01727294921875"><ele>30.600000381469727</ele><time>2026-09-27T02:33:07Z</time></trkpt><trkpt lat="37.59001922607422" lon="127.01729583740234"><ele>30.600000381469727</ele><time>2026-09-27T02:33:08Z</time></trkpt><trkpt lat="37.59000778198242" lon="127.01731872558594"><ele>30.600000381469727</ele><time>2026-09-27T02:33:09Z</time></trkpt><trkpt lat="37.58999252319336" lon="127.017333984375"><ele>30.799999237060547</ele><time>2026-09-27T02:33:10Z</time></trkpt><trkpt lat="37.58998489379883" lon="127.0173568725586"><ele>30.799999237060547</ele><time>2026-09-27T02:33:11Z</time></trkpt><trkpt lat="37.589969635009766" lon="127.01737976074219"><ele>30.799999237060547</ele><time>2026-09-27T02:33:12Z</time></trkpt><trkpt lat="37.5899658203125" lon="127.01739501953125"><ele>30.799999237060547</ele><time>2026-09-27T02:33:13Z</time></trkpt><trkpt lat="37.58994674682617" lon="127.01741790771484"><ele>30.799999237060547</ele><time>2026-09-27T02:33:14Z</time></trkpt><trkpt lat="37.589935302734375" lon="127.01742553710938"><ele>30.799999237060547</ele><time>2026-09-27T02:33:15Z</time></trkpt><trkpt lat="37.58992385864258" lon="127.01744079589844"><ele>30.799999237060547</ele><time>2026-09-27T02:33:16Z</time></trkpt><trkpt lat="37.58992004394531" lon="127.01744079589844"><ele>30.799999237060547</ele><time>2026-09-27T02:33:17Z</time></trkpt><trkpt lat="37.58993148803711" lon="127.01744079589844"><ele>30.600000381469727</ele><time>2026-09-27T02:33:18Z</time></trkpt><trkpt lat="37.58995056152344" lon="127.01742553710938"><ele>30.600000381469727</ele><time>2026-09-27T02:33:19Z</time></trkpt><trkpt lat="37.58995819091797" lon="127.01741790771484"><ele>30.600000381469727</ele><time>2026-09-27T02:33:20Z</time></trkpt><trkpt lat="37.5899658203125" lon="127.01740264892578"><ele>30.799999237060547</ele><time>2026-09-27T02:33:21Z</time></trkpt><trkpt lat="37.5899772644043" lon="127.01738739013672"><ele>30.799999237060547</ele><time>2026-09-27T02:33:22Z</time></trkpt><trkpt lat="37.58998489379883" lon="127.01737976074219"><ele>31.0</ele><time>2026-09-27T02:33:23Z</time></trkpt><trkpt lat="37.59000015258789" lon="127.0173568725586"><ele>31.200000762939453</ele><time>2026-09-27T02:33:24Z</time></trkpt><trkpt lat="37.59001159667969" lon="127.017333984375"><ele>31.399999618530273</ele><time>2026-09-27T02:33:25Z</time></trkpt><trkpt lat="37.59001922607422" lon="127.0173110961914"><ele>31.600000381469727</ele><time>2026-09-27T02:33:26Z</time></trkpt><trkpt lat="37.59003448486328" lon="127.01729583740234"><ele>31.799999237060547</ele><time>2026-09-27T02:33:27Z</time></trkpt><trkpt lat="37.59004211425781" lon="127.01728057861328"><ele>32.0</ele><time>2026-09-27T02:33:28Z</time></trkpt><trkpt lat="37.59005355834961" lon="127.01725769042969"><ele>32.20000076293945</ele><time>2026-09-27T02:33:29Z</time></trkpt><trkpt lat="37.59007263183594" lon="127.0172348022461"><ele>32.400001525878906</ele><time>2026-09-27T02:33:30Z</time></trkpt><trkpt lat="37.59008026123047" lon="127.01722717285156"><ele>32.599998474121094</ele><time>2026-09-27T02:33:31Z</time></trkpt><trkpt lat="37.5900993347168" lon="127.0172119140625"><ele>32.79999923706055</ele><time>2026-09-27T02:33:32Z</time></trkpt><trkpt lat="37.59011459350586" lon="127.01719665527344"><ele>33.0</ele><time>2026-09-27T02:33:33Z</time></trkpt><trkpt lat="37.59012985229492" lon="127.0171890258789"><ele>33.20000076293945</ele><time>2026-09-27T02:33:34Z</time></trkpt><trkpt lat="37.59014129638672" lon="127.01717376708984"><ele>33.400001525878906</ele><time>2026-09-27T02:33:35Z</time></trkpt><trkpt lat="37.590152740478516" lon="127.01715850830078"><ele>33.400001525878906</ele><time>2026-09-27T02:33:36Z</time></trkpt><trkpt lat="37.59016799926758" lon="127.01714324951172"><ele>33.599998474121094</ele><time>2026-09-27T02:33:37Z</time></trkpt><trkpt lat="37.590179443359375" lon="127.01712036132812"><ele>33.599998474121094</ele><time>2026-09-27T02:33:38Z</time></trkpt><trkpt lat="37.59019088745117" lon="127.01710510253906"><ele>33.599998474121094</ele><time>2026-09-27T02:33:39Z</time></trkpt><trkpt lat="37.5902099609375" lon="127.01708221435547"><ele>33.599998474121094</ele><time>2026-09-27T02:33:40Z</time></trkpt><trkpt lat="37.59021759033203" lon="127.0170669555664"><ele>33.599998474121094</ele><time>2026-09-27T02:33:41Z</time></trkpt><trkpt lat="37.590232849121094" lon="127.01704406738281"><ele>33.79999923706055</ele><time>2026-09-27T02:33:42Z</time></trkpt><trkpt lat="37.59024429321289" lon="127.01702880859375"><ele>33.79999923706055</ele><time>2026-09-27T02:33:43Z</time></trkpt><trkpt lat="37.59025955200195" lon="127.01701354980469"><ele>33.79999923706055</ele><time>2026-09-27T02:33:44Z</time></trkpt><trkpt lat="37.590274810791016" lon="127.0169906616211"><ele>33.79999923706055</ele><time>2026-09-27T02:33:45Z</time></trkpt><trkpt lat="37.59028244018555" lon="127.01697540283203"><ele>33.79999923706055</ele><time>2026-09-27T02:33:46Z</time></trkpt><trkpt lat="37.59029769897461" lon="127.01696014404297"><ele>33.79999923706055</ele><time>2026-09-27T02:33:47Z</time></trkpt><trkpt lat="37.590309143066406" lon="127.01695251464844"><ele>33.79999923706055</ele><time>2026-09-27T02:33:48Z</time></trkpt><trkpt lat="37.59031677246094" lon="127.01693725585938"><ele>33.79999923706055</ele><time>2026-09-27T02:33:49Z</time></trkpt><trkpt lat="37.590328216552734" lon="127.01691436767578"><ele>33.79999923706055</ele><time>2026-09-27T02:33:50Z</time></trkpt><trkpt lat="37.59033966064453" lon="127.01690673828125"><ele>33.79999923706055</ele><time>2026-09-27T02:33:51Z</time></trkpt><trkpt lat="37.59035110473633" lon="127.01689910888672"><ele>33.79999923706055</ele><time>2026-09-27T02:33:52Z</time></trkpt><trkpt lat="37.590354919433594" lon="127.01689910888672"><ele>33.79999923706055</ele><time>2026-09-27T02:33:53Z</time></trkpt><trkpt lat="37.590354919433594" lon="127.01690673828125"><ele>33.79999923706055</ele><time>2026-09-27T02:33:54Z</time></trkpt><trkpt lat="37.59036636352539" lon="127.01692199707031"><ele>33.400001525878906</ele><time>2026-09-27T02:35:34Z</time></trkpt><trkpt lat="37.59037780761719" lon="127.01692199707031"><ele>33.400001525878906</ele><time>2026-09-27T02:35:35Z</time></trkpt><trkpt lat="37.590389251708984" lon="127.01691436767578"><ele>33.20000076293945</ele><time>2026-09-27T02:35:36Z</time></trkpt><trkpt lat="37.59041976928711" lon="127.01692199707031"><ele>33.20000076293945</ele><time>2026-09-27T02:35:37Z</time></trkpt><trkpt lat="37.59044647216797" lon="127.01692199707031"><ele>33.20000076293945</ele><time>2026-09-27T02:35:38Z</time></trkpt><trkpt lat="37.59047317504883" lon="127.01692962646484"><ele>33.20000076293945</ele><time>2026-09-27T02:35:39Z</time></trkpt><trkpt lat="37.59049606323242" lon="127.01692962646484"><ele>33.400001525878906</ele><time>2026-09-27T02:35:40Z</time></trkpt><trkpt lat="37.59052276611328" lon="127.0169448852539"><ele>33.400001525878906</ele><time>2026-09-27T02:35:41Z</time></trkpt><trkpt lat="37.590538024902344" lon="127.01695251464844"><ele>33.400001525878906</ele><time>2026-09-27T02:35:42Z</time></trkpt><trkpt lat="37.59056091308594" lon="127.01696014404297"><ele>33.400001525878906</ele><time>2026-09-27T02:35:43Z</time></trkpt><trkpt lat="37.590572357177734" lon="127.0169677734375"><ele>33.400001525878906</ele><time>2026-09-27T02:35:44Z</time></trkpt><trkpt lat="37.5905876159668" lon="127.01697540283203"><ele>33.20000076293945</ele><time>2026-09-27T02:35:45Z</time></trkpt><trkpt lat="37.590599060058594" lon="127.0169677734375"><ele>33.20000076293945</ele><time>2026-09-27T02:35:46Z</time></trkpt><trkpt lat="37.59061813354492" lon="127.01697540283203"><ele>33.400001525878906</ele><time>2026-09-27T02:35:47Z</time></trkpt><trkpt lat="37.590633392333984" lon="127.01698303222656"><ele>33.400001525878906</ele><time>2026-09-27T02:35:48Z</time></trkpt><trkpt lat="37.590660095214844" lon="127.01698303222656"><ele>33.400001525878906</ele><time>2026-09-27T02:35:49Z</time></trkpt><trkpt lat="37.590675354003906" lon="127.01698303222656"><ele>33.599998474121094</ele><time>2026-09-27T02:35:50Z</time></trkpt><trkpt lat="37.5906982421875" lon="127.01697540283203"><ele>33.599998474121094</ele><time>2026-09-27T02:35:51Z</time></trkpt><trkpt lat="37.590721130371094" lon="127.0169677734375"><ele>33.599998474121094</ele><time>2026-09-27T02:35:52Z</time></trkpt><trkpt lat="37.59074401855469" lon="127.0169677734375"><ele>33.400001525878906</ele><time>2026-09-27T02:35:53Z</time></trkpt><trkpt lat="37.59076690673828" lon="127.0169677734375"><ele>33.400001525878906</ele><time>2026-09-27T02:35:54Z</time></trkpt><trkpt lat="37.59078598022461" lon="127.0169677734375"><ele>33.599998474121094</ele><time>2026-09-27T02:35:55Z</time></trkpt><trkpt lat="37.5908088684082" lon="127.0169677734375"><ele>33.599998474121094</ele><time>2026-09-27T02:35:56Z</time></trkpt><trkpt lat="37.590824127197266" lon="127.01696014404297"><ele>33.599998474121094</ele><time>2026-09-27T02:35:57Z</time></trkpt><trkpt lat="37.5908317565918" lon="127.01696014404297"><ele>33.599998474121094</ele><time>2026-09-27T02:35:58Z</time></trkpt><trkpt lat="37.590850830078125" lon="127.01695251464844"><ele>33.599998474121094</ele><time>2026-09-27T02:35:59Z</time></trkpt><trkpt lat="37.59086990356445" lon="127.01695251464844"><ele>33.599998474121094</ele><time>2026-09-27T02:36:00Z</time></trkpt><trkpt lat="37.59089660644531" lon="127.01695251464844"><ele>33.400001525878906</ele><time>2026-09-27T02:36:01Z</time></trkpt><trkpt lat="37.590911865234375" lon="127.01695251464844"><ele>33.400001525878906</ele><time>2026-09-27T02:36:02Z</time></trkpt><trkpt lat="37.59093475341797" lon="127.0169448852539"><ele>33.400001525878906</ele><time>2026-09-27T02:36:03Z</time></trkpt><trkpt lat="37.590965270996094" lon="127.0169448852539"><ele>33.400001525878906</ele><time>2026-09-27T02:36:04Z</time></trkpt><trkpt lat="37.590980529785156" lon="127.0169448852539"><ele>33.400001525878906</ele><time>2026-09-27T02:36:05Z</time></trkpt><trkpt lat="37.59100341796875" lon="127.01693725585938"><ele>33.400001525878906</ele><time>2026-09-27T02:36:06Z</time></trkpt><trkpt lat="37.591026306152344" lon="127.01692962646484"><ele>33.400001525878906</ele><time>2026-09-27T02:36:07Z</time></trkpt><trkpt lat="37.59104537963867" lon="127.01692199707031"><ele>33.400001525878906</ele><time>2026-09-27T02:36:08Z</time></trkpt><trkpt lat="37.591068267822266" lon="127.01692199707031"><ele>33.599998474121094</ele><time>2026-09-27T02:36:09Z</time></trkpt><trkpt lat="37.591087341308594" lon="127.01691436767578"><ele>33.599998474121094</ele><time>2026-09-27T02:36:10Z</time></trkpt><trkpt lat="37.59111022949219" lon="127.01690673828125"><ele>33.599998474121094</ele><time>2026-09-27T02:36:11Z</time></trkpt><trkpt lat="37.591129302978516" lon="127.01689910888672"><ele>33.79999923706055</ele><time>2026-09-27T02:36:12Z</time></trkpt><trkpt lat="37.591156005859375" lon="127.01689147949219"><ele>33.79999923706055</ele><time>2026-09-27T02:36:13Z</time></trkpt><trkpt lat="37.5911750793457" lon="127.01688385009766"><ele>33.79999923706055</ele><time>2026-09-27T02:36:14Z</time></trkpt><trkpt lat="37.5911979675293" lon="127.01687622070312"><ele>33.79999923706055</ele><time>2026-09-27T02:36:15Z</time></trkpt><trkpt lat="37.59121322631836" lon="127.0168685913086"><ele>33.599998474121094</ele><time>2026-09-27T02:36:16Z</time></trkpt><trkpt lat="37.59122848510742" lon="127.0168685913086"><ele>33.400001525878906</ele><time>2026-09-27T02:36:17Z</time></trkpt><trkpt lat="37.59124755859375" lon="127.01686096191406"><ele>33.400001525878906</ele><time>2026-09-27T02:36:18Z</time></trkpt><trkpt lat="37.591270446777344" lon="127.016845703125"><ele>33.400001525878906</ele><time>2026-09-27T02:36:19Z</time></trkpt><trkpt lat="37.59129333496094" lon="127.016845703125"><ele>33.400001525878906</ele><time>2026-09-27T02:36:20Z</time></trkpt><trkpt lat="37.59130859375" lon="127.016845703125"><ele>33.599998474121094</ele><time>2026-09-27T02:36:21Z</time></trkpt><trkpt lat="37.59132766723633" lon="127.01683807373047"><ele>33.599998474121094</ele><time>2026-09-27T02:36:22Z</time></trkpt><trkpt lat="37.591339111328125" lon="127.01683044433594"><ele>33.599998474121094</ele><time>2026-09-27T02:36:23Z</time></trkpt><trkpt lat="37.59135818481445" lon="127.01683044433594"><ele>33.79999923706055</ele><time>2026-09-27T02:36:24Z</time></trkpt><trkpt lat="37.591373443603516" lon="127.01683044433594"><ele>33.79999923706055</ele><time>2026-09-27T02:36:25Z</time></trkpt><trkpt lat="37.591392517089844" lon="127.01683807373047"><ele>33.79999923706055</ele><time>2026-09-27T02:36:26Z</time></trkpt><trkpt lat="37.5914192199707" lon="127.01683044433594"><ele>33.79999923706055</ele><time>2026-09-27T02:36:27Z</time></trkpt><trkpt lat="37.59143829345703" lon="127.0168228149414"><ele>34.0</ele><time>2026-09-27T02:36:28Z</time></trkpt><trkpt lat="37.59146499633789" lon="127.0168228149414"><ele>34.0</ele><time>2026-09-27T02:36:29Z</time></trkpt><trkpt lat="37.59148406982422" lon="127.01681518554688"><ele>34.0</ele><time>2026-09-27T02:36:30Z</time></trkpt><trkpt lat="37.59150695800781" lon="127.01681518554688"><ele>34.20000076293945</ele><time>2026-09-27T02:36:31Z</time></trkpt><trkpt lat="37.59152603149414" lon="127.01681518554688"><ele>34.20000076293945</ele><time>2026-09-27T02:36:32Z</time></trkpt><trkpt lat="37.59154510498047" lon="127.01680755615234"><ele>34.400001525878906</ele><time>2026-09-27T02:36:33Z</time></trkpt><trkpt lat="37.5915641784668" lon="127.01679992675781"><ele>34.400001525878906</ele><time>2026-09-27T02:36:34Z</time></trkpt><trkpt lat="37.591583251953125" lon="127.01679229736328"><ele>34.400001525878906</ele><time>2026-09-27T02:36:35Z</time></trkpt><trkpt lat="37.59160232543945" lon="127.01678466796875"><ele>34.20000076293945</ele><time>2026-09-27T02:36:36Z</time></trkpt><trkpt lat="37.59162139892578" lon="127.01678466796875"><ele>34.20000076293945</ele><time>2026-09-27T02:36:37Z</time></trkpt><trkpt lat="37.59164047241211" lon="127.01678466796875"><ele>34.20000076293945</ele><time>2026-09-27T02:36:38Z</time></trkpt><trkpt lat="37.59165573120117" lon="127.01678466796875"><ele>34.400001525878906</ele><time>2026-09-27T02:36:39Z</time></trkpt><trkpt lat="37.591678619384766" lon="127.01677703857422"><ele>34.400001525878906</ele><time>2026-09-27T02:36:40Z</time></trkpt><trkpt lat="37.59169387817383" lon="127.01676940917969"><ele>34.400001525878906</ele><time>2026-09-27T02:36:41Z</time></trkpt><trkpt lat="37.591712951660156" lon="127.01676177978516"><ele>34.400001525878906</ele><time>2026-09-27T02:36:42Z</time></trkpt><trkpt lat="37.59172821044922" lon="127.01676177978516"><ele>34.599998474121094</ele><time>2026-09-27T02:36:43Z</time></trkpt><trkpt lat="37.59175109863281" lon="127.01676177978516"><ele>34.599998474121094</ele><time>2026-09-27T02:36:44Z</time></trkpt><trkpt lat="37.59177017211914" lon="127.01675415039062"><ele>34.599998474121094</ele><time>2026-09-27T02:36:45Z</time></trkpt><trkpt lat="37.5917854309082" lon="127.01675415039062"><ele>34.599998474121094</ele><time>2026-09-27T02:36:46Z</time></trkpt><trkpt lat="37.59180450439453" lon="127.01675415039062"><ele>34.599998474121094</ele><time>2026-09-27T02:36:47Z</time></trkpt><trkpt lat="37.591827392578125" lon="127.01675415039062"><ele>34.599998474121094</ele><time>2026-09-27T02:36:48Z</time></trkpt><trkpt lat="37.59184646606445" lon="127.0167465209961"><ele>34.599998474121094</ele><time>2026-09-27T02:36:49Z</time></trkpt><trkpt lat="37.59187698364258" lon="127.01673889160156"><ele>34.599998474121094</ele><time>2026-09-27T02:36:50Z</time></trkpt><trkpt lat="37.59189224243164" lon="127.0167236328125"><ele>34.599998474121094</ele><time>2026-09-27T02:36:51Z</time></trkpt><trkpt lat="37.5919189453125" lon="127.01673126220703"><ele>34.599998474121094</ele><time>2026-09-27T02:36:52Z</time></trkpt><trkpt lat="37.59193801879883" lon="127.01673126220703"><ele>34.79999923706055</ele><time>2026-09-27T02:36:53Z</time></trkpt><trkpt lat="37.591957092285156" lon="127.01673889160156"><ele>34.79999923706055</ele><time>2026-09-27T02:36:54Z</time></trkpt><trkpt lat="37.59197998046875" lon="127.01673889160156"><ele>34.79999923706055</ele><time>2026-09-27T02:36:55Z</time></trkpt><trkpt lat="37.59199523925781" lon="127.01673126220703"><ele>35.0</ele><time>2026-09-27T02:36:56Z</time></trkpt><trkpt lat="37.59202194213867" lon="127.0167236328125"><ele>35.0</ele><time>2026-09-27T02:36:57Z</time></trkpt><trkpt lat="37.592041015625" lon="127.01671600341797"><ele>35.0</ele><time>2026-09-27T02:36:58Z</time></trkpt><trkpt lat="37.592063903808594" lon="127.01671600341797"><ele>35.0</ele><time>2026-09-27T02:36:59Z</time></trkpt><trkpt lat="37.59208297729492" lon="127.01671600341797"><ele>35.0</ele><time>2026-09-27T02:37:00Z</time></trkpt><trkpt lat="37.59210205078125" lon="127.01671600341797"><ele>35.0</ele><time>2026-09-27T02:37:01Z</time></trkpt><trkpt lat="37.592124938964844" lon="127.01671600341797"><ele>35.0</ele><time>2026-09-27T02:37:02Z</time></trkpt><trkpt lat="37.59214401245117" lon="127.01671600341797"><ele>35.20000076293945</ele><time>2026-09-27T02:37:03Z</time></trkpt><trkpt lat="37.59215545654297" lon="127.01671600341797"><ele>35.20000076293945</ele><time>2026-09-27T02:37:04Z</time></trkpt><trkpt lat="37.5921630859375" lon="127.01670837402344"><ele>35.400001525878906</ele><time>2026-09-27T02:37:05Z</time></trkpt><trkpt lat="37.5921745300293" lon="127.01671600341797"><ele>35.400001525878906</ele><time>2026-09-27T02:37:06Z</time></trkpt><trkpt lat="37.59218978881836" lon="127.01671600341797"><ele>35.400001525878906</ele><time>2026-09-27T02:37:07Z</time></trkpt><trkpt lat="37.59220886230469" lon="127.01671600341797"><ele>35.400001525878906</ele><time>2026-09-27T02:37:08Z</time></trkpt><trkpt lat="37.59223175048828" lon="127.0167236328125"><ele>35.400001525878906</ele><time>2026-09-27T02:37:09Z</time></trkpt><trkpt lat="37.592254638671875" lon="127.0167236328125"><ele>35.599998474121094</ele><time>2026-09-27T02:37:10Z</time></trkpt><trkpt lat="37.59227752685547" lon="127.0167236328125"><ele>35.599998474121094</ele><time>2026-09-27T02:37:11Z</time></trkpt><trkpt lat="37.5922966003418" lon="127.01673126220703"><ele>35.599998474121094</ele><time>2026-09-27T02:37:12Z</time></trkpt><trkpt lat="37.59231948852539" lon="127.01673126220703"><ele>35.599998474121094</ele><time>2026-09-27T02:37:13Z</time></trkpt><trkpt lat="37.59234619140625" lon="127.0167465209961"><ele>35.599998474121094</ele><time>2026-09-27T02:37:14Z</time></trkpt><trkpt lat="37.59236526489258" lon="127.0167465209961"><ele>35.79999923706055</ele><time>2026-09-27T02:37:15Z</time></trkpt><trkpt lat="37.59239196777344" lon="127.0167465209961"><ele>35.79999923706055</ele><time>2026-09-27T02:37:16Z</time></trkpt><trkpt lat="37.59241485595703" lon="127.0167465209961"><ele>36.0</ele><time>2026-09-27T02:37:17Z</time></trkpt><trkpt lat="37.59244155883789" lon="127.01675415039062"><ele>36.0</ele><time>2026-09-27T02:37:18Z</time></trkpt><trkpt lat="37.59245681762695" lon="127.01676177978516"><ele>36.20000076293945</ele><time>2026-09-27T02:37:19Z</time></trkpt><trkpt lat="37.59247970581055" lon="127.01676940917969"><ele>36.400001525878906</ele><time>2026-09-27T02:37:20Z</time></trkpt><trkpt lat="37.592491149902344" lon="127.01678466796875"><ele>36.599998474121094</ele><time>2026-09-27T02:37:21Z</time></trkpt><trkpt lat="37.59251022338867" lon="127.01679992675781"><ele>36.599998474121094</ele><time>2026-09-27T02:37:22Z</time></trkpt><trkpt lat="37.592533111572266" lon="127.01680755615234"><ele>36.79999923706055</ele><time>2026-09-27T02:37:23Z</time></trkpt><trkpt lat="37.59255599975586" lon="127.0168228149414"><ele>37.0</ele><time>2026-09-27T02:37:24Z</time></trkpt><trkpt lat="37.59257888793945" lon="127.01683807373047"><ele>37.0</ele><time>2026-09-27T02:37:25Z</time></trkpt><trkpt lat="37.59260177612305" lon="127.016845703125"><ele>37.0</ele><time>2026-09-27T02:37:26Z</time></trkpt><trkpt lat="37.592628479003906" lon="127.01686096191406"><ele>37.0</ele><time>2026-09-27T02:37:27Z</time></trkpt><trkpt lat="37.59264373779297" lon="127.016845703125"><ele>36.79999923706055</ele><time>2026-09-27T02:37:28Z</time></trkpt><trkpt lat="37.59267044067383" lon="127.01683807373047"><ele>36.599998474121094</ele><time>2026-09-27T02:37:29Z</time></trkpt><trkpt lat="37.592689514160156" lon="127.01681518554688"><ele>36.599998474121094</ele><time>2026-09-27T02:37:30Z</time></trkpt><trkpt lat="37.592708587646484" lon="127.01679992675781"><ele>36.599998474121094</ele><time>2026-09-27T02:37:31Z</time></trkpt><trkpt lat="37.59273147583008" lon="127.01678466796875"><ele>36.599998474121094</ele><time>2026-09-27T02:37:32Z</time></trkpt><trkpt lat="37.592742919921875" lon="127.01676940917969"><ele>36.599998474121094</ele><time>2026-09-27T02:37:33Z</time></trkpt></trkseg></trk></gpx>