<?xml version='1.0' encoding='UTF-8'?><gpx version="1.1" creator="Garmin Sports" xmlns="http://www.topografix.com/GPX/1/1"><metadata><author><name>Garmin Sports</name></author><copyright author="Garmin Sports"><year>2026</year></copyright></metadata><trk><trkseg><trkpt lat="37.49345016479492" lon="126.91909790039062"><ele>27.200000762939453</ele><time>2026-06-02T21:53:40Z</time></trkpt><trkpt lat="37.49334716796875" lon="126.91897583007812"><ele>27.200000762939453</ele><time>2026-06-02T21:53:41Z</time></trkpt><trkpt lat="37.493309020996094" lon="126.91895294189453"><ele>27.200000762939453</ele><time>2026-06-02T21:53:42Z</time></trkpt><trkpt lat="37.49334716796875" lon="126.91897583007812"><ele>27.200000762939453</ele><time>2026-06-02T21:53:43Z</time></trkpt><trkpt lat="37.49335861206055" lon="126.91899108886719"><ele>27.200000762939453</ele><time>2026-06-02T21:53:44Z</time></trkpt><trkpt lat="37.49338150024414" lon="126.91901397705078"><ele>27.200000762939453</ele><time>2026-06-02T21:53:45Z</time></trkpt><trkpt lat="37.4933967590332" lon="126.91902160644531"><ele>27.200000762939453</ele><time>2026-06-02T21:53:46Z</time></trkpt><trkpt lat="37.49339294433594" lon="126.91902923583984"><ele>27.200000762939453</ele><time>2026-06-02T21:53:47Z</time></trkpt><trkpt lat="37.49338912963867" lon="126.91901397705078"><ele>27.0</ele><time>2026-06-02T21:53:48Z</time></trkpt><trkpt lat="37.4933967590332" lon="126.91899871826172"><ele>27.0</ele><time>2026-06-02T21:53:49Z</time></trkpt><trkpt lat="37.4933967590332" lon="126.91897583007812"><ele>27.0</ele><time>2026-06-02T21:53:50Z</time></trkpt><trkpt lat="37.4933967590332" lon="126.9189453125"><ele>27.0</ele><time>2026-06-02T21:53:51Z</time></trkpt><trkpt lat="37.493385314941406" lon="126.9189224243164"><ele>27.0</ele><time>2026-06-02T21:53:52Z</time></trkpt><trkpt lat="37.49338150024414" lon="126.91889190673828"><ele>27.0</ele><time>2026-06-02T21:53:53Z</time></trkpt><trkpt lat="37.493377685546875" lon="126.91887664794922"><ele>27.0</ele><time>2026-06-02T21:53:54Z</time></trkpt><trkpt lat="37.493370056152344" lon="126.91885375976562"><ele>27.0</ele><time>2026-06-02T21:53:55Z</time></trkpt><trkpt lat="37.49335861206055" lon="126.91883087158203"><ele>27.0</ele><time>2026-06-02T21:53:56Z</time></trkpt><trkpt lat="37.49334716796875" lon="126.91880798339844"><ele>27.0</ele><time>2026-06-02T21:53:57Z</time></trkpt><trkpt lat="37.49333572387695" lon="126.91877746582031"><ele>27.0</ele><time>2026-06-02T21:53:58Z</time></trkpt><trkpt lat="37.49332046508789" lon="126.91874694824219"><ele>27.0</ele><time>2026-06-02T21:53:59Z</time></trkpt><trkpt lat="37.4932975769043" lon="126.91873168945312"><ele>26.799999237060547</ele><time>2026-06-02T21:54:00Z</time></trkpt><trkpt lat="37.49327850341797" lon="126.9187240600586"><ele>26.799999237060547</ele><time>2026-06-02T21:54:01Z</time></trkpt><trkpt lat="37.49326705932617" lon="126.91871643066406"><ele>26.799999237060547</ele><time>2026-06-02T21:54:02Z</time></trkpt><trkpt lat="37.49324417114258" lon="126.918701171875"><ele>26.799999237060547</ele><time>2026-06-02T21:54:03Z</time></trkpt><trkpt lat="37.49323272705078" lon="126.91869354248047"><ele>26.799999237060547</ele><time>2026-06-02T21:54:04Z</time></trkpt><trkpt lat="37.49321746826172" lon="126.91868591308594"><ele>26.799999237060547</ele><time>2026-06-02T21:54:05Z</time></trkpt><trkpt lat="37.49319839477539" lon="126.9186782836914"><ele>27.0</ele><time>2026-06-02T21:54:06Z</time></trkpt><trkpt lat="37.49319076538086" lon="126.91866302490234"><ele>27.0</ele><time>2026-06-02T21:54:07Z</time></trkpt><trkpt lat="37.49317932128906" lon="126.91866302490234"><ele>27.0</ele><time>2026-06-02T21:54:08Z</time></trkpt><trkpt lat="37.4931640625" lon="126.91865539550781"><ele>27.0</ele><time>2026-06-02T21:54:09Z</time></trkpt><trkpt lat="37.49315643310547" lon="126.91863250732422"><ele>27.0</ele><time>2026-06-02T21:54:10Z</time></trkpt><trkpt lat="37.493141174316406" lon="126.91861724853516"><ele>26.799999237060547</ele><time>2026-06-02T21:54:11Z</time></trkpt><trkpt lat="37.49311447143555" lon="126.9186019897461"><ele>26.799999237060547</ele><time>2026-06-02T21:54:12Z</time></trkpt><trkpt lat="37.49310302734375" lon="126.91858673095703"><ele>26.799999237060547</ele><time>2026-06-02T21:54:13Z</time></trkpt><trkpt lat="37.49309158325195" lon="126.9185791015625"><ele>26.799999237060547</ele><time>2026-06-02T21:54:14Z</time></trkpt><trkpt lat="37.493080139160156" lon="126.91857147216797"><ele>26.799999237060547</ele><time>2026-06-02T21:54:15Z</time></trkpt><trkpt lat="37.493064880371094" lon="126.91854858398438"><ele>26.799999237060547</ele><time>2026-06-02T21:54:16Z</time></trkpt><trkpt lat="37.4930534362793" lon="126.91853332519531"><ele>26.600000381469727</ele><time>2026-06-02T21:54:17Z</time></trkpt><trkpt lat="37.493045806884766" lon="126.91851806640625"><ele>26.600000381469727</ele><time>2026-06-02T21:54:18Z</time></trkpt><trkpt lat="37.49302673339844" lon="126.91850280761719"><ele>26.600000381469727</ele><time>2026-06-02T21:54:19Z</time></trkpt><trkpt lat="37.493019104003906" lon="126.91849517822266"><ele>26.600000381469727</ele><time>2026-06-02T21:54:20Z</time></trkpt><trkpt lat="37.49301528930664" lon="126.9184799194336"><ele>26.600000381469727</ele><time>2026-06-02T21:54:21Z</time></trkpt><trkpt lat="37.493011474609375" lon="126.91848754882812"><ele>26.600000381469727</ele><time>2026-06-02T21:54:22Z</time></trkpt><trkpt lat="37.493011474609375" lon="126.91848754882812"><ele>26.600000381469727</ele><time>2026-06-02T21:54:23Z</time></trkpt><trkpt lat="37.49300003051758" lon="126.91847229003906"><ele>26.600000381469727</ele><time>2026-06-02T21:54:24Z</time></trkpt><trkpt lat="37.49298858642578" lon="126.91846466064453"><ele>26.600000381469727</ele><time>2026-06-02T21:54:25Z</time></trkpt><trkpt lat="37.492977142333984" lon="126.91845703125"><ele>26.600000381469727</ele><time>2026-06-02T21:54:26Z</time></trkpt><trkpt lat="37.492958068847656" lon="126.91844940185547"><ele>26.600000381469727</ele><time>2026-06-02T21:54:27Z</time></trkpt><trkpt lat="37.492942810058594" lon="126.91842651367188"><ele>26.600000381469727</ele><time>2026-06-02T21:54:28Z</time></trkpt><trkpt lat="37.4929313659668" lon="126.91841888427734"><ele>26.600000381469727</ele><time>2026-06-02T21:54:29Z</time></trkpt><trkpt lat="37.492919921875" lon="126.91840362548828"><ele>26.600000381469727</ele><time>2026-06-02T21:54:30Z</time></trkpt><trkpt lat="37.49290466308594" lon="126.91838836669922"><ele>26.600000381469727</ele><time>2026-06-02T21:54:31Z</time></trkpt><trkpt lat="37.492889404296875" lon="126.91837310791016"><ele>26.600000381469727</ele><time>2026-06-02T21:54:32Z</time></trkpt><trkpt lat="37.49287796020508" lon="126.91836547851562"><ele>26.600000381469727</ele><time>2026-06-02T21:54:33Z</time></trkpt><trkpt lat="37.49286651611328" lon="126.91835021972656"><ele>26.600000381469727</ele><time>2026-06-02T21:54:34Z</time></trkpt><trkpt lat="37.49285125732422" lon="126.9183349609375"><ele>26.600000381469727</ele><time>2026-06-02T21:54:35Z</time></trkpt><trkpt lat="37.492835998535156" lon="126.91831970214844"><ele>26.600000381469727</ele><time>2026-06-02T21:54:36Z</time></trkpt><trkpt lat="37.49282455444336" lon="126.9183120727539"><ele>26.600000381469727</ele><time>2026-06-02T21:54:37Z</time></trkpt><trkpt lat="37.4928092956543" lon="126.91830444335938"><ele>26.600000381469727</ele><time>2026-06-02T21:54:38Z</time></trkpt><trkpt lat="37.49280548095703" lon="126.91828918457031"><ele>26.600000381469727</ele><time>2026-06-02T21:54:39Z</time></trkpt><trkpt lat="37.49279022216797" lon="126.91827392578125"><ele>26.600000381469727</ele><time>2026-06-02T21:54:40Z</time></trkpt><trkpt lat="37.49278259277344" lon="126.91826629638672"><ele>26.600000381469727</ele><time>2026-06-02T21:54:41Z</time></trkpt><trkpt lat="37.49277114868164" lon="126.91825866699219"><ele>26.600000381469727</ele><time>2026-06-02T21:54:42Z</time></trkpt><trkpt lat="37.49275588989258" lon="126.91825103759766"><ele>26.600000381469727</ele><time>2026-06-02T21:54:43Z</time></trkpt><trkpt lat="37.49274444580078" lon="126.91822814941406"><ele>26.600000381469727</ele><time>2026-06-02T21:54:44Z</time></trkpt><trkpt lat="37.492733001708984" lon="126.91822052001953"><ele>26.600000381469727</ele><time>2026-06-02T21:54:45Z</time></trkpt><trkpt lat="37.492713928222656" lon="126.918212890625"><ele>26.600000381469727</ele><time>2026-06-02T21:54:46Z</time></trkpt><trkpt lat="37.492698669433594" lon="126.91819763183594"><ele>26.600000381469727</ele><time>2026-06-02T21:54:47Z</time></trkpt><trkpt lat="37.4926872253418" lon="126.9181900024414"><ele>26.600000381469727</ele><time>2026-06-02T21:54:48Z</time></trkpt><trkpt lat="37.49266815185547" lon="126.91817474365234"><ele>26.600000381469727</ele><time>2026-06-02T21:54:49Z</time></trkpt><trkpt lat="37.492652893066406" lon="126.91815948486328"><ele>26.600000381469727</ele><time>2026-06-02T21:54:50Z</time></trkpt><trkpt lat="37.492637634277344" lon="126.91815185546875"><ele>26.600000381469727</ele><time>2026-06-02T21:54:51Z</time></trkpt><trkpt lat="37.49262619018555" lon="126.91813659667969"><ele>26.600000381469727</ele><time>2026-06-02T21:54:52Z</time></trkpt><trkpt lat="37.492610931396484" lon="126.9181137084961"><ele>26.600000381469727</ele><time>2026-06-02T21:54:53Z</time></trkpt><trkpt lat="37.49259567260742" lon="126.91809844970703"><ele>26.600000381469727</ele><time>2026-06-02T21:54:54Z</time></trkpt><trkpt lat="37.49258041381836" lon="126.91808319091797"><ele>26.600000381469727</ele><time>2026-06-02T21:54:55Z</time></trkpt><trkpt lat="37.4925651550293" lon="126.91807556152344"><ele>26.600000381469727</ele><time>2026-06-02T21:54:56Z</time></trkpt><trkpt lat="37.492549896240234" lon="126.91806030273438"><ele>26.600000381469727</ele><time>2026-06-02T21:54:57Z</time></trkpt><trkpt lat="37.49253463745117" lon="126.91804504394531"><ele>26.600000381469727</ele><time>2026-06-02T21:54:58Z</time></trkpt><trkpt lat="37.492515563964844" lon="126.91803741455078"><ele>26.600000381469727</ele><time>2026-06-02T21:54:59Z</time></trkpt><trkpt lat="37.49250793457031" lon="126.91802978515625"><ele>26.600000381469727</ele><time>2026-06-02T21:55:00Z</time></trkpt><trkpt lat="37.492488861083984" lon="126.91802215576172"><ele>26.600000381469727</ele><time>2026-06-02T21:55:01Z</time></trkpt><trkpt lat="37.49247360229492" lon="126.91800689697266"><ele>26.600000381469727</ele><time>2026-06-02T21:55:02Z</time></trkpt><trkpt lat="37.492462158203125" lon="126.91799926757812"><ele>26.600000381469727</ele><time>2026-06-02T21:55:03Z</time></trkpt><trkpt lat="37.49244689941406" lon="126.9179916381836"><ele>26.600000381469727</ele><time>2026-06-02T21:55:04Z</time></trkpt><trkpt lat="37.492431640625" lon="126.91798400878906"><ele>26.399999618530273</ele><time>2026-06-02T21:55:05Z</time></trkpt><trkpt lat="37.49241256713867" lon="126.91797637939453"><ele>26.399999618530273</ele><time>2026-06-02T21:55:06Z</time></trkpt><trkpt lat="37.49239730834961" lon="126.91796875"><ele>26.399999618530273</ele><time>2026-06-02T21:55:07Z</time></trkpt><trkpt lat="37.49238204956055" lon="126.91796112060547"><ele>26.399999618530273</ele><time>2026-06-02T21:55:08Z</time></trkpt><trkpt lat="37.492366790771484" lon="126.91795349121094"><ele>26.399999618530273</ele><time>2026-06-02T21:55:09Z</time></trkpt><trkpt lat="37.49235153198242" lon="126.91795349121094"><ele>26.399999618530273</ele><time>2026-06-02T21:55:10Z</time></trkpt><trkpt lat="37.492332458496094" lon="126.9179458618164"><ele>26.600000381469727</ele><time>2026-06-02T21:55:11Z</time></trkpt><trkpt lat="37.492313385009766" lon="126.91793823242188"><ele>26.600000381469727</ele><time>2026-06-02T21:55:12Z</time></trkpt><trkpt lat="37.49230194091797" lon="126.91793823242188"><ele>26.399999618530273</ele><time>2026-06-02T21:55:13Z</time></trkpt><trkpt lat="37.492286682128906" lon="126.91793823242188"><ele>26.399999618530273</ele><time>2026-06-02T21:55:14Z</time></trkpt><trkpt lat="37.49226760864258" lon="126.91793823242188"><ele>26.399999618530273</ele><time>2026-06-02T21:55:15Z</time></trkpt><trkpt lat="37.49225616455078" lon="126.91793823242188"><ele>26.399999618530273</ele><time>2026-06-02T21:55:16Z</time></trkpt><trkpt lat="37.49224090576172" lon="126.91793823242188"><ele>26.399999618530273</ele><time>2026-06-02T21:55:17Z</time></trkpt><trkpt lat="37.492225646972656" lon="126.9179458618164"><ele>26.399999618530273</ele><time>2026-06-02T21:55:18Z</time></trkpt><trkpt lat="37.492210388183594" lon="126.9179458618164"><ele>26.399999618530273</ele><time>2026-06-02T21:55:19Z</time></trkpt><trkpt lat="37.4921989440918" lon="126.91795349121094"><ele>26.399999618530273</ele><time>2026-06-02T21:55:20Z</time></trkpt><trkpt lat="37.492183685302734" lon="126.91796112060547"><ele>26.399999618530273</ele><time>2026-06-02T21:55:21Z</time></trkpt><trkpt lat="37.49217224121094" lon="126.91795349121094"><ele>26.399999618530273</ele><time>2026-06-02T21:55:22Z</time></trkpt><trkpt lat="37.492156982421875" lon="126.91795349121094"><ele>26.399999618530273</ele><time>2026-06-02T21:55:23Z</time></trkpt><trkpt lat="37.49214553833008" lon="126.91796112060547"><ele>26.200000762939453</ele><time>2026-06-02T21:55:24Z</time></trkpt><trkpt lat="37.49212646484375" lon="126.91796875"><ele>26.200000762939453</ele><time>2026-06-02T21:55:25Z</time></trkpt><trkpt lat="37.49211502075195" lon="126.91797637939453"><ele>26.0</ele><time>2026-06-02T21:55:26Z</time></trkpt><trkpt lat="37.49211120605469" lon="126.9179916381836"><ele>26.200000762939453</ele><time>2026-06-02T21:55:27Z</time></trkpt><trkpt lat="37.49210739135742" lon="126.91800689697266"><ele>26.200000762939453</ele><time>2026-06-02T21:55:28Z</time></trkpt><trkpt lat="37.49209976196289" lon="126.91802215576172"><ele>26.200000762939453</ele><time>2026-06-02T21:55:29Z</time></trkpt><trkpt lat="37.49209976196289" lon="126.91802978515625"><ele>26.200000762939453</ele><time>2026-06-02T21:55:30Z</time></trkpt><trkpt lat="37.492095947265625" lon="126.91804504394531"><ele>26.200000762939453</ele><time>2026-06-02T21:55:31Z</time></trkpt><trkpt lat="37.49209213256836" lon="126.91805267333984"><ele>26.200000762939453</ele><time>2026-06-02T21:55:32Z</time></trkpt><trkpt lat="37.492088317871094" lon="126.91806030273438"><ele>26.200000762939453</ele><time>2026-06-02T21:55:33Z</time></trkpt><trkpt lat="37.492088317871094" lon="126.91807556152344"><ele>26.200000762939453</ele><time>2026-06-02T21:55:34Z</time></trkpt><trkpt lat="37.492088317871094" lon="126.9180908203125"><ele>26.200000762939453</ele><time>2026-06-02T21:55:35Z</time></trkpt><trkpt lat="37.492088317871094" lon="126.91810607910156"><ele>26.200000762939453</ele><time>2026-06-02T21:55:36Z</time></trkpt><trkpt lat="37.49208450317383" lon="126.91812896728516"><ele>26.200000762939453</ele><time>2026-06-02T21:55:37Z</time></trkpt><trkpt lat="37.49208450317383" lon="126.91815185546875"><ele>26.200000762939453</ele><time>2026-06-02T21:55:38Z</time></trkpt><trkpt lat="37.49208450317383" lon="126.91816711425781"><ele>26.200000762939453</ele><time>2026-06-02T21:55:39Z</time></trkpt><trkpt lat="37.49208450317383" lon="126.9181900024414"><ele>26.200000762939453</ele><time>2026-06-02T21:55:40Z</time></trkpt><trkpt lat="37.49208068847656" lon="126.918212890625"><ele>26.200000762939453</ele><time>2026-06-02T21:55:41Z</time></trkpt><trkpt lat="37.49208450317383" lon="126.9182357788086"><ele>26.200000762939453</ele><time>2026-06-02T21:55:42Z</time></trkpt><trkpt lat="37.49208450317383" lon="126.91825866699219"><ele>26.200000762939453</ele><time>2026-06-02T21:55:43Z</time></trkpt><trkpt lat="37.49208450317383" lon="126.91827392578125"><ele>26.200000762939453</ele><time>2026-06-02T21:55:44Z</time></trkpt><trkpt lat="37.49208068847656" lon="126.91829681396484"><ele>26.200000762939453</ele><time>2026-06-02T21:55:45Z</time></trkpt><trkpt lat="37.49208068847656" lon="126.91831970214844"><ele>26.200000762939453</ele><time>2026-06-02T21:55:46Z</time></trkpt><trkpt lat="37.4920768737793" lon="126.9183349609375"><ele>26.0</ele><time>2026-06-02T21:55:47Z</time></trkpt><trkpt lat="37.49207305908203" lon="126.9183578491211"><ele>26.0</ele><time>2026-06-02T21:55:48Z</time></trkpt><trkpt lat="37.492069244384766" lon="126.91838073730469"><ele>26.0</ele><time>2026-06-02T21:55:49Z</time></trkpt><trkpt lat="37.492069244384766" lon="126.91840362548828"><ele>26.0</ele><time>2026-06-02T21:55:50Z</time></trkpt><trkpt lat="37.492061614990234" lon="126.91842651367188"><ele>26.200000762939453</ele><time>2026-06-02T21:55:51Z</time></trkpt><trkpt lat="37.492061614990234" lon="126.91844177246094"><ele>26.200000762939453</ele><time>2026-06-02T21:55:52Z</time></trkpt><trkpt lat="37.49205780029297" lon="126.91846466064453"><ele>26.200000762939453</ele><time>2026-06-02T21:55:53Z</time></trkpt><trkpt lat="37.49205780029297" lon="126.9184799194336"><ele>26.399999618530273</ele><time>2026-06-02T21:55:54Z</time></trkpt><trkpt lat="37.4920539855957" lon="126.91850280761719"><ele>26.600000381469727</ele><time>2026-06-02T21:55:55Z</time></trkpt><trkpt lat="37.49205017089844" lon="126.91851806640625"><ele>26.799999237060547</ele><time>2026-06-02T21:55:56Z</time></trkpt><trkpt lat="37.49204635620117" lon="126.91854095458984"><ele>26.799999237060547</ele><time>2026-06-02T21:55:57Z</time></trkpt><trkpt lat="37.49204635620117" lon="126.9185562133789"><ele>26.600000381469727</ele><time>2026-06-02T21:55:58Z</time></trkpt><trkpt lat="37.49204635620117" lon="126.9185791015625"><ele>26.600000381469727</ele><time>2026-06-02T21:55:59Z</time></trkpt><trkpt lat="37.492042541503906" lon="126.91859436035156"><ele>26.399999618530273</ele><time>2026-06-02T21:56:00Z</time></trkpt><trkpt lat="37.492042541503906" lon="126.91861724853516"><ele>26.200000762939453</ele><time>2026-06-02T21:56:01Z</time></trkpt><trkpt lat="37.49203872680664" lon="126.91863250732422"><ele>26.200000762939453</ele><time>2026-06-02T21:56:02Z</time></trkpt><trkpt lat="37.492034912109375" lon="126.91864776611328"><ele>26.200000762939453</ele><time>2026-06-02T21:56:03Z</time></trkpt><trkpt lat="37.492034912109375" lon="126.91865539550781"><ele>26.200000762939453</ele><time>2026-06-02T21:56:04Z</time></trkpt><trkpt lat="37.49203109741211" lon="126.91866302490234"><ele>26.200000762939453</ele><time>2026-06-02T21:56:05Z</time></trkpt><trkpt lat="37.49203109741211" lon="126.91867065429688"><ele>26.200000762939453</ele><time>2026-06-02T21:56:06Z</time></trkpt><trkpt lat="37.49203109741211" lon="126.91869354248047"><ele>26.200000762939453</ele><time>2026-06-02T21:56:07Z</time></trkpt><trkpt lat="37.492027282714844" lon="126.918701171875"><ele>26.200000762939453</ele><time>2026-06-02T21:56:08Z</time></trkpt><trkpt lat="37.492027282714844" lon="126.91870880126953"><ele>26.0</ele><time>2026-06-02T21:56:09Z</time></trkpt><trkpt lat="37.492027282714844" lon="126.9187240600586"><ele>26.0</ele><time>2026-06-02T21:56:10Z</time></trkpt><trkpt lat="37.49202346801758" lon="126.91874694824219"><ele>26.0</ele><time>2026-06-02T21:56:11Z</time></trkpt><trkpt lat="37.49202346801758" lon="126.91876220703125"><ele>26.0</ele><time>2026-06-02T21:56:12Z</time></trkpt><trkpt lat="37.492027282714844" lon="126.91877746582031"><ele>26.0</ele><time>2026-06-02T21:56:13Z</time></trkpt><trkpt lat="37.49202346801758" lon="126.91879272460938"><ele>26.0</ele><time>2026-06-02T21:56:14Z</time></trkpt><trkpt lat="37.49201965332031" lon="126.91880798339844"><ele>26.0</ele><time>2026-06-02T21:56:15Z</time></trkpt><trkpt lat="37.49201583862305" lon="126.9188232421875"><ele>26.0</ele><time>2026-06-02T21:56:16Z</time></trkpt><trkpt lat="37.49201202392578" lon="126.91883850097656"><ele>26.0</ele><time>2026-06-02T21:56:17Z</time></trkpt><trkpt lat="37.49201202392578" lon="126.91885375976562"><ele>26.0</ele><time>2026-06-02T21:56:18Z</time></trkpt><trkpt lat="37.49201202392578" lon="126.91886901855469"><ele>26.0</ele><time>2026-06-02T21:56:19Z</time></trkpt><trkpt lat="37.49201202392578" lon="126.91888427734375"><ele>26.0</ele><time>2026-06-02T21:56:20Z</time></trkpt><trkpt lat="37.49201202392578" lon="126.91890716552734"><ele>26.0</ele><time>2026-06-02T21:56:21Z</time></trkpt><trkpt lat="37.49201202392578" lon="126.91893005371094"><ele>26.0</ele><time>2026-06-02T21:56:22Z</time></trkpt><trkpt lat="37.492008209228516" lon="126.9189453125"><ele>26.0</ele><time>2026-06-02T21:56:23Z</time></trkpt><trkpt lat="37.492008209228516" lon="126.91896057128906"><ele>26.0</ele><time>2026-06-02T21:56:24Z</time></trkpt><trkpt lat="37.49200439453125" lon="126.9189682006836"><ele>26.0</ele><time>2026-06-02T21:56:25Z</time></trkpt><trkpt lat="37.49200439453125" lon="126.91897583007812"><ele>26.0</ele><time>2026-06-02T21:56:26Z</time></trkpt><trkpt lat="37.49200439453125" lon="126.91899108886719"><ele>26.0</ele><time>2026-06-02T21:56:27Z</time></trkpt><trkpt lat="37.49200439453125" lon="126.91900634765625"><ele>26.0</ele><time>2026-06-02T21:56:28Z</time></trkpt><trkpt lat="37.492008209228516" lon="126.91902160644531"><ele>26.0</ele><time>2026-06-02T21:56:29Z</time></trkpt><trkpt lat="37.492008209228516" lon="126.91903686523438"><ele>26.0</ele><time>2026-06-02T21:56:30Z</time></trkpt><trkpt lat="37.49200439453125" lon="126.91905212402344"><ele>26.0</ele><time>2026-06-02T21:56:31Z</time></trkpt><trkpt lat="37.49200439453125" lon="126.9190673828125"><ele>26.0</ele><time>2026-06-02T21:56:32Z</time></trkpt><trkpt lat="37.492000579833984" lon="126.9190902709961"><ele>26.200000762939453</ele><time>2026-06-02T21:56:33Z</time></trkpt><trkpt lat="37.49199676513672" lon="126.91910552978516"><ele>26.200000762939453</ele><time>2026-06-02T21:56:34Z</time></trkpt><trkpt lat="37.49198913574219" lon="126.91912078857422"><ele>26.200000762939453</ele><time>2026-06-02T21:56:35Z</time></trkpt><trkpt lat="37.49198913574219" lon="126.91913604736328"><ele>26.200000762939453</ele><time>2026-06-02T21:56:36Z</time></trkpt><trkpt lat="37.49198532104492" lon="126.91915130615234"><ele>26.200000762939453</ele><time>2026-06-02T21:56:37Z</time></trkpt><trkpt lat="37.49198532104492" lon="126.9191665649414"><ele>26.200000762939453</ele><time>2026-06-02T21:56:38Z</time></trkpt><trkpt lat="37.491981506347656" lon="126.91918182373047"><ele>26.200000762939453</ele><time>2026-06-02T21:56:39Z</time></trkpt><trkpt lat="37.491981506347656" lon="126.91920471191406"><ele>26.200000762939453</ele><time>2026-06-02T21:56:40Z</time></trkpt><trkpt lat="37.49197769165039" lon="126.91921997070312"><ele>26.200000762939453</ele><time>2026-06-02T21:56:41Z</time></trkpt><trkpt lat="37.491973876953125" lon="126.91923522949219"><ele>26.200000762939453</ele><time>2026-06-02T21:56:42Z</time></trkpt><trkpt lat="37.491973876953125" lon="126.91925048828125"><ele>26.200000762939453</ele><time>2026-06-02T21:56:43Z</time></trkpt><trkpt lat="37.491966247558594" lon="126.91927337646484"><ele>26.200000762939453</ele><time>2026-06-02T21:56:44Z</time></trkpt><trkpt lat="37.491966247558594" lon="126.91929626464844"><ele>26.200000762939453</ele><time>2026-06-02T21:56:45Z</time></trkpt><trkpt lat="37.49196243286133" lon="126.91931915283203"><ele>26.200000762939453</ele><time>2026-06-02T21:56:46Z</time></trkpt><trkpt lat="37.49195861816406" lon="126.91934967041016"><ele>26.200000762939453</ele><time>2026-06-02T21:56:47Z</time></trkpt><trkpt lat="37.4919548034668" lon="126.91936492919922"><ele>26.200000762939453</ele><time>2026-06-02T21:56:48Z</time></trkpt><trkpt lat="37.4919548034668" lon="126.91938781738281"><ele>26.200000762939453</ele><time>2026-06-02T21:56:49Z</time></trkpt><trkpt lat="37.49195098876953" lon="126.9194107055664"><ele>26.200000762939453</ele><time>2026-06-02T21:56:50Z</time></trkpt><trkpt lat="37.491947174072266" lon="126.91943359375"><ele>26.200000762939453</ele><time>2026-06-02T21:56:51Z</time></trkpt><trkpt lat="37.491943359375" lon="126.9194564819336"><ele>26.200000762939453</ele><time>2026-06-02T21:56:52Z</time></trkpt><trkpt lat="37.491939544677734" lon="126.91947937011719"><ele>26.200000762939453</ele><time>2026-06-02T21:56:53Z</time></trkpt><trkpt lat="37.4919319152832" lon="126.91949462890625"><ele>26.200000762939453</ele><time>2026-06-02T21:56:54Z</time></trkpt><trkpt lat="37.4919319152832" lon="126.91951751708984"><ele>26.200000762939453</ele><time>2026-06-02T21:56:55Z</time></trkpt><trkpt lat="37.49192428588867" lon="126.91954040527344"><ele>26.200000762939453</ele><time>2026-06-02T21:56:56Z</time></trkpt><trkpt lat="37.49191665649414" lon="126.91956329345703"><ele>26.200000762939453</ele><time>2026-06-02T21:56:57Z</time></trkpt><trkpt lat="37.49190902709961" lon="126.91958618164062"><ele>26.200000762939453</ele><time>2026-06-02T21:56:58Z</time></trkpt><trkpt lat="37.491905212402344" lon="126.91960906982422"><ele>26.200000762939453</ele><time>2026-06-02T21:56:59Z</time></trkpt><trkpt lat="37.49189758300781" lon="126.91962432861328"><ele>26.200000762939453</ele><time>2026-06-02T21:57:00Z</time></trkpt><trkpt lat="37.49189758300781" lon="126.91964721679688"><ele>26.200000762939453</ele><time>2026-06-02T21:57:01Z</time></trkpt><trkpt lat="37.49189376831055" lon="126.91967010498047"><ele>26.200000762939453</ele><time>2026-06-02T21:57:02Z</time></trkpt><trkpt lat="37.491886138916016" lon="126.91969299316406"><ele>26.200000762939453</ele><time>2026-06-02T21:57:03Z</time></trkpt><trkpt lat="37.491878509521484" lon="126.91970825195312"><ele>26.200000762939453</ele><time>2026-06-02T21:57:04Z</time></trkpt><trkpt lat="37.49187469482422" lon="126.91973114013672"><ele>26.200000762939453</ele><time>2026-06-02T21:57:05Z</time></trkpt><trkpt lat="37.49186706542969" lon="126.91976165771484"><ele>26.200000762939453</ele><time>2026-06-02T21:57:06Z</time></trkpt><trkpt lat="37.49186325073242" lon="126.91978454589844"><ele>26.399999618530273</ele><time>2026-06-02T21:57:07Z</time></trkpt><trkpt lat="37.491859436035156" lon="126.91980743408203"><ele>26.200000762939453</ele><time>2026-06-02T21:57:08Z</time></trkpt><trkpt lat="37.49184799194336" lon="126.91983795166016"><ele>26.200000762939453</ele><time>2026-06-02T21:57:09Z</time></trkpt><trkpt lat="37.49184799194336" lon="126.91986083984375"><ele>26.399999618530273</ele><time>2026-06-02T21:57:10Z</time></trkpt><trkpt lat="37.49184799194336" lon="126.91988372802734"><ele>26.399999618530273</ele><time>2026-06-02T21:57:11Z</time></trkpt><trkpt lat="37.491844177246094" lon="126.91990661621094"><ele>26.399999618530273</ele><time>2026-06-02T21:57:12Z</time></trkpt><trkpt lat="37.49184036254883" lon="126.91992950439453"><ele>26.399999618530273</ele><time>2026-06-02T21:57:13Z</time></trkpt><trkpt lat="37.49184036254883" lon="126.91996002197266"><ele>26.399999618530273</ele><time>2026-06-02T21:57:14Z</time></trkpt><trkpt lat="37.49183654785156" lon="126.91998291015625"><ele>26.399999618530273</ele><time>2026-06-02T21:57:15Z</time></trkpt><trkpt lat="37.49183654785156" lon="126.92000579833984"><ele>26.399999618530273</ele><time>2026-06-02T21:57:16Z</time></trkpt><trkpt lat="37.4918327331543" lon="126.92002868652344"><ele>26.399999618530273</ele><time>2026-06-02T21:57:17Z</time></trkpt><trkpt lat="37.49182891845703" lon="126.92005157470703"><ele>26.200000762939453</ele><time>2026-06-02T21:57:18Z</time></trkpt><trkpt lat="37.49182891845703" lon="126.92007446289062"><ele>26.200000762939453</ele><time>2026-06-02T21:57:19Z</time></trkpt><trkpt lat="37.49182891845703" lon="126.92009735107422"><ele>26.200000762939453</ele><time>2026-06-02T21:57:20Z</time></trkpt><trkpt lat="37.4918212890625" lon="126.92012023925781"><ele>26.200000762939453</ele><time>2026-06-02T21:57:21Z</time></trkpt><trkpt lat="37.491817474365234" lon="126.92013549804688"><ele>26.200000762939453</ele><time>2026-06-02T21:57:22Z</time></trkpt><trkpt lat="37.49181365966797" lon="126.920166015625"><ele>26.200000762939453</ele><time>2026-06-02T21:57:23Z</time></trkpt><trkpt lat="37.4918098449707" lon="126.9201889038086"><ele>26.200000762939453</ele><time>2026-06-02T21:57:24Z</time></trkpt><trkpt lat="37.49180603027344" lon="126.92020416259766"><ele>26.200000762939453</ele><time>2026-06-02T21:57:25Z</time></trkpt><trkpt lat="37.49180221557617" lon="126.92022705078125"><ele>26.200000762939453</ele><time>2026-06-02T21:57:26Z</time></trkpt><trkpt lat="37.491798400878906" lon="126.92024230957031"><ele>26.200000762939453</ele><time>2026-06-02T21:57:27Z</time></trkpt><trkpt lat="37.49179458618164" lon="126.9202651977539"><ele>26.399999618530273</ele><time>2026-06-02T21:57:28Z</time></trkpt><trkpt lat="37.49178695678711" lon="126.92028045654297"><ele>26.399999618530273</ele><time>2026-06-02T21:57:29Z</time></trkpt><trkpt lat="37.49156951904297" lon="126.92086791992188"><ele>26.0</ele><time>2026-06-02T22:00:43Z</time></trkpt><trkpt lat="37.491573333740234" lon="126.92088317871094"><ele>26.0</ele><time>2026-06-02T22:00:44Z</time></trkpt><trkpt lat="37.491573333740234" lon="126.9208984375"><ele>25.799999237060547</ele><time>2026-06-02T22:00:45Z</time></trkpt><trkpt lat="37.491573333740234" lon="126.92090606689453"><ele>25.799999237060547</ele><time>2026-06-02T22:00:46Z</time></trkpt><trkpt lat="37.4915771484375" lon="126.9209213256836"><ele>25.799999237060547</ele><time>2026-06-02T22:00:47Z</time></trkpt><trkpt lat="37.4915885925293" lon="126.92093658447266"><ele>25.799999237060547</ele><time>2026-06-02T22:00:48Z</time></trkpt><trkpt lat="37.49159622192383" lon="126.92094421386719"><ele>25.799999237060547</ele><time>2026-06-02T22:00:49Z</time></trkpt><trkpt lat="37.491607666015625" lon="126.92095184326172"><ele>25.799999237060547</ele><time>2026-06-02T22:00:50Z</time></trkpt><trkpt lat="37.49162673950195" lon="126.92095947265625"><ele>25.799999237060547</ele><time>2026-06-02T22:00:51Z</time></trkpt><trkpt lat="37.491641998291016" lon="126.92096710205078"><ele>25.799999237060547</ele><time>2026-06-02T22:00:52Z</time></trkpt><trkpt lat="37.49164962768555" lon="126.92096710205078"><ele>26.0</ele><time>2026-06-02T22:00:53Z</time></trkpt><trkpt lat="37.49165725708008" lon="126.92098999023438"><ele>26.0</ele><time>2026-06-02T22:00:54Z</time></trkpt><trkpt lat="37.491661071777344" lon="126.92100524902344"><ele>26.0</ele><time>2026-06-02T22:00:55Z</time></trkpt><trkpt lat="37.49166488647461" lon="126.9210205078125"><ele>26.0</ele><time>2026-06-02T22:00:56Z</time></trkpt><trkpt lat="37.491661071777344" lon="126.9210433959961"><ele>26.200000762939453</ele><time>2026-06-02T22:00:57Z</time></trkpt><trkpt lat="37.491661071777344" lon="126.92105865478516"><ele>26.200000762939453</ele><time>2026-06-02T22:00:58Z</time></trkpt><trkpt lat="37.49165344238281" lon="126.92108154296875"><ele>26.200000762939453</ele><time>2026-06-02T22:00:59Z</time></trkpt><trkpt lat="37.49164581298828" lon="126.92110443115234"><ele>26.0</ele><time>2026-06-02T22:01:00Z</time></trkpt><trkpt lat="37.49163818359375" lon="126.92112731933594"><ele>26.0</ele><time>2026-06-02T22:01:01Z</time></trkpt><trkpt lat="37.49163818359375" lon="126.92115020751953"><ele>26.0</ele><time>2026-06-02T22:01:02Z</time></trkpt><trkpt lat="37.491634368896484" lon="126.9211654663086"><ele>26.0</ele><time>2026-06-02T22:01:03Z</time></trkpt><trkpt lat="37.49163818359375" lon="126.92118072509766"><ele>26.0</ele><time>2026-06-02T22:01:04Z</time></trkpt><trkpt lat="37.49163818359375" lon="126.92120361328125"><ele>26.0</ele><time>2026-06-02T22:01:05Z</time></trkpt><trkpt lat="37.491634368896484" lon="126.92122650146484"><ele>26.0</ele><time>2026-06-02T22:01:06Z</time></trkpt><trkpt lat="37.491634368896484" lon="126.9212417602539"><ele>26.0</ele><time>2026-06-02T22:01:07Z</time></trkpt><trkpt lat="37.49163055419922" lon="126.92127227783203"><ele>26.0</ele><time>2026-06-02T22:01:08Z</time></trkpt><trkpt lat="37.49162673950195" lon="126.9212875366211"><ele>26.0</ele><time>2026-06-02T22:01:09Z</time></trkpt><trkpt lat="37.49162292480469" lon="126.92131805419922"><ele>26.0</ele><time>2026-06-02T22:01:10Z</time></trkpt><trkpt lat="37.491615295410156" lon="126.92134094238281"><ele>26.0</ele><time>2026-06-02T22:01:11Z</time></trkpt><trkpt lat="37.491615295410156" lon="126.9213638305664"><ele>26.0</ele><time>2026-06-02T22:01:12Z</time></trkpt><trkpt lat="37.49161148071289" lon="126.92138671875"><ele>26.0</ele><time>2026-06-02T22:01:13Z</time></trkpt><trkpt lat="37.491607666015625" lon="126.9214096069336"><ele>26.0</ele><time>2026-06-02T22:01:14Z</time></trkpt><trkpt lat="37.49160385131836" lon="126.92143249511719"><ele>26.0</ele><time>2026-06-02T22:01:15Z</time></trkpt><trkpt lat="37.491600036621094" lon="126.92145538330078"><ele>26.0</ele><time>2026-06-02T22:01:16Z</time></trkpt><trkpt lat="37.49159240722656" lon="126.92147827148438"><ele>26.0</ele><time>2026-06-02T22:01:17Z</time></trkpt><trkpt lat="37.49159622192383" lon="126.92150115966797"><ele>26.0</ele><time>2026-06-02T22:01:18Z</time></trkpt><trkpt lat="37.4915885925293" lon="126.92151641845703"><ele>26.0</ele><time>2026-06-02T22:01:19Z</time></trkpt><trkpt lat="37.491580963134766" lon="126.92153930664062"><ele>26.0</ele><time>2026-06-02T22:01:20Z</time></trkpt><trkpt lat="37.491580963134766" lon="126.92155456542969"><ele>26.0</ele><time>2026-06-02T22:01:21Z</time></trkpt><trkpt lat="37.4915771484375" lon="126.92157745361328"><ele>26.0</ele><time>2026-06-02T22:01:22Z</time></trkpt><trkpt lat="37.491573333740234" lon="126.92160034179688"><ele>26.0</ele><time>2026-06-02T22:01:23Z</time></trkpt><trkpt lat="37.491573333740234" lon="126.92161560058594"><ele>26.0</ele><time>2026-06-02T22:01:24Z</time></trkpt><trkpt lat="37.4915657043457" lon="126.92164611816406"><ele>26.0</ele><time>2026-06-02T22:01:25Z</time></trkpt><trkpt lat="37.4915657043457" lon="126.92166900634766"><ele>26.0</ele><time>2026-06-02T22:01:26Z</time></trkpt><trkpt lat="37.4915657043457" lon="126.92169189453125"><ele>26.0</ele><time>2026-06-02T22:01:27Z</time></trkpt><trkpt lat="37.49155807495117" lon="126.92171478271484"><ele>26.0</ele><time>2026-06-02T22:01:28Z</time></trkpt><trkpt lat="37.491554260253906" lon="126.92173767089844"><ele>26.0</ele><time>2026-06-02T22:01:29Z</time></trkpt><trkpt lat="37.49155044555664" lon="126.92176055908203"><ele>26.0</ele><time>2026-06-02T22:01:30Z</time></trkpt><trkpt lat="37.49152755737305" lon="126.92178344726562"><ele>26.0</ele><time>2026-06-02T22:01:31Z</time></trkpt><trkpt lat="37.49151611328125" lon="126.92179107666016"><ele>26.0</ele><time>2026-06-02T22:01:32Z</time></trkpt><trkpt lat="37.491493225097656" lon="126.92179870605469"><ele>26.0</ele><time>2026-06-02T22:01:33Z</time></trkpt><trkpt lat="37.49147033691406" lon="126.92179870605469"><ele>26.0</ele><time>2026-06-02T22:01:34Z</time></trkpt><trkpt lat="37.491451263427734" lon="126.92179870605469"><ele>26.0</ele><time>2026-06-02T22:01:35Z</time></trkpt><trkpt lat="37.49143600463867" lon="126.92179870605469"><ele>26.0</ele><time>2026-06-02T22:01:36Z</time></trkpt><trkpt lat="37.49141311645508" lon="126.92179870605469"><ele>26.0</ele><time>2026-06-02T22:01:37Z</time></trkpt><trkpt lat="37.491397857666016" lon="126.92179107666016"><ele>26.0</ele><time>2026-06-02T22:01:38Z</time></trkpt><trkpt lat="37.49137878417969" lon="126.92179107666016"><ele>26.0</ele><time>2026-06-02T22:01:39Z</time></trkpt><trkpt lat="37.491355895996094" lon="126.9217758178711"><ele>26.200000762939453</ele><time>2026-06-02T22:01:40Z</time></trkpt><trkpt lat="37.49134063720703" lon="126.9217758178711"><ele>26.200000762939453</ele><time>2026-06-02T22:01:41Z</time></trkpt><trkpt lat="37.49131774902344" lon="126.92176055908203"><ele>26.200000762939453</ele><time>2026-06-02T22:01:42Z</time></trkpt><trkpt lat="37.49129867553711" lon="126.9217529296875"><ele>26.200000762939453</ele><time>2026-06-02T22:01:43Z</time></trkpt><trkpt lat="37.49128341674805" lon="126.9217529296875"><ele>26.200000762939453</ele><time>2026-06-02T22:01:44Z</time></trkpt><trkpt lat="37.49126052856445" lon="126.92174530029297"><ele>26.200000762939453</ele><time>2026-06-02T22:01:45Z</time></trkpt><trkpt lat="37.491241455078125" lon="126.92173767089844"><ele>26.200000762939453</ele><time>2026-06-02T22:01:46Z</time></trkpt><trkpt lat="37.49122619628906" lon="126.92173767089844"><ele>26.200000762939453</ele><time>2026-06-02T22:01:47Z</time></trkpt><trkpt lat="37.491214752197266" lon="126.92173767089844"><ele>26.200000762939453</ele><time>2026-06-02T22:01:48Z</time></trkpt><trkpt lat="37.49120330810547" lon="126.92174530029297"><ele>26.200000762939453</ele><time>2026-06-02T22:01:49Z</time></trkpt><trkpt lat="37.49119567871094" lon="126.92173767089844"><ele>26.0</ele><time>2026-06-02T22:01:50Z</time></trkpt><trkpt lat="37.49118423461914" lon="126.92173767089844"><ele>26.0</ele><time>2026-06-02T22:01:51Z</time></trkpt><trkpt lat="37.49116134643555" lon="126.9217300415039"><ele>26.0</ele><time>2026-06-02T22:01:52Z</time></trkpt><trkpt lat="37.491146087646484" lon="126.92172241210938"><ele>26.0</ele><time>2026-06-02T22:01:53Z</time></trkpt><trkpt lat="37.49113082885742" lon="126.92171478271484"><ele>26.0</ele><time>2026-06-02T22:01:54Z</time></trkpt><trkpt lat="37.49110794067383" lon="126.92170715332031"><ele>26.0</ele><time>2026-06-02T22:01:55Z</time></trkpt><trkpt lat="37.491092681884766" lon="126.92170715332031"><ele>26.0</ele><time>2026-06-02T22:01:56Z</time></trkpt><trkpt lat="37.49108123779297" lon="126.92169952392578"><ele>26.0</ele><time>2026-06-02T22:01:57Z</time></trkpt><trkpt lat="37.49106216430664" lon="126.92169189453125"><ele>26.0</ele><time>2026-06-02T22:01:58Z</time></trkpt><trkpt lat="37.49104309082031" lon="126.92168426513672"><ele>26.0</ele><time>2026-06-02T22:01:59Z</time></trkpt><trkpt lat="37.49102783203125" lon="126.92168426513672"><ele>26.0</ele><time>2026-06-02T22:02:00Z</time></trkpt><trkpt lat="37.49101257324219" lon="126.92167663574219"><ele>26.0</ele><time>2026-06-02T22:02:01Z</time></trkpt><trkpt lat="37.49099349975586" lon="126.92166900634766"><ele>26.0</ele><time>2026-06-02T22:02:02Z</time></trkpt><trkpt lat="37.4909782409668" lon="126.92166900634766"><ele>26.0</ele><time>2026-06-02T22:02:03Z</time></trkpt><trkpt lat="37.4909553527832" lon="126.92166900634766"><ele>26.0</ele><time>2026-06-02T22:02:04Z</time></trkpt><trkpt lat="37.49094009399414" lon="126.92166137695312"><ele>26.0</ele><time>2026-06-02T22:02:05Z</time></trkpt><trkpt lat="37.49092102050781" lon="126.92166137695312"><ele>26.0</ele><time>2026-06-02T22:02:06Z</time></trkpt><trkpt lat="37.49089813232422" lon="126.9216537475586"><ele>26.0</ele><time>2026-06-02T22:02:07Z</time></trkpt><trkpt lat="37.490882873535156" lon="126.92164611816406"><ele>26.0</ele><time>2026-06-02T22:02:08Z</time></trkpt><trkpt lat="37.49085998535156" lon="126.92164611816406"><ele>26.0</ele><time>2026-06-02T22:02:09Z</time></trkpt><trkpt lat="37.490840911865234" lon="126.92163848876953"><ele>26.0</ele><time>2026-06-02T22:02:10Z</time></trkpt><trkpt lat="37.49082565307617" lon="126.92163848876953"><ele>26.0</ele><time>2026-06-02T22:02:11Z</time></trkpt><trkpt lat="37.49080276489258" lon="126.921630859375"><ele>26.0</ele><time>2026-06-02T22:02:12Z</time></trkpt><trkpt lat="37.490779876708984" lon="126.92162322998047"><ele>26.0</ele><time>2026-06-02T22:02:13Z</time></trkpt><trkpt lat="37.490760803222656" lon="126.92162322998047"><ele>26.0</ele><time>2026-06-02T22:02:14Z</time></trkpt><trkpt lat="37.49073791503906" lon="126.92161560058594"><ele>26.0</ele><time>2026-06-02T22:02:15Z</time></trkpt><trkpt lat="37.49072265625" lon="126.9216079711914"><ele>25.799999237060547</ele><time>2026-06-02T22:02:16Z</time></trkpt><trkpt lat="37.49070739746094" lon="126.92160034179688"><ele>25.799999237060547</ele><time>2026-06-02T22:02:17Z</time></trkpt><trkpt lat="37.49069595336914" lon="126.92158508300781"><ele>25.799999237060547</ele><time>2026-06-02T22:02:18Z</time></trkpt><trkpt lat="37.49069595336914" lon="126.92155456542969"><ele>25.799999237060547</ele><time>2026-06-02T22:02:19Z</time></trkpt><trkpt lat="37.49069595336914" lon="126.92153930664062"><ele>25.799999237060547</ele><time>2026-06-02T22:02:20Z</time></trkpt><trkpt lat="37.490699768066406" lon="126.9215087890625"><ele>25.799999237060547</ele><time>2026-06-02T22:02:21Z</time></trkpt><trkpt lat="37.49070358276367" lon="126.9214859008789"><ele>25.600000381469727</ele><time>2026-06-02T22:02:22Z</time></trkpt><trkpt lat="37.49070739746094" lon="126.92146301269531"><ele>25.600000381469727</ele><time>2026-06-02T22:02:23Z</time></trkpt><trkpt lat="37.4907112121582" lon="126.92144012451172"><ele>25.799999237060547</ele><time>2026-06-02T22:02:24Z</time></trkpt><trkpt lat="37.49071502685547" lon="126.9214096069336"><ele>25.799999237060547</ele><time>2026-06-02T22:02:25Z</time></trkpt><trkpt lat="37.49071502685547" lon="126.92138671875"><ele>25.799999237060547</ele><time>2026-06-02T22:02:26Z</time></trkpt><trkpt lat="37.490718841552734" lon="126.9213638305664"><ele>25.799999237060547</ele><time>2026-06-02T22:02:27Z</time></trkpt><trkpt lat="37.49072265625" lon="126.92134094238281"><ele>25.799999237060547</ele><time>2026-06-02T22:02:28Z</time></trkpt><trkpt lat="37.490726470947266" lon="126.92131042480469"><ele>25.799999237060547</ele><time>2026-06-02T22:02:29Z</time></trkpt><trkpt lat="37.4907341003418" lon="126.9212875366211"><ele>25.799999237060547</ele><time>2026-06-02T22:02:30Z</time></trkpt><trkpt lat="37.490745544433594" lon="126.92124938964844"><ele>25.799999237060547</ele><time>2026-06-02T22:02:31Z</time></trkpt><trkpt lat="37.490753173828125" lon="126.92122650146484"><ele>25.799999237060547</ele><time>2026-06-02T22:02:32Z</time></trkpt><trkpt lat="37.49075698852539" lon="126.92120361328125"><ele>25.799999237060547</ele><time>2026-06-02T22:02:33Z</time></trkpt><trkpt lat="37.490760803222656" lon="126.92118072509766"><ele>25.799999237060547</ele><time>2026-06-02T22:02:34Z</time></trkpt><trkpt lat="37.490760803222656" lon="126.9211654663086"><ele>25.799999237060547</ele><time>2026-06-02T22:02:35Z</time></trkpt><trkpt lat="37.490760803222656" lon="126.92115020751953"><ele>25.799999237060547</ele><time>2026-06-02T22:02:36Z</time></trkpt><trkpt lat="37.49076843261719" lon="126.92112731933594"><ele>25.799999237060547</ele><time>2026-06-02T22:02:37Z</time></trkpt><trkpt lat="37.49077224731445" lon="126.92110443115234"><ele>25.799999237060547</ele><time>2026-06-02T22:02:38Z</time></trkpt><trkpt lat="37.49077606201172" lon="126.92108154296875"><ele>25.799999237060547</ele><time>2026-06-02T22:02:39Z</time></trkpt><trkpt lat="37.49078369140625" lon="126.92105865478516"><ele>25.799999237060547</ele><time>2026-06-02T22:02:40Z</time></trkpt><trkpt lat="37.49078369140625" lon="126.92103576660156"><ele>25.799999237060547</ele><time>2026-06-02T22:02:41Z</time></trkpt><trkpt lat="37.49079132080078" lon="126.92101287841797"><ele>25.799999237060547</ele><time>2026-06-02T22:02:42Z</time></trkpt><trkpt lat="37.49079513549805" lon="126.92098236083984"><ele>25.799999237060547</ele><time>2026-06-02T22:02:43Z</time></trkpt><trkpt lat="37.49079513549805" lon="126.92095947265625"><ele>25.799999237060547</ele><time>2026-06-02T22:02:44Z</time></trkpt><trkpt lat="37.49079513549805" lon="126.92094421386719"><ele>25.799999237060547</ele><time>2026-06-02T22:02:45Z</time></trkpt><trkpt lat="37.49079895019531" lon="126.92091369628906"><ele>26.0</ele><time>2026-06-02T22:02:46Z</time></trkpt><trkpt lat="37.49080276489258" lon="126.9208984375"><ele>26.0</ele><time>2026-06-02T22:02:47Z</time></trkpt><trkpt lat="37.49080276489258" lon="126.9208755493164"><ele>26.0</ele><time>2026-06-02T22:02:48Z</time></trkpt><trkpt lat="37.49080276489258" lon="126.92084503173828"><ele>26.0</ele><time>2026-06-02T22:02:49Z</time></trkpt><trkpt lat="37.49080276489258" lon="126.92082977294922"><ele>26.0</ele><time>2026-06-02T22:02:50Z</time></trkpt><trkpt lat="37.49080276489258" lon="126.92080688476562"><ele>25.799999237060547</ele><time>2026-06-02T22:02:51Z</time></trkpt><trkpt lat="37.49080276489258" lon="126.9207763671875"><ele>25.799999237060547</ele><time>2026-06-02T22:02:52Z</time></trkpt><trkpt lat="37.49079895019531" lon="126.9207534790039"><ele>25.799999237060547</ele><time>2026-06-02T22:02:53Z</time></trkpt><trkpt lat="37.49079895019531" lon="126.92073059082031"><ele>25.799999237060547</ele><time>2026-06-02T22:02:54Z</time></trkpt><trkpt lat="37.49079895019531" lon="126.92070007324219"><ele>25.799999237060547</ele><time>2026-06-02T22:02:55Z</time></trkpt><trkpt lat="37.49080276489258" lon="126.92068481445312"><ele>26.0</ele><time>2026-06-02T22:02:56Z</time></trkpt><trkpt lat="37.49079895019531" lon="126.92066192626953"><ele>26.0</ele><time>2026-06-02T22:02:57Z</time></trkpt><trkpt lat="37.49079895019531" lon="126.92063903808594"><ele>26.0</ele><time>2026-06-02T22:02:58Z</time></trkpt><trkpt lat="37.49079895019531" lon="126.92062377929688"><ele>26.0</ele><time>2026-06-02T22:02:59Z</time></trkpt><trkpt lat="37.49079895019531" lon="126.92060852050781"><ele>26.0</ele><time>2026-06-02T22:03:00Z</time></trkpt><trkpt lat="37.49079513549805" lon="126.92058563232422"><ele>26.0</ele><time>2026-06-02T22:03:01Z</time></trkpt><trkpt lat="37.49079513549805" lon="126.92057037353516"><ele>26.0</ele><time>2026-06-02T22:03:02Z</time></trkpt><trkpt lat="37.49079132080078" lon="126.9205551147461"><ele>26.0</ele><time>2026-06-02T22:03:03Z</time></trkpt><trkpt lat="37.490787506103516" lon="126.9205322265625"><ele>26.0</ele><time>2026-06-02T22:03:04Z</time></trkpt><trkpt lat="37.490787506103516" lon="126.9205093383789"><ele>26.0</ele><time>2026-06-02T22:03:05Z</time></trkpt><trkpt lat="37.49078369140625" lon="126.92048645019531"><ele>26.0</ele><time>2026-06-02T22:03:06Z</time></trkpt><trkpt lat="37.49078369140625" lon="126.92045593261719"><ele>26.0</ele><time>2026-06-02T22:03:07Z</time></trkpt><trkpt lat="37.490779876708984" lon="126.9204330444336"><ele>26.0</ele><time>2026-06-02T22:03:08Z</time></trkpt><trkpt lat="37.49077606201172" lon="126.92041015625"><ele>25.799999237060547</ele><time>2026-06-02T22:03:09Z</time></trkpt><trkpt lat="37.49077224731445" lon="126.9203872680664"><ele>25.799999237060547</ele><time>2026-06-02T22:03:10Z</time></trkpt><trkpt lat="37.49077224731445" lon="126.92035675048828"><ele>25.799999237060547</ele><time>2026-06-02T22:03:11Z</time></trkpt><trkpt lat="37.49076461791992" lon="126.92034149169922"><ele>25.799999237060547</ele><time>2026-06-02T22:03:12Z</time></trkpt><trkpt lat="37.49076461791992" lon="126.92031860351562"><ele>25.799999237060547</ele><time>2026-06-02T22:03:13Z</time></trkpt><trkpt lat="37.490760803222656" lon="126.92029571533203"><ele>26.0</ele><time>2026-06-02T22:03:14Z</time></trkpt><trkpt lat="37.49075698852539" lon="126.92027282714844"><ele>26.0</ele><time>2026-06-02T22:03:15Z</time></trkpt><trkpt lat="37.490753173828125" lon="126.92024993896484"><ele>26.0</ele><time>2026-06-02T22:03:16Z</time></trkpt><trkpt lat="37.49074935913086" lon="126.92022705078125"><ele>26.0</ele><time>2026-06-02T22:03:17Z</time></trkpt><trkpt lat="37.490745544433594" lon="126.92021179199219"><ele>26.0</ele><time>2026-06-02T22:03:18Z</time></trkpt><trkpt lat="37.49074172973633" lon="126.9201889038086"><ele>26.0</ele><time>2026-06-02T22:03:19Z</time></trkpt><trkpt lat="37.49074172973633" lon="126.920166015625"><ele>25.799999237060547</ele><time>2026-06-02T22:03:20Z</time></trkpt><trkpt lat="37.49074172973633" lon="126.92015838623047"><ele>25.799999237060547</ele><time>2026-06-02T22:03:21Z</time></trkpt><trkpt lat="37.490745544433594" lon="126.92015075683594"><ele>25.799999237060547</ele><time>2026-06-02T22:03:22Z</time></trkpt><trkpt lat="37.490745544433594" lon="126.92012786865234"><ele>25.799999237060547</ele><time>2026-06-02T22:03:23Z</time></trkpt><trkpt lat="37.49074172973633" lon="126.92012023925781"><ele>25.799999237060547</ele><time>2026-06-02T22:03:24Z</time></trkpt><trkpt lat="37.4907341003418" lon="126.92010498046875"><ele>25.799999237060547</ele><time>2026-06-02T22:03:25Z</time></trkpt><trkpt lat="37.49073028564453" lon="126.92008209228516"><ele>25.799999237060547</ele><time>2026-06-02T22:03:26Z</time></trkpt><trkpt lat="37.490726470947266" lon="126.92005920410156"><ele>25.799999237060547</ele><time>2026-06-02T22:03:27Z</time></trkpt><trkpt lat="37.49072265625" lon="126.92003631591797"><ele>25.799999237060547</ele><time>2026-06-02T22:03:28Z</time></trkpt><trkpt lat="37.490718841552734" lon="126.92001342773438"><ele>25.600000381469727</ele><time>2026-06-02T22:03:29Z</time></trkpt><trkpt lat="37.49071502685547" lon="126.91999053955078"><ele>25.600000381469727</ele><time>2026-06-02T22:03:30Z</time></trkpt><trkpt lat="37.49071502685547" lon="126.91997528076172"><ele>25.600000381469727</ele><time>2026-06-02T22:03:31Z</time></trkpt><trkpt lat="37.4907112121582" lon="126.91995239257812"><ele>25.600000381469727</ele><time>2026-06-02T22:03:32Z</time></trkpt><trkpt lat="37.49070358276367" lon="126.91992950439453"><ele>25.600000381469727</ele><time>2026-06-02T22:03:33Z</time></trkpt><trkpt lat="37.49069595336914" lon="126.91990661621094"><ele>25.600000381469727</ele><time>2026-06-02T22:03:34Z</time></trkpt><trkpt lat="37.490692138671875" lon="126.91988372802734"><ele>25.600000381469727</ele><time>2026-06-02T22:03:35Z</time></trkpt><trkpt lat="37.490684509277344" lon="126.91985321044922"><ele>25.600000381469727</ele><time>2026-06-02T22:03:36Z</time></trkpt><trkpt lat="37.490684509277344" lon="126.91983795166016"><ele>25.600000381469727</ele><time>2026-06-02T22:03:37Z</time></trkpt><trkpt lat="37.49068069458008" lon="126.91981506347656"><ele>25.600000381469727</ele><time>2026-06-02T22:03:38Z</time></trkpt><trkpt lat="37.49067687988281" lon="126.91979217529297"><ele>25.600000381469727</ele><time>2026-06-02T22:03:39Z</time></trkpt><trkpt lat="37.49067306518555" lon="126.9197769165039"><ele>25.600000381469727</ele><time>2026-06-02T22:03:40Z</time></trkpt><trkpt lat="37.49066925048828" lon="126.91975402832031"><ele>25.600000381469727</ele><time>2026-06-02T22:03:41Z</time></trkpt><trkpt lat="37.490665435791016" lon="126.91973114013672"><ele>25.600000381469727</ele><time>2026-06-02T22:03:42Z</time></trkpt><trkpt lat="37.49066162109375" lon="126.91970825195312"><ele>25.600000381469727</ele><time>2026-06-02T22:03:43Z</time></trkpt><trkpt lat="37.490657806396484" lon="126.91969299316406"><ele>25.600000381469727</ele><time>2026-06-02T22:03:44Z</time></trkpt><trkpt lat="37.49065017700195" lon="126.91966247558594"><ele>25.600000381469727</ele><time>2026-06-02T22:03:45Z</time></trkpt><trkpt lat="37.49065017700195" lon="126.91964721679688"><ele>25.600000381469727</ele><time>2026-06-02T22:03:46Z</time></trkpt><trkpt lat="37.49065017700195" lon="126.91962432861328"><ele>25.600000381469727</ele><time>2026-06-02T22:03:47Z</time></trkpt><trkpt lat="37.49065017700195" lon="126.91960144042969"><ele>25.600000381469727</ele><time>2026-06-02T22:03:48Z</time></trkpt><trkpt lat="37.49064254760742" lon="126.91958618164062"><ele>25.600000381469727</ele><time>2026-06-02T22:03:49Z</time></trkpt><trkpt lat="37.490638732910156" lon="126.91956329345703"><ele>25.399999618530273</ele><time>2026-06-02T22:03:50Z</time></trkpt><trkpt lat="37.49063491821289" lon="126.91954040527344"><ele>25.399999618530273</ele><time>2026-06-02T22:03:51Z</time></trkpt><trkpt lat="37.49062728881836" lon="126.91952514648438"><ele>25.399999618530273</ele><time>2026-06-02T22:03:52Z</time></trkpt><trkpt lat="37.490623474121094" lon="126.91949462890625"><ele>25.399999618530273</ele><time>2026-06-02T22:03:53Z</time></trkpt><trkpt lat="37.49061965942383" lon="126.91947174072266"><ele>25.399999618530273</ele><time>2026-06-02T22:03:54Z</time></trkpt><trkpt lat="37.49061584472656" lon="126.9194564819336"><ele>25.399999618530273</ele><time>2026-06-02T22:03:55Z</time></trkpt><trkpt lat="37.49060821533203" lon="126.91942596435547"><ele>25.399999618530273</ele><time>2026-06-02T22:03:56Z</time></trkpt><trkpt lat="37.49060821533203" lon="126.91941833496094"><ele>25.399999618530273</ele><time>2026-06-02T22:03:57Z</time></trkpt><trkpt lat="37.490604400634766" lon="126.9194107055664"><ele>25.399999618530273</ele><time>2026-06-02T22:03:58Z</time></trkpt><trkpt lat="37.4906005859375" lon="126.91940307617188"><ele>25.399999618530273</ele><time>2026-06-02T22:03:59Z</time></trkpt><trkpt lat="37.490596771240234" lon="126.91938781738281"><ele>25.399999618530273</ele><time>2026-06-02T22:04:00Z</time></trkpt><trkpt lat="37.4905891418457" lon="126.91937255859375"><ele>25.399999618530273</ele><time>2026-06-02T22:04:01Z</time></trkpt><trkpt lat="37.49058151245117" lon="126.91934967041016"><ele>25.399999618530273</ele><time>2026-06-02T22:04:02Z</time></trkpt><trkpt lat="37.490577697753906" lon="126.9193344116211"><ele>25.399999618530273</ele><time>2026-06-02T22:04:03Z</time></trkpt><trkpt lat="37.490570068359375" lon="126.91931915283203"><ele>25.399999618530273</ele><time>2026-06-02T22:04:04Z</time></trkpt><trkpt lat="37.490570068359375" lon="126.91929626464844"><ele>25.399999618530273</ele><time>2026-06-02T22:04:05Z</time></trkpt><trkpt lat="37.490570068359375" lon="126.91927337646484"><ele>25.399999618530273</ele><time>2026-06-02T22:04:06Z</time></trkpt><trkpt lat="37.490562438964844" lon="126.91925048828125"><ele>25.200000762939453</ele><time>2026-06-02T22:04:07Z</time></trkpt><trkpt lat="37.490562438964844" lon="126.91922760009766"><ele>25.200000762939453</ele><time>2026-06-02T22:04:08Z</time></trkpt><trkpt lat="37.49055862426758" lon="126.91920471191406"><ele>25.200000762939453</ele><time>2026-06-02T22:04:09Z</time></trkpt><trkpt lat="37.49055480957031" lon="126.91918182373047"><ele>25.200000762939453</ele><time>2026-06-02T22:04:10Z</time></trkpt><trkpt lat="37.49055480957031" lon="126.91915893554688"><ele>25.200000762939453</ele><time>2026-06-02T22:04:11Z</time></trkpt><trkpt lat="37.49055480957031" lon="126.91913604736328"><ele>25.200000762939453</ele><time>2026-06-02T22:04:12Z</time></trkpt><trkpt lat="37.49055862426758" lon="126.91911315917969"><ele>25.200000762939453</ele><time>2026-06-02T22:04:13Z</time></trkpt><trkpt lat="37.49055862426758" lon="126.91909790039062"><ele>25.200000762939453</ele><time>2026-06-02T22:04:14Z</time></trkpt><trkpt lat="37.490562438964844" lon="126.91907501220703"><ele>25.200000762939453</ele><time>2026-06-02T22:04:15Z</time></trkpt><trkpt lat="37.49056625366211" lon="126.91905212402344"><ele>25.200000762939453</ele><time>2026-06-02T22:04:16Z</time></trkpt><trkpt lat="37.49056625366211" lon="126.91903686523438"><ele>25.200000762939453</ele><time>2026-06-02T22:04:17Z</time></trkpt><trkpt lat="37.490570068359375" lon="126.91900634765625"><ele>25.0</ele><time>2026-06-02T22:04:18Z</time></trkpt><trkpt lat="37.490577697753906" lon="126.91898345947266"><ele>25.0</ele><time>2026-06-02T22:04:19Z</time></trkpt><trkpt lat="37.49058151245117" lon="126.91896057128906"><ele>25.0</ele><time>2026-06-02T22:04:20Z</time></trkpt><trkpt lat="37.49058532714844" lon="126.91893005371094"><ele>25.0</ele><time>2026-06-02T22:04:21Z</time></trkpt><trkpt lat="37.4905891418457" lon="126.91889953613281"><ele>25.200000762939453</ele><time>2026-06-02T22:04:22Z</time></trkpt><trkpt lat="37.4905891418457" lon="126.91887664794922"><ele>25.200000762939453</ele><time>2026-06-02T22:04:23Z</time></trkpt><trkpt lat="37.4905891418457" lon="126.91885375976562"><ele>25.200000762939453</ele><time>2026-06-02T22:04:24Z</time></trkpt><trkpt lat="37.49059295654297" lon="126.9188232421875"><ele>25.200000762939453</ele><time>2026-06-02T22:04:25Z</time></trkpt><trkpt lat="37.49059295654297" lon="126.9188003540039"><ele>25.200000762939453</ele><time>2026-06-02T22:04:26Z</time></trkpt><trkpt lat="37.4906005859375" lon="126.91877746582031"><ele>25.0</ele><time>2026-06-02T22:04:27Z</time></trkpt><trkpt lat="37.49061965942383" lon="126.91875457763672"><ele>25.0</ele><time>2026-06-02T22:04:28Z</time></trkpt><trkpt lat="37.490631103515625" lon="126.91873168945312"><ele>25.0</ele><time>2026-06-02T22:04:29Z</time></trkpt><trkpt lat="37.490638732910156" lon="126.91871643066406"><ele>25.0</ele><time>2026-06-02T22:04:30Z</time></trkpt><trkpt lat="37.49064636230469" lon="126.91869354248047"><ele>25.0</ele><time>2026-06-02T22:04:31Z</time></trkpt><trkpt lat="37.49065017700195" lon="126.9186782836914"><ele>25.0</ele><time>2026-06-02T22:04:32Z</time></trkpt><trkpt lat="37.49065399169922" lon="126.91864776611328"><ele>25.0</ele><time>2026-06-02T22:04:33Z</time></trkpt><trkpt lat="37.490657806396484" lon="126.91863250732422"><ele>25.0</ele><time>2026-06-02T22:04:34Z</time></trkpt><trkpt lat="37.490657806396484" lon="126.91861724853516"><ele>25.0</ele><time>2026-06-02T22:04:35Z</time></trkpt><trkpt lat="37.490665435791016" lon="126.91859436035156"><ele>25.0</ele><time>2026-06-02T22:04:36Z</time></trkpt><trkpt lat="37.49066925048828" lon="126.9185791015625"><ele>25.0</ele><time>2026-06-02T22:04:37Z</time></trkpt><trkpt lat="37.49067306518555" lon="126.9185562133789"><ele>25.0</ele><time>2026-06-02T22:04:38Z</time></trkpt><trkpt lat="37.49068069458008" lon="126.91853332519531"><ele>25.0</ele><time>2026-06-02T22:04:39Z</time></trkpt><trkpt lat="37.490684509277344" lon="126.91851043701172"><ele>25.0</ele><time>2026-06-02T22:04:40Z</time></trkpt><trkpt lat="37.490684509277344" lon="126.91848754882812"><ele>25.0</ele><time>2026-06-02T22:04:41Z</time></trkpt><trkpt lat="37.490692138671875" lon="126.91846466064453"><ele>25.0</ele><time>2026-06-02T22:04:42Z</time></trkpt><trkpt lat="37.49069595336914" lon="126.91844177246094"><ele>25.0</ele><time>2026-06-02T22:04:43Z</time></trkpt><trkpt lat="37.49069595336914" lon="126.91841888427734"><ele>25.0</ele><time>2026-06-02T22:04:44Z</time></trkpt><trkpt lat="37.49070358276367" lon="126.91839599609375"><ele>25.0</ele><time>2026-06-02T22:04:45Z</time></trkpt><trkpt lat="37.49070739746094" lon="126.91838073730469"><ele>25.0</ele><time>2026-06-02T22:04:46Z</time></trkpt><trkpt lat="37.4907112121582" lon="126.9183578491211"><ele>25.0</ele><time>2026-06-02T22:04:47Z</time></trkpt><trkpt lat="37.490718841552734" lon="126.91832733154297"><ele>25.0</ele><time>2026-06-02T22:04:48Z</time></trkpt><trkpt lat="37.49071502685547" lon="126.91830444335938"><ele>25.0</ele><time>2026-06-02T22:04:49Z</time></trkpt><trkpt lat="37.49071502685547" lon="126.91828155517578"><ele>25.0</ele><time>2026-06-02T22:04:50Z</time></trkpt><trkpt lat="37.49072265625" lon="126.91825866699219"><ele>25.0</ele><time>2026-06-02T22:04:51Z</time></trkpt><trkpt lat="37.49072265625" lon="126.91824340820312"><ele>25.0</ele><time>2026-06-02T22:04:52Z</time></trkpt><trkpt lat="37.490726470947266" lon="126.91822052001953"><ele>25.0</ele><time>2026-06-02T22:04:53Z</time></trkpt><trkpt lat="37.4907341003418" lon="126.91820526123047"><ele>25.0</ele><time>2026-06-02T22:04:54Z</time></trkpt><trkpt lat="37.49073791503906" lon="126.91818237304688"><ele>25.0</ele><time>2026-06-02T22:04:55Z</time></trkpt><trkpt lat="37.49074172973633" lon="126.91816711425781"><ele>25.0</ele><time>2026-06-02T22:04:56Z</time></trkpt><trkpt lat="37.490745544433594" lon="126.91813659667969"><ele>25.0</ele><time>2026-06-02T22:04:57Z</time></trkpt><trkpt lat="37.49074935913086" lon="126.91812133789062"><ele>25.0</ele><time>2026-06-02T22:04:58Z</time></trkpt><trkpt lat="37.49074935913086" lon="126.91810607910156"><ele>25.0</ele><time>2026-06-02T22:04:59Z</time></trkpt><trkpt lat="37.49074935913086" lon="126.91809844970703"><ele>25.0</ele><time>2026-06-02T22:05:00Z</time></trkpt><trkpt lat="37.49074935913086" lon="126.9180908203125"><ele>25.200000762939453</ele><time>2026-06-02T22:05:01Z</time></trkpt><trkpt lat="37.49074935913086" lon="126.91808319091797"><ele>25.200000762939453</ele><time>2026-06-02T22:05:02Z</time></trkpt><trkpt lat="37.490753173828125" lon="126.91806030273438"><ele>25.200000762939453</ele><time>2026-06-02T22:05:03Z</time></trkpt><trkpt lat="37.49075698852539" lon="126.91803741455078"><ele>25.0</ele><time>2026-06-02T22:05:04Z</time></trkpt><trkpt lat="37.490760803222656" lon="126.91801452636719"><ele>25.0</ele><time>2026-06-02T22:05:05Z</time></trkpt><trkpt lat="37.49077224731445" lon="126.9179916381836"><ele>25.0</ele><time>2026-06-02T22:05:06Z</time></trkpt><trkpt lat="37.49077606201172" lon="126.91797637939453"><ele>25.0</ele><time>2026-06-02T22:05:07Z</time></trkpt><trkpt lat="37.490779876708984" lon="126.91796112060547"><ele>25.0</ele><time>2026-06-02T22:05:08Z</time></trkpt><trkpt lat="37.49078369140625" lon="126.91793823242188"><ele>25.0</ele><time>2026-06-02T22:05:09Z</time></trkpt><trkpt lat="37.49078369140625" lon="126.91791534423828"><ele>25.0</ele><time>2026-06-02T22:05:10Z</time></trkpt><trkpt lat="37.490787506103516" lon="126.91789245605469"><ele>25.0</ele><time>2026-06-02T22:05:11Z</time></trkpt><trkpt lat="37.49079513549805" lon="126.9178695678711"><ele>25.0</ele><time>2026-06-02T22:05:12Z</time></trkpt><trkpt lat="37.49079895019531" lon="126.91785430908203"><ele>25.0</ele><time>2026-06-02T22:05:13Z</time></trkpt><trkpt lat="37.49080276489258" lon="126.91783142089844"><ele>25.0</ele><time>2026-06-02T22:05:14Z</time></trkpt><trkpt lat="37.490806579589844" lon="126.91780853271484"><ele>25.0</ele><time>2026-06-02T22:05:15Z</time></trkpt><trkpt lat="37.49081039428711" lon="126.91779327392578"><ele>25.0</ele><time>2026-06-02T22:05:16Z</time></trkpt><trkpt lat="37.490814208984375" lon="126.91777038574219"><ele>25.0</ele><time>2026-06-02T22:05:17Z</time></trkpt><trkpt lat="37.490814208984375" lon="126.9177474975586"><ele>25.0</ele><time>2026-06-02T22:05:18Z</time></trkpt><trkpt lat="37.490821838378906" lon="126.91771697998047"><ele>25.200000762939453</ele><time>2026-06-02T22:05:19Z</time></trkpt><trkpt lat="37.49082946777344" lon="126.91769409179688"><ele>25.200000762939453</ele><time>2026-06-02T22:05:20Z</time></trkpt><trkpt lat="37.49082946777344" lon="126.91767120361328"><ele>25.0</ele><time>2026-06-02T22:05:21Z</time></trkpt><trkpt lat="37.49083709716797" lon="126.91764068603516"><ele>25.0</ele><time>2026-06-02T22:05:22Z</time></trkpt><trkpt lat="37.490840911865234" lon="126.91761779785156"><ele>25.0</ele><time>2026-06-02T22:05:23Z</time></trkpt><trkpt lat="37.490840911865234" lon="126.9176025390625"><ele>25.0</ele><time>2026-06-02T22:05:24Z</time></trkpt><trkpt lat="37.490840911865234" lon="126.91758728027344"><ele>25.200000762939453</ele><time>2026-06-02T22:05:25Z</time></trkpt><trkpt lat="37.490848541259766" lon="126.91757202148438"><ele>25.200000762939453</ele><time>2026-06-02T22:05:26Z</time></trkpt><trkpt lat="37.4908561706543" lon="126.91754913330078"><ele>25.200000762939453</ele><time>2026-06-02T22:05:27Z</time></trkpt><trkpt lat="37.49086380004883" lon="126.91752624511719"><ele>25.200000762939453</ele><time>2026-06-02T22:05:28Z</time></trkpt><trkpt lat="37.49086380004883" lon="126.91751098632812"><ele>25.200000762939453</ele><time>2026-06-02T22:05:29Z</time></trkpt><trkpt lat="37.490867614746094" lon="126.91748809814453"><ele>25.200000762939453</ele><time>2026-06-02T22:05:30Z</time></trkpt><trkpt lat="37.490875244140625" lon="126.9174575805664"><ele>25.200000762939453</ele><time>2026-06-02T22:05:31Z</time></trkpt><trkpt lat="37.49087905883789" lon="126.91744232177734"><ele>25.399999618530273</ele><time>2026-06-02T22:05:32Z</time></trkpt><trkpt lat="37.49087905883789" lon="126.91741943359375"><ele>25.399999618530273</ele><time>2026-06-02T22:05:33Z</time></trkpt><trkpt lat="37.49088668823242" lon="126.91738891601562"><ele>25.600000381469727</ele><time>2026-06-02T22:05:34Z</time></trkpt><trkpt lat="37.49088668823242" lon="126.91736602783203"><ele>25.600000381469727</ele><time>2026-06-02T22:05:35Z</time></trkpt><trkpt lat="37.49088668823242" lon="126.91735076904297"><ele>25.600000381469727</ele><time>2026-06-02T22:05:36Z</time></trkpt><trkpt lat="37.49088668823242" lon="126.91732025146484"><ele>25.600000381469727</ele><time>2026-06-02T22:05:37Z</time></trkpt><trkpt lat="37.490882873535156" lon="126.91729736328125"><ele>25.600000381469727</ele><time>2026-06-02T22:05:38Z</time></trkpt><trkpt lat="37.49087142944336" lon="126.91728210449219"><ele>25.600000381469727</ele><time>2026-06-02T22:05:39Z</time></trkpt><trkpt lat="37.49085998535156" lon="126.9172592163086"><ele>25.600000381469727</ele><time>2026-06-02T22:05:40Z</time></trkpt><trkpt lat="37.490848541259766" lon="126.917236328125"><ele>25.600000381469727</ele><time>2026-06-02T22:05:41Z</time></trkpt><trkpt lat="37.4908332824707" lon="126.9172134399414"><ele>25.799999237060547</ele><time>2026-06-02T22:05:42Z</time></trkpt><trkpt lat="37.490821838378906" lon="126.91719055175781"><ele>25.799999237060547</ele><time>2026-06-02T22:05:43Z</time></trkpt><trkpt lat="37.49081039428711" lon="126.91717529296875"><ele>25.799999237060547</ele><time>2026-06-02T22:05:44Z</time></trkpt><trkpt lat="37.49079513549805" lon="126.91716003417969"><ele>25.799999237060547</ele><time>2026-06-02T22:05:45Z</time></trkpt><trkpt lat="37.490787506103516" lon="126.91714477539062"><ele>25.799999237060547</ele><time>2026-06-02T22:05:46Z</time></trkpt><trkpt lat="37.490779876708984" lon="126.91712951660156"><ele>25.799999237060547</ele><time>2026-06-02T22:05:47Z</time></trkpt><trkpt lat="37.490779876708984" lon="126.9171142578125"><ele>25.600000381469727</ele><time>2026-06-02T22:05:48Z</time></trkpt><trkpt lat="37.49077606201172" lon="126.91710662841797"><ele>25.600000381469727</ele><time>2026-06-02T22:05:49Z</time></trkpt><trkpt lat="37.49077224731445" lon="126.9170913696289"><ele>25.600000381469727</ele><time>2026-06-02T22:05:50Z</time></trkpt><trkpt lat="37.49076843261719" lon="126.9170913696289"><ele>25.600000381469727</ele><time>2026-06-02T22:05:51Z</time></trkpt><trkpt lat="37.49076461791992" lon="126.91707611083984"><ele>25.600000381469727</ele><time>2026-06-02T22:05:52Z</time></trkpt><trkpt lat="37.490760803222656" lon="126.91706848144531"><ele>25.600000381469727</ele><time>2026-06-02T22:05:53Z</time></trkpt><trkpt lat="37.490753173828125" lon="126.91705322265625"><ele>25.600000381469727</ele><time>2026-06-02T22:05:54Z</time></trkpt><trkpt lat="37.490745544433594" lon="126.91703796386719"><ele>25.600000381469727</ele><time>2026-06-02T22:05:55Z</time></trkpt><trkpt lat="37.49073791503906" lon="126.9170150756836"><ele>25.399999618530273</ele><time>2026-06-02T22:05:56Z</time></trkpt><trkpt lat="37.490726470947266" lon="126.91698455810547"><ele>25.399999618530273</ele><time>2026-06-02T22:05:57Z</time></trkpt><trkpt lat="37.49072265625" lon="126.9169692993164"><ele>25.399999618530273</ele><time>2026-06-02T22:05:58Z</time></trkpt><trkpt lat="37.49071502685547" lon="126.91694641113281"><ele>25.399999618530273</ele><time>2026-06-02T22:05:59Z</time></trkpt><trkpt lat="37.49070739746094" lon="126.91693115234375"><ele>25.399999618530273</ele><time>2026-06-02T22:06:00Z</time></trkpt><trkpt lat="37.49070358276367" lon="126.91691589355469"><ele>25.399999618530273</ele><time>2026-06-02T22:06:01Z</time></trkpt><trkpt lat="37.49069595336914" lon="126.91690063476562"><ele>25.399999618530273</ele><time>2026-06-02T22:06:02Z</time></trkpt><trkpt lat="37.49069595336914" lon="126.91687774658203"><ele>25.399999618530273</ele><time>2026-06-02T22:06:03Z</time></trkpt><trkpt lat="37.49070358276367" lon="126.91686248779297"><ele>25.399999618530273</ele><time>2026-06-02T22:06:04Z</time></trkpt><trkpt lat="37.4907112121582" lon="126.9168472290039"><ele>25.399999618530273</ele><time>2026-06-02T22:06:05Z</time></trkpt><trkpt lat="37.49072265625" lon="126.91683197021484"><ele>25.399999618530273</ele><time>2026-06-02T22:06:06Z</time></trkpt><trkpt lat="37.49073791503906" lon="126.91680908203125"><ele>25.399999618530273</ele><time>2026-06-02T22:06:07Z</time></trkpt><trkpt lat="37.490745544433594" lon="126.91679382324219"><ele>25.399999618530273</ele><time>2026-06-02T22:06:08Z</time></trkpt><trkpt lat="37.49074935913086" lon="126.9167709350586"><ele>25.600000381469727</ele><time>2026-06-02T22:06:09Z</time></trkpt><trkpt lat="37.490760803222656" lon="126.916748046875"><ele>25.600000381469727</ele><time>2026-06-02T22:06:10Z</time></trkpt><trkpt lat="37.49076461791992" lon="126.9167251586914"><ele>25.600000381469727</ele><time>2026-06-02T22:06:11Z</time></trkpt><trkpt lat="37.49077224731445" lon="126.91670989990234"><ele>25.600000381469727</ele><time>2026-06-02T22:06:12Z</time></trkpt><trkpt lat="37.49077606201172" lon="126.91667938232422"><ele>25.600000381469727</ele><time>2026-06-02T22:06:13Z</time></trkpt><trkpt lat="37.49077606201172" lon="126.91666412353516"><ele>25.600000381469727</ele><time>2026-06-02T22:06:14Z</time></trkpt><trkpt lat="37.49077224731445" lon="126.91664123535156"><ele>25.600000381469727</ele><time>2026-06-02T22:06:15Z</time></trkpt><trkpt lat="37.49077224731445" lon="126.91661071777344"><ele>25.799999237060547</ele><time>2026-06-02T22:06:16Z</time></trkpt><trkpt lat="37.49076843261719" lon="126.91659545898438"><ele>25.799999237060547</ele><time>2026-06-02T22:06:17Z</time></trkpt><trkpt lat="37.49076461791992" lon="126.91657257080078"><ele>25.799999237060547</ele><time>2026-06-02T22:06:18Z</time></trkpt><trkpt lat="37.49075698852539" lon="126.91654968261719"><ele>25.799999237060547</ele><time>2026-06-02T22:06:19Z</time></trkpt><trkpt lat="37.490753173828125" lon="126.9165267944336"><ele>25.799999237060547</ele><time>2026-06-02T22:06:20Z</time></trkpt><trkpt lat="37.49074172973633" lon="126.91651153564453"><ele>25.600000381469727</ele><time>2026-06-02T22:06:21Z</time></trkpt><trkpt lat="37.490726470947266" lon="126.91648864746094"><ele>25.600000381469727</ele><time>2026-06-02T22:06:22Z</time></trkpt><trkpt lat="37.4907112121582" lon="126.91647338867188"><ele>25.600000381469727</ele><time>2026-06-02T22:06:23Z</time></trkpt><trkpt lat="37.490692138671875" lon="126.91645812988281"><ele>25.600000381469727</ele><time>2026-06-02T22:06:24Z</time></trkpt><trkpt lat="37.49068069458008" lon="126.91644287109375"><ele>25.600000381469727</ele><time>2026-06-02T22:06:25Z</time></trkpt><trkpt lat="37.49066925048828" lon="126.91641998291016"><ele>25.600000381469727</ele><time>2026-06-02T22:06:26Z</time></trkpt><trkpt lat="37.490657806396484" lon="126.9164047241211"><ele>25.600000381469727</ele><time>2026-06-02T22:06:27Z</time></trkpt><trkpt lat="37.49064254760742" lon="126.9163818359375"><ele>25.600000381469727</ele><time>2026-06-02T22:06:28Z</time></trkpt><trkpt lat="37.490631103515625" lon="126.91636657714844"><ele>25.600000381469727</ele><time>2026-06-02T22:06:29Z</time></trkpt><trkpt lat="37.49061965942383" lon="126.91635131835938"><ele>25.600000381469727</ele><time>2026-06-02T22:06:30Z</time></trkpt><trkpt lat="37.490604400634766" lon="126.91632843017578"><ele>25.600000381469727</ele><time>2026-06-02T22:06:31Z</time></trkpt><trkpt lat="37.490596771240234" lon="126.91631317138672"><ele>25.600000381469727</ele><time>2026-06-02T22:06:32Z</time></trkpt><trkpt lat="37.49058532714844" lon="126.91629791259766"><ele>25.600000381469727</ele><time>2026-06-02T22:06:33Z</time></trkpt><trkpt lat="37.490570068359375" lon="126.91627502441406"><ele>25.600000381469727</ele><time>2026-06-02T22:06:34Z</time></trkpt><trkpt lat="37.49055862426758" lon="126.916259765625"><ele>25.600000381469727</ele><time>2026-06-02T22:06:35Z</time></trkpt><trkpt lat="37.490543365478516" lon="126.91625213623047"><ele>25.600000381469727</ele><time>2026-06-02T22:06:36Z</time></trkpt><trkpt lat="37.49052810668945" lon="126.91622924804688"><ele>25.600000381469727</ele><time>2026-06-02T22:06:37Z</time></trkpt><trkpt lat="37.49052047729492" lon="126.91621398925781"><ele>25.600000381469727</ele><time>2026-06-02T22:06:38Z</time></trkpt><trkpt lat="37.490509033203125" lon="126.91619873046875"><ele>25.600000381469727</ele><time>2026-06-02T22:06:39Z</time></trkpt><trkpt lat="37.49049758911133" lon="126.91618347167969"><ele>25.600000381469727</ele><time>2026-06-02T22:06:40Z</time></trkpt><trkpt lat="37.49048614501953" lon="126.9161605834961"><ele>25.600000381469727</ele><time>2026-06-02T22:06:41Z</time></trkpt><trkpt lat="37.490474700927734" lon="126.91615295410156"><ele>25.600000381469727</ele><time>2026-06-02T22:06:42Z</time></trkpt><trkpt lat="37.49046325683594" lon="126.91613006591797"><ele>25.399999618530273</ele><time>2026-06-02T22:06:43Z</time></trkpt><trkpt lat="37.490447998046875" lon="126.91610717773438"><ele>25.600000381469727</ele><time>2026-06-02T22:06:44Z</time></trkpt><trkpt lat="37.49043655395508" lon="126.91609954833984"><ele>25.399999618530273</ele><time>2026-06-02T22:06:45Z</time></trkpt><trkpt lat="37.49042510986328" lon="126.91607666015625"><ele>25.399999618530273</ele><time>2026-06-02T22:06:46Z</time></trkpt><trkpt lat="37.49040985107422" lon="126.91605377197266"><ele>25.399999618530273</ele><time>2026-06-02T22:06:47Z</time></trkpt><trkpt lat="37.490394592285156" lon="126.9160385131836"><ele>25.399999618530273</ele><time>2026-06-02T22:06:48Z</time></trkpt><trkpt lat="37.490379333496094" lon="126.91602325439453"><ele>25.200000762939453</ele><time>2026-06-02T22:06:49Z</time></trkpt><trkpt lat="37.49036407470703" lon="126.91600799560547"><ele>25.200000762939453</ele><time>2026-06-02T22:06:50Z</time></trkpt><trkpt lat="37.49034881591797" lon="126.91600036621094"><ele>25.200000762939453</ele><time>2026-06-02T22:06:51Z</time></trkpt><trkpt lat="37.490333557128906" lon="126.9159927368164"><ele>25.200000762939453</ele><time>2026-06-02T22:06:52Z</time></trkpt><trkpt lat="37.49031448364258" lon="126.91598510742188"><ele>25.200000762939453</ele><time>2026-06-02T22:06:53Z</time></trkpt><trkpt lat="37.490299224853516" lon="126.91598510742188"><ele>25.200000762939453</ele><time>2026-06-02T22:06:54Z</time></trkpt><trkpt lat="37.49027633666992" lon="126.91597747802734"><ele>25.0</ele><time>2026-06-02T22:06:55Z</time></trkpt><trkpt lat="37.49026107788086" lon="126.91597747802734"><ele>25.0</ele><time>2026-06-02T22:06:56Z</time></trkpt><trkpt lat="37.4902458190918" lon="126.91597747802734"><ele>25.0</ele><time>2026-06-02T22:06:57Z</time></trkpt><trkpt lat="37.490230560302734" lon="126.91597747802734"><ele>25.0</ele><time>2026-06-02T22:06:58Z</time></trkpt><trkpt lat="37.49021530151367" lon="126.91598510742188"><ele>25.0</ele><time>2026-06-02T22:06:59Z</time></trkpt><trkpt lat="37.49020004272461" lon="126.91598510742188"><ele>24.799999237060547</ele><time>2026-06-02T22:07:00Z</time></trkpt><trkpt lat="37.49018478393555" lon="126.91597747802734"><ele>24.799999237060547</ele><time>2026-06-02T22:07:01Z</time></trkpt><trkpt lat="37.490169525146484" lon="126.91596984863281"><ele>24.799999237060547</ele><time>2026-06-02T22:07:02Z</time></trkpt><trkpt lat="37.49016189575195" lon="126.91596984863281"><ele>24.799999237060547</ele><time>2026-06-02T22:07:03Z</time></trkpt><trkpt lat="37.49014663696289" lon="126.91596984863281"><ele>24.799999237060547</ele><time>2026-06-02T22:07:04Z</time></trkpt><trkpt lat="37.49013137817383" lon="126.91596221923828"><ele>24.799999237060547</ele><time>2026-06-02T22:07:05Z</time></trkpt><trkpt lat="37.49011993408203" lon="126.91595458984375"><ele>24.799999237060547</ele><time>2026-06-02T22:07:06Z</time></trkpt><trkpt lat="37.49010467529297" lon="126.91595458984375"><ele>24.600000381469727</ele><time>2026-06-02T22:07:07Z</time></trkpt><trkpt lat="37.49008560180664" lon="126.91594696044922"><ele>24.600000381469727</ele><time>2026-06-02T22:07:08Z</time></trkpt><trkpt lat="37.490074157714844" lon="126.91593933105469"><ele>24.600000381469727</ele><time>2026-06-02T22:07:09Z</time></trkpt><trkpt lat="37.49005889892578" lon="126.91593933105469"><ele>24.600000381469727</ele><time>2026-06-02T22:07:10Z</time></trkpt><trkpt lat="37.49003601074219" lon="126.91594696044922"><ele>24.600000381469727</ele><time>2026-06-02T22:07:11Z</time></trkpt><trkpt lat="37.490020751953125" lon="126.91593933105469"><ele>24.399999618530273</ele><time>2026-06-02T22:07:12Z</time></trkpt><trkpt lat="37.48999786376953" lon="126.91593933105469"><ele>24.399999618530273</ele><time>2026-06-02T22:07:13Z</time></trkpt><trkpt lat="37.48998260498047" lon="126.91592407226562"><ele>24.399999618530273</ele><time>2026-06-02T22:07:14Z</time></trkpt><trkpt lat="37.48996353149414" lon="126.91590881347656"><ele>24.399999618530273</ele><time>2026-06-02T22:07:15Z</time></trkpt><trkpt lat="37.48994827270508" lon="126.91590118408203"><ele>24.200000762939453</ele><time>2026-06-02T22:07:16Z</time></trkpt><trkpt lat="37.48992919921875" lon="126.9158935546875"><ele>24.200000762939453</ele><time>2026-06-02T22:07:17Z</time></trkpt><trkpt lat="37.48991012573242" lon="126.91587829589844"><ele>24.200000762939453</ele><time>2026-06-02T22:07:18Z</time></trkpt><trkpt lat="37.489891052246094" lon="126.91586303710938"><ele>24.200000762939453</ele><time>2026-06-02T22:07:19Z</time></trkpt><trkpt lat="37.4898681640625" lon="126.91585540771484"><ele>24.200000762939453</ele><time>2026-06-02T22:07:20Z</time></trkpt><trkpt lat="37.48985290527344" lon="126.91585540771484"><ele>24.200000762939453</ele><time>2026-06-02T22:07:21Z</time></trkpt><trkpt lat="37.48983383178711" lon="126.91584014892578"><ele>24.200000762939453</ele><time>2026-06-02T22:07:22Z</time></trkpt><trkpt lat="37.48981475830078" lon="126.91583251953125"><ele>24.200000762939453</ele><time>2026-06-02T22:07:23Z</time></trkpt><trkpt lat="37.48979949951172" lon="126.91582489013672"><ele>24.200000762939453</ele><time>2026-06-02T22:07:24Z</time></trkpt><trkpt lat="37.489784240722656" lon="126.91580963134766"><ele>24.200000762939453</ele><time>2026-06-02T22:07:25Z</time></trkpt><trkpt lat="37.48976516723633" lon="126.9157943725586"><ele>24.0</ele><time>2026-06-02T22:07:26Z</time></trkpt><trkpt lat="37.489749908447266" lon="126.91577911376953"><ele>24.0</ele><time>2026-06-02T22:07:27Z</time></trkpt><trkpt lat="37.48973083496094" lon="126.915771484375"><ele>24.0</ele><time>2026-06-02T22:07:28Z</time></trkpt><trkpt lat="37.48971176147461" lon="126.91575622558594"><ele>24.0</ele><time>2026-06-02T22:07:29Z</time></trkpt><trkpt lat="37.48969650268555" lon="126.9157485961914"><ele>24.0</ele><time>2026-06-02T22:07:30Z</time></trkpt><trkpt lat="37.48967361450195" lon="126.9157485961914"><ele>23.799999237060547</ele><time>2026-06-02T22:07:31Z</time></trkpt><trkpt lat="37.48965835571289" lon="126.91574096679688"><ele>23.799999237060547</ele><time>2026-06-02T22:07:32Z</time></trkpt><trkpt lat="37.48963928222656" lon="126.91573333740234"><ele>23.799999237060547</ele><time>2026-06-02T22:07:33Z</time></trkpt><trkpt lat="37.489620208740234" lon="126.91572570800781"><ele>23.799999237060547</ele><time>2026-06-02T22:07:34Z</time></trkpt><trkpt lat="37.489601135253906" lon="126.91571807861328"><ele>23.799999237060547</ele><time>2026-06-02T22:07:35Z</time></trkpt><trkpt lat="37.48958206176758" lon="126.91571807861328"><ele>23.799999237060547</ele><time>2026-06-02T22:07:36Z</time></trkpt><trkpt lat="37.48956298828125" lon="126.91571807861328"><ele>23.799999237060547</ele><time>2026-06-02T22:07:37Z</time></trkpt><trkpt lat="37.48954772949219" lon="126.91571807861328"><ele>24.0</ele><time>2026-06-02T22:07:38Z</time></trkpt><trkpt lat="37.489532470703125" lon="126.91571807861328"><ele>24.200000762939453</ele><time>2026-06-02T22:07:39Z</time></trkpt><trkpt lat="37.48952102661133" lon="126.91571807861328"><ele>24.200000762939453</ele><time>2026-06-02T22:07:40Z</time></trkpt><trkpt lat="37.489505767822266" lon="126.91572570800781"><ele>24.399999618530273</ele><time>2026-06-02T22:07:41Z</time></trkpt><trkpt lat="37.48948669433594" lon="126.91571807861328"><ele>24.399999618530273</ele><time>2026-06-02T22:07:42Z</time></trkpt><trkpt lat="37.489471435546875" lon="126.91571044921875"><ele>24.399999618530273</ele><time>2026-06-02T22:07:43Z</time></trkpt><trkpt lat="37.48945617675781" lon="126.91571044921875"><ele>24.200000762939453</ele><time>2026-06-02T22:07:44Z</time></trkpt><trkpt lat="37.489437103271484" lon="126.91570281982422"><ele>24.0</ele><time>2026-06-02T22:07:45Z</time></trkpt><trkpt lat="37.48942184448242" lon="126.91570281982422"><ele>23.799999237060547</ele><time>2026-06-02T22:07:46Z</time></trkpt><trkpt lat="37.489402770996094" lon="126.91568756103516"><ele>23.600000381469727</ele><time>2026-06-02T22:07:47Z</time></trkpt><trkpt lat="37.489383697509766" lon="126.91567993164062"><ele>23.399999618530273</ele><time>2026-06-02T22:07:48Z</time></trkpt><trkpt lat="37.4893684387207" lon="126.9156723022461"><ele>23.200000762939453</ele><time>2026-06-02T22:07:49Z</time></trkpt><trkpt lat="37.48935317993164" lon="126.91566467285156"><ele>23.0</ele><time>2026-06-02T22:07:50Z</time></trkpt><trkpt lat="37.489341735839844" lon="126.91565704345703"><ele>23.0</ele><time>2026-06-02T22:07:51Z</time></trkpt><trkpt lat="37.489322662353516" lon="126.9156494140625"><ele>22.799999237060547</ele><time>2026-06-02T22:07:52Z</time></trkpt><trkpt lat="37.48930358886719" lon="126.91564178466797"><ele>22.600000381469727</ele><time>2026-06-02T22:07:53Z</time></trkpt><trkpt lat="37.489288330078125" lon="126.91563415527344"><ele>22.399999618530273</ele><time>2026-06-02T22:07:54Z</time></trkpt><trkpt lat="37.4892692565918" lon="126.91563415527344"><ele>22.200000762939453</ele><time>2026-06-02T22:07:55Z</time></trkpt><trkpt lat="37.48925018310547" lon="126.9156265258789"><ele>22.0</ele><time>2026-06-02T22:07:56Z</time></trkpt><trkpt lat="37.489234924316406" lon="126.91561889648438"><ele>21.799999237060547</ele><time>2026-06-02T22:07:57Z</time></trkpt><trkpt lat="37.48921585083008" lon="126.91561889648438"><ele>21.600000381469727</ele><time>2026-06-02T22:07:58Z</time></trkpt><trkpt lat="37.489192962646484" lon="126.91561889648438"><ele>21.600000381469727</ele><time>2026-06-02T22:07:59Z</time></trkpt><trkpt lat="37.48918151855469" lon="126.91561889648438"><ele>21.600000381469727</ele><time>2026-06-02T22:08:00Z</time></trkpt><trkpt lat="37.48917007446289" lon="126.91561126708984"><ele>21.600000381469727</ele><time>2026-06-02T22:08:01Z</time></trkpt><trkpt lat="37.489158630371094" lon="126.91561126708984"><ele>21.600000381469727</ele><time>2026-06-02T22:08:02Z</time></trkpt><trkpt lat="37.48915481567383" lon="126.91561126708984"><ele>21.600000381469727</ele><time>2026-06-02T22:08:03Z</time></trkpt><trkpt lat="37.4891471862793" lon="126.91561889648438"><ele>21.600000381469727</ele><time>2026-06-02T22:08:04Z</time></trkpt><trkpt lat="37.489131927490234" lon="126.91561889648438"><ele>21.399999618530273</ele><time>2026-06-02T22:08:05Z</time></trkpt><trkpt lat="37.48912048339844" lon="126.9156265258789"><ele>21.399999618530273</ele><time>2026-06-02T22:08:06Z</time></trkpt><trkpt lat="37.48910903930664" lon="126.9156265258789"><ele>21.399999618530273</ele><time>2026-06-02T22:08:07Z</time></trkpt><trkpt lat="37.48910140991211" lon="126.9156265258789"><ele>21.399999618530273</ele><time>2026-06-02T22:08:08Z</time></trkpt><trkpt lat="37.48908996582031" lon="126.91561889648438"><ele>21.399999618530273</ele><time>2026-06-02T22:08:09Z</time></trkpt><trkpt lat="37.48908615112305" lon="126.91561889648438"><ele>21.600000381469727</ele><time>2026-06-02T22:08:10Z</time></trkpt><trkpt lat="37.48907470703125" lon="126.91561126708984"><ele>21.600000381469727</ele><time>2026-06-02T22:08:11Z</time></trkpt><trkpt lat="37.48906326293945" lon="126.91561126708984"><ele>21.600000381469727</ele><time>2026-06-02T22:08:12Z</time></trkpt><trkpt lat="37.48905563354492" lon="126.91561126708984"><ele>21.600000381469727</ele><time>2026-06-02T22:08:13Z</time></trkpt><trkpt lat="37.48904800415039" lon="126.91560363769531"><ele>21.600000381469727</ele><time>2026-06-02T22:08:14Z</time></trkpt><trkpt lat="37.48904037475586" lon="126.91558837890625"><ele>21.399999618530273</ele><time>2026-06-02T22:08:15Z</time></trkpt><trkpt lat="37.48902893066406" lon="126.91558074951172"><ele>21.399999618530273</ele><time>2026-06-02T22:08:16Z</time></trkpt><trkpt lat="37.489017486572266" lon="126.91556549072266"><ele>21.399999618530273</ele><time>2026-06-02T22:08:17Z</time></trkpt><trkpt lat="37.489009857177734" lon="126.91555786132812"><ele>21.399999618530273</ele><time>2026-06-02T22:08:18Z</time></trkpt><trkpt lat="37.4890022277832" lon="126.9155502319336"><ele>21.399999618530273</ele><time>2026-06-02T22:08:19Z</time></trkpt><trkpt lat="37.488990783691406" lon="126.91553497314453"><ele>21.399999618530273</ele><time>2026-06-02T22:08:20Z</time></trkpt><trkpt lat="37.488983154296875" lon="126.91552734375"><ele>21.399999618530273</ele><time>2026-06-02T22:08:21Z</time></trkpt><trkpt lat="37.48897933959961" lon="126.91551971435547"><ele>21.399999618530273</ele><time>2026-06-02T22:08:22Z</time></trkpt><trkpt lat="37.48897171020508" lon="126.91551208496094"><ele>21.399999618530273</ele><time>2026-06-02T22:08:23Z</time></trkpt><trkpt lat="37.48896026611328" lon="126.91549682617188"><ele>21.399999618530273</ele><time>2026-06-02T22:08:24Z</time></trkpt><trkpt lat="37.48895263671875" lon="126.91548156738281"><ele>21.399999618530273</ele><time>2026-06-02T22:08:25Z</time></trkpt><trkpt lat="37.48894500732422" lon="126.91546630859375"><ele>21.399999618530273</ele><time>2026-06-02T22:08:26Z</time></trkpt><trkpt lat="37.48893356323242" lon="126.91545104980469"><ele>21.399999618530273</ele><time>2026-06-02T22:08:27Z</time></trkpt><trkpt lat="37.48891830444336" lon="126.9154281616211"><ele>21.399999618530273</ele><time>2026-06-02T22:08:28Z</time></trkpt><trkpt lat="37.4889030456543" lon="126.91542053222656"><ele>21.399999618530273</ele><time>2026-06-02T22:08:29Z</time></trkpt><trkpt lat="37.4888916015625" lon="126.9154052734375"><ele>21.399999618530273</ele><time>2026-06-02T22:08:30Z</time></trkpt><trkpt lat="37.4888801574707" lon="126.91539001464844"><ele>21.399999618530273</ele><time>2026-06-02T22:08:31Z</time></trkpt><trkpt lat="37.48886489868164" lon="126.9153823852539"><ele>21.399999618530273</ele><time>2026-06-02T22:08:32Z</time></trkpt><trkpt lat="37.488853454589844" lon="126.91536712646484"><ele>21.399999618530273</ele><time>2026-06-02T22:08:33Z</time></trkpt><trkpt lat="37.48884201049805" lon="126.91535186767578"><ele>21.399999618530273</ele><time>2026-06-02T22:08:34Z</time></trkpt><trkpt lat="37.488834381103516" lon="126.91533660888672"><ele>21.600000381469727</ele><time>2026-06-02T22:08:35Z</time></trkpt><trkpt lat="37.48882293701172" lon="126.91531372070312"><ele>21.600000381469727</ele><time>2026-06-02T22:08:36Z</time></trkpt><trkpt lat="37.488807678222656" lon="126.91529846191406"><ele>21.600000381469727</ele><time>2026-06-02T22:08:37Z</time></trkpt><trkpt lat="37.48879623413086" lon="126.91529083251953"><ele>21.600000381469727</ele><time>2026-06-02T22:08:38Z</time></trkpt><trkpt lat="37.4887809753418" lon="126.91527557373047"><ele>21.600000381469727</ele><time>2026-06-02T22:08:39Z</time></trkpt><trkpt lat="37.488765716552734" lon="126.9152603149414"><ele>21.399999618530273</ele><time>2026-06-02T22:08:40Z</time></trkpt><trkpt lat="37.48874282836914" lon="126.91524505615234"><ele>21.399999618530273</ele><time>2026-06-02T22:08:41Z</time></trkpt><trkpt lat="37.48872756958008" lon="126.91523742675781"><ele>21.399999618530273</ele><time>2026-06-02T22:08:42Z</time></trkpt><trkpt lat="37.488712310791016" lon="126.91522216796875"><ele>21.399999618530273</ele><time>2026-06-02T22:08:43Z</time></trkpt><trkpt lat="37.48869705200195" lon="126.91521453857422"><ele>21.399999618530273</ele><time>2026-06-02T22:08:44Z</time></trkpt><trkpt lat="37.48868179321289" lon="126.91519927978516"><ele>21.399999618530273</ele><time>2026-06-02T22:08:45Z</time></trkpt><trkpt lat="37.48866653442383" lon="126.9151840209961"><ele>21.200000762939453</ele><time>2026-06-02T22:08:46Z</time></trkpt><trkpt lat="37.48865509033203" lon="126.91517639160156"><ele>21.200000762939453</ele><time>2026-06-02T22:08:47Z</time></trkpt><trkpt lat="37.488643646240234" lon="126.9151611328125"><ele>21.200000762939453</ele><time>2026-06-02T22:08:48Z</time></trkpt><trkpt lat="37.48862838745117" lon="126.91514587402344"><ele>21.399999618530273</ele><time>2026-06-02T22:08:49Z</time></trkpt><trkpt lat="37.48861312866211" lon="126.91513061523438"><ele>21.399999618530273</ele><time>2026-06-02T22:08:50Z</time></trkpt><trkpt lat="37.488582611083984" lon="126.91511535644531"><ele>21.399999618530273</ele><time>2026-06-02T22:08:51Z</time></trkpt><trkpt lat="37.48855972290039" lon="126.91510772705078"><ele>21.200000762939453</ele><time>2026-06-02T22:08:52Z</time></trkpt><trkpt lat="37.48854064941406" lon="126.91509246826172"><ele>21.200000762939453</ele><time>2026-06-02T22:08:53Z</time></trkpt><trkpt lat="37.488529205322266" lon="126.91508483886719"><ele>21.200000762939453</ele><time>2026-06-02T22:08:54Z</time></trkpt><trkpt lat="37.4885139465332" lon="126.91506958007812"><ele>21.200000762939453</ele><time>2026-06-02T22:08:55Z</time></trkpt><trkpt lat="37.48849105834961" lon="126.9150619506836"><ele>21.200000762939453</ele><time>2026-06-02T22:08:56Z</time></trkpt><trkpt lat="37.48847579956055" lon="126.91504669189453"><ele>21.200000762939453</ele><time>2026-06-02T22:08:57Z</time></trkpt><trkpt lat="37.48845672607422" lon="126.91502380371094"><ele>21.200000762939453</ele><time>2026-06-02T22:08:58Z</time></trkpt><trkpt lat="37.488441467285156" lon="126.91500854492188"><ele>21.200000762939453</ele><time>2026-06-02T22:08:59Z</time></trkpt><trkpt lat="37.488426208496094" lon="126.91498565673828"><ele>21.200000762939453</ele><time>2026-06-02T22:09:00Z</time></trkpt><trkpt lat="37.4884033203125" lon="126.91497039794922"><ele>21.200000762939453</ele><time>2026-06-02T22:09:01Z</time></trkpt><trkpt lat="37.488380432128906" lon="126.9149398803711"><ele>21.200000762939453</ele><time>2026-06-02T22:09:02Z</time></trkpt><trkpt lat="37.48836135864258" lon="126.91490936279297"><ele>21.0</ele><time>2026-06-02T22:09:03Z</time></trkpt><trkpt lat="37.48834228515625" lon="126.91487884521484"><ele>21.0</ele><time>2026-06-02T22:09:04Z</time></trkpt><trkpt lat="37.48832321166992" lon="126.91484832763672"><ele>21.0</ele><time>2026-06-02T22:09:05Z</time></trkpt><trkpt lat="37.48830795288086" lon="126.9148178100586"><ele>21.0</ele><time>2026-06-02T22:09:06Z</time></trkpt><trkpt lat="37.48828887939453" lon="126.91478729248047"><ele>21.0</ele><time>2026-06-02T22:09:07Z</time></trkpt><trkpt lat="37.4882698059082" lon="126.91475677490234"><ele>21.0</ele><time>2026-06-02T22:09:08Z</time></trkpt><trkpt lat="37.48824691772461" lon="126.91472625732422"><ele>21.0</ele><time>2026-06-02T22:09:09Z</time></trkpt><trkpt lat="37.48822784423828" lon="126.9146957397461"><ele>21.0</ele><time>2026-06-02T22:09:10Z</time></trkpt><trkpt lat="37.488216400146484" lon="126.9146728515625"><ele>21.200000762939453</ele><time>2026-06-02T22:09:11Z</time></trkpt><trkpt lat="37.488216400146484" lon="126.91464233398438"><ele>21.200000762939453</ele><time>2026-06-02T22:09:12Z</time></trkpt><trkpt lat="37.48821258544922" lon="126.91461944580078"><ele>21.200000762939453</ele><time>2026-06-02T22:09:13Z</time></trkpt><trkpt lat="37.48821258544922" lon="126.91459655761719"><ele>21.200000762939453</ele><time>2026-06-02T22:09:14Z</time></trkpt><trkpt lat="37.48821258544922" lon="126.91456604003906"><ele>21.200000762939453</ele><time>2026-06-02T22:09:15Z</time></trkpt><trkpt lat="37.48820877075195" lon="126.91454315185547"><ele>21.200000762939453</ele><time>2026-06-02T22:09:16Z</time></trkpt><trkpt lat="37.48820495605469" lon="126.91449737548828"><ele>21.200000762939453</ele><time>2026-06-02T22:09:17Z</time></trkpt><trkpt lat="37.48820495605469" lon="126.91446685791016"><ele>21.200000762939453</ele><time>2026-06-02T22:09:18Z</time></trkpt><trkpt lat="37.48820495605469" lon="126.91443634033203"><ele>21.200000762939453</ele><time>2026-06-02T22:09:19Z</time></trkpt><trkpt lat="37.48820495605469" lon="126.91439819335938"><ele>21.200000762939453</ele><time>2026-06-02T22:09:20Z</time></trkpt><trkpt lat="37.48820495605469" lon="126.91437530517578"><ele>21.200000762939453</ele><time>2026-06-02T22:09:21Z</time></trkpt><trkpt lat="37.48820495605469" lon="126.91434478759766"><ele>21.200000762939453</ele><time>2026-06-02T22:09:22Z</time></trkpt><trkpt lat="37.48820495605469" lon="126.91432189941406"><ele>21.200000762939453</ele><time>2026-06-02T22:09:23Z</time></trkpt><trkpt lat="37.48820495605469" lon="126.91429901123047"><ele>21.200000762939453</ele><time>2026-06-02T22:09:24Z</time></trkpt><trkpt lat="37.48820495605469" lon="126.91426849365234"><ele>21.200000762939453</ele><time>2026-06-02T22:09:25Z</time></trkpt><trkpt lat="37.48820114135742" lon="126.91425323486328"><ele>21.200000762939453</ele><time>2026-06-02T22:09:26Z</time></trkpt><trkpt lat="37.48820495605469" lon="126.91424560546875"><ele>21.200000762939453</ele><time>2026-06-02T22:09:27Z</time></trkpt><trkpt lat="37.48820495605469" lon="126.91422271728516"><ele>21.200000762939453</ele><time>2026-06-02T22:09:28Z</time></trkpt><trkpt lat="37.48820877075195" lon="126.9142074584961"><ele>21.200000762939453</ele><time>2026-06-02T22:09:29Z</time></trkpt><trkpt lat="37.48821258544922" lon="126.91419219970703"><ele>21.200000762939453</ele><time>2026-06-02T22:09:30Z</time></trkpt><trkpt lat="37.48821258544922" lon="126.91416931152344"><ele>21.0</ele><time>2026-06-02T22:09:31Z</time></trkpt><trkpt lat="37.48821258544922" lon="126.9141616821289"><ele>21.0</ele><time>2026-06-02T22:09:32Z</time></trkpt><trkpt lat="37.48821258544922" lon="126.91413879394531"><ele>21.0</ele><time>2026-06-02T22:09:33Z</time></trkpt><trkpt lat="37.48821258544922" lon="126.91412353515625"><ele>21.0</ele><time>2026-06-02T22:09:34Z</time></trkpt><trkpt lat="37.48821258544922" lon="126.91410064697266"><ele>21.0</ele><time>2026-06-02T22:09:35Z</time></trkpt><trkpt lat="37.48821258544922" lon="126.91407012939453"><ele>21.0</ele><time>2026-06-02T22:09:36Z</time></trkpt><trkpt lat="37.48821258544922" lon="126.91405487060547"><ele>21.0</ele><time>2026-06-02T22:09:37Z</time></trkpt><trkpt lat="37.48821258544922" lon="126.91403198242188"><ele>21.0</ele><time>2026-06-02T22:09:38Z</time></trkpt><trkpt lat="37.48820877075195" lon="126.91400909423828"><ele>21.0</ele><time>2026-06-02T22:09:39Z</time></trkpt><trkpt lat="37.48821258544922" lon="126.91397857666016"><ele>21.0</ele><time>2026-06-02T22:09:40Z</time></trkpt><trkpt lat="37.48820495605469" lon="126.91395568847656"><ele>21.0</ele><time>2026-06-02T22:09:41Z</time></trkpt><trkpt lat="37.48820114135742" lon="126.91392517089844"><ele>21.0</ele><time>2026-06-02T22:09:42Z</time></trkpt><trkpt lat="37.48819351196289" lon="126.91390991210938"><ele>21.0</ele><time>2026-06-02T22:09:43Z</time></trkpt><trkpt lat="37.48818588256836" lon="126.91390228271484"><ele>21.0</ele><time>2026-06-02T22:09:44Z</time></trkpt><trkpt lat="37.48817825317383" lon="126.91387939453125"><ele>21.0</ele><time>2026-06-02T22:09:45Z</time></trkpt><trkpt lat="37.48817443847656" lon="126.91386413574219"><ele>21.0</ele><time>2026-06-02T22:09:46Z</time></trkpt><trkpt lat="37.48816680908203" lon="126.91384887695312"><ele>21.0</ele><time>2026-06-02T22:09:47Z</time></trkpt><trkpt lat="37.488155364990234" lon="126.91383361816406"><ele>20.799999237060547</ele><time>2026-06-02T22:09:48Z</time></trkpt><trkpt lat="37.4881477355957" lon="126.91382598876953"><ele>20.799999237060547</ele><time>2026-06-02T22:09:49Z</time></trkpt><trkpt lat="37.488136291503906" lon="126.91381072998047"><ele>20.799999237060547</ele><time>2026-06-02T22:09:50Z</time></trkpt><trkpt lat="37.48811340332031" lon="126.91380310058594"><ele>20.799999237060547</ele><time>2026-06-02T22:09:51Z</time></trkpt><trkpt lat="37.48810577392578" lon="126.9137954711914"><ele>21.0</ele><time>2026-06-02T22:09:52Z</time></trkpt><trkpt lat="37.48809051513672" lon="126.91378021240234"><ele>21.0</ele><time>2026-06-02T22:09:53Z</time></trkpt><trkpt lat="37.48807907104492" lon="126.91376495361328"><ele>21.0</ele><time>2026-06-02T22:09:54Z</time></trkpt><trkpt lat="37.48806381225586" lon="126.91374969482422"><ele>21.0</ele><time>2026-06-02T22:09:55Z</time></trkpt><trkpt lat="37.48805236816406" lon="126.91373443603516"><ele>21.0</ele><time>2026-06-02T22:09:56Z</time></trkpt><trkpt lat="37.488037109375" lon="126.91372680664062"><ele>21.200000762939453</ele><time>2026-06-02T22:09:57Z</time></trkpt><trkpt lat="37.48802185058594" lon="126.9137191772461"><ele>21.200000762939453</ele><time>2026-06-02T22:09:58Z</time></trkpt><trkpt lat="37.48801040649414" lon="126.91370391845703"><ele>21.399999618530273</ele><time>2026-06-02T22:09:59Z</time></trkpt><trkpt lat="37.487998962402344" lon="126.91368865966797"><ele>21.399999618530273</ele><time>2026-06-02T22:10:00Z</time></trkpt><trkpt lat="37.48798370361328" lon="126.9136734008789"><ele>21.399999618530273</ele><time>2026-06-02T22:10:01Z</time></trkpt><trkpt lat="37.487972259521484" lon="126.91365051269531"><ele>21.399999618530273</ele><time>2026-06-02T22:10:02Z</time></trkpt><trkpt lat="37.48795700073242" lon="126.91364288330078"><ele>21.399999618530273</ele><time>2026-06-02T22:10:03Z</time></trkpt><trkpt lat="37.487945556640625" lon="126.91362762451172"><ele>21.399999618530273</ele><time>2026-06-02T22:10:04Z</time></trkpt><trkpt lat="37.48794174194336" lon="126.91361236572266"><ele>21.399999618530273</ele><time>2026-06-02T22:10:05Z</time></trkpt><trkpt lat="37.4879264831543" lon="126.9135971069336"><ele>21.399999618530273</ele><time>2026-06-02T22:10:06Z</time></trkpt><trkpt lat="37.487918853759766" lon="126.91358184814453"><ele>21.399999618530273</ele><time>2026-06-02T22:10:07Z</time></trkpt><trkpt lat="37.4879035949707" lon="126.91355895996094"><ele>21.200000762939453</ele><time>2026-06-02T22:10:08Z</time></trkpt><trkpt lat="37.48788833618164" lon="126.9135513305664"><ele>21.200000762939453</ele><time>2026-06-02T22:10:09Z</time></trkpt><trkpt lat="37.487876892089844" lon="126.91353607177734"><ele>21.0</ele><time>2026-06-02T22:10:10Z</time></trkpt><trkpt lat="37.487857818603516" lon="126.91351318359375"><ele>21.0</ele><time>2026-06-02T22:10:11Z</time></trkpt><trkpt lat="37.48783874511719" lon="126.91348266601562"><ele>20.799999237060547</ele><time>2026-06-02T22:10:12Z</time></trkpt><trkpt lat="37.487823486328125" lon="126.91346740722656"><ele>20.799999237060547</ele><time>2026-06-02T22:10:13Z</time></trkpt><trkpt lat="37.4878044128418" lon="126.91345977783203"><ele>20.799999237060547</ele><time>2026-06-02T22:10:14Z</time></trkpt><trkpt lat="37.487796783447266" lon="126.91343688964844"><ele>20.799999237060547</ele><time>2026-06-02T22:10:15Z</time></trkpt><trkpt lat="37.48779296875" lon="126.9134292602539"><ele>20.799999237060547</ele><time>2026-06-02T22:10:16Z</time></trkpt><trkpt lat="37.4877815246582" lon="126.91341400146484"><ele>20.799999237060547</ele><time>2026-06-02T22:10:17Z</time></trkpt><trkpt lat="37.4877815246582" lon="126.91339874267578"><ele>20.799999237060547</ele><time>2026-06-02T22:10:18Z</time></trkpt><trkpt lat="37.487770080566406" lon="126.91338348388672"><ele>20.799999237060547</ele><time>2026-06-02T22:10:19Z</time></trkpt><trkpt lat="37.487762451171875" lon="126.91337585449219"><ele>20.799999237060547</ele><time>2026-06-02T22:10:20Z</time></trkpt><trkpt lat="37.487754821777344" lon="126.91336059570312"><ele>20.799999237060547</ele><time>2026-06-02T22:10:21Z</time></trkpt><trkpt lat="37.48774719238281" lon="126.91334533691406"><ele>20.600000381469727</ele><time>2026-06-02T22:10:22Z</time></trkpt><trkpt lat="37.487735748291016" lon="126.91333770751953"><ele>20.600000381469727</ele><time>2026-06-02T22:10:23Z</time></trkpt><trkpt lat="37.487735748291016" lon="126.91332244873047"><ele>20.799999237060547</ele><time>2026-06-02T22:10:24Z</time></trkpt><trkpt lat="37.48773193359375" lon="126.91331481933594"><ele>20.799999237060547</ele><time>2026-06-02T22:10:25Z</time></trkpt><trkpt lat="37.48772048950195" lon="126.91329956054688"><ele>20.799999237060547</ele><time>2026-06-02T22:10:26Z</time></trkpt><trkpt lat="37.48771286010742" lon="126.91328430175781"><ele>21.0</ele><time>2026-06-02T22:10:27Z</time></trkpt><trkpt lat="37.48769760131836" lon="126.91326904296875"><ele>21.0</ele><time>2026-06-02T22:10:28Z</time></trkpt><trkpt lat="37.48768615722656" lon="126.91325378417969"><ele>21.0</ele><time>2026-06-02T22:10:29Z</time></trkpt><trkpt lat="37.4876708984375" lon="126.91323852539062"><ele>20.799999237060547</ele><time>2026-06-02T22:10:30Z</time></trkpt><trkpt lat="37.4876594543457" lon="126.9132308959961"><ele>20.799999237060547</ele><time>2026-06-02T22:10:31Z</time></trkpt><trkpt lat="37.487648010253906" lon="126.91322326660156"><ele>20.799999237060547</ele><time>2026-06-02T22:10:32Z</time></trkpt><trkpt lat="37.48763656616211" lon="126.9132080078125"><ele>20.799999237060547</ele><time>2026-06-02T22:10:33Z</time></trkpt><trkpt lat="37.48762512207031" lon="126.91320037841797"><ele>20.799999237060547</ele><time>2026-06-02T22:10:34Z</time></trkpt><trkpt lat="37.487613677978516" lon="126.9131851196289"><ele>20.799999237060547</ele><time>2026-06-02T22:10:35Z</time></trkpt><trkpt lat="37.48760223388672" lon="126.91316986083984"><ele>20.799999237060547</ele><time>2026-06-02T22:10:36Z</time></trkpt><trkpt lat="37.48759078979492" lon="126.91316223144531"><ele>20.799999237060547</ele><time>2026-06-02T22:10:37Z</time></trkpt><trkpt lat="37.48758316040039" lon="126.91314697265625"><ele>20.799999237060547</ele><time>2026-06-02T22:10:38Z</time></trkpt><trkpt lat="37.487579345703125" lon="126.91313934326172"><ele>20.799999237060547</ele><time>2026-06-02T22:10:39Z</time></trkpt><trkpt lat="37.487571716308594" lon="126.91312408447266"><ele>20.799999237060547</ele><time>2026-06-02T22:10:40Z</time></trkpt><trkpt lat="37.4875602722168" lon="126.91311645507812"><ele>20.799999237060547</ele><time>2026-06-02T22:10:41Z</time></trkpt><trkpt lat="37.48755645751953" lon="126.9130859375"><ele>20.600000381469727</ele><time>2026-06-02T22:10:42Z</time></trkpt><trkpt lat="37.48756408691406" lon="126.91305541992188"><ele>20.600000381469727</ele><time>2026-06-02T22:10:43Z</time></trkpt><trkpt lat="37.487571716308594" lon="126.91303253173828"><ele>20.600000381469727</ele><time>2026-06-02T22:10:44Z</time></trkpt><trkpt lat="37.48758316040039" lon="126.91300201416016"><ele>20.399999618530273</ele><time>2026-06-02T22:10:45Z</time></trkpt><trkpt lat="37.48756790161133" lon="126.91301727294922"><ele>20.399999618530273</ele><time>2026-06-02T22:10:46Z</time></trkpt><trkpt lat="37.487548828125" lon="126.91304779052734"><ele>20.200000762939453</ele><time>2026-06-02T22:10:47Z</time></trkpt><trkpt lat="37.4875373840332" lon="126.91304779052734"><ele>20.200000762939453</ele><time>2026-06-02T22:10:48Z</time></trkpt><trkpt lat="37.48752975463867" lon="126.91304779052734"><ele>20.0</ele><time>2026-06-02T22:10:49Z</time></trkpt><trkpt lat="37.487525939941406" lon="126.91304016113281"><ele>20.200000762939453</ele><time>2026-06-02T22:10:50Z</time></trkpt><trkpt lat="37.487518310546875" lon="126.91303253173828"><ele>20.200000762939453</ele><time>2026-06-02T22:10:51Z</time></trkpt><trkpt lat="37.48750305175781" lon="126.91301727294922"><ele>20.200000762939453</ele><time>2026-06-02T22:10:52Z</time></trkpt><trkpt lat="37.487491607666016" lon="126.91300201416016"><ele>20.399999618530273</ele><time>2026-06-02T22:10:53Z</time></trkpt><trkpt lat="37.48747634887695" lon="126.9129867553711"><ele>20.399999618530273</ele><time>2026-06-02T22:10:54Z</time></trkpt><trkpt lat="37.48746871948242" lon="126.91297149658203"><ele>20.399999618530273</ele><time>2026-06-02T22:10:55Z</time></trkpt><trkpt lat="37.48746109008789" lon="126.91294860839844"><ele>20.200000762939453</ele><time>2026-06-02T22:10:56Z</time></trkpt><trkpt lat="37.4874382019043" lon="126.91293334960938"><ele>20.200000762939453</ele><time>2026-06-02T22:10:57Z</time></trkpt><trkpt lat="37.48744583129883" lon="126.91291809082031"><ele>20.399999618530273</ele><time>2026-06-02T22:10:58Z</time></trkpt><trkpt lat="37.4874267578125" lon="126.91292572021484"><ele>20.399999618530273</ele><time>2026-06-02T22:10:59Z</time></trkpt><trkpt lat="37.487388610839844" lon="126.91295623779297"><ele>20.399999618530273</ele><time>2026-06-02T22:11:00Z</time></trkpt><trkpt lat="37.48737716674805" lon="126.91295623779297"><ele>20.399999618530273</ele><time>2026-06-02T22:11:01Z</time></trkpt><trkpt lat="37.487361907958984" lon="126.91293334960938"><ele>20.399999618530273</ele><time>2026-06-02T22:11:02Z</time></trkpt><trkpt lat="37.48734664916992" lon="126.91291046142578"><ele>20.200000762939453</ele><time>2026-06-02T22:11:03Z</time></trkpt><trkpt lat="37.48732376098633" lon="126.91287994384766"><ele>20.200000762939453</ele><time>2026-06-02T22:11:04Z</time></trkpt><trkpt lat="37.48731231689453" lon="126.91285705566406"><ele>20.200000762939453</ele><time>2026-06-02T22:11:05Z</time></trkpt><trkpt lat="37.48729705810547" lon="126.91283416748047"><ele>20.200000762939453</ele><time>2026-06-02T22:11:06Z</time></trkpt><trkpt lat="37.48727798461914" lon="126.91280364990234"><ele>20.200000762939453</ele><time>2026-06-02T22:11:07Z</time></trkpt><trkpt lat="37.487266540527344" lon="126.91277313232422"><ele>20.200000762939453</ele><time>2026-06-02T22:11:08Z</time></trkpt><trkpt lat="37.48725509643555" lon="126.9127426147461"><ele>20.200000762939453</ele><time>2026-06-02T22:11:09Z</time></trkpt><trkpt lat="37.487239837646484" lon="126.91271209716797"><ele>20.399999618530273</ele><time>2026-06-02T22:11:10Z</time></trkpt><trkpt lat="37.48722457885742" lon="126.91268157958984"><ele>20.200000762939453</ele><time>2026-06-02T22:11:11Z</time></trkpt><trkpt lat="37.487213134765625" lon="126.91264343261719"><ele>20.200000762939453</ele><time>2026-06-02T22:11:12Z</time></trkpt><trkpt lat="37.48719787597656" lon="126.91261291503906"><ele>20.200000762939453</ele><time>2026-06-02T22:11:13Z</time></trkpt><trkpt lat="37.4871826171875" lon="126.9125747680664"><ele>20.200000762939453</ele><time>2026-06-02T22:11:14Z</time></trkpt><trkpt lat="37.48716735839844" lon="126.91255187988281"><ele>20.200000762939453</ele><time>2026-06-02T22:11:15Z</time></trkpt><trkpt lat="37.48715591430664" lon="126.91252136230469"><ele>20.200000762939453</ele><time>2026-06-02T22:11:16Z</time></trkpt><trkpt lat="37.48714065551758" lon="126.91249084472656"><ele>20.200000762939453</ele><time>2026-06-02T22:11:17Z</time></trkpt><trkpt lat="37.48713302612305" lon="126.91246795654297"><ele>20.200000762939453</ele><time>2026-06-02T22:11:18Z</time></trkpt><trkpt lat="37.487125396728516" lon="126.91244506835938"><ele>20.200000762939453</ele><time>2026-06-02T22:11:19Z</time></trkpt><trkpt lat="37.487117767333984" lon="126.91241455078125"><ele>20.200000762939453</ele><time>2026-06-02T22:11:20Z</time></trkpt><trkpt lat="37.48711395263672" lon="126.91239929199219"><ele>20.200000762939453</ele><time>2026-06-02T22:11:21Z</time></trkpt><trkpt lat="37.48710632324219" lon="126.9123764038086"><ele>20.200000762939453</ele><time>2026-06-02T22:11:22Z</time></trkpt><trkpt lat="37.48710250854492" lon="126.912353515625"><ele>20.200000762939453</ele><time>2026-06-02T22:11:23Z</time></trkpt><trkpt lat="37.48709487915039" lon="126.9123306274414"><ele>20.200000762939453</ele><time>2026-06-02T22:11:24Z</time></trkpt><trkpt lat="37.487091064453125" lon="126.91231536865234"><ele>20.200000762939453</ele><time>2026-06-02T22:11:25Z</time></trkpt><trkpt lat="37.487083435058594" lon="126.91229248046875"><ele>20.0</ele><time>2026-06-02T22:11:26Z</time></trkpt><trkpt lat="37.4870719909668" lon="126.91226959228516"><ele>20.0</ele><time>2026-06-02T22:11:27Z</time></trkpt><trkpt lat="37.487060546875" lon="126.91224670410156"><ele>20.0</ele><time>2026-06-02T22:11:28Z</time></trkpt><trkpt lat="37.4870491027832" lon="126.91222381591797"><ele>20.0</ele><time>2026-06-02T22:11:29Z</time></trkpt><trkpt lat="37.48703384399414" lon="126.91220092773438"><ele>20.200000762939453</ele><time>2026-06-02T22:11:30Z</time></trkpt><trkpt lat="37.487022399902344" lon="126.91218566894531"><ele>20.399999618530273</ele><time>2026-06-02T22:11:31Z</time></trkpt><trkpt lat="37.48701095581055" lon="126.91217041015625"><ele>20.600000381469727</ele><time>2026-06-02T22:11:32Z</time></trkpt><trkpt lat="37.486995697021484" lon="126.91215515136719"><ele>20.600000381469727</ele><time>2026-06-02T22:11:33Z</time></trkpt><trkpt lat="37.48698425292969" lon="126.91213989257812"><ele>20.799999237060547</ele><time>2026-06-02T22:11:34Z</time></trkpt><trkpt lat="37.48697280883789" lon="126.91211700439453"><ele>20.600000381469727</ele><time>2026-06-02T22:11:35Z</time></trkpt><trkpt lat="37.486961364746094" lon="126.91209411621094"><ele>20.399999618530273</ele><time>2026-06-02T22:11:36Z</time></trkpt><trkpt lat="37.4869499206543" lon="126.91207122802734"><ele>20.200000762939453</ele><time>2026-06-02T22:11:37Z</time></trkpt><trkpt lat="37.4869384765625" lon="126.91205596923828"><ele>20.0</ele><time>2026-06-02T22:11:38Z</time></trkpt><trkpt lat="37.48693084716797" lon="126.91204071044922"><ele>20.0</ele><time>2026-06-02T22:11:39Z</time></trkpt><trkpt lat="37.486915588378906" lon="126.91202545166016"><ele>20.0</ele><time>2026-06-02T22:11:40Z</time></trkpt><trkpt lat="37.486907958984375" lon="126.9120101928711"><ele>20.200000762939453</ele><time>2026-06-02T22:11:41Z</time></trkpt><trkpt lat="37.48689270019531" lon="126.91199493408203"><ele>20.200000762939453</ele><time>2026-06-02T22:11:42Z</time></trkpt><trkpt lat="37.48688507080078" lon="126.91197204589844"><ele>20.200000762939453</ele><time>2026-06-02T22:11:43Z</time></trkpt><trkpt lat="37.486873626708984" lon="126.91194915771484"><ele>20.200000762939453</ele><time>2026-06-02T22:11:44Z</time></trkpt><trkpt lat="37.48686599731445" lon="126.91193389892578"><ele>20.200000762939453</ele><time>2026-06-02T22:11:45Z</time></trkpt><trkpt lat="37.48685836791992" lon="126.91191101074219"><ele>20.0</ele><time>2026-06-02T22:11:46Z</time></trkpt><trkpt lat="37.48685073852539" lon="126.91189575195312"><ele>20.0</ele><time>2026-06-02T22:11:47Z</time></trkpt><trkpt lat="37.486839294433594" lon="126.91187286376953"><ele>20.0</ele><time>2026-06-02T22:11:48Z</time></trkpt><trkpt lat="37.48683166503906" lon="126.91185760498047"><ele>20.0</ele><time>2026-06-02T22:11:49Z</time></trkpt><trkpt lat="37.486820220947266" lon="126.91183471679688"><ele>20.0</ele><time>2026-06-02T22:11:50Z</time></trkpt><trkpt lat="37.48680877685547" lon="126.91181945800781"><ele>20.0</ele><time>2026-06-02T22:11:51Z</time></trkpt><trkpt lat="37.48680114746094" lon="126.91179656982422"><ele>20.0</ele><time>2026-06-02T22:11:52Z</time></trkpt><trkpt lat="37.48678970336914" lon="126.91178131103516"><ele>20.0</ele><time>2026-06-02T22:11:53Z</time></trkpt><trkpt lat="37.486785888671875" lon="126.91177368164062"><ele>20.200000762939453</ele><time>2026-06-02T22:11:54Z</time></trkpt><trkpt lat="37.48677444458008" lon="126.91175842285156"><ele>20.200000762939453</ele><time>2026-06-02T22:11:55Z</time></trkpt><trkpt lat="37.48676300048828" lon="126.91173553466797"><ele>20.200000762939453</ele><time>2026-06-02T22:11:56Z</time></trkpt><trkpt lat="37.48675537109375" lon="126.91171264648438"><ele>20.0</ele><time>2026-06-02T22:11:57Z</time></trkpt><trkpt lat="37.48674392700195" lon="126.91168975830078"><ele>20.0</ele><time>2026-06-02T22:11:58Z</time></trkpt><trkpt lat="37.486732482910156" lon="126.91166687011719"><ele>20.0</ele><time>2026-06-02T22:11:59Z</time></trkpt><trkpt lat="37.486724853515625" lon="126.9116439819336"><ele>20.0</ele><time>2026-06-02T22:12:00Z</time></trkpt><trkpt lat="37.486717224121094" lon="126.91162109375"><ele>20.0</ele><time>2026-06-02T22:12:01Z</time></trkpt><trkpt lat="37.48670959472656" lon="126.9115982055664"><ele>20.0</ele><time>2026-06-02T22:12:02Z</time></trkpt><trkpt lat="37.48670196533203" lon="126.91158294677734"><ele>20.0</ele><time>2026-06-02T22:12:03Z</time></trkpt><trkpt lat="37.4866943359375" lon="126.91156005859375"><ele>20.0</ele><time>2026-06-02T22:12:04Z</time></trkpt><trkpt lat="37.48668670654297" lon="126.91153717041016"><ele>20.0</ele><time>2026-06-02T22:12:05Z</time></trkpt><trkpt lat="37.4866828918457" lon="126.91151428222656"><ele>20.0</ele><time>2026-06-02T22:12:06Z</time></trkpt><trkpt lat="37.48667526245117" lon="126.91149139404297"><ele>20.0</ele><time>2026-06-02T22:12:07Z</time></trkpt><trkpt lat="37.48666763305664" lon="126.91146850585938"><ele>20.0</ele><time>2026-06-02T22:12:08Z</time></trkpt><trkpt lat="37.48666000366211" lon="126.91144561767578"><ele>20.0</ele><time>2026-06-02T22:12:09Z</time></trkpt><trkpt lat="37.48665237426758" lon="126.91142272949219"><ele>20.0</ele><time>2026-06-02T22:12:10Z</time></trkpt><trkpt lat="37.48664474487305" lon="126.91139221191406"><ele>20.0</ele><time>2026-06-02T22:12:11Z</time></trkpt><trkpt lat="37.486637115478516" lon="126.91136932373047"><ele>20.0</ele><time>2026-06-02T22:12:12Z</time></trkpt><trkpt lat="37.486629486083984" lon="126.91134643554688"><ele>20.0</ele><time>2026-06-02T22:12:13Z</time></trkpt><trkpt lat="37.48662185668945" lon="126.91132354736328"><ele>20.0</ele><time>2026-06-02T22:12:14Z</time></trkpt><trkpt lat="37.48661422729492" lon="126.91130065917969"><ele>20.0</ele><time>2026-06-02T22:12:15Z</time></trkpt><trkpt lat="37.48660659790039" lon="126.9112777709961"><ele>20.0</ele><time>2026-06-02T22:12:16Z</time></trkpt><trkpt lat="37.48659896850586" lon="126.91126251220703"><ele>20.0</ele><time>2026-06-02T22:12:17Z</time></trkpt><trkpt lat="37.48659133911133" lon="126.91123962402344"><ele>20.0</ele><time>2026-06-02T22:12:18Z</time></trkpt><trkpt lat="37.48658752441406" lon="126.91122436523438"><ele>20.0</ele><time>2026-06-02T22:12:19Z</time></trkpt><trkpt lat="37.48657989501953" lon="126.91120147705078"><ele>20.0</ele><time>2026-06-02T22:12:20Z</time></trkpt><trkpt lat="37.486572265625" lon="126.91117858886719"><ele>20.0</ele><time>2026-06-02T22:12:21Z</time></trkpt><trkpt lat="37.48656463623047" lon="126.91116333007812"><ele>20.0</ele><time>2026-06-02T22:12:22Z</time></trkpt><trkpt lat="37.48655700683594" lon="126.91114807128906"><ele>20.0</ele><time>2026-06-02T22:12:23Z</time></trkpt><trkpt lat="37.486549377441406" lon="126.91112518310547"><ele>20.0</ele><time>2026-06-02T22:12:24Z</time></trkpt><trkpt lat="37.48653793334961" lon="126.91111755371094"><ele>20.0</ele><time>2026-06-02T22:12:25Z</time></trkpt><trkpt lat="37.48653030395508" lon="126.91109466552734"><ele>20.0</ele><time>2026-06-02T22:12:26Z</time></trkpt><trkpt lat="37.48651885986328" lon="126.91107940673828"><ele>20.0</ele><time>2026-06-02T22:12:27Z</time></trkpt><trkpt lat="37.48651123046875" lon="126.91105651855469"><ele>20.0</ele><time>2026-06-02T22:12:28Z</time></trkpt><trkpt lat="37.48650360107422" lon="126.9110336303711"><ele>20.0</ele><time>2026-06-02T22:12:29Z</time></trkpt><trkpt lat="37.48649597167969" lon="126.9110107421875"><ele>20.0</ele><time>2026-06-02T22:12:30Z</time></trkpt><trkpt lat="37.486488342285156" lon="126.9109878540039"><ele>20.0</ele><time>2026-06-02T22:12:31Z</time></trkpt><trkpt lat="37.486480712890625" lon="126.91096496582031"><ele>20.0</ele><time>2026-06-02T22:12:32Z</time></trkpt><trkpt lat="37.486473083496094" lon="126.91094207763672"><ele>20.0</ele><time>2026-06-02T22:12:33Z</time></trkpt><trkpt lat="37.48646545410156" lon="126.91091918945312"><ele>20.0</ele><time>2026-06-02T22:12:34Z</time></trkpt><trkpt lat="37.48645782470703" lon="126.91089630126953"><ele>20.0</ele><time>2026-06-02T22:12:35Z</time></trkpt><trkpt lat="37.4864501953125" lon="126.91087341308594"><ele>20.0</ele><time>2026-06-02T22:12:36Z</time></trkpt><trkpt lat="37.48644256591797" lon="126.91085052490234"><ele>20.0</ele><time>2026-06-02T22:12:37Z</time></trkpt><trkpt lat="37.48643493652344" lon="126.91083526611328"><ele>20.0</ele><time>2026-06-02T22:12:38Z</time></trkpt><trkpt lat="37.48642349243164" lon="126.91081237792969"><ele>20.0</ele><time>2026-06-02T22:12:39Z</time></trkpt><trkpt lat="37.48641586303711" lon="126.91079711914062"><ele>20.0</ele><time>2026-06-02T22:12:40Z</time></trkpt><trkpt lat="37.48640823364258" lon="126.9107666015625"><ele>20.0</ele><time>2026-06-02T22:12:41Z</time></trkpt><trkpt lat="37.48640060424805" lon="126.9107437133789"><ele>20.0</ele><time>2026-06-02T22:12:42Z</time></trkpt><trkpt lat="37.486392974853516" lon="126.91072845458984"><ele>20.0</ele><time>2026-06-02T22:12:43Z</time></trkpt><trkpt lat="37.48638916015625" lon="126.91070556640625"><ele>20.0</ele><time>2026-06-02T22:12:44Z</time></trkpt><trkpt lat="37.486385345458984" lon="126.91069030761719"><ele>20.0</ele><time>2026-06-02T22:12:45Z</time></trkpt><trkpt lat="37.48637771606445" lon="126.91067504882812"><ele>20.0</ele><time>2026-06-02T22:12:46Z</time></trkpt><trkpt lat="37.48637390136719" lon="126.91065216064453"><ele>20.0</ele><time>2026-06-02T22:12:47Z</time></trkpt><trkpt lat="37.48637008666992" lon="126.91063690185547"><ele>20.0</ele><time>2026-06-02T22:12:48Z</time></trkpt><trkpt lat="37.486358642578125" lon="126.91061401367188"><ele>20.0</ele><time>2026-06-02T22:12:49Z</time></trkpt><trkpt lat="37.48634719848633" lon="126.91059112548828"><ele>20.0</ele><time>2026-06-02T22:12:50Z</time></trkpt><trkpt lat="37.48634338378906" lon="126.91056823730469"><ele>20.0</ele><time>2026-06-02T22:12:51Z</time></trkpt><trkpt lat="37.48633575439453" lon="126.9105453491211"><ele>20.0</ele><time>2026-06-02T22:12:52Z</time></trkpt><trkpt lat="37.486328125" lon="126.91053009033203"><ele>20.0</ele><time>2026-06-02T22:12:53Z</time></trkpt><trkpt lat="37.486324310302734" lon="126.91050720214844"><ele>20.0</ele><time>2026-06-02T22:12:54Z</time></trkpt><trkpt lat="37.48632049560547" lon="126.91049194335938"><ele>19.799999237060547</ele><time>2026-06-02T22:12:55Z</time></trkpt><trkpt lat="37.48631286621094" lon="126.91046142578125"><ele>19.799999237060547</ele><time>2026-06-02T22:12:56Z</time></trkpt><trkpt lat="37.48630905151367" lon="126.91044616699219"><ele>19.799999237060547</ele><time>2026-06-02T22:12:57Z</time></trkpt><trkpt lat="37.486305236816406" lon="126.9104232788086"><ele>19.799999237060547</ele><time>2026-06-02T22:12:58Z</time></trkpt><trkpt lat="37.486297607421875" lon="126.910400390625"><ele>19.799999237060547</ele><time>2026-06-02T22:12:59Z</time></trkpt><trkpt lat="37.48628616333008" lon="126.91038513183594"><ele>19.799999237060547</ele><time>2026-06-02T22:13:00Z</time></trkpt><trkpt lat="37.48627853393555" lon="126.91035461425781"><ele>19.799999237060547</ele><time>2026-06-02T22:13:01Z</time></trkpt><trkpt lat="37.486270904541016" lon="126.91033172607422"><ele>19.799999237060547</ele><time>2026-06-02T22:13:02Z</time></trkpt><trkpt lat="37.48625946044922" lon="126.91031646728516"><ele>19.799999237060547</ele><time>2026-06-02T22:13:03Z</time></trkpt><trkpt lat="37.48625564575195" lon="126.91029357910156"><ele>19.799999237060547</ele><time>2026-06-02T22:13:04Z</time></trkpt><trkpt lat="37.48625183105469" lon="126.91027069091797"><ele>19.799999237060547</ele><time>2026-06-02T22:13:05Z</time></trkpt><trkpt lat="37.48624038696289" lon="126.91024780273438"><ele>19.799999237060547</ele><time>2026-06-02T22:13:06Z</time></trkpt><trkpt lat="37.48623275756836" lon="126.91022491455078"><ele>19.799999237060547</ele><time>2026-06-02T22:13:07Z</time></trkpt><trkpt lat="37.486228942871094" lon="126.91020965576172"><ele>19.799999237060547</ele><time>2026-06-02T22:13:08Z</time></trkpt><trkpt lat="37.48622131347656" lon="126.91019439697266"><ele>19.799999237060547</ele><time>2026-06-02T22:13:09Z</time></trkpt><trkpt lat="37.48621368408203" lon="126.9101791381836"><ele>19.799999237060547</ele><time>2026-06-02T22:13:10Z</time></trkpt><trkpt lat="37.486202239990234" lon="126.91017150878906"><ele>19.799999237060547</ele><time>2026-06-02T22:13:11Z</time></trkpt><trkpt lat="37.48619842529297" lon="126.91015625"><ele>19.799999237060547</ele><time>2026-06-02T22:13:12Z</time></trkpt><trkpt lat="37.48619079589844" lon="126.91014862060547"><ele>19.799999237060547</ele><time>2026-06-02T22:13:13Z</time></trkpt><trkpt lat="37.4861946105957" lon="126.91014862060547"><ele>20.0</ele><time>2026-06-02T22:13:14Z</time></trkpt><trkpt lat="37.48619079589844" lon="126.91014099121094"><ele>20.200000762939453</ele><time>2026-06-02T22:13:15Z</time></trkpt><trkpt lat="37.48619079589844" lon="126.91012573242188"><ele>20.399999618530273</ele><time>2026-06-02T22:13:16Z</time></trkpt><trkpt lat="37.48618698120117" lon="126.91011810302734"><ele>20.399999618530273</ele><time>2026-06-02T22:13:17Z</time></trkpt><trkpt lat="37.48617935180664" lon="126.91010284423828"><ele>20.399999618530273</ele><time>2026-06-02T22:13:18Z</time></trkpt><trkpt lat="37.486167907714844" lon="126.91008758544922"><ele>20.0</ele><time>2026-06-02T22:13:19Z</time></trkpt><trkpt lat="37.48616409301758" lon="126.91007232666016"><ele>19.799999237060547</ele><time>2026-06-02T22:13:20Z</time></trkpt><trkpt lat="37.48615646362305" lon="126.9100570678711"><ele>19.799999237060547</ele><time>2026-06-02T22:13:21Z</time></trkpt><trkpt lat="37.48614501953125" lon="126.9100341796875"><ele>19.600000381469727</ele><time>2026-06-02T22:13:22Z</time></trkpt><trkpt lat="37.48613739013672" lon="126.91001892089844"><ele>19.799999237060547</ele><time>2026-06-02T22:13:23Z</time></trkpt><trkpt lat="37.48612976074219" lon="126.91000366210938"><ele>19.799999237060547</ele><time>2026-06-02T22:13:24Z</time></trkpt><trkpt lat="37.486122131347656" lon="126.90998077392578"><ele>19.799999237060547</ele><time>2026-06-02T22:13:25Z</time></trkpt><trkpt lat="37.48611068725586" lon="126.90995788574219"><ele>19.799999237060547</ele><time>2026-06-02T22:13:26Z</time></trkpt><trkpt lat="37.48610305786133" lon="126.9099349975586"><ele>19.600000381469727</ele><time>2026-06-02T22:13:27Z</time></trkpt><trkpt lat="37.4860954284668" lon="126.909912109375"><ele>19.600000381469727</ele><time>2026-06-02T22:13:28Z</time></trkpt><trkpt lat="37.486087799072266" lon="126.9098892211914"><ele>19.600000381469727</ele><time>2026-06-02T22:13:29Z</time></trkpt><trkpt lat="37.486083984375" lon="126.90986633300781"><ele>19.600000381469727</ele><time>2026-06-02T22:13:30Z</time></trkpt><trkpt lat="37.48607635498047" lon="126.90984344482422"><ele>19.600000381469727</ele><time>2026-06-02T22:13:31Z</time></trkpt><trkpt lat="37.48606872558594" lon="126.90982055664062"><ele>19.600000381469727</ele><time>2026-06-02T22:13:32Z</time></trkpt><trkpt lat="37.486061096191406" lon="126.90979766845703"><ele>19.600000381469727</ele><time>2026-06-02T22:13:33Z</time></trkpt><trkpt lat="37.486053466796875" lon="126.90977478027344"><ele>19.600000381469727</ele><time>2026-06-02T22:13:34Z</time></trkpt><trkpt lat="37.48604965209961" lon="126.90975189208984"><ele>19.600000381469727</ele><time>2026-06-02T22:13:35Z</time></trkpt><trkpt lat="37.48604202270508" lon="126.90972900390625"><ele>19.600000381469727</ele><time>2026-06-02T22:13:36Z</time></trkpt><trkpt lat="37.48603820800781" lon="126.90970611572266"><ele>19.600000381469727</ele><time>2026-06-02T22:13:37Z</time></trkpt><trkpt lat="37.48603439331055" lon="126.9096908569336"><ele>19.600000381469727</ele><time>2026-06-02T22:13:38Z</time></trkpt><trkpt lat="37.48603057861328" lon="126.90966796875"><ele>19.600000381469727</ele><time>2026-06-02T22:13:39Z</time></trkpt><trkpt lat="37.486026763916016" lon="126.90965270996094"><ele>19.600000381469727</ele><time>2026-06-02T22:13:40Z</time></trkpt><trkpt lat="37.486019134521484" lon="126.90962982177734"><ele>19.600000381469727</ele><time>2026-06-02T22:13:41Z</time></trkpt><trkpt lat="37.48601531982422" lon="126.90960693359375"><ele>19.600000381469727</ele><time>2026-06-02T22:13:42Z</time></trkpt><trkpt lat="37.48600769042969" lon="126.90958404541016"><ele>19.600000381469727</ele><time>2026-06-02T22:13:43Z</time></trkpt><trkpt lat="37.48600387573242" lon="126.90956115722656"><ele>19.600000381469727</ele><time>2026-06-02T22:13:44Z</time></trkpt><trkpt lat="37.48599624633789" lon="126.90953826904297"><ele>19.600000381469727</ele><time>2026-06-02T22:13:45Z</time></trkpt><trkpt lat="37.48598861694336" lon="126.90951538085938"><ele>19.399999618530273</ele><time>2026-06-02T22:13:46Z</time></trkpt><trkpt lat="37.48598098754883" lon="126.90949249267578"><ele>19.399999618530273</ele><time>2026-06-02T22:13:47Z</time></trkpt><trkpt lat="37.48597717285156" lon="126.90946197509766"><ele>19.399999618530273</ele><time>2026-06-02T22:13:48Z</time></trkpt><trkpt lat="37.48596954345703" lon="126.90943908691406"><ele>19.399999618530273</ele><time>2026-06-02T22:13:49Z</time></trkpt><trkpt lat="37.4859619140625" lon="126.90940856933594"><ele>19.399999618530273</ele><time>2026-06-02T22:13:50Z</time></trkpt><trkpt lat="37.485958099365234" lon="126.90938568115234"><ele>19.399999618530273</ele><time>2026-06-02T22:13:51Z</time></trkpt><trkpt lat="37.4859504699707" lon="126.90936279296875"><ele>19.399999618530273</ele><time>2026-06-02T22:13:52Z</time></trkpt><trkpt lat="37.48594284057617" lon="126.90933990478516"><ele>19.399999618530273</ele><time>2026-06-02T22:13:53Z</time></trkpt><trkpt lat="37.485939025878906" lon="126.90931701660156"><ele>19.399999618530273</ele><time>2026-06-02T22:13:54Z</time></trkpt><trkpt lat="37.485931396484375" lon="126.90929412841797"><ele>19.399999618530273</ele><time>2026-06-02T22:13:55Z</time></trkpt><trkpt lat="37.48592758178711" lon="126.90927124023438"><ele>19.399999618530273</ele><time>2026-06-02T22:13:56Z</time></trkpt><trkpt lat="37.48591995239258" lon="126.90925598144531"><ele>19.399999618530273</ele><time>2026-06-02T22:13:57Z</time></trkpt><trkpt lat="37.48591232299805" lon="126.90923309326172"><ele>19.399999618530273</ele><time>2026-06-02T22:13:58Z</time></trkpt><trkpt lat="37.48590850830078" lon="126.90921020507812"><ele>19.399999618530273</ele><time>2026-06-02T22:13:59Z</time></trkpt><trkpt lat="37.485904693603516" lon="126.90919494628906"><ele>19.399999618530273</ele><time>2026-06-02T22:14:00Z</time></trkpt><trkpt lat="37.485897064208984" lon="126.90917205810547"><ele>19.399999618530273</ele><time>2026-06-02T22:14:01Z</time></trkpt><trkpt lat="37.48588943481445" lon="126.9091567993164"><ele>19.399999618530273</ele><time>2026-06-02T22:14:02Z</time></trkpt><trkpt lat="37.48588180541992" lon="126.90914154052734"><ele>19.399999618530273</ele><time>2026-06-02T22:14:03Z</time></trkpt><trkpt lat="37.48587417602539" lon="126.90912628173828"><ele>19.399999618530273</ele><time>2026-06-02T22:14:04Z</time></trkpt><trkpt lat="37.48586654663086" lon="126.90910339355469"><ele>19.399999618530273</ele><time>2026-06-02T22:14:05Z</time></trkpt><trkpt lat="37.485862731933594" lon="126.9090805053711"><ele>19.399999618530273</ele><time>2026-06-02T22:14:06Z</time></trkpt><trkpt lat="37.48585510253906" lon="126.9090576171875"><ele>19.200000762939453</ele><time>2026-06-02T22:14:07Z</time></trkpt><trkpt lat="37.48584747314453" lon="126.9090347290039"><ele>19.200000762939453</ele><time>2026-06-02T22:14:08Z</time></trkpt><trkpt lat="37.48583984375" lon="126.90901947021484"><ele>19.200000762939453</ele><time>2026-06-02T22:14:09Z</time></trkpt><trkpt lat="37.4858283996582" lon="126.90899658203125"><ele>19.200000762939453</ele><time>2026-06-02T22:14:10Z</time></trkpt><trkpt lat="37.485816955566406" lon="126.90897369384766"><ele>19.200000762939453</ele><time>2026-06-02T22:14:11Z</time></trkpt><trkpt lat="37.485809326171875" lon="126.90895080566406"><ele>19.200000762939453</ele><time>2026-06-02T22:14:12Z</time></trkpt><trkpt lat="37.485801696777344" lon="126.90892791748047"><ele>19.399999618530273</ele><time>2026-06-02T22:14:13Z</time></trkpt><trkpt lat="37.48579788208008" lon="126.9089126586914"><ele>19.399999618530273</ele><time>2026-06-02T22:14:14Z</time></trkpt><trkpt lat="37.48579025268555" lon="126.90888977050781"><ele>19.399999618530273</ele><time>2026-06-02T22:14:15Z</time></trkpt><trkpt lat="37.485782623291016" lon="126.90886688232422"><ele>19.399999618530273</ele><time>2026-06-02T22:14:16Z</time></trkpt><trkpt lat="37.485774993896484" lon="126.90884399414062"><ele>19.399999618530273</ele><time>2026-06-02T22:14:17Z</time></trkpt><trkpt lat="37.48576736450195" lon="126.9088134765625"><ele>19.399999618530273</ele><time>2026-06-02T22:14:18Z</time></trkpt><trkpt lat="37.48575973510742" lon="126.90879821777344"><ele>19.200000762939453</ele><time>2026-06-02T22:14:19Z</time></trkpt><trkpt lat="37.48575210571289" lon="126.90877532958984"><ele>19.200000762939453</ele><time>2026-06-02T22:14:20Z</time></trkpt><trkpt lat="37.48574447631836" lon="126.90875244140625"><ele>19.200000762939453</ele><time>2026-06-02T22:14:21Z</time></trkpt><trkpt lat="37.485740661621094" lon="126.90872955322266"><ele>19.200000762939453</ele><time>2026-06-02T22:14:22Z</time></trkpt><trkpt lat="37.48573303222656" lon="126.9087142944336"><ele>19.200000762939453</ele><time>2026-06-02T22:14:23Z</time></trkpt><trkpt lat="37.4857292175293" lon="126.90869903564453"><ele>19.200000762939453</ele><time>2026-06-02T22:14:24Z</time></trkpt><trkpt lat="37.48572540283203" lon="126.90867614746094"><ele>19.200000762939453</ele><time>2026-06-02T22:14:25Z</time></trkpt><trkpt lat="37.4857177734375" lon="126.90865325927734"><ele>19.200000762939453</ele><time>2026-06-02T22:14:26Z</time></trkpt><trkpt lat="37.4857177734375" lon="126.90864562988281"><ele>19.200000762939453</ele><time>2026-06-02T22:14:27Z</time></trkpt><trkpt lat="37.4857177734375" lon="126.90862274169922"><ele>19.200000762939453</ele><time>2026-06-02T22:14:28Z</time></trkpt><trkpt lat="37.48571014404297" lon="126.90860748291016"><ele>19.200000762939453</ele><time>2026-06-02T22:14:29Z</time></trkpt><trkpt lat="37.4857063293457" lon="126.9085922241211"><ele>19.200000762939453</ele><time>2026-06-02T22:14:30Z</time></trkpt><trkpt lat="37.48570251464844" lon="126.9085693359375"><ele>19.399999618530273</ele><time>2026-06-02T22:14:31Z</time></trkpt><trkpt lat="37.48569869995117" lon="126.90855407714844"><ele>19.200000762939453</ele><time>2026-06-02T22:14:32Z</time></trkpt><trkpt lat="37.485694885253906" lon="126.90853881835938"><ele>19.200000762939453</ele><time>2026-06-02T22:14:33Z</time></trkpt><trkpt lat="37.48569107055664" lon="126.90852355957031"><ele>19.200000762939453</ele><time>2026-06-02T22:14:34Z</time></trkpt><trkpt lat="37.485687255859375" lon="126.90850830078125"><ele>19.200000762939453</ele><time>2026-06-02T22:14:35Z</time></trkpt><trkpt lat="37.485679626464844" lon="126.90849304199219"><ele>19.200000762939453</ele><time>2026-06-02T22:14:36Z</time></trkpt><trkpt lat="37.48567581176758" lon="126.9084701538086"><ele>19.200000762939453</ele><time>2026-06-02T22:14:37Z</time></trkpt><trkpt lat="37.48566818237305" lon="126.90845489501953"><ele>19.200000762939453</ele><time>2026-06-02T22:14:38Z</time></trkpt><trkpt lat="37.48566436767578" lon="126.90843963623047"><ele>19.200000762939453</ele><time>2026-06-02T22:14:39Z</time></trkpt><trkpt lat="37.48565673828125" lon="126.9084243774414"><ele>19.200000762939453</ele><time>2026-06-02T22:14:40Z</time></trkpt><trkpt lat="37.48564910888672" lon="126.90840911865234"><ele>19.200000762939453</ele><time>2026-06-02T22:14:41Z</time></trkpt><trkpt lat="37.48564147949219" lon="126.90839385986328"><ele>19.200000762939453</ele><time>2026-06-02T22:14:42Z</time></trkpt><trkpt lat="37.48563766479492" lon="126.90837860107422"><ele>19.200000762939453</ele><time>2026-06-02T22:14:43Z</time></trkpt><trkpt lat="37.485633850097656" lon="126.90835571289062"><ele>19.200000762939453</ele><time>2026-06-02T22:14:44Z</time></trkpt><trkpt lat="37.48563003540039" lon="126.90834045410156"><ele>19.200000762939453</ele><time>2026-06-02T22:14:45Z</time></trkpt><trkpt lat="37.48562240600586" lon="126.9083251953125"><ele>19.200000762939453</ele><time>2026-06-02T22:14:46Z</time></trkpt><trkpt lat="37.485618591308594" lon="126.9083023071289"><ele>19.200000762939453</ele><time>2026-06-02T22:14:47Z</time></trkpt><trkpt lat="37.48561096191406" lon="126.90828704833984"><ele>19.200000762939453</ele><time>2026-06-02T22:14:48Z</time></trkpt><trkpt lat="37.4856071472168" lon="126.90827178955078"><ele>19.200000762939453</ele><time>2026-06-02T22:14:49Z</time></trkpt><trkpt lat="37.485595703125" lon="126.90824890136719"><ele>19.200000762939453</ele><time>2026-06-02T22:14:50Z</time></trkpt><trkpt lat="37.485595703125" lon="126.90823364257812"><ele>19.200000762939453</ele><time>2026-06-02T22:14:51Z</time></trkpt><trkpt lat="37.485591888427734" lon="126.90821838378906"><ele>19.200000762939453</ele><time>2026-06-02T22:14:52Z</time></trkpt><trkpt lat="37.4855842590332" lon="126.908203125"><ele>19.200000762939453</ele><time>2026-06-02T22:14:53Z</time></trkpt><trkpt lat="37.48557662963867" lon="126.90818786621094"><ele>19.0</ele><time>2026-06-02T22:14:54Z</time></trkpt><trkpt lat="37.48556900024414" lon="126.90816497802734"><ele>19.0</ele><time>2026-06-02T22:14:55Z</time></trkpt><trkpt lat="37.485565185546875" lon="126.90814971923828"><ele>19.0</ele><time>2026-06-02T22:14:56Z</time></trkpt><trkpt lat="37.48556137084961" lon="126.90813446044922"><ele>19.0</ele><time>2026-06-02T22:14:57Z</time></trkpt><trkpt lat="37.48555374145508" lon="126.90811157226562"><ele>19.0</ele><time>2026-06-02T22:14:58Z</time></trkpt><trkpt lat="37.48554611206055" lon="126.90809631347656"><ele>19.0</ele><time>2026-06-02T22:14:59Z</time></trkpt><trkpt lat="37.48554229736328" lon="126.90807342529297"><ele>19.0</ele><time>2026-06-02T22:15:00Z</time></trkpt><trkpt lat="37.485530853271484" lon="126.90805053710938"><ele>19.0</ele><time>2026-06-02T22:15:01Z</time></trkpt><trkpt lat="37.48552703857422" lon="126.90803527832031"><ele>19.0</ele><time>2026-06-02T22:15:02Z</time></trkpt><trkpt lat="37.48551940917969" lon="126.90801239013672"><ele>19.0</ele><time>2026-06-02T22:15:03Z</time></trkpt><trkpt lat="37.485511779785156" lon="126.90799713134766"><ele>19.0</ele><time>2026-06-02T22:15:04Z</time></trkpt><trkpt lat="37.485504150390625" lon="126.90797424316406"><ele>19.0</ele><time>2026-06-02T22:15:05Z</time></trkpt><trkpt lat="37.485496520996094" lon="126.90795135498047"><ele>19.0</ele><time>2026-06-02T22:15:06Z</time></trkpt><trkpt lat="37.4854850769043" lon="126.90792846679688"><ele>19.0</ele><time>2026-06-02T22:15:07Z</time></trkpt><trkpt lat="37.4854850769043" lon="126.90791320800781"><ele>19.0</ele><time>2026-06-02T22:15:08Z</time></trkpt><trkpt lat="37.485477447509766" lon="126.90789031982422"><ele>19.200000762939453</ele><time>2026-06-02T22:15:09Z</time></trkpt><trkpt lat="37.4854736328125" lon="126.90787506103516"><ele>19.200000762939453</ele><time>2026-06-02T22:15:10Z</time></trkpt><trkpt lat="37.48546600341797" lon="126.90785217285156"><ele>19.200000762939453</ele><time>2026-06-02T22:15:11Z</time></trkpt><trkpt lat="37.48546600341797" lon="126.9078369140625"><ele>19.200000762939453</ele><time>2026-06-02T22:15:12Z</time></trkpt><trkpt lat="37.4854621887207" lon="126.90782165527344"><ele>19.0</ele><time>2026-06-02T22:15:13Z</time></trkpt><trkpt lat="37.48545837402344" lon="126.9078140258789"><ele>19.0</ele><time>2026-06-02T22:15:14Z</time></trkpt><trkpt lat="37.485450744628906" lon="126.90779876708984"><ele>19.0</ele><time>2026-06-02T22:15:15Z</time></trkpt><trkpt lat="37.485450744628906" lon="126.90779113769531"><ele>19.0</ele><time>2026-06-02T22:15:16Z</time></trkpt><trkpt lat="37.485443115234375" lon="126.90776824951172"><ele>19.0</ele><time>2026-06-02T22:15:17Z</time></trkpt><trkpt lat="37.48543930053711" lon="126.90775299072266"><ele>19.0</ele><time>2026-06-02T22:15:18Z</time></trkpt><trkpt lat="37.48543167114258" lon="126.90773010253906"><ele>19.0</ele><time>2026-06-02T22:15:19Z</time></trkpt><trkpt lat="37.48542404174805" lon="126.90771484375"><ele>19.0</ele><time>2026-06-02T22:15:20Z</time></trkpt><trkpt lat="37.48542022705078" lon="126.9076919555664"><ele>19.0</ele><time>2026-06-02T22:15:21Z</time></trkpt><trkpt lat="37.485416412353516" lon="126.90767669677734"><ele>19.200000762939453</ele><time>2026-06-02T22:15:22Z</time></trkpt><trkpt lat="37.485408782958984" lon="126.90765380859375"><ele>19.200000762939453</ele><time>2026-06-02T22:15:23Z</time></trkpt><trkpt lat="37.48540496826172" lon="126.90763092041016"><ele>19.200000762939453</ele><time>2026-06-02T22:15:24Z</time></trkpt><trkpt lat="37.48540115356445" lon="126.90760803222656"><ele>19.0</ele><time>2026-06-02T22:15:25Z</time></trkpt><trkpt lat="37.48539733886719" lon="126.90758514404297"><ele>19.0</ele><time>2026-06-02T22:15:26Z</time></trkpt><trkpt lat="37.48539352416992" lon="126.90756225585938"><ele>19.0</ele><time>2026-06-02T22:15:27Z</time></trkpt><trkpt lat="37.48538589477539" lon="126.90754699707031"><ele>19.0</ele><time>2026-06-02T22:15:28Z</time></trkpt><trkpt lat="37.48537826538086" lon="126.90752410888672"><ele>19.0</ele><time>2026-06-02T22:15:29Z</time></trkpt><trkpt lat="37.48537063598633" lon="126.90750122070312"><ele>19.0</ele><time>2026-06-02T22:15:30Z</time></trkpt><trkpt lat="37.4853630065918" lon="126.90747833251953"><ele>19.0</ele><time>2026-06-02T22:15:31Z</time></trkpt><trkpt lat="37.485355377197266" lon="126.90745544433594"><ele>19.0</ele><time>2026-06-02T22:15:32Z</time></trkpt><trkpt lat="37.485347747802734" lon="126.90744018554688"><ele>19.0</ele><time>2026-06-02T22:15:33Z</time></trkpt><trkpt lat="37.4853401184082" lon="126.90741729736328"><ele>19.0</ele><time>2026-06-02T22:15:34Z</time></trkpt><trkpt lat="37.485328674316406" lon="126.90739440917969"><ele>19.0</ele><time>2026-06-02T22:15:35Z</time></trkpt><trkpt lat="37.48532485961914" lon="126.90737915039062"><ele>19.0</ele><time>2026-06-02T22:15:36Z</time></trkpt><trkpt lat="37.48531723022461" lon="126.90735626220703"><ele>18.799999237060547</ele><time>2026-06-02T22:15:37Z</time></trkpt><trkpt lat="37.48530578613281" lon="126.90733337402344"><ele>18.799999237060547</ele><time>2026-06-02T22:15:38Z</time></trkpt><trkpt lat="37.48530197143555" lon="126.90731811523438"><ele>18.799999237060547</ele><time>2026-06-02T22:15:39Z</time></trkpt><trkpt lat="37.485294342041016" lon="126.90729522705078"><ele>18.799999237060547</ele><time>2026-06-02T22:15:40Z</time></trkpt><trkpt lat="37.485286712646484" lon="126.90727233886719"><ele>18.799999237060547</ele><time>2026-06-02T22:15:41Z</time></trkpt><trkpt lat="37.48528289794922" lon="126.9072494506836"><ele>18.799999237060547</ele><time>2026-06-02T22:15:42Z</time></trkpt><trkpt lat="37.48527526855469" lon="126.9072265625"><ele>18.799999237060547</ele><time>2026-06-02T22:15:43Z</time></trkpt><trkpt lat="37.48527145385742" lon="126.9072036743164"><ele>18.799999237060547</ele><time>2026-06-02T22:15:44Z</time></trkpt><trkpt lat="37.485267639160156" lon="126.90718841552734"><ele>18.799999237060547</ele><time>2026-06-02T22:15:45Z</time></trkpt><trkpt lat="37.485260009765625" lon="126.90717315673828"><ele>18.600000381469727</ele><time>2026-06-02T22:15:46Z</time></trkpt><trkpt lat="37.485252380371094" lon="126.90715026855469"><ele>18.600000381469727</ele><time>2026-06-02T22:15:47Z</time></trkpt><trkpt lat="37.485252380371094" lon="126.90713500976562"><ele>18.600000381469727</ele><time>2026-06-02T22:15:48Z</time></trkpt><trkpt lat="37.48524475097656" lon="126.90711975097656"><ele>18.600000381469727</ele><time>2026-06-02T22:15:49Z</time></trkpt><trkpt lat="37.48523712158203" lon="126.90709686279297"><ele>18.399999618530273</ele><time>2026-06-02T22:15:50Z</time></trkpt><trkpt lat="37.485233306884766" lon="126.9070816040039"><ele>18.399999618530273</ele><time>2026-06-02T22:15:51Z</time></trkpt><trkpt lat="37.4852294921875" lon="126.90706634521484"><ele>18.399999618530273</ele><time>2026-06-02T22:15:52Z</time></trkpt><trkpt lat="37.48522186279297" lon="126.90704345703125"><ele>18.399999618530273</ele><time>2026-06-02T22:15:53Z</time></trkpt><trkpt lat="37.4852180480957" lon="126.90702056884766"><ele>18.399999618530273</ele><time>2026-06-02T22:15:54Z</time></trkpt><trkpt lat="37.48521041870117" lon="126.9070053100586"><ele>18.600000381469727</ele><time>2026-06-02T22:15:55Z</time></trkpt><trkpt lat="37.48520278930664" lon="126.906982421875"><ele>18.600000381469727</ele><time>2026-06-02T22:15:56Z</time></trkpt><trkpt lat="37.48519515991211" lon="126.90696716308594"><ele>18.600000381469727</ele><time>2026-06-02T22:15:57Z</time></trkpt><trkpt lat="37.48518753051758" lon="126.90695190429688"><ele>18.399999618530273</ele><time>2026-06-02T22:15:58Z</time></trkpt><trkpt lat="37.48517608642578" lon="126.90692901611328"><ele>18.399999618530273</ele><time>2026-06-02T22:15:59Z</time></trkpt><trkpt lat="37.48516845703125" lon="126.90691375732422"><ele>18.200000762939453</ele><time>2026-06-02T22:16:00Z</time></trkpt><trkpt lat="37.485164642333984" lon="126.90689086914062"><ele>18.200000762939453</ele><time>2026-06-02T22:16:01Z</time></trkpt><trkpt lat="37.48515319824219" lon="126.90687561035156"><ele>18.200000762939453</ele><time>2026-06-02T22:16:02Z</time></trkpt><trkpt lat="37.485145568847656" lon="126.90685272216797"><ele>18.200000762939453</ele><time>2026-06-02T22:16:03Z</time></trkpt><trkpt lat="37.485137939453125" lon="126.9068374633789"><ele>18.200000762939453</ele><time>2026-06-02T22:16:04Z</time></trkpt><trkpt lat="37.48513412475586" lon="126.90681457519531"><ele>18.200000762939453</ele><time>2026-06-02T22:16:05Z</time></trkpt><trkpt lat="37.485130310058594" lon="126.90679168701172"><ele>18.200000762939453</ele><time>2026-06-02T22:16:06Z</time></trkpt><trkpt lat="37.48512268066406" lon="126.90676879882812"><ele>18.200000762939453</ele><time>2026-06-02T22:16:07Z</time></trkpt><trkpt lat="37.48511505126953" lon="126.90674591064453"><ele>18.200000762939453</ele><time>2026-06-02T22:16:08Z</time></trkpt><trkpt lat="37.485107421875" lon="126.90672302246094"><ele>18.200000762939453</ele><time>2026-06-02T22:16:09Z</time></trkpt><trkpt lat="37.485103607177734" lon="126.90670013427734"><ele>18.200000762939453</ele><time>2026-06-02T22:16:10Z</time></trkpt><trkpt lat="37.48509216308594" lon="126.90667724609375"><ele>18.0</ele><time>2026-06-02T22:16:11Z</time></trkpt><trkpt lat="37.48508834838867" lon="126.90666198730469"><ele>18.0</ele><time>2026-06-02T22:16:12Z</time></trkpt><trkpt lat="37.48508071899414" lon="126.90663146972656"><ele>18.0</ele><time>2026-06-02T22:16:13Z</time></trkpt><trkpt lat="37.48507308959961" lon="126.9066162109375"><ele>18.0</ele><time>2026-06-02T22:16:14Z</time></trkpt><trkpt lat="37.48506164550781" lon="126.90660095214844"><ele>18.0</ele><time>2026-06-02T22:16:15Z</time></trkpt><trkpt lat="37.48505401611328" lon="126.90657806396484"><ele>18.0</ele><time>2026-06-02T22:16:16Z</time></trkpt><trkpt lat="37.485042572021484" lon="126.90656280517578"><ele>18.0</ele><time>2026-06-02T22:16:17Z</time></trkpt><trkpt lat="37.48503875732422" lon="126.90654754638672"><ele>18.0</ele><time>2026-06-02T22:16:18Z</time></trkpt><trkpt lat="37.48502731323242" lon="126.90653228759766"><ele>18.0</ele><time>2026-06-02T22:16:19Z</time></trkpt><trkpt lat="37.48501968383789" lon="126.9065170288086"><ele>18.0</ele><time>2026-06-02T22:16:20Z</time></trkpt><trkpt lat="37.485008239746094" lon="126.90650177001953"><ele>18.0</ele><time>2026-06-02T22:16:21Z</time></trkpt><trkpt lat="37.48500061035156" lon="126.906494140625"><ele>18.0</ele><time>2026-06-02T22:16:22Z</time></trkpt><trkpt lat="37.484989166259766" lon="126.90648651123047"><ele>18.0</ele><time>2026-06-02T22:16:23Z</time></trkpt><trkpt lat="37.484981536865234" lon="126.9064712524414"><ele>17.799999237060547</ele><time>2026-06-02T22:16:24Z</time></trkpt><trkpt lat="37.4849739074707" lon="126.90646362304688"><ele>17.799999237060547</ele><time>2026-06-02T22:16:25Z</time></trkpt><trkpt lat="37.48496627807617" lon="126.90644836425781"><ele>17.799999237060547</ele><time>2026-06-02T22:16:26Z</time></trkpt><trkpt lat="37.48495864868164" lon="126.90644073486328"><ele>17.799999237060547</ele><time>2026-06-02T22:16:27Z</time></trkpt><trkpt lat="37.48495101928711" lon="126.90642547607422"><ele>17.799999237060547</ele><time>2026-06-02T22:16:28Z</time></trkpt><trkpt lat="37.48493957519531" lon="126.90641784667969"><ele>17.799999237060547</ele><time>2026-06-02T22:16:29Z</time></trkpt><trkpt lat="37.484928131103516" lon="126.90641021728516"><ele>17.799999237060547</ele><time>2026-06-02T22:16:30Z</time></trkpt><trkpt lat="37.484920501708984" lon="126.9063949584961"><ele>17.799999237060547</ele><time>2026-06-02T22:16:31Z</time></trkpt><trkpt lat="37.48490905761719" lon="126.90638732910156"><ele>17.799999237060547</ele><time>2026-06-02T22:16:32Z</time></trkpt><trkpt lat="37.484901428222656" lon="126.90637969970703"><ele>17.799999237060547</ele><time>2026-06-02T22:16:33Z</time></trkpt><trkpt lat="37.484886169433594" lon="126.9063720703125"><ele>17.799999237060547</ele><time>2026-06-02T22:16:34Z</time></trkpt><trkpt lat="37.4848747253418" lon="126.90635681152344"><ele>17.600000381469727</ele><time>2026-06-02T22:16:35Z</time></trkpt><trkpt lat="37.48486328125" lon="126.9063491821289"><ele>17.600000381469727</ele><time>2026-06-02T22:16:36Z</time></trkpt><trkpt lat="37.48485565185547" lon="126.90634155273438"><ele>17.799999237060547</ele><time>2026-06-02T22:16:37Z</time></trkpt><trkpt lat="37.4848518371582" lon="126.90632629394531"><ele>17.600000381469727</ele><time>2026-06-02T22:16:38Z</time></trkpt><trkpt lat="37.484840393066406" lon="126.90632629394531"><ele>17.600000381469727</ele><time>2026-06-02T22:16:39Z</time></trkpt><trkpt lat="37.48483657836914" lon="126.90631103515625"><ele>17.600000381469727</ele><time>2026-06-02T22:16:40Z</time></trkpt><trkpt lat="37.48482894897461" lon="126.90631866455078"><ele>17.600000381469727</ele><time>2026-06-02T22:16:41Z</time></trkpt><trkpt lat="37.48482131958008" lon="126.90631103515625"><ele>17.600000381469727</ele><time>2026-06-02T22:16:42Z</time></trkpt><trkpt lat="37.48481750488281" lon="126.90630340576172"><ele>17.600000381469727</ele><time>2026-06-02T22:16:43Z</time></trkpt><trkpt lat="37.48480987548828" lon="126.90630340576172"><ele>17.600000381469727</ele><time>2026-06-02T22:16:44Z</time></trkpt><trkpt lat="37.48480224609375" lon="126.90629577636719"><ele>17.600000381469727</ele><time>2026-06-02T22:16:45Z</time></trkpt><trkpt lat="37.484798431396484" lon="126.90628814697266"><ele>17.600000381469727</ele><time>2026-06-02T22:16:46Z</time></trkpt><trkpt lat="37.48479461669922" lon="126.90628051757812"><ele>17.799999237060547</ele><time>2026-06-02T22:16:47Z</time></trkpt><trkpt lat="37.48478317260742" lon="126.9062728881836"><ele>17.799999237060547</ele><time>2026-06-02T22:16:48Z</time></trkpt><trkpt lat="37.484779357910156" lon="126.90625762939453"><ele>17.799999237060547</ele><time>2026-06-02T22:16:49Z</time></trkpt><trkpt lat="37.484771728515625" lon="126.90624237060547"><ele>17.799999237060547</ele><time>2026-06-02T22:16:50Z</time></trkpt><trkpt lat="37.48477554321289" lon="126.90621948242188"><ele>17.799999237060547</ele><time>2026-06-02T22:16:51Z</time></trkpt><trkpt lat="37.484779357910156" lon="126.90618133544922"><ele>17.799999237060547</ele><time>2026-06-02T22:16:52Z</time></trkpt><trkpt lat="37.484771728515625" lon="126.90616607666016"><ele>17.799999237060547</ele><time>2026-06-02T22:16:53Z</time></trkpt><trkpt lat="37.484764099121094" lon="126.9061508178711"><ele>17.799999237060547</ele><time>2026-06-02T22:16:54Z</time></trkpt><trkpt lat="37.484764099121094" lon="126.90613555908203"><ele>17.799999237060547</ele><time>2026-06-02T22:16:55Z</time></trkpt><trkpt lat="37.48475646972656" lon="126.90612030029297"><ele>17.799999237060547</ele><time>2026-06-02T22:16:56Z</time></trkpt><trkpt lat="37.4847526550293" lon="126.9061050415039"><ele>17.799999237060547</ele><time>2026-06-02T22:16:57Z</time></trkpt><trkpt lat="37.4847526550293" lon="126.90607452392578"><ele>17.799999237060547</ele><time>2026-06-02T22:16:58Z</time></trkpt><trkpt lat="37.48474884033203" lon="126.90603637695312"><ele>17.799999237060547</ele><time>2026-06-02T22:16:59Z</time></trkpt><trkpt lat="37.484745025634766" lon="126.90602111816406"><ele>17.799999237060547</ele><time>2026-06-02T22:17:00Z</time></trkpt><trkpt lat="37.4847412109375" lon="126.90599060058594"><ele>17.600000381469727</ele><time>2026-06-02T22:17:01Z</time></trkpt><trkpt lat="37.4847412109375" lon="126.90596008300781"><ele>17.799999237060547</ele><time>2026-06-02T22:17:02Z</time></trkpt><trkpt lat="37.48473358154297" lon="126.90592956542969"><ele>17.799999237060547</ele><time>2026-06-02T22:17:03Z</time></trkpt><trkpt lat="37.48472595214844" lon="126.90589904785156"><ele>17.799999237060547</ele><time>2026-06-02T22:17:04Z</time></trkpt><trkpt lat="37.48472213745117" lon="126.9058837890625"><ele>17.799999237060547</ele><time>2026-06-02T22:17:05Z</time></trkpt><trkpt lat="37.48471450805664" lon="126.90586853027344"><ele>17.799999237060547</ele><time>2026-06-02T22:17:06Z</time></trkpt><trkpt lat="37.484710693359375" lon="126.90585327148438"><ele>17.799999237060547</ele><time>2026-06-02T22:17:07Z</time></trkpt><trkpt lat="37.484703063964844" lon="126.90583038330078"><ele>18.0</ele><time>2026-06-02T22:17:08Z</time></trkpt><trkpt lat="37.48469924926758" lon="126.90581512451172"><ele>18.0</ele><time>2026-06-02T22:17:09Z</time></trkpt><trkpt lat="37.48469161987305" lon="126.90579986572266"><ele>18.0</ele><time>2026-06-02T22:17:10Z</time></trkpt><trkpt lat="37.48468780517578" lon="126.90577697753906"><ele>18.0</ele><time>2026-06-02T22:17:11Z</time></trkpt><trkpt lat="37.48469161987305" lon="126.90576171875"><ele>18.0</ele><time>2026-06-02T22:17:12Z</time></trkpt><trkpt lat="37.48468780517578" lon="126.9057388305664"><ele>18.0</ele><time>2026-06-02T22:17:13Z</time></trkpt><trkpt lat="37.484683990478516" lon="126.90570831298828"><ele>18.0</ele><time>2026-06-02T22:17:14Z</time></trkpt><trkpt lat="37.484676361083984" lon="126.90567779541016"><ele>17.799999237060547</ele><time>2026-06-02T22:17:15Z</time></trkpt><trkpt lat="37.48467254638672" lon="126.90563201904297"><ele>18.0</ele><time>2026-06-02T22:17:16Z</time></trkpt><trkpt lat="37.48464584350586" lon="126.90562438964844"><ele>18.0</ele><time>2026-06-02T22:17:17Z</time></trkpt><trkpt lat="37.4846076965332" lon="126.90562438964844"><ele>18.0</ele><time>2026-06-02T22:17:18Z</time></trkpt><trkpt lat="37.484561920166016" lon="126.9056167602539"><ele>18.0</ele><time>2026-06-02T22:17:19Z</time></trkpt><trkpt lat="37.484527587890625" lon="126.90560150146484"><ele>18.0</ele><time>2026-06-02T22:17:20Z</time></trkpt><trkpt lat="37.484500885009766" lon="126.90559387207031"><ele>18.0</ele><time>2026-06-02T22:17:21Z</time></trkpt><trkpt lat="37.4844856262207" lon="126.90558624267578"><ele>17.799999237060547</ele><time>2026-06-02T22:17:22Z</time></trkpt><trkpt lat="37.4844856262207" lon="126.90558624267578"><ele>17.799999237060547</ele><time>2026-06-02T22:17:23Z</time></trkpt><trkpt lat="37.48448944091797" lon="126.90556335449219"><ele>17.799999237060547</ele><time>2026-06-02T22:17:24Z</time></trkpt><trkpt lat="37.48448944091797" lon="126.90555572509766"><ele>17.799999237060547</ele><time>2026-06-02T22:17:25Z</time></trkpt><trkpt lat="37.484474182128906" lon="126.90554809570312"><ele>17.600000381469727</ele><time>2026-06-02T22:17:26Z</time></trkpt><trkpt lat="37.48447036743164" lon="126.9055404663086"><ele>17.600000381469727</ele><time>2026-06-02T22:17:27Z</time></trkpt><trkpt lat="37.484466552734375" lon="126.905517578125"><ele>17.600000381469727</ele><time>2026-06-02T22:17:28Z</time></trkpt><trkpt lat="37.48445510864258" lon="126.90550994873047"><ele>17.600000381469727</ele><time>2026-06-02T22:17:29Z</time></trkpt><trkpt lat="37.484432220458984" lon="126.90550231933594"><ele>17.600000381469727</ele><time>2026-06-02T22:17:30Z</time></trkpt><trkpt lat="37.484405517578125" lon="126.9054946899414"><ele>17.600000381469727</ele><time>2026-06-02T22:17:31Z</time></trkpt><trkpt lat="37.484378814697266" lon="126.9054946899414"><ele>17.600000381469727</ele><time>2026-06-02T22:17:32Z</time></trkpt><trkpt lat="37.48434066772461" lon="126.90547943115234"><ele>17.600000381469727</ele><time>2026-06-02T22:17:33Z</time></trkpt><trkpt lat="37.484310150146484" lon="126.90547943115234"><ele>17.600000381469727</ele><time>2026-06-02T22:17:34Z</time></trkpt><trkpt lat="37.48429489135742" lon="126.90547180175781"><ele>17.600000381469727</ele><time>2026-06-02T22:17:35Z</time></trkpt><trkpt lat="37.484275817871094" lon="126.90547180175781"><ele>17.399999618530273</ele><time>2026-06-02T22:17:36Z</time></trkpt><trkpt lat="37.48426055908203" lon="126.90547180175781"><ele>17.399999618530273</ele><time>2026-06-02T22:17:37Z</time></trkpt><trkpt lat="37.4842414855957" lon="126.90547943115234"><ele>17.399999618530273</ele><time>2026-06-02T22:17:38Z</time></trkpt><trkpt lat="37.48421096801758" lon="126.90548706054688"><ele>17.399999618530273</ele><time>2026-06-02T22:17:39Z</time></trkpt><trkpt lat="37.48418426513672" lon="126.9054946899414"><ele>17.399999618530273</ele><time>2026-06-02T22:17:40Z</time></trkpt><trkpt lat="37.48416519165039" lon="126.9054946899414"><ele>17.399999618530273</ele><time>2026-06-02T22:17:41Z</time></trkpt><trkpt lat="37.48414611816406" lon="126.9054946899414"><ele>17.200000762939453</ele><time>2026-06-02T22:17:42Z</time></trkpt><trkpt lat="37.484134674072266" lon="126.9054946899414"><ele>17.200000762939453</ele><time>2026-06-02T22:17:43Z</time></trkpt><trkpt lat="37.4841194152832" lon="126.9054946899414"><ele>17.200000762939453</ele><time>2026-06-02T22:17:44Z</time></trkpt><trkpt lat="37.48411178588867" lon="126.90550231933594"><ele>17.200000762939453</ele><time>2026-06-02T22:17:45Z</time></trkpt><trkpt lat="37.484107971191406" lon="126.90550231933594"><ele>17.200000762939453</ele><time>2026-06-02T22:17:46Z</time></trkpt><trkpt lat="37.48410415649414" lon="126.90550231933594"><ele>17.200000762939453</ele><time>2026-06-02T22:17:47Z</time></trkpt><trkpt lat="37.484092712402344" lon="126.90550994873047"><ele>17.200000762939453</ele><time>2026-06-02T22:17:48Z</time></trkpt><trkpt lat="37.48408889770508" lon="126.90550994873047"><ele>17.200000762939453</ele><time>2026-06-02T22:17:49Z</time></trkpt><trkpt lat="37.484092712402344" lon="126.905517578125"><ele>17.200000762939453</ele><time>2026-06-02T22:17:50Z</time></trkpt><trkpt lat="37.4841194152832" lon="126.90550994873047"><ele>17.200000762939453</ele><time>2026-06-02T22:17:51Z</time></trkpt><trkpt lat="37.484161376953125" lon="126.90550994873047"><ele>17.0</ele><time>2026-06-02T22:17:52Z</time></trkpt><trkpt lat="37.484169006347656" lon="126.90550994873047"><ele>17.0</ele><time>2026-06-02T22:17:53Z</time></trkpt><trkpt lat="37.484195709228516" lon="126.9054946899414"><ele>17.0</ele><time>2026-06-02T22:17:54Z</time></trkpt><trkpt lat="37.484214782714844" lon="126.9054946899414"><ele>17.0</ele><time>2026-06-02T22:17:55Z</time></trkpt><trkpt lat="37.484222412109375" lon="126.90550231933594"><ele>17.0</ele><time>2026-06-02T22:17:56Z</time></trkpt><trkpt lat="37.484230041503906" lon="126.9054946899414"><ele>17.0</ele><time>2026-06-02T22:17:57Z</time></trkpt><trkpt lat="37.48423385620117" lon="126.9054946899414"><ele>17.0</ele><time>2026-06-02T22:17:58Z</time></trkpt><trkpt lat="37.4842414855957" lon="126.9054946899414"><ele>17.0</ele><time>2026-06-02T22:17:59Z</time></trkpt><trkpt lat="37.4842414855957" lon="126.90548706054688"><ele>17.0</ele><time>2026-06-02T22:18:00Z</time></trkpt><trkpt lat="37.48424530029297" lon="126.90547943115234"><ele>17.0</ele><time>2026-06-02T22:18:01Z</time></trkpt><trkpt lat="37.48424530029297" lon="126.90547943115234"><ele>17.0</ele><time>2026-06-02T22:18:02Z</time></trkpt><trkpt lat="37.4842414855957" lon="126.90547180175781"><ele>17.0</ele><time>2026-06-02T22:18:03Z</time></trkpt><trkpt lat="37.4842414855957" lon="126.90546417236328"><ele>17.0</ele><time>2026-06-02T22:18:04Z</time></trkpt><trkpt lat="37.4842414855957" lon="126.90545654296875"><ele>17.0</ele><time>2026-06-02T22:18:05Z</time></trkpt><trkpt lat="37.48423767089844" lon="126.90544891357422"><ele>17.0</ele><time>2026-06-02T22:18:06Z</time></trkpt><trkpt lat="37.48423767089844" lon="126.90543365478516"><ele>17.0</ele><time>2026-06-02T22:18:07Z</time></trkpt><trkpt lat="37.48423385620117" lon="126.90541076660156"><ele>17.0</ele><time>2026-06-02T22:18:08Z</time></trkpt><trkpt lat="37.48423385620117" lon="126.90540313720703"><ele>17.0</ele><time>2026-06-02T22:18:09Z</time></trkpt><trkpt lat="37.48423385620117" lon="126.90538787841797"><ele>17.0</ele><time>2026-06-02T22:18:10Z</time></trkpt><trkpt lat="37.48423385620117" lon="126.90538024902344"><ele>16.799999237060547</ele><time>2026-06-02T22:18:11Z</time></trkpt><trkpt lat="37.48423385620117" lon="126.90538024902344"><ele>16.799999237060547</ele><time>2026-06-02T22:18:12Z</time></trkpt><trkpt lat="37.48584747314453" lon="126.89997100830078"><ele>15.399999618530273</ele><time>2026-06-02T22:21:41Z</time></trkpt><trkpt lat="37.4858283996582" lon="126.89993286132812"><ele>15.399999618530273</ele><time>2026-06-02T22:21:42Z</time></trkpt><trkpt lat="37.485836029052734" lon="126.89995574951172"><ele>15.399999618530273</ele><time>2026-06-02T22:21:43Z</time></trkpt><trkpt lat="37.48583984375" lon="126.89994812011719"><ele>15.399999618530273</ele><time>2026-06-02T22:21:44Z</time></trkpt><trkpt lat="37.48583221435547" lon="126.89998626708984"><ele>15.399999618530273</ele><time>2026-06-02T22:21:45Z</time></trkpt><trkpt lat="37.48583221435547" lon="126.89997863769531"><ele>15.399999618530273</ele><time>2026-06-02T22:21:46Z</time></trkpt><trkpt lat="37.485843658447266" lon="126.89994049072266"><ele>15.399999618530273</ele><time>2026-06-02T22:21:47Z</time></trkpt><trkpt lat="37.48585510253906" lon="126.89989471435547"><ele>15.399999618530273</ele><time>2026-06-02T22:21:48Z</time></trkpt><trkpt lat="37.48587417602539" lon="126.89986419677734"><ele>15.399999618530273</ele><time>2026-06-02T22:21:49Z</time></trkpt><trkpt lat="37.48588943481445" lon="126.89983367919922"><ele>15.399999618530273</ele><time>2026-06-02T22:21:50Z</time></trkpt><trkpt lat="37.485897064208984" lon="126.89981842041016"><ele>15.399999618530273</ele><time>2026-06-02T22:21:51Z</time></trkpt><trkpt lat="37.485904693603516" lon="126.8998031616211"><ele>15.399999618530273</ele><time>2026-06-02T22:21:52Z</time></trkpt><trkpt lat="37.48591995239258" lon="126.89978790283203"><ele>15.199999809265137</ele><time>2026-06-02T22:21:53Z</time></trkpt><trkpt lat="37.485931396484375" lon="126.89976501464844"><ele>15.199999809265137</ele><time>2026-06-02T22:21:54Z</time></trkpt><trkpt lat="37.48594665527344" lon="126.89974212646484"><ele>15.199999809265137</ele><time>2026-06-02T22:21:55Z</time></trkpt><trkpt lat="37.485958099365234" lon="126.89972686767578"><ele>15.199999809265137</ele><time>2026-06-02T22:21:56Z</time></trkpt><trkpt lat="37.4859619140625" lon="126.89970397949219"><ele>15.199999809265137</ele><time>2026-06-02T22:21:57Z</time></trkpt><trkpt lat="37.4859733581543" lon="126.8996810913086"><ele>15.399999618530273</ele><time>2026-06-02T22:21:58Z</time></trkpt><trkpt lat="37.48598861694336" lon="126.89966583251953"><ele>15.399999618530273</ele><time>2026-06-02T22:21:59Z</time></trkpt><trkpt lat="37.48600769042969" lon="126.89962768554688"><ele>15.399999618530273</ele><time>2026-06-02T22:22:00Z</time></trkpt><trkpt lat="37.486019134521484" lon="126.89954376220703"><ele>15.399999618530273</ele><time>2026-06-02T22:22:01Z</time></trkpt><trkpt lat="37.48604202270508" lon="126.89949798583984"><ele>15.399999618530273</ele><time>2026-06-02T22:22:02Z</time></trkpt><trkpt lat="37.48607635498047" lon="126.89942932128906"><ele>15.199999809265137</ele><time>2026-06-02T22:22:03Z</time></trkpt><trkpt lat="37.486106872558594" lon="126.89938354492188"><ele>15.199999809265137</ele><time>2026-06-02T22:22:04Z</time></trkpt><trkpt lat="37.48612976074219" lon="126.89935302734375"><ele>15.199999809265137</ele><time>2026-06-02T22:22:05Z</time></trkpt><trkpt lat="37.48615646362305" lon="126.89933776855469"><ele>15.0</ele><time>2026-06-02T22:22:06Z</time></trkpt><trkpt lat="37.48617935180664" lon="126.8993148803711"><ele>15.0</ele><time>2026-06-02T22:22:07Z</time></trkpt><trkpt lat="37.486209869384766" lon="126.89927673339844"><ele>15.0</ele><time>2026-06-02T22:22:08Z</time></trkpt><trkpt lat="37.48623275756836" lon="126.89926147460938"><ele>15.0</ele><time>2026-06-02T22:22:09Z</time></trkpt><trkpt lat="37.48625183105469" lon="126.89923858642578"><ele>15.0</ele><time>2026-06-02T22:22:10Z</time></trkpt><trkpt lat="37.48627853393555" lon="126.89920806884766"><ele>15.0</ele><time>2026-06-02T22:22:11Z</time></trkpt><trkpt lat="37.48629379272461" lon="126.89918518066406"><ele>15.0</ele><time>2026-06-02T22:22:12Z</time></trkpt><trkpt lat="37.4863166809082" lon="126.89916229248047"><ele>15.0</ele><time>2026-06-02T22:22:13Z</time></trkpt><trkpt lat="37.48635482788086" lon="126.899169921875"><ele>15.0</ele><time>2026-06-02T22:22:14Z</time></trkpt><trkpt lat="37.48637008666992" lon="126.899169921875"><ele>15.0</ele><time>2026-06-02T22:22:15Z</time></trkpt><trkpt lat="37.486385345458984" lon="126.8991470336914"><ele>15.0</ele><time>2026-06-02T22:22:16Z</time></trkpt><trkpt lat="37.48640060424805" lon="126.89912414550781"><ele>15.0</ele><time>2026-06-02T22:22:17Z</time></trkpt><trkpt lat="37.486419677734375" lon="126.89910888671875"><ele>15.0</ele><time>2026-06-02T22:22:18Z</time></trkpt><trkpt lat="37.48643493652344" lon="126.89910125732422"><ele>15.0</ele><time>2026-06-02T22:22:19Z</time></trkpt><trkpt lat="37.486454010009766" lon="126.89908599853516"><ele>15.0</ele><time>2026-06-02T22:22:20Z</time></trkpt><trkpt lat="37.48646926879883" lon="126.8990707397461"><ele>15.0</ele><time>2026-06-02T22:22:21Z</time></trkpt><trkpt lat="37.486488342285156" lon="126.89905548095703"><ele>15.0</ele><time>2026-06-02T22:22:22Z</time></trkpt><trkpt lat="37.486507415771484" lon="126.89904022216797"><ele>15.0</ele><time>2026-06-02T22:22:23Z</time></trkpt><trkpt lat="37.48652267456055" lon="126.89903259277344"><ele>15.0</ele><time>2026-06-02T22:22:24Z</time></trkpt><trkpt lat="37.48653793334961" lon="126.89901733398438"><ele>15.0</ele><time>2026-06-02T22:22:25Z</time></trkpt><trkpt lat="37.48655319213867" lon="126.89900207519531"><ele>15.0</ele><time>2026-06-02T22:22:26Z</time></trkpt><trkpt lat="37.48656463623047" lon="126.89899444580078"><ele>15.0</ele><time>2026-06-02T22:22:27Z</time></trkpt><trkpt lat="37.486576080322266" lon="126.89898681640625"><ele>15.0</ele><time>2026-06-02T22:22:28Z</time></trkpt><trkpt lat="37.48659133911133" lon="126.89897155761719"><ele>15.0</ele><time>2026-06-02T22:22:29Z</time></trkpt><trkpt lat="37.486602783203125" lon="126.89895629882812"><ele>14.800000190734863</ele><time>2026-06-02T22:22:30Z</time></trkpt><trkpt lat="37.48662185668945" lon="126.89894104003906"><ele>14.800000190734863</ele><time>2026-06-02T22:22:31Z</time></trkpt><trkpt lat="37.48663330078125" lon="126.89892578125"><ele>14.800000190734863</ele><time>2026-06-02T22:22:32Z</time></trkpt><trkpt lat="37.48664474487305" lon="126.89891052246094"><ele>15.0</ele><time>2026-06-02T22:22:33Z</time></trkpt><trkpt lat="37.48666000366211" lon="126.89889526367188"><ele>15.0</ele><time>2026-06-02T22:22:34Z</time></trkpt><trkpt lat="37.486671447753906" lon="126.89888000488281"><ele>15.0</ele><time>2026-06-02T22:22:35Z</time></trkpt><trkpt lat="37.48668670654297" lon="126.89885711669922"><ele>15.0</ele><time>2026-06-02T22:22:36Z</time></trkpt><trkpt lat="37.48670196533203" lon="126.89884185791016"><ele>15.0</ele><time>2026-06-02T22:22:37Z</time></trkpt><trkpt lat="37.486717224121094" lon="126.8988265991211"><ele>15.0</ele><time>2026-06-02T22:22:38Z</time></trkpt><trkpt lat="37.48673629760742" lon="126.8988037109375"><ele>15.0</ele><time>2026-06-02T22:22:39Z</time></trkpt><trkpt lat="37.48674392700195" lon="126.89878845214844"><ele>15.0</ele><time>2026-06-02T22:22:40Z</time></trkpt><trkpt lat="37.48676300048828" lon="126.89875793457031"><ele>15.0</ele><time>2026-06-02T22:22:41Z</time></trkpt><trkpt lat="37.48677444458008" lon="126.89874267578125"><ele>15.0</ele><time>2026-06-02T22:22:42Z</time></trkpt><trkpt lat="37.48678207397461" lon="126.89872741699219"><ele>15.0</ele><time>2026-06-02T22:22:43Z</time></trkpt><trkpt lat="37.48678970336914" lon="126.89871215820312"><ele>15.0</ele><time>2026-06-02T22:22:44Z</time></trkpt><trkpt lat="37.486793518066406" lon="126.89871215820312"><ele>15.0</ele><time>2026-06-02T22:22:45Z</time></trkpt><trkpt lat="37.486793518066406" lon="126.89871978759766"><ele>15.0</ele><time>2026-06-02T22:22:46Z</time></trkpt><trkpt lat="37.48680114746094" lon="126.89871978759766"><ele>15.0</ele><time>2026-06-02T22:22:47Z</time></trkpt><trkpt lat="37.48680877685547" lon="126.8987045288086"><ele>15.0</ele><time>2026-06-02T22:22:48Z</time></trkpt><trkpt lat="37.486812591552734" lon="126.89869689941406"><ele>14.800000190734863</ele><time>2026-06-02T22:22:49Z</time></trkpt><trkpt lat="37.48682403564453" lon="126.898681640625"><ele>14.800000190734863</ele><time>2026-06-02T22:22:50Z</time></trkpt><trkpt lat="37.48683547973633" lon="126.89866638183594"><ele>14.800000190734863</ele><time>2026-06-02T22:22:51Z</time></trkpt><trkpt lat="37.486839294433594" lon="126.8986587524414"><ele>14.800000190734863</ele><time>2026-06-02T22:22:52Z</time></trkpt><trkpt lat="37.48685073852539" lon="126.89864349365234"><ele>14.800000190734863</ele><time>2026-06-02T22:22:53Z</time></trkpt><trkpt lat="37.48686599731445" lon="126.89862823486328"><ele>14.800000190734863</ele><time>2026-06-02T22:22:54Z</time></trkpt><trkpt lat="37.48687744140625" lon="126.89862060546875"><ele>15.0</ele><time>2026-06-02T22:22:55Z</time></trkpt><trkpt lat="37.48689270019531" lon="126.89860534667969"><ele>14.800000190734863</ele><time>2026-06-02T22:22:56Z</time></trkpt><trkpt lat="37.48691177368164" lon="126.89859008789062"><ele>14.800000190734863</ele><time>2026-06-02T22:22:57Z</time></trkpt><trkpt lat="37.48691940307617" lon="126.89857482910156"><ele>14.800000190734863</ele><time>2026-06-02T22:22:58Z</time></trkpt><trkpt lat="37.486934661865234" lon="126.8985595703125"><ele>14.800000190734863</ele><time>2026-06-02T22:22:59Z</time></trkpt><trkpt lat="37.4869499206543" lon="126.8985366821289"><ele>14.800000190734863</ele><time>2026-06-02T22:23:00Z</time></trkpt><trkpt lat="37.48695755004883" lon="126.89852142333984"><ele>14.800000190734863</ele><time>2026-06-02T22:23:01Z</time></trkpt><trkpt lat="37.486968994140625" lon="126.89849090576172"><ele>14.800000190734863</ele><time>2026-06-02T22:23:02Z</time></trkpt><trkpt lat="37.48698425292969" lon="126.89847564697266"><ele>14.800000190734863</ele><time>2026-06-02T22:23:03Z</time></trkpt><trkpt lat="37.48699188232422" lon="126.8984603881836"><ele>14.800000190734863</ele><time>2026-06-02T22:23:04Z</time></trkpt><trkpt lat="37.486995697021484" lon="126.8984375"><ele>14.800000190734863</ele><time>2026-06-02T22:23:05Z</time></trkpt><trkpt lat="37.48701477050781" lon="126.8984146118164"><ele>14.800000190734863</ele><time>2026-06-02T22:23:06Z</time></trkpt><trkpt lat="37.487030029296875" lon="126.89839935302734"><ele>14.800000190734863</ele><time>2026-06-02T22:23:07Z</time></trkpt><trkpt lat="37.487037658691406" lon="126.89837646484375"><ele>14.800000190734863</ele><time>2026-06-02T22:23:08Z</time></trkpt><trkpt lat="37.48705291748047" lon="126.89836120605469"><ele>14.800000190734863</ele><time>2026-06-02T22:23:09Z</time></trkpt><trkpt lat="37.48706817626953" lon="126.89834594726562"><ele>14.800000190734863</ele><time>2026-06-02T22:23:10Z</time></trkpt><trkpt lat="37.48707580566406" lon="126.89833068847656"><ele>14.800000190734863</ele><time>2026-06-02T22:23:11Z</time></trkpt><trkpt lat="37.48708724975586" lon="126.89830780029297"><ele>14.800000190734863</ele><time>2026-06-02T22:23:12Z</time></trkpt><trkpt lat="37.48710632324219" lon="126.8982925415039"><ele>14.800000190734863</ele><time>2026-06-02T22:23:13Z</time></trkpt><trkpt lat="37.487117767333984" lon="126.89827728271484"><ele>14.800000190734863</ele><time>2026-06-02T22:23:14Z</time></trkpt><trkpt lat="37.48712921142578" lon="126.89826202392578"><ele>14.800000190734863</ele><time>2026-06-02T22:23:15Z</time></trkpt><trkpt lat="37.487144470214844" lon="126.89823913574219"><ele>14.800000190734863</ele><time>2026-06-02T22:23:16Z</time></trkpt><trkpt lat="37.487152099609375" lon="126.89823150634766"><ele>14.800000190734863</ele><time>2026-06-02T22:23:17Z</time></trkpt><trkpt lat="37.48716354370117" lon="126.8982162475586"><ele>14.800000190734863</ele><time>2026-06-02T22:23:18Z</time></trkpt><trkpt lat="37.487178802490234" lon="126.898193359375"><ele>14.800000190734863</ele><time>2026-06-02T22:23:19Z</time></trkpt><trkpt lat="37.4871940612793" lon="126.89818572998047"><ele>14.800000190734863</ele><time>2026-06-02T22:23:20Z</time></trkpt><trkpt lat="37.487205505371094" lon="126.89816284179688"><ele>14.600000381469727</ele><time>2026-06-02T22:23:21Z</time></trkpt><trkpt lat="37.487220764160156" lon="126.89814758300781"><ele>14.600000381469727</ele><time>2026-06-02T22:23:22Z</time></trkpt><trkpt lat="37.48723220825195" lon="126.89813232421875"><ele>14.600000381469727</ele><time>2026-06-02T22:23:23Z</time></trkpt><trkpt lat="37.487239837646484" lon="126.89812469482422"><ele>14.600000381469727</ele><time>2026-06-02T22:23:24Z</time></trkpt><trkpt lat="37.48725509643555" lon="126.89810180664062"><ele>14.600000381469727</ele><time>2026-06-02T22:23:25Z</time></trkpt><trkpt lat="37.487266540527344" lon="126.89810180664062"><ele>14.600000381469727</ele><time>2026-06-02T22:23:26Z</time></trkpt><trkpt lat="37.48727798461914" lon="126.89807891845703"><ele>14.600000381469727</ele><time>2026-06-02T22:23:27Z</time></trkpt><trkpt lat="37.4872932434082" lon="126.89806365966797"><ele>14.600000381469727</ele><time>2026-06-02T22:23:28Z</time></trkpt><trkpt lat="37.487300872802734" lon="126.89805603027344"><ele>14.600000381469727</ele><time>2026-06-02T22:23:29Z</time></trkpt><trkpt lat="37.487308502197266" lon="126.89804077148438"><ele>14.600000381469727</ele><time>2026-06-02T22:23:30Z</time></trkpt><trkpt lat="37.48732376098633" lon="126.89803314208984"><ele>14.600000381469727</ele><time>2026-06-02T22:23:31Z</time></trkpt><trkpt lat="37.487335205078125" lon="126.89801788330078"><ele>14.600000381469727</ele><time>2026-06-02T22:23:32Z</time></trkpt><trkpt lat="37.487342834472656" lon="126.89800262451172"><ele>14.600000381469727</ele><time>2026-06-02T22:23:33Z</time></trkpt><trkpt lat="37.48735809326172" lon="126.89798736572266"><ele>14.600000381469727</ele><time>2026-06-02T22:23:34Z</time></trkpt><trkpt lat="37.487369537353516" lon="126.8979721069336"><ele>14.600000381469727</ele><time>2026-06-02T22:23:35Z</time></trkpt><trkpt lat="37.48738098144531" lon="126.89795684814453"><ele>14.600000381469727</ele><time>2026-06-02T22:23:36Z</time></trkpt><trkpt lat="37.48739242553711" lon="126.89794158935547"><ele>14.600000381469727</ele><time>2026-06-02T22:23:37Z</time></trkpt><trkpt lat="37.487403869628906" lon="126.8979263305664"><ele>14.600000381469727</ele><time>2026-06-02T22:23:38Z</time></trkpt><trkpt lat="37.4874153137207" lon="126.89790344238281"><ele>14.600000381469727</ele><time>2026-06-02T22:23:39Z</time></trkpt><trkpt lat="37.487430572509766" lon="126.89788818359375"><ele>14.600000381469727</ele><time>2026-06-02T22:23:40Z</time></trkpt><trkpt lat="37.4874382019043" lon="126.89786529541016"><ele>14.600000381469727</ele><time>2026-06-02T22:23:41Z</time></trkpt><trkpt lat="37.487449645996094" lon="126.8978500366211"><ele>14.600000381469727</ele><time>2026-06-02T22:23:42Z</time></trkpt><trkpt lat="37.48747253417969" lon="126.8978271484375"><ele>14.600000381469727</ele><time>2026-06-02T22:23:43Z</time></trkpt><trkpt lat="37.487483978271484" lon="126.8978042602539"><ele>14.600000381469727</ele><time>2026-06-02T22:23:44Z</time></trkpt><trkpt lat="37.48749923706055" lon="126.89779663085938"><ele>14.600000381469727</ele><time>2026-06-02T22:23:45Z</time></trkpt><trkpt lat="37.487518310546875" lon="126.89777374267578"><ele>14.600000381469727</ele><time>2026-06-02T22:23:46Z</time></trkpt><trkpt lat="37.4875373840332" lon="126.89775848388672"><ele>14.600000381469727</ele><time>2026-06-02T22:23:47Z</time></trkpt><trkpt lat="37.487552642822266" lon="126.89774322509766"><ele>14.600000381469727</ele><time>2026-06-02T22:23:48Z</time></trkpt><trkpt lat="37.48756790161133" lon="126.89772033691406"><ele>14.600000381469727</ele><time>2026-06-02T22:23:49Z</time></trkpt><trkpt lat="37.487586975097656" lon="126.897705078125"><ele>14.600000381469727</ele><time>2026-06-02T22:23:50Z</time></trkpt><trkpt lat="37.48760223388672" lon="126.89768981933594"><ele>14.600000381469727</ele><time>2026-06-02T22:23:51Z</time></trkpt><trkpt lat="37.487613677978516" lon="126.8976821899414"><ele>14.600000381469727</ele><time>2026-06-02T22:23:52Z</time></trkpt><trkpt lat="37.48762512207031" lon="126.89767456054688"><ele>14.600000381469727</ele><time>2026-06-02T22:23:53Z</time></trkpt><trkpt lat="37.487632751464844" lon="126.89766693115234"><ele>14.600000381469727</ele><time>2026-06-02T22:23:54Z</time></trkpt><trkpt lat="37.48764419555664" lon="126.89765167236328"><ele>14.600000381469727</ele><time>2026-06-02T22:23:55Z</time></trkpt><trkpt lat="37.48765182495117" lon="126.89764404296875"><ele>14.600000381469727</ele><time>2026-06-02T22:23:56Z</time></trkpt><trkpt lat="37.487667083740234" lon="126.89762878417969"><ele>14.600000381469727</ele><time>2026-06-02T22:23:57Z</time></trkpt><trkpt lat="37.4876823425293" lon="126.89761352539062"><ele>14.600000381469727</ele><time>2026-06-02T22:23:58Z</time></trkpt><trkpt lat="37.487693786621094" lon="126.89759826660156"><ele>14.600000381469727</ele><time>2026-06-02T22:23:59Z</time></trkpt><trkpt lat="37.487709045410156" lon="126.8975830078125"><ele>14.600000381469727</ele><time>2026-06-02T22:24:00Z</time></trkpt><trkpt lat="37.48772048950195" lon="126.89757537841797"><ele>14.600000381469727</ele><time>2026-06-02T22:24:01Z</time></trkpt><trkpt lat="37.48773956298828" lon="126.8975601196289"><ele>14.600000381469727</ele><time>2026-06-02T22:24:02Z</time></trkpt><trkpt lat="37.487754821777344" lon="126.89754486083984"><ele>14.600000381469727</ele><time>2026-06-02T22:24:03Z</time></trkpt><trkpt lat="37.487770080566406" lon="126.89752960205078"><ele>14.600000381469727</ele><time>2026-06-02T22:24:04Z</time></trkpt><trkpt lat="37.487789154052734" lon="126.89751434326172"><ele>14.600000381469727</ele><time>2026-06-02T22:24:05Z</time></trkpt><trkpt lat="37.4878044128418" lon="126.89749908447266"><ele>14.600000381469727</ele><time>2026-06-02T22:24:06Z</time></trkpt><trkpt lat="37.48781204223633" lon="126.89749145507812"><ele>14.600000381469727</ele><time>2026-06-02T22:24:07Z</time></trkpt><trkpt lat="37.48780822753906" lon="126.89749145507812"><ele>14.600000381469727</ele><time>2026-06-02T22:24:08Z</time></trkpt><trkpt lat="37.48780822753906" lon="126.8974838256836"><ele>14.600000381469727</ele><time>2026-06-02T22:24:09Z</time></trkpt><trkpt lat="37.487815856933594" lon="126.8974838256836"><ele>14.600000381469727</ele><time>2026-06-02T22:24:10Z</time></trkpt><trkpt lat="37.48782730102539" lon="126.89747619628906"><ele>14.600000381469727</ele><time>2026-06-02T22:24:11Z</time></trkpt><trkpt lat="37.48784255981445" lon="126.8974609375"><ele>14.600000381469727</ele><time>2026-06-02T22:24:12Z</time></trkpt><trkpt lat="37.48785400390625" lon="126.89745330810547"><ele>14.399999618530273</ele><time>2026-06-02T22:24:13Z</time></trkpt><trkpt lat="37.48787307739258" lon="126.89743041992188"><ele>14.399999618530273</ele><time>2026-06-02T22:24:14Z</time></trkpt><trkpt lat="37.487892150878906" lon="126.89741516113281"><ele>14.399999618530273</ele><time>2026-06-02T22:24:15Z</time></trkpt><trkpt lat="37.48790740966797" lon="126.89739990234375"><ele>14.399999618530273</ele><time>2026-06-02T22:24:16Z</time></trkpt><trkpt lat="37.48792266845703" lon="126.89738464355469"><ele>14.399999618530273</ele><time>2026-06-02T22:24:17Z</time></trkpt><trkpt lat="37.48793411254883" lon="126.89736938476562"><ele>14.399999618530273</ele><time>2026-06-02T22:24:18Z</time></trkpt><trkpt lat="37.48794937133789" lon="126.8973617553711"><ele>14.399999618530273</ele><time>2026-06-02T22:24:19Z</time></trkpt><trkpt lat="37.48796081542969" lon="126.8973617553711"><ele>14.600000381469727</ele><time>2026-06-02T22:24:20Z</time></trkpt><trkpt lat="37.48797607421875" lon="126.89734649658203"><ele>14.800000190734863</ele><time>2026-06-02T22:24:21Z</time></trkpt><trkpt lat="37.48799133300781" lon="126.8973388671875"><ele>14.800000190734863</ele><time>2026-06-02T22:24:22Z</time></trkpt><trkpt lat="37.48800277709961" lon="126.89732360839844"><ele>15.0</ele><time>2026-06-02T22:24:23Z</time></trkpt><trkpt lat="37.48801803588867" lon="126.89730834960938"><ele>15.0</ele><time>2026-06-02T22:24:24Z</time></trkpt><trkpt lat="37.48802947998047" lon="126.89729309082031"><ele>15.0</ele><time>2026-06-02T22:24:25Z</time></trkpt><trkpt lat="37.488037109375" lon="126.89728546142578"><ele>15.0</ele><time>2026-06-02T22:24:26Z</time></trkpt><trkpt lat="37.48805236816406" lon="126.89726257324219"><ele>14.800000190734863</ele><time>2026-06-02T22:24:27Z</time></trkpt><trkpt lat="37.488067626953125" lon="126.89724731445312"><ele>14.600000381469727</ele><time>2026-06-02T22:24:28Z</time></trkpt><trkpt lat="37.48807907104492" lon="126.8972396850586"><ele>14.399999618530273</ele><time>2026-06-02T22:24:29Z</time></trkpt><trkpt lat="37.48809814453125" lon="126.897216796875"><ele>14.199999809265137</ele><time>2026-06-02T22:24:30Z</time></trkpt><trkpt lat="37.48811340332031" lon="126.89720153808594"><ele>14.199999809265137</ele><time>2026-06-02T22:24:31Z</time></trkpt><trkpt lat="37.48812484741211" lon="126.89718627929688"><ele>14.199999809265137</ele><time>2026-06-02T22:24:32Z</time></trkpt><trkpt lat="37.48814010620117" lon="126.89717102050781"><ele>14.199999809265137</ele><time>2026-06-02T22:24:33Z</time></trkpt><trkpt lat="37.48815155029297" lon="126.89715576171875"><ele>14.199999809265137</ele><time>2026-06-02T22:24:34Z</time></trkpt><trkpt lat="37.48816680908203" lon="126.89714050292969"><ele>14.199999809265137</ele><time>2026-06-02T22:24:35Z</time></trkpt><trkpt lat="37.488182067871094" lon="126.89713287353516"><ele>14.199999809265137</ele><time>2026-06-02T22:24:36Z</time></trkpt><trkpt lat="37.488197326660156" lon="126.8971176147461"><ele>14.199999809265137</ele><time>2026-06-02T22:24:37Z</time></trkpt><trkpt lat="37.48821258544922" lon="126.89710998535156"><ele>14.199999809265137</ele><time>2026-06-02T22:24:38Z</time></trkpt><trkpt lat="37.48822784423828" lon="126.8970947265625"><ele>14.199999809265137</ele><time>2026-06-02T22:24:39Z</time></trkpt><trkpt lat="37.488243103027344" lon="126.89708709716797"><ele>14.199999809265137</ele><time>2026-06-02T22:24:40Z</time></trkpt><trkpt lat="37.488258361816406" lon="126.89707946777344"><ele>14.199999809265137</ele><time>2026-06-02T22:24:41Z</time></trkpt><trkpt lat="37.48827362060547" lon="126.89706420898438"><ele>14.199999809265137</ele><time>2026-06-02T22:24:42Z</time></trkpt><trkpt lat="37.48828887939453" lon="126.89704895019531"><ele>14.199999809265137</ele><time>2026-06-02T22:24:43Z</time></trkpt><trkpt lat="37.488304138183594" lon="126.89704132080078"><ele>14.399999618530273</ele><time>2026-06-02T22:24:44Z</time></trkpt><trkpt lat="37.48832702636719" lon="126.89704132080078"><ele>14.399999618530273</ele><time>2026-06-02T22:24:45Z</time></trkpt><trkpt lat="37.48834228515625" lon="126.89702606201172"><ele>14.399999618530273</ele><time>2026-06-02T22:24:46Z</time></trkpt><trkpt lat="37.48835754394531" lon="126.89701843261719"><ele>14.199999809265137</ele><time>2026-06-02T22:24:47Z</time></trkpt><trkpt lat="37.48837661743164" lon="126.89701080322266"><ele>14.199999809265137</ele><time>2026-06-02T22:24:48Z</time></trkpt><trkpt lat="37.48838806152344" lon="126.89700317382812"><ele>14.199999809265137</ele><time>2026-06-02T22:24:49Z</time></trkpt><trkpt lat="37.488407135009766" lon="126.89698791503906"><ele>14.199999809265137</ele><time>2026-06-02T22:24:50Z</time></trkpt><trkpt lat="37.488426208496094" lon="126.89698028564453"><ele>14.199999809265137</ele><time>2026-06-02T22:24:51Z</time></trkpt><trkpt lat="37.488441467285156" lon="126.89697265625"><ele>14.199999809265137</ele><time>2026-06-02T22:24:52Z</time></trkpt><trkpt lat="37.488460540771484" lon="126.89696502685547"><ele>14.199999809265137</ele><time>2026-06-02T22:24:53Z</time></trkpt><trkpt lat="37.48847961425781" lon="126.89695739746094"><ele>14.199999809265137</ele><time>2026-06-02T22:24:54Z</time></trkpt><trkpt lat="37.488494873046875" lon="126.8969497680664"><ele>14.199999809265137</ele><time>2026-06-02T22:24:55Z</time></trkpt><trkpt lat="37.4885139465332" lon="126.89694213867188"><ele>14.399999618530273</ele><time>2026-06-02T22:24:56Z</time></trkpt><trkpt lat="37.488529205322266" lon="126.89693450927734"><ele>14.399999618530273</ele><time>2026-06-02T22:24:57Z</time></trkpt><trkpt lat="37.488548278808594" lon="126.89692687988281"><ele>14.600000381469727</ele><time>2026-06-02T22:24:58Z</time></trkpt><trkpt lat="37.48856735229492" lon="126.89691162109375"><ele>14.399999618530273</ele><time>2026-06-02T22:24:59Z</time></trkpt><trkpt lat="37.48857879638672" lon="126.89690399169922"><ele>14.399999618530273</ele><time>2026-06-02T22:25:00Z</time></trkpt><trkpt lat="37.48859405517578" lon="126.89689636230469"><ele>14.399999618530273</ele><time>2026-06-02T22:25:01Z</time></trkpt><trkpt lat="37.48861312866211" lon="126.89688110351562"><ele>14.199999809265137</ele><time>2026-06-02T22:25:02Z</time></trkpt><trkpt lat="37.48862838745117" lon="126.8968734741211"><ele>14.0</ele><time>2026-06-02T22:25:03Z</time></trkpt><trkpt lat="37.488643646240234" lon="126.89686584472656"><ele>14.0</ele><time>2026-06-02T22:25:04Z</time></trkpt><trkpt lat="37.48866271972656" lon="126.8968505859375"><ele>14.199999809265137</ele><time>2026-06-02T22:25:05Z</time></trkpt><trkpt lat="37.488677978515625" lon="126.89683532714844"><ele>14.199999809265137</ele><time>2026-06-02T22:25:06Z</time></trkpt><trkpt lat="37.48868942260742" lon="126.8968276977539"><ele>14.199999809265137</ele><time>2026-06-02T22:25:07Z</time></trkpt><trkpt lat="37.48870849609375" lon="126.89682006835938"><ele>14.0</ele><time>2026-06-02T22:25:08Z</time></trkpt><trkpt lat="37.48872375488281" lon="126.89680480957031"><ele>14.0</ele><time>2026-06-02T22:25:09Z</time></trkpt><trkpt lat="37.488739013671875" lon="126.89679718017578"><ele>14.0</ele><time>2026-06-02T22:25:10Z</time></trkpt><trkpt lat="37.48875427246094" lon="126.89678192138672"><ele>14.199999809265137</ele><time>2026-06-02T22:25:11Z</time></trkpt><trkpt lat="37.48876953125" lon="126.89677429199219"><ele>14.199999809265137</ele><time>2026-06-02T22:25:12Z</time></trkpt><trkpt lat="37.48878860473633" lon="126.89675903320312"><ele>14.199999809265137</ele><time>2026-06-02T22:25:13Z</time></trkpt><trkpt lat="37.48880386352539" lon="126.8967514038086"><ele>14.0</ele><time>2026-06-02T22:25:14Z</time></trkpt><trkpt lat="37.48882293701172" lon="126.89674377441406"><ele>14.0</ele><time>2026-06-02T22:25:15Z</time></trkpt><trkpt lat="37.48884201049805" lon="126.896728515625"><ele>14.0</ele><time>2026-06-02T22:25:16Z</time></trkpt><trkpt lat="37.48885726928711" lon="126.89672088623047"><ele>14.0</ele><time>2026-06-02T22:25:17Z</time></trkpt><trkpt lat="37.48887634277344" lon="126.89671325683594"><ele>14.199999809265137</ele><time>2026-06-02T22:25:18Z</time></trkpt><trkpt lat="37.4888916015625" lon="126.89669799804688"><ele>14.199999809265137</ele><time>2026-06-02T22:25:19Z</time></trkpt><trkpt lat="37.48890686035156" lon="126.89669036865234"><ele>14.199999809265137</ele><time>2026-06-02T22:25:20Z</time></trkpt><trkpt lat="37.48892593383789" lon="126.89668273925781"><ele>14.199999809265137</ele><time>2026-06-02T22:25:21Z</time></trkpt><trkpt lat="37.48894119262695" lon="126.89667510986328"><ele>14.199999809265137</ele><time>2026-06-02T22:25:22Z</time></trkpt><trkpt lat="37.488956451416016" lon="126.89666748046875"><ele>14.199999809265137</ele><time>2026-06-02T22:25:23Z</time></trkpt><trkpt lat="37.48897171020508" lon="126.89665985107422"><ele>14.199999809265137</ele><time>2026-06-02T22:25:24Z</time></trkpt><trkpt lat="37.48898696899414" lon="126.89665222167969"><ele>14.199999809265137</ele><time>2026-06-02T22:25:25Z</time></trkpt><trkpt lat="37.48900604248047" lon="126.89665222167969"><ele>14.0</ele><time>2026-06-02T22:25:26Z</time></trkpt><trkpt lat="37.48902893066406" lon="126.89665222167969"><ele>14.0</ele><time>2026-06-02T22:25:27Z</time></trkpt><trkpt lat="37.489044189453125" lon="126.89664459228516"><ele>14.0</ele><time>2026-06-02T22:25:28Z</time></trkpt><trkpt lat="37.48906326293945" lon="126.89663696289062"><ele>13.800000190734863</ele><time>2026-06-02T22:25:29Z</time></trkpt><trkpt lat="37.48907470703125" lon="126.8966293334961"><ele>13.800000190734863</ele><time>2026-06-02T22:25:30Z</time></trkpt><trkpt lat="37.48909378051758" lon="126.89661407470703"><ele>14.0</ele><time>2026-06-02T22:25:31Z</time></trkpt><trkpt lat="37.48910903930664" lon="126.89661407470703"><ele>14.0</ele><time>2026-06-02T22:25:32Z</time></trkpt><trkpt lat="37.489131927490234" lon="126.89661407470703"><ele>14.0</ele><time>2026-06-02T22:25:33Z</time></trkpt><trkpt lat="37.48914337158203" lon="126.89659881591797"><ele>13.800000190734863</ele><time>2026-06-02T22:25:34Z</time></trkpt><trkpt lat="37.489166259765625" lon="126.89659881591797"><ele>14.0</ele><time>2026-06-02T22:25:35Z</time></trkpt><trkpt lat="37.48918151855469" lon="126.89659118652344"><ele>14.0</ele><time>2026-06-02T22:25:36Z</time></trkpt><trkpt lat="37.48919677734375" lon="126.8965835571289"><ele>13.800000190734863</ele><time>2026-06-02T22:25:37Z</time></trkpt><trkpt lat="37.48921203613281" lon="126.8965835571289"><ele>13.800000190734863</ele><time>2026-06-02T22:25:38Z</time></trkpt><trkpt lat="37.489227294921875" lon="126.89657592773438"><ele>13.800000190734863</ele><time>2026-06-02T22:25:39Z</time></trkpt><trkpt lat="37.48924255371094" lon="126.89656829833984"><ele>13.800000190734863</ele><time>2026-06-02T22:25:40Z</time></trkpt><trkpt lat="37.489253997802734" lon="126.89656066894531"><ele>13.800000190734863</ele><time>2026-06-02T22:25:41Z</time></trkpt><trkpt lat="37.48926544189453" lon="126.89656066894531"><ele>13.800000190734863</ele><time>2026-06-02T22:25:42Z</time></trkpt><trkpt lat="37.48927688598633" lon="126.89655303955078"><ele>13.800000190734863</ele><time>2026-06-02T22:25:43Z</time></trkpt><trkpt lat="37.489288330078125" lon="126.89653015136719"><ele>13.800000190734863</ele><time>2026-06-02T22:25:44Z</time></trkpt><trkpt lat="37.48930358886719" lon="126.89652252197266"><ele>13.800000190734863</ele><time>2026-06-02T22:25:45Z</time></trkpt><trkpt lat="37.489322662353516" lon="126.89651489257812"><ele>13.800000190734863</ele><time>2026-06-02T22:25:46Z</time></trkpt><trkpt lat="37.489341735839844" lon="126.8965072631836"><ele>13.800000190734863</ele><time>2026-06-02T22:25:47Z</time></trkpt><trkpt lat="37.4893684387207" lon="126.89649963378906"><ele>13.800000190734863</ele><time>2026-06-02T22:25:48Z</time></trkpt><trkpt lat="37.489383697509766" lon="126.89649200439453"><ele>13.800000190734863</ele><time>2026-06-02T22:25:49Z</time></trkpt><trkpt lat="37.48940658569336" lon="126.896484375"><ele>13.800000190734863</ele><time>2026-06-02T22:25:50Z</time></trkpt><trkpt lat="37.48942565917969" lon="126.896484375"><ele>13.600000381469727</ele><time>2026-06-02T22:25:51Z</time></trkpt><trkpt lat="37.489444732666016" lon="126.896484375"><ele>13.600000381469727</ele><time>2026-06-02T22:25:52Z</time></trkpt><trkpt lat="37.489463806152344" lon="126.89647674560547"><ele>13.600000381469727</ele><time>2026-06-02T22:25:53Z</time></trkpt><trkpt lat="37.48948669433594" lon="126.89647674560547"><ele>13.800000190734863</ele><time>2026-06-02T22:25:54Z</time></trkpt><trkpt lat="37.48950958251953" lon="126.89646911621094"><ele>13.800000190734863</ele><time>2026-06-02T22:25:55Z</time></trkpt><trkpt lat="37.48952865600586" lon="126.89646911621094"><ele>13.600000381469727</ele><time>2026-06-02T22:25:56Z</time></trkpt><trkpt lat="37.48955154418945" lon="126.8964614868164"><ele>13.600000381469727</ele><time>2026-06-02T22:25:57Z</time></trkpt><trkpt lat="37.48957061767578" lon="126.89645385742188"><ele>13.600000381469727</ele><time>2026-06-02T22:25:58Z</time></trkpt><trkpt lat="37.489593505859375" lon="126.89644622802734"><ele>13.600000381469727</ele><time>2026-06-02T22:25:59Z</time></trkpt><trkpt lat="37.48960876464844" lon="126.89643859863281"><ele>13.600000381469727</ele><time>2026-06-02T22:26:00Z</time></trkpt><trkpt lat="37.48963165283203" lon="126.89643096923828"><ele>13.600000381469727</ele><time>2026-06-02T22:26:01Z</time></trkpt><trkpt lat="37.489654541015625" lon="126.89642333984375"><ele>13.600000381469727</ele><time>2026-06-02T22:26:02Z</time></trkpt><trkpt lat="37.48967361450195" lon="126.89641571044922"><ele>13.600000381469727</ele><time>2026-06-02T22:26:03Z</time></trkpt><trkpt lat="37.48969268798828" lon="126.89640808105469"><ele>13.399999618530273</ele><time>2026-06-02T22:26:04Z</time></trkpt><trkpt lat="37.489715576171875" lon="126.89640045166016"><ele>13.399999618530273</ele><time>2026-06-02T22:26:05Z</time></trkpt><trkpt lat="37.4897346496582" lon="126.89639282226562"><ele>13.399999618530273</ele><time>2026-06-02T22:26:06Z</time></trkpt><trkpt lat="37.4897575378418" lon="126.8963851928711"><ele>13.399999618530273</ele><time>2026-06-02T22:26:07Z</time></trkpt><trkpt lat="37.489776611328125" lon="126.8963851928711"><ele>13.399999618530273</ele><time>2026-06-02T22:26:08Z</time></trkpt><trkpt lat="37.48979568481445" lon="126.89637756347656"><ele>13.399999618530273</ele><time>2026-06-02T22:26:09Z</time></trkpt><trkpt lat="37.48981857299805" lon="126.89636993408203"><ele>13.399999618530273</ele><time>2026-06-02T22:26:10Z</time></trkpt><trkpt lat="37.489830017089844" lon="126.8963623046875"><ele>13.399999618530273</ele><time>2026-06-02T22:26:11Z</time></trkpt><trkpt lat="37.48985290527344" lon="126.89634704589844"><ele>13.399999618530273</ele><time>2026-06-02T22:26:12Z</time></trkpt><trkpt lat="37.489871978759766" lon="126.8963394165039"><ele>13.600000381469727</ele><time>2026-06-02T22:26:13Z</time></trkpt><trkpt lat="37.48988723754883" lon="126.89633178710938"><ele>13.600000381469727</ele><time>2026-06-02T22:26:14Z</time></trkpt><trkpt lat="37.489906311035156" lon="126.89632415771484"><ele>13.600000381469727</ele><time>2026-06-02T22:26:15Z</time></trkpt><trkpt lat="37.48992156982422" lon="126.89631652832031"><ele>13.600000381469727</ele><time>2026-06-02T22:26:16Z</time></trkpt><trkpt lat="37.489933013916016" lon="126.89631652832031"><ele>13.399999618530273</ele><time>2026-06-02T22:26:17Z</time></trkpt><trkpt lat="37.48994827270508" lon="126.89630889892578"><ele>13.399999618530273</ele><time>2026-06-02T22:26:18Z</time></trkpt><trkpt lat="37.48996353149414" lon="126.89630126953125"><ele>13.399999618530273</ele><time>2026-06-02T22:26:19Z</time></trkpt><trkpt lat="37.48997497558594" lon="126.89630126953125"><ele>13.399999618530273</ele><time>2026-06-02T22:26:20Z</time></trkpt><trkpt lat="37.48998260498047" lon="126.89629364013672"><ele>13.399999618530273</ele><time>2026-06-02T22:26:21Z</time></trkpt><trkpt lat="37.489990234375" lon="126.89628601074219"><ele>13.399999618530273</ele><time>2026-06-02T22:26:22Z</time></trkpt><trkpt lat="37.489994049072266" lon="126.89628601074219"><ele>13.399999618530273</ele><time>2026-06-02T22:26:23Z</time></trkpt><trkpt lat="37.49000549316406" lon="126.89627075195312"><ele>13.399999618530273</ele><time>2026-06-02T22:26:24Z</time></trkpt><trkpt lat="37.490013122558594" lon="126.89627075195312"><ele>13.399999618530273</ele><time>2026-06-02T22:26:25Z</time></trkpt><trkpt lat="37.49002456665039" lon="126.8962631225586"><ele>13.399999618530273</ele><time>2026-06-02T22:26:26Z</time></trkpt><trkpt lat="37.49003982543945" lon="126.8962631225586"><ele>13.399999618530273</ele><time>2026-06-02T22:26:27Z</time></trkpt><trkpt lat="37.49005126953125" lon="126.8962631225586"><ele>13.399999618530273</ele><time>2026-06-02T22:26:28Z</time></trkpt><trkpt lat="37.49007034301758" lon="126.89625549316406"><ele>13.399999618530273</ele><time>2026-06-02T22:26:29Z</time></trkpt><trkpt lat="37.49008560180664" lon="126.89624786376953"><ele>13.199999809265137</ele><time>2026-06-02T22:26:30Z</time></trkpt><trkpt lat="37.49010467529297" lon="126.896240234375"><ele>13.199999809265137</ele><time>2026-06-02T22:26:31Z</time></trkpt><trkpt lat="37.49012756347656" lon="126.896240234375"><ele>13.199999809265137</ele><time>2026-06-02T22:26:32Z</time></trkpt><trkpt lat="37.490142822265625" lon="126.896240234375"><ele>13.199999809265137</ele><time>2026-06-02T22:26:33Z</time></trkpt><trkpt lat="37.49016189575195" lon="126.89623260498047"><ele>13.199999809265137</ele><time>2026-06-02T22:26:34Z</time></trkpt><trkpt lat="37.49018859863281" lon="126.89623260498047"><ele>13.199999809265137</ele><time>2026-06-02T22:26:35Z</time></trkpt><trkpt lat="37.490203857421875" lon="126.89622497558594"><ele>13.199999809265137</ele><time>2026-06-02T22:26:36Z</time></trkpt><trkpt lat="37.4902229309082" lon="126.89622497558594"><ele>13.199999809265137</ele><time>2026-06-02T22:26:37Z</time></trkpt><trkpt lat="37.4902458190918" lon="126.8962173461914"><ele>13.199999809265137</ele><time>2026-06-02T22:26:38Z</time></trkpt><trkpt lat="37.49026107788086" lon="126.8962173461914"><ele>13.199999809265137</ele><time>2026-06-02T22:26:39Z</time></trkpt><trkpt lat="37.49027633666992" lon="126.89620208740234"><ele>13.199999809265137</ele><time>2026-06-02T22:26:40Z</time></trkpt><trkpt lat="37.49029541015625" lon="126.89620208740234"><ele>13.199999809265137</ele><time>2026-06-02T22:26:41Z</time></trkpt><trkpt lat="37.490299224853516" lon="126.89620208740234"><ele>13.199999809265137</ele><time>2026-06-02T22:26:42Z</time></trkpt><trkpt lat="37.49030303955078" lon="126.89620208740234"><ele>13.199999809265137</ele><time>2026-06-02T22:26:43Z</time></trkpt><trkpt lat="37.49030685424805" lon="126.89619445800781"><ele>13.199999809265137</ele><time>2026-06-02T22:26:44Z</time></trkpt><trkpt lat="37.49031066894531" lon="126.89619445800781"><ele>13.199999809265137</ele><time>2026-06-02T22:26:45Z</time></trkpt><trkpt lat="37.49032211303711" lon="126.89619445800781"><ele>13.199999809265137</ele><time>2026-06-02T22:26:46Z</time></trkpt><trkpt lat="37.490333557128906" lon="126.89619445800781"><ele>13.0</ele><time>2026-06-02T22:26:47Z</time></trkpt><trkpt lat="37.4903450012207" lon="126.89618682861328"><ele>13.0</ele><time>2026-06-02T22:26:48Z</time></trkpt><trkpt lat="37.49036407470703" lon="126.89617919921875"><ele>13.0</ele><time>2026-06-02T22:26:49Z</time></trkpt><trkpt lat="37.490379333496094" lon="126.89617156982422"><ele>13.0</ele><time>2026-06-02T22:26:50Z</time></trkpt><trkpt lat="37.49039077758789" lon="126.89616394042969"><ele>13.0</ele><time>2026-06-02T22:26:51Z</time></trkpt><trkpt lat="37.49040985107422" lon="126.89615631103516"><ele>13.0</ele><time>2026-06-02T22:26:52Z</time></trkpt><trkpt lat="37.49042510986328" lon="126.89615631103516"><ele>13.0</ele><time>2026-06-02T22:26:53Z</time></trkpt><trkpt lat="37.490440368652344" lon="126.89614868164062"><ele>13.0</ele><time>2026-06-02T22:26:54Z</time></trkpt><trkpt lat="37.49045944213867" lon="126.8961410522461"><ele>13.0</ele><time>2026-06-02T22:26:55Z</time></trkpt><trkpt lat="37.490478515625" lon="126.89613342285156"><ele>13.0</ele><time>2026-06-02T22:26:56Z</time></trkpt><trkpt lat="37.49049758911133" lon="126.89612579345703"><ele>13.0</ele><time>2026-06-02T22:26:57Z</time></trkpt><trkpt lat="37.490516662597656" lon="126.8961181640625"><ele>13.0</ele><time>2026-06-02T22:26:58Z</time></trkpt><trkpt lat="37.49053192138672" lon="126.89611053466797"><ele>13.0</ele><time>2026-06-02T22:26:59Z</time></trkpt><trkpt lat="37.49055099487305" lon="126.89611053466797"><ele>13.0</ele><time>2026-06-02T22:27:00Z</time></trkpt><trkpt lat="37.49057388305664" lon="126.89610290527344"><ele>13.0</ele><time>2026-06-02T22:27:01Z</time></trkpt><trkpt lat="37.49059295654297" lon="126.8960952758789"><ele>13.0</ele><time>2026-06-02T22:27:02Z</time></trkpt><trkpt lat="37.49060821533203" lon="126.89608764648438"><ele>13.0</ele><time>2026-06-02T22:27:03Z</time></trkpt><trkpt lat="37.49062728881836" lon="126.89608764648438"><ele>13.0</ele><time>2026-06-02T22:27:04Z</time></trkpt><trkpt lat="37.49064636230469" lon="126.89608001708984"><ele>13.0</ele><time>2026-06-02T22:27:05Z</time></trkpt><trkpt lat="37.490665435791016" lon="126.89607238769531"><ele>13.0</ele><time>2026-06-02T22:27:06Z</time></trkpt><trkpt lat="37.490684509277344" lon="126.89605712890625"><ele>13.0</ele><time>2026-06-02T22:27:07Z</time></trkpt><trkpt lat="37.490699768066406" lon="126.89604949951172"><ele>13.0</ele><time>2026-06-02T22:27:08Z</time></trkpt><trkpt lat="37.49071502685547" lon="126.89604187011719"><ele>13.199999809265137</ele><time>2026-06-02T22:27:09Z</time></trkpt><trkpt lat="37.49073028564453" lon="126.89604187011719"><ele>13.199999809265137</ele><time>2026-06-02T22:27:10Z</time></trkpt><trkpt lat="37.49074172973633" lon="126.89603424072266"><ele>13.199999809265137</ele><time>2026-06-02T22:27:11Z</time></trkpt><trkpt lat="37.490760803222656" lon="126.89602661132812"><ele>13.0</ele><time>2026-06-02T22:27:12Z</time></trkpt><trkpt lat="37.49077224731445" lon="126.8960189819336"><ele>13.0</ele><time>2026-06-02T22:27:13Z</time></trkpt><trkpt lat="37.490787506103516" lon="126.89601135253906"><ele>13.0</ele><time>2026-06-02T22:27:14Z</time></trkpt><trkpt lat="37.49080276489258" lon="126.89600372314453"><ele>12.800000190734863</ele><time>2026-06-02T22:27:15Z</time></trkpt><trkpt lat="37.49081802368164" lon="126.89599609375"><ele>12.800000190734863</ele><time>2026-06-02T22:27:16Z</time></trkpt><trkpt lat="37.49082946777344" lon="126.89598846435547"><ele>12.800000190734863</ele><time>2026-06-02T22:27:17Z</time></trkpt><trkpt lat="37.490848541259766" lon="126.89598083496094"><ele>12.800000190734863</ele><time>2026-06-02T22:27:18Z</time></trkpt><trkpt lat="37.49086380004883" lon="126.8959732055664"><ele>12.800000190734863</ele><time>2026-06-02T22:27:19Z</time></trkpt><trkpt lat="37.490882873535156" lon="126.8959732055664"><ele>12.600000381469727</ele><time>2026-06-02T22:27:20Z</time></trkpt><trkpt lat="37.49089813232422" lon="126.89598083496094"><ele>12.600000381469727</ele><time>2026-06-02T22:27:21Z</time></trkpt><trkpt lat="37.49091339111328" lon="126.89598083496094"><ele>12.600000381469727</ele><time>2026-06-02T22:27:22Z</time></trkpt><trkpt lat="37.490928649902344" lon="126.89598083496094"><ele>12.600000381469727</ele><time>2026-06-02T22:27:23Z</time></trkpt><trkpt lat="37.490943908691406" lon="126.8959732055664"><ele>12.600000381469727</ele><time>2026-06-02T22:27:24Z</time></trkpt><trkpt lat="37.4909553527832" lon="126.89595794677734"><ele>12.600000381469727</ele><time>2026-06-02T22:27:25Z</time></trkpt><trkpt lat="37.490970611572266" lon="126.89595031738281"><ele>12.600000381469727</ele><time>2026-06-02T22:27:26Z</time></trkpt><trkpt lat="37.490989685058594" lon="126.89595031738281"><ele>12.600000381469727</ele><time>2026-06-02T22:27:27Z</time></trkpt><trkpt lat="37.49101257324219" lon="126.89594268798828"><ele>12.600000381469727</ele><time>2026-06-02T22:27:28Z</time></trkpt><trkpt lat="37.49103546142578" lon="126.89595031738281"><ele>12.800000190734863</ele><time>2026-06-02T22:27:29Z</time></trkpt><trkpt lat="37.49105453491211" lon="126.89595031738281"><ele>12.800000190734863</ele><time>2026-06-02T22:27:30Z</time></trkpt><trkpt lat="37.491065979003906" lon="126.89593505859375"><ele>12.800000190734863</ele><time>2026-06-02T22:27:31Z</time></trkpt><trkpt lat="37.4910774230957" lon="126.89592742919922"><ele>12.800000190734863</ele><time>2026-06-02T22:27:32Z</time></trkpt><trkpt lat="37.49109649658203" lon="126.89591979980469"><ele>12.800000190734863</ele><time>2026-06-02T22:27:33Z</time></trkpt><trkpt lat="37.49110794067383" lon="126.89591217041016"><ele>12.800000190734863</ele><time>2026-06-02T22:27:34Z</time></trkpt><trkpt lat="37.49112319946289" lon="126.89590454101562"><ele>12.600000381469727</ele><time>2026-06-02T22:27:35Z</time></trkpt><trkpt lat="37.49113845825195" lon="126.8958969116211"><ele>12.800000190734863</ele><time>2026-06-02T22:27:36Z</time></trkpt><trkpt lat="37.49114990234375" lon="126.89588928222656"><ele>12.800000190734863</ele><time>2026-06-02T22:27:37Z</time></trkpt><trkpt lat="37.49116134643555" lon="126.8958740234375"><ele>12.800000190734863</ele><time>2026-06-02T22:27:38Z</time></trkpt><trkpt lat="37.491172790527344" lon="126.8958511352539"><ele>12.800000190734863</ele><time>2026-06-02T22:27:39Z</time></trkpt><trkpt lat="37.491188049316406" lon="126.89584350585938"><ele>12.800000190734863</ele><time>2026-06-02T22:27:40Z</time></trkpt><trkpt lat="37.4911994934082" lon="126.89583587646484"><ele>12.800000190734863</ele><time>2026-06-02T22:27:41Z</time></trkpt><trkpt lat="37.4912109375" lon="126.89582824707031"><ele>12.800000190734863</ele><time>2026-06-02T22:27:42Z</time></trkpt><trkpt lat="37.49123001098633" lon="126.89582061767578"><ele>12.800000190734863</ele><time>2026-06-02T22:27:43Z</time></trkpt><trkpt lat="37.49124526977539" lon="126.89582061767578"><ele>12.800000190734863</ele><time>2026-06-02T22:27:44Z</time></trkpt><trkpt lat="37.49127197265625" lon="126.89580535888672"><ele>12.800000190734863</ele><time>2026-06-02T22:27:45Z</time></trkpt><trkpt lat="37.491302490234375" lon="126.89579010009766"><ele>12.600000381469727</ele><time>2026-06-02T22:27:46Z</time></trkpt><trkpt lat="37.491329193115234" lon="126.8957748413086"><ele>12.600000381469727</ele><time>2026-06-02T22:27:47Z</time></trkpt><trkpt lat="37.49135208129883" lon="126.89576721191406"><ele>12.600000381469727</ele><time>2026-06-02T22:27:48Z</time></trkpt><trkpt lat="37.49137496948242" lon="126.89575958251953"><ele>12.600000381469727</ele><time>2026-06-02T22:27:49Z</time></trkpt><trkpt lat="37.49139404296875" lon="126.895751953125"><ele>12.600000381469727</ele><time>2026-06-02T22:27:50Z</time></trkpt><trkpt lat="37.49140930175781" lon="126.89574432373047"><ele>12.600000381469727</ele><time>2026-06-02T22:27:51Z</time></trkpt><trkpt lat="37.491424560546875" lon="126.89573669433594"><ele>12.600000381469727</ele><time>2026-06-02T22:27:52Z</time></trkpt><trkpt lat="37.49144744873047" lon="126.8957290649414"><ele>12.600000381469727</ele><time>2026-06-02T22:27:53Z</time></trkpt><trkpt lat="37.49146270751953" lon="126.89572143554688"><ele>12.600000381469727</ele><time>2026-06-02T22:27:54Z</time></trkpt><trkpt lat="37.491477966308594" lon="126.89572143554688"><ele>12.600000381469727</ele><time>2026-06-02T22:27:55Z</time></trkpt><trkpt lat="37.491493225097656" lon="126.89571380615234"><ele>12.600000381469727</ele><time>2026-06-02T22:27:56Z</time></trkpt><trkpt lat="37.49150848388672" lon="126.89570617675781"><ele>12.600000381469727</ele><time>2026-06-02T22:27:57Z</time></trkpt><trkpt lat="37.49152374267578" lon="126.89569854736328"><ele>12.600000381469727</ele><time>2026-06-02T22:27:58Z</time></trkpt><trkpt lat="37.491539001464844" lon="126.89569091796875"><ele>12.600000381469727</ele><time>2026-06-02T22:27:59Z</time></trkpt><trkpt lat="37.491554260253906" lon="126.89568328857422"><ele>12.600000381469727</ele><time>2026-06-02T22:28:00Z</time></trkpt><trkpt lat="37.4915771484375" lon="126.89568328857422"><ele>12.600000381469727</ele><time>2026-06-02T22:28:01Z</time></trkpt><trkpt lat="37.49159622192383" lon="126.89567565917969"><ele>12.600000381469727</ele><time>2026-06-02T22:28:02Z</time></trkpt><trkpt lat="37.491615295410156" lon="126.89566802978516"><ele>12.600000381469727</ele><time>2026-06-02T22:28:03Z</time></trkpt><trkpt lat="37.49163818359375" lon="126.89566040039062"><ele>12.600000381469727</ele><time>2026-06-02T22:28:04Z</time></trkpt><trkpt lat="37.49165725708008" lon="126.89566040039062"><ele>12.600000381469727</ele><time>2026-06-02T22:28:05Z</time></trkpt><trkpt lat="37.491676330566406" lon="126.8956527709961"><ele>12.600000381469727</ele><time>2026-06-02T22:28:06Z</time></trkpt><trkpt lat="37.491695404052734" lon="126.89564514160156"><ele>12.600000381469727</ele><time>2026-06-02T22:28:07Z</time></trkpt><trkpt lat="37.4917106628418" lon="126.89564514160156"><ele>12.600000381469727</ele><time>2026-06-02T22:28:08Z</time></trkpt><trkpt lat="37.491729736328125" lon="126.89563751220703"><ele>12.600000381469727</ele><time>2026-06-02T22:28:09Z</time></trkpt><trkpt lat="37.49174880981445" lon="126.8956298828125"><ele>12.800000190734863</ele><time>2026-06-02T22:28:10Z</time></trkpt><trkpt lat="37.49176788330078" lon="126.89562225341797"><ele>12.800000190734863</ele><time>2026-06-02T22:28:11Z</time></trkpt><trkpt lat="37.49178695678711" lon="126.89561462402344"><ele>13.0</ele><time>2026-06-02T22:28:12Z</time></trkpt><trkpt lat="37.49180221557617" lon="126.89561462402344"><ele>13.199999809265137</ele><time>2026-06-02T22:28:13Z</time></trkpt><trkpt lat="37.491817474365234" lon="126.8956069946289"><ele>13.399999618530273</ele><time>2026-06-02T22:28:14Z</time></trkpt><trkpt lat="37.49183654785156" lon="126.89559936523438"><ele>13.199999809265137</ele><time>2026-06-02T22:28:15Z</time></trkpt><trkpt lat="37.49185562133789" lon="126.89559173583984"><ele>13.199999809265137</ele><time>2026-06-02T22:28:16Z</time></trkpt><trkpt lat="37.49187088012695" lon="126.89559173583984"><ele>13.0</ele><time>2026-06-02T22:28:17Z</time></trkpt><trkpt lat="37.49189376831055" lon="126.89558410644531"><ele>12.800000190734863</ele><time>2026-06-02T22:28:18Z</time></trkpt><trkpt lat="37.491912841796875" lon="126.89558410644531"><ele>12.800000190734863</ele><time>2026-06-02T22:28:19Z</time></trkpt><trkpt lat="37.49192810058594" lon="126.89558410644531"><ele>12.800000190734863</ele><time>2026-06-02T22:28:20Z</time></trkpt><trkpt lat="37.491947174072266" lon="126.89557647705078"><ele>12.800000190734863</ele><time>2026-06-02T22:28:21Z</time></trkpt><trkpt lat="37.49196243286133" lon="126.89557647705078"><ele>12.800000190734863</ele><time>2026-06-02T22:28:22Z</time></trkpt><trkpt lat="37.49197769165039" lon="126.89556884765625"><ele>12.800000190734863</ele><time>2026-06-02T22:28:23Z</time></trkpt><trkpt lat="37.49199295043945" lon="126.89556884765625"><ele>12.800000190734863</ele><time>2026-06-02T22:28:24Z</time></trkpt><trkpt lat="37.49200439453125" lon="126.89556884765625"><ele>13.0</ele><time>2026-06-02T22:28:25Z</time></trkpt><trkpt lat="37.49201965332031" lon="126.89556884765625"><ele>13.0</ele><time>2026-06-02T22:28:26Z</time></trkpt><trkpt lat="37.49203109741211" lon="126.89556884765625"><ele>13.0</ele><time>2026-06-02T22:28:27Z</time></trkpt><trkpt lat="37.492042541503906" lon="126.89556884765625"><ele>12.800000190734863</ele><time>2026-06-02T22:28:28Z</time></trkpt><trkpt lat="37.4920539855957" lon="126.89556884765625"><ele>12.800000190734863</ele><time>2026-06-02T22:28:29Z</time></trkpt><trkpt lat="37.49205780029297" lon="126.89556884765625"><ele>12.600000381469727</ele><time>2026-06-02T22:28:30Z</time></trkpt><trkpt lat="37.4920654296875" lon="126.89556884765625"><ele>12.600000381469727</ele><time>2026-06-02T22:28:31Z</time></trkpt><trkpt lat="37.49207305908203" lon="126.89556121826172"><ele>12.600000381469727</ele><time>2026-06-02T22:28:32Z</time></trkpt><trkpt lat="37.4920768737793" lon="126.89556121826172"><ele>12.600000381469727</ele><time>2026-06-02T22:28:33Z</time></trkpt><trkpt lat="37.49207305908203" lon="126.89556121826172"><ele>12.399999618530273</ele><time>2026-06-02T22:28:34Z</time></trkpt><trkpt lat="37.4920539855957" lon="126.89556884765625"><ele>12.399999618530273</ele><time>2026-06-02T22:28:35Z</time></trkpt><trkpt lat="37.49203872680664" lon="126.89556884765625"><ele>12.399999618530273</ele><time>2026-06-02T22:28:36Z</time></trkpt><trkpt lat="37.49203872680664" lon="126.89556121826172"><ele>12.399999618530273</ele><time>2026-06-02T22:28:37Z</time></trkpt><trkpt lat="37.4920654296875" lon="126.89552307128906"><ele>12.399999618530273</ele><time>2026-06-02T22:28:38Z</time></trkpt><trkpt lat="37.492069244384766" lon="126.89551544189453"><ele>12.399999618530273</ele><time>2026-06-02T22:28:39Z</time></trkpt><trkpt lat="37.492069244384766" lon="126.89551544189453"><ele>12.399999618530273</ele><time>2026-06-02T22:28:40Z</time></trkpt><trkpt lat="37.492069244384766" lon="126.89551544189453"><ele>12.399999618530273</ele><time>2026-06-02T22:28:41Z</time></trkpt><trkpt lat="37.492122650146484" lon="126.89544677734375"><ele>12.399999618530273</ele><time>2026-06-02T22:28:47Z</time></trkpt><trkpt lat="37.49217224121094" lon="126.89543151855469"><ele>12.399999618530273</ele><time>2026-06-02T22:28:48Z</time></trkpt><trkpt lat="37.492210388183594" lon="126.89542388916016"><ele>12.399999618530273</ele><time>2026-06-02T22:28:49Z</time></trkpt><trkpt lat="37.492305755615234" lon="126.8954086303711"><ele>12.399999618530273</ele><time>2026-06-02T22:28:50Z</time></trkpt><trkpt lat="37.49240493774414" lon="126.8953857421875"><ele>12.600000381469727</ele><time>2026-06-02T22:28:51Z</time></trkpt><trkpt lat="37.4924430847168" lon="126.89537048339844"><ele>12.600000381469727</ele><time>2026-06-02T22:28:52Z</time></trkpt><trkpt lat="37.49247741699219" lon="126.8953857421875"><ele>12.600000381469727</ele><time>2026-06-02T22:28:53Z</time></trkpt><trkpt lat="37.49249267578125" lon="126.89537811279297"><ele>12.600000381469727</ele><time>2026-06-02T22:28:54Z</time></trkpt><trkpt lat="37.49251937866211" lon="126.89537811279297"><ele>12.600000381469727</ele><time>2026-06-02T22:28:55Z</time></trkpt><trkpt lat="37.4925422668457" lon="126.89537811279297"><ele>12.600000381469727</ele><time>2026-06-02T22:28:56Z</time></trkpt><trkpt lat="37.49256134033203" lon="126.89537048339844"><ele>12.600000381469727</ele><time>2026-06-02T22:28:57Z</time></trkpt><trkpt lat="37.492584228515625" lon="126.89537048339844"><ele>12.600000381469727</ele><time>2026-06-02T22:28:58Z</time></trkpt><trkpt lat="37.49260330200195" lon="126.89537048339844"><ele>12.600000381469727</ele><time>2026-06-02T22:28:59Z</time></trkpt><trkpt lat="37.49262619018555" lon="126.8953628540039"><ele>12.800000190734863</ele><time>2026-06-02T22:29:00Z</time></trkpt><trkpt lat="37.49264907836914" lon="126.89533996582031"><ele>12.600000381469727</ele><time>2026-06-02T22:29:01Z</time></trkpt><trkpt lat="37.4926643371582" lon="126.89533233642578"><ele>12.600000381469727</ele><time>2026-06-02T22:29:02Z</time></trkpt><trkpt lat="37.49268341064453" lon="126.89532470703125"><ele>12.600000381469727</ele><time>2026-06-02T22:29:03Z</time></trkpt><trkpt lat="37.492706298828125" lon="126.89531707763672"><ele>12.600000381469727</ele><time>2026-06-02T22:29:04Z</time></trkpt><trkpt lat="37.49272537231445" lon="126.89530181884766"><ele>12.600000381469727</ele><time>2026-06-02T22:29:05Z</time></trkpt><trkpt lat="37.49274444580078" lon="126.89529418945312"><ele>12.600000381469727</ele><time>2026-06-02T22:29:06Z</time></trkpt><trkpt lat="37.492759704589844" lon="126.8952865600586"><ele>12.600000381469727</ele><time>2026-06-02T22:29:07Z</time></trkpt><trkpt lat="37.4927864074707" lon="126.89527893066406"><ele>12.600000381469727</ele><time>2026-06-02T22:29:08Z</time></trkpt><trkpt lat="37.49280548095703" lon="126.89527130126953"><ele>12.600000381469727</ele><time>2026-06-02T22:29:09Z</time></trkpt><trkpt lat="37.49282455444336" lon="126.895263671875"><ele>12.600000381469727</ele><time>2026-06-02T22:29:10Z</time></trkpt><trkpt lat="37.49283981323242" lon="126.895263671875"><ele>12.600000381469727</ele><time>2026-06-02T22:29:11Z</time></trkpt><trkpt lat="37.49285888671875" lon="126.89525604248047"><ele>12.600000381469727</ele><time>2026-06-02T22:29:12Z</time></trkpt><trkpt lat="37.49287414550781" lon="126.89524841308594"><ele>12.600000381469727</ele><time>2026-06-02T22:29:13Z</time></trkpt><trkpt lat="37.49289321899414" lon="126.8952407836914"><ele>12.600000381469727</ele><time>2026-06-02T22:29:14Z</time></trkpt><trkpt lat="37.4929084777832" lon="126.8952407836914"><ele>12.600000381469727</ele><time>2026-06-02T22:29:15Z</time></trkpt><trkpt lat="37.49292755126953" lon="126.89523315429688"><ele>12.600000381469727</ele><time>2026-06-02T22:29:16Z</time></trkpt><trkpt lat="37.49293899536133" lon="126.89523315429688"><ele>12.600000381469727</ele><time>2026-06-02T22:29:17Z</time></trkpt><trkpt lat="37.492950439453125" lon="126.89521789550781"><ele>12.600000381469727</ele><time>2026-06-02T22:29:18Z</time></trkpt><trkpt lat="37.492958068847656" lon="126.89521789550781"><ele>12.600000381469727</ele><time>2026-06-02T22:29:19Z</time></trkpt><trkpt lat="37.49296188354492" lon="126.89521026611328"><ele>12.600000381469727</ele><time>2026-06-02T22:29:20Z</time></trkpt><trkpt lat="37.49296569824219" lon="126.89520263671875"><ele>12.399999618530273</ele><time>2026-06-02T22:29:21Z</time></trkpt><trkpt lat="37.49298095703125" lon="126.89520263671875"><ele>12.399999618530273</ele><time>2026-06-02T22:29:22Z</time></trkpt><trkpt lat="37.49299621582031" lon="126.89520263671875"><ele>12.399999618530273</ele><time>2026-06-02T22:29:23Z</time></trkpt><trkpt lat="37.49300765991211" lon="126.89519500732422"><ele>12.399999618530273</ele><time>2026-06-02T22:29:24Z</time></trkpt><trkpt lat="37.49302291870117" lon="126.89519500732422"><ele>12.600000381469727</ele><time>2026-06-02T22:29:25Z</time></trkpt><trkpt lat="37.49303436279297" lon="126.89518737792969"><ele>12.600000381469727</ele><time>2026-06-02T22:29:26Z</time></trkpt><trkpt lat="37.49304962158203" lon="126.89518737792969"><ele>12.600000381469727</ele><time>2026-06-02T22:29:27Z</time></trkpt><trkpt lat="37.493064880371094" lon="126.89517974853516"><ele>12.399999618530273</ele><time>2026-06-02T22:29:28Z</time></trkpt><trkpt lat="37.49308395385742" lon="126.89517211914062"><ele>12.399999618530273</ele><time>2026-06-02T22:29:29Z</time></trkpt><trkpt lat="37.493099212646484" lon="126.8951644897461"><ele>12.399999618530273</ele><time>2026-06-02T22:29:30Z</time></trkpt><trkpt lat="37.49310302734375" lon="126.8951644897461"><ele>12.199999809265137</ele><time>2026-06-02T22:29:31Z</time></trkpt><trkpt lat="37.493099212646484" lon="126.8951416015625"><ele>12.199999809265137</ele><time>2026-06-02T22:29:32Z</time></trkpt><trkpt lat="37.49311828613281" lon="126.89513397216797"><ele>12.199999809265137</ele><time>2026-06-02T22:29:33Z</time></trkpt><trkpt lat="37.49313735961914" lon="126.89512634277344"><ele>12.399999618530273</ele><time>2026-06-02T22:29:34Z</time></trkpt><trkpt lat="37.493160247802734" lon="126.89511108398438"><ele>12.399999618530273</ele><time>2026-06-02T22:29:35Z</time></trkpt><trkpt lat="37.493186950683594" lon="126.89509582519531"><ele>12.399999618530273</ele><time>2026-06-02T22:29:36Z</time></trkpt><trkpt lat="37.49320602416992" lon="126.89508056640625"><ele>12.399999618530273</ele><time>2026-06-02T22:29:37Z</time></trkpt><trkpt lat="37.49322509765625" lon="126.89506530761719"><ele>12.399999618530273</ele><time>2026-06-02T22:29:38Z</time></trkpt><trkpt lat="37.49324417114258" lon="126.8950424194336"><ele>12.399999618530273</ele><time>2026-06-02T22:29:39Z</time></trkpt><trkpt lat="37.49326705932617" lon="126.89502716064453"><ele>12.199999809265137</ele><time>2026-06-02T22:29:40Z</time></trkpt><trkpt lat="37.4932861328125" lon="126.89501190185547"><ele>12.199999809265137</ele><time>2026-06-02T22:29:41Z</time></trkpt><trkpt lat="37.49330520629883" lon="126.8949966430664"><ele>12.199999809265137</ele><time>2026-06-02T22:29:42Z</time></trkpt><trkpt lat="37.493324279785156" lon="126.89498138427734"><ele>12.199999809265137</ele><time>2026-06-02T22:29:43Z</time></trkpt><trkpt lat="37.493350982666016" lon="126.89496612548828"><ele>12.199999809265137</ele><time>2026-06-02T22:29:44Z</time></trkpt><trkpt lat="37.49336624145508" lon="126.89495849609375"><ele>12.199999809265137</ele><time>2026-06-02T22:29:45Z</time></trkpt><trkpt lat="37.493385314941406" lon="126.89495086669922"><ele>12.199999809265137</ele><time>2026-06-02T22:29:46Z</time></trkpt><trkpt lat="37.493404388427734" lon="126.89493560791016"><ele>12.199999809265137</ele><time>2026-06-02T22:29:47Z</time></trkpt><trkpt lat="37.49342727661133" lon="126.89492797851562"><ele>12.199999809265137</ele><time>2026-06-02T22:29:48Z</time></trkpt><trkpt lat="37.49344253540039" lon="126.8949203491211"><ele>12.199999809265137</ele><time>2026-06-02T22:29:49Z</time></trkpt><trkpt lat="37.49346160888672" lon="126.89491271972656"><ele>12.199999809265137</ele><time>2026-06-02T22:29:50Z</time></trkpt><trkpt lat="37.49348068237305" lon="126.89490509033203"><ele>12.199999809265137</ele><time>2026-06-02T22:29:51Z</time></trkpt><trkpt lat="37.49350357055664" lon="126.8948974609375"><ele>12.199999809265137</ele><time>2026-06-02T22:29:52Z</time></trkpt><trkpt lat="37.49352264404297" lon="126.89488220214844"><ele>12.199999809265137</ele><time>2026-06-02T22:29:53Z</time></trkpt><trkpt lat="37.4935417175293" lon="126.89488220214844"><ele>12.199999809265137</ele><time>2026-06-02T22:29:54Z</time></trkpt><trkpt lat="37.493560791015625" lon="126.8948745727539"><ele>12.199999809265137</ele><time>2026-06-02T22:29:55Z</time></trkpt><trkpt lat="37.49357986450195" lon="126.8948745727539"><ele>12.199999809265137</ele><time>2026-06-02T22:29:56Z</time></trkpt><trkpt lat="37.49360275268555" lon="126.89486694335938"><ele>12.399999618530273</ele><time>2026-06-02T22:29:57Z</time></trkpt><trkpt lat="37.493621826171875" lon="126.89486694335938"><ele>12.399999618530273</ele><time>2026-06-02T22:29:58Z</time></trkpt><trkpt lat="37.49364471435547" lon="126.89485931396484"><ele>12.399999618530273</ele><time>2026-06-02T22:29:59Z</time></trkpt><trkpt lat="37.4936637878418" lon="126.89485168457031"><ele>12.399999618530273</ele><time>2026-06-02T22:30:00Z</time></trkpt><trkpt lat="37.493682861328125" lon="126.89484405517578"><ele>12.399999618530273</ele><time>2026-06-02T22:30:01Z</time></trkpt><trkpt lat="37.49370193481445" lon="126.89484405517578"><ele>12.399999618530273</ele><time>2026-06-02T22:30:02Z</time></trkpt><trkpt lat="37.49372100830078" lon="126.89483642578125"><ele>12.399999618530273</ele><time>2026-06-02T22:30:03Z</time></trkpt><trkpt lat="37.49374008178711" lon="126.89483642578125"><ele>12.399999618530273</ele><time>2026-06-02T22:30:04Z</time></trkpt><trkpt lat="37.49375915527344" lon="126.89482879638672"><ele>12.399999618530273</ele><time>2026-06-02T22:30:05Z</time></trkpt><trkpt lat="37.49378204345703" lon="126.89482879638672"><ele>12.399999618530273</ele><time>2026-06-02T22:30:06Z</time></trkpt><trkpt lat="37.49380111694336" lon="126.89482879638672"><ele>12.600000381469727</ele><time>2026-06-02T22:30:07Z</time></trkpt><trkpt lat="37.49381637573242" lon="126.89482879638672"><ele>12.600000381469727</ele><time>2026-06-02T22:30:08Z</time></trkpt><trkpt lat="37.49383544921875" lon="126.89482879638672"><ele>12.600000381469727</ele><time>2026-06-02T22:30:09Z</time></trkpt><trkpt lat="37.49384689331055" lon="126.89482116699219"><ele>12.600000381469727</ele><time>2026-06-02T22:30:10Z</time></trkpt><trkpt lat="37.493865966796875" lon="126.89481353759766"><ele>12.600000381469727</ele><time>2026-06-02T22:30:11Z</time></trkpt><trkpt lat="37.49388122558594" lon="126.89481353759766"><ele>12.600000381469727</ele><time>2026-06-02T22:30:12Z</time></trkpt><trkpt lat="37.493896484375" lon="126.89480590820312"><ele>12.600000381469727</ele><time>2026-06-02T22:30:13Z</time></trkpt><trkpt lat="37.49391174316406" lon="126.89480590820312"><ele>12.600000381469727</ele><time>2026-06-02T22:30:14Z</time></trkpt><trkpt lat="37.493927001953125" lon="126.8947982788086"><ele>12.800000190734863</ele><time>2026-06-02T22:30:15Z</time></trkpt><trkpt lat="37.49394607543945" lon="126.89479064941406"><ele>12.800000190734863</ele><time>2026-06-02T22:30:16Z</time></trkpt><trkpt lat="37.493961334228516" lon="126.89479064941406"><ele>12.800000190734863</ele><time>2026-06-02T22:30:17Z</time></trkpt><trkpt lat="37.49397659301758" lon="126.89478302001953"><ele>12.800000190734863</ele><time>2026-06-02T22:30:18Z</time></trkpt><trkpt lat="37.493995666503906" lon="126.89478302001953"><ele>12.800000190734863</ele><time>2026-06-02T22:30:19Z</time></trkpt><trkpt lat="37.49401092529297" lon="126.894775390625"><ele>13.0</ele><time>2026-06-02T22:30:20Z</time></trkpt><trkpt lat="37.4940299987793" lon="126.894775390625"><ele>13.0</ele><time>2026-06-02T22:30:21Z</time></trkpt><trkpt lat="37.494049072265625" lon="126.89476013183594"><ele>13.0</ele><time>2026-06-02T22:30:22Z</time></trkpt><trkpt lat="37.49406814575195" lon="126.8947525024414"><ele>13.0</ele><time>2026-06-02T22:30:23Z</time></trkpt><trkpt lat="37.49408721923828" lon="126.89474487304688"><ele>13.0</ele><time>2026-06-02T22:30:24Z</time></trkpt><trkpt lat="37.49410629272461" lon="126.89473724365234"><ele>13.0</ele><time>2026-06-02T22:30:25Z</time></trkpt><trkpt lat="37.49412155151367" lon="126.89472961425781"><ele>13.0</ele><time>2026-06-02T22:30:26Z</time></trkpt><trkpt lat="37.494140625" lon="126.89472198486328"><ele>13.0</ele><time>2026-06-02T22:30:27Z</time></trkpt><trkpt lat="37.494163513183594" lon="126.89470672607422"><ele>13.0</ele><time>2026-06-02T22:30:28Z</time></trkpt><trkpt lat="37.49418258666992" lon="126.89469909667969"><ele>13.0</ele><time>2026-06-02T22:30:29Z</time></trkpt><trkpt lat="37.49420166015625" lon="126.89469909667969"><ele>13.0</ele><time>2026-06-02T22:30:30Z</time></trkpt><trkpt lat="37.49422073364258" lon="126.8946762084961"><ele>13.199999809265137</ele><time>2026-06-02T22:30:31Z</time></trkpt><trkpt lat="37.49423599243164" lon="126.89466857910156"><ele>13.199999809265137</ele><time>2026-06-02T22:30:32Z</time></trkpt><trkpt lat="37.4942512512207" lon="126.8946533203125"><ele>13.0</ele><time>2026-06-02T22:30:33Z</time></trkpt><trkpt lat="37.49427032470703" lon="126.89464569091797"><ele>13.0</ele><time>2026-06-02T22:30:34Z</time></trkpt><trkpt lat="37.49428939819336" lon="126.89463806152344"><ele>13.0</ele><time>2026-06-02T22:30:35Z</time></trkpt><trkpt lat="37.49430465698242" lon="126.89463806152344"><ele>13.0</ele><time>2026-06-02T22:30:36Z</time></trkpt><trkpt lat="37.494319915771484" lon="126.89463806152344"><ele>13.0</ele><time>2026-06-02T22:30:37Z</time></trkpt><trkpt lat="37.49433135986328" lon="126.8946304321289"><ele>13.0</ele><time>2026-06-02T22:30:38Z</time></trkpt><trkpt lat="37.49435043334961" lon="126.8946304321289"><ele>13.0</ele><time>2026-06-02T22:30:39Z</time></trkpt><trkpt lat="37.49436569213867" lon="126.89462280273438"><ele>13.0</ele><time>2026-06-02T22:30:40Z</time></trkpt><trkpt lat="37.494380950927734" lon="126.89462280273438"><ele>13.199999809265137</ele><time>2026-06-02T22:30:41Z</time></trkpt><trkpt lat="37.4943962097168" lon="126.89461517333984"><ele>13.199999809265137</ele><time>2026-06-02T22:30:42Z</time></trkpt><trkpt lat="37.49441146850586" lon="126.89460754394531"><ele>13.199999809265137</ele><time>2026-06-02T22:30:43Z</time></trkpt><trkpt lat="37.49442672729492" lon="126.89457702636719"><ele>13.199999809265137</ele><time>2026-06-02T22:30:44Z</time></trkpt><trkpt lat="37.49444580078125" lon="126.89457702636719"><ele>13.199999809265137</ele><time>2026-06-02T22:30:45Z</time></trkpt><trkpt lat="37.494449615478516" lon="126.89456176757812"><ele>13.0</ele><time>2026-06-02T22:30:46Z</time></trkpt><trkpt lat="37.49446105957031" lon="126.89456176757812"><ele>13.0</ele><time>2026-06-02T22:30:47Z</time></trkpt><trkpt lat="37.49447250366211" lon="126.8945541381836"><ele>13.0</ele><time>2026-06-02T22:30:48Z</time></trkpt><trkpt lat="37.49449920654297" lon="126.89454650878906"><ele>13.0</ele><time>2026-06-02T22:30:49Z</time></trkpt><trkpt lat="37.49451446533203" lon="126.89454650878906"><ele>13.0</ele><time>2026-06-02T22:30:50Z</time></trkpt><trkpt lat="37.494537353515625" lon="126.89453887939453"><ele>13.0</ele><time>2026-06-02T22:30:51Z</time></trkpt><trkpt lat="37.49456024169922" lon="126.89453125"><ele>13.0</ele><time>2026-06-02T22:30:52Z</time></trkpt><trkpt lat="37.49457931518555" lon="126.89453125"><ele>13.0</ele><time>2026-06-02T22:30:53Z</time></trkpt><trkpt lat="37.49460220336914" lon="126.89453125"><ele>13.0</ele><time>2026-06-02T22:30:54Z</time></trkpt><trkpt lat="37.49462127685547" lon="126.89452362060547"><ele>13.0</ele><time>2026-06-02T22:30:55Z</time></trkpt><trkpt lat="37.49464416503906" lon="126.89452362060547"><ele>13.0</ele><time>2026-06-02T22:30:56Z</time></trkpt><trkpt lat="37.494667053222656" lon="126.89451599121094"><ele>13.0</ele><time>2026-06-02T22:30:57Z</time></trkpt><trkpt lat="37.494686126708984" lon="126.8945083618164"><ele>13.0</ele><time>2026-06-02T22:30:58Z</time></trkpt><trkpt lat="37.49470901489258" lon="126.89450073242188"><ele>13.199999809265137</ele><time>2026-06-02T22:30:59Z</time></trkpt><trkpt lat="37.494728088378906" lon="126.89449310302734"><ele>13.199999809265137</ele><time>2026-06-02T22:31:00Z</time></trkpt><trkpt lat="37.49474334716797" lon="126.89448547363281"><ele>13.0</ele><time>2026-06-02T22:31:01Z</time></trkpt><trkpt lat="37.4947624206543" lon="126.89447784423828"><ele>13.0</ele><time>2026-06-02T22:31:02Z</time></trkpt><trkpt lat="37.49477767944336" lon="126.89447784423828"><ele>13.199999809265137</ele><time>2026-06-02T22:31:03Z</time></trkpt><trkpt lat="37.49480056762695" lon="126.89447021484375"><ele>13.199999809265137</ele><time>2026-06-02T22:31:04Z</time></trkpt><trkpt lat="37.49481964111328" lon="126.89447021484375"><ele>13.199999809265137</ele><time>2026-06-02T22:31:05Z</time></trkpt><trkpt lat="37.49483871459961" lon="126.89446258544922"><ele>13.199999809265137</ele><time>2026-06-02T22:31:06Z</time></trkpt><trkpt lat="37.4948616027832" lon="126.89445495605469"><ele>13.199999809265137</ele><time>2026-06-02T22:31:07Z</time></trkpt><trkpt lat="37.494876861572266" lon="126.89444732666016"><ele>13.399999618530273</ele><time>2026-06-02T22:31:08Z</time></trkpt><trkpt lat="37.494895935058594" lon="126.89444732666016"><ele>13.399999618530273</ele><time>2026-06-02T22:31:09Z</time></trkpt><trkpt lat="37.49492263793945" lon="126.89443969726562"><ele>13.399999618530273</ele><time>2026-06-02T22:31:10Z</time></trkpt><trkpt lat="37.49494171142578" lon="126.89443969726562"><ele>13.399999618530273</ele><time>2026-06-02T22:31:11Z</time></trkpt><trkpt lat="37.49496078491211" lon="126.8944320678711"><ele>13.399999618530273</ele><time>2026-06-02T22:31:12Z</time></trkpt><trkpt lat="37.49497985839844" lon="126.89442443847656"><ele>13.399999618530273</ele><time>2026-06-02T22:31:13Z</time></trkpt><trkpt lat="37.4949951171875" lon="126.89441680908203"><ele>13.399999618530273</ele><time>2026-06-02T22:31:14Z</time></trkpt><trkpt lat="37.49501419067383" lon="126.8944091796875"><ele>13.399999618530273</ele><time>2026-06-02T22:31:15Z</time></trkpt><trkpt lat="37.49503707885742" lon="126.8944091796875"><ele>13.399999618530273</ele><time>2026-06-02T22:31:16Z</time></trkpt><trkpt lat="37.495052337646484" lon="126.8944091796875"><ele>13.399999618530273</ele><time>2026-06-02T22:31:17Z</time></trkpt><trkpt lat="37.49507141113281" lon="126.89440155029297"><ele>13.399999618530273</ele><time>2026-06-02T22:31:18Z</time></trkpt><trkpt lat="37.49509048461914" lon="126.89439392089844"><ele>13.399999618530273</ele><time>2026-06-02T22:31:19Z</time></trkpt><trkpt lat="37.49510192871094" lon="126.8943862915039"><ele>13.600000381469727</ele><time>2026-06-02T22:31:20Z</time></trkpt><trkpt lat="37.495121002197266" lon="126.89437866210938"><ele>13.600000381469727</ele><time>2026-06-02T22:31:21Z</time></trkpt><trkpt lat="37.495140075683594" lon="126.89437103271484"><ele>13.600000381469727</ele><time>2026-06-02T22:31:22Z</time></trkpt><trkpt lat="37.495155334472656" lon="126.89436340332031"><ele>13.600000381469727</ele><time>2026-06-02T22:31:23Z</time></trkpt><trkpt lat="37.495174407958984" lon="126.89435577392578"><ele>13.600000381469727</ele><time>2026-06-02T22:31:24Z</time></trkpt><trkpt lat="37.49519348144531" lon="126.89434814453125"><ele>13.600000381469727</ele><time>2026-06-02T22:31:25Z</time></trkpt><trkpt lat="37.49520492553711" lon="126.89434051513672"><ele>13.800000190734863</ele><time>2026-06-02T22:31:26Z</time></trkpt><trkpt lat="37.4952278137207" lon="126.89433288574219"><ele>13.800000190734863</ele><time>2026-06-02T22:31:27Z</time></trkpt><trkpt lat="37.49524688720703" lon="126.89433288574219"><ele>13.800000190734863</ele><time>2026-06-02T22:31:28Z</time></trkpt><trkpt lat="37.49525833129883" lon="126.89431762695312"><ele>13.800000190734863</ele><time>2026-06-02T22:31:29Z</time></trkpt><trkpt lat="37.49528121948242" lon="126.89431762695312"><ele>14.0</ele><time>2026-06-02T22:31:30Z</time></trkpt><trkpt lat="37.495296478271484" lon="126.8943099975586"><ele>14.0</ele><time>2026-06-02T22:31:31Z</time></trkpt><trkpt lat="37.49530792236328" lon="126.89430236816406"><ele>14.0</ele><time>2026-06-02T22:31:32Z</time></trkpt><trkpt lat="37.49532699584961" lon="126.89429473876953"><ele>14.0</ele><time>2026-06-02T22:31:33Z</time></trkpt><trkpt lat="37.49534606933594" lon="126.894287109375"><ele>14.0</ele><time>2026-06-02T22:31:34Z</time></trkpt><trkpt lat="37.495357513427734" lon="126.89427947998047"><ele>14.0</ele><time>2026-06-02T22:31:35Z</time></trkpt><trkpt lat="37.49537658691406" lon="126.89427185058594"><ele>14.0</ele><time>2026-06-02T22:31:36Z</time></trkpt><trkpt lat="37.495391845703125" lon="126.8942642211914"><ele>14.0</ele><time>2026-06-02T22:31:37Z</time></trkpt><trkpt lat="37.49540710449219" lon="126.89425659179688"><ele>14.0</ele><time>2026-06-02T22:31:38Z</time></trkpt><trkpt lat="37.495426177978516" lon="126.89425659179688"><ele>14.199999809265137</ele><time>2026-06-02T22:31:39Z</time></trkpt><trkpt lat="37.49544143676758" lon="126.89424133300781"><ele>14.199999809265137</ele><time>2026-06-02T22:31:40Z</time></trkpt><trkpt lat="37.495460510253906" lon="126.89423370361328"><ele>14.199999809265137</ele><time>2026-06-02T22:31:41Z</time></trkpt><trkpt lat="37.495479583740234" lon="126.89422607421875"><ele>14.199999809265137</ele><time>2026-06-02T22:31:42Z</time></trkpt><trkpt lat="37.49549865722656" lon="126.89421844482422"><ele>14.199999809265137</ele><time>2026-06-02T22:31:43Z</time></trkpt><trkpt lat="37.49551773071289" lon="126.89421844482422"><ele>14.199999809265137</ele><time>2026-06-02T22:31:44Z</time></trkpt><trkpt lat="37.495540618896484" lon="126.89420318603516"><ele>14.199999809265137</ele><time>2026-06-02T22:31:45Z</time></trkpt><trkpt lat="37.49555587768555" lon="126.89419555664062"><ele>14.199999809265137</ele><time>2026-06-02T22:31:46Z</time></trkpt><trkpt lat="37.49557113647461" lon="126.8941879272461"><ele>14.199999809265137</ele><time>2026-06-02T22:31:47Z</time></trkpt><trkpt lat="37.49559020996094" lon="126.89418029785156"><ele>14.199999809265137</ele><time>2026-06-02T22:31:48Z</time></trkpt><trkpt lat="37.495601654052734" lon="126.89417266845703"><ele>14.199999809265137</ele><time>2026-06-02T22:31:49Z</time></trkpt><trkpt lat="37.49562072753906" lon="126.89415740966797"><ele>14.199999809265137</ele><time>2026-06-02T22:31:50Z</time></trkpt><trkpt lat="37.49563980102539" lon="126.89414978027344"><ele>14.199999809265137</ele><time>2026-06-02T22:31:51Z</time></trkpt><trkpt lat="37.49565887451172" lon="126.8941421508789"><ele>14.399999618530273</ele><time>2026-06-02T22:31:52Z</time></trkpt><trkpt lat="37.49567794799805" lon="126.89413452148438"><ele>14.399999618530273</ele><time>2026-06-02T22:31:53Z</time></trkpt><trkpt lat="37.495697021484375" lon="126.89412689208984"><ele>14.399999618530273</ele><time>2026-06-02T22:31:54Z</time></trkpt><trkpt lat="37.49570846557617" lon="126.89411926269531"><ele>14.399999618530273</ele><time>2026-06-02T22:31:55Z</time></trkpt><trkpt lat="37.495723724365234" lon="126.89411926269531"><ele>14.399999618530273</ele><time>2026-06-02T22:31:56Z</time></trkpt><trkpt lat="37.49574279785156" lon="126.89411163330078"><ele>14.399999618530273</ele><time>2026-06-02T22:31:57Z</time></trkpt><trkpt lat="37.495758056640625" lon="126.89410400390625"><ele>14.399999618530273</ele><time>2026-06-02T22:31:58Z</time></trkpt><trkpt lat="37.49577331542969" lon="126.89410400390625"><ele>14.399999618530273</ele><time>2026-06-02T22:31:59Z</time></trkpt><trkpt lat="37.49579620361328" lon="126.89409637451172"><ele>14.399999618530273</ele><time>2026-06-02T22:32:00Z</time></trkpt><trkpt lat="37.495811462402344" lon="126.89409637451172"><ele>14.399999618530273</ele><time>2026-06-02T22:32:01Z</time></trkpt><trkpt lat="37.49583053588867" lon="126.89408874511719"><ele>14.399999618530273</ele><time>2026-06-02T22:32:02Z</time></trkpt><trkpt lat="37.495849609375" lon="126.89408111572266"><ele>14.600000381469727</ele><time>2026-06-02T22:32:03Z</time></trkpt><trkpt lat="37.49586868286133" lon="126.89408111572266"><ele>14.399999618530273</ele><time>2026-06-02T22:32:04Z</time></trkpt><trkpt lat="37.49588394165039" lon="126.89408111572266"><ele>14.600000381469727</ele><time>2026-06-02T22:32:05Z</time></trkpt><trkpt lat="37.49590301513672" lon="126.89408111572266"><ele>14.600000381469727</ele><time>2026-06-02T22:32:06Z</time></trkpt><trkpt lat="37.49592208862305" lon="126.89407348632812"><ele>14.600000381469727</ele><time>2026-06-02T22:32:07Z</time></trkpt><trkpt lat="37.495941162109375" lon="126.89407348632812"><ele>14.600000381469727</ele><time>2026-06-02T22:32:08Z</time></trkpt><trkpt lat="37.4959602355957" lon="126.89407348632812"><ele>14.800000190734863</ele><time>2026-06-02T22:32:09Z</time></trkpt><trkpt lat="37.49597930908203" lon="126.8940658569336"><ele>14.800000190734863</ele><time>2026-06-02T22:32:10Z</time></trkpt><trkpt lat="37.495994567871094" lon="126.8940658569336"><ele>14.800000190734863</ele><time>2026-06-02T22:32:11Z</time></trkpt><trkpt lat="37.49601364135742" lon="126.89405822753906"><ele>14.800000190734863</ele><time>2026-06-02T22:32:12Z</time></trkpt><trkpt lat="37.49603271484375" lon="126.89405059814453"><ele>14.800000190734863</ele><time>2026-06-02T22:32:13Z</time></trkpt><trkpt lat="37.49605178833008" lon="126.89404296875"><ele>14.800000190734863</ele><time>2026-06-02T22:32:14Z</time></trkpt><trkpt lat="37.496070861816406" lon="126.89403533935547"><ele>14.800000190734863</ele><time>2026-06-02T22:32:15Z</time></trkpt><trkpt lat="37.49608612060547" lon="126.89403533935547"><ele>14.800000190734863</ele><time>2026-06-02T22:32:16Z</time></trkpt><trkpt lat="37.4961051940918" lon="126.89403533935547"><ele>14.800000190734863</ele><time>2026-06-02T22:32:17Z</time></trkpt><trkpt lat="37.49612808227539" lon="126.89403533935547"><ele>14.800000190734863</ele><time>2026-06-02T22:32:18Z</time></trkpt><trkpt lat="37.49614334106445" lon="126.89403533935547"><ele>15.0</ele><time>2026-06-02T22:32:19Z</time></trkpt><trkpt lat="37.49616241455078" lon="126.89402770996094"><ele>15.0</ele><time>2026-06-02T22:32:20Z</time></trkpt><trkpt lat="37.49618148803711" lon="126.89403533935547"><ele>15.0</ele><time>2026-06-02T22:32:21Z</time></trkpt><trkpt lat="37.49620056152344" lon="126.89402770996094"><ele>15.0</ele><time>2026-06-02T22:32:22Z</time></trkpt><trkpt lat="37.496219635009766" lon="126.89402770996094"><ele>15.0</ele><time>2026-06-02T22:32:23Z</time></trkpt><trkpt lat="37.49624252319336" lon="126.8940200805664"><ele>15.0</ele><time>2026-06-02T22:32:24Z</time></trkpt><trkpt lat="37.49625778198242" lon="126.8940200805664"><ele>15.0</ele><time>2026-06-02T22:32:25Z</time></trkpt><trkpt lat="37.496280670166016" lon="126.89401245117188"><ele>15.0</ele><time>2026-06-02T22:32:26Z</time></trkpt><trkpt lat="37.496299743652344" lon="126.89401245117188"><ele>15.0</ele><time>2026-06-02T22:32:27Z</time></trkpt><trkpt lat="37.49631881713867" lon="126.89401245117188"><ele>15.0</ele><time>2026-06-02T22:32:28Z</time></trkpt><trkpt lat="37.496334075927734" lon="126.89401245117188"><ele>15.0</ele><time>2026-06-02T22:32:29Z</time></trkpt><trkpt lat="37.49635696411133" lon="126.89400482177734"><ele>15.0</ele><time>2026-06-02T22:32:30Z</time></trkpt><trkpt lat="37.49637222290039" lon="126.89400482177734"><ele>15.0</ele><time>2026-06-02T22:32:31Z</time></trkpt><trkpt lat="37.49639129638672" lon="126.89399719238281"><ele>15.0</ele><time>2026-06-02T22:32:32Z</time></trkpt><trkpt lat="37.49641036987305" lon="126.89399719238281"><ele>15.0</ele><time>2026-06-02T22:32:33Z</time></trkpt><trkpt lat="37.49642562866211" lon="126.89398956298828"><ele>15.0</ele><time>2026-06-02T22:32:34Z</time></trkpt><trkpt lat="37.4964485168457" lon="126.89398956298828"><ele>15.0</ele><time>2026-06-02T22:32:35Z</time></trkpt><trkpt lat="37.4964714050293" lon="126.89398956298828"><ele>15.0</ele><time>2026-06-02T22:32:36Z</time></trkpt><trkpt lat="37.49648666381836" lon="126.89398193359375"><ele>15.0</ele><time>2026-06-02T22:32:37Z</time></trkpt><trkpt lat="37.49650955200195" lon="126.89398193359375"><ele>15.0</ele><time>2026-06-02T22:32:38Z</time></trkpt><trkpt lat="37.49652862548828" lon="126.89397430419922"><ele>15.0</ele><time>2026-06-02T22:32:39Z</time></trkpt><trkpt lat="37.496543884277344" lon="126.89396667480469"><ele>15.0</ele><time>2026-06-02T22:32:40Z</time></trkpt><trkpt lat="37.49656295776367" lon="126.89395904541016"><ele>15.0</ele><time>2026-06-02T22:32:41Z</time></trkpt><trkpt lat="37.496585845947266" lon="126.89395904541016"><ele>15.0</ele><time>2026-06-02T22:32:42Z</time></trkpt><trkpt lat="37.496604919433594" lon="126.89395141601562"><ele>15.0</ele><time>2026-06-02T22:32:43Z</time></trkpt><trkpt lat="37.496620178222656" lon="126.8939437866211"><ele>15.0</ele><time>2026-06-02T22:32:44Z</time></trkpt><trkpt lat="37.49664306640625" lon="126.8939437866211"><ele>15.0</ele><time>2026-06-02T22:32:45Z</time></trkpt><trkpt lat="37.49666213989258" lon="126.89393615722656"><ele>15.199999809265137</ele><time>2026-06-02T22:32:46Z</time></trkpt><trkpt lat="37.496681213378906" lon="126.89393615722656"><ele>15.199999809265137</ele><time>2026-06-02T22:32:47Z</time></trkpt><trkpt lat="37.496700286865234" lon="126.89392852783203"><ele>15.199999809265137</ele><time>2026-06-02T22:32:48Z</time></trkpt><trkpt lat="37.49671173095703" lon="126.8939208984375"><ele>15.199999809265137</ele><time>2026-06-02T22:32:49Z</time></trkpt><trkpt lat="37.496726989746094" lon="126.89391326904297"><ele>15.199999809265137</ele><time>2026-06-02T22:32:50Z</time></trkpt><trkpt lat="37.49674606323242" lon="126.89390563964844"><ele>15.199999809265137</ele><time>2026-06-02T22:32:51Z</time></trkpt><trkpt lat="37.49675750732422" lon="126.8938980102539"><ele>15.199999809265137</ele><time>2026-06-02T22:32:52Z</time></trkpt><trkpt lat="37.49677658081055" lon="126.8938980102539"><ele>15.0</ele><time>2026-06-02T22:32:53Z</time></trkpt><trkpt lat="37.49679946899414" lon="126.89389038085938"><ele>15.0</ele><time>2026-06-02T22:32:54Z</time></trkpt><trkpt lat="37.4968147277832" lon="126.89389038085938"><ele>15.199999809265137</ele><time>2026-06-02T22:32:55Z</time></trkpt><trkpt lat="37.496829986572266" lon="126.89388275146484"><ele>15.199999809265137</ele><time>2026-06-02T22:32:56Z</time></trkpt><trkpt lat="37.49685287475586" lon="126.89388275146484"><ele>15.0</ele><time>2026-06-02T22:32:57Z</time></trkpt><trkpt lat="37.49686813354492" lon="126.89387512207031"><ele>15.0</ele><time>2026-06-02T22:32:58Z</time></trkpt><trkpt lat="37.496883392333984" lon="126.89386749267578"><ele>15.0</ele><time>2026-06-02T22:32:59Z</time></trkpt><trkpt lat="37.49690628051758" lon="126.89386749267578"><ele>15.0</ele><time>2026-06-02T22:33:00Z</time></trkpt><trkpt lat="37.49692153930664" lon="126.89386749267578"><ele>15.0</ele><time>2026-06-02T22:33:01Z</time></trkpt><trkpt lat="37.49694061279297" lon="126.89385986328125"><ele>15.0</ele><time>2026-06-02T22:33:02Z</time></trkpt><trkpt lat="37.49696350097656" lon="126.89385986328125"><ele>15.0</ele><time>2026-06-02T22:33:03Z</time></trkpt><trkpt lat="37.496986389160156" lon="126.89385986328125"><ele>15.0</ele><time>2026-06-02T22:33:04Z</time></trkpt><trkpt lat="37.497005462646484" lon="126.89385986328125"><ele>15.0</ele><time>2026-06-02T22:33:05Z</time></trkpt><trkpt lat="37.497344970703125" lon="126.8936996459961"><ele>14.600000381469727</ele><time>2026-06-02T22:33:51Z</time></trkpt><trkpt lat="37.497352600097656" lon="126.8936996459961"><ele>14.800000190734863</ele><time>2026-06-02T22:33:52Z</time></trkpt><trkpt lat="37.49735641479492" lon="126.89369201660156"><ele>14.800000190734863</ele><time>2026-06-02T22:33:53Z</time></trkpt><trkpt lat="37.49737548828125" lon="126.89368438720703"><ele>14.800000190734863</ele><time>2026-06-02T22:33:54Z</time></trkpt><trkpt lat="37.49737548828125" lon="126.89368438720703"><ele>14.800000190734863</ele><time>2026-06-02T22:33:55Z</time></trkpt><trkpt lat="37.497379302978516" lon="126.89368438720703"><ele>14.800000190734863</ele><time>2026-06-02T22:33:56Z</time></trkpt><trkpt lat="37.49738311767578" lon="126.89368438720703"><ele>14.800000190734863</ele><time>2026-06-02T22:33:57Z</time></trkpt><trkpt lat="37.49738693237305" lon="126.8936767578125"><ele>14.800000190734863</ele><time>2026-06-02T22:33:58Z</time></trkpt><trkpt lat="37.49739074707031" lon="126.8936767578125"><ele>14.800000190734863</ele><time>2026-06-02T22:33:59Z</time></trkpt><trkpt lat="37.49739074707031" lon="126.8936767578125"><ele>14.800000190734863</ele><time>2026-06-02T22:34:00Z</time></trkpt><trkpt lat="37.497962951660156" lon="126.8934555053711"><ele>14.800000190734863</ele><time>2026-06-02T22:34:22Z</time></trkpt><trkpt lat="37.497962951660156" lon="126.89347076416016"><ele>14.800000190734863</ele><time>2026-06-02T22:34:23Z</time></trkpt><trkpt lat="37.49807357788086" lon="126.89361572265625"><ele>14.800000190734863</ele><time>2026-06-02T22:34:24Z</time></trkpt><trkpt lat="37.49810028076172" lon="126.89361572265625"><ele>14.800000190734863</ele><time>2026-06-02T22:34:25Z</time></trkpt><trkpt lat="37.49814224243164" lon="126.8936538696289"><ele>14.800000190734863</ele><time>2026-06-02T22:34:26Z</time></trkpt><trkpt lat="37.49817657470703" lon="126.8936538696289"><ele>14.800000190734863</ele><time>2026-06-02T22:34:27Z</time></trkpt><trkpt lat="37.498199462890625" lon="126.89366149902344"><ele>14.800000190734863</ele><time>2026-06-02T22:34:28Z</time></trkpt><trkpt lat="37.49821853637695" lon="126.89366912841797"><ele>14.800000190734863</ele><time>2026-06-02T22:34:29Z</time></trkpt><trkpt lat="37.498233795166016" lon="126.89366912841797"><ele>14.600000381469727</ele><time>2026-06-02T22:34:30Z</time></trkpt><trkpt lat="37.49825668334961" lon="126.89366912841797"><ele>14.600000381469727</ele><time>2026-06-02T22:34:31Z</time></trkpt><trkpt lat="37.49827575683594" lon="126.8936767578125"><ele>14.800000190734863</ele><time>2026-06-02T22:34:32Z</time></trkpt><trkpt lat="37.49894714355469" lon="126.89561462402344"><ele>17.200000762939453</ele><time>2026-06-02T22:38:41Z</time></trkpt><trkpt lat="37.49895477294922" lon="126.8956298828125"><ele>17.200000762939453</ele><time>2026-06-02T22:38:42Z</time></trkpt><trkpt lat="37.49896240234375" lon="126.89564514160156"><ele>17.200000762939453</ele><time>2026-06-02T22:38:43Z</time></trkpt><trkpt lat="37.49897003173828" lon="126.89566040039062"><ele>17.200000762939453</ele><time>2026-06-02T22:38:44Z</time></trkpt><trkpt lat="37.49897766113281" lon="126.89568328857422"><ele>17.200000762939453</ele><time>2026-06-02T22:38:45Z</time></trkpt><trkpt lat="37.498985290527344" lon="126.89569854736328"><ele>17.200000762939453</ele><time>2026-06-02T22:38:46Z</time></trkpt><trkpt lat="37.49898910522461" lon="126.89572143554688"><ele>17.0</ele><time>2026-06-02T22:38:47Z</time></trkpt><trkpt lat="37.49899673461914" lon="126.89573669433594"><ele>17.0</ele><time>2026-06-02T22:38:48Z</time></trkpt><trkpt lat="37.49900817871094" lon="126.89575958251953"><ele>17.0</ele><time>2026-06-02T22:38:49Z</time></trkpt><trkpt lat="37.499019622802734" lon="126.8957748413086"><ele>17.0</ele><time>2026-06-02T22:38:50Z</time></trkpt><trkpt lat="37.49903106689453" lon="126.89579772949219"><ele>17.0</ele><time>2026-06-02T22:38:51Z</time></trkpt><trkpt lat="37.49904251098633" lon="126.89581298828125"><ele>17.0</ele><time>2026-06-02T22:38:52Z</time></trkpt><trkpt lat="37.49905014038086" lon="126.89582824707031"><ele>17.0</ele><time>2026-06-02T22:38:53Z</time></trkpt><trkpt lat="37.499061584472656" lon="126.8958511352539"><ele>16.799999237060547</ele><time>2026-06-02T22:38:54Z</time></trkpt><trkpt lat="37.49907302856445" lon="126.89586639404297"><ele>16.799999237060547</ele><time>2026-06-02T22:38:55Z</time></trkpt><trkpt lat="37.49908447265625" lon="126.89588928222656"><ele>16.799999237060547</ele><time>2026-06-02T22:38:56Z</time></trkpt><trkpt lat="37.49909591674805" lon="126.8958969116211"><ele>16.799999237060547</ele><time>2026-06-02T22:38:57Z</time></trkpt><trkpt lat="37.499107360839844" lon="126.89591217041016"><ele>16.799999237060547</ele><time>2026-06-02T22:38:58Z</time></trkpt><trkpt lat="37.49911880493164" lon="126.89593505859375"><ele>16.799999237060547</ele><time>2026-06-02T22:38:59Z</time></trkpt><trkpt lat="37.49912643432617" lon="126.89595794677734"><ele>16.799999237060547</ele><time>2026-06-02T22:39:00Z</time></trkpt><trkpt lat="37.49913787841797" lon="126.89598083496094"><ele>16.799999237060547</ele><time>2026-06-02T22:39:01Z</time></trkpt><trkpt lat="37.499141693115234" lon="126.89600372314453"><ele>16.799999237060547</ele><time>2026-06-02T22:39:02Z</time></trkpt><trkpt lat="37.49913787841797" lon="126.89601135253906"><ele>16.799999237060547</ele><time>2026-06-02T22:39:03Z</time></trkpt><trkpt lat="37.49913787841797" lon="126.89601135253906"><ele>16.799999237060547</ele><time>2026-06-02T22:39:04Z</time></trkpt><trkpt lat="37.49911880493164" lon="126.89590454101562"><ele>17.0</ele><time>2026-06-02T22:39:26Z</time></trkpt><trkpt lat="37.49912643432617" lon="126.89591979980469"><ele>17.0</ele><time>2026-06-02T22:39:27Z</time></trkpt><trkpt lat="37.49913787841797" lon="126.89594268798828"><ele>17.0</ele><time>2026-06-02T22:39:28Z</time></trkpt><trkpt lat="37.4991455078125" lon="126.8959732055664"><ele>17.0</ele><time>2026-06-02T22:39:29Z</time></trkpt><trkpt lat="37.49916076660156" lon="126.89600372314453"><ele>17.0</ele><time>2026-06-02T22:39:30Z</time></trkpt><trkpt lat="37.499168395996094" lon="126.89602661132812"><ele>17.0</ele><time>2026-06-02T22:39:31Z</time></trkpt><trkpt lat="37.49917984008789" lon="126.89604187011719"><ele>16.799999237060547</ele><time>2026-06-02T22:39:32Z</time></trkpt><trkpt lat="37.49919128417969" lon="126.89606475830078"><ele>16.799999237060547</ele><time>2026-06-02T22:39:33Z</time></trkpt><trkpt lat="37.499202728271484" lon="126.89608001708984"><ele>16.799999237060547</ele><time>2026-06-02T22:39:34Z</time></trkpt><trkpt lat="37.49921417236328" lon="126.89610290527344"><ele>16.600000381469727</ele><time>2026-06-02T22:39:35Z</time></trkpt><trkpt lat="37.49922180175781" lon="126.89612579345703"><ele>16.600000381469727</ele><time>2026-06-02T22:39:36Z</time></trkpt><trkpt lat="37.49922561645508" lon="126.89615631103516"><ele>16.600000381469727</ele><time>2026-06-02T22:39:37Z</time></trkpt><trkpt lat="37.499229431152344" lon="126.89617919921875"><ele>16.600000381469727</ele><time>2026-06-02T22:39:38Z</time></trkpt><trkpt lat="37.499244689941406" lon="126.89619445800781"><ele>16.799999237060547</ele><time>2026-06-02T22:39:39Z</time></trkpt><trkpt lat="37.49924850463867" lon="126.89620971679688"><ele>16.799999237060547</ele><time>2026-06-02T22:39:40Z</time></trkpt><trkpt lat="37.4992561340332" lon="126.89622497558594"><ele>16.799999237060547</ele><time>2026-06-02T22:39:41Z</time></trkpt><trkpt lat="37.499263763427734" lon="126.89624786376953"><ele>16.799999237060547</ele><time>2026-06-02T22:39:42Z</time></trkpt><trkpt lat="37.49927520751953" lon="126.89627075195312"><ele>16.799999237060547</ele><time>2026-06-02T22:39:43Z</time></trkpt><trkpt lat="37.49928665161133" lon="126.89629364013672"><ele>16.799999237060547</ele><time>2026-06-02T22:39:44Z</time></trkpt><trkpt lat="37.499290466308594" lon="126.89630889892578"><ele>16.799999237060547</ele><time>2026-06-02T22:39:45Z</time></trkpt><trkpt lat="37.499298095703125" lon="126.89633178710938"><ele>16.799999237060547</ele><time>2026-06-02T22:39:46Z</time></trkpt><trkpt lat="37.49930953979492" lon="126.89635467529297"><ele>16.799999237060547</ele><time>2026-06-02T22:39:47Z</time></trkpt><trkpt lat="37.49931335449219" lon="126.89637756347656"><ele>16.799999237060547</ele><time>2026-06-02T22:39:48Z</time></trkpt><trkpt lat="37.49932098388672" lon="126.89639282226562"><ele>16.799999237060547</ele><time>2026-06-02T22:39:49Z</time></trkpt><trkpt lat="37.49932861328125" lon="126.89640808105469"><ele>16.799999237060547</ele><time>2026-06-02T22:39:50Z</time></trkpt><trkpt lat="37.49933624267578" lon="126.89641571044922"><ele>16.799999237060547</ele><time>2026-06-02T22:39:51Z</time></trkpt><trkpt lat="37.49934768676758" lon="126.89643096923828"><ele>16.799999237060547</ele><time>2026-06-02T22:39:52Z</time></trkpt><trkpt lat="37.499359130859375" lon="126.89645385742188"><ele>16.799999237060547</ele><time>2026-06-02T22:39:53Z</time></trkpt><trkpt lat="37.49937057495117" lon="126.89647674560547"><ele>16.799999237060547</ele><time>2026-06-02T22:39:54Z</time></trkpt><trkpt lat="37.49938201904297" lon="126.89649963378906"><ele>16.799999237060547</ele><time>2026-06-02T22:39:55Z</time></trkpt><trkpt lat="37.499385833740234" lon="126.89651489257812"><ele>16.799999237060547</ele><time>2026-06-02T22:39:56Z</time></trkpt><trkpt lat="37.499393463134766" lon="126.89653778076172"><ele>16.799999237060547</ele><time>2026-06-02T22:39:57Z</time></trkpt><trkpt lat="37.4994010925293" lon="126.89656066894531"><ele>17.0</ele><time>2026-06-02T22:39:58Z</time></trkpt><trkpt lat="37.499412536621094" lon="126.8965835571289"><ele>17.0</ele><time>2026-06-02T22:39:59Z</time></trkpt><trkpt lat="37.49942398071289" lon="126.89661407470703"><ele>17.0</ele><time>2026-06-02T22:40:00Z</time></trkpt><trkpt lat="37.49943542480469" lon="126.8966293334961"><ele>16.799999237060547</ele><time>2026-06-02T22:40:01Z</time></trkpt><trkpt lat="37.499454498291016" lon="126.89666748046875"><ele>16.799999237060547</ele><time>2026-06-02T22:40:02Z</time></trkpt><trkpt lat="37.499473571777344" lon="126.89668273925781"><ele>16.799999237060547</ele><time>2026-06-02T22:40:03Z</time></trkpt><trkpt lat="37.49948501586914" lon="126.89669799804688"><ele>16.799999237060547</ele><time>2026-06-02T22:40:04Z</time></trkpt><trkpt lat="37.4995002746582" lon="126.896728515625"><ele>16.799999237060547</ele><time>2026-06-02T22:40:05Z</time></trkpt><trkpt lat="37.49951171875" lon="126.89674377441406"><ele>16.799999237060547</ele><time>2026-06-02T22:40:06Z</time></trkpt><trkpt lat="37.4995231628418" lon="126.89676666259766"><ele>16.799999237060547</ele><time>2026-06-02T22:40:07Z</time></trkpt><trkpt lat="37.49953842163086" lon="126.89678192138672"><ele>17.0</ele><time>2026-06-02T22:40:08Z</time></trkpt><trkpt lat="37.499549865722656" lon="126.89680480957031"><ele>17.0</ele><time>2026-06-02T22:40:09Z</time></trkpt><trkpt lat="37.499568939208984" lon="126.8968276977539"><ele>17.0</ele><time>2026-06-02T22:40:10Z</time></trkpt><trkpt lat="37.49958038330078" lon="126.89684295654297"><ele>17.0</ele><time>2026-06-02T22:40:11Z</time></trkpt><trkpt lat="37.49959182739258" lon="126.89686584472656"><ele>17.0</ele><time>2026-06-02T22:40:12Z</time></trkpt><trkpt lat="37.49960708618164" lon="126.89688873291016"><ele>17.0</ele><time>2026-06-02T22:40:13Z</time></trkpt><trkpt lat="37.49961853027344" lon="126.89690399169922"><ele>17.0</ele><time>2026-06-02T22:40:14Z</time></trkpt><trkpt lat="37.499629974365234" lon="126.89693450927734"><ele>17.0</ele><time>2026-06-02T22:40:15Z</time></trkpt><trkpt lat="37.49964141845703" lon="126.8969497680664"><ele>17.0</ele><time>2026-06-02T22:40:16Z</time></trkpt><trkpt lat="37.499656677246094" lon="126.89697265625"><ele>16.799999237060547</ele><time>2026-06-02T22:40:17Z</time></trkpt><trkpt lat="37.499671936035156" lon="126.8969955444336"><ele>16.799999237060547</ele><time>2026-06-02T22:40:18Z</time></trkpt><trkpt lat="37.49968338012695" lon="126.89701080322266"><ele>16.799999237060547</ele><time>2026-06-02T22:40:19Z</time></trkpt><trkpt lat="37.49969482421875" lon="126.89703369140625"><ele>16.799999237060547</ele><time>2026-06-02T22:40:20Z</time></trkpt><trkpt lat="37.499698638916016" lon="126.8970718383789"><ele>16.799999237060547</ele><time>2026-06-02T22:40:21Z</time></trkpt><trkpt lat="37.49970626831055" lon="126.8970947265625"><ele>16.799999237060547</ele><time>2026-06-02T22:40:22Z</time></trkpt><trkpt lat="37.49971389770508" lon="126.8971176147461"><ele>16.799999237060547</ele><time>2026-06-02T22:40:23Z</time></trkpt><trkpt lat="37.49972152709961" lon="126.89714050292969"><ele>16.799999237060547</ele><time>2026-06-02T22:40:24Z</time></trkpt><trkpt lat="37.49972915649414" lon="126.89716339111328"><ele>16.799999237060547</ele><time>2026-06-02T22:40:25Z</time></trkpt><trkpt lat="37.49973678588867" lon="126.89718627929688"><ele>16.799999237060547</ele><time>2026-06-02T22:40:26Z</time></trkpt><trkpt lat="37.4997444152832" lon="126.89720916748047"><ele>16.799999237060547</ele><time>2026-06-02T22:40:27Z</time></trkpt><trkpt lat="37.499755859375" lon="126.89723205566406"><ele>16.799999237060547</ele><time>2026-06-02T22:40:28Z</time></trkpt><trkpt lat="37.4997673034668" lon="126.89724731445312"><ele>16.799999237060547</ele><time>2026-06-02T22:40:29Z</time></trkpt><trkpt lat="37.499778747558594" lon="126.89727783203125"><ele>16.799999237060547</ele><time>2026-06-02T22:40:30Z</time></trkpt><trkpt lat="37.49979019165039" lon="126.89729309082031"><ele>16.799999237060547</ele><time>2026-06-02T22:40:31Z</time></trkpt><trkpt lat="37.49979782104492" lon="126.8973159790039"><ele>16.799999237060547</ele><time>2026-06-02T22:40:32Z</time></trkpt><trkpt lat="37.49980926513672" lon="126.8973388671875"><ele>16.799999237060547</ele><time>2026-06-02T22:40:33Z</time></trkpt><trkpt lat="37.49981689453125" lon="126.89735412597656"><ele>16.799999237060547</ele><time>2026-06-02T22:40:34Z</time></trkpt><trkpt lat="37.49982452392578" lon="126.89738464355469"><ele>16.799999237060547</ele><time>2026-06-02T22:40:35Z</time></trkpt><trkpt lat="37.49983596801758" lon="126.89739990234375"><ele>16.799999237060547</ele><time>2026-06-02T22:40:36Z</time></trkpt><trkpt lat="37.49985122680664" lon="126.89741516113281"><ele>16.799999237060547</ele><time>2026-06-02T22:40:37Z</time></trkpt><trkpt lat="37.4998664855957" lon="126.8974380493164"><ele>16.799999237060547</ele><time>2026-06-02T22:40:38Z</time></trkpt><trkpt lat="37.499881744384766" lon="126.89744567871094"><ele>16.799999237060547</ele><time>2026-06-02T22:40:39Z</time></trkpt><trkpt lat="37.49989700317383" lon="126.89745330810547"><ele>16.799999237060547</ele><time>2026-06-02T22:40:40Z</time></trkpt><trkpt lat="37.49991226196289" lon="126.89746856689453"><ele>16.799999237060547</ele><time>2026-06-02T22:40:41Z</time></trkpt><trkpt lat="37.49992370605469" lon="126.8974838256836"><ele>16.799999237060547</ele><time>2026-06-02T22:40:42Z</time></trkpt><trkpt lat="37.499942779541016" lon="126.89749908447266"><ele>16.799999237060547</ele><time>2026-06-02T22:40:43Z</time></trkpt><trkpt lat="37.49995803833008" lon="126.89750671386719"><ele>16.799999237060547</ele><time>2026-06-02T22:40:44Z</time></trkpt><trkpt lat="37.49997329711914" lon="126.89752197265625"><ele>16.799999237060547</ele><time>2026-06-02T22:40:45Z</time></trkpt><trkpt lat="37.49999237060547" lon="126.89752197265625"><ele>17.0</ele><time>2026-06-02T22:40:46Z</time></trkpt><trkpt lat="37.50000762939453" lon="126.89752960205078"><ele>17.0</ele><time>2026-06-02T22:40:47Z</time></trkpt><trkpt lat="37.50002670288086" lon="126.89752197265625"><ele>17.0</ele><time>2026-06-02T22:40:48Z</time></trkpt><trkpt lat="37.50004577636719" lon="126.89751434326172"><ele>17.0</ele><time>2026-06-02T22:40:49Z</time></trkpt><trkpt lat="37.50006866455078" lon="126.89750671386719"><ele>16.799999237060547</ele><time>2026-06-02T22:40:50Z</time></trkpt><trkpt lat="37.50008773803711" lon="126.89749145507812"><ele>16.799999237060547</ele><time>2026-06-02T22:40:51Z</time></trkpt><trkpt lat="37.5001106262207" lon="126.89746856689453"><ele>16.799999237060547</ele><time>2026-06-02T22:40:52Z</time></trkpt><trkpt lat="37.50014114379883" lon="126.8974380493164"><ele>16.799999237060547</ele><time>2026-06-02T22:40:53Z</time></trkpt><trkpt lat="37.50015640258789" lon="126.89741516113281"><ele>16.799999237060547</ele><time>2026-06-02T22:40:54Z</time></trkpt><trkpt lat="37.50017166137695" lon="126.89739227294922"><ele>16.799999237060547</ele><time>2026-06-02T22:40:55Z</time></trkpt><trkpt lat="37.500186920166016" lon="126.8973617553711"><ele>16.799999237060547</ele><time>2026-06-02T22:40:56Z</time></trkpt><trkpt lat="37.50020217895508" lon="126.8973388671875"><ele>16.799999237060547</ele><time>2026-06-02T22:40:57Z</time></trkpt><trkpt lat="37.500213623046875" lon="126.89732360839844"><ele>16.799999237060547</ele><time>2026-06-02T22:40:58Z</time></trkpt><trkpt lat="37.50023651123047" lon="126.89730834960938"><ele>16.799999237060547</ele><time>2026-06-02T22:40:59Z</time></trkpt><trkpt lat="37.5002555847168" lon="126.89730072021484"><ele>16.799999237060547</ele><time>2026-06-02T22:41:00Z</time></trkpt><trkpt lat="37.50026321411133" lon="126.89729309082031"><ele>17.0</ele><time>2026-06-02T22:41:01Z</time></trkpt><trkpt lat="37.4999885559082" lon="126.89637756347656"><ele>18.0</ele><time>2026-06-02T22:45:10Z</time></trkpt><trkpt lat="37.49997329711914" lon="126.8963623046875"><ele>18.200000762939453</ele><time>2026-06-02T22:45:11Z</time></trkpt><trkpt lat="37.499961853027344" lon="126.8963394165039"><ele>18.399999618530273</ele><time>2026-06-02T22:45:12Z</time></trkpt><trkpt lat="37.49995422363281" lon="126.89632415771484"><ele>18.799999237060547</ele><time>2026-06-02T22:45:13Z</time></trkpt><trkpt lat="37.499942779541016" lon="126.89630126953125"><ele>18.799999237060547</ele><time>2026-06-02T22:45:14Z</time></trkpt><trkpt lat="37.49992752075195" lon="126.89629364013672"><ele>18.799999237060547</ele><time>2026-06-02T22:45:15Z</time></trkpt><trkpt lat="37.499916076660156" lon="126.89627075195312"><ele>18.799999237060547</ele><time>2026-06-02T22:45:16Z</time></trkpt><trkpt lat="37.49989700317383" lon="126.89625549316406"><ele>18.799999237060547</ele><time>2026-06-02T22:45:17Z</time></trkpt><trkpt lat="37.49988555908203" lon="126.89623260498047"><ele>18.799999237060547</ele><time>2026-06-02T22:45:18Z</time></trkpt><trkpt lat="37.499874114990234" lon="126.8962173461914"><ele>18.600000381469727</ele><time>2026-06-02T22:45:19Z</time></trkpt><trkpt lat="37.49986267089844" lon="126.89620208740234"><ele>18.600000381469727</ele><time>2026-06-02T22:45:20Z</time></trkpt><trkpt lat="37.49985122680664" lon="126.89617919921875"><ele>18.600000381469727</ele><time>2026-06-02T22:45:21Z</time></trkpt><trkpt lat="37.499839782714844" lon="126.89615631103516"><ele>18.600000381469727</ele><time>2026-06-02T22:45:22Z</time></trkpt><trkpt lat="37.49983215332031" lon="126.8961410522461"><ele>18.600000381469727</ele><time>2026-06-02T22:45:23Z</time></trkpt><trkpt lat="37.49982833862305" lon="126.89612579345703"><ele>18.600000381469727</ele><time>2026-06-02T22:45:24Z</time></trkpt><trkpt lat="37.49982452392578" lon="126.89611053466797"><ele>18.600000381469727</ele><time>2026-06-02T22:45:25Z</time></trkpt><trkpt lat="37.499813079833984" lon="126.8960952758789"><ele>18.600000381469727</ele><time>2026-06-02T22:45:26Z</time></trkpt><trkpt lat="37.49980545043945" lon="126.89608001708984"><ele>18.799999237060547</ele><time>2026-06-02T22:45:27Z</time></trkpt><trkpt lat="37.49979782104492" lon="126.89606475830078"><ele>18.799999237060547</ele><time>2026-06-02T22:45:28Z</time></trkpt><trkpt lat="37.499794006347656" lon="126.89605712890625"><ele>18.600000381469727</ele><time>2026-06-02T22:45:29Z</time></trkpt><trkpt lat="37.49978256225586" lon="126.89604949951172"><ele>18.600000381469727</ele><time>2026-06-02T22:45:30Z</time></trkpt><trkpt lat="37.49977111816406" lon="126.89604187011719"><ele>18.600000381469727</ele><time>2026-06-02T22:45:31Z</time></trkpt><trkpt lat="37.499752044677734" lon="126.89603424072266"><ele>18.600000381469727</ele><time>2026-06-02T22:45:32Z</time></trkpt><trkpt lat="37.4997444152832" lon="126.8960189819336"><ele>18.399999618530273</ele><time>2026-06-02T22:45:33Z</time></trkpt><trkpt lat="37.49973678588867" lon="126.8960189819336"><ele>18.600000381469727</ele><time>2026-06-02T22:45:34Z</time></trkpt><trkpt lat="37.49972152709961" lon="126.89600372314453"><ele>18.600000381469727</ele><time>2026-06-02T22:45:35Z</time></trkpt><trkpt lat="37.49971389770508" lon="126.89599609375"><ele>18.799999237060547</ele><time>2026-06-02T22:45:36Z</time></trkpt><trkpt lat="37.499698638916016" lon="126.8959732055664"><ele>18.799999237060547</ele><time>2026-06-02T22:45:37Z</time></trkpt><trkpt lat="37.49968338012695" lon="126.89595794677734"><ele>18.799999237060547</ele><time>2026-06-02T22:45:38Z</time></trkpt><trkpt lat="37.499671936035156" lon="126.89594268798828"><ele>18.799999237060547</ele><time>2026-06-02T22:45:39Z</time></trkpt><trkpt lat="37.49966049194336" lon="126.89591979980469"><ele>18.799999237060547</ele><time>2026-06-02T22:45:40Z</time></trkpt><trkpt lat="37.49964904785156" lon="126.89590454101562"><ele>18.600000381469727</ele><time>2026-06-02T22:45:41Z</time></trkpt><trkpt lat="37.499637603759766" lon="126.89588165283203"><ele>18.600000381469727</ele><time>2026-06-02T22:45:42Z</time></trkpt><trkpt lat="37.499629974365234" lon="126.89585876464844"><ele>18.600000381469727</ele><time>2026-06-02T22:45:43Z</time></trkpt><trkpt lat="37.49961471557617" lon="126.89584350585938"><ele>18.600000381469727</ele><time>2026-06-02T22:45:44Z</time></trkpt><trkpt lat="37.49960708618164" lon="126.89582061767578"><ele>18.799999237060547</ele><time>2026-06-02T22:45:45Z</time></trkpt><trkpt lat="37.49959945678711" lon="126.89580535888672"><ele>18.799999237060547</ele><time>2026-06-02T22:45:46Z</time></trkpt><trkpt lat="37.49959182739258" lon="126.89579010009766"><ele>18.799999237060547</ele><time>2026-06-02T22:45:47Z</time></trkpt><trkpt lat="37.49958038330078" lon="126.89575958251953"><ele>18.799999237060547</ele><time>2026-06-02T22:45:48Z</time></trkpt><trkpt lat="37.49957275390625" lon="126.89573669433594"><ele>18.799999237060547</ele><time>2026-06-02T22:45:49Z</time></trkpt><trkpt lat="37.49956512451172" lon="126.89572143554688"><ele>18.799999237060547</ele><time>2026-06-02T22:45:50Z</time></trkpt><trkpt lat="37.49955368041992" lon="126.89569091796875"><ele>18.600000381469727</ele><time>2026-06-02T22:45:51Z</time></trkpt><trkpt lat="37.49954605102539" lon="126.89566802978516"><ele>18.600000381469727</ele><time>2026-06-02T22:45:52Z</time></trkpt><trkpt lat="37.49953842163086" lon="126.8956527709961"><ele>18.600000381469727</ele><time>2026-06-02T22:45:53Z</time></trkpt><trkpt lat="37.49953079223633" lon="126.8956298828125"><ele>18.799999237060547</ele><time>2026-06-02T22:45:54Z</time></trkpt><trkpt lat="37.49951934814453" lon="126.8956069946289"><ele>18.799999237060547</ele><time>2026-06-02T22:45:55Z</time></trkpt><trkpt lat="37.49951171875" lon="126.89559173583984"><ele>18.799999237060547</ele><time>2026-06-02T22:45:56Z</time></trkpt><trkpt lat="37.49950408935547" lon="126.89557647705078"><ele>18.799999237060547</ele><time>2026-06-02T22:45:57Z</time></trkpt><trkpt lat="37.49949645996094" lon="126.89555358886719"><ele>18.799999237060547</ele><time>2026-06-02T22:45:58Z</time></trkpt><trkpt lat="37.49948501586914" lon="126.89553833007812"><ele>18.799999237060547</ele><time>2026-06-02T22:45:59Z</time></trkpt><trkpt lat="37.499473571777344" lon="126.89551544189453"><ele>18.799999237060547</ele><time>2026-06-02T22:46:00Z</time></trkpt><trkpt lat="37.49946212768555" lon="126.89549255371094"><ele>18.799999237060547</ele><time>2026-06-02T22:46:01Z</time></trkpt><trkpt lat="37.49945068359375" lon="126.89546966552734"><ele>18.799999237060547</ele><time>2026-06-02T22:46:02Z</time></trkpt><trkpt lat="37.49943923950195" lon="126.89544677734375"><ele>18.600000381469727</ele><time>2026-06-02T22:46:03Z</time></trkpt><trkpt lat="37.49942398071289" lon="126.89542388916016"><ele>18.600000381469727</ele><time>2026-06-02T22:46:04Z</time></trkpt><trkpt lat="37.49940872192383" lon="126.89540100097656"><ele>18.600000381469727</ele><time>2026-06-02T22:46:05Z</time></trkpt><trkpt lat="37.4994010925293" lon="126.8953857421875"><ele>18.799999237060547</ele><time>2026-06-02T22:46:06Z</time></trkpt><trkpt lat="37.4993896484375" lon="126.89535522460938"><ele>18.799999237060547</ele><time>2026-06-02T22:46:07Z</time></trkpt><trkpt lat="37.49937438964844" lon="126.89533233642578"><ele>18.600000381469727</ele><time>2026-06-02T22:46:08Z</time></trkpt><trkpt lat="37.499366760253906" lon="126.89531707763672"><ele>18.600000381469727</ele><time>2026-06-02T22:46:09Z</time></trkpt><trkpt lat="37.499359130859375" lon="126.89530181884766"><ele>18.600000381469727</ele><time>2026-06-02T22:46:10Z</time></trkpt><trkpt lat="37.499351501464844" lon="126.8952865600586"><ele>18.799999237060547</ele><time>2026-06-02T22:46:11Z</time></trkpt><trkpt lat="37.49934387207031" lon="126.895263671875"><ele>18.799999237060547</ele><time>2026-06-02T22:46:12Z</time></trkpt><trkpt lat="37.49932861328125" lon="126.8952407836914"><ele>18.799999237060547</ele><time>2026-06-02T22:46:13Z</time></trkpt><trkpt lat="37.49932098388672" lon="126.89521789550781"><ele>18.799999237060547</ele><time>2026-06-02T22:46:14Z</time></trkpt><trkpt lat="37.499305725097656" lon="126.89520263671875"><ele>18.799999237060547</ele><time>2026-06-02T22:46:15Z</time></trkpt><trkpt lat="37.499298095703125" lon="126.89518737792969"><ele>18.799999237060547</ele><time>2026-06-02T22:46:16Z</time></trkpt><trkpt lat="37.49928283691406" lon="126.89517211914062"><ele>18.799999237060547</ele><time>2026-06-02T22:46:17Z</time></trkpt><trkpt lat="37.49927520751953" lon="126.89514923095703"><ele>18.799999237060547</ele><time>2026-06-02T22:46:18Z</time></trkpt><trkpt lat="37.499263763427734" lon="126.89512634277344"><ele>18.799999237060547</ele><time>2026-06-02T22:46:19Z</time></trkpt><trkpt lat="37.49925231933594" lon="126.89511108398438"><ele>18.799999237060547</ele><time>2026-06-02T22:46:20Z</time></trkpt><trkpt lat="37.499244689941406" lon="126.89508819580078"><ele>18.799999237060547</ele><time>2026-06-02T22:46:21Z</time></trkpt><trkpt lat="37.49923324584961" lon="126.89506530761719"><ele>18.799999237060547</ele><time>2026-06-02T22:46:22Z</time></trkpt><trkpt lat="37.49922561645508" lon="126.8950424194336"><ele>18.600000381469727</ele><time>2026-06-02T22:46:23Z</time></trkpt><trkpt lat="37.49921798706055" lon="126.89501953125"><ele>18.600000381469727</ele><time>2026-06-02T22:46:24Z</time></trkpt><trkpt lat="37.499210357666016" lon="126.89500427246094"><ele>18.600000381469727</ele><time>2026-06-02T22:46:25Z</time></trkpt><trkpt lat="37.499202728271484" lon="126.89498138427734"><ele>18.799999237060547</ele><time>2026-06-02T22:46:26Z</time></trkpt><trkpt lat="37.49919509887695" lon="126.89496612548828"><ele>18.799999237060547</ele><time>2026-06-02T22:46:27Z</time></trkpt><trkpt lat="37.49919128417969" lon="126.89493560791016"><ele>18.799999237060547</ele><time>2026-06-02T22:46:28Z</time></trkpt><trkpt lat="37.49917984008789" lon="126.89491271972656"><ele>18.799999237060547</ele><time>2026-06-02T22:46:29Z</time></trkpt><trkpt lat="37.499176025390625" lon="126.8948974609375"><ele>18.799999237060547</ele><time>2026-06-02T22:46:30Z</time></trkpt><trkpt lat="37.499168395996094" lon="126.8948745727539"><ele>18.799999237060547</ele><time>2026-06-02T22:46:31Z</time></trkpt><trkpt lat="37.49916076660156" lon="126.89485931396484"><ele>18.799999237060547</ele><time>2026-06-02T22:46:32Z</time></trkpt><trkpt lat="37.49916076660156" lon="126.89484405517578"><ele>18.799999237060547</ele><time>2026-06-02T22:46:33Z</time></trkpt><trkpt lat="37.49916458129883" lon="126.89483642578125"><ele>19.0</ele><time>2026-06-02T22:46:34Z</time></trkpt><trkpt lat="37.49916076660156" lon="126.89482116699219"><ele>19.0</ele><time>2026-06-02T22:46:35Z</time></trkpt><trkpt lat="37.4991569519043" lon="126.89481353759766"><ele>19.0</ele><time>2026-06-02T22:46:36Z</time></trkpt><trkpt lat="37.4991455078125" lon="126.8947982788086"><ele>19.0</ele><time>2026-06-02T22:46:37Z</time></trkpt><trkpt lat="37.499141693115234" lon="126.89478302001953"><ele>19.0</ele><time>2026-06-02T22:46:38Z</time></trkpt><trkpt lat="37.49913024902344" lon="126.89476776123047"><ele>19.0</ele><time>2026-06-02T22:46:39Z</time></trkpt><trkpt lat="37.499122619628906" lon="126.89474487304688"><ele>19.0</ele><time>2026-06-02T22:46:40Z</time></trkpt><trkpt lat="37.49911117553711" lon="126.89472961425781"><ele>19.0</ele><time>2026-06-02T22:46:41Z</time></trkpt><trkpt lat="37.49910354614258" lon="126.89471435546875"><ele>19.0</ele><time>2026-06-02T22:46:42Z</time></trkpt><trkpt lat="37.49909210205078" lon="126.89469146728516"><ele>19.0</ele><time>2026-06-02T22:46:43Z</time></trkpt><trkpt lat="37.49908447265625" lon="126.89468383789062"><ele>19.0</ele><time>2026-06-02T22:46:44Z</time></trkpt><trkpt lat="37.49907302856445" lon="126.89466857910156"><ele>19.0</ele><time>2026-06-02T22:46:45Z</time></trkpt><trkpt lat="37.49906539916992" lon="126.8946533203125"><ele>19.0</ele><time>2026-06-02T22:46:46Z</time></trkpt><trkpt lat="37.499053955078125" lon="126.8946304321289"><ele>19.0</ele><time>2026-06-02T22:46:47Z</time></trkpt><trkpt lat="37.49904251098633" lon="126.89461517333984"><ele>19.200000762939453</ele><time>2026-06-02T22:46:48Z</time></trkpt><trkpt lat="37.499027252197266" lon="126.89459991455078"><ele>19.200000762939453</ele><time>2026-06-02T22:46:49Z</time></trkpt><trkpt lat="37.499019622802734" lon="126.89458465576172"><ele>19.200000762939453</ele><time>2026-06-02T22:46:50Z</time></trkpt><trkpt lat="37.49900817871094" lon="126.89456939697266"><ele>19.200000762939453</ele><time>2026-06-02T22:46:51Z</time></trkpt><trkpt lat="37.499000549316406" lon="126.8945541381836"><ele>19.200000762939453</ele><time>2026-06-02T22:46:52Z</time></trkpt><trkpt lat="37.498992919921875" lon="126.89453887939453"><ele>19.200000762939453</ele><time>2026-06-02T22:46:53Z</time></trkpt><trkpt lat="37.498985290527344" lon="126.89452362060547"><ele>19.200000762939453</ele><time>2026-06-02T22:46:54Z</time></trkpt><trkpt lat="37.49897003173828" lon="126.8945083618164"><ele>19.200000762939453</ele><time>2026-06-02T22:46:55Z</time></trkpt><trkpt lat="37.498958587646484" lon="126.89450073242188"><ele>19.200000762939453</ele><time>2026-06-02T22:46:56Z</time></trkpt><trkpt lat="37.49894332885742" lon="126.89448547363281"><ele>19.200000762939453</ele><time>2026-06-02T22:46:57Z</time></trkpt><trkpt lat="37.498931884765625" lon="126.89447021484375"><ele>19.200000762939453</ele><time>2026-06-02T22:46:58Z</time></trkpt><trkpt lat="37.498924255371094" lon="126.89445495605469"><ele>19.200000762939453</ele><time>2026-06-02T22:46:59Z</time></trkpt><trkpt lat="37.4989128112793" lon="126.89443969726562"><ele>19.200000762939453</ele><time>2026-06-02T22:47:00Z</time></trkpt><trkpt lat="37.4989013671875" lon="126.89441680908203"><ele>19.200000762939453</ele><time>2026-06-02T22:47:01Z</time></trkpt><trkpt lat="37.49889373779297" lon="126.89440155029297"><ele>19.200000762939453</ele><time>2026-06-02T22:47:02Z</time></trkpt><trkpt lat="37.49888229370117" lon="126.89437866210938"><ele>19.200000762939453</ele><time>2026-06-02T22:47:03Z</time></trkpt><trkpt lat="37.49887466430664" lon="126.89436340332031"><ele>19.200000762939453</ele><time>2026-06-02T22:47:04Z</time></trkpt><trkpt lat="37.49886703491211" lon="126.89434051513672"><ele>19.200000762939453</ele><time>2026-06-02T22:47:05Z</time></trkpt><trkpt lat="37.49885559082031" lon="126.89431762695312"><ele>19.200000762939453</ele><time>2026-06-02T22:47:06Z</time></trkpt><trkpt lat="37.49884796142578" lon="126.894287109375"><ele>19.200000762939453</ele><time>2026-06-02T22:47:07Z</time></trkpt><trkpt lat="37.49884033203125" lon="126.8942642211914"><ele>19.399999618530273</ele><time>2026-06-02T22:47:08Z</time></trkpt><trkpt lat="37.49882507324219" lon="126.89423370361328"><ele>19.399999618530273</ele><time>2026-06-02T22:47:09Z</time></trkpt><trkpt lat="37.49882125854492" lon="126.89421081542969"><ele>19.399999618530273</ele><time>2026-06-02T22:47:10Z</time></trkpt><trkpt lat="37.498809814453125" lon="126.8941879272461"><ele>19.399999618530273</ele><time>2026-06-02T22:47:11Z</time></trkpt><trkpt lat="37.49880599975586" lon="126.89417266845703"><ele>19.399999618530273</ele><time>2026-06-02T22:47:12Z</time></trkpt><trkpt lat="37.49839782714844" lon="126.89368438720703"><ele>16.600000381469727</ele><time>2026-06-02T22:50:02Z</time></trkpt><trkpt lat="37.49840545654297" lon="126.89368438720703"><ele>16.799999237060547</ele><time>2026-06-02T22:50:03Z</time></trkpt><trkpt lat="37.49842071533203" lon="126.89368438720703"><ele>16.799999237060547</ele><time>2026-06-02T22:50:04Z</time></trkpt><trkpt lat="37.49842834472656" lon="126.89368438720703"><ele>16.799999237060547</ele><time>2026-06-02T22:50:05Z</time></trkpt><trkpt lat="37.49843215942383" lon="126.89368438720703"><ele>16.799999237060547</ele><time>2026-06-02T22:50:06Z</time></trkpt><trkpt lat="37.498443603515625" lon="126.89368438720703"><ele>16.600000381469727</ele><time>2026-06-02T22:50:07Z</time></trkpt><trkpt lat="37.49845886230469" lon="126.89368438720703"><ele>16.600000381469727</ele><time>2026-06-02T22:50:08Z</time></trkpt><trkpt lat="37.49847412109375" lon="126.89369201660156"><ele>16.600000381469727</ele><time>2026-06-02T22:50:09Z</time></trkpt><trkpt lat="37.49849319458008" lon="126.89368438720703"><ele>16.600000381469727</ele><time>2026-06-02T22:50:10Z</time></trkpt><trkpt lat="37.498512268066406" lon="126.89368438720703"><ele>16.600000381469727</ele><time>2026-06-02T22:50:11Z</time></trkpt><trkpt lat="37.4985237121582" lon="126.8936767578125"><ele>16.600000381469727</ele><time>2026-06-02T22:50:12Z</time></trkpt><trkpt lat="37.49855041503906" lon="126.89366912841797"><ele>16.600000381469727</ele><time>2026-06-02T22:50:13Z</time></trkpt><trkpt lat="37.498565673828125" lon="126.89366912841797"><ele>16.600000381469727</ele><time>2026-06-02T22:50:14Z</time></trkpt><trkpt lat="37.49858093261719" lon="126.89366149902344"><ele>16.600000381469727</ele><time>2026-06-02T22:50:15Z</time></trkpt><trkpt lat="37.49860382080078" lon="126.8936538696289"><ele>16.600000381469727</ele><time>2026-06-02T22:50:16Z</time></trkpt><trkpt lat="37.498619079589844" lon="126.8936538696289"><ele>16.600000381469727</ele><time>2026-06-02T22:50:17Z</time></trkpt><trkpt lat="37.49863815307617" lon="126.89364624023438"><ele>16.600000381469727</ele><time>2026-06-02T22:50:18Z</time></trkpt><trkpt lat="37.49866485595703" lon="126.89363861083984"><ele>16.600000381469727</ele><time>2026-06-02T22:50:19Z</time></trkpt><trkpt lat="37.498680114746094" lon="126.89363098144531"><ele>16.600000381469727</ele><time>2026-06-02T22:50:20Z</time></trkpt><trkpt lat="37.49869918823242" lon="126.89362335205078"><ele>16.600000381469727</ele><time>2026-06-02T22:50:21Z</time></trkpt><trkpt lat="37.49872589111328" lon="126.89361572265625"><ele>16.600000381469727</ele><time>2026-06-02T22:50:22Z</time></trkpt><trkpt lat="37.49874496459961" lon="126.89361572265625"><ele>16.600000381469727</ele><time>2026-06-02T22:50:23Z</time></trkpt><trkpt lat="37.49876403808594" lon="126.89360809326172"><ele>16.600000381469727</ele><time>2026-06-02T22:50:24Z</time></trkpt><trkpt lat="37.49879837036133" lon="126.89360046386719"><ele>16.600000381469727</ele><time>2026-06-02T22:50:25Z</time></trkpt><trkpt lat="37.49881362915039" lon="126.89360046386719"><ele>16.600000381469727</ele><time>2026-06-02T22:50:26Z</time></trkpt><trkpt lat="37.49883270263672" lon="126.89358520507812"><ele>16.600000381469727</ele><time>2026-06-02T22:50:27Z</time></trkpt><trkpt lat="37.49885940551758" lon="126.89358520507812"><ele>16.600000381469727</ele><time>2026-06-02T22:50:28Z</time></trkpt><trkpt lat="37.49888229370117" lon="126.89358520507812"><ele>16.600000381469727</ele><time>2026-06-02T22:50:29Z</time></trkpt><trkpt lat="37.4989013671875" lon="126.8935775756836"><ele>16.600000381469727</ele><time>2026-06-02T22:50:30Z</time></trkpt><trkpt lat="37.49892807006836" lon="126.8935775756836"><ele>16.600000381469727</ele><time>2026-06-02T22:50:31Z</time></trkpt><trkpt lat="37.498939514160156" lon="126.89356994628906"><ele>16.600000381469727</ele><time>2026-06-02T22:50:32Z</time></trkpt><trkpt lat="37.49896240234375" lon="126.89356994628906"><ele>16.600000381469727</ele><time>2026-06-02T22:50:33Z</time></trkpt><trkpt lat="37.49898147583008" lon="126.89356231689453"><ele>16.600000381469727</ele><time>2026-06-02T22:50:34Z</time></trkpt><trkpt lat="37.49899673461914" lon="126.89356231689453"><ele>16.799999237060547</ele><time>2026-06-02T22:50:35Z</time></trkpt><trkpt lat="37.499019622802734" lon="126.89356231689453"><ele>16.799999237060547</ele><time>2026-06-02T22:50:36Z</time></trkpt><trkpt lat="37.49904251098633" lon="126.89356231689453"><ele>16.600000381469727</ele><time>2026-06-02T22:50:37Z</time></trkpt><trkpt lat="37.49905776977539" lon="126.8935546875"><ele>16.600000381469727</ele><time>2026-06-02T22:50:38Z</time></trkpt><trkpt lat="37.49908447265625" lon="126.89354705810547"><ele>16.600000381469727</ele><time>2026-06-02T22:50:39Z</time></trkpt><trkpt lat="37.49910354614258" lon="126.89354705810547"><ele>16.600000381469727</ele><time>2026-06-02T22:50:40Z</time></trkpt><trkpt lat="37.49912643432617" lon="126.89353942871094"><ele>16.600000381469727</ele><time>2026-06-02T22:50:41Z</time></trkpt><trkpt lat="37.4991455078125" lon="126.89353942871094"><ele>16.600000381469727</ele><time>2026-06-02T22:50:42Z</time></trkpt><trkpt lat="37.49916076660156" lon="126.8935317993164"><ele>16.600000381469727</ele><time>2026-06-02T22:50:43Z</time></trkpt><trkpt lat="37.499183654785156" lon="126.8935317993164"><ele>16.600000381469727</ele><time>2026-06-02T22:50:44Z</time></trkpt><trkpt lat="37.49919509887695" lon="126.8935317993164"><ele>16.600000381469727</ele><time>2026-06-02T22:50:45Z</time></trkpt><trkpt lat="37.499202728271484" lon="126.89352416992188"><ele>16.600000381469727</ele><time>2026-06-02T22:50:46Z</time></trkpt><trkpt lat="37.49921798706055" lon="126.8935317993164"><ele>16.600000381469727</ele><time>2026-06-02T22:50:47Z</time></trkpt><trkpt lat="37.49923324584961" lon="126.89352416992188"><ele>16.600000381469727</ele><time>2026-06-02T22:50:48Z</time></trkpt><trkpt lat="37.499244689941406" lon="126.89352416992188"><ele>16.600000381469727</ele><time>2026-06-02T22:50:49Z</time></trkpt><trkpt lat="37.499263763427734" lon="126.89352416992188"><ele>16.600000381469727</ele><time>2026-06-02T22:50:50Z</time></trkpt><trkpt lat="37.4992790222168" lon="126.89352416992188"><ele>16.600000381469727</ele><time>2026-06-02T22:50:51Z</time></trkpt><trkpt lat="37.49929428100586" lon="126.89352416992188"><ele>16.600000381469727</ele><time>2026-06-02T22:50:52Z</time></trkpt><trkpt lat="37.49931335449219" lon="126.89352416992188"><ele>16.600000381469727</ele><time>2026-06-02T22:50:53Z</time></trkpt><trkpt lat="37.499332427978516" lon="126.89351654052734"><ele>16.600000381469727</ele><time>2026-06-02T22:50:54Z</time></trkpt><trkpt lat="37.499351501464844" lon="126.89351654052734"><ele>16.600000381469727</ele><time>2026-06-02T22:50:55Z</time></trkpt><trkpt lat="37.49937057495117" lon="126.89351654052734"><ele>16.600000381469727</ele><time>2026-06-02T22:50:56Z</time></trkpt><trkpt lat="37.499385833740234" lon="126.89351654052734"><ele>16.600000381469727</ele><time>2026-06-02T22:50:57Z</time></trkpt><trkpt lat="37.49940872192383" lon="126.89351654052734"><ele>16.600000381469727</ele><time>2026-06-02T22:50:58Z</time></trkpt><trkpt lat="37.49942398071289" lon="126.89350891113281"><ele>16.600000381469727</ele><time>2026-06-02T22:50:59Z</time></trkpt><trkpt lat="37.49944305419922" lon="126.89350891113281"><ele>16.600000381469727</ele><time>2026-06-02T22:51:00Z</time></trkpt><trkpt lat="37.49946594238281" lon="126.89350891113281"><ele>16.600000381469727</ele><time>2026-06-02T22:51:01Z</time></trkpt><trkpt lat="37.49948501586914" lon="126.89350891113281"><ele>16.600000381469727</ele><time>2026-06-02T22:51:02Z</time></trkpt><trkpt lat="37.49950408935547" lon="126.89350891113281"><ele>16.600000381469727</ele><time>2026-06-02T22:51:03Z</time></trkpt><trkpt lat="37.49952697753906" lon="126.89350891113281"><ele>16.600000381469727</ele><time>2026-06-02T22:51:04Z</time></trkpt><trkpt lat="37.49953842163086" lon="126.89350128173828"><ele>16.600000381469727</ele><time>2026-06-02T22:51:05Z</time></trkpt><trkpt lat="37.49956512451172" lon="126.89350128173828"><ele>16.600000381469727</ele><time>2026-06-02T22:51:06Z</time></trkpt><trkpt lat="37.49958038330078" lon="126.89349365234375"><ele>16.600000381469727</ele><time>2026-06-02T22:51:07Z</time></trkpt><trkpt lat="37.499595642089844" lon="126.89348602294922"><ele>16.399999618530273</ele><time>2026-06-02T22:51:08Z</time></trkpt><trkpt lat="37.49961853027344" lon="126.89348602294922"><ele>16.399999618530273</ele><time>2026-06-02T22:51:09Z</time></trkpt><trkpt lat="37.4996337890625" lon="126.89348602294922"><ele>16.399999618530273</ele><time>2026-06-02T22:51:10Z</time></trkpt><trkpt lat="37.49965286254883" lon="126.89347839355469"><ele>16.399999618530273</ele><time>2026-06-02T22:51:11Z</time></trkpt><trkpt lat="37.49967575073242" lon="126.89347839355469"><ele>16.399999618530273</ele><time>2026-06-02T22:51:12Z</time></trkpt><trkpt lat="37.499691009521484" lon="126.89347076416016"><ele>16.399999618530273</ele><time>2026-06-02T22:51:13Z</time></trkpt><trkpt lat="37.499717712402344" lon="126.89347076416016"><ele>16.399999618530273</ele><time>2026-06-02T22:51:14Z</time></trkpt><trkpt lat="37.49973678588867" lon="126.89347076416016"><ele>16.399999618530273</ele><time>2026-06-02T22:51:15Z</time></trkpt><trkpt lat="37.499759674072266" lon="126.89346313476562"><ele>16.399999618530273</ele><time>2026-06-02T22:51:16Z</time></trkpt><trkpt lat="37.499786376953125" lon="126.8934555053711"><ele>16.399999618530273</ele><time>2026-06-02T22:51:17Z</time></trkpt><trkpt lat="37.49980545043945" lon="126.8934555053711"><ele>16.399999618530273</ele><time>2026-06-02T22:51:18Z</time></trkpt><trkpt lat="37.49982452392578" lon="126.8934555053711"><ele>16.399999618530273</ele><time>2026-06-02T22:51:19Z</time></trkpt><trkpt lat="37.499847412109375" lon="126.8934555053711"><ele>16.399999618530273</ele><time>2026-06-02T22:51:20Z</time></trkpt><trkpt lat="37.49985885620117" lon="126.89344787597656"><ele>16.399999618530273</ele><time>2026-06-02T22:51:21Z</time></trkpt><trkpt lat="37.499874114990234" lon="126.89344024658203"><ele>16.399999618530273</ele><time>2026-06-02T22:51:22Z</time></trkpt><trkpt lat="37.49989700317383" lon="126.89344024658203"><ele>16.399999618530273</ele><time>2026-06-02T22:51:23Z</time></trkpt><trkpt lat="37.499908447265625" lon="126.89344024658203"><ele>16.399999618530273</ele><time>2026-06-02T22:51:24Z</time></trkpt><trkpt lat="37.49992752075195" lon="126.8934326171875"><ele>16.399999618530273</ele><time>2026-06-02T22:51:25Z</time></trkpt><trkpt lat="37.49994659423828" lon="126.8934326171875"><ele>16.399999618530273</ele><time>2026-06-02T22:51:26Z</time></trkpt><trkpt lat="37.49996566772461" lon="126.8934326171875"><ele>16.399999618530273</ele><time>2026-06-02T22:51:27Z</time></trkpt><trkpt lat="37.49998474121094" lon="126.89342498779297"><ele>16.399999618530273</ele><time>2026-06-02T22:51:28Z</time></trkpt><trkpt lat="37.500003814697266" lon="126.89342498779297"><ele>16.399999618530273</ele><time>2026-06-02T22:51:29Z</time></trkpt><trkpt lat="37.50001907348633" lon="126.89342498779297"><ele>16.399999618530273</ele><time>2026-06-02T22:51:30Z</time></trkpt><trkpt lat="37.50004196166992" lon="126.89341735839844"><ele>16.399999618530273</ele><time>2026-06-02T22:51:31Z</time></trkpt><trkpt lat="37.50006103515625" lon="126.89341735839844"><ele>16.399999618530273</ele><time>2026-06-02T22:51:32Z</time></trkpt><trkpt lat="37.50007247924805" lon="126.8934097290039"><ele>16.399999618530273</ele><time>2026-06-02T22:51:33Z</time></trkpt><trkpt lat="37.500099182128906" lon="126.8934097290039"><ele>16.399999618530273</ele><time>2026-06-02T22:51:34Z</time></trkpt><trkpt lat="37.50011444091797" lon="126.8934097290039"><ele>16.399999618530273</ele><time>2026-06-02T22:51:35Z</time></trkpt><trkpt lat="37.500125885009766" lon="126.89340209960938"><ele>16.399999618530273</ele><time>2026-06-02T22:51:36Z</time></trkpt><trkpt lat="37.50014877319336" lon="126.89340209960938"><ele>16.200000762939453</ele><time>2026-06-02T22:51:37Z</time></trkpt><trkpt lat="37.50016403198242" lon="126.89340209960938"><ele>16.399999618530273</ele><time>2026-06-02T22:51:38Z</time></trkpt><trkpt lat="37.500186920166016" lon="126.89340209960938"><ele>16.399999618530273</ele><time>2026-06-02T22:51:39Z</time></trkpt><trkpt lat="37.500205993652344" lon="126.89340209960938"><ele>16.399999618530273</ele><time>2026-06-02T22:51:40Z</time></trkpt><trkpt lat="37.50021743774414" lon="126.89339447021484"><ele>16.399999618530273</ele><time>2026-06-02T22:51:41Z</time></trkpt><trkpt lat="37.50023651123047" lon="126.89339447021484"><ele>16.200000762939453</ele><time>2026-06-02T22:51:42Z</time></trkpt><trkpt lat="37.500244140625" lon="126.89339447021484"><ele>16.200000762939453</ele><time>2026-06-02T22:51:43Z</time></trkpt><trkpt lat="37.500240325927734" lon="126.89338684082031"><ele>16.200000762939453</ele><time>2026-06-02T22:51:44Z</time></trkpt><trkpt lat="37.50023651123047" lon="126.89338684082031"><ele>16.200000762939453</ele><time>2026-06-02T22:51:45Z</time></trkpt><trkpt lat="37.500244140625" lon="126.89339447021484"><ele>16.399999618530273</ele><time>2026-06-02T22:51:46Z</time></trkpt><trkpt lat="37.50025177001953" lon="126.89338684082031"><ele>16.399999618530273</ele><time>2026-06-02T22:51:47Z</time></trkpt><trkpt lat="37.50026321411133" lon="126.89338684082031"><ele>16.399999618530273</ele><time>2026-06-02T22:51:48Z</time></trkpt><trkpt lat="37.50027847290039" lon="126.89338684082031"><ele>16.399999618530273</ele><time>2026-06-02T22:51:49Z</time></trkpt><trkpt lat="37.50029373168945" lon="126.89338684082031"><ele>16.399999618530273</ele><time>2026-06-02T22:51:50Z</time></trkpt><trkpt lat="37.50030517578125" lon="126.89337921142578"><ele>16.200000762939453</ele><time>2026-06-02T22:51:51Z</time></trkpt><trkpt lat="37.50031280517578" lon="126.89337921142578"><ele>16.200000762939453</ele><time>2026-06-02T22:51:52Z</time></trkpt><trkpt lat="37.50032424926758" lon="126.89337921142578"><ele>16.200000762939453</ele><time>2026-06-02T22:51:53Z</time></trkpt><trkpt lat="37.500335693359375" lon="126.89337921142578"><ele>16.200000762939453</ele><time>2026-06-02T22:51:54Z</time></trkpt><trkpt lat="37.500343322753906" lon="126.89337921142578"><ele>16.0</ele><time>2026-06-02T22:51:55Z</time></trkpt><trkpt lat="37.5003547668457" lon="126.89337921142578"><ele>16.0</ele><time>2026-06-02T22:51:56Z</time></trkpt><trkpt lat="37.500362396240234" lon="126.89337921142578"><ele>16.200000762939453</ele><time>2026-06-02T22:51:57Z</time></trkpt><trkpt lat="37.50037384033203" lon="126.89337921142578"><ele>16.200000762939453</ele><time>2026-06-02T22:51:58Z</time></trkpt><trkpt lat="37.50038146972656" lon="126.89337921142578"><ele>16.200000762939453</ele><time>2026-06-02T22:51:59Z</time></trkpt><trkpt lat="37.500389099121094" lon="126.89337921142578"><ele>16.200000762939453</ele><time>2026-06-02T22:52:00Z</time></trkpt><trkpt lat="37.500396728515625" lon="126.89337921142578"><ele>16.200000762939453</ele><time>2026-06-02T22:52:01Z</time></trkpt><trkpt lat="37.50040817260742" lon="126.89337921142578"><ele>16.200000762939453</ele><time>2026-06-02T22:52:02Z</time></trkpt><trkpt lat="37.50041198730469" lon="126.89337921142578"><ele>16.200000762939453</ele><time>2026-06-02T22:52:03Z</time></trkpt><trkpt lat="37.50041961669922" lon="126.89337921142578"><ele>16.200000762939453</ele><time>2026-06-02T22:52:04Z</time></trkpt><trkpt lat="37.50042724609375" lon="126.89337921142578"><ele>16.200000762939453</ele><time>2026-06-02T22:52:05Z</time></trkpt><trkpt lat="37.50043869018555" lon="126.89337921142578"><ele>16.200000762939453</ele><time>2026-06-02T22:52:06Z</time></trkpt><trkpt lat="37.50044631958008" lon="126.89337158203125"><ele>16.200000762939453</ele><time>2026-06-02T22:52:07Z</time></trkpt><trkpt lat="37.500450134277344" lon="126.89337921142578"><ele>16.200000762939453</ele><time>2026-06-02T22:52:08Z</time></trkpt><trkpt lat="37.50045394897461" lon="126.89337921142578"><ele>16.0</ele><time>2026-06-02T22:52:09Z</time></trkpt><trkpt lat="37.500457763671875" lon="126.89337921142578"><ele>16.0</ele><time>2026-06-02T22:52:10Z</time></trkpt><trkpt lat="37.500457763671875" lon="126.89337921142578"><ele>16.0</ele><time>2026-06-02T22:52:11Z</time></trkpt><trkpt lat="37.500457763671875" lon="126.89337921142578"><ele>16.0</ele><time>2026-06-02T22:52:12Z</time></trkpt><trkpt lat="37.50046157836914" lon="126.89337921142578"><ele>16.0</ele><time>2026-06-02T22:52:13Z</time></trkpt><trkpt lat="37.50046920776367" lon="126.89337921142578"><ele>16.0</ele><time>2026-06-02T22:52:14Z</time></trkpt><trkpt lat="37.5004768371582" lon="126.89337921142578"><ele>16.200000762939453</ele><time>2026-06-02T22:52:15Z</time></trkpt><trkpt lat="37.50048065185547" lon="126.89337158203125"><ele>16.200000762939453</ele><time>2026-06-02T22:52:16Z</time></trkpt><trkpt lat="37.500484466552734" lon="126.89336395263672"><ele>16.200000762939453</ele><time>2026-06-02T22:52:17Z</time></trkpt><trkpt lat="37.50049591064453" lon="126.89335632324219"><ele>16.0</ele><time>2026-06-02T22:52:18Z</time></trkpt><trkpt lat="37.50050735473633" lon="126.89334869384766"><ele>16.0</ele><time>2026-06-02T22:52:19Z</time></trkpt><trkpt lat="37.500518798828125" lon="126.89334869384766"><ele>16.0</ele><time>2026-06-02T22:52:20Z</time></trkpt><trkpt lat="37.50053787231445" lon="126.89334869384766"><ele>16.0</ele><time>2026-06-02T22:52:21Z</time></trkpt><trkpt lat="37.50054931640625" lon="126.89334869384766"><ele>16.0</ele><time>2026-06-02T22:52:22Z</time></trkpt><trkpt lat="37.50056838989258" lon="126.89334106445312"><ele>16.0</ele><time>2026-06-02T22:52:23Z</time></trkpt><trkpt lat="37.500587463378906" lon="126.89334106445312"><ele>16.0</ele><time>2026-06-02T22:52:24Z</time></trkpt><trkpt lat="37.50060272216797" lon="126.8933334350586"><ele>16.0</ele><time>2026-06-02T22:52:25Z</time></trkpt><trkpt lat="37.5006217956543" lon="126.8933334350586"><ele>16.0</ele><time>2026-06-02T22:52:26Z</time></trkpt><trkpt lat="37.500640869140625" lon="126.8933334350586"><ele>15.800000190734863</ele><time>2026-06-02T22:52:27Z</time></trkpt><trkpt lat="37.50065231323242" lon="126.89332580566406"><ele>15.800000190734863</ele><time>2026-06-02T22:52:28Z</time></trkpt><trkpt lat="37.500675201416016" lon="126.89332580566406"><ele>15.800000190734863</ele><time>2026-06-02T22:52:29Z</time></trkpt><trkpt lat="37.50069046020508" lon="126.89331817626953"><ele>15.800000190734863</ele><time>2026-06-02T22:52:30Z</time></trkpt><trkpt lat="37.50070571899414" lon="126.893310546875"><ele>16.0</ele><time>2026-06-02T22:52:31Z</time></trkpt><trkpt lat="37.50072479248047" lon="126.893310546875"><ele>15.800000190734863</ele><time>2026-06-02T22:52:32Z</time></trkpt><trkpt lat="37.500736236572266" lon="126.89330291748047"><ele>15.800000190734863</ele><time>2026-06-02T22:52:33Z</time></trkpt><trkpt lat="37.500762939453125" lon="126.89330291748047"><ele>15.800000190734863</ele><time>2026-06-02T22:52:34Z</time></trkpt><trkpt lat="37.50077819824219" lon="126.89330291748047"><ele>15.800000190734863</ele><time>2026-06-02T22:52:35Z</time></trkpt><trkpt lat="37.500797271728516" lon="126.89330291748047"><ele>15.800000190734863</ele><time>2026-06-02T22:52:36Z</time></trkpt><trkpt lat="37.50082015991211" lon="126.89330291748047"><ele>15.800000190734863</ele><time>2026-06-02T22:52:37Z</time></trkpt><trkpt lat="37.50083541870117" lon="126.89330291748047"><ele>15.800000190734863</ele><time>2026-06-02T22:52:38Z</time></trkpt><trkpt lat="37.500858306884766" lon="126.89330291748047"><ele>15.800000190734863</ele><time>2026-06-02T22:52:39Z</time></trkpt><trkpt lat="37.50086975097656" lon="126.89329528808594"><ele>15.800000190734863</ele><time>2026-06-02T22:52:40Z</time></trkpt><trkpt lat="37.50088882446289" lon="126.89329528808594"><ele>15.800000190734863</ele><time>2026-06-02T22:52:41Z</time></trkpt><trkpt lat="37.50090789794922" lon="126.89329528808594"><ele>15.800000190734863</ele><time>2026-06-02T22:52:42Z</time></trkpt><trkpt lat="37.50092697143555" lon="126.8932876586914"><ele>15.800000190734863</ele><time>2026-06-02T22:52:43Z</time></trkpt><trkpt lat="37.50094985961914" lon="126.89328002929688"><ele>15.800000190734863</ele><time>2026-06-02T22:52:44Z</time></trkpt><trkpt lat="37.5009651184082" lon="126.89328002929688"><ele>15.800000190734863</ele><time>2026-06-02T22:52:45Z</time></trkpt><trkpt lat="37.5009880065918" lon="126.89328002929688"><ele>15.800000190734863</ele><time>2026-06-02T22:52:46Z</time></trkpt><trkpt lat="37.50101089477539" lon="126.89328002929688"><ele>15.800000190734863</ele><time>2026-06-02T22:52:47Z</time></trkpt><trkpt lat="37.50102615356445" lon="126.89328002929688"><ele>15.800000190734863</ele><time>2026-06-02T22:52:48Z</time></trkpt><trkpt lat="37.50104904174805" lon="126.89328002929688"><ele>15.800000190734863</ele><time>2026-06-02T22:52:49Z</time></trkpt><trkpt lat="37.50106430053711" lon="126.89327239990234"><ele>15.800000190734863</ele><time>2026-06-02T22:52:50Z</time></trkpt><trkpt lat="37.50108337402344" lon="126.89326477050781"><ele>15.800000190734863</ele><time>2026-06-02T22:52:51Z</time></trkpt><trkpt lat="37.50110626220703" lon="126.89327239990234"><ele>15.800000190734863</ele><time>2026-06-02T22:52:52Z</time></trkpt><trkpt lat="37.501121520996094" lon="126.89326477050781"><ele>15.800000190734863</ele><time>2026-06-02T22:52:53Z</time></trkpt><trkpt lat="37.50114440917969" lon="126.89326477050781"><ele>15.800000190734863</ele><time>2026-06-02T22:52:54Z</time></trkpt><trkpt lat="37.50115966796875" lon="126.89325714111328"><ele>15.800000190734863</ele><time>2026-06-02T22:52:55Z</time></trkpt><trkpt lat="37.50117874145508" lon="126.89325714111328"><ele>16.0</ele><time>2026-06-02T22:52:56Z</time></trkpt><trkpt lat="37.501197814941406" lon="126.89325714111328"><ele>16.0</ele><time>2026-06-02T22:52:57Z</time></trkpt><trkpt lat="37.50121307373047" lon="126.89325714111328"><ele>16.0</ele><time>2026-06-02T22:52:58Z</time></trkpt><trkpt lat="37.5012321472168" lon="126.89325714111328"><ele>16.0</ele><time>2026-06-02T22:52:59Z</time></trkpt><trkpt lat="37.501251220703125" lon="126.89325714111328"><ele>16.0</ele><time>2026-06-02T22:53:00Z</time></trkpt><trkpt lat="37.50126266479492" lon="126.89324951171875"><ele>16.0</ele><time>2026-06-02T22:53:01Z</time></trkpt><trkpt lat="37.501285552978516" lon="126.89324951171875"><ele>16.0</ele><time>2026-06-02T22:53:02Z</time></trkpt><trkpt lat="37.50129699707031" lon="126.89324188232422"><ele>16.0</ele><time>2026-06-02T22:53:03Z</time></trkpt><trkpt lat="37.501312255859375" lon="126.89323425292969"><ele>16.0</ele><time>2026-06-02T22:53:04Z</time></trkpt><trkpt lat="37.5013313293457" lon="126.89323425292969"><ele>16.0</ele><time>2026-06-02T22:53:05Z</time></trkpt><trkpt lat="37.501346588134766" lon="126.89323425292969"><ele>15.800000190734863</ele><time>2026-06-02T22:53:06Z</time></trkpt><trkpt lat="37.50136947631836" lon="126.89323425292969"><ele>15.800000190734863</ele><time>2026-06-02T22:53:07Z</time></trkpt><trkpt lat="37.50139236450195" lon="126.89324188232422"><ele>16.0</ele><time>2026-06-02T22:53:08Z</time></trkpt><trkpt lat="37.501407623291016" lon="126.89323425292969"><ele>16.0</ele><time>2026-06-02T22:53:09Z</time></trkpt><trkpt lat="37.50143051147461" lon="126.89323425292969"><ele>16.0</ele><time>2026-06-02T22:53:10Z</time></trkpt><trkpt lat="37.5014533996582" lon="126.89324188232422"><ele>16.0</ele><time>2026-06-02T22:53:11Z</time></trkpt><trkpt lat="37.50147247314453" lon="126.89323425292969"><ele>16.0</ele><time>2026-06-02T22:53:12Z</time></trkpt><trkpt lat="37.50149154663086" lon="126.89323425292969"><ele>16.0</ele><time>2026-06-02T22:53:13Z</time></trkpt><trkpt lat="37.50151062011719" lon="126.89323425292969"><ele>15.800000190734863</ele><time>2026-06-02T22:53:14Z</time></trkpt><trkpt lat="37.50152587890625" lon="126.89323425292969"><ele>15.800000190734863</ele><time>2026-06-02T22:53:15Z</time></trkpt><trkpt lat="37.501548767089844" lon="126.89323425292969"><ele>15.800000190734863</ele><time>2026-06-02T22:53:16Z</time></trkpt><trkpt lat="37.501564025878906" lon="126.89323425292969"><ele>15.800000190734863</ele><time>2026-06-02T22:53:17Z</time></trkpt><trkpt lat="37.50157928466797" lon="126.89323425292969"><ele>15.800000190734863</ele><time>2026-06-02T22:53:18Z</time></trkpt><trkpt lat="37.50160217285156" lon="126.89323425292969"><ele>15.800000190734863</ele><time>2026-06-02T22:53:19Z</time></trkpt><trkpt lat="37.501617431640625" lon="126.89323425292969"><ele>16.0</ele><time>2026-06-02T22:53:20Z</time></trkpt><trkpt lat="37.50163650512695" lon="126.89323425292969"><ele>16.0</ele><time>2026-06-02T22:53:21Z</time></trkpt><trkpt lat="37.501651763916016" lon="126.89323425292969"><ele>16.0</ele><time>2026-06-02T22:53:22Z</time></trkpt><trkpt lat="37.50166702270508" lon="126.89322662353516"><ele>16.0</ele><time>2026-06-02T22:53:23Z</time></trkpt><trkpt lat="37.50168991088867" lon="126.89322662353516"><ele>16.0</ele><time>2026-06-02T22:53:24Z</time></trkpt><trkpt lat="37.501705169677734" lon="126.89322662353516"><ele>15.800000190734863</ele><time>2026-06-02T22:53:25Z</time></trkpt><trkpt lat="37.50172424316406" lon="126.89322662353516"><ele>15.800000190734863</ele><time>2026-06-02T22:53:26Z</time></trkpt><trkpt lat="37.501747131347656" lon="126.89322662353516"><ele>15.800000190734863</ele><time>2026-06-02T22:53:27Z</time></trkpt><trkpt lat="37.50176239013672" lon="126.89322662353516"><ele>15.800000190734863</ele><time>2026-06-02T22:53:28Z</time></trkpt><trkpt lat="37.50178527832031" lon="126.89323425292969"><ele>15.800000190734863</ele><time>2026-06-02T22:53:29Z</time></trkpt><trkpt lat="37.50180435180664" lon="126.89323425292969"><ele>15.800000190734863</ele><time>2026-06-02T22:53:30Z</time></trkpt><trkpt lat="37.50182342529297" lon="126.89322662353516"><ele>15.800000190734863</ele><time>2026-06-02T22:53:31Z</time></trkpt><trkpt lat="37.5018424987793" lon="126.89322662353516"><ele>15.800000190734863</ele><time>2026-06-02T22:53:32Z</time></trkpt><trkpt lat="37.50185775756836" lon="126.89321899414062"><ele>15.800000190734863</ele><time>2026-06-02T22:53:33Z</time></trkpt><trkpt lat="37.50187683105469" lon="126.89321899414062"><ele>15.800000190734863</ele><time>2026-06-02T22:53:34Z</time></trkpt><trkpt lat="37.50189971923828" lon="126.89321899414062"><ele>15.800000190734863</ele><time>2026-06-02T22:53:35Z</time></trkpt><trkpt lat="37.501914978027344" lon="126.89321899414062"><ele>15.800000190734863</ele><time>2026-06-02T22:53:36Z</time></trkpt><trkpt lat="37.50193786621094" lon="126.89321899414062"><ele>15.800000190734863</ele><time>2026-06-02T22:53:37Z</time></trkpt><trkpt lat="37.50196075439453" lon="126.89322662353516"><ele>15.800000190734863</ele><time>2026-06-02T22:53:38Z</time></trkpt><trkpt lat="37.501976013183594" lon="126.89322662353516"><ele>15.800000190734863</ele><time>2026-06-02T22:53:39Z</time></trkpt><trkpt lat="37.50199890136719" lon="126.89323425292969"><ele>15.800000190734863</ele><time>2026-06-02T22:53:40Z</time></trkpt><trkpt lat="37.502017974853516" lon="126.89323425292969"><ele>15.800000190734863</ele><time>2026-06-02T22:53:41Z</time></trkpt><trkpt lat="37.50203323364258" lon="126.89323425292969"><ele>15.800000190734863</ele><time>2026-06-02T22:53:42Z</time></trkpt><trkpt lat="37.502052307128906" lon="126.89323425292969"><ele>15.800000190734863</ele><time>2026-06-02T22:53:43Z</time></trkpt><trkpt lat="37.502071380615234" lon="126.89323425292969"><ele>15.800000190734863</ele><time>2026-06-02T22:53:44Z</time></trkpt><trkpt lat="37.50208282470703" lon="126.89324188232422"><ele>15.800000190734863</ele><time>2026-06-02T22:53:45Z</time></trkpt><trkpt lat="37.502098083496094" lon="126.89324188232422"><ele>15.800000190734863</ele><time>2026-06-02T22:53:46Z</time></trkpt><trkpt lat="37.502113342285156" lon="126.89324188232422"><ele>16.0</ele><time>2026-06-02T22:53:47Z</time></trkpt><trkpt lat="37.50212860107422" lon="126.89324951171875"><ele>16.0</ele><time>2026-06-02T22:53:48Z</time></trkpt><trkpt lat="37.502140045166016" lon="126.89324951171875"><ele>16.0</ele><time>2026-06-02T22:53:49Z</time></trkpt><trkpt lat="37.50215148925781" lon="126.89324951171875"><ele>15.800000190734863</ele><time>2026-06-02T22:53:50Z</time></trkpt><trkpt lat="37.502159118652344" lon="126.89324951171875"><ele>15.800000190734863</ele><time>2026-06-02T22:53:51Z</time></trkpt><trkpt lat="37.502166748046875" lon="126.89324951171875"><ele>15.800000190734863</ele><time>2026-06-02T22:53:52Z</time></trkpt><trkpt lat="37.50217056274414" lon="126.89324951171875"><ele>15.600000381469727</ele><time>2026-06-02T22:53:53Z</time></trkpt><trkpt lat="37.502166748046875" lon="126.89324951171875"><ele>15.600000381469727</ele><time>2026-06-02T22:53:54Z</time></trkpt><trkpt lat="37.502174377441406" lon="126.89325714111328"><ele>15.600000381469727</ele><time>2026-06-02T22:53:55Z</time></trkpt><trkpt lat="37.50217819213867" lon="126.89325714111328"><ele>15.600000381469727</ele><time>2026-06-02T22:53:56Z</time></trkpt><trkpt lat="37.50223159790039" lon="126.89326477050781"><ele>15.600000381469727</ele><time>2026-06-02T22:53:57Z</time></trkpt><trkpt lat="37.50223922729492" lon="126.89327239990234"><ele>15.600000381469727</ele><time>2026-06-02T22:53:58Z</time></trkpt><trkpt lat="37.50224685668945" lon="126.89327239990234"><ele>15.600000381469727</ele><time>2026-06-02T22:53:59Z</time></trkpt><trkpt lat="37.50225830078125" lon="126.89328002929688"><ele>15.600000381469727</ele><time>2026-06-02T22:54:00Z</time></trkpt><trkpt lat="37.50227355957031" lon="126.89328002929688"><ele>15.600000381469727</ele><time>2026-06-02T22:54:01Z</time></trkpt><trkpt lat="37.50228500366211" lon="126.89328002929688"><ele>15.800000190734863</ele><time>2026-06-02T22:54:02Z</time></trkpt><trkpt lat="37.50229263305664" lon="126.8932876586914"><ele>15.800000190734863</ele><time>2026-06-02T22:54:03Z</time></trkpt><trkpt lat="37.50230407714844" lon="126.8932876586914"><ele>15.800000190734863</ele><time>2026-06-02T22:54:04Z</time></trkpt><trkpt lat="37.502315521240234" lon="126.8932876586914"><ele>15.800000190734863</ele><time>2026-06-02T22:54:05Z</time></trkpt><trkpt lat="37.50232696533203" lon="126.89329528808594"><ele>15.800000190734863</ele><time>2026-06-02T22:54:06Z</time></trkpt><trkpt lat="37.50233459472656" lon="126.89329528808594"><ele>15.800000190734863</ele><time>2026-06-02T22:54:07Z</time></trkpt><trkpt lat="37.502342224121094" lon="126.89329528808594"><ele>15.800000190734863</ele><time>2026-06-02T22:54:08Z</time></trkpt><trkpt lat="37.502342224121094" lon="126.89329528808594"><ele>15.800000190734863</ele><time>2026-06-02T22:54:09Z</time></trkpt><trkpt lat="37.504783630371094" lon="126.89363098144531"><ele>15.600000381469727</ele><time>2026-06-02T22:54:54Z</time></trkpt><trkpt lat="37.504600524902344" lon="126.89362335205078"><ele>15.600000381469727</ele><time>2026-06-02T22:54:55Z</time></trkpt><trkpt lat="37.504478454589844" lon="126.89361572265625"><ele>15.800000190734863</ele><time>2026-06-02T22:54:56Z</time></trkpt><trkpt lat="37.50439453125" lon="126.89362335205078"><ele>16.0</ele><time>2026-06-02T22:54:57Z</time></trkpt><trkpt lat="37.50434112548828" lon="126.89362335205078"><ele>16.200000762939453</ele><time>2026-06-02T22:54:58Z</time></trkpt><trkpt lat="37.50366973876953" lon="126.89356231689453"><ele>16.200000762939453</ele><time>2026-06-02T22:54:59Z</time></trkpt><trkpt lat="37.50358200073242" lon="126.89354705810547"><ele>16.399999618530273</ele><time>2026-06-02T22:55:00Z</time></trkpt><trkpt lat="37.5035400390625" lon="126.89353942871094"><ele>16.399999618530273</ele><time>2026-06-02T22:55:01Z</time></trkpt><trkpt lat="37.50353240966797" lon="126.89353942871094"><ele>16.399999618530273</ele><time>2026-06-02T22:55:02Z</time></trkpt><trkpt lat="37.5035400390625" lon="126.89353942871094"><ele>16.399999618530273</ele><time>2026-06-02T22:55:03Z</time></trkpt><trkpt lat="37.5035514831543" lon="126.89353942871094"><ele>16.600000381469727</ele><time>2026-06-02T22:55:04Z</time></trkpt><trkpt lat="37.503562927246094" lon="126.89354705810547"><ele>16.600000381469727</ele><time>2026-06-02T22:55:05Z</time></trkpt><trkpt lat="37.50358200073242" lon="126.89354705810547"><ele>16.799999237060547</ele><time>2026-06-02T22:55:06Z</time></trkpt><trkpt lat="37.50359344482422" lon="126.89354705810547"><ele>16.799999237060547</ele><time>2026-06-02T22:55:07Z</time></trkpt><trkpt lat="37.50361251831055" lon="126.8935546875"><ele>16.799999237060547</ele><time>2026-06-02T22:55:08Z</time></trkpt><trkpt lat="37.503631591796875" lon="126.89356231689453"><ele>16.799999237060547</ele><time>2026-06-02T22:55:09Z</time></trkpt><trkpt lat="37.50364685058594" lon="126.89356231689453"><ele>16.799999237060547</ele><time>2026-06-02T22:55:10Z</time></trkpt><trkpt lat="37.50366973876953" lon="126.89356994628906"><ele>16.799999237060547</ele><time>2026-06-02T22:55:11Z</time></trkpt><trkpt lat="37.503684997558594" lon="126.89356994628906"><ele>16.799999237060547</ele><time>2026-06-02T22:55:12Z</time></trkpt><trkpt lat="37.50370788574219" lon="126.89356994628906"><ele>16.799999237060547</ele><time>2026-06-02T22:55:13Z</time></trkpt><trkpt lat="37.503726959228516" lon="126.8935775756836"><ele>17.0</ele><time>2026-06-02T22:55:14Z</time></trkpt><trkpt lat="37.50373840332031" lon="126.8935775756836"><ele>17.0</ele><time>2026-06-02T22:55:15Z</time></trkpt><trkpt lat="37.50375747680664" lon="126.8935775756836"><ele>17.0</ele><time>2026-06-02T22:55:16Z</time></trkpt><trkpt lat="37.50377655029297" lon="126.89358520507812"><ele>17.0</ele><time>2026-06-02T22:55:17Z</time></trkpt><trkpt lat="37.5037956237793" lon="126.89358520507812"><ele>17.0</ele><time>2026-06-02T22:55:18Z</time></trkpt><trkpt lat="37.503822326660156" lon="126.89359283447266"><ele>17.0</ele><time>2026-06-02T22:55:19Z</time></trkpt><trkpt lat="37.50383758544922" lon="126.89359283447266"><ele>17.0</ele><time>2026-06-02T22:55:20Z</time></trkpt><trkpt lat="37.50385665893555" lon="126.89360046386719"><ele>17.0</ele><time>2026-06-02T22:55:21Z</time></trkpt><trkpt lat="37.50387954711914" lon="126.89360809326172"><ele>17.0</ele><time>2026-06-02T22:55:22Z</time></trkpt><trkpt lat="37.50389099121094" lon="126.89360809326172"><ele>16.799999237060547</ele><time>2026-06-02T22:55:23Z</time></trkpt><trkpt lat="37.50391387939453" lon="126.89360809326172"><ele>17.0</ele><time>2026-06-02T22:55:24Z</time></trkpt><trkpt lat="37.50393295288086" lon="126.89361572265625"><ele>17.0</ele><time>2026-06-02T22:55:25Z</time></trkpt><trkpt lat="37.50395202636719" lon="126.89361572265625"><ele>17.0</ele><time>2026-06-02T22:55:26Z</time></trkpt><trkpt lat="37.503971099853516" lon="126.89362335205078"><ele>17.0</ele><time>2026-06-02T22:55:27Z</time></trkpt><trkpt lat="37.503990173339844" lon="126.89363098144531"><ele>17.0</ele><time>2026-06-02T22:55:28Z</time></trkpt><trkpt lat="37.504005432128906" lon="126.89363098144531"><ele>17.0</ele><time>2026-06-02T22:55:29Z</time></trkpt><trkpt lat="37.504024505615234" lon="126.89363098144531"><ele>16.799999237060547</ele><time>2026-06-02T22:55:30Z</time></trkpt><trkpt lat="37.5040397644043" lon="126.89363861083984"><ele>16.799999237060547</ele><time>2026-06-02T22:55:31Z</time></trkpt><trkpt lat="37.50405502319336" lon="126.89363861083984"><ele>16.600000381469727</ele><time>2026-06-02T22:55:32Z</time></trkpt><trkpt lat="37.50407409667969" lon="126.89364624023438"><ele>16.600000381469727</ele><time>2026-06-02T22:55:33Z</time></trkpt><trkpt lat="37.50408935546875" lon="126.89364624023438"><ele>16.399999618530273</ele><time>2026-06-02T22:55:34Z</time></trkpt><trkpt lat="37.50410461425781" lon="126.89364624023438"><ele>16.399999618530273</ele><time>2026-06-02T22:55:35Z</time></trkpt><trkpt lat="37.504119873046875" lon="126.8936538696289"><ele>16.399999618530273</ele><time>2026-06-02T22:55:36Z</time></trkpt><trkpt lat="37.50413513183594" lon="126.8936538696289"><ele>16.200000762939453</ele><time>2026-06-02T22:55:37Z</time></trkpt><trkpt lat="37.50415802001953" lon="126.8936538696289"><ele>16.0</ele><time>2026-06-02T22:55:38Z</time></trkpt><trkpt lat="37.50417709350586" lon="126.8936538696289"><ele>16.0</ele><time>2026-06-02T22:55:39Z</time></trkpt><trkpt lat="37.50419616699219" lon="126.8936538696289"><ele>15.800000190734863</ele><time>2026-06-02T22:55:40Z</time></trkpt><trkpt lat="37.504215240478516" lon="126.8936538696289"><ele>15.800000190734863</ele><time>2026-06-02T22:55:41Z</time></trkpt><trkpt lat="37.50423049926758" lon="126.8936538696289"><ele>15.600000381469727</ele><time>2026-06-02T22:55:42Z</time></trkpt><trkpt lat="37.50424575805664" lon="126.89364624023438"><ele>15.600000381469727</ele><time>2026-06-02T22:55:43Z</time></trkpt><trkpt lat="37.504268646240234" lon="126.89364624023438"><ele>15.600000381469727</ele><time>2026-06-02T22:55:44Z</time></trkpt><trkpt lat="37.5042839050293" lon="126.89363861083984"><ele>15.600000381469727</ele><time>2026-06-02T22:55:45Z</time></trkpt><trkpt lat="37.50429916381836" lon="126.89363861083984"><ele>15.600000381469727</ele><time>2026-06-02T22:55:46Z</time></trkpt><trkpt lat="37.50431823730469" lon="126.89363861083984"><ele>15.399999618530273</ele><time>2026-06-02T22:55:47Z</time></trkpt><trkpt lat="37.504337310791016" lon="126.89364624023438"><ele>15.399999618530273</ele><time>2026-06-02T22:55:48Z</time></trkpt><trkpt lat="37.50435256958008" lon="126.89364624023438"><ele>15.399999618530273</ele><time>2026-06-02T22:55:49Z</time></trkpt><trkpt lat="37.504371643066406" lon="126.8936538696289"><ele>15.399999618530273</ele><time>2026-06-02T22:55:50Z</time></trkpt><trkpt lat="37.504390716552734" lon="126.89366149902344"><ele>15.399999618530273</ele><time>2026-06-02T22:55:51Z</time></trkpt><trkpt lat="37.50440979003906" lon="126.89366912841797"><ele>15.399999618530273</ele><time>2026-06-02T22:55:52Z</time></trkpt><trkpt lat="37.50442886352539" lon="126.8936767578125"><ele>15.399999618530273</ele><time>2026-06-02T22:55:53Z</time></trkpt><trkpt lat="37.50444412231445" lon="126.89368438720703"><ele>15.399999618530273</ele><time>2026-06-02T22:55:54Z</time></trkpt><trkpt lat="37.50446319580078" lon="126.89369201660156"><ele>15.399999618530273</ele><time>2026-06-02T22:55:55Z</time></trkpt><trkpt lat="37.50448226928711" lon="126.89369201660156"><ele>15.399999618530273</ele><time>2026-06-02T22:55:56Z</time></trkpt><trkpt lat="37.50449752807617" lon="126.8936996459961"><ele>15.399999618530273</ele><time>2026-06-02T22:55:57Z</time></trkpt><trkpt lat="37.5045166015625" lon="126.8936996459961"><ele>15.399999618530273</ele><time>2026-06-02T22:55:58Z</time></trkpt><trkpt lat="37.504539489746094" lon="126.89370727539062"><ele>15.399999618530273</ele><time>2026-06-02T22:55:59Z</time></trkpt><trkpt lat="37.504554748535156" lon="126.89371490478516"><ele>15.399999618530273</ele><time>2026-06-02T22:56:00Z</time></trkpt><trkpt lat="37.504573822021484" lon="126.89371490478516"><ele>15.399999618530273</ele><time>2026-06-02T22:56:01Z</time></trkpt><trkpt lat="37.50459671020508" lon="126.89372253417969"><ele>15.399999618530273</ele><time>2026-06-02T22:56:02Z</time></trkpt><trkpt lat="37.50461196899414" lon="126.89373016357422"><ele>15.399999618530273</ele><time>2026-06-02T22:56:03Z</time></trkpt><trkpt lat="37.50463104248047" lon="126.89373016357422"><ele>15.399999618530273</ele><time>2026-06-02T22:56:04Z</time></trkpt><trkpt lat="37.5046501159668" lon="126.89373779296875"><ele>15.399999618530273</ele><time>2026-06-02T22:56:05Z</time></trkpt><trkpt lat="37.50466537475586" lon="126.89373779296875"><ele>15.399999618530273</ele><time>2026-06-02T22:56:06Z</time></trkpt><trkpt lat="37.50468444824219" lon="126.89373779296875"><ele>15.399999618530273</ele><time>2026-06-02T22:56:07Z</time></trkpt><trkpt lat="37.50469970703125" lon="126.89373779296875"><ele>15.399999618530273</ele><time>2026-06-02T22:56:08Z</time></trkpt><trkpt lat="37.50471878051758" lon="126.89374542236328"><ele>15.399999618530273</ele><time>2026-06-02T22:56:09Z</time></trkpt><trkpt lat="37.504737854003906" lon="126.89374542236328"><ele>15.399999618530273</ele><time>2026-06-02T22:56:10Z</time></trkpt><trkpt lat="37.50475311279297" lon="126.89375305175781"><ele>15.600000381469727</ele><time>2026-06-02T22:56:11Z</time></trkpt><trkpt lat="37.5047721862793" lon="126.89375305175781"><ele>15.600000381469727</ele><time>2026-06-02T22:56:12Z</time></trkpt><trkpt lat="37.504791259765625" lon="126.89376068115234"><ele>15.600000381469727</ele><time>2026-06-02T22:56:13Z</time></trkpt><trkpt lat="37.50480651855469" lon="126.89376831054688"><ele>15.600000381469727</ele><time>2026-06-02T22:56:14Z</time></trkpt><trkpt lat="37.50482940673828" lon="126.89376831054688"><ele>15.399999618530273</ele><time>2026-06-02T22:56:15Z</time></trkpt><trkpt lat="37.504852294921875" lon="126.89376831054688"><ele>15.399999618530273</ele><time>2026-06-02T22:56:16Z</time></trkpt><trkpt lat="37.50486755371094" lon="126.8937759399414"><ele>15.399999618530273</ele><time>2026-06-02T22:56:17Z</time></trkpt><trkpt lat="37.50489044189453" lon="126.8937759399414"><ele>15.399999618530273</ele><time>2026-06-02T22:56:18Z</time></trkpt><trkpt lat="37.50490951538086" lon="126.8937759399414"><ele>15.399999618530273</ele><time>2026-06-02T22:56:19Z</time></trkpt><trkpt lat="37.50492858886719" lon="126.89378356933594"><ele>15.399999618530273</ele><time>2026-06-02T22:56:20Z</time></trkpt><trkpt lat="37.504947662353516" lon="126.89378356933594"><ele>15.399999618530273</ele><time>2026-06-02T22:56:21Z</time></trkpt><trkpt lat="37.504966735839844" lon="126.89379119873047"><ele>15.399999618530273</ele><time>2026-06-02T22:56:22Z</time></trkpt><trkpt lat="37.50498580932617" lon="126.89379119873047"><ele>15.399999618530273</ele><time>2026-06-02T22:56:23Z</time></trkpt><trkpt lat="37.505001068115234" lon="126.89379119873047"><ele>15.399999618530273</ele><time>2026-06-02T22:56:24Z</time></trkpt><trkpt lat="37.50502014160156" lon="126.893798828125"><ele>15.399999618530273</ele><time>2026-06-02T22:56:25Z</time></trkpt><trkpt lat="37.505035400390625" lon="126.893798828125"><ele>15.399999618530273</ele><time>2026-06-02T22:56:26Z</time></trkpt><trkpt lat="37.50505065917969" lon="126.89380645751953"><ele>15.600000381469727</ele><time>2026-06-02T22:56:27Z</time></trkpt><trkpt lat="37.505069732666016" lon="126.89381408691406"><ele>15.600000381469727</ele><time>2026-06-02T22:56:28Z</time></trkpt><trkpt lat="37.50508499145508" lon="126.89381408691406"><ele>15.600000381469727</ele><time>2026-06-02T22:56:29Z</time></trkpt><trkpt lat="37.505104064941406" lon="126.89381408691406"><ele>15.600000381469727</ele><time>2026-06-02T22:56:30Z</time></trkpt><trkpt lat="37.505123138427734" lon="126.89381408691406"><ele>15.600000381469727</ele><time>2026-06-02T22:56:31Z</time></trkpt><trkpt lat="37.50513458251953" lon="126.89381408691406"><ele>15.600000381469727</ele><time>2026-06-02T22:56:32Z</time></trkpt><trkpt lat="37.505149841308594" lon="126.8938217163086"><ele>15.600000381469727</ele><time>2026-06-02T22:56:33Z</time></trkpt><trkpt lat="37.50516891479492" lon="126.89382934570312"><ele>15.600000381469727</ele><time>2026-06-02T22:56:34Z</time></trkpt><trkpt lat="37.50518798828125" lon="126.8938217163086"><ele>15.600000381469727</ele><time>2026-06-02T22:56:35Z</time></trkpt><trkpt lat="37.50520706176758" lon="126.89382934570312"><ele>15.600000381469727</ele><time>2026-06-02T22:56:36Z</time></trkpt><trkpt lat="37.50522994995117" lon="126.89382934570312"><ele>15.600000381469727</ele><time>2026-06-02T22:56:37Z</time></trkpt><trkpt lat="37.505245208740234" lon="126.89382934570312"><ele>15.600000381469727</ele><time>2026-06-02T22:56:38Z</time></trkpt><trkpt lat="37.50526809692383" lon="126.89382934570312"><ele>15.600000381469727</ele><time>2026-06-02T22:56:39Z</time></trkpt><trkpt lat="37.50529098510742" lon="126.89382934570312"><ele>15.600000381469727</ele><time>2026-06-02T22:56:40Z</time></trkpt><trkpt lat="37.50531005859375" lon="126.89382934570312"><ele>15.600000381469727</ele><time>2026-06-02T22:56:41Z</time></trkpt><trkpt lat="37.50533676147461" lon="126.89383697509766"><ele>15.399999618530273</ele><time>2026-06-02T22:56:42Z</time></trkpt><trkpt lat="37.50535583496094" lon="126.89383697509766"><ele>15.399999618530273</ele><time>2026-06-02T22:56:43Z</time></trkpt><trkpt lat="37.505374908447266" lon="126.89384460449219"><ele>15.399999618530273</ele><time>2026-06-02T22:56:44Z</time></trkpt><trkpt lat="37.505393981933594" lon="126.89385223388672"><ele>15.600000381469727</ele><time>2026-06-02T22:56:45Z</time></trkpt><trkpt lat="37.50541305541992" lon="126.89385223388672"><ele>15.600000381469727</ele><time>2026-06-02T22:56:46Z</time></trkpt><trkpt lat="37.50543212890625" lon="126.89385986328125"><ele>15.600000381469727</ele><time>2026-06-02T22:56:47Z</time></trkpt><trkpt lat="37.50545120239258" lon="126.89386749267578"><ele>15.600000381469727</ele><time>2026-06-02T22:56:48Z</time></trkpt><trkpt lat="37.50547409057617" lon="126.89386749267578"><ele>15.600000381469727</ele><time>2026-06-02T22:56:49Z</time></trkpt><trkpt lat="37.5054931640625" lon="126.89386749267578"><ele>15.399999618530273</ele><time>2026-06-02T22:56:50Z</time></trkpt><trkpt lat="37.50551223754883" lon="126.89387512207031"><ele>15.399999618530273</ele><time>2026-06-02T22:56:51Z</time></trkpt><trkpt lat="37.50552749633789" lon="126.89387512207031"><ele>15.399999618530273</ele><time>2026-06-02T22:56:52Z</time></trkpt><trkpt lat="37.50554656982422" lon="126.89387512207031"><ele>15.399999618530273</ele><time>2026-06-02T22:56:53Z</time></trkpt><trkpt lat="37.50556182861328" lon="126.89388275146484"><ele>15.399999618530273</ele><time>2026-06-02T22:56:54Z</time></trkpt><trkpt lat="37.505577087402344" lon="126.89388275146484"><ele>15.399999618530273</ele><time>2026-06-02T22:56:55Z</time></trkpt><trkpt lat="37.50559616088867" lon="126.89389038085938"><ele>15.399999618530273</ele><time>2026-06-02T22:56:56Z</time></trkpt><trkpt lat="37.505615234375" lon="126.89389038085938"><ele>15.399999618530273</ele><time>2026-06-02T22:56:57Z</time></trkpt><trkpt lat="37.50563049316406" lon="126.89389038085938"><ele>15.399999618530273</ele><time>2026-06-02T22:56:58Z</time></trkpt><trkpt lat="37.505653381347656" lon="126.8938980102539"><ele>15.399999618530273</ele><time>2026-06-02T22:56:59Z</time></trkpt><trkpt lat="37.505672454833984" lon="126.8938980102539"><ele>15.399999618530273</ele><time>2026-06-02T22:57:00Z</time></trkpt><trkpt lat="37.50568771362305" lon="126.8938980102539"><ele>15.399999618530273</ele><time>2026-06-02T22:57:01Z</time></trkpt><trkpt lat="37.505706787109375" lon="126.89391326904297"><ele>15.399999618530273</ele><time>2026-06-02T22:57:02Z</time></trkpt><trkpt lat="37.50572204589844" lon="126.89391326904297"><ele>15.600000381469727</ele><time>2026-06-02T22:57:03Z</time></trkpt><trkpt lat="37.505741119384766" lon="126.89391326904297"><ele>15.600000381469727</ele><time>2026-06-02T22:57:04Z</time></trkpt><trkpt lat="37.50576400756836" lon="126.8939208984375"><ele>15.600000381469727</ele><time>2026-06-02T22:57:05Z</time></trkpt><trkpt lat="37.50578308105469" lon="126.8939208984375"><ele>15.600000381469727</ele><time>2026-06-02T22:57:06Z</time></trkpt><trkpt lat="37.50580596923828" lon="126.89392852783203"><ele>15.600000381469727</ele><time>2026-06-02T22:57:07Z</time></trkpt><trkpt lat="37.505821228027344" lon="126.89392852783203"><ele>15.600000381469727</ele><time>2026-06-02T22:57:08Z</time></trkpt><trkpt lat="37.50584030151367" lon="126.89392852783203"><ele>15.600000381469727</ele><time>2026-06-02T22:57:09Z</time></trkpt><trkpt lat="37.505863189697266" lon="126.89392852783203"><ele>15.399999618530273</ele><time>2026-06-02T22:57:10Z</time></trkpt><trkpt lat="37.505882263183594" lon="126.89393615722656"><ele>15.399999618530273</ele><time>2026-06-02T22:57:11Z</time></trkpt><trkpt lat="37.505897521972656" lon="126.89393615722656"><ele>15.399999618530273</ele><time>2026-06-02T22:57:12Z</time></trkpt><trkpt lat="37.50592041015625" lon="126.8939437866211"><ele>15.399999618530273</ele><time>2026-06-02T22:57:13Z</time></trkpt><trkpt lat="37.50593948364258" lon="126.89395141601562"><ele>15.399999618530273</ele><time>2026-06-02T22:57:14Z</time></trkpt><trkpt lat="37.505958557128906" lon="126.89395141601562"><ele>15.399999618530273</ele><time>2026-06-02T22:57:15Z</time></trkpt><trkpt lat="37.505977630615234" lon="126.89395904541016"><ele>15.399999618530273</ele><time>2026-06-02T22:57:16Z</time></trkpt><trkpt lat="37.50599670410156" lon="126.89395904541016"><ele>15.399999618530273</ele><time>2026-06-02T22:57:17Z</time></trkpt><trkpt lat="37.506011962890625" lon="126.89395904541016"><ele>15.399999618530273</ele><time>2026-06-02T22:57:18Z</time></trkpt><trkpt lat="37.50603103637695" lon="126.89396667480469"><ele>15.399999618530273</ele><time>2026-06-02T22:57:19Z</time></trkpt><trkpt lat="37.50605010986328" lon="126.89396667480469"><ele>15.399999618530273</ele><time>2026-06-02T22:57:20Z</time></trkpt><trkpt lat="37.50606918334961" lon="126.89396667480469"><ele>15.399999618530273</ele><time>2026-06-02T22:57:21Z</time></trkpt><trkpt lat="37.50608825683594" lon="126.89397430419922"><ele>15.399999618530273</ele><time>2026-06-02T22:57:22Z</time></trkpt><trkpt lat="37.506107330322266" lon="126.89397430419922"><ele>15.399999618530273</ele><time>2026-06-02T22:57:23Z</time></trkpt><trkpt lat="37.506126403808594" lon="126.89398193359375"><ele>15.399999618530273</ele><time>2026-06-02T22:57:24Z</time></trkpt><trkpt lat="37.50614547729492" lon="126.89398193359375"><ele>15.399999618530273</ele><time>2026-06-02T22:57:25Z</time></trkpt><trkpt lat="37.506160736083984" lon="126.89399719238281"><ele>15.399999618530273</ele><time>2026-06-02T22:57:26Z</time></trkpt><trkpt lat="37.50617599487305" lon="126.89399719238281"><ele>15.399999618530273</ele><time>2026-06-02T22:57:27Z</time></trkpt><trkpt lat="37.506195068359375" lon="126.89399719238281"><ele>15.399999618530273</ele><time>2026-06-02T22:57:28Z</time></trkpt><trkpt lat="37.50621032714844" lon="126.89400482177734"><ele>15.399999618530273</ele><time>2026-06-02T22:57:29Z</time></trkpt><trkpt lat="37.506221771240234" lon="126.89400482177734"><ele>15.399999618530273</ele><time>2026-06-02T22:57:30Z</time></trkpt><trkpt lat="37.5062370300293" lon="126.89401245117188"><ele>15.399999618530273</ele><time>2026-06-02T22:57:31Z</time></trkpt><trkpt lat="37.50625228881836" lon="126.89401245117188"><ele>15.600000381469727</ele><time>2026-06-02T22:57:32Z</time></trkpt><trkpt lat="37.50626754760742" lon="126.89401245117188"><ele>15.600000381469727</ele><time>2026-06-02T22:57:33Z</time></trkpt><trkpt lat="37.50628662109375" lon="126.8940200805664"><ele>15.399999618530273</ele><time>2026-06-02T22:57:34Z</time></trkpt><trkpt lat="37.50629425048828" lon="126.89403533935547"><ele>15.600000381469727</ele><time>2026-06-02T22:57:35Z</time></trkpt><trkpt lat="37.506290435791016" lon="126.89404296875"><ele>15.600000381469727</ele><time>2026-06-02T22:57:36Z</time></trkpt><trkpt lat="37.50627899169922" lon="126.89404296875"><ele>15.600000381469727</ele><time>2026-06-02T22:57:37Z</time></trkpt><trkpt lat="37.506282806396484" lon="126.89404296875"><ele>15.600000381469727</ele><time>2026-06-02T22:57:38Z</time></trkpt><trkpt lat="37.50630187988281" lon="126.89404296875"><ele>15.600000381469727</ele><time>2026-06-02T22:57:39Z</time></trkpt><trkpt lat="37.50631332397461" lon="126.89405059814453"><ele>15.600000381469727</ele><time>2026-06-02T22:57:40Z</time></trkpt><trkpt lat="37.50633239746094" lon="126.8940658569336"><ele>15.600000381469727</ele><time>2026-06-02T22:57:41Z</time></trkpt><trkpt lat="37.506351470947266" lon="126.8940658569336"><ele>15.600000381469727</ele><time>2026-06-02T22:57:42Z</time></trkpt><trkpt lat="37.506370544433594" lon="126.89407348632812"><ele>15.600000381469727</ele><time>2026-06-02T22:57:43Z</time></trkpt><trkpt lat="37.50639343261719" lon="126.89407348632812"><ele>15.600000381469727</ele><time>2026-06-02T22:57:44Z</time></trkpt><trkpt lat="37.506412506103516" lon="126.89408111572266"><ele>15.600000381469727</ele><time>2026-06-02T22:57:45Z</time></trkpt><trkpt lat="37.50642776489258" lon="126.89407348632812"><ele>15.600000381469727</ele><time>2026-06-02T22:57:46Z</time></trkpt><trkpt lat="37.50644302368164" lon="126.89408111572266"><ele>15.399999618530273</ele><time>2026-06-02T22:57:47Z</time></trkpt><trkpt lat="37.50646209716797" lon="126.89408111572266"><ele>15.399999618530273</ele><time>2026-06-02T22:57:48Z</time></trkpt><trkpt lat="37.50647735595703" lon="126.89408111572266"><ele>15.399999618530273</ele><time>2026-06-02T22:57:49Z</time></trkpt><trkpt lat="37.506492614746094" lon="126.89408874511719"><ele>15.399999618530273</ele><time>2026-06-02T22:57:50Z</time></trkpt><trkpt lat="37.50651168823242" lon="126.89408874511719"><ele>15.399999618530273</ele><time>2026-06-02T22:57:51Z</time></trkpt><trkpt lat="37.506526947021484" lon="126.89408874511719"><ele>15.399999618530273</ele><time>2026-06-02T22:57:52Z</time></trkpt><trkpt lat="37.50654220581055" lon="126.89408874511719"><ele>15.399999618530273</ele><time>2026-06-02T22:57:53Z</time></trkpt><trkpt lat="37.50655746459961" lon="126.89408111572266"><ele>15.399999618530273</ele><time>2026-06-02T22:57:54Z</time></trkpt><trkpt lat="37.50657653808594" lon="126.89408111572266"><ele>15.399999618530273</ele><time>2026-06-02T22:57:55Z</time></trkpt><trkpt lat="37.506591796875" lon="126.89407348632812"><ele>15.399999618530273</ele><time>2026-06-02T22:57:56Z</time></trkpt><trkpt lat="37.50661087036133" lon="126.89408111572266"><ele>15.399999618530273</ele><time>2026-06-02T22:57:57Z</time></trkpt><trkpt lat="37.506629943847656" lon="126.89407348632812"><ele>15.399999618530273</ele><time>2026-06-02T22:57:58Z</time></trkpt><trkpt lat="37.50664520263672" lon="126.89407348632812"><ele>15.399999618530273</ele><time>2026-06-02T22:57:59Z</time></trkpt><trkpt lat="37.50666046142578" lon="126.8940658569336"><ele>15.399999618530273</ele><time>2026-06-02T22:58:00Z</time></trkpt><trkpt lat="37.50667953491211" lon="126.89405822753906"><ele>15.399999618530273</ele><time>2026-06-02T22:58:01Z</time></trkpt><trkpt lat="37.50669860839844" lon="126.89404296875"><ele>15.399999618530273</ele><time>2026-06-02T22:58:02Z</time></trkpt><trkpt lat="37.506717681884766" lon="126.89402770996094"><ele>15.399999618530273</ele><time>2026-06-02T22:58:03Z</time></trkpt><trkpt lat="37.506744384765625" lon="126.8940200805664"><ele>15.399999618530273</ele><time>2026-06-02T22:58:04Z</time></trkpt><trkpt lat="37.50676345825195" lon="126.89399719238281"><ele>15.600000381469727</ele><time>2026-06-02T22:58:05Z</time></trkpt><trkpt lat="37.50678634643555" lon="126.89397430419922"><ele>15.399999618530273</ele><time>2026-06-02T22:58:06Z</time></trkpt><trkpt lat="37.50680923461914" lon="126.89395904541016"><ele>15.600000381469727</ele><time>2026-06-02T22:58:07Z</time></trkpt><trkpt lat="37.506832122802734" lon="126.8939437866211"><ele>15.600000381469727</ele><time>2026-06-02T22:58:08Z</time></trkpt><trkpt lat="37.50685501098633" lon="126.89393615722656"><ele>15.600000381469727</ele><time>2026-06-02T22:58:09Z</time></trkpt><trkpt lat="37.50687789916992" lon="126.8939208984375"><ele>15.600000381469727</ele><time>2026-06-02T22:58:10Z</time></trkpt><trkpt lat="37.50689697265625" lon="126.89390563964844"><ele>15.600000381469727</ele><time>2026-06-02T22:58:11Z</time></trkpt><trkpt lat="37.50691604614258" lon="126.8938980102539"><ele>15.600000381469727</ele><time>2026-06-02T22:58:12Z</time></trkpt><trkpt lat="37.50693893432617" lon="126.89388275146484"><ele>15.600000381469727</ele><time>2026-06-02T22:58:13Z</time></trkpt><trkpt lat="37.5069580078125" lon="126.89386749267578"><ele>15.600000381469727</ele><time>2026-06-02T22:58:14Z</time></trkpt><trkpt lat="37.50697326660156" lon="126.89385986328125"><ele>15.600000381469727</ele><time>2026-06-02T22:58:15Z</time></trkpt><trkpt lat="37.506996154785156" lon="126.89385986328125"><ele>15.600000381469727</ele><time>2026-06-02T22:58:16Z</time></trkpt><trkpt lat="37.50700759887695" lon="126.89384460449219"><ele>15.600000381469727</ele><time>2026-06-02T22:58:17Z</time></trkpt><trkpt lat="37.507022857666016" lon="126.89383697509766"><ele>15.600000381469727</ele><time>2026-06-02T22:58:18Z</time></trkpt><trkpt lat="37.507041931152344" lon="126.89382934570312"><ele>15.600000381469727</ele><time>2026-06-02T22:58:19Z</time></trkpt><trkpt lat="37.50705337524414" lon="126.8938217163086"><ele>15.600000381469727</ele><time>2026-06-02T22:58:20Z</time></trkpt><trkpt lat="37.5070686340332" lon="126.8938217163086"><ele>15.600000381469727</ele><time>2026-06-02T22:58:21Z</time></trkpt><trkpt lat="37.507083892822266" lon="126.8938217163086"><ele>15.600000381469727</ele><time>2026-06-02T22:58:22Z</time></trkpt><trkpt lat="37.50709915161133" lon="126.89381408691406"><ele>15.600000381469727</ele><time>2026-06-02T22:58:23Z</time></trkpt><trkpt lat="37.507110595703125" lon="126.89381408691406"><ele>15.600000381469727</ele><time>2026-06-02T22:58:24Z</time></trkpt><trkpt lat="37.50712966918945" lon="126.89380645751953"><ele>15.600000381469727</ele><time>2026-06-02T22:58:25Z</time></trkpt><trkpt lat="37.507137298583984" lon="126.89380645751953"><ele>15.600000381469727</ele><time>2026-06-02T22:58:26Z</time></trkpt><trkpt lat="37.50715255737305" lon="126.89380645751953"><ele>15.600000381469727</ele><time>2026-06-02T22:58:27Z</time></trkpt><trkpt lat="37.507171630859375" lon="126.893798828125"><ele>15.600000381469727</ele><time>2026-06-02T22:58:28Z</time></trkpt><trkpt lat="37.50718688964844" lon="126.89379119873047"><ele>15.600000381469727</ele><time>2026-06-02T22:58:29Z</time></trkpt><trkpt lat="37.5072021484375" lon="126.89379119873047"><ele>15.600000381469727</ele><time>2026-06-02T22:58:30Z</time></trkpt><trkpt lat="37.50722885131836" lon="126.893798828125"><ele>15.600000381469727</ele><time>2026-06-02T22:58:31Z</time></trkpt><trkpt lat="37.50724792480469" lon="126.89380645751953"><ele>15.800000190734863</ele><time>2026-06-02T22:58:32Z</time></trkpt><trkpt lat="37.50727462768555" lon="126.893798828125"><ele>15.800000190734863</ele><time>2026-06-02T22:58:33Z</time></trkpt><trkpt lat="37.50728988647461" lon="126.893798828125"><ele>15.800000190734863</ele><time>2026-06-02T22:58:34Z</time></trkpt><trkpt lat="37.50730514526367" lon="126.893798828125"><ele>15.800000190734863</ele><time>2026-06-02T22:58:35Z</time></trkpt><trkpt lat="37.507320404052734" lon="126.89378356933594"><ele>15.800000190734863</ele><time>2026-06-02T22:58:36Z</time></trkpt><trkpt lat="37.5073356628418" lon="126.8937759399414"><ele>15.800000190734863</ele><time>2026-06-02T22:58:37Z</time></trkpt><trkpt lat="37.50735092163086" lon="126.89376831054688"><ele>15.800000190734863</ele><time>2026-06-02T22:58:38Z</time></trkpt><trkpt lat="37.50736618041992" lon="126.89376068115234"><ele>15.800000190734863</ele><time>2026-06-02T22:58:39Z</time></trkpt><trkpt lat="37.507381439208984" lon="126.89375305175781"><ele>15.800000190734863</ele><time>2026-06-02T22:58:40Z</time></trkpt><trkpt lat="37.50739288330078" lon="126.89374542236328"><ele>15.600000381469727</ele><time>2026-06-02T22:58:41Z</time></trkpt><trkpt lat="37.50740432739258" lon="126.89373779296875"><ele>15.600000381469727</ele><time>2026-06-02T22:58:42Z</time></trkpt><trkpt lat="37.50742721557617" lon="126.89372253417969"><ele>15.800000190734863</ele><time>2026-06-02T22:58:43Z</time></trkpt><trkpt lat="37.507450103759766" lon="126.89370727539062"><ele>15.600000381469727</ele><time>2026-06-02T22:58:44Z</time></trkpt><trkpt lat="37.507469177246094" lon="126.8936996459961"><ele>15.600000381469727</ele><time>2026-06-02T22:58:45Z</time></trkpt><trkpt lat="37.50748825073242" lon="126.89368438720703"><ele>15.600000381469727</ele><time>2026-06-02T22:58:46Z</time></trkpt><trkpt lat="37.507511138916016" lon="126.89368438720703"><ele>15.600000381469727</ele><time>2026-06-02T22:58:47Z</time></trkpt><trkpt lat="37.50752639770508" lon="126.8936767578125"><ele>15.600000381469727</ele><time>2026-06-02T22:58:48Z</time></trkpt><trkpt lat="37.50754165649414" lon="126.89366912841797"><ele>15.600000381469727</ele><time>2026-06-02T22:58:49Z</time></trkpt><trkpt lat="37.5075569152832" lon="126.89364624023438"><ele>15.600000381469727</ele><time>2026-06-02T22:58:50Z</time></trkpt><trkpt lat="37.507568359375" lon="126.89363861083984"><ele>15.600000381469727</ele><time>2026-06-02T22:58:51Z</time></trkpt><trkpt lat="37.50758361816406" lon="126.89363098144531"><ele>15.800000190734863</ele><time>2026-06-02T22:58:52Z</time></trkpt><trkpt lat="37.507606506347656" lon="126.89362335205078"><ele>15.800000190734863</ele><time>2026-06-02T22:58:53Z</time></trkpt><trkpt lat="37.50762176513672" lon="126.89361572265625"><ele>15.800000190734863</ele><time>2026-06-02T22:58:54Z</time></trkpt><trkpt lat="37.50764083862305" lon="126.89360046386719"><ele>15.800000190734863</ele><time>2026-06-02T22:58:55Z</time></trkpt><trkpt lat="37.507667541503906" lon="126.89359283447266"><ele>15.800000190734863</ele><time>2026-06-02T22:58:56Z</time></trkpt><trkpt lat="37.5076789855957" lon="126.8935775756836"><ele>15.800000190734863</ele><time>2026-06-02T22:58:57Z</time></trkpt><trkpt lat="37.50769805908203" lon="126.89356994628906"><ele>15.800000190734863</ele><time>2026-06-02T22:58:58Z</time></trkpt><trkpt lat="37.507713317871094" lon="126.8935546875"><ele>15.800000190734863</ele><time>2026-06-02T22:58:59Z</time></trkpt><trkpt lat="37.50772476196289" lon="126.89354705810547"><ele>15.800000190734863</ele><time>2026-06-02T22:59:00Z</time></trkpt><trkpt lat="37.50774383544922" lon="126.8935317993164"><ele>15.800000190734863</ele><time>2026-06-02T22:59:01Z</time></trkpt><trkpt lat="37.50775909423828" lon="126.8935317993164"><ele>15.800000190734863</ele><time>2026-06-02T22:59:02Z</time></trkpt><trkpt lat="37.507774353027344" lon="126.89351654052734"><ele>15.800000190734863</ele><time>2026-06-02T22:59:03Z</time></trkpt><trkpt lat="37.50779724121094" lon="126.89351654052734"><ele>15.600000381469727</ele><time>2026-06-02T22:59:04Z</time></trkpt><trkpt lat="37.5078125" lon="126.89350891113281"><ele>15.600000381469727</ele><time>2026-06-02T22:59:05Z</time></trkpt><trkpt lat="37.50783157348633" lon="126.89350128173828"><ele>15.600000381469727</ele><time>2026-06-02T22:59:06Z</time></trkpt><trkpt lat="37.50785446166992" lon="126.89350128173828"><ele>15.600000381469727</ele><time>2026-06-02T22:59:07Z</time></trkpt><trkpt lat="37.50786590576172" lon="126.89349365234375"><ele>15.600000381469727</ele><time>2026-06-02T22:59:08Z</time></trkpt><trkpt lat="37.50788497924805" lon="126.89348602294922"><ele>15.600000381469727</ele><time>2026-06-02T22:59:09Z</time></trkpt><trkpt lat="37.50790786743164" lon="126.89348602294922"><ele>15.600000381469727</ele><time>2026-06-02T22:59:10Z</time></trkpt><trkpt lat="37.50791931152344" lon="126.89347076416016"><ele>15.600000381469727</ele><time>2026-06-02T22:59:11Z</time></trkpt><trkpt lat="37.5079345703125" lon="126.89346313476562"><ele>15.600000381469727</ele><time>2026-06-02T22:59:12Z</time></trkpt><trkpt lat="37.50795364379883" lon="126.89346313476562"><ele>15.600000381469727</ele><time>2026-06-02T22:59:13Z</time></trkpt><trkpt lat="37.50796890258789" lon="126.8934555053711"><ele>15.600000381469727</ele><time>2026-06-02T22:59:14Z</time></trkpt><trkpt lat="37.50798416137695" lon="126.89344024658203"><ele>15.600000381469727</ele><time>2026-06-02T22:59:15Z</time></trkpt><trkpt lat="37.50800323486328" lon="126.8934326171875"><ele>15.600000381469727</ele><time>2026-06-02T22:59:16Z</time></trkpt><trkpt lat="37.50801467895508" lon="126.89342498779297"><ele>15.399999618530273</ele><time>2026-06-02T22:59:17Z</time></trkpt><trkpt lat="37.50803756713867" lon="126.89341735839844"><ele>15.399999618530273</ele><time>2026-06-02T22:59:18Z</time></trkpt><trkpt lat="37.50804901123047" lon="126.8934097290039"><ele>15.399999618530273</ele><time>2026-06-02T22:59:19Z</time></trkpt><trkpt lat="37.5080680847168" lon="126.89340209960938"><ele>15.399999618530273</ele><time>2026-06-02T22:59:20Z</time></trkpt><trkpt lat="37.50808334350586" lon="126.89339447021484"><ele>15.399999618530273</ele><time>2026-06-02T22:59:21Z</time></trkpt><trkpt lat="37.50810241699219" lon="126.89338684082031"><ele>15.399999618530273</ele><time>2026-06-02T22:59:22Z</time></trkpt><trkpt lat="37.508121490478516" lon="126.89337921142578"><ele>15.399999618530273</ele><time>2026-06-02T22:59:23Z</time></trkpt><trkpt lat="37.50813674926758" lon="126.89337158203125"><ele>15.600000381469727</ele><time>2026-06-02T22:59:24Z</time></trkpt><trkpt lat="37.50815963745117" lon="126.89337158203125"><ele>15.600000381469727</ele><time>2026-06-02T22:59:25Z</time></trkpt><trkpt lat="37.5081672668457" lon="126.89336395263672"><ele>15.800000190734863</ele><time>2026-06-02T22:59:26Z</time></trkpt><trkpt lat="37.50818634033203" lon="126.89335632324219"><ele>15.800000190734863</ele><time>2026-06-02T22:59:27Z</time></trkpt><trkpt lat="37.508201599121094" lon="126.89334106445312"><ele>15.800000190734863</ele><time>2026-06-02T22:59:28Z</time></trkpt><trkpt lat="37.50821304321289" lon="126.8933334350586"><ele>16.0</ele><time>2026-06-02T22:59:29Z</time></trkpt><trkpt lat="37.50823211669922" lon="126.89331817626953"><ele>16.0</ele><time>2026-06-02T22:59:30Z</time></trkpt><trkpt lat="37.50824737548828" lon="126.893310546875"><ele>16.0</ele><time>2026-06-02T22:59:31Z</time></trkpt><trkpt lat="37.50825881958008" lon="126.89330291748047"><ele>15.800000190734863</ele><time>2026-06-02T22:59:32Z</time></trkpt><trkpt lat="37.50827407836914" lon="126.8932876586914"><ele>15.800000190734863</ele><time>2026-06-02T22:59:33Z</time></trkpt><trkpt lat="37.50828552246094" lon="126.89328002929688"><ele>15.800000190734863</ele><time>2026-06-02T22:59:34Z</time></trkpt><trkpt lat="37.50830078125" lon="126.89325714111328"><ele>15.800000190734863</ele><time>2026-06-02T22:59:35Z</time></trkpt><trkpt lat="37.5083122253418" lon="126.89324951171875"><ele>15.800000190734863</ele><time>2026-06-02T22:59:36Z</time></trkpt><trkpt lat="37.50832748413086" lon="126.89323425292969"><ele>15.800000190734863</ele><time>2026-06-02T22:59:37Z</time></trkpt><trkpt lat="37.50835037231445" lon="126.89322662353516"><ele>15.800000190734863</ele><time>2026-06-02T22:59:38Z</time></trkpt><trkpt lat="37.508365631103516" lon="126.89321899414062"><ele>15.800000190734863</ele><time>2026-06-02T22:59:39Z</time></trkpt><trkpt lat="37.508392333984375" lon="126.8932113647461"><ele>15.800000190734863</ele><time>2026-06-02T22:59:40Z</time></trkpt><trkpt lat="37.5084114074707" lon="126.89319610595703"><ele>15.800000190734863</ele><time>2026-06-02T22:59:41Z</time></trkpt><trkpt lat="37.5084342956543" lon="126.89318084716797"><ele>15.800000190734863</ele><time>2026-06-02T22:59:42Z</time></trkpt><trkpt lat="37.50845718383789" lon="126.89317321777344"><ele>15.800000190734863</ele><time>2026-06-02T22:59:43Z</time></trkpt><trkpt lat="37.50847244262695" lon="126.89315795898438"><ele>15.800000190734863</ele><time>2026-06-02T22:59:44Z</time></trkpt><trkpt lat="37.508487701416016" lon="126.89315032958984"><ele>15.800000190734863</ele><time>2026-06-02T22:59:45Z</time></trkpt><trkpt lat="37.508506774902344" lon="126.89313507080078"><ele>15.800000190734863</ele><time>2026-06-02T22:59:46Z</time></trkpt><trkpt lat="37.508522033691406" lon="126.89312744140625"><ele>15.800000190734863</ele><time>2026-06-02T22:59:47Z</time></trkpt><trkpt lat="37.508544921875" lon="126.89311981201172"><ele>15.800000190734863</ele><time>2026-06-02T22:59:48Z</time></trkpt><trkpt lat="37.50856018066406" lon="126.89311218261719"><ele>15.800000190734863</ele><time>2026-06-02T22:59:49Z</time></trkpt><trkpt lat="37.508575439453125" lon="126.8930892944336"><ele>15.800000190734863</ele><time>2026-06-02T22:59:50Z</time></trkpt><trkpt lat="37.50859832763672" lon="126.89307403564453"><ele>15.600000381469727</ele><time>2026-06-02T22:59:51Z</time></trkpt><trkpt lat="37.50861358642578" lon="126.89306640625"><ele>15.600000381469727</ele><time>2026-06-02T22:59:52Z</time></trkpt><trkpt lat="37.50863265991211" lon="126.89305114746094"><ele>15.600000381469727</ele><time>2026-06-02T22:59:53Z</time></trkpt><trkpt lat="37.50865173339844" lon="126.8930435180664"><ele>15.600000381469727</ele><time>2026-06-02T22:59:54Z</time></trkpt><trkpt lat="37.5086669921875" lon="126.89303588867188"><ele>15.600000381469727</ele><time>2026-06-02T22:59:55Z</time></trkpt><trkpt lat="37.508689880371094" lon="126.89302062988281"><ele>15.600000381469727</ele><time>2026-06-02T22:59:56Z</time></trkpt><trkpt lat="37.50870132446289" lon="126.89301300048828"><ele>15.600000381469727</ele><time>2026-06-02T22:59:57Z</time></trkpt><trkpt lat="37.50871658325195" lon="126.89300537109375"><ele>15.600000381469727</ele><time>2026-06-02T22:59:58Z</time></trkpt><trkpt lat="37.50873565673828" lon="126.89299774169922"><ele>15.600000381469727</ele><time>2026-06-02T22:59:59Z</time></trkpt><trkpt lat="37.50874710083008" lon="126.89298248291016"><ele>15.600000381469727</ele><time>2026-06-02T23:00:00Z</time></trkpt><trkpt lat="37.508766174316406" lon="126.89295959472656"><ele>15.600000381469727</ele><time>2026-06-02T23:00:01Z</time></trkpt><trkpt lat="37.5087776184082" lon="126.89295196533203"><ele>15.600000381469727</ele><time>2026-06-02T23:00:02Z</time></trkpt><trkpt lat="37.508792877197266" lon="126.89293670654297"><ele>15.399999618530273</ele><time>2026-06-02T23:00:03Z</time></trkpt><trkpt lat="37.50881576538086" lon="126.89292907714844"><ele>15.399999618530273</ele><time>2026-06-02T23:00:04Z</time></trkpt><trkpt lat="37.508827209472656" lon="126.8929214477539"><ele>15.399999618530273</ele><time>2026-06-02T23:00:05Z</time></trkpt><trkpt lat="37.508846282958984" lon="126.89290618896484"><ele>15.399999618530273</ele><time>2026-06-02T23:00:06Z</time></trkpt><trkpt lat="37.50886535644531" lon="126.89289093017578"><ele>15.399999618530273</ele><time>2026-06-02T23:00:07Z</time></trkpt><trkpt lat="37.508872985839844" lon="126.89287567138672"><ele>15.399999618530273</ele><time>2026-06-02T23:00:08Z</time></trkpt><trkpt lat="37.5088996887207" lon="126.89286041259766"><ele>15.399999618530273</ele><time>2026-06-02T23:00:09Z</time></trkpt><trkpt lat="37.5089111328125" lon="126.89285278320312"><ele>15.399999618530273</ele><time>2026-06-02T23:00:10Z</time></trkpt><trkpt lat="37.50892639160156" lon="126.89283752441406"><ele>15.399999618530273</ele><time>2026-06-02T23:00:11Z</time></trkpt><trkpt lat="37.508949279785156" lon="126.892822265625"><ele>15.399999618530273</ele><time>2026-06-02T23:00:12Z</time></trkpt><trkpt lat="37.50895690917969" lon="126.89281463623047"><ele>15.399999618530273</ele><time>2026-06-02T23:00:13Z</time></trkpt><trkpt lat="37.50897216796875" lon="126.8927993774414"><ele>15.399999618530273</ele><time>2026-06-02T23:00:14Z</time></trkpt><trkpt lat="37.50899124145508" lon="126.89278411865234"><ele>15.399999618530273</ele><time>2026-06-02T23:00:15Z</time></trkpt><trkpt lat="37.509002685546875" lon="126.89276885986328"><ele>15.399999618530273</ele><time>2026-06-02T23:00:16Z</time></trkpt><trkpt lat="37.50901794433594" lon="126.89275360107422"><ele>15.399999618530273</ele><time>2026-06-02T23:00:17Z</time></trkpt><trkpt lat="37.509037017822266" lon="126.89274597167969"><ele>15.399999618530273</ele><time>2026-06-02T23:00:18Z</time></trkpt><trkpt lat="37.50905227661133" lon="126.89273071289062"><ele>15.399999618530273</ele><time>2026-06-02T23:00:19Z</time></trkpt><trkpt lat="37.509071350097656" lon="126.89271545410156"><ele>15.199999809265137</ele><time>2026-06-02T23:00:20Z</time></trkpt><trkpt lat="37.509090423583984" lon="126.89270782470703"><ele>15.199999809265137</ele><time>2026-06-02T23:00:21Z</time></trkpt><trkpt lat="37.50910186767578" lon="126.89269256591797"><ele>15.199999809265137</ele><time>2026-06-02T23:00:22Z</time></trkpt><trkpt lat="37.509117126464844" lon="126.8926773071289"><ele>15.199999809265137</ele><time>2026-06-02T23:00:23Z</time></trkpt><trkpt lat="37.509132385253906" lon="126.89266967773438"><ele>15.199999809265137</ele><time>2026-06-02T23:00:24Z</time></trkpt><trkpt lat="37.50914764404297" lon="126.89265441894531"><ele>15.199999809265137</ele><time>2026-06-02T23:00:25Z</time></trkpt><trkpt lat="37.5091667175293" lon="126.89264678955078"><ele>15.199999809265137</ele><time>2026-06-02T23:00:26Z</time></trkpt><trkpt lat="37.50918197631836" lon="126.89263916015625"><ele>15.199999809265137</ele><time>2026-06-02T23:00:27Z</time></trkpt><trkpt lat="37.50919723510742" lon="126.89262390136719"><ele>15.199999809265137</ele><time>2026-06-02T23:00:28Z</time></trkpt><trkpt lat="37.50920867919922" lon="126.89261627197266"><ele>15.199999809265137</ele><time>2026-06-02T23:00:29Z</time></trkpt><trkpt lat="37.50922393798828" lon="126.8926010131836"><ele>15.199999809265137</ele><time>2026-06-02T23:00:30Z</time></trkpt><trkpt lat="37.50923538208008" lon="126.89259338378906"><ele>15.199999809265137</ele><time>2026-06-02T23:00:31Z</time></trkpt><trkpt lat="37.50925064086914" lon="126.89258575439453"><ele>15.399999618530273</ele><time>2026-06-02T23:00:32Z</time></trkpt><trkpt lat="37.50926208496094" lon="126.892578125"><ele>15.399999618530273</ele><time>2026-06-02T23:00:33Z</time></trkpt><trkpt lat="37.50927734375" lon="126.89257049560547"><ele>15.399999618530273</ele><time>2026-06-02T23:00:34Z</time></trkpt><trkpt lat="37.50929260253906" lon="126.8925552368164"><ele>15.399999618530273</ele><time>2026-06-02T23:00:35Z</time></trkpt><trkpt lat="37.509307861328125" lon="126.89254760742188"><ele>15.399999618530273</ele><time>2026-06-02T23:00:36Z</time></trkpt><trkpt lat="37.50931930541992" lon="126.89253997802734"><ele>15.399999618530273</ele><time>2026-06-02T23:00:37Z</time></trkpt><trkpt lat="37.50933074951172" lon="126.89253234863281"><ele>15.399999618530273</ele><time>2026-06-02T23:00:38Z</time></trkpt><trkpt lat="37.50933837890625" lon="126.89252471923828"><ele>15.399999618530273</ele><time>2026-06-02T23:00:39Z</time></trkpt><trkpt lat="37.50934982299805" lon="126.89252471923828"><ele>15.399999618530273</ele><time>2026-06-02T23:00:40Z</time></trkpt><trkpt lat="37.50935745239258" lon="126.89251708984375"><ele>15.399999618530273</ele><time>2026-06-02T23:00:41Z</time></trkpt><trkpt lat="37.50935745239258" lon="126.89251708984375"><ele>15.600000381469727</ele><time>2026-06-02T23:00:42Z</time></trkpt><trkpt lat="37.50961685180664" lon="126.89236450195312"><ele>15.600000381469727</ele><time>2026-06-02T23:00:54Z</time></trkpt><trkpt lat="37.50960922241211" lon="126.8923568725586"><ele>15.399999618530273</ele><time>2026-06-02T23:00:55Z</time></trkpt><trkpt lat="37.50962448120117" lon="126.89234924316406"><ele>15.399999618530273</ele><time>2026-06-02T23:00:56Z</time></trkpt><trkpt lat="37.5096435546875" lon="126.89232635498047"><ele>15.399999618530273</ele><time>2026-06-02T23:00:57Z</time></trkpt><trkpt lat="37.509647369384766" lon="126.89231872558594"><ele>15.399999618530273</ele><time>2026-06-02T23:00:58Z</time></trkpt><trkpt lat="37.50965118408203" lon="126.8923110961914"><ele>15.199999809265137</ele><time>2026-06-02T23:00:59Z</time></trkpt><trkpt lat="37.50966262817383" lon="126.89229583740234"><ele>15.199999809265137</ele><time>2026-06-02T23:01:00Z</time></trkpt><trkpt lat="37.509666442871094" lon="126.89228820800781"><ele>15.199999809265137</ele><time>2026-06-02T23:01:01Z</time></trkpt><trkpt lat="37.509674072265625" lon="126.89226531982422"><ele>15.0</ele><time>2026-06-02T23:01:02Z</time></trkpt><trkpt lat="37.50968933105469" lon="126.8922348022461"><ele>15.0</ele><time>2026-06-02T23:01:03Z</time></trkpt><trkpt lat="37.50970458984375" lon="126.89219665527344"><ele>15.0</ele><time>2026-06-02T23:01:04Z</time></trkpt><trkpt lat="37.50971984863281" lon="126.89216613769531"><ele>15.0</ele><time>2026-06-02T23:01:05Z</time></trkpt><trkpt lat="37.509742736816406" lon="126.89212799072266"><ele>15.0</ele><time>2026-06-02T23:01:06Z</time></trkpt><trkpt lat="37.509761810302734" lon="126.89210510253906"><ele>15.0</ele><time>2026-06-02T23:01:07Z</time></trkpt><trkpt lat="37.50978469848633" lon="126.89207458496094"><ele>14.800000190734863</ele><time>2026-06-02T23:01:08Z</time></trkpt><trkpt lat="37.50980758666992" lon="126.89205932617188"><ele>14.800000190734863</ele><time>2026-06-02T23:01:09Z</time></trkpt><trkpt lat="37.509830474853516" lon="126.89202880859375"><ele>14.800000190734863</ele><time>2026-06-02T23:01:10Z</time></trkpt><trkpt lat="37.509849548339844" lon="126.89202117919922"><ele>14.800000190734863</ele><time>2026-06-02T23:01:11Z</time></trkpt><trkpt lat="37.50987243652344" lon="126.89200592041016"><ele>14.800000190734863</ele><time>2026-06-02T23:01:12Z</time></trkpt><trkpt lat="37.509891510009766" lon="126.89198303222656"><ele>14.800000190734863</ele><time>2026-06-02T23:01:13Z</time></trkpt><trkpt lat="37.50990295410156" lon="126.89195251464844"><ele>14.800000190734863</ele><time>2026-06-02T23:01:14Z</time></trkpt><trkpt lat="37.509910583496094" lon="126.8919448852539"><ele>14.800000190734863</ele><time>2026-06-02T23:01:15Z</time></trkpt><trkpt lat="37.509910583496094" lon="126.89192962646484"><ele>14.800000190734863</ele><time>2026-06-02T23:01:16Z</time></trkpt><trkpt lat="37.50991439819336" lon="126.89191436767578"><ele>14.800000190734863</ele><time>2026-06-02T23:01:17Z</time></trkpt><trkpt lat="37.509925842285156" lon="126.89189910888672"><ele>14.800000190734863</ele><time>2026-06-02T23:01:18Z</time></trkpt><trkpt lat="37.50993347167969" lon="126.89188385009766"><ele>14.600000381469727</ele><time>2026-06-02T23:01:19Z</time></trkpt><trkpt lat="37.509944915771484" lon="126.8918685913086"><ele>14.600000381469727</ele><time>2026-06-02T23:01:20Z</time></trkpt><trkpt lat="37.50995635986328" lon="126.89185333251953"><ele>14.600000381469727</ele><time>2026-06-02T23:01:21Z</time></trkpt><trkpt lat="37.50996780395508" lon="126.89183807373047"><ele>14.600000381469727</ele><time>2026-06-02T23:01:22Z</time></trkpt><trkpt lat="37.509986877441406" lon="126.8918228149414"><ele>14.600000381469727</ele><time>2026-06-02T23:01:23Z</time></trkpt><trkpt lat="37.510005950927734" lon="126.89181518554688"><ele>14.600000381469727</ele><time>2026-06-02T23:01:24Z</time></trkpt><trkpt lat="37.5100212097168" lon="126.89180755615234"><ele>14.600000381469727</ele><time>2026-06-02T23:01:25Z</time></trkpt><trkpt lat="37.510040283203125" lon="126.89179229736328"><ele>14.600000381469727</ele><time>2026-06-02T23:01:26Z</time></trkpt><trkpt lat="37.51006317138672" lon="126.89179229736328"><ele>14.600000381469727</ele><time>2026-06-02T23:01:27Z</time></trkpt><trkpt lat="37.510074615478516" lon="126.89177703857422"><ele>14.600000381469727</ele><time>2026-06-02T23:01:28Z</time></trkpt><trkpt lat="37.510093688964844" lon="126.89176177978516"><ele>14.600000381469727</ele><time>2026-06-02T23:01:29Z</time></trkpt><trkpt lat="37.51011276245117" lon="126.89175415039062"><ele>14.399999618530273</ele><time>2026-06-02T23:01:30Z</time></trkpt><trkpt lat="37.51012420654297" lon="126.89173889160156"><ele>14.399999618530273</ele><time>2026-06-02T23:01:31Z</time></trkpt><trkpt lat="37.51013946533203" lon="126.8917236328125"><ele>14.399999618530273</ele><time>2026-06-02T23:01:32Z</time></trkpt><trkpt lat="37.51015853881836" lon="126.89171600341797"><ele>14.399999618530273</ele><time>2026-06-02T23:01:33Z</time></trkpt><trkpt lat="37.51016616821289" lon="126.8917007446289"><ele>14.399999618530273</ele><time>2026-06-02T23:01:34Z</time></trkpt><trkpt lat="37.51018142700195" lon="126.89168548583984"><ele>14.399999618530273</ele><time>2026-06-02T23:01:35Z</time></trkpt><trkpt lat="37.510196685791016" lon="126.89167022705078"><ele>14.199999809265137</ele><time>2026-06-02T23:01:36Z</time></trkpt><trkpt lat="37.51021194458008" lon="126.89165496826172"><ele>14.199999809265137</ele><time>2026-06-02T23:01:37Z</time></trkpt><trkpt lat="37.510231018066406" lon="126.89163970947266"><ele>14.199999809265137</ele><time>2026-06-02T23:01:38Z</time></trkpt><trkpt lat="37.51024627685547" lon="126.89163208007812"><ele>14.199999809265137</ele><time>2026-06-02T23:01:39Z</time></trkpt><trkpt lat="37.5102653503418" lon="126.8916244506836"><ele>14.199999809265137</ele><time>2026-06-02T23:01:40Z</time></trkpt><trkpt lat="37.51028823852539" lon="126.89161682128906"><ele>14.199999809265137</ele><time>2026-06-02T23:01:41Z</time></trkpt><trkpt lat="37.51030349731445" lon="126.89161682128906"><ele>14.199999809265137</ele><time>2026-06-02T23:01:42Z</time></trkpt><trkpt lat="37.51032638549805" lon="126.89160919189453"><ele>14.199999809265137</ele><time>2026-06-02T23:01:43Z</time></trkpt><trkpt lat="37.510345458984375" lon="126.89160919189453"><ele>14.199999809265137</ele><time>2026-06-02T23:01:44Z</time></trkpt><trkpt lat="37.51036071777344" lon="126.8916015625"><ele>14.199999809265137</ele><time>2026-06-02T23:01:45Z</time></trkpt><trkpt lat="37.51038360595703" lon="126.89159393310547"><ele>14.199999809265137</ele><time>2026-06-02T23:01:46Z</time></trkpt><trkpt lat="37.510398864746094" lon="126.89158630371094"><ele>14.199999809265137</ele><time>2026-06-02T23:01:47Z</time></trkpt><trkpt lat="37.51041030883789" lon="126.89157104492188"><ele>14.199999809265137</ele><time>2026-06-02T23:01:48Z</time></trkpt><trkpt lat="37.51042938232422" lon="126.89155578613281"><ele>14.199999809265137</ele><time>2026-06-02T23:01:49Z</time></trkpt><trkpt lat="37.51044845581055" lon="126.89154052734375"><ele>14.199999809265137</ele><time>2026-06-02T23:01:50Z</time></trkpt><trkpt lat="37.510467529296875" lon="126.89152526855469"><ele>14.199999809265137</ele><time>2026-06-02T23:01:51Z</time></trkpt><trkpt lat="37.5104866027832" lon="126.89152526855469"><ele>14.199999809265137</ele><time>2026-06-02T23:01:52Z</time></trkpt><trkpt lat="37.51050567626953" lon="126.89151763916016"><ele>14.199999809265137</ele><time>2026-06-02T23:01:53Z</time></trkpt><trkpt lat="37.510520935058594" lon="126.89151000976562"><ele>14.199999809265137</ele><time>2026-06-02T23:01:54Z</time></trkpt><trkpt lat="37.51054382324219" lon="126.8915023803711"><ele>14.0</ele><time>2026-06-02T23:01:55Z</time></trkpt><trkpt lat="37.510562896728516" lon="126.89149475097656"><ele>14.199999809265137</ele><time>2026-06-02T23:01:56Z</time></trkpt><trkpt lat="37.51057815551758" lon="126.89148712158203"><ele>14.199999809265137</ele><time>2026-06-02T23:01:57Z</time></trkpt><trkpt lat="37.510597229003906" lon="126.89147186279297"><ele>14.199999809265137</ele><time>2026-06-02T23:01:58Z</time></trkpt><trkpt lat="37.5106086730957" lon="126.8914566040039"><ele>14.199999809265137</ele><time>2026-06-02T23:01:59Z</time></trkpt><trkpt lat="37.510623931884766" lon="126.89144134521484"><ele>14.199999809265137</ele><time>2026-06-02T23:02:00Z</time></trkpt><trkpt lat="37.51063537597656" lon="126.89142608642578"><ele>14.199999809265137</ele><time>2026-06-02T23:02:01Z</time></trkpt><trkpt lat="37.51062774658203" lon="126.891357421875"><ele>14.199999809265137</ele><time>2026-06-02T23:02:02Z</time></trkpt><trkpt lat="37.51063537597656" lon="126.891357421875"><ele>14.199999809265137</ele><time>2026-06-02T23:02:03Z</time></trkpt><trkpt lat="37.51064682006836" lon="126.89134979248047"><ele>14.199999809265137</ele><time>2026-06-02T23:02:04Z</time></trkpt><trkpt lat="37.51066589355469" lon="126.89134216308594"><ele>14.199999809265137</ele><time>2026-06-02T23:02:05Z</time></trkpt><trkpt lat="37.510677337646484" lon="126.8913345336914"><ele>14.199999809265137</ele><time>2026-06-02T23:02:06Z</time></trkpt><trkpt lat="37.51068878173828" lon="126.8913345336914"><ele>14.199999809265137</ele><time>2026-06-02T23:02:07Z</time></trkpt><trkpt lat="37.51070785522461" lon="126.89132690429688"><ele>14.199999809265137</ele><time>2026-06-02T23:02:08Z</time></trkpt><trkpt lat="37.51072692871094" lon="126.89132690429688"><ele>14.199999809265137</ele><time>2026-06-02T23:02:09Z</time></trkpt><trkpt lat="37.51074981689453" lon="126.89131927490234"><ele>14.199999809265137</ele><time>2026-06-02T23:02:10Z</time></trkpt><trkpt lat="37.510780334472656" lon="126.89131927490234"><ele>14.199999809265137</ele><time>2026-06-02T23:02:11Z</time></trkpt><trkpt lat="37.510799407958984" lon="126.89131164550781"><ele>14.199999809265137</ele><time>2026-06-02T23:02:12Z</time></trkpt><trkpt lat="37.510826110839844" lon="126.89131164550781"><ele>14.399999618530273</ele><time>2026-06-02T23:02:13Z</time></trkpt><trkpt lat="37.51083755493164" lon="126.89129638671875"><ele>14.399999618530273</ele><time>2026-06-02T23:02:14Z</time></trkpt><trkpt lat="37.5108528137207" lon="126.89127349853516"><ele>14.399999618530273</ele><time>2026-06-02T23:02:15Z</time></trkpt><trkpt lat="37.510868072509766" lon="126.89124298095703"><ele>14.399999618530273</ele><time>2026-06-02T23:02:16Z</time></trkpt><trkpt lat="37.51088333129883" lon="126.8912353515625"><ele>14.399999618530273</ele><time>2026-06-02T23:02:17Z</time></trkpt><trkpt lat="37.51089859008789" lon="126.8912353515625"><ele>14.399999618530273</ele><time>2026-06-02T23:02:18Z</time></trkpt><trkpt lat="37.51091003417969" lon="126.8912353515625"><ele>14.399999618530273</ele><time>2026-06-02T23:02:19Z</time></trkpt><trkpt lat="37.51092529296875" lon="126.89122772216797"><ele>14.399999618530273</ele><time>2026-06-02T23:02:20Z</time></trkpt><trkpt lat="37.51093292236328" lon="126.8912124633789"><ele>14.399999618530273</ele><time>2026-06-02T23:02:21Z</time></trkpt><trkpt lat="37.51095199584961" lon="126.89120483398438"><ele>14.399999618530273</ele><time>2026-06-02T23:02:22Z</time></trkpt><trkpt lat="37.51096725463867" lon="126.89118957519531"><ele>14.399999618530273</ele><time>2026-06-02T23:02:23Z</time></trkpt><trkpt lat="37.51097869873047" lon="126.89118194580078"><ele>14.399999618530273</ele><time>2026-06-02T23:02:24Z</time></trkpt><trkpt lat="37.510990142822266" lon="126.89117431640625"><ele>14.600000381469727</ele><time>2026-06-02T23:02:25Z</time></trkpt><trkpt lat="37.51100158691406" lon="126.89115905761719"><ele>14.600000381469727</ele><time>2026-06-02T23:02:26Z</time></trkpt><trkpt lat="37.511009216308594" lon="126.89115142822266"><ele>14.600000381469727</ele><time>2026-06-02T23:02:27Z</time></trkpt><trkpt lat="37.51102066040039" lon="126.8911361694336"><ele>14.600000381469727</ele><time>2026-06-02T23:02:28Z</time></trkpt><trkpt lat="37.51103591918945" lon="126.89111328125"><ele>14.600000381469727</ele><time>2026-06-02T23:02:29Z</time></trkpt><trkpt lat="37.511043548583984" lon="126.89109802246094"><ele>14.600000381469727</ele><time>2026-06-02T23:02:30Z</time></trkpt><trkpt lat="37.51105880737305" lon="126.89108276367188"><ele>14.600000381469727</ele><time>2026-06-02T23:02:31Z</time></trkpt><trkpt lat="37.51107406616211" lon="126.89105987548828"><ele>14.600000381469727</ele><time>2026-06-02T23:02:32Z</time></trkpt><trkpt lat="37.511077880859375" lon="126.89104461669922"><ele>14.600000381469727</ele><time>2026-06-02T23:02:33Z</time></trkpt><trkpt lat="37.51109313964844" lon="126.89102935791016"><ele>14.600000381469727</ele><time>2026-06-02T23:02:34Z</time></trkpt><trkpt lat="37.5111083984375" lon="126.8910140991211"><ele>14.600000381469727</ele><time>2026-06-02T23:02:35Z</time></trkpt><trkpt lat="37.5111198425293" lon="126.89099884033203"><ele>14.600000381469727</ele><time>2026-06-02T23:02:36Z</time></trkpt><trkpt lat="37.51113510131836" lon="126.89098358154297"><ele>14.399999618530273</ele><time>2026-06-02T23:02:37Z</time></trkpt><trkpt lat="37.511146545410156" lon="126.8909683227539"><ele>14.399999618530273</ele><time>2026-06-02T23:02:38Z</time></trkpt><trkpt lat="37.51115798950195" lon="126.89095306396484"><ele>14.399999618530273</ele><time>2026-06-02T23:02:39Z</time></trkpt><trkpt lat="37.51117706298828" lon="126.89093780517578"><ele>14.199999809265137</ele><time>2026-06-02T23:02:40Z</time></trkpt><trkpt lat="37.51118469238281" lon="126.89092254638672"><ele>14.199999809265137</ele><time>2026-06-02T23:02:41Z</time></trkpt><trkpt lat="37.511192321777344" lon="126.89090728759766"><ele>14.199999809265137</ele><time>2026-06-02T23:02:42Z</time></trkpt><trkpt lat="37.51121520996094" lon="126.89088439941406"><ele>14.199999809265137</ele><time>2026-06-02T23:02:43Z</time></trkpt><trkpt lat="37.511226654052734" lon="126.890869140625"><ele>14.199999809265137</ele><time>2026-06-02T23:02:44Z</time></trkpt><trkpt lat="37.5112419128418" lon="126.89086151123047"><ele>14.0</ele><time>2026-06-02T23:02:45Z</time></trkpt><trkpt lat="37.511260986328125" lon="126.8908462524414"><ele>14.199999809265137</ele><time>2026-06-02T23:02:46Z</time></trkpt><trkpt lat="37.51127243041992" lon="126.89083862304688"><ele>14.0</ele><time>2026-06-02T23:02:47Z</time></trkpt><trkpt lat="37.511287689208984" lon="126.89082336425781"><ele>14.0</ele><time>2026-06-02T23:02:48Z</time></trkpt><trkpt lat="37.51130294799805" lon="126.89080810546875"><ele>14.0</ele><time>2026-06-02T23:02:49Z</time></trkpt><trkpt lat="37.51131057739258" lon="126.89078521728516"><ele>14.0</ele><time>2026-06-02T23:02:50Z</time></trkpt><trkpt lat="37.511322021484375" lon="126.8907699584961"><ele>14.0</ele><time>2026-06-02T23:02:51Z</time></trkpt><trkpt lat="37.51133346557617" lon="126.89075469970703"><ele>14.0</ele><time>2026-06-02T23:02:52Z</time></trkpt><trkpt lat="37.51134490966797" lon="126.89073944091797"><ele>14.0</ele><time>2026-06-02T23:02:53Z</time></trkpt><trkpt lat="37.51136016845703" lon="126.8907241821289"><ele>14.0</ele><time>2026-06-02T23:02:54Z</time></trkpt><trkpt lat="37.51137924194336" lon="126.89071655273438"><ele>14.0</ele><time>2026-06-02T23:02:55Z</time></trkpt><trkpt lat="37.51138687133789" lon="126.89069366455078"><ele>14.0</ele><time>2026-06-02T23:02:56Z</time></trkpt><trkpt lat="37.51140213012695" lon="126.89068603515625"><ele>13.800000190734863</ele><time>2026-06-02T23:02:57Z</time></trkpt><trkpt lat="37.51142120361328" lon="126.89067077636719"><ele>13.800000190734863</ele><time>2026-06-02T23:02:58Z</time></trkpt><trkpt lat="37.51143264770508" lon="126.89065551757812"><ele>13.800000190734863</ele><time>2026-06-02T23:02:59Z</time></trkpt><trkpt lat="37.51144790649414" lon="126.8906478881836"><ele>13.600000381469727</ele><time>2026-06-02T23:03:00Z</time></trkpt><trkpt lat="37.51146697998047" lon="126.89063262939453"><ele>13.600000381469727</ele><time>2026-06-02T23:03:01Z</time></trkpt><trkpt lat="37.511478424072266" lon="126.89061737060547"><ele>13.600000381469727</ele><time>2026-06-02T23:03:02Z</time></trkpt><trkpt lat="37.51148986816406" lon="126.89060974121094"><ele>13.600000381469727</ele><time>2026-06-02T23:03:03Z</time></trkpt><trkpt lat="37.51150894165039" lon="126.8906021118164"><ele>13.600000381469727</ele><time>2026-06-02T23:03:04Z</time></trkpt><trkpt lat="37.51152038574219" lon="126.89058685302734"><ele>13.600000381469727</ele><time>2026-06-02T23:03:05Z</time></trkpt><trkpt lat="37.51153564453125" lon="126.89057922363281"><ele>13.600000381469727</ele><time>2026-06-02T23:03:06Z</time></trkpt><trkpt lat="37.511558532714844" lon="126.89056396484375"><ele>13.600000381469727</ele><time>2026-06-02T23:03:07Z</time></trkpt><trkpt lat="37.51156997680664" lon="126.89055633544922"><ele>13.600000381469727</ele><time>2026-06-02T23:03:08Z</time></trkpt><trkpt lat="37.5115852355957" lon="126.89054870605469"><ele>13.800000190734863</ele><time>2026-06-02T23:03:09Z</time></trkpt><trkpt lat="37.51160430908203" lon="126.89054107666016"><ele>13.800000190734863</ele><time>2026-06-02T23:03:10Z</time></trkpt><trkpt lat="37.51161575317383" lon="126.89053344726562"><ele>13.800000190734863</ele><time>2026-06-02T23:03:11Z</time></trkpt><trkpt lat="37.51163101196289" lon="126.89051818847656"><ele>13.800000190734863</ele><time>2026-06-02T23:03:12Z</time></trkpt><trkpt lat="37.51165008544922" lon="126.89051055908203"><ele>13.800000190734863</ele><time>2026-06-02T23:03:13Z</time></trkpt><trkpt lat="37.511661529541016" lon="126.89049530029297"><ele>14.0</ele><time>2026-06-02T23:03:14Z</time></trkpt><trkpt lat="37.51167297363281" lon="126.8904800415039"><ele>14.0</ele><time>2026-06-02T23:03:15Z</time></trkpt><trkpt lat="37.51169204711914" lon="126.89047241210938"><ele>14.0</ele><time>2026-06-02T23:03:16Z</time></trkpt><trkpt lat="37.5117073059082" lon="126.89046478271484"><ele>14.0</ele><time>2026-06-02T23:03:17Z</time></trkpt><trkpt lat="37.51171875" lon="126.89045715332031"><ele>14.199999809265137</ele><time>2026-06-02T23:03:18Z</time></trkpt><trkpt lat="37.51173782348633" lon="126.89044189453125"><ele>14.399999618530273</ele><time>2026-06-02T23:03:19Z</time></trkpt><trkpt lat="37.511749267578125" lon="126.89043426513672"><ele>14.600000381469727</ele><time>2026-06-02T23:03:20Z</time></trkpt><trkpt lat="37.51176071166992" lon="126.89041900634766"><ele>14.600000381469727</ele><time>2026-06-02T23:03:21Z</time></trkpt><trkpt lat="37.51177215576172" lon="126.89041137695312"><ele>14.800000190734863</ele><time>2026-06-02T23:03:22Z</time></trkpt><trkpt lat="37.51178741455078" lon="126.89039611816406"><ele>14.600000381469727</ele><time>2026-06-02T23:03:23Z</time></trkpt><trkpt lat="37.51179885864258" lon="126.890380859375"><ele>14.600000381469727</ele><time>2026-06-02T23:03:24Z</time></trkpt><trkpt lat="37.511817932128906" lon="126.89036560058594"><ele>14.399999618530273</ele><time>2026-06-02T23:03:25Z</time></trkpt><trkpt lat="37.5118293762207" lon="126.89035034179688"><ele>14.399999618530273</ele><time>2026-06-02T23:03:26Z</time></trkpt><trkpt lat="37.5118408203125" lon="126.89033508300781"><ele>14.199999809265137</ele><time>2026-06-02T23:03:27Z</time></trkpt><trkpt lat="37.511863708496094" lon="126.89031219482422"><ele>14.0</ele><time>2026-06-02T23:03:28Z</time></trkpt><trkpt lat="37.51187515258789" lon="126.89030456542969"><ele>14.0</ele><time>2026-06-02T23:03:29Z</time></trkpt><trkpt lat="37.51188659667969" lon="126.89028930664062"><ele>14.0</ele><time>2026-06-02T23:03:30Z</time></trkpt><trkpt lat="37.511905670166016" lon="126.89027404785156"><ele>14.0</ele><time>2026-06-02T23:03:31Z</time></trkpt><trkpt lat="37.51192092895508" lon="126.8902587890625"><ele>14.0</ele><time>2026-06-02T23:03:32Z</time></trkpt><trkpt lat="37.51193618774414" lon="126.89024353027344"><ele>14.0</ele><time>2026-06-02T23:03:33Z</time></trkpt><trkpt lat="37.51195526123047" lon="126.8902359008789"><ele>14.0</ele><time>2026-06-02T23:03:34Z</time></trkpt><trkpt lat="37.51197052001953" lon="126.89022064208984"><ele>14.0</ele><time>2026-06-02T23:03:35Z</time></trkpt><trkpt lat="37.511985778808594" lon="126.89020538330078"><ele>14.199999809265137</ele><time>2026-06-02T23:03:36Z</time></trkpt><trkpt lat="37.512001037597656" lon="126.89019012451172"><ele>14.199999809265137</ele><time>2026-06-02T23:03:37Z</time></trkpt><trkpt lat="37.51201248168945" lon="126.89017486572266"><ele>14.199999809265137</ele><time>2026-06-02T23:03:38Z</time></trkpt><trkpt lat="37.51202392578125" lon="126.89016723632812"><ele>14.199999809265137</ele><time>2026-06-02T23:03:39Z</time></trkpt><trkpt lat="37.51203918457031" lon="126.89014434814453"><ele>14.199999809265137</ele><time>2026-06-02T23:03:40Z</time></trkpt><trkpt lat="37.51205062866211" lon="126.89012908935547"><ele>14.199999809265137</ele><time>2026-06-02T23:03:41Z</time></trkpt><trkpt lat="37.512062072753906" lon="126.8901138305664"><ele>14.199999809265137</ele><time>2026-06-02T23:03:42Z</time></trkpt><trkpt lat="37.51207733154297" lon="126.89009094238281"><ele>14.199999809265137</ele><time>2026-06-02T23:03:43Z</time></trkpt><trkpt lat="37.51209259033203" lon="126.89007568359375"><ele>14.199999809265137</ele><time>2026-06-02T23:03:44Z</time></trkpt><trkpt lat="37.51210403442383" lon="126.89006042480469"><ele>14.399999618530273</ele><time>2026-06-02T23:03:45Z</time></trkpt><trkpt lat="37.512115478515625" lon="126.89004516601562"><ele>14.399999618530273</ele><time>2026-06-02T23:03:46Z</time></trkpt><trkpt lat="37.51212692260742" lon="126.89002227783203"><ele>14.399999618530273</ele><time>2026-06-02T23:03:47Z</time></trkpt><trkpt lat="37.51213836669922" lon="126.89000701904297"><ele>14.399999618530273</ele><time>2026-06-02T23:03:48Z</time></trkpt><trkpt lat="37.51215362548828" lon="126.8899917602539"><ele>14.399999618530273</ele><time>2026-06-02T23:03:49Z</time></trkpt><trkpt lat="37.51216506958008" lon="126.88997650146484"><ele>14.399999618530273</ele><time>2026-06-02T23:03:50Z</time></trkpt><trkpt lat="37.51217269897461" lon="126.88996887207031"><ele>14.399999618530273</ele><time>2026-06-02T23:03:51Z</time></trkpt><trkpt lat="37.51218032836914" lon="126.88995361328125"><ele>14.399999618530273</ele><time>2026-06-02T23:03:52Z</time></trkpt><trkpt lat="37.5121955871582" lon="126.88993835449219"><ele>14.399999618530273</ele><time>2026-06-02T23:03:53Z</time></trkpt><trkpt lat="37.51219940185547" lon="126.88993072509766"><ele>14.399999618530273</ele><time>2026-06-02T23:03:54Z</time></trkpt><trkpt lat="37.512203216552734" lon="126.88993072509766"><ele>14.399999618530273</ele><time>2026-06-02T23:03:55Z</time></trkpt><trkpt lat="37.512210845947266" lon="126.88992309570312"><ele>14.399999618530273</ele><time>2026-06-02T23:03:56Z</time></trkpt><trkpt lat="37.512210845947266" lon="126.88990783691406"><ele>14.399999618530273</ele><time>2026-06-02T23:03:57Z</time></trkpt><trkpt lat="37.5122184753418" lon="126.88990020751953"><ele>14.399999618530273</ele><time>2026-06-02T23:03:58Z</time></trkpt><trkpt lat="37.51223373413086" lon="126.88988494873047"><ele>14.399999618530273</ele><time>2026-06-02T23:03:59Z</time></trkpt><trkpt lat="37.51224136352539" lon="126.88987731933594"><ele>14.399999618530273</ele><time>2026-06-02T23:04:00Z</time></trkpt><trkpt lat="37.51225280761719" lon="126.88986206054688"><ele>14.399999618530273</ele><time>2026-06-02T23:04:01Z</time></trkpt><trkpt lat="37.512264251708984" lon="126.88983917236328"><ele>14.399999618530273</ele><time>2026-06-02T23:04:02Z</time></trkpt><trkpt lat="37.51227569580078" lon="126.88982391357422"><ele>14.399999618530273</ele><time>2026-06-02T23:04:03Z</time></trkpt><trkpt lat="37.51228713989258" lon="126.88980865478516"><ele>14.399999618530273</ele><time>2026-06-02T23:04:04Z</time></trkpt><trkpt lat="37.512298583984375" lon="126.8897933959961"><ele>14.399999618530273</ele><time>2026-06-02T23:04:05Z</time></trkpt><trkpt lat="37.51231002807617" lon="126.88977813720703"><ele>14.399999618530273</ele><time>2026-06-02T23:04:06Z</time></trkpt><trkpt lat="37.51232147216797" lon="126.88976287841797"><ele>14.399999618530273</ele><time>2026-06-02T23:04:07Z</time></trkpt><trkpt lat="37.512332916259766" lon="126.8897476196289"><ele>14.399999618530273</ele><time>2026-06-02T23:04:08Z</time></trkpt><trkpt lat="37.51234436035156" lon="126.88972473144531"><ele>14.399999618530273</ele><time>2026-06-02T23:04:09Z</time></trkpt><trkpt lat="37.512351989746094" lon="126.88970947265625"><ele>14.600000381469727</ele><time>2026-06-02T23:04:10Z</time></trkpt><trkpt lat="37.51237106323242" lon="126.88969421386719"><ele>14.600000381469727</ele><time>2026-06-02T23:04:11Z</time></trkpt><trkpt lat="37.51238250732422" lon="126.88967895507812"><ele>14.600000381469727</ele><time>2026-06-02T23:04:12Z</time></trkpt><trkpt lat="37.512393951416016" lon="126.8896713256836"><ele>14.600000381469727</ele><time>2026-06-02T23:04:13Z</time></trkpt><trkpt lat="37.51240539550781" lon="126.8896484375"><ele>14.600000381469727</ele><time>2026-06-02T23:04:14Z</time></trkpt><trkpt lat="37.51241683959961" lon="126.88963317871094"><ele>14.600000381469727</ele><time>2026-06-02T23:04:15Z</time></trkpt><trkpt lat="37.51242446899414" lon="126.88961791992188"><ele>14.600000381469727</ele><time>2026-06-02T23:04:16Z</time></trkpt><trkpt lat="37.51243591308594" lon="126.88960266113281"><ele>14.800000190734863</ele><time>2026-06-02T23:04:17Z</time></trkpt><trkpt lat="37.512447357177734" lon="126.88958740234375"><ele>14.800000190734863</ele><time>2026-06-02T23:04:18Z</time></trkpt><trkpt lat="37.512451171875" lon="126.88956451416016"><ele>14.800000190734863</ele><time>2026-06-02T23:04:19Z</time></trkpt><trkpt lat="37.5124626159668" lon="126.8895492553711"><ele>14.800000190734863</ele><time>2026-06-02T23:04:20Z</time></trkpt><trkpt lat="37.51247787475586" lon="126.8895263671875"><ele>14.800000190734863</ele><time>2026-06-02T23:04:21Z</time></trkpt><trkpt lat="37.51248550415039" lon="126.88951110839844"><ele>14.600000381469727</ele><time>2026-06-02T23:04:22Z</time></trkpt><trkpt lat="37.51249313354492" lon="126.88949584960938"><ele>14.600000381469727</ele><time>2026-06-02T23:04:23Z</time></trkpt><trkpt lat="37.51250457763672" lon="126.88947296142578"><ele>14.800000190734863</ele><time>2026-06-02T23:04:24Z</time></trkpt><trkpt lat="37.51251220703125" lon="126.88945770263672"><ele>14.800000190734863</ele><time>2026-06-02T23:04:25Z</time></trkpt><trkpt lat="37.51251983642578" lon="126.88944244384766"><ele>14.800000190734863</ele><time>2026-06-02T23:04:26Z</time></trkpt><trkpt lat="37.51253128051758" lon="126.88941192626953"><ele>14.800000190734863</ele><time>2026-06-02T23:04:27Z</time></trkpt><trkpt lat="37.51253890991211" lon="126.889404296875"><ele>14.800000190734863</ele><time>2026-06-02T23:04:28Z</time></trkpt><trkpt lat="37.51254653930664" lon="126.8893814086914"><ele>14.800000190734863</ele><time>2026-06-02T23:04:29Z</time></trkpt><trkpt lat="37.5125617980957" lon="126.88935852050781"><ele>14.600000381469727</ele><time>2026-06-02T23:04:30Z</time></trkpt><trkpt lat="37.512569427490234" lon="126.88935089111328"><ele>14.600000381469727</ele><time>2026-06-02T23:04:31Z</time></trkpt><trkpt lat="37.51258087158203" lon="126.88932800292969"><ele>14.600000381469727</ele><time>2026-06-02T23:04:32Z</time></trkpt><trkpt lat="37.51259231567383" lon="126.88931274414062"><ele>14.600000381469727</ele><time>2026-06-02T23:04:33Z</time></trkpt><trkpt lat="37.512603759765625" lon="126.88929748535156"><ele>14.600000381469727</ele><time>2026-06-02T23:04:34Z</time></trkpt><trkpt lat="37.51260757446289" lon="126.8892822265625"><ele>14.600000381469727</ele><time>2026-06-02T23:04:35Z</time></trkpt><trkpt lat="37.51261901855469" lon="126.88926696777344"><ele>14.600000381469727</ele><time>2026-06-02T23:04:36Z</time></trkpt><trkpt lat="37.51262664794922" lon="126.88923645019531"><ele>14.600000381469727</ele><time>2026-06-02T23:04:37Z</time></trkpt><trkpt lat="37.51263427734375" lon="126.88921356201172"><ele>14.600000381469727</ele><time>2026-06-02T23:04:38Z</time></trkpt><trkpt lat="37.51264572143555" lon="126.88919067382812"><ele>14.600000381469727</ele><time>2026-06-02T23:04:39Z</time></trkpt><trkpt lat="37.51265335083008" lon="126.88917541503906"><ele>14.600000381469727</ele><time>2026-06-02T23:04:40Z</time></trkpt><trkpt lat="37.512657165527344" lon="126.88916015625"><ele>14.600000381469727</ele><time>2026-06-02T23:04:41Z</time></trkpt><trkpt lat="37.51266860961914" lon="126.8891372680664"><ele>14.600000381469727</ele><time>2026-06-02T23:04:42Z</time></trkpt><trkpt lat="37.51267623901367" lon="126.88912200927734"><ele>14.600000381469727</ele><time>2026-06-02T23:04:43Z</time></trkpt><trkpt lat="37.51268005371094" lon="126.88909912109375"><ele>14.600000381469727</ele><time>2026-06-02T23:04:44Z</time></trkpt><trkpt lat="37.512691497802734" lon="126.88907623291016"><ele>14.600000381469727</ele><time>2026-06-02T23:04:45Z</time></trkpt><trkpt lat="37.512699127197266" lon="126.8890609741211"><ele>14.600000381469727</ele><time>2026-06-02T23:04:46Z</time></trkpt><trkpt lat="37.5127067565918" lon="126.88904571533203"><ele>14.600000381469727</ele><time>2026-06-02T23:04:47Z</time></trkpt><trkpt lat="37.512718200683594" lon="126.88902282714844"><ele>14.800000190734863</ele><time>2026-06-02T23:04:48Z</time></trkpt><trkpt lat="37.512725830078125" lon="126.88900756835938"><ele>14.800000190734863</ele><time>2026-06-02T23:04:49Z</time></trkpt><trkpt lat="37.51273727416992" lon="126.88898468017578"><ele>14.800000190734863</ele><time>2026-06-02T23:04:50Z</time></trkpt><trkpt lat="37.512752532958984" lon="126.88897705078125"><ele>14.800000190734863</ele><time>2026-06-02T23:04:51Z</time></trkpt><trkpt lat="37.512760162353516" lon="126.88895416259766"><ele>14.800000190734863</ele><time>2026-06-02T23:04:52Z</time></trkpt><trkpt lat="37.51277542114258" lon="126.8889389038086"><ele>14.800000190734863</ele><time>2026-06-02T23:04:53Z</time></trkpt><trkpt lat="37.512779235839844" lon="126.888916015625"><ele>14.800000190734863</ele><time>2026-06-02T23:04:54Z</time></trkpt><trkpt lat="37.512786865234375" lon="126.88890075683594"><ele>14.800000190734863</ele><time>2026-06-02T23:04:55Z</time></trkpt><trkpt lat="37.51279830932617" lon="126.88887023925781"><ele>14.800000190734863</ele><time>2026-06-02T23:04:56Z</time></trkpt><trkpt lat="37.5128059387207" lon="126.88885498046875"><ele>14.600000381469727</ele><time>2026-06-02T23:04:57Z</time></trkpt><trkpt lat="37.5128173828125" lon="126.88883209228516"><ele>14.600000381469727</ele><time>2026-06-02T23:04:58Z</time></trkpt><trkpt lat="37.51282501220703" lon="126.88880920410156"><ele>14.800000190734863</ele><time>2026-06-02T23:04:59Z</time></trkpt><trkpt lat="37.51283264160156" lon="126.88878631591797"><ele>14.800000190734863</ele><time>2026-06-02T23:05:00Z</time></trkpt><trkpt lat="37.51284408569336" lon="126.88876342773438"><ele>14.800000190734863</ele><time>2026-06-02T23:05:01Z</time></trkpt><trkpt lat="37.51285934448242" lon="126.88874816894531"><ele>14.800000190734863</ele><time>2026-06-02T23:05:02Z</time></trkpt><trkpt lat="37.51286315917969" lon="126.88872528076172"><ele>14.600000381469727</ele><time>2026-06-02T23:05:03Z</time></trkpt><trkpt lat="37.51287841796875" lon="126.8886947631836"><ele>14.600000381469727</ele><time>2026-06-02T23:05:04Z</time></trkpt><trkpt lat="37.51288604736328" lon="126.88867950439453"><ele>14.600000381469727</ele><time>2026-06-02T23:05:05Z</time></trkpt><trkpt lat="37.51288986206055" lon="126.88865661621094"><ele>14.399999618530273</ele><time>2026-06-02T23:05:06Z</time></trkpt><trkpt lat="37.512901306152344" lon="126.88863372802734"><ele>14.399999618530273</ele><time>2026-06-02T23:05:07Z</time></trkpt><trkpt lat="37.51290512084961" lon="126.88862609863281"><ele>14.399999618530273</ele><time>2026-06-02T23:05:08Z</time></trkpt><trkpt lat="37.51291275024414" lon="126.88860321044922"><ele>14.399999618530273</ele><time>2026-06-02T23:05:09Z</time></trkpt><trkpt lat="37.51292419433594" lon="126.8885726928711"><ele>14.399999618530273</ele><time>2026-06-02T23:05:10Z</time></trkpt><trkpt lat="37.5129280090332" lon="126.88856506347656"><ele>14.399999618530273</ele><time>2026-06-02T23:05:11Z</time></trkpt><trkpt lat="37.51293182373047" lon="126.88853454589844"><ele>14.399999618530273</ele><time>2026-06-02T23:05:12Z</time></trkpt><trkpt lat="37.512943267822266" lon="126.88851165771484"><ele>14.399999618530273</ele><time>2026-06-02T23:05:13Z</time></trkpt><trkpt lat="37.51294708251953" lon="126.88848876953125"><ele>14.399999618530273</ele><time>2026-06-02T23:05:14Z</time></trkpt><trkpt lat="37.5129508972168" lon="126.88846588134766"><ele>14.399999618530273</ele><time>2026-06-02T23:05:15Z</time></trkpt><trkpt lat="37.51295852661133" lon="126.88843536376953"><ele>14.399999618530273</ele><time>2026-06-02T23:05:16Z</time></trkpt><trkpt lat="37.51295852661133" lon="126.888427734375"><ele>14.199999809265137</ele><time>2026-06-02T23:05:17Z</time></trkpt><trkpt lat="37.51296615600586" lon="126.8884048461914"><ele>14.199999809265137</ele><time>2026-06-02T23:05:18Z</time></trkpt><trkpt lat="37.51297378540039" lon="126.88837432861328"><ele>14.199999809265137</ele><time>2026-06-02T23:05:19Z</time></trkpt><trkpt lat="37.51297378540039" lon="126.88836669921875"><ele>14.199999809265137</ele><time>2026-06-02T23:05:20Z</time></trkpt><trkpt lat="37.51298141479492" lon="126.88834381103516"><ele>14.199999809265137</ele><time>2026-06-02T23:05:21Z</time></trkpt><trkpt lat="37.51298904418945" lon="126.88831329345703"><ele>14.199999809265137</ele><time>2026-06-02T23:05:22Z</time></trkpt><trkpt lat="37.51299285888672" lon="126.88829040527344"><ele>14.199999809265137</ele><time>2026-06-02T23:05:23Z</time></trkpt><trkpt lat="37.512996673583984" lon="126.88826751708984"><ele>14.199999809265137</ele><time>2026-06-02T23:05:24Z</time></trkpt><trkpt lat="37.51300811767578" lon="126.88823699951172"><ele>14.199999809265137</ele><time>2026-06-02T23:05:25Z</time></trkpt><trkpt lat="37.51301574707031" lon="126.88822174072266"><ele>14.199999809265137</ele><time>2026-06-02T23:05:26Z</time></trkpt><trkpt lat="37.513023376464844" lon="126.88819885253906"><ele>14.199999809265137</ele><time>2026-06-02T23:05:27Z</time></trkpt><trkpt lat="37.513038635253906" lon="126.88817596435547"><ele>14.199999809265137</ele><time>2026-06-02T23:05:28Z</time></trkpt><trkpt lat="37.5130500793457" lon="126.8881607055664"><ele>14.199999809265137</ele><time>2026-06-02T23:05:29Z</time></trkpt><trkpt lat="37.513057708740234" lon="126.88814544677734"><ele>14.199999809265137</ele><time>2026-06-02T23:05:30Z</time></trkpt><trkpt lat="37.5130729675293" lon="126.88812255859375"><ele>14.0</ele><time>2026-06-02T23:05:31Z</time></trkpt><trkpt lat="37.513084411621094" lon="126.88809967041016"><ele>14.0</ele><time>2026-06-02T23:05:32Z</time></trkpt><trkpt lat="37.51309585571289" lon="126.8880844116211"><ele>14.0</ele><time>2026-06-02T23:05:33Z</time></trkpt><trkpt lat="37.51310729980469" lon="126.8880615234375"><ele>14.0</ele><time>2026-06-02T23:05:34Z</time></trkpt><trkpt lat="37.513118743896484" lon="126.88804626464844"><ele>14.0</ele><time>2026-06-02T23:05:35Z</time></trkpt><trkpt lat="37.513126373291016" lon="126.88803100585938"><ele>14.0</ele><time>2026-06-02T23:05:36Z</time></trkpt><trkpt lat="37.51314163208008" lon="126.88800811767578"><ele>14.0</ele><time>2026-06-02T23:05:37Z</time></trkpt><trkpt lat="37.51314926147461" lon="126.88799285888672"><ele>14.0</ele><time>2026-06-02T23:05:38Z</time></trkpt><trkpt lat="37.513160705566406" lon="126.88797760009766"><ele>14.199999809265137</ele><time>2026-06-02T23:05:39Z</time></trkpt><trkpt lat="37.51317596435547" lon="126.88795471191406"><ele>14.199999809265137</ele><time>2026-06-02T23:05:40Z</time></trkpt><trkpt lat="37.513179779052734" lon="126.887939453125"><ele>14.199999809265137</ele><time>2026-06-02T23:05:41Z</time></trkpt><trkpt lat="37.513187408447266" lon="126.88792419433594"><ele>14.199999809265137</ele><time>2026-06-02T23:05:42Z</time></trkpt><trkpt lat="37.5131950378418" lon="126.88790130615234"><ele>14.199999809265137</ele><time>2026-06-02T23:05:43Z</time></trkpt><trkpt lat="37.51319885253906" lon="126.88788604736328"><ele>14.199999809265137</ele><time>2026-06-02T23:05:44Z</time></trkpt><trkpt lat="37.51320266723633" lon="126.88786315917969"><ele>14.199999809265137</ele><time>2026-06-02T23:05:45Z</time></trkpt><trkpt lat="37.51321029663086" lon="126.88784790039062"><ele>14.199999809265137</ele><time>2026-06-02T23:05:46Z</time></trkpt><trkpt lat="37.51321029663086" lon="126.88783264160156"><ele>14.199999809265137</ele><time>2026-06-02T23:05:47Z</time></trkpt><trkpt lat="37.51321029663086" lon="126.8878173828125"><ele>14.199999809265137</ele><time>2026-06-02T23:05:48Z</time></trkpt><trkpt lat="37.51320266723633" lon="126.8878173828125"><ele>14.199999809265137</ele><time>2026-06-02T23:05:49Z</time></trkpt><trkpt lat="37.51320266723633" lon="126.8878402709961"><ele>14.199999809265137</ele><time>2026-06-02T23:05:50Z</time></trkpt><trkpt lat="37.5131950378418" lon="126.88784790039062"><ele>14.199999809265137</ele><time>2026-06-02T23:05:51Z</time></trkpt><trkpt lat="37.5131950378418" lon="126.88787078857422"><ele>14.199999809265137</ele><time>2026-06-02T23:05:52Z</time></trkpt><trkpt lat="37.513187408447266" lon="126.88789367675781"><ele>14.199999809265137</ele><time>2026-06-02T23:05:53Z</time></trkpt><trkpt lat="37.513179779052734" lon="126.88790893554688"><ele>14.199999809265137</ele><time>2026-06-02T23:05:54Z</time></trkpt><trkpt lat="37.51317596435547" lon="126.88793182373047"><ele>14.0</ele><time>2026-06-02T23:05:55Z</time></trkpt><trkpt lat="37.51316452026367" lon="126.88794708251953"><ele>14.199999809265137</ele><time>2026-06-02T23:05:56Z</time></trkpt><trkpt lat="37.51315689086914" lon="126.8879623413086"><ele>14.199999809265137</ele><time>2026-06-02T23:05:57Z</time></trkpt><trkpt lat="37.51314926147461" lon="126.88798522949219"><ele>14.199999809265137</ele><time>2026-06-02T23:05:58Z</time></trkpt><trkpt lat="37.51314163208008" lon="126.88800048828125"><ele>14.199999809265137</ele><time>2026-06-02T23:05:59Z</time></trkpt><trkpt lat="37.51313018798828" lon="126.88802337646484"><ele>14.199999809265137</ele><time>2026-06-02T23:06:00Z</time></trkpt><trkpt lat="37.51312255859375" lon="126.8880386352539"><ele>14.199999809265137</ele><time>2026-06-02T23:06:01Z</time></trkpt><trkpt lat="37.51311111450195" lon="126.88805389404297"><ele>14.199999809265137</ele><time>2026-06-02T23:06:02Z</time></trkpt><trkpt lat="37.513099670410156" lon="126.88807678222656"><ele>14.199999809265137</ele><time>2026-06-02T23:06:03Z</time></trkpt><trkpt lat="37.51308822631836" lon="126.88809204101562"><ele>14.199999809265137</ele><time>2026-06-02T23:06:04Z</time></trkpt><trkpt lat="37.51307678222656" lon="126.88811492919922"><ele>14.199999809265137</ele><time>2026-06-02T23:06:05Z</time></trkpt><trkpt lat="37.513057708740234" lon="126.88813781738281"><ele>14.199999809265137</ele><time>2026-06-02T23:06:06Z</time></trkpt><trkpt lat="37.51304626464844" lon="126.88815307617188"><ele>14.199999809265137</ele><time>2026-06-02T23:06:07Z</time></trkpt><trkpt lat="37.513038635253906" lon="126.88816833496094"><ele>14.0</ele><time>2026-06-02T23:06:08Z</time></trkpt><trkpt lat="37.513023376464844" lon="126.88819122314453"><ele>14.0</ele><time>2026-06-02T23:06:09Z</time></trkpt><trkpt lat="37.51301956176758" lon="126.8882064819336"><ele>14.199999809265137</ele><time>2026-06-02T23:06:10Z</time></trkpt><trkpt lat="37.51301574707031" lon="126.88822174072266"><ele>14.199999809265137</ele><time>2026-06-02T23:06:11Z</time></trkpt><trkpt lat="37.513004302978516" lon="126.88824462890625"><ele>14.199999809265137</ele><time>2026-06-02T23:06:12Z</time></trkpt><trkpt lat="37.51300048828125" lon="126.88825988769531"><ele>14.199999809265137</ele><time>2026-06-02T23:06:13Z</time></trkpt><trkpt lat="37.512996673583984" lon="126.8882827758789"><ele>14.199999809265137</ele><time>2026-06-02T23:06:14Z</time></trkpt><trkpt lat="37.51298904418945" lon="126.8883056640625"><ele>14.199999809265137</ele><time>2026-06-02T23:06:15Z</time></trkpt><trkpt lat="37.51298141479492" lon="126.8883285522461"><ele>14.0</ele><time>2026-06-02T23:06:16Z</time></trkpt><trkpt lat="37.51298141479492" lon="126.88834381103516"><ele>14.0</ele><time>2026-06-02T23:06:17Z</time></trkpt><trkpt lat="37.512977600097656" lon="126.88835906982422"><ele>14.0</ele><time>2026-06-02T23:06:18Z</time></trkpt><trkpt lat="37.51297378540039" lon="126.88836669921875"><ele>14.199999809265137</ele><time>2026-06-02T23:06:19Z</time></trkpt><trkpt lat="37.51298141479492" lon="126.88835906982422"><ele>14.199999809265137</ele><time>2026-06-02T23:06:20Z</time></trkpt><trkpt lat="37.512977600097656" lon="126.88836669921875"><ele>14.199999809265137</ele><time>2026-06-02T23:06:21Z</time></trkpt><trkpt lat="37.512977600097656" lon="126.88836669921875"><ele>14.199999809265137</ele><time>2026-06-02T23:06:22Z</time></trkpt><trkpt lat="37.512977600097656" lon="126.88837432861328"><ele>14.199999809265137</ele><time>2026-06-02T23:06:23Z</time></trkpt><trkpt lat="37.51297378540039" lon="126.88838958740234"><ele>14.199999809265137</ele><time>2026-06-02T23:06:24Z</time></trkpt><trkpt lat="37.512969970703125" lon="126.88839721679688"><ele>14.199999809265137</ele><time>2026-06-02T23:06:25Z</time></trkpt><trkpt lat="37.512969970703125" lon="126.88841247558594"><ele>14.199999809265137</ele><time>2026-06-02T23:06:26Z</time></trkpt><trkpt lat="37.512962341308594" lon="126.88843536376953"><ele>14.199999809265137</ele><time>2026-06-02T23:06:27Z</time></trkpt><trkpt lat="37.512962341308594" lon="126.8884506225586"><ele>14.199999809265137</ele><time>2026-06-02T23:06:28Z</time></trkpt><trkpt lat="37.51295852661133" lon="126.88847351074219"><ele>14.199999809265137</ele><time>2026-06-02T23:06:29Z</time></trkpt><trkpt lat="37.5129508972168" lon="126.88849639892578"><ele>14.199999809265137</ele><time>2026-06-02T23:06:30Z</time></trkpt><trkpt lat="37.51294708251953" lon="126.88851928710938"><ele>14.199999809265137</ele><time>2026-06-02T23:06:31Z</time></trkpt><trkpt lat="37.512943267822266" lon="126.88853454589844"><ele>14.199999809265137</ele><time>2026-06-02T23:06:32Z</time></trkpt><trkpt lat="37.512935638427734" lon="126.88855743408203"><ele>14.199999809265137</ele><time>2026-06-02T23:06:33Z</time></trkpt><trkpt lat="37.51293182373047" lon="126.8885726928711"><ele>14.199999809265137</ele><time>2026-06-02T23:06:34Z</time></trkpt><trkpt lat="37.5129280090332" lon="126.88858795166016"><ele>14.199999809265137</ele><time>2026-06-02T23:06:35Z</time></trkpt><trkpt lat="37.51292037963867" lon="126.88861083984375"><ele>14.199999809265137</ele><time>2026-06-02T23:06:36Z</time></trkpt><trkpt lat="37.51291275024414" lon="126.88863372802734"><ele>14.399999618530273</ele><time>2026-06-02T23:06:37Z</time></trkpt><trkpt lat="37.512908935546875" lon="126.8886489868164"><ele>14.399999618530273</ele><time>2026-06-02T23:06:38Z</time></trkpt><trkpt lat="37.512901306152344" lon="126.888671875"><ele>14.399999618530273</ele><time>2026-06-02T23:06:39Z</time></trkpt><trkpt lat="37.51288604736328" lon="126.8886947631836"><ele>14.399999618530273</ele><time>2026-06-02T23:06:40Z</time></trkpt><trkpt lat="37.512882232666016" lon="126.88871002197266"><ele>14.399999618530273</ele><time>2026-06-02T23:06:41Z</time></trkpt><trkpt lat="37.512874603271484" lon="126.88873291015625"><ele>14.399999618530273</ele><time>2026-06-02T23:06:42Z</time></trkpt><trkpt lat="37.51286315917969" lon="126.88875579833984"><ele>14.399999618530273</ele><time>2026-06-02T23:06:43Z</time></trkpt><trkpt lat="37.512855529785156" lon="126.8887710571289"><ele>14.399999618530273</ele><time>2026-06-02T23:06:44Z</time></trkpt><trkpt lat="37.512847900390625" lon="126.88878631591797"><ele>14.399999618530273</ele><time>2026-06-02T23:06:45Z</time></trkpt><trkpt lat="37.51283645629883" lon="126.88880920410156"><ele>14.399999618530273</ele><time>2026-06-02T23:06:46Z</time></trkpt><trkpt lat="37.5128288269043" lon="126.88883209228516"><ele>14.399999618530273</ele><time>2026-06-02T23:06:47Z</time></trkpt><trkpt lat="37.512821197509766" lon="126.88884735107422"><ele>14.399999618530273</ele><time>2026-06-02T23:06:48Z</time></trkpt><trkpt lat="37.512813568115234" lon="126.88887023925781"><ele>14.399999618530273</ele><time>2026-06-02T23:06:49Z</time></trkpt><trkpt lat="37.51280212402344" lon="126.8888931274414"><ele>14.399999618530273</ele><time>2026-06-02T23:06:50Z</time></trkpt><trkpt lat="37.51279830932617" lon="126.88890838623047"><ele>14.600000381469727</ele><time>2026-06-02T23:06:51Z</time></trkpt><trkpt lat="37.51279067993164" lon="126.88893127441406"><ele>14.600000381469727</ele><time>2026-06-02T23:06:52Z</time></trkpt><trkpt lat="37.51277542114258" lon="126.88894653320312"><ele>14.600000381469727</ele><time>2026-06-02T23:06:53Z</time></trkpt><trkpt lat="37.51276779174805" lon="126.88896942138672"><ele>14.600000381469727</ele><time>2026-06-02T23:06:54Z</time></trkpt><trkpt lat="37.51275634765625" lon="126.88898468017578"><ele>14.600000381469727</ele><time>2026-06-02T23:06:55Z</time></trkpt><trkpt lat="37.51274490356445" lon="126.88900756835938"><ele>14.600000381469727</ele><time>2026-06-02T23:06:56Z</time></trkpt><trkpt lat="37.51274108886719" lon="126.88902282714844"><ele>14.600000381469727</ele><time>2026-06-02T23:06:57Z</time></trkpt><trkpt lat="37.51272964477539" lon="126.88904571533203"><ele>14.600000381469727</ele><time>2026-06-02T23:06:58Z</time></trkpt><trkpt lat="37.512718200683594" lon="126.8890609741211"><ele>14.600000381469727</ele><time>2026-06-02T23:06:59Z</time></trkpt><trkpt lat="37.51271057128906" lon="126.88907623291016"><ele>14.600000381469727</ele><time>2026-06-02T23:07:00Z</time></trkpt><trkpt lat="37.512699127197266" lon="126.88909912109375"><ele>14.600000381469727</ele><time>2026-06-02T23:07:01Z</time></trkpt><trkpt lat="37.51268768310547" lon="126.88911437988281"><ele>14.600000381469727</ele><time>2026-06-02T23:07:02Z</time></trkpt><trkpt lat="37.51268005371094" lon="126.8891372680664"><ele>14.600000381469727</ele><time>2026-06-02T23:07:03Z</time></trkpt><trkpt lat="37.512672424316406" lon="126.88916015625"><ele>14.600000381469727</ele><time>2026-06-02T23:07:04Z</time></trkpt><trkpt lat="37.512657165527344" lon="126.8891830444336"><ele>14.399999618530273</ele><time>2026-06-02T23:07:05Z</time></trkpt><trkpt lat="37.51264953613281" lon="126.88919830322266"><ele>14.399999618530273</ele><time>2026-06-02T23:07:06Z</time></trkpt><trkpt lat="37.512638092041016" lon="126.88922119140625"><ele>14.399999618530273</ele><time>2026-06-02T23:07:07Z</time></trkpt><trkpt lat="37.51262664794922" lon="126.88923645019531"><ele>14.399999618530273</ele><time>2026-06-02T23:07:08Z</time></trkpt><trkpt lat="37.51262283325195" lon="126.88925170898438"><ele>14.399999618530273</ele><time>2026-06-02T23:07:09Z</time></trkpt><trkpt lat="37.512611389160156" lon="126.88926696777344"><ele>14.399999618530273</ele><time>2026-06-02T23:07:10Z</time></trkpt><trkpt lat="37.512603759765625" lon="126.8892822265625"><ele>14.399999618530273</ele><time>2026-06-02T23:07:11Z</time></trkpt><trkpt lat="37.51259994506836" lon="126.88929748535156"><ele>14.399999618530273</ele><time>2026-06-02T23:07:12Z</time></trkpt><trkpt lat="37.51258850097656" lon="126.88932037353516"><ele>14.399999618530273</ele><time>2026-06-02T23:07:13Z</time></trkpt><trkpt lat="37.51258087158203" lon="126.88934326171875"><ele>14.399999618530273</ele><time>2026-06-02T23:07:14Z</time></trkpt><trkpt lat="37.512569427490234" lon="126.88935852050781"><ele>14.399999618530273</ele><time>2026-06-02T23:07:15Z</time></trkpt><trkpt lat="37.5125617980957" lon="126.8893814086914"><ele>14.399999618530273</ele><time>2026-06-02T23:07:16Z</time></trkpt><trkpt lat="37.512550354003906" lon="126.88939666748047"><ele>14.399999618530273</ele><time>2026-06-02T23:07:17Z</time></trkpt><trkpt lat="37.512542724609375" lon="126.88941192626953"><ele>14.399999618530273</ele><time>2026-06-02T23:07:18Z</time></trkpt><trkpt lat="37.512535095214844" lon="126.88943481445312"><ele>14.399999618530273</ele><time>2026-06-02T23:07:19Z</time></trkpt><trkpt lat="37.51252746582031" lon="126.88945007324219"><ele>14.399999618530273</ele><time>2026-06-02T23:07:20Z</time></trkpt><trkpt lat="37.51251983642578" lon="126.88947296142578"><ele>14.600000381469727</ele><time>2026-06-02T23:07:21Z</time></trkpt><trkpt lat="37.51251220703125" lon="126.88948822021484"><ele>14.600000381469727</ele><time>2026-06-02T23:07:22Z</time></trkpt><trkpt lat="37.51250076293945" lon="126.8895034790039"><ele>14.600000381469727</ele><time>2026-06-02T23:07:23Z</time></trkpt><trkpt lat="37.51249313354492" lon="126.8895263671875"><ele>14.600000381469727</ele><time>2026-06-02T23:07:24Z</time></trkpt><trkpt lat="37.512481689453125" lon="126.88954162597656"><ele>14.600000381469727</ele><time>2026-06-02T23:07:25Z</time></trkpt><trkpt lat="37.51246643066406" lon="126.88955688476562"><ele>14.600000381469727</ele><time>2026-06-02T23:07:26Z</time></trkpt><trkpt lat="37.51245880126953" lon="126.88957977294922"><ele>14.600000381469727</ele><time>2026-06-02T23:07:27Z</time></trkpt><trkpt lat="37.512447357177734" lon="126.88960266113281"><ele>14.600000381469727</ele><time>2026-06-02T23:07:28Z</time></trkpt><trkpt lat="37.51243209838867" lon="126.88961791992188"><ele>14.600000381469727</ele><time>2026-06-02T23:07:29Z</time></trkpt><trkpt lat="37.51242446899414" lon="126.88963317871094"><ele>14.399999618530273</ele><time>2026-06-02T23:07:30Z</time></trkpt><trkpt lat="37.51240921020508" lon="126.88965606689453"><ele>14.399999618530273</ele><time>2026-06-02T23:07:31Z</time></trkpt><trkpt lat="37.51239776611328" lon="126.8896713256836"><ele>14.399999618530273</ele><time>2026-06-02T23:07:32Z</time></trkpt><trkpt lat="37.512386322021484" lon="126.88969421386719"><ele>14.399999618530273</ele><time>2026-06-02T23:07:33Z</time></trkpt><trkpt lat="37.51237106323242" lon="126.88970947265625"><ele>14.399999618530273</ele><time>2026-06-02T23:07:34Z</time></trkpt><trkpt lat="37.512359619140625" lon="126.88972473144531"><ele>14.399999618530273</ele><time>2026-06-02T23:07:35Z</time></trkpt><trkpt lat="37.51234817504883" lon="126.88973999023438"><ele>14.399999618530273</ele><time>2026-06-02T23:07:36Z</time></trkpt><trkpt lat="37.51233673095703" lon="126.88976287841797"><ele>14.399999618530273</ele><time>2026-06-02T23:07:37Z</time></trkpt><trkpt lat="37.512325286865234" lon="126.88977813720703"><ele>14.399999618530273</ele><time>2026-06-02T23:07:38Z</time></trkpt><trkpt lat="37.51231002807617" lon="126.8897933959961"><ele>14.399999618530273</ele><time>2026-06-02T23:07:39Z</time></trkpt><trkpt lat="37.51229476928711" lon="126.88980865478516"><ele>14.399999618530273</ele><time>2026-06-02T23:07:40Z</time></trkpt><trkpt lat="37.51228713989258" lon="126.88983154296875"><ele>14.199999809265137</ele><time>2026-06-02T23:07:41Z</time></trkpt><trkpt lat="37.51227569580078" lon="126.88984680175781"><ele>14.199999809265137</ele><time>2026-06-02T23:07:42Z</time></trkpt><trkpt lat="37.51226043701172" lon="126.88986206054688"><ele>14.199999809265137</ele><time>2026-06-02T23:07:43Z</time></trkpt><trkpt lat="37.51225280761719" lon="126.88987731933594"><ele>14.199999809265137</ele><time>2026-06-02T23:07:44Z</time></trkpt><trkpt lat="37.512237548828125" lon="126.88990020751953"><ele>14.199999809265137</ele><time>2026-06-02T23:07:45Z</time></trkpt><trkpt lat="37.51222229003906" lon="126.88992309570312"><ele>14.199999809265137</ele><time>2026-06-02T23:07:46Z</time></trkpt><trkpt lat="37.51221466064453" lon="126.88993835449219"><ele>14.399999618530273</ele><time>2026-06-02T23:07:47Z</time></trkpt><trkpt lat="37.51219940185547" lon="126.88996124267578"><ele>14.399999618530273</ele><time>2026-06-02T23:07:48Z</time></trkpt><trkpt lat="37.512184143066406" lon="126.88997650146484"><ele>14.399999618530273</ele><time>2026-06-02T23:07:49Z</time></trkpt><trkpt lat="37.51217269897461" lon="126.88999938964844"><ele>14.199999809265137</ele><time>2026-06-02T23:07:50Z</time></trkpt><trkpt lat="37.51215744018555" lon="126.8900146484375"><ele>14.199999809265137</ele><time>2026-06-02T23:07:51Z</time></trkpt><trkpt lat="37.51214599609375" lon="126.89002990722656"><ele>14.199999809265137</ele><time>2026-06-02T23:07:52Z</time></trkpt><trkpt lat="37.51213455200195" lon="126.89005279541016"><ele>14.199999809265137</ele><time>2026-06-02T23:07:53Z</time></trkpt><trkpt lat="37.51211929321289" lon="126.89006805419922"><ele>14.199999809265137</ele><time>2026-06-02T23:07:54Z</time></trkpt><trkpt lat="37.51211166381836" lon="126.89009094238281"><ele>14.199999809265137</ele><time>2026-06-02T23:07:55Z</time></trkpt><trkpt lat="37.51210021972656" lon="126.89010620117188"><ele>14.199999809265137</ele><time>2026-06-02T23:07:56Z</time></trkpt><trkpt lat="37.512088775634766" lon="126.89012145996094"><ele>14.199999809265137</ele><time>2026-06-02T23:07:57Z</time></trkpt><trkpt lat="37.51207733154297" lon="126.89013671875"><ele>14.199999809265137</ele><time>2026-06-02T23:07:58Z</time></trkpt><trkpt lat="37.51205825805664" lon="126.89015197753906"><ele>14.0</ele><time>2026-06-02T23:07:59Z</time></trkpt><trkpt lat="37.512046813964844" lon="126.8901596069336"><ele>14.0</ele><time>2026-06-02T23:08:00Z</time></trkpt><trkpt lat="37.51203918457031" lon="126.89018249511719"><ele>14.0</ele><time>2026-06-02T23:08:01Z</time></trkpt><trkpt lat="37.512020111083984" lon="126.89019775390625"><ele>14.0</ele><time>2026-06-02T23:08:02Z</time></trkpt><trkpt lat="37.51200866699219" lon="126.89021301269531"><ele>14.0</ele><time>2026-06-02T23:08:03Z</time></trkpt><trkpt lat="37.511993408203125" lon="126.89022827148438"><ele>14.0</ele><time>2026-06-02T23:08:04Z</time></trkpt><trkpt lat="37.51197052001953" lon="126.89024353027344"><ele>14.199999809265137</ele><time>2026-06-02T23:08:05Z</time></trkpt><trkpt lat="37.51195526123047" lon="126.8902587890625"><ele>14.199999809265137</ele><time>2026-06-02T23:08:06Z</time></trkpt><trkpt lat="37.511940002441406" lon="126.8902816772461"><ele>14.199999809265137</ele><time>2026-06-02T23:08:07Z</time></trkpt><trkpt lat="37.51191711425781" lon="126.89029693603516"><ele>14.0</ele><time>2026-06-02T23:08:08Z</time></trkpt><trkpt lat="37.51190185546875" lon="126.89031219482422"><ele>14.0</ele><time>2026-06-02T23:08:09Z</time></trkpt><trkpt lat="37.51188659667969" lon="126.89032745361328"><ele>14.0</ele><time>2026-06-02T23:08:10Z</time></trkpt><trkpt lat="37.51186752319336" lon="126.89034271240234"><ele>14.0</ele><time>2026-06-02T23:08:11Z</time></trkpt><trkpt lat="37.51185607910156" lon="126.8903579711914"><ele>14.0</ele><time>2026-06-02T23:08:12Z</time></trkpt><trkpt lat="37.5118408203125" lon="126.89037322998047"><ele>14.0</ele><time>2026-06-02T23:08:13Z</time></trkpt><trkpt lat="37.51182174682617" lon="126.890380859375"><ele>14.0</ele><time>2026-06-02T23:08:14Z</time></trkpt><trkpt lat="37.511810302734375" lon="126.89039611816406"><ele>14.0</ele><time>2026-06-02T23:08:15Z</time></trkpt><trkpt lat="37.51179504394531" lon="126.89041137695312"><ele>14.0</ele><time>2026-06-02T23:08:16Z</time></trkpt><trkpt lat="37.51177978515625" lon="126.89042663574219"><ele>14.0</ele><time>2026-06-02T23:08:17Z</time></trkpt><trkpt lat="37.51176834106445" lon="126.89044189453125"><ele>14.0</ele><time>2026-06-02T23:08:18Z</time></trkpt><trkpt lat="37.51175308227539" lon="126.89045715332031"><ele>14.0</ele><time>2026-06-02T23:08:19Z</time></trkpt><trkpt lat="37.51173400878906" lon="126.89047241210938"><ele>14.0</ele><time>2026-06-02T23:08:20Z</time></trkpt><trkpt lat="37.51171875" lon="126.8904800415039"><ele>14.0</ele><time>2026-06-02T23:08:21Z</time></trkpt><trkpt lat="37.51170349121094" lon="126.89049530029297"><ele>14.0</ele><time>2026-06-02T23:08:22Z</time></trkpt><trkpt lat="37.51168441772461" lon="126.89051055908203"><ele>14.0</ele><time>2026-06-02T23:08:23Z</time></trkpt><trkpt lat="37.51167297363281" lon="126.89051818847656"><ele>14.0</ele><time>2026-06-02T23:08:24Z</time></trkpt><trkpt lat="37.511653900146484" lon="126.89053344726562"><ele>14.0</ele><time>2026-06-02T23:08:25Z</time></trkpt><trkpt lat="37.511634826660156" lon="126.89054107666016"><ele>13.800000190734863</ele><time>2026-06-02T23:08:26Z</time></trkpt><trkpt lat="37.51161575317383" lon="126.89055633544922"><ele>13.800000190734863</ele><time>2026-06-02T23:08:27Z</time></trkpt><trkpt lat="37.511600494384766" lon="126.89056396484375"><ele>13.800000190734863</ele><time>2026-06-02T23:08:28Z</time></trkpt><trkpt lat="37.51158142089844" lon="126.89057159423828"><ele>13.800000190734863</ele><time>2026-06-02T23:08:29Z</time></trkpt><trkpt lat="37.511566162109375" lon="126.89058685302734"><ele>13.800000190734863</ele><time>2026-06-02T23:08:30Z</time></trkpt><trkpt lat="37.51155090332031" lon="126.89059448242188"><ele>13.800000190734863</ele><time>2026-06-02T23:08:31Z</time></trkpt><trkpt lat="37.51153564453125" lon="126.8906021118164"><ele>13.800000190734863</ele><time>2026-06-02T23:08:32Z</time></trkpt><trkpt lat="37.51152038574219" lon="126.89061737060547"><ele>13.800000190734863</ele><time>2026-06-02T23:08:33Z</time></trkpt><trkpt lat="37.51150131225586" lon="126.890625"><ele>13.800000190734863</ele><time>2026-06-02T23:08:34Z</time></trkpt><trkpt lat="37.51148986816406" lon="126.89063262939453"><ele>13.800000190734863</ele><time>2026-06-02T23:08:35Z</time></trkpt><trkpt lat="37.511474609375" lon="126.89064025878906"><ele>13.800000190734863</ele><time>2026-06-02T23:08:36Z</time></trkpt><trkpt lat="37.51145935058594" lon="126.8906478881836"><ele>13.800000190734863</ele><time>2026-06-02T23:08:37Z</time></trkpt><trkpt lat="37.511444091796875" lon="126.89066314697266"><ele>13.800000190734863</ele><time>2026-06-02T23:08:38Z</time></trkpt><trkpt lat="37.51142883300781" lon="126.89067077636719"><ele>13.600000381469727</ele><time>2026-06-02T23:08:39Z</time></trkpt><trkpt lat="37.51141357421875" lon="126.89068603515625"><ele>13.600000381469727</ele><time>2026-06-02T23:08:40Z</time></trkpt><trkpt lat="37.51140213012695" lon="126.89069366455078"><ele>13.600000381469727</ele><time>2026-06-02T23:08:41Z</time></trkpt><trkpt lat="37.511390686035156" lon="126.89070892333984"><ele>13.600000381469727</ele><time>2026-06-02T23:08:42Z</time></trkpt><trkpt lat="37.51137161254883" lon="126.8907241821289"><ele>13.600000381469727</ele><time>2026-06-02T23:08:43Z</time></trkpt><trkpt lat="37.5113639831543" lon="126.89073944091797"><ele>13.600000381469727</ele><time>2026-06-02T23:08:44Z</time></trkpt><trkpt lat="37.5113525390625" lon="126.89075469970703"><ele>13.600000381469727</ele><time>2026-06-02T23:08:45Z</time></trkpt><trkpt lat="37.51133728027344" lon="126.8907699584961"><ele>13.600000381469727</ele><time>2026-06-02T23:08:46Z</time></trkpt><trkpt lat="37.51132583618164" lon="126.89078521728516"><ele>13.600000381469727</ele><time>2026-06-02T23:08:47Z</time></trkpt><trkpt lat="37.51131057739258" lon="126.89080047607422"><ele>13.600000381469727</ele><time>2026-06-02T23:08:48Z</time></trkpt><trkpt lat="37.511295318603516" lon="126.89081573486328"><ele>13.800000190734863</ele><time>2026-06-02T23:08:49Z</time></trkpt><trkpt lat="37.51128387451172" lon="126.89083862304688"><ele>13.800000190734863</ele><time>2026-06-02T23:08:50Z</time></trkpt><trkpt lat="37.51126480102539" lon="126.89085388183594"><ele>13.800000190734863</ele><time>2026-06-02T23:08:51Z</time></trkpt><trkpt lat="37.51124954223633" lon="126.890869140625"><ele>13.800000190734863</ele><time>2026-06-02T23:08:52Z</time></trkpt><trkpt lat="37.51123809814453" lon="126.89088439941406"><ele>13.800000190734863</ele><time>2026-06-02T23:08:53Z</time></trkpt><trkpt lat="37.5112190246582" lon="126.89090728759766"><ele>13.800000190734863</ele><time>2026-06-02T23:08:54Z</time></trkpt><trkpt lat="37.511207580566406" lon="126.89091491699219"><ele>13.800000190734863</ele><time>2026-06-02T23:08:55Z</time></trkpt><trkpt lat="37.51028823852539" lon="126.89166259765625"><ele>13.199999809265137</ele><time>2026-06-02T23:11:31Z</time></trkpt><trkpt lat="37.510276794433594" lon="126.89167022705078"><ele>13.199999809265137</ele><time>2026-06-02T23:11:32Z</time></trkpt><trkpt lat="37.51026916503906" lon="126.89167785644531"><ele>13.199999809265137</ele><time>2026-06-02T23:11:33Z</time></trkpt><trkpt lat="37.510257720947266" lon="126.89167785644531"><ele>13.199999809265137</ele><time>2026-06-02T23:11:34Z</time></trkpt><trkpt lat="37.51024627685547" lon="126.89168548583984"><ele>13.199999809265137</ele><time>2026-06-02T23:11:35Z</time></trkpt><trkpt lat="37.51023483276367" lon="126.89169311523438"><ele>13.0</ele><time>2026-06-02T23:11:36Z</time></trkpt><trkpt lat="37.51021957397461" lon="126.8917007446289"><ele>13.0</ele><time>2026-06-02T23:11:37Z</time></trkpt><trkpt lat="37.51020812988281" lon="126.89170837402344"><ele>13.0</ele><time>2026-06-02T23:11:38Z</time></trkpt><trkpt lat="37.51019287109375" lon="126.89171600341797"><ele>13.199999809265137</ele><time>2026-06-02T23:11:39Z</time></trkpt><trkpt lat="37.51018142700195" lon="126.89173126220703"><ele>13.199999809265137</ele><time>2026-06-02T23:11:40Z</time></trkpt><trkpt lat="37.510169982910156" lon="126.89173889160156"><ele>13.399999618530273</ele><time>2026-06-02T23:11:41Z</time></trkpt><trkpt lat="37.510162353515625" lon="126.89175415039062"><ele>13.399999618530273</ele><time>2026-06-02T23:11:42Z</time></trkpt><trkpt lat="37.51015090942383" lon="126.89176940917969"><ele>13.600000381469727</ele><time>2026-06-02T23:11:43Z</time></trkpt><trkpt lat="37.5101318359375" lon="126.89178466796875"><ele>13.600000381469727</ele><time>2026-06-02T23:11:44Z</time></trkpt><trkpt lat="37.51011657714844" lon="126.89179229736328"><ele>13.600000381469727</ele><time>2026-06-02T23:11:45Z</time></trkpt><trkpt lat="37.510101318359375" lon="126.89179992675781"><ele>13.399999618530273</ele><time>2026-06-02T23:11:46Z</time></trkpt><trkpt lat="37.51008224487305" lon="126.89181518554688"><ele>13.399999618530273</ele><time>2026-06-02T23:11:47Z</time></trkpt><trkpt lat="37.510066986083984" lon="126.8918228149414"><ele>13.199999809265137</ele><time>2026-06-02T23:11:48Z</time></trkpt><trkpt lat="37.51005172729492" lon="126.89183044433594"><ele>13.0</ele><time>2026-06-02T23:11:49Z</time></trkpt><trkpt lat="37.510032653808594" lon="126.891845703125"><ele>13.0</ele><time>2026-06-02T23:11:50Z</time></trkpt><trkpt lat="37.51001739501953" lon="126.89185333251953"><ele>13.0</ele><time>2026-06-02T23:11:51Z</time></trkpt><trkpt lat="37.51000213623047" lon="126.89186096191406"><ele>13.199999809265137</ele><time>2026-06-02T23:11:52Z</time></trkpt><trkpt lat="37.50999069213867" lon="126.89188385009766"><ele>13.199999809265137</ele><time>2026-06-02T23:11:53Z</time></trkpt><trkpt lat="37.509979248046875" lon="126.89189910888672"><ele>13.199999809265137</ele><time>2026-06-02T23:11:54Z</time></trkpt><trkpt lat="37.50996398925781" lon="126.89192199707031"><ele>13.199999809265137</ele><time>2026-06-02T23:11:55Z</time></trkpt><trkpt lat="37.509952545166016" lon="126.8919448852539"><ele>13.199999809265137</ele><time>2026-06-02T23:11:56Z</time></trkpt><trkpt lat="37.50993728637695" lon="126.8919677734375"><ele>13.199999809265137</ele><time>2026-06-02T23:11:57Z</time></trkpt><trkpt lat="37.509918212890625" lon="126.8919906616211"><ele>13.0</ele><time>2026-06-02T23:11:58Z</time></trkpt><trkpt lat="37.50990295410156" lon="126.89201354980469"><ele>13.0</ele><time>2026-06-02T23:11:59Z</time></trkpt><trkpt lat="37.509883880615234" lon="126.89202880859375"><ele>13.0</ele><time>2026-06-02T23:12:00Z</time></trkpt><trkpt lat="37.50986862182617" lon="126.89205169677734"><ele>13.0</ele><time>2026-06-02T23:12:01Z</time></trkpt><trkpt lat="37.509857177734375" lon="126.89207458496094"><ele>13.199999809265137</ele><time>2026-06-02T23:12:02Z</time></trkpt><trkpt lat="37.50984573364258" lon="126.89208984375"><ele>13.199999809265137</ele><time>2026-06-02T23:12:03Z</time></trkpt><trkpt lat="37.509830474853516" lon="126.89210510253906"><ele>13.199999809265137</ele><time>2026-06-02T23:12:04Z</time></trkpt><trkpt lat="37.509822845458984" lon="126.89212036132812"><ele>13.199999809265137</ele><time>2026-06-02T23:12:05Z</time></trkpt><trkpt lat="37.50981140136719" lon="126.89213562011719"><ele>13.199999809265137</ele><time>2026-06-02T23:12:06Z</time></trkpt><trkpt lat="37.50979995727539" lon="126.89215850830078"><ele>13.199999809265137</ele><time>2026-06-02T23:12:07Z</time></trkpt><trkpt lat="37.509788513183594" lon="126.89217376708984"><ele>13.199999809265137</ele><time>2026-06-02T23:12:08Z</time></trkpt><trkpt lat="37.5097770690918" lon="126.89219665527344"><ele>13.199999809265137</ele><time>2026-06-02T23:12:09Z</time></trkpt><trkpt lat="37.509761810302734" lon="126.8922119140625"><ele>13.199999809265137</ele><time>2026-06-02T23:12:10Z</time></trkpt><trkpt lat="37.50975036621094" lon="126.89222717285156"><ele>13.199999809265137</ele><time>2026-06-02T23:12:11Z</time></trkpt><trkpt lat="37.50973892211914" lon="126.89224243164062"><ele>13.399999618530273</ele><time>2026-06-02T23:12:12Z</time></trkpt><trkpt lat="37.509727478027344" lon="126.89225769042969"><ele>13.399999618530273</ele><time>2026-06-02T23:12:13Z</time></trkpt><trkpt lat="37.50971221923828" lon="126.89227294921875"><ele>13.399999618530273</ele><time>2026-06-02T23:12:14Z</time></trkpt><trkpt lat="37.50969696044922" lon="126.89228820800781"><ele>13.600000381469727</ele><time>2026-06-02T23:12:15Z</time></trkpt><trkpt lat="37.50968933105469" lon="126.89230346679688"><ele>13.600000381469727</ele><time>2026-06-02T23:12:16Z</time></trkpt><trkpt lat="37.50967788696289" lon="126.89231872558594"><ele>13.600000381469727</ele><time>2026-06-02T23:12:17Z</time></trkpt><trkpt lat="37.509674072265625" lon="126.89232635498047"><ele>13.399999618530273</ele><time>2026-06-02T23:12:18Z</time></trkpt><trkpt lat="37.509674072265625" lon="126.892333984375"><ele>13.399999618530273</ele><time>2026-06-02T23:12:19Z</time></trkpt><trkpt lat="37.509674072265625" lon="126.8923568725586"><ele>13.600000381469727</ele><time>2026-06-02T23:12:20Z</time></trkpt><trkpt lat="37.50967788696289" lon="126.8923568725586"><ele>13.600000381469727</ele><time>2026-06-02T23:12:21Z</time></trkpt><trkpt lat="37.509681701660156" lon="126.89236450195312"><ele>13.600000381469727</ele><time>2026-06-02T23:12:22Z</time></trkpt><trkpt lat="37.50969314575195" lon="126.89237976074219"><ele>13.600000381469727</ele><time>2026-06-02T23:12:23Z</time></trkpt><trkpt lat="37.50968933105469" lon="126.89237976074219"><ele>13.800000190734863</ele><time>2026-06-02T23:12:24Z</time></trkpt><trkpt lat="37.50971984863281" lon="126.89238739013672"><ele>13.800000190734863</ele><time>2026-06-02T23:12:25Z</time></trkpt><trkpt lat="37.50978469848633" lon="126.89246368408203"><ele>13.800000190734863</ele><time>2026-06-02T23:12:26Z</time></trkpt><trkpt lat="37.509857177734375" lon="126.89256286621094"><ele>13.800000190734863</ele><time>2026-06-02T23:12:27Z</time></trkpt><trkpt lat="37.50989532470703" lon="126.89260864257812"><ele>13.800000190734863</ele><time>2026-06-02T23:12:28Z</time></trkpt><trkpt lat="37.509918212890625" lon="126.89263916015625"><ele>13.800000190734863</ele><time>2026-06-02T23:12:29Z</time></trkpt><trkpt lat="37.50992202758789" lon="126.89263153076172"><ele>13.800000190734863</ele><time>2026-06-02T23:12:30Z</time></trkpt><trkpt lat="37.5098991394043" lon="126.89259338378906"><ele>13.800000190734863</ele><time>2026-06-02T23:12:31Z</time></trkpt><trkpt lat="37.509796142578125" lon="126.89257049560547"><ele>13.800000190734863</ele><time>2026-06-02T23:12:32Z</time></trkpt><trkpt lat="37.50978469848633" lon="126.89254760742188"><ele>13.800000190734863</ele><time>2026-06-02T23:12:33Z</time></trkpt><trkpt lat="37.509761810302734" lon="126.89253997802734"><ele>13.600000381469727</ele><time>2026-06-02T23:12:34Z</time></trkpt><trkpt lat="37.509735107421875" lon="126.89253997802734"><ele>13.600000381469727</ele><time>2026-06-02T23:12:35Z</time></trkpt><trkpt lat="37.50970458984375" lon="126.8925552368164"><ele>13.600000381469727</ele><time>2026-06-02T23:12:36Z</time></trkpt><trkpt lat="37.50967788696289" lon="126.892578125"><ele>13.600000381469727</ele><time>2026-06-02T23:12:37Z</time></trkpt><trkpt lat="37.50965118408203" lon="126.89260864257812"><ele>13.600000381469727</ele><time>2026-06-02T23:12:38Z</time></trkpt><trkpt lat="37.50960159301758" lon="126.89266967773438"><ele>13.600000381469727</ele><time>2026-06-02T23:12:39Z</time></trkpt><trkpt lat="37.509559631347656" lon="126.89268493652344"><ele>13.600000381469727</ele><time>2026-06-02T23:12:40Z</time></trkpt><trkpt lat="37.5095100402832" lon="126.89276123046875"><ele>13.600000381469727</ele><time>2026-06-02T23:12:41Z</time></trkpt><trkpt lat="37.50947952270508" lon="126.89275360107422"><ele>13.600000381469727</ele><time>2026-06-02T23:12:42Z</time></trkpt><trkpt lat="37.50946044921875" lon="126.89276885986328"><ele>13.600000381469727</ele><time>2026-06-02T23:12:43Z</time></trkpt><trkpt lat="37.50944137573242" lon="126.89281463623047"><ele>13.600000381469727</ele><time>2026-06-02T23:12:44Z</time></trkpt><trkpt lat="37.50943374633789" lon="126.89282989501953"><ele>13.399999618530273</ele><time>2026-06-02T23:12:45Z</time></trkpt><trkpt lat="37.509368896484375" lon="126.89285278320312"><ele>13.399999618530273</ele><time>2026-06-02T23:12:46Z</time></trkpt><trkpt lat="37.50930404663086" lon="126.89288330078125"><ele>13.399999618530273</ele><time>2026-06-02T23:12:47Z</time></trkpt><trkpt lat="37.50924301147461" lon="126.89279174804688"><ele>13.399999618530273</ele><time>2026-06-02T23:12:48Z</time></trkpt><trkpt lat="37.50921630859375" lon="126.89278411865234"><ele>13.399999618530273</ele><time>2026-06-02T23:12:49Z</time></trkpt><trkpt lat="37.509178161621094" lon="126.89276885986328"><ele>13.399999618530273</ele><time>2026-06-02T23:12:50Z</time></trkpt><trkpt lat="37.5091438293457" lon="126.89276885986328"><ele>13.399999618530273</ele><time>2026-06-02T23:12:51Z</time></trkpt><trkpt lat="37.509117126464844" lon="126.89276885986328"><ele>13.399999618530273</ele><time>2026-06-02T23:12:52Z</time></trkpt><trkpt lat="37.509090423583984" lon="126.89276885986328"><ele>13.399999618530273</ele><time>2026-06-02T23:12:53Z</time></trkpt><trkpt lat="37.50907516479492" lon="126.89277648925781"><ele>13.199999809265137</ele><time>2026-06-02T23:12:54Z</time></trkpt><trkpt lat="37.50905227661133" lon="126.89279174804688"><ele>13.199999809265137</ele><time>2026-06-02T23:12:55Z</time></trkpt><trkpt lat="37.509033203125" lon="126.8927993774414"><ele>13.399999618530273</ele><time>2026-06-02T23:12:56Z</time></trkpt><trkpt lat="37.50901794433594" lon="126.89281463623047"><ele>13.399999618530273</ele><time>2026-06-02T23:12:57Z</time></trkpt><trkpt lat="37.509002685546875" lon="126.892822265625"><ele>13.399999618530273</ele><time>2026-06-02T23:12:58Z</time></trkpt><trkpt lat="37.508995056152344" lon="126.89282989501953"><ele>13.399999618530273</ele><time>2026-06-02T23:12:59Z</time></trkpt><trkpt lat="37.508975982666016" lon="126.8928451538086"><ele>13.399999618530273</ele><time>2026-06-02T23:13:00Z</time></trkpt><trkpt lat="37.50896072387695" lon="126.89285278320312"><ele>13.399999618530273</ele><time>2026-06-02T23:13:01Z</time></trkpt><trkpt lat="37.50894546508789" lon="126.89286804199219"><ele>13.399999618530273</ele><time>2026-06-02T23:13:02Z</time></trkpt><trkpt lat="37.50892639160156" lon="126.89288330078125"><ele>13.399999618530273</ele><time>2026-06-02T23:13:03Z</time></trkpt><trkpt lat="37.50891876220703" lon="126.89289093017578"><ele>13.600000381469727</ele><time>2026-06-02T23:13:04Z</time></trkpt><trkpt lat="37.50890350341797" lon="126.89290618896484"><ele>13.600000381469727</ele><time>2026-06-02T23:13:05Z</time></trkpt><trkpt lat="37.508888244628906" lon="126.8929214477539"><ele>13.600000381469727</ele><time>2026-06-02T23:13:06Z</time></trkpt><trkpt lat="37.508880615234375" lon="126.89292907714844"><ele>13.600000381469727</ele><time>2026-06-02T23:13:07Z</time></trkpt><trkpt lat="37.50886535644531" lon="126.89293670654297"><ele>13.600000381469727</ele><time>2026-06-02T23:13:08Z</time></trkpt><trkpt lat="37.508846282958984" lon="126.89295196533203"><ele>13.600000381469727</ele><time>2026-06-02T23:13:09Z</time></trkpt><trkpt lat="37.50883483886719" lon="126.89295959472656"><ele>13.600000381469727</ele><time>2026-06-02T23:13:10Z</time></trkpt><trkpt lat="37.50881576538086" lon="126.89297485351562"><ele>13.600000381469727</ele><time>2026-06-02T23:13:11Z</time></trkpt><trkpt lat="37.50880432128906" lon="126.89298248291016"><ele>13.600000381469727</ele><time>2026-06-02T23:13:12Z</time></trkpt><trkpt lat="37.5087890625" lon="126.89299011230469"><ele>13.600000381469727</ele><time>2026-06-02T23:13:13Z</time></trkpt><trkpt lat="37.50876998901367" lon="126.89300537109375"><ele>13.600000381469727</ele><time>2026-06-02T23:13:14Z</time></trkpt><trkpt lat="37.508758544921875" lon="126.89301300048828"><ele>13.600000381469727</ele><time>2026-06-02T23:13:15Z</time></trkpt><trkpt lat="37.50874328613281" lon="126.89302825927734"><ele>13.600000381469727</ele><time>2026-06-02T23:13:16Z</time></trkpt><trkpt lat="37.508724212646484" lon="126.8930435180664"><ele>13.600000381469727</ele><time>2026-06-02T23:13:17Z</time></trkpt><trkpt lat="37.50871276855469" lon="126.89305114746094"><ele>13.600000381469727</ele><time>2026-06-02T23:13:18Z</time></trkpt><trkpt lat="37.50869369506836" lon="126.89307403564453"><ele>13.600000381469727</ele><time>2026-06-02T23:13:19Z</time></trkpt><trkpt lat="37.50867462158203" lon="126.89308166503906"><ele>13.800000190734863</ele><time>2026-06-02T23:13:20Z</time></trkpt><trkpt lat="37.5086555480957" lon="126.89310455322266"><ele>13.800000190734863</ele><time>2026-06-02T23:13:21Z</time></trkpt><trkpt lat="37.50863265991211" lon="126.89311981201172"><ele>13.800000190734863</ele><time>2026-06-02T23:13:22Z</time></trkpt><trkpt lat="37.50861740112305" lon="126.89312744140625"><ele>13.800000190734863</ele><time>2026-06-02T23:13:23Z</time></trkpt><trkpt lat="37.508602142333984" lon="126.89315032958984"><ele>13.800000190734863</ele><time>2026-06-02T23:13:24Z</time></trkpt><trkpt lat="37.508583068847656" lon="126.8931655883789"><ele>13.800000190734863</ele><time>2026-06-02T23:13:25Z</time></trkpt><trkpt lat="37.50857162475586" lon="126.89318084716797"><ele>13.800000190734863</ele><time>2026-06-02T23:13:26Z</time></trkpt><trkpt lat="37.50856018066406" lon="126.8931884765625"><ele>13.800000190734863</ele><time>2026-06-02T23:13:27Z</time></trkpt><trkpt lat="37.508541107177734" lon="126.89319610595703"><ele>13.800000190734863</ele><time>2026-06-02T23:13:28Z</time></trkpt><trkpt lat="37.50852584838867" lon="126.89320373535156"><ele>14.0</ele><time>2026-06-02T23:13:29Z</time></trkpt><trkpt lat="37.508514404296875" lon="126.89321899414062"><ele>14.0</ele><time>2026-06-02T23:13:30Z</time></trkpt><trkpt lat="37.50849914550781" lon="126.89322662353516"><ele>14.0</ele><time>2026-06-02T23:13:31Z</time></trkpt><trkpt lat="37.50848388671875" lon="126.89323425292969"><ele>14.0</ele><time>2026-06-02T23:13:32Z</time></trkpt><trkpt lat="37.50846862792969" lon="126.89324951171875"><ele>14.0</ele><time>2026-06-02T23:13:33Z</time></trkpt><trkpt lat="37.508445739746094" lon="126.89325714111328"><ele>14.199999809265137</ele><time>2026-06-02T23:13:34Z</time></trkpt><trkpt lat="37.50843048095703" lon="126.89326477050781"><ele>14.199999809265137</ele><time>2026-06-02T23:13:35Z</time></trkpt><trkpt lat="37.5084114074707" lon="126.89328002929688"><ele>14.199999809265137</ele><time>2026-06-02T23:13:36Z</time></trkpt><trkpt lat="37.508392333984375" lon="126.8932876586914"><ele>14.199999809265137</ele><time>2026-06-02T23:13:37Z</time></trkpt><trkpt lat="37.50837707519531" lon="126.89329528808594"><ele>14.199999809265137</ele><time>2026-06-02T23:13:38Z</time></trkpt><trkpt lat="37.508358001708984" lon="126.89330291748047"><ele>14.0</ele><time>2026-06-02T23:13:39Z</time></trkpt><trkpt lat="37.50833511352539" lon="126.89331817626953"><ele>14.0</ele><time>2026-06-02T23:13:40Z</time></trkpt><trkpt lat="37.50831604003906" lon="126.8933334350586"><ele>14.0</ele><time>2026-06-02T23:13:41Z</time></trkpt><trkpt lat="37.50829315185547" lon="126.89334869384766"><ele>14.0</ele><time>2026-06-02T23:13:42Z</time></trkpt><trkpt lat="37.508270263671875" lon="126.89335632324219"><ele>14.0</ele><time>2026-06-02T23:13:43Z</time></trkpt><trkpt lat="37.50825119018555" lon="126.89337158203125"><ele>14.0</ele><time>2026-06-02T23:13:44Z</time></trkpt><trkpt lat="37.50822830200195" lon="126.89338684082031"><ele>14.0</ele><time>2026-06-02T23:13:45Z</time></trkpt><trkpt lat="37.50821304321289" lon="126.89339447021484"><ele>14.0</ele><time>2026-06-02T23:13:46Z</time></trkpt><trkpt lat="37.50819396972656" lon="126.8934097290039"><ele>14.0</ele><time>2026-06-02T23:13:47Z</time></trkpt><trkpt lat="37.5081787109375" lon="126.89341735839844"><ele>14.0</ele><time>2026-06-02T23:13:48Z</time></trkpt><trkpt lat="37.5081672668457" lon="126.89342498779297"><ele>14.0</ele><time>2026-06-02T23:13:49Z</time></trkpt><trkpt lat="37.508155822753906" lon="126.89342498779297"><ele>14.0</ele><time>2026-06-02T23:13:50Z</time></trkpt><trkpt lat="37.508140563964844" lon="126.89342498779297"><ele>14.199999809265137</ele><time>2026-06-02T23:13:51Z</time></trkpt><trkpt lat="37.50812530517578" lon="126.89342498779297"><ele>14.199999809265137</ele><time>2026-06-02T23:13:52Z</time></trkpt><trkpt lat="37.50810241699219" lon="126.8934326171875"><ele>14.0</ele><time>2026-06-02T23:13:53Z</time></trkpt><trkpt lat="37.508087158203125" lon="126.89344024658203"><ele>14.0</ele><time>2026-06-02T23:13:54Z</time></trkpt><trkpt lat="37.50806427001953" lon="126.89344787597656"><ele>13.800000190734863</ele><time>2026-06-02T23:13:55Z</time></trkpt><trkpt lat="37.5080451965332" lon="126.89344787597656"><ele>13.800000190734863</ele><time>2026-06-02T23:13:56Z</time></trkpt><trkpt lat="37.50802993774414" lon="126.8934555053711"><ele>13.600000381469727</ele><time>2026-06-02T23:13:57Z</time></trkpt><trkpt lat="37.50801086425781" lon="126.89346313476562"><ele>13.600000381469727</ele><time>2026-06-02T23:13:58Z</time></trkpt><trkpt lat="37.507991790771484" lon="126.89347076416016"><ele>13.600000381469727</ele><time>2026-06-02T23:13:59Z</time></trkpt><trkpt lat="37.507972717285156" lon="126.89347839355469"><ele>13.600000381469727</ele><time>2026-06-02T23:14:00Z</time></trkpt><trkpt lat="37.507957458496094" lon="126.89348602294922"><ele>13.600000381469727</ele><time>2026-06-02T23:14:01Z</time></trkpt><trkpt lat="37.50794219970703" lon="126.89348602294922"><ele>13.800000190734863</ele><time>2026-06-02T23:14:02Z</time></trkpt><trkpt lat="37.50792694091797" lon="126.89349365234375"><ele>13.800000190734863</ele><time>2026-06-02T23:14:03Z</time></trkpt><trkpt lat="37.50790786743164" lon="126.89350128173828"><ele>13.800000190734863</ele><time>2026-06-02T23:14:04Z</time></trkpt><trkpt lat="37.50789260864258" lon="126.89350128173828"><ele>13.800000190734863</ele><time>2026-06-02T23:14:05Z</time></trkpt><trkpt lat="37.50788116455078" lon="126.89350891113281"><ele>13.800000190734863</ele><time>2026-06-02T23:14:06Z</time></trkpt><trkpt lat="37.50786209106445" lon="126.89351654052734"><ele>13.800000190734863</ele><time>2026-06-02T23:14:07Z</time></trkpt><trkpt lat="37.50784683227539" lon="126.89352416992188"><ele>13.800000190734863</ele><time>2026-06-02T23:14:08Z</time></trkpt><trkpt lat="37.50783157348633" lon="126.8935317993164"><ele>13.800000190734863</ele><time>2026-06-02T23:14:09Z</time></trkpt><trkpt lat="37.507808685302734" lon="126.8935317993164"><ele>14.0</ele><time>2026-06-02T23:14:10Z</time></trkpt><trkpt lat="37.50779342651367" lon="126.89353942871094"><ele>14.0</ele><time>2026-06-02T23:14:11Z</time></trkpt><trkpt lat="37.507774353027344" lon="126.89354705810547"><ele>14.0</ele><time>2026-06-02T23:14:12Z</time></trkpt><trkpt lat="37.50775146484375" lon="126.8935546875"><ele>14.0</ele><time>2026-06-02T23:14:13Z</time></trkpt><trkpt lat="37.50773620605469" lon="126.8935546875"><ele>14.0</ele><time>2026-06-02T23:14:14Z</time></trkpt><trkpt lat="37.507720947265625" lon="126.89356994628906"><ele>14.0</ele><time>2026-06-02T23:14:15Z</time></trkpt><trkpt lat="37.5077018737793" lon="126.89356994628906"><ele>14.0</ele><time>2026-06-02T23:14:16Z</time></trkpt><trkpt lat="37.50769805908203" lon="126.89356994628906"><ele>14.0</ele><time>2026-06-02T23:14:17Z</time></trkpt><trkpt lat="37.507694244384766" lon="126.89356994628906"><ele>14.0</ele><time>2026-06-02T23:14:18Z</time></trkpt><trkpt lat="37.507686614990234" lon="126.89356994628906"><ele>14.0</ele><time>2026-06-02T23:14:19Z</time></trkpt><trkpt lat="37.50767517089844" lon="126.8935775756836"><ele>14.0</ele><time>2026-06-02T23:14:20Z</time></trkpt><trkpt lat="37.507659912109375" lon="126.8935775756836"><ele>14.0</ele><time>2026-06-02T23:14:21Z</time></trkpt><trkpt lat="37.50764083862305" lon="126.89358520507812"><ele>14.0</ele><time>2026-06-02T23:14:22Z</time></trkpt><trkpt lat="37.507625579833984" lon="126.89359283447266"><ele>14.0</ele><time>2026-06-02T23:14:23Z</time></trkpt><trkpt lat="37.50761032104492" lon="126.89360046386719"><ele>14.0</ele><time>2026-06-02T23:14:24Z</time></trkpt><trkpt lat="37.507591247558594" lon="126.89360809326172"><ele>14.0</ele><time>2026-06-02T23:14:25Z</time></trkpt><trkpt lat="37.50757598876953" lon="126.89360809326172"><ele>14.0</ele><time>2026-06-02T23:14:26Z</time></trkpt><trkpt lat="37.507564544677734" lon="126.89361572265625"><ele>14.0</ele><time>2026-06-02T23:14:27Z</time></trkpt><trkpt lat="37.50754165649414" lon="126.8936538696289"><ele>14.0</ele><time>2026-06-02T23:14:28Z</time></trkpt><trkpt lat="37.50752639770508" lon="126.89366912841797"><ele>14.0</ele><time>2026-06-02T23:14:29Z</time></trkpt><trkpt lat="37.507511138916016" lon="126.89368438720703"><ele>14.0</ele><time>2026-06-02T23:14:30Z</time></trkpt><trkpt lat="37.50749588012695" lon="126.89369201660156"><ele>14.0</ele><time>2026-06-02T23:14:31Z</time></trkpt><trkpt lat="37.50748062133789" lon="126.89370727539062"><ele>14.0</ele><time>2026-06-02T23:14:32Z</time></trkpt><trkpt lat="37.507469177246094" lon="126.89370727539062"><ele>14.0</ele><time>2026-06-02T23:14:33Z</time></trkpt><trkpt lat="37.50745391845703" lon="126.89371490478516"><ele>14.0</ele><time>2026-06-02T23:14:34Z</time></trkpt><trkpt lat="37.5074348449707" lon="126.89372253417969"><ele>14.0</ele><time>2026-06-02T23:14:35Z</time></trkpt><trkpt lat="37.50741958618164" lon="126.89373016357422"><ele>14.0</ele><time>2026-06-02T23:14:36Z</time></trkpt><trkpt lat="37.50740432739258" lon="126.89373779296875"><ele>14.0</ele><time>2026-06-02T23:14:37Z</time></trkpt><trkpt lat="37.50739288330078" lon="126.89374542236328"><ele>14.0</ele><time>2026-06-02T23:14:38Z</time></trkpt><trkpt lat="37.50737762451172" lon="126.89375305175781"><ele>14.0</ele><time>2026-06-02T23:14:39Z</time></trkpt><trkpt lat="37.507362365722656" lon="126.89376068115234"><ele>14.0</ele><time>2026-06-02T23:14:40Z</time></trkpt><trkpt lat="37.50734329223633" lon="126.89376831054688"><ele>14.0</ele><time>2026-06-02T23:14:41Z</time></trkpt><trkpt lat="37.507328033447266" lon="126.89376068115234"><ele>14.199999809265137</ele><time>2026-06-02T23:14:42Z</time></trkpt><trkpt lat="37.50730895996094" lon="126.89376068115234"><ele>14.199999809265137</ele><time>2026-06-02T23:14:43Z</time></trkpt><trkpt lat="37.507293701171875" lon="126.89376831054688"><ele>14.199999809265137</ele><time>2026-06-02T23:14:44Z</time></trkpt><trkpt lat="37.507286071777344" lon="126.89376831054688"><ele>14.199999809265137</ele><time>2026-06-02T23:14:45Z</time></trkpt><trkpt lat="37.50727081298828" lon="126.8937759399414"><ele>14.199999809265137</ele><time>2026-06-02T23:14:46Z</time></trkpt><trkpt lat="37.507240295410156" lon="126.893798828125"><ele>14.0</ele><time>2026-06-02T23:14:47Z</time></trkpt><trkpt lat="37.50722122192383" lon="126.89381408691406"><ele>14.0</ele><time>2026-06-02T23:14:48Z</time></trkpt><trkpt lat="37.50719451904297" lon="126.8938217163086"><ele>14.199999809265137</ele><time>2026-06-02T23:14:49Z</time></trkpt><trkpt lat="37.50717544555664" lon="126.89382934570312"><ele>14.199999809265137</ele><time>2026-06-02T23:14:50Z</time></trkpt><trkpt lat="37.50715255737305" lon="126.89383697509766"><ele>14.199999809265137</ele><time>2026-06-02T23:14:51Z</time></trkpt><trkpt lat="37.50713348388672" lon="126.89384460449219"><ele>14.199999809265137</ele><time>2026-06-02T23:14:52Z</time></trkpt><trkpt lat="37.507118225097656" lon="126.89384460449219"><ele>14.199999809265137</ele><time>2026-06-02T23:14:53Z</time></trkpt><trkpt lat="37.50709533691406" lon="126.89385223388672"><ele>14.199999809265137</ele><time>2026-06-02T23:14:54Z</time></trkpt><trkpt lat="37.50707244873047" lon="126.89385986328125"><ele>14.199999809265137</ele><time>2026-06-02T23:14:55Z</time></trkpt><trkpt lat="37.50705337524414" lon="126.89385223388672"><ele>14.199999809265137</ele><time>2026-06-02T23:14:56Z</time></trkpt><trkpt lat="37.50703048706055" lon="126.89385223388672"><ele>14.199999809265137</ele><time>2026-06-02T23:14:57Z</time></trkpt><trkpt lat="37.507015228271484" lon="126.89385986328125"><ele>14.199999809265137</ele><time>2026-06-02T23:14:58Z</time></trkpt><trkpt lat="37.50699996948242" lon="126.89385986328125"><ele>14.199999809265137</ele><time>2026-06-02T23:14:59Z</time></trkpt><trkpt lat="37.50698471069336" lon="126.89387512207031"><ele>14.199999809265137</ele><time>2026-06-02T23:15:00Z</time></trkpt><trkpt lat="37.50697326660156" lon="126.89387512207031"><ele>14.199999809265137</ele><time>2026-06-02T23:15:01Z</time></trkpt><trkpt lat="37.5069580078125" lon="126.89388275146484"><ele>14.199999809265137</ele><time>2026-06-02T23:15:02Z</time></trkpt><trkpt lat="37.506935119628906" lon="126.89389038085938"><ele>14.199999809265137</ele><time>2026-06-02T23:15:03Z</time></trkpt><trkpt lat="37.50691604614258" lon="126.8938980102539"><ele>14.199999809265137</ele><time>2026-06-02T23:15:04Z</time></trkpt><trkpt lat="37.506893157958984" lon="126.89390563964844"><ele>14.199999809265137</ele><time>2026-06-02T23:15:05Z</time></trkpt><trkpt lat="37.506874084472656" lon="126.89391326904297"><ele>14.199999809265137</ele><time>2026-06-02T23:15:06Z</time></trkpt><trkpt lat="37.506866455078125" lon="126.8939208984375"><ele>14.199999809265137</ele><time>2026-06-02T23:15:07Z</time></trkpt><trkpt lat="37.50685119628906" lon="126.89392852783203"><ele>14.199999809265137</ele><time>2026-06-02T23:15:08Z</time></trkpt><trkpt lat="37.5068359375" lon="126.89393615722656"><ele>14.199999809265137</ele><time>2026-06-02T23:15:09Z</time></trkpt><trkpt lat="37.50682830810547" lon="126.8939437866211"><ele>14.0</ele><time>2026-06-02T23:15:10Z</time></trkpt><trkpt lat="37.50681686401367" lon="126.89395904541016"><ele>14.0</ele><time>2026-06-02T23:15:11Z</time></trkpt><trkpt lat="37.506805419921875" lon="126.89396667480469"><ele>14.199999809265137</ele><time>2026-06-02T23:15:12Z</time></trkpt><trkpt lat="37.506797790527344" lon="126.89397430419922"><ele>14.199999809265137</ele><time>2026-06-02T23:15:13Z</time></trkpt><trkpt lat="37.50678634643555" lon="126.89398193359375"><ele>14.0</ele><time>2026-06-02T23:15:14Z</time></trkpt><trkpt lat="37.506771087646484" lon="126.89398956298828"><ele>14.0</ele><time>2026-06-02T23:15:15Z</time></trkpt><trkpt lat="37.506752014160156" lon="126.89399719238281"><ele>14.0</ele><time>2026-06-02T23:15:16Z</time></trkpt><trkpt lat="37.50674057006836" lon="126.89400482177734"><ele>14.0</ele><time>2026-06-02T23:15:17Z</time></trkpt><trkpt lat="37.506717681884766" lon="126.89400482177734"><ele>14.0</ele><time>2026-06-02T23:15:18Z</time></trkpt><trkpt lat="37.5067024230957" lon="126.89401245117188"><ele>14.0</ele><time>2026-06-02T23:15:19Z</time></trkpt><trkpt lat="37.50668716430664" lon="126.8940200805664"><ele>14.0</ele><time>2026-06-02T23:15:20Z</time></trkpt><trkpt lat="37.50666809082031" lon="126.89402770996094"><ele>14.0</ele><time>2026-06-02T23:15:21Z</time></trkpt><trkpt lat="37.506649017333984" lon="126.89402770996094"><ele>13.800000190734863</ele><time>2026-06-02T23:15:22Z</time></trkpt><trkpt lat="37.506629943847656" lon="126.89403533935547"><ele>13.800000190734863</ele><time>2026-06-02T23:15:23Z</time></trkpt><trkpt lat="37.50660705566406" lon="126.89403533935547"><ele>13.800000190734863</ele><time>2026-06-02T23:15:24Z</time></trkpt><trkpt lat="37.506587982177734" lon="126.89405059814453"><ele>13.800000190734863</ele><time>2026-06-02T23:15:25Z</time></trkpt><trkpt lat="37.506568908691406" lon="126.89405822753906"><ele>13.800000190734863</ele><time>2026-06-02T23:15:26Z</time></trkpt><trkpt lat="37.50654220581055" lon="126.8940658569336"><ele>13.800000190734863</ele><time>2026-06-02T23:15:27Z</time></trkpt><trkpt lat="37.50652313232422" lon="126.89407348632812"><ele>13.800000190734863</ele><time>2026-06-02T23:15:28Z</time></trkpt><trkpt lat="37.50650405883789" lon="126.89408111572266"><ele>13.800000190734863</ele><time>2026-06-02T23:15:29Z</time></trkpt><trkpt lat="37.5064811706543" lon="126.89408111572266"><ele>13.800000190734863</ele><time>2026-06-02T23:15:30Z</time></trkpt><trkpt lat="37.50646209716797" lon="126.89408874511719"><ele>13.800000190734863</ele><time>2026-06-02T23:15:31Z</time></trkpt><trkpt lat="37.50644302368164" lon="126.89409637451172"><ele>14.0</ele><time>2026-06-02T23:15:32Z</time></trkpt><trkpt lat="37.50642776489258" lon="126.89410400390625"><ele>14.0</ele><time>2026-06-02T23:15:33Z</time></trkpt><trkpt lat="37.50640869140625" lon="126.89410400390625"><ele>14.0</ele><time>2026-06-02T23:15:34Z</time></trkpt><trkpt lat="37.50639343261719" lon="126.89411163330078"><ele>14.0</ele><time>2026-06-02T23:15:35Z</time></trkpt><trkpt lat="37.506378173828125" lon="126.89411163330078"><ele>14.0</ele><time>2026-06-02T23:15:36Z</time></trkpt><trkpt lat="37.5063591003418" lon="126.89410400390625"><ele>14.0</ele><time>2026-06-02T23:15:37Z</time></trkpt><trkpt lat="37.506343841552734" lon="126.89410400390625"><ele>14.0</ele><time>2026-06-02T23:15:38Z</time></trkpt><trkpt lat="37.50632858276367" lon="126.89410400390625"><ele>14.0</ele><time>2026-06-02T23:15:39Z</time></trkpt><trkpt lat="37.506309509277344" lon="126.89410400390625"><ele>14.0</ele><time>2026-06-02T23:15:40Z</time></trkpt><trkpt lat="37.50629425048828" lon="126.89409637451172"><ele>14.0</ele><time>2026-06-02T23:15:41Z</time></trkpt><trkpt lat="37.50627517700195" lon="126.89408874511719"><ele>14.199999809265137</ele><time>2026-06-02T23:15:42Z</time></trkpt><trkpt lat="37.506256103515625" lon="126.89408111572266"><ele>14.199999809265137</ele><time>2026-06-02T23:15:43Z</time></trkpt><trkpt lat="37.50624084472656" lon="126.89408111572266"><ele>14.199999809265137</ele><time>2026-06-02T23:15:44Z</time></trkpt><trkpt lat="37.5062255859375" lon="126.89407348632812"><ele>14.199999809265137</ele><time>2026-06-02T23:15:45Z</time></trkpt><trkpt lat="37.506202697753906" lon="126.8940658569336"><ele>14.199999809265137</ele><time>2026-06-02T23:15:46Z</time></trkpt><trkpt lat="37.50618362426758" lon="126.8940658569336"><ele>14.199999809265137</ele><time>2026-06-02T23:15:47Z</time></trkpt><trkpt lat="37.50616455078125" lon="126.89405822753906"><ele>14.399999618530273</ele><time>2026-06-02T23:15:48Z</time></trkpt><trkpt lat="37.506141662597656" lon="126.89404296875"><ele>14.399999618530273</ele><time>2026-06-02T23:15:49Z</time></trkpt><trkpt lat="37.506126403808594" lon="126.89404296875"><ele>14.399999618530273</ele><time>2026-06-02T23:15:50Z</time></trkpt><trkpt lat="37.50611114501953" lon="126.89403533935547"><ele>14.399999618530273</ele><time>2026-06-02T23:15:51Z</time></trkpt><trkpt lat="37.5060920715332" lon="126.89403533935547"><ele>14.399999618530273</ele><time>2026-06-02T23:15:52Z</time></trkpt><trkpt lat="37.50607681274414" lon="126.89403533935547"><ele>14.399999618530273</ele><time>2026-06-02T23:15:53Z</time></trkpt><trkpt lat="37.50606155395508" lon="126.89403533935547"><ele>14.199999809265137</ele><time>2026-06-02T23:15:54Z</time></trkpt><trkpt lat="37.50604248046875" lon="126.89403533935547"><ele>14.199999809265137</ele><time>2026-06-02T23:15:55Z</time></trkpt><trkpt lat="37.50603103637695" lon="126.89402770996094"><ele>14.399999618530273</ele><time>2026-06-02T23:15:56Z</time></trkpt><trkpt lat="37.50601577758789" lon="126.8940200805664"><ele>14.399999618530273</ele><time>2026-06-02T23:15:57Z</time></trkpt><trkpt lat="37.50600051879883" lon="126.89401245117188"><ele>14.399999618530273</ele><time>2026-06-02T23:15:58Z</time></trkpt><trkpt lat="37.5059814453125" lon="126.89401245117188"><ele>14.399999618530273</ele><time>2026-06-02T23:15:59Z</time></trkpt><trkpt lat="37.50596237182617" lon="126.89400482177734"><ele>14.399999618530273</ele><time>2026-06-02T23:16:00Z</time></trkpt><trkpt lat="37.50593948364258" lon="126.89400482177734"><ele>14.399999618530273</ele><time>2026-06-02T23:16:01Z</time></trkpt><trkpt lat="37.505916595458984" lon="126.89398956298828"><ele>14.399999618530273</ele><time>2026-06-02T23:16:02Z</time></trkpt><trkpt lat="37.505897521972656" lon="126.89398956298828"><ele>14.399999618530273</ele><time>2026-06-02T23:16:03Z</time></trkpt><trkpt lat="37.50587844848633" lon="126.89398193359375"><ele>14.399999618530273</ele><time>2026-06-02T23:16:04Z</time></trkpt><trkpt lat="37.505859375" lon="126.89397430419922"><ele>14.399999618530273</ele><time>2026-06-02T23:16:05Z</time></trkpt><trkpt lat="37.50584411621094" lon="126.89396667480469"><ele>14.399999618530273</ele><time>2026-06-02T23:16:06Z</time></trkpt><trkpt lat="37.505821228027344" lon="126.89395904541016"><ele>14.600000381469727</ele><time>2026-06-02T23:16:07Z</time></trkpt><trkpt lat="37.505802154541016" lon="126.89395904541016"><ele>14.600000381469727</ele><time>2026-06-02T23:16:08Z</time></trkpt><trkpt lat="37.50578689575195" lon="126.89395904541016"><ele>14.600000381469727</ele><time>2026-06-02T23:16:09Z</time></trkpt><trkpt lat="37.50579071044922" lon="126.89396667480469"><ele>14.600000381469727</ele><time>2026-06-02T23:16:10Z</time></trkpt><trkpt lat="37.505775451660156" lon="126.89396667480469"><ele>14.600000381469727</ele><time>2026-06-02T23:16:11Z</time></trkpt><trkpt lat="37.50575637817383" lon="126.89395904541016"><ele>14.600000381469727</ele><time>2026-06-02T23:16:12Z</time></trkpt><trkpt lat="37.505741119384766" lon="126.89395904541016"><ele>14.600000381469727</ele><time>2026-06-02T23:16:13Z</time></trkpt><trkpt lat="37.50572204589844" lon="126.89395904541016"><ele>14.600000381469727</ele><time>2026-06-02T23:16:14Z</time></trkpt><trkpt lat="37.505714416503906" lon="126.89395141601562"><ele>14.600000381469727</ele><time>2026-06-02T23:16:15Z</time></trkpt><trkpt lat="37.50570297241211" lon="126.8939437866211"><ele>14.600000381469727</ele><time>2026-06-02T23:16:16Z</time></trkpt><trkpt lat="37.50568389892578" lon="126.8939437866211"><ele>14.600000381469727</ele><time>2026-06-02T23:16:17Z</time></trkpt><trkpt lat="37.50567626953125" lon="126.89393615722656"><ele>14.600000381469727</ele><time>2026-06-02T23:16:18Z</time></trkpt><trkpt lat="37.50566482543945" lon="126.89393615722656"><ele>14.800000190734863</ele><time>2026-06-02T23:16:19Z</time></trkpt><trkpt lat="37.50565719604492" lon="126.89392852783203"><ele>14.800000190734863</ele><time>2026-06-02T23:16:20Z</time></trkpt><trkpt lat="37.505645751953125" lon="126.89392852783203"><ele>14.800000190734863</ele><time>2026-06-02T23:16:21Z</time></trkpt><trkpt lat="37.50563430786133" lon="126.89392852783203"><ele>14.800000190734863</ele><time>2026-06-02T23:16:22Z</time></trkpt><trkpt lat="37.505619049072266" lon="126.89392852783203"><ele>14.800000190734863</ele><time>2026-06-02T23:16:23Z</time></trkpt><trkpt lat="37.505611419677734" lon="126.89392852783203"><ele>14.800000190734863</ele><time>2026-06-02T23:16:24Z</time></trkpt><trkpt lat="37.50559616088867" lon="126.8939208984375"><ele>14.800000190734863</ele><time>2026-06-02T23:16:25Z</time></trkpt><trkpt lat="37.50557327270508" lon="126.89391326904297"><ele>14.800000190734863</ele><time>2026-06-02T23:16:26Z</time></trkpt><trkpt lat="37.50556564331055" lon="126.89391326904297"><ele>14.800000190734863</ele><time>2026-06-02T23:16:27Z</time></trkpt><trkpt lat="37.50554656982422" lon="126.8938980102539"><ele>14.800000190734863</ele><time>2026-06-02T23:16:28Z</time></trkpt><trkpt lat="37.50552749633789" lon="126.8938980102539"><ele>14.800000190734863</ele><time>2026-06-02T23:16:29Z</time></trkpt><trkpt lat="37.50550842285156" lon="126.8938980102539"><ele>14.800000190734863</ele><time>2026-06-02T23:16:30Z</time></trkpt><trkpt lat="37.505489349365234" lon="126.89389038085938"><ele>14.800000190734863</ele><time>2026-06-02T23:16:31Z</time></trkpt><trkpt lat="37.505470275878906" lon="126.89389038085938"><ele>14.800000190734863</ele><time>2026-06-02T23:16:32Z</time></trkpt><trkpt lat="37.505455017089844" lon="126.89388275146484"><ele>14.800000190734863</ele><time>2026-06-02T23:16:33Z</time></trkpt><trkpt lat="37.505435943603516" lon="126.89387512207031"><ele>14.800000190734863</ele><time>2026-06-02T23:16:34Z</time></trkpt><trkpt lat="37.50541687011719" lon="126.89387512207031"><ele>15.0</ele><time>2026-06-02T23:16:35Z</time></trkpt><trkpt lat="37.505393981933594" lon="126.89387512207031"><ele>15.0</ele><time>2026-06-02T23:16:36Z</time></trkpt><trkpt lat="37.505374908447266" lon="126.89386749267578"><ele>15.0</ele><time>2026-06-02T23:16:37Z</time></trkpt><trkpt lat="37.5053596496582" lon="126.89386749267578"><ele>15.0</ele><time>2026-06-02T23:16:38Z</time></trkpt><trkpt lat="37.50533676147461" lon="126.89386749267578"><ele>15.0</ele><time>2026-06-02T23:16:39Z</time></trkpt><trkpt lat="37.50532150268555" lon="126.89385986328125"><ele>15.0</ele><time>2026-06-02T23:16:40Z</time></trkpt><trkpt lat="37.505306243896484" lon="126.89385986328125"><ele>15.0</ele><time>2026-06-02T23:16:41Z</time></trkpt><trkpt lat="37.505287170410156" lon="126.89385986328125"><ele>15.0</ele><time>2026-06-02T23:16:42Z</time></trkpt><trkpt lat="37.505271911621094" lon="126.89385223388672"><ele>15.0</ele><time>2026-06-02T23:16:43Z</time></trkpt><trkpt lat="37.505252838134766" lon="126.89385223388672"><ele>15.0</ele><time>2026-06-02T23:16:44Z</time></trkpt><trkpt lat="37.50523376464844" lon="126.89384460449219"><ele>15.0</ele><time>2026-06-02T23:16:45Z</time></trkpt><trkpt lat="37.505218505859375" lon="126.89383697509766"><ele>15.0</ele><time>2026-06-02T23:16:46Z</time></trkpt><trkpt lat="37.50520706176758" lon="126.89383697509766"><ele>15.199999809265137</ele><time>2026-06-02T23:16:47Z</time></trkpt><trkpt lat="37.50518798828125" lon="126.89383697509766"><ele>15.199999809265137</ele><time>2026-06-02T23:16:48Z</time></trkpt><trkpt lat="37.50517272949219" lon="126.89383697509766"><ele>15.199999809265137</ele><time>2026-06-02T23:16:49Z</time></trkpt><trkpt lat="37.50515365600586" lon="126.89382934570312"><ele>15.199999809265137</ele><time>2026-06-02T23:16:50Z</time></trkpt><trkpt lat="37.505130767822266" lon="126.89382934570312"><ele>15.199999809265137</ele><time>2026-06-02T23:16:51Z</time></trkpt><trkpt lat="37.50511169433594" lon="126.89382934570312"><ele>15.199999809265137</ele><time>2026-06-02T23:16:52Z</time></trkpt><trkpt lat="37.50509262084961" lon="126.8938217163086"><ele>15.199999809265137</ele><time>2026-06-02T23:16:53Z</time></trkpt><trkpt lat="37.50507354736328" lon="126.89381408691406"><ele>15.199999809265137</ele><time>2026-06-02T23:16:54Z</time></trkpt><trkpt lat="37.50505447387695" lon="126.89380645751953"><ele>15.199999809265137</ele><time>2026-06-02T23:16:55Z</time></trkpt><trkpt lat="37.50503158569336" lon="126.893798828125"><ele>15.199999809265137</ele><time>2026-06-02T23:16:56Z</time></trkpt><trkpt lat="37.5050163269043" lon="126.893798828125"><ele>15.199999809265137</ele><time>2026-06-02T23:16:57Z</time></trkpt><trkpt lat="37.50499725341797" lon="126.89379119873047"><ele>15.199999809265137</ele><time>2026-06-02T23:16:58Z</time></trkpt><trkpt lat="37.50497817993164" lon="126.89379119873047"><ele>15.199999809265137</ele><time>2026-06-02T23:16:59Z</time></trkpt><trkpt lat="37.50496292114258" lon="126.89379119873047"><ele>15.199999809265137</ele><time>2026-06-02T23:17:00Z</time></trkpt><trkpt lat="37.50494384765625" lon="126.89378356933594"><ele>15.199999809265137</ele><time>2026-06-02T23:17:01Z</time></trkpt><trkpt lat="37.50492477416992" lon="126.89378356933594"><ele>15.199999809265137</ele><time>2026-06-02T23:17:02Z</time></trkpt><trkpt lat="37.504905700683594" lon="126.89379119873047"><ele>15.199999809265137</ele><time>2026-06-02T23:17:03Z</time></trkpt><trkpt lat="37.504878997802734" lon="126.89378356933594"><ele>15.199999809265137</ele><time>2026-06-02T23:17:04Z</time></trkpt><trkpt lat="37.50486373901367" lon="126.89378356933594"><ele>15.0</ele><time>2026-06-02T23:17:05Z</time></trkpt><trkpt lat="37.50484848022461" lon="126.8937759399414"><ele>15.0</ele><time>2026-06-02T23:17:06Z</time></trkpt><trkpt lat="37.50482940673828" lon="126.8937759399414"><ele>15.0</ele><time>2026-06-02T23:17:07Z</time></trkpt><trkpt lat="37.50481033325195" lon="126.89376831054688"><ele>15.0</ele><time>2026-06-02T23:17:08Z</time></trkpt><trkpt lat="37.504791259765625" lon="126.89376831054688"><ele>15.0</ele><time>2026-06-02T23:17:09Z</time></trkpt><trkpt lat="37.5047721862793" lon="126.89376068115234"><ele>15.0</ele><time>2026-06-02T23:17:10Z</time></trkpt><trkpt lat="37.504756927490234" lon="126.89376068115234"><ele>15.0</ele><time>2026-06-02T23:17:11Z</time></trkpt><trkpt lat="37.504737854003906" lon="126.89376068115234"><ele>15.0</ele><time>2026-06-02T23:17:12Z</time></trkpt><trkpt lat="37.50471878051758" lon="126.89376068115234"><ele>15.199999809265137</ele><time>2026-06-02T23:17:13Z</time></trkpt><trkpt lat="37.50469970703125" lon="126.89376068115234"><ele>15.199999809265137</ele><time>2026-06-02T23:17:14Z</time></trkpt><trkpt lat="37.50468063354492" lon="126.89376068115234"><ele>15.199999809265137</ele><time>2026-06-02T23:17:15Z</time></trkpt><trkpt lat="37.504661560058594" lon="126.89376068115234"><ele>15.199999809265137</ele><time>2026-06-02T23:17:16Z</time></trkpt><trkpt lat="37.504642486572266" lon="126.89376068115234"><ele>15.199999809265137</ele><time>2026-06-02T23:17:17Z</time></trkpt><trkpt lat="37.50462341308594" lon="126.89375305175781"><ele>15.199999809265137</ele><time>2026-06-02T23:17:18Z</time></trkpt><trkpt lat="37.50460433959961" lon="126.89374542236328"><ele>15.199999809265137</ele><time>2026-06-02T23:17:19Z</time></trkpt><trkpt lat="37.50458908081055" lon="126.89373779296875"><ele>15.399999618530273</ele><time>2026-06-02T23:17:20Z</time></trkpt><trkpt lat="37.50457000732422" lon="126.89373779296875"><ele>15.399999618530273</ele><time>2026-06-02T23:17:21Z</time></trkpt><trkpt lat="37.504554748535156" lon="126.89373016357422"><ele>15.399999618530273</ele><time>2026-06-02T23:17:22Z</time></trkpt><trkpt lat="37.50453567504883" lon="126.89373016357422"><ele>15.399999618530273</ele><time>2026-06-02T23:17:23Z</time></trkpt><trkpt lat="37.5045166015625" lon="126.89372253417969"><ele>15.399999618530273</ele><time>2026-06-02T23:17:24Z</time></trkpt><trkpt lat="37.50449752807617" lon="126.89372253417969"><ele>15.399999618530273</ele><time>2026-06-02T23:17:25Z</time></trkpt><trkpt lat="37.504478454589844" lon="126.89371490478516"><ele>15.399999618530273</ele><time>2026-06-02T23:17:26Z</time></trkpt><trkpt lat="37.504459381103516" lon="126.89370727539062"><ele>15.399999618530273</ele><time>2026-06-02T23:17:27Z</time></trkpt><trkpt lat="37.50444412231445" lon="126.89370727539062"><ele>15.399999618530273</ele><time>2026-06-02T23:17:28Z</time></trkpt><trkpt lat="37.504425048828125" lon="126.8936996459961"><ele>15.600000381469727</ele><time>2026-06-02T23:17:29Z</time></trkpt><trkpt lat="37.50440979003906" lon="126.89369201660156"><ele>15.600000381469727</ele><time>2026-06-02T23:17:30Z</time></trkpt><trkpt lat="37.50439453125" lon="126.89369201660156"><ele>15.600000381469727</ele><time>2026-06-02T23:17:31Z</time></trkpt><trkpt lat="37.504371643066406" lon="126.89368438720703"><ele>15.600000381469727</ele><time>2026-06-02T23:17:32Z</time></trkpt><trkpt lat="37.504356384277344" lon="126.8936767578125"><ele>15.399999618530273</ele><time>2026-06-02T23:17:33Z</time></trkpt><trkpt lat="37.50434112548828" lon="126.8936767578125"><ele>15.399999618530273</ele><time>2026-06-02T23:17:34Z</time></trkpt><trkpt lat="37.50431823730469" lon="126.8936767578125"><ele>15.399999618530273</ele><time>2026-06-02T23:17:35Z</time></trkpt><trkpt lat="37.50430679321289" lon="126.8936767578125"><ele>15.399999618530273</ele><time>2026-06-02T23:17:36Z</time></trkpt><trkpt lat="37.50428771972656" lon="126.8936767578125"><ele>15.399999618530273</ele><time>2026-06-02T23:17:37Z</time></trkpt><trkpt lat="37.504268646240234" lon="126.89366912841797"><ele>15.399999618530273</ele><time>2026-06-02T23:17:38Z</time></trkpt><trkpt lat="37.504249572753906" lon="126.89366912841797"><ele>15.399999618530273</ele><time>2026-06-02T23:17:39Z</time></trkpt><trkpt lat="37.50423049926758" lon="126.89366912841797"><ele>15.600000381469727</ele><time>2026-06-02T23:17:40Z</time></trkpt><trkpt lat="37.50421142578125" lon="126.89366149902344"><ele>15.600000381469727</ele><time>2026-06-02T23:17:41Z</time></trkpt><trkpt lat="37.50419616699219" lon="126.89366149902344"><ele>15.600000381469727</ele><time>2026-06-02T23:17:42Z</time></trkpt><trkpt lat="37.504180908203125" lon="126.89366149902344"><ele>15.800000190734863</ele><time>2026-06-02T23:17:43Z</time></trkpt><trkpt lat="37.50415802001953" lon="126.89366149902344"><ele>15.800000190734863</ele><time>2026-06-02T23:17:44Z</time></trkpt><trkpt lat="37.50414276123047" lon="126.89366149902344"><ele>15.800000190734863</ele><time>2026-06-02T23:17:45Z</time></trkpt><trkpt lat="37.50412368774414" lon="126.8936538696289"><ele>15.800000190734863</ele><time>2026-06-02T23:17:46Z</time></trkpt><trkpt lat="37.50410079956055" lon="126.8936538696289"><ele>15.800000190734863</ele><time>2026-06-02T23:17:47Z</time></trkpt><trkpt lat="37.504085540771484" lon="126.89364624023438"><ele>15.800000190734863</ele><time>2026-06-02T23:17:48Z</time></trkpt><trkpt lat="37.50407028198242" lon="126.89364624023438"><ele>16.0</ele><time>2026-06-02T23:17:49Z</time></trkpt><trkpt lat="37.504051208496094" lon="126.89364624023438"><ele>16.200000762939453</ele><time>2026-06-02T23:17:50Z</time></trkpt><trkpt lat="37.5040397644043" lon="126.89363861083984"><ele>16.200000762939453</ele><time>2026-06-02T23:17:51Z</time></trkpt><trkpt lat="37.504024505615234" lon="126.89363861083984"><ele>16.399999618530273</ele><time>2026-06-02T23:17:52Z</time></trkpt><trkpt lat="37.50400924682617" lon="126.89363098144531"><ele>16.600000381469727</ele><time>2026-06-02T23:17:53Z</time></trkpt><trkpt lat="37.503990173339844" lon="126.89363098144531"><ele>16.799999237060547</ele><time>2026-06-02T23:17:54Z</time></trkpt><trkpt lat="37.50397491455078" lon="126.89363098144531"><ele>16.799999237060547</ele><time>2026-06-02T23:17:55Z</time></trkpt><trkpt lat="37.50395584106445" lon="126.89362335205078"><ele>17.0</ele><time>2026-06-02T23:17:56Z</time></trkpt><trkpt lat="37.503936767578125" lon="126.89361572265625"><ele>17.200000762939453</ele><time>2026-06-02T23:17:57Z</time></trkpt><trkpt lat="37.50392150878906" lon="126.89361572265625"><ele>17.200000762939453</ele><time>2026-06-02T23:17:58Z</time></trkpt><trkpt lat="37.50389862060547" lon="126.89360809326172"><ele>17.200000762939453</ele><time>2026-06-02T23:17:59Z</time></trkpt><trkpt lat="37.503883361816406" lon="126.89360809326172"><ele>17.200000762939453</ele><time>2026-06-02T23:18:00Z</time></trkpt><trkpt lat="37.50386047363281" lon="126.89360809326172"><ele>17.399999618530273</ele><time>2026-06-02T23:18:01Z</time></trkpt><trkpt lat="37.503841400146484" lon="126.89360046386719"><ele>17.399999618530273</ele><time>2026-06-02T23:18:02Z</time></trkpt><trkpt lat="37.50382995605469" lon="126.89360046386719"><ele>17.399999618530273</ele><time>2026-06-02T23:18:03Z</time></trkpt><trkpt lat="37.50381088256836" lon="126.89359283447266"><ele>17.600000381469727</ele><time>2026-06-02T23:18:04Z</time></trkpt><trkpt lat="37.503787994384766" lon="126.89358520507812"><ele>17.600000381469727</ele><time>2026-06-02T23:18:05Z</time></trkpt><trkpt lat="37.50377655029297" lon="126.89358520507812"><ele>17.399999618530273</ele><time>2026-06-02T23:18:06Z</time></trkpt><trkpt lat="37.503753662109375" lon="126.8935775756836"><ele>17.399999618530273</ele><time>2026-06-02T23:18:07Z</time></trkpt><trkpt lat="37.50373458862305" lon="126.8935775756836"><ele>17.399999618530273</ele><time>2026-06-02T23:18:08Z</time></trkpt><trkpt lat="37.503719329833984" lon="126.8935775756836"><ele>17.399999618530273</ele><time>2026-06-02T23:18:09Z</time></trkpt><trkpt lat="37.50369644165039" lon="126.89356994628906"><ele>17.399999618530273</ele><time>2026-06-02T23:18:10Z</time></trkpt><trkpt lat="37.50368118286133" lon="126.89356231689453"><ele>17.399999618530273</ele><time>2026-06-02T23:18:11Z</time></trkpt><trkpt lat="37.503662109375" lon="126.89356994628906"><ele>17.399999618530273</ele><time>2026-06-02T23:18:12Z</time></trkpt><trkpt lat="37.50364303588867" lon="126.89356231689453"><ele>17.399999618530273</ele><time>2026-06-02T23:18:13Z</time></trkpt><trkpt lat="37.503631591796875" lon="126.89356231689453"><ele>17.399999618530273</ele><time>2026-06-02T23:18:14Z</time></trkpt><trkpt lat="37.50360870361328" lon="126.8935546875"><ele>17.399999618530273</ele><time>2026-06-02T23:18:15Z</time></trkpt><trkpt lat="37.50358963012695" lon="126.8935546875"><ele>17.399999618530273</ele><time>2026-06-02T23:18:16Z</time></trkpt><trkpt lat="37.50357437133789" lon="126.89356231689453"><ele>17.600000381469727</ele><time>2026-06-02T23:18:17Z</time></trkpt><trkpt lat="37.50355529785156" lon="126.8935546875"><ele>17.600000381469727</ele><time>2026-06-02T23:18:18Z</time></trkpt><trkpt lat="37.5035400390625" lon="126.8935546875"><ele>17.600000381469727</ele><time>2026-06-02T23:18:19Z</time></trkpt><trkpt lat="37.50352478027344" lon="126.8935546875"><ele>17.600000381469727</ele><time>2026-06-02T23:18:20Z</time></trkpt><trkpt lat="37.50350570678711" lon="126.89354705810547"><ele>17.399999618530273</ele><time>2026-06-02T23:18:21Z</time></trkpt><trkpt lat="37.50348663330078" lon="126.89354705810547"><ele>17.399999618530273</ele><time>2026-06-02T23:18:22Z</time></trkpt><trkpt lat="37.50347137451172" lon="126.89354705810547"><ele>17.200000762939453</ele><time>2026-06-02T23:18:23Z</time></trkpt><trkpt lat="37.50345230102539" lon="126.89353942871094"><ele>17.200000762939453</ele><time>2026-06-02T23:18:24Z</time></trkpt><trkpt lat="37.50343704223633" lon="126.89354705810547"><ele>17.0</ele><time>2026-06-02T23:18:25Z</time></trkpt><trkpt lat="37.50341796875" lon="126.89353942871094"><ele>17.0</ele><time>2026-06-02T23:18:26Z</time></trkpt><trkpt lat="37.50339889526367" lon="126.89353942871094"><ele>17.0</ele><time>2026-06-02T23:18:27Z</time></trkpt><trkpt lat="37.503387451171875" lon="126.89353942871094"><ele>17.0</ele><time>2026-06-02T23:18:28Z</time></trkpt><trkpt lat="37.50336456298828" lon="126.89353942871094"><ele>17.0</ele><time>2026-06-02T23:18:29Z</time></trkpt><trkpt lat="37.50334548950195" lon="126.8935317993164"><ele>16.799999237060547</ele><time>2026-06-02T23:18:30Z</time></trkpt><trkpt lat="37.503326416015625" lon="126.8935317993164"><ele>16.799999237060547</ele><time>2026-06-02T23:18:31Z</time></trkpt><trkpt lat="37.50331115722656" lon="126.89352416992188"><ele>16.600000381469727</ele><time>2026-06-02T23:18:32Z</time></trkpt><trkpt lat="37.503292083740234" lon="126.89352416992188"><ele>16.399999618530273</ele><time>2026-06-02T23:18:33Z</time></trkpt><trkpt lat="37.50327682495117" lon="126.89351654052734"><ele>16.399999618530273</ele><time>2026-06-02T23:18:34Z</time></trkpt><trkpt lat="37.50326156616211" lon="126.89351654052734"><ele>16.200000762939453</ele><time>2026-06-02T23:18:35Z</time></trkpt><trkpt lat="37.50324630737305" lon="126.89350891113281"><ele>16.200000762939453</ele><time>2026-06-02T23:18:36Z</time></trkpt><trkpt lat="37.50323486328125" lon="126.89350891113281"><ele>16.200000762939453</ele><time>2026-06-02T23:18:37Z</time></trkpt><trkpt lat="37.50321960449219" lon="126.89350128173828"><ele>16.200000762939453</ele><time>2026-06-02T23:18:38Z</time></trkpt><trkpt lat="37.503204345703125" lon="126.89350128173828"><ele>16.200000762939453</ele><time>2026-06-02T23:18:39Z</time></trkpt><trkpt lat="37.50318908691406" lon="126.89349365234375"><ele>16.200000762939453</ele><time>2026-06-02T23:18:40Z</time></trkpt><trkpt lat="37.503173828125" lon="126.89349365234375"><ele>16.200000762939453</ele><time>2026-06-02T23:18:41Z</time></trkpt><trkpt lat="37.5031623840332" lon="126.89348602294922"><ele>16.200000762939453</ele><time>2026-06-02T23:18:42Z</time></trkpt><trkpt lat="37.50315475463867" lon="126.89348602294922"><ele>16.200000762939453</ele><time>2026-06-02T23:18:43Z</time></trkpt><trkpt lat="37.503143310546875" lon="126.89348602294922"><ele>16.200000762939453</ele><time>2026-06-02T23:18:44Z</time></trkpt><trkpt lat="37.503143310546875" lon="126.89348602294922"><ele>16.200000762939453</ele><time>2026-06-02T23:18:45Z</time></trkpt><trkpt lat="37.50189208984375" lon="126.89309692382812"><ele>17.200000762939453</ele><time>2026-06-02T23:19:44Z</time></trkpt><trkpt lat="37.50187301635742" lon="126.89309692382812"><ele>17.200000762939453</ele><time>2026-06-02T23:19:45Z</time></trkpt><trkpt lat="37.50190353393555" lon="126.89312744140625"><ele>17.0</ele><time>2026-06-02T23:19:46Z</time></trkpt><trkpt lat="37.50193405151367" lon="126.89315795898438"><ele>16.799999237060547</ele><time>2026-06-02T23:19:47Z</time></trkpt><trkpt lat="37.50192642211914" lon="126.89317321777344"><ele>16.799999237060547</ele><time>2026-06-02T23:19:48Z</time></trkpt><trkpt lat="37.50190734863281" lon="126.89319610595703"><ele>16.799999237060547</ele><time>2026-06-02T23:19:49Z</time></trkpt><trkpt lat="37.501895904541016" lon="126.89320373535156"><ele>16.600000381469727</ele><time>2026-06-02T23:19:50Z</time></trkpt><trkpt lat="37.50188064575195" lon="126.8932113647461"><ele>16.600000381469727</ele><time>2026-06-02T23:19:51Z</time></trkpt><trkpt lat="37.501861572265625" lon="126.89321899414062"><ele>16.600000381469727</ele><time>2026-06-02T23:19:52Z</time></trkpt><trkpt lat="37.50185012817383" lon="126.89321899414062"><ele>16.600000381469727</ele><time>2026-06-02T23:19:53Z</time></trkpt><trkpt lat="37.501827239990234" lon="126.89322662353516"><ele>16.799999237060547</ele><time>2026-06-02T23:19:54Z</time></trkpt><trkpt lat="37.50181198120117" lon="126.89322662353516"><ele>16.799999237060547</ele><time>2026-06-02T23:19:55Z</time></trkpt><trkpt lat="37.501792907714844" lon="126.89323425292969"><ele>17.0</ele><time>2026-06-02T23:19:56Z</time></trkpt><trkpt lat="37.501773834228516" lon="126.89323425292969"><ele>17.0</ele><time>2026-06-02T23:19:57Z</time></trkpt><trkpt lat="37.50175094604492" lon="126.89324188232422"><ele>17.0</ele><time>2026-06-02T23:19:58Z</time></trkpt><trkpt lat="37.501739501953125" lon="126.89324188232422"><ele>17.0</ele><time>2026-06-02T23:19:59Z</time></trkpt><trkpt lat="37.50172424316406" lon="126.89323425292969"><ele>17.0</ele><time>2026-06-02T23:20:00Z</time></trkpt><trkpt lat="37.501705169677734" lon="126.89323425292969"><ele>17.0</ele><time>2026-06-02T23:20:01Z</time></trkpt><trkpt lat="37.50168991088867" lon="126.89323425292969"><ele>17.0</ele><time>2026-06-02T23:20:02Z</time></trkpt><trkpt lat="37.50166702270508" lon="126.89322662353516"><ele>17.0</ele><time>2026-06-02T23:20:03Z</time></trkpt><trkpt lat="37.501651763916016" lon="126.89323425292969"><ele>17.0</ele><time>2026-06-02T23:20:04Z</time></trkpt><trkpt lat="37.501625061035156" lon="126.89323425292969"><ele>16.799999237060547</ele><time>2026-06-02T23:20:05Z</time></trkpt><trkpt lat="37.50161361694336" lon="126.89323425292969"><ele>16.799999237060547</ele><time>2026-06-02T23:20:06Z</time></trkpt><trkpt lat="37.501590728759766" lon="126.89323425292969"><ele>16.799999237060547</ele><time>2026-06-02T23:20:07Z</time></trkpt><trkpt lat="37.50157165527344" lon="126.89323425292969"><ele>16.799999237060547</ele><time>2026-06-02T23:20:08Z</time></trkpt><trkpt lat="37.501556396484375" lon="126.89323425292969"><ele>16.799999237060547</ele><time>2026-06-02T23:20:09Z</time></trkpt><trkpt lat="37.50153350830078" lon="126.89323425292969"><ele>16.799999237060547</ele><time>2026-06-02T23:20:10Z</time></trkpt><trkpt lat="37.50151824951172" lon="126.89324188232422"><ele>16.799999237060547</ele><time>2026-06-02T23:20:11Z</time></trkpt><trkpt lat="37.501495361328125" lon="126.89324188232422"><ele>16.799999237060547</ele><time>2026-06-02T23:20:12Z</time></trkpt><trkpt lat="37.5014762878418" lon="126.89324188232422"><ele>16.799999237060547</ele><time>2026-06-02T23:20:13Z</time></trkpt><trkpt lat="37.50145721435547" lon="126.89324188232422"><ele>16.799999237060547</ele><time>2026-06-02T23:20:14Z</time></trkpt><trkpt lat="37.50143051147461" lon="126.89324188232422"><ele>16.799999237060547</ele><time>2026-06-02T23:20:15Z</time></trkpt><trkpt lat="37.50141143798828" lon="126.89324951171875"><ele>16.799999237060547</ele><time>2026-06-02T23:20:16Z</time></trkpt><trkpt lat="37.50139617919922" lon="126.89324951171875"><ele>16.799999237060547</ele><time>2026-06-02T23:20:17Z</time></trkpt><trkpt lat="37.501373291015625" lon="126.89325714111328"><ele>16.799999237060547</ele><time>2026-06-02T23:20:18Z</time></trkpt><trkpt lat="37.5013542175293" lon="126.89325714111328"><ele>16.799999237060547</ele><time>2026-06-02T23:20:19Z</time></trkpt><trkpt lat="37.501338958740234" lon="126.89325714111328"><ele>16.799999237060547</ele><time>2026-06-02T23:20:20Z</time></trkpt><trkpt lat="37.501319885253906" lon="126.89325714111328"><ele>16.799999237060547</ele><time>2026-06-02T23:20:21Z</time></trkpt><trkpt lat="37.501304626464844" lon="126.89325714111328"><ele>16.799999237060547</ele><time>2026-06-02T23:20:22Z</time></trkpt><trkpt lat="37.50128936767578" lon="126.89326477050781"><ele>16.799999237060547</ele><time>2026-06-02T23:20:23Z</time></trkpt><trkpt lat="37.50126647949219" lon="126.89326477050781"><ele>16.799999237060547</ele><time>2026-06-02T23:20:24Z</time></trkpt><trkpt lat="37.501251220703125" lon="126.89326477050781"><ele>16.799999237060547</ele><time>2026-06-02T23:20:25Z</time></trkpt><trkpt lat="37.5012321472168" lon="126.89326477050781"><ele>16.799999237060547</ele><time>2026-06-02T23:20:26Z</time></trkpt><trkpt lat="37.50121307373047" lon="126.89326477050781"><ele>16.799999237060547</ele><time>2026-06-02T23:20:27Z</time></trkpt><trkpt lat="37.501197814941406" lon="126.89327239990234"><ele>16.799999237060547</ele><time>2026-06-02T23:20:28Z</time></trkpt><trkpt lat="37.50117492675781" lon="126.89326477050781"><ele>16.799999237060547</ele><time>2026-06-02T23:20:29Z</time></trkpt><trkpt lat="37.50115966796875" lon="126.89327239990234"><ele>16.799999237060547</ele><time>2026-06-02T23:20:30Z</time></trkpt><trkpt lat="37.50114440917969" lon="126.89327239990234"><ele>17.0</ele><time>2026-06-02T23:20:31Z</time></trkpt><trkpt lat="37.501121520996094" lon="126.89328002929688"><ele>16.799999237060547</ele><time>2026-06-02T23:20:32Z</time></trkpt><trkpt lat="37.50110626220703" lon="126.89328002929688"><ele>17.0</ele><time>2026-06-02T23:20:33Z</time></trkpt><trkpt lat="37.5010871887207" lon="126.89328002929688"><ele>17.0</ele><time>2026-06-02T23:20:34Z</time></trkpt><trkpt lat="37.50107192993164" lon="126.89328002929688"><ele>17.200000762939453</ele><time>2026-06-02T23:20:35Z</time></trkpt><trkpt lat="37.50105667114258" lon="126.8932876586914"><ele>17.399999618530273</ele><time>2026-06-02T23:20:36Z</time></trkpt><trkpt lat="37.50103759765625" lon="126.89329528808594"><ele>17.600000381469727</ele><time>2026-06-02T23:20:37Z</time></trkpt><trkpt lat="37.50101852416992" lon="126.89329528808594"><ele>17.600000381469727</ele><time>2026-06-02T23:20:38Z</time></trkpt><trkpt lat="37.50100326538086" lon="126.89329528808594"><ele>17.399999618530273</ele><time>2026-06-02T23:20:39Z</time></trkpt><trkpt lat="37.50098419189453" lon="126.89329528808594"><ele>17.200000762939453</ele><time>2026-06-02T23:20:40Z</time></trkpt><trkpt lat="37.5009651184082" lon="126.89330291748047"><ele>17.0</ele><time>2026-06-02T23:20:41Z</time></trkpt><trkpt lat="37.50094985961914" lon="126.893310546875"><ele>16.799999237060547</ele><time>2026-06-02T23:20:42Z</time></trkpt><trkpt lat="37.50092697143555" lon="126.89330291748047"><ele>16.799999237060547</ele><time>2026-06-02T23:20:43Z</time></trkpt><trkpt lat="37.500911712646484" lon="126.893310546875"><ele>16.799999237060547</ele><time>2026-06-02T23:20:44Z</time></trkpt><trkpt lat="37.500892639160156" lon="126.893310546875"><ele>16.799999237060547</ele><time>2026-06-02T23:20:45Z</time></trkpt><trkpt lat="37.50087356567383" lon="126.893310546875"><ele>16.799999237060547</ele><time>2026-06-02T23:20:46Z</time></trkpt><trkpt lat="37.50086212158203" lon="126.893310546875"><ele>16.799999237060547</ele><time>2026-06-02T23:20:47Z</time></trkpt><trkpt lat="37.50083923339844" lon="126.893310546875"><ele>16.799999237060547</ele><time>2026-06-02T23:20:48Z</time></trkpt><trkpt lat="37.500823974609375" lon="126.893310546875"><ele>16.799999237060547</ele><time>2026-06-02T23:20:49Z</time></trkpt><trkpt lat="37.50080490112305" lon="126.89331817626953"><ele>16.799999237060547</ele><time>2026-06-02T23:20:50Z</time></trkpt><trkpt lat="37.50078582763672" lon="126.89332580566406"><ele>17.0</ele><time>2026-06-02T23:20:51Z</time></trkpt><trkpt lat="37.500770568847656" lon="126.89332580566406"><ele>17.0</ele><time>2026-06-02T23:20:52Z</time></trkpt><trkpt lat="37.50075912475586" lon="126.89332580566406"><ele>17.0</ele><time>2026-06-02T23:20:53Z</time></trkpt><trkpt lat="37.50074005126953" lon="126.89332580566406"><ele>17.0</ele><time>2026-06-02T23:20:54Z</time></trkpt><trkpt lat="37.50072479248047" lon="126.89332580566406"><ele>16.799999237060547</ele><time>2026-06-02T23:20:55Z</time></trkpt><trkpt lat="37.500709533691406" lon="126.8933334350586"><ele>16.799999237060547</ele><time>2026-06-02T23:20:56Z</time></trkpt><trkpt lat="37.50068664550781" lon="126.89334106445312"><ele>16.799999237060547</ele><time>2026-06-02T23:20:57Z</time></trkpt><trkpt lat="37.50067138671875" lon="126.89334106445312"><ele>16.799999237060547</ele><time>2026-06-02T23:20:58Z</time></trkpt><trkpt lat="37.50065612792969" lon="126.89334106445312"><ele>16.799999237060547</ele><time>2026-06-02T23:20:59Z</time></trkpt><trkpt lat="37.500633239746094" lon="126.89334106445312"><ele>16.799999237060547</ele><time>2026-06-02T23:21:00Z</time></trkpt><trkpt lat="37.500614166259766" lon="126.89334106445312"><ele>16.799999237060547</ele><time>2026-06-02T23:21:01Z</time></trkpt><trkpt lat="37.50059509277344" lon="126.89334869384766"><ele>16.799999237060547</ele><time>2026-06-02T23:21:02Z</time></trkpt><trkpt lat="37.50057601928711" lon="126.89334869384766"><ele>16.799999237060547</ele><time>2026-06-02T23:21:03Z</time></trkpt><trkpt lat="37.50055694580078" lon="126.89335632324219"><ele>16.799999237060547</ele><time>2026-06-02T23:21:04Z</time></trkpt><trkpt lat="37.50054168701172" lon="126.89336395263672"><ele>16.799999237060547</ele><time>2026-06-02T23:21:05Z</time></trkpt><trkpt lat="37.50052261352539" lon="126.89336395263672"><ele>16.799999237060547</ele><time>2026-06-02T23:21:06Z</time></trkpt><trkpt lat="37.50050735473633" lon="126.89337158203125"><ele>16.799999237060547</ele><time>2026-06-02T23:21:07Z</time></trkpt><trkpt lat="37.500492095947266" lon="126.89337158203125"><ele>16.799999237060547</ele><time>2026-06-02T23:21:08Z</time></trkpt><trkpt lat="37.50046920776367" lon="126.89337158203125"><ele>16.799999237060547</ele><time>2026-06-02T23:21:09Z</time></trkpt><trkpt lat="37.50045394897461" lon="126.89337158203125"><ele>16.799999237060547</ele><time>2026-06-02T23:21:10Z</time></trkpt><trkpt lat="37.50043487548828" lon="126.89337158203125"><ele>16.799999237060547</ele><time>2026-06-02T23:21:11Z</time></trkpt><trkpt lat="37.50041961669922" lon="126.89337158203125"><ele>16.799999237060547</ele><time>2026-06-02T23:21:12Z</time></trkpt><trkpt lat="37.50041198730469" lon="126.89337158203125"><ele>16.799999237060547</ele><time>2026-06-02T23:21:13Z</time></trkpt><trkpt lat="37.50040817260742" lon="126.89337921142578"><ele>16.799999237060547</ele><time>2026-06-02T23:21:14Z</time></trkpt><trkpt lat="37.500404357910156" lon="126.89337921142578"><ele>17.0</ele><time>2026-06-02T23:21:15Z</time></trkpt><trkpt lat="37.50040054321289" lon="126.89337921142578"><ele>17.0</ele><time>2026-06-02T23:21:16Z</time></trkpt><trkpt lat="37.50038528442383" lon="126.89337921142578"><ele>17.0</ele><time>2026-06-02T23:21:17Z</time></trkpt><trkpt lat="37.500370025634766" lon="126.89337921142578"><ele>16.799999237060547</ele><time>2026-06-02T23:21:18Z</time></trkpt><trkpt lat="37.5003547668457" lon="126.89338684082031"><ele>16.799999237060547</ele><time>2026-06-02T23:21:19Z</time></trkpt><trkpt lat="37.50033187866211" lon="126.89338684082031"><ele>16.799999237060547</ele><time>2026-06-02T23:21:20Z</time></trkpt><trkpt lat="37.50032043457031" lon="126.89338684082031"><ele>16.799999237060547</ele><time>2026-06-02T23:21:21Z</time></trkpt><trkpt lat="37.500301361083984" lon="126.89338684082031"><ele>16.799999237060547</ele><time>2026-06-02T23:21:22Z</time></trkpt><trkpt lat="37.50027847290039" lon="126.89338684082031"><ele>16.799999237060547</ele><time>2026-06-02T23:21:23Z</time></trkpt><trkpt lat="37.500267028808594" lon="126.89340209960938"><ele>16.799999237060547</ele><time>2026-06-02T23:21:24Z</time></trkpt><trkpt lat="37.500244140625" lon="126.89340209960938"><ele>16.799999237060547</ele><time>2026-06-02T23:21:25Z</time></trkpt><trkpt lat="37.50022506713867" lon="126.89340209960938"><ele>16.799999237060547</ele><time>2026-06-02T23:21:26Z</time></trkpt><trkpt lat="37.50020980834961" lon="126.8934097290039"><ele>16.799999237060547</ele><time>2026-06-02T23:21:27Z</time></trkpt><trkpt lat="37.50018310546875" lon="126.89341735839844"><ele>16.799999237060547</ele><time>2026-06-02T23:21:28Z</time></trkpt><trkpt lat="37.50016403198242" lon="126.8934097290039"><ele>16.799999237060547</ele><time>2026-06-02T23:21:29Z</time></trkpt><trkpt lat="37.50014877319336" lon="126.89341735839844"><ele>16.799999237060547</ele><time>2026-06-02T23:21:30Z</time></trkpt><trkpt lat="37.500125885009766" lon="126.89341735839844"><ele>16.799999237060547</ele><time>2026-06-02T23:21:31Z</time></trkpt><trkpt lat="37.5001106262207" lon="126.89342498779297"><ele>16.799999237060547</ele><time>2026-06-02T23:21:32Z</time></trkpt><trkpt lat="37.50008773803711" lon="126.89342498779297"><ele>16.799999237060547</ele><time>2026-06-02T23:21:33Z</time></trkpt><trkpt lat="37.50007247924805" lon="126.89342498779297"><ele>17.0</ele><time>2026-06-02T23:21:34Z</time></trkpt><trkpt lat="37.500057220458984" lon="126.8934326171875"><ele>17.0</ele><time>2026-06-02T23:21:35Z</time></trkpt><trkpt lat="37.50003433227539" lon="126.89344024658203"><ele>16.799999237060547</ele><time>2026-06-02T23:21:36Z</time></trkpt><trkpt lat="37.50001907348633" lon="126.89344024658203"><ele>17.0</ele><time>2026-06-02T23:21:37Z</time></trkpt><trkpt lat="37.499996185302734" lon="126.89344787597656"><ele>17.0</ele><time>2026-06-02T23:21:38Z</time></trkpt><trkpt lat="37.499977111816406" lon="126.89344787597656"><ele>17.0</ele><time>2026-06-02T23:21:39Z</time></trkpt><trkpt lat="37.499961853027344" lon="126.89344787597656"><ele>17.0</ele><time>2026-06-02T23:21:40Z</time></trkpt><trkpt lat="37.49993896484375" lon="126.8934555053711"><ele>17.0</ele><time>2026-06-02T23:21:41Z</time></trkpt><trkpt lat="37.49992370605469" lon="126.89346313476562"><ele>16.799999237060547</ele><time>2026-06-02T23:21:42Z</time></trkpt><trkpt lat="37.49990463256836" lon="126.89346313476562"><ele>16.799999237060547</ele><time>2026-06-02T23:21:43Z</time></trkpt><trkpt lat="37.49988555908203" lon="126.89346313476562"><ele>16.799999237060547</ele><time>2026-06-02T23:21:44Z</time></trkpt><trkpt lat="37.49987030029297" lon="126.89347076416016"><ele>16.799999237060547</ele><time>2026-06-02T23:21:45Z</time></trkpt><trkpt lat="37.499847412109375" lon="126.89347839355469"><ele>16.799999237060547</ele><time>2026-06-02T23:21:46Z</time></trkpt><trkpt lat="37.49983215332031" lon="126.89347839355469"><ele>16.799999237060547</ele><time>2026-06-02T23:21:47Z</time></trkpt><trkpt lat="37.499813079833984" lon="126.89347839355469"><ele>17.0</ele><time>2026-06-02T23:21:48Z</time></trkpt><trkpt lat="37.499794006347656" lon="126.89348602294922"><ele>17.0</ele><time>2026-06-02T23:21:49Z</time></trkpt><trkpt lat="37.499778747558594" lon="126.89348602294922"><ele>17.0</ele><time>2026-06-02T23:21:50Z</time></trkpt><trkpt lat="37.499759674072266" lon="126.89348602294922"><ele>17.0</ele><time>2026-06-02T23:21:51Z</time></trkpt><trkpt lat="37.49974060058594" lon="126.89348602294922"><ele>17.0</ele><time>2026-06-02T23:21:52Z</time></trkpt><trkpt lat="37.499725341796875" lon="126.89349365234375"><ele>17.0</ele><time>2026-06-02T23:21:53Z</time></trkpt><trkpt lat="37.49970245361328" lon="126.89349365234375"><ele>17.0</ele><time>2026-06-02T23:21:54Z</time></trkpt><trkpt lat="37.49968338012695" lon="126.89349365234375"><ele>17.0</ele><time>2026-06-02T23:21:55Z</time></trkpt><trkpt lat="37.49966812133789" lon="126.89350128173828"><ele>17.0</ele><time>2026-06-02T23:21:56Z</time></trkpt><trkpt lat="37.4996452331543" lon="126.89350128173828"><ele>17.0</ele><time>2026-06-02T23:21:57Z</time></trkpt><trkpt lat="37.499629974365234" lon="126.89350891113281"><ele>17.0</ele><time>2026-06-02T23:21:58Z</time></trkpt><trkpt lat="37.499610900878906" lon="126.89351654052734"><ele>17.0</ele><time>2026-06-02T23:21:59Z</time></trkpt><trkpt lat="37.49958801269531" lon="126.89351654052734"><ele>17.0</ele><time>2026-06-02T23:22:00Z</time></trkpt><trkpt lat="37.499568939208984" lon="126.89352416992188"><ele>17.0</ele><time>2026-06-02T23:22:01Z</time></trkpt><trkpt lat="37.49955368041992" lon="126.89352416992188"><ele>17.0</ele><time>2026-06-02T23:22:02Z</time></trkpt><trkpt lat="37.49953842163086" lon="126.8935317993164"><ele>17.0</ele><time>2026-06-02T23:22:03Z</time></trkpt><trkpt lat="37.4995231628418" lon="126.8935317993164"><ele>17.0</ele><time>2026-06-02T23:22:04Z</time></trkpt><trkpt lat="37.499507904052734" lon="126.89353942871094"><ele>17.0</ele><time>2026-06-02T23:22:05Z</time></trkpt><trkpt lat="37.49948501586914" lon="126.89353942871094"><ele>17.0</ele><time>2026-06-02T23:22:06Z</time></trkpt><trkpt lat="37.49946975708008" lon="126.89353942871094"><ele>17.0</ele><time>2026-06-02T23:22:07Z</time></trkpt><trkpt lat="37.49945068359375" lon="126.8935317993164"><ele>17.0</ele><time>2026-06-02T23:22:08Z</time></trkpt><trkpt lat="37.499427795410156" lon="126.8935317993164"><ele>17.200000762939453</ele><time>2026-06-02T23:22:09Z</time></trkpt><trkpt lat="37.499412536621094" lon="126.89353942871094"><ele>17.200000762939453</ele><time>2026-06-02T23:22:10Z</time></trkpt><trkpt lat="37.4993896484375" lon="126.89354705810547"><ele>17.200000762939453</ele><time>2026-06-02T23:22:11Z</time></trkpt><trkpt lat="37.49937438964844" lon="126.8935546875"><ele>17.200000762939453</ele><time>2026-06-02T23:22:12Z</time></trkpt><trkpt lat="37.49935531616211" lon="126.8935546875"><ele>17.200000762939453</ele><time>2026-06-02T23:22:13Z</time></trkpt><trkpt lat="37.49933624267578" lon="126.89356231689453"><ele>17.200000762939453</ele><time>2026-06-02T23:22:14Z</time></trkpt><trkpt lat="37.49932098388672" lon="126.89356231689453"><ele>17.200000762939453</ele><time>2026-06-02T23:22:15Z</time></trkpt><trkpt lat="37.49930191040039" lon="126.89356231689453"><ele>17.200000762939453</ele><time>2026-06-02T23:22:16Z</time></trkpt><trkpt lat="37.49928283691406" lon="126.89356994628906"><ele>17.200000762939453</ele><time>2026-06-02T23:22:17Z</time></trkpt><trkpt lat="37.499267578125" lon="126.8935775756836"><ele>17.200000762939453</ele><time>2026-06-02T23:22:18Z</time></trkpt><trkpt lat="37.49924087524414" lon="126.8935775756836"><ele>17.200000762939453</ele><time>2026-06-02T23:22:19Z</time></trkpt><trkpt lat="37.49922561645508" lon="126.89358520507812"><ele>17.200000762939453</ele><time>2026-06-02T23:22:20Z</time></trkpt><trkpt lat="37.499202728271484" lon="126.89358520507812"><ele>17.200000762939453</ele><time>2026-06-02T23:22:21Z</time></trkpt><trkpt lat="37.499183654785156" lon="126.89358520507812"><ele>17.200000762939453</ele><time>2026-06-02T23:22:22Z</time></trkpt><trkpt lat="37.49916458129883" lon="126.89359283447266"><ele>17.200000762939453</ele><time>2026-06-02T23:22:23Z</time></trkpt><trkpt lat="37.499141693115234" lon="126.89359283447266"><ele>17.200000762939453</ele><time>2026-06-02T23:22:24Z</time></trkpt><trkpt lat="37.49912643432617" lon="126.89360046386719"><ele>17.0</ele><time>2026-06-02T23:22:25Z</time></trkpt><trkpt lat="37.499107360839844" lon="126.89360809326172"><ele>17.0</ele><time>2026-06-02T23:22:26Z</time></trkpt><trkpt lat="37.499088287353516" lon="126.89360809326172"><ele>17.0</ele><time>2026-06-02T23:22:27Z</time></trkpt><trkpt lat="37.49907302856445" lon="126.89360809326172"><ele>17.200000762939453</ele><time>2026-06-02T23:22:28Z</time></trkpt><trkpt lat="37.49905014038086" lon="126.89361572265625"><ele>17.200000762939453</ele><time>2026-06-02T23:22:29Z</time></trkpt><trkpt lat="37.4990348815918" lon="126.89360809326172"><ele>17.200000762939453</ele><time>2026-06-02T23:22:30Z</time></trkpt><trkpt lat="37.49901580810547" lon="126.89361572265625"><ele>17.200000762939453</ele><time>2026-06-02T23:22:31Z</time></trkpt><trkpt lat="37.49899673461914" lon="126.89361572265625"><ele>17.200000762939453</ele><time>2026-06-02T23:22:32Z</time></trkpt><trkpt lat="37.498985290527344" lon="126.89361572265625"><ele>17.200000762939453</ele><time>2026-06-02T23:22:33Z</time></trkpt><trkpt lat="37.49896240234375" lon="126.89361572265625"><ele>17.200000762939453</ele><time>2026-06-02T23:22:34Z</time></trkpt><trkpt lat="37.49894332885742" lon="126.89361572265625"><ele>17.200000762939453</ele><time>2026-06-02T23:22:35Z</time></trkpt><trkpt lat="37.49892807006836" lon="126.89362335205078"><ele>17.399999618530273</ele><time>2026-06-02T23:22:36Z</time></trkpt><trkpt lat="37.49890899658203" lon="126.89363098144531"><ele>17.399999618530273</ele><time>2026-06-02T23:22:37Z</time></trkpt><trkpt lat="37.49889373779297" lon="126.89363098144531"><ele>17.399999618530273</ele><time>2026-06-02T23:22:38Z</time></trkpt><trkpt lat="37.49887466430664" lon="126.89363861083984"><ele>17.200000762939453</ele><time>2026-06-02T23:22:39Z</time></trkpt><trkpt lat="37.49885559082031" lon="126.89363861083984"><ele>17.200000762939453</ele><time>2026-06-02T23:22:40Z</time></trkpt><trkpt lat="37.49884033203125" lon="126.89363861083984"><ele>17.200000762939453</ele><time>2026-06-02T23:22:41Z</time></trkpt><trkpt lat="37.49882125854492" lon="126.89364624023438"><ele>17.200000762939453</ele><time>2026-06-02T23:22:42Z</time></trkpt><trkpt lat="37.498802185058594" lon="126.89364624023438"><ele>17.200000762939453</ele><time>2026-06-02T23:22:43Z</time></trkpt><trkpt lat="37.49878692626953" lon="126.8936538696289"><ele>17.200000762939453</ele><time>2026-06-02T23:22:44Z</time></trkpt><trkpt lat="37.49876403808594" lon="126.8936538696289"><ele>17.200000762939453</ele><time>2026-06-02T23:22:45Z</time></trkpt><trkpt lat="37.49874496459961" lon="126.8936538696289"><ele>17.200000762939453</ele><time>2026-06-02T23:22:46Z</time></trkpt><trkpt lat="37.49872589111328" lon="126.89366149902344"><ele>17.200000762939453</ele><time>2026-06-02T23:22:47Z</time></trkpt><trkpt lat="37.49870681762695" lon="126.89366149902344"><ele>17.200000762939453</ele><time>2026-06-02T23:22:48Z</time></trkpt><trkpt lat="37.49869155883789" lon="126.89366912841797"><ele>17.200000762939453</ele><time>2026-06-02T23:22:49Z</time></trkpt><trkpt lat="37.49867248535156" lon="126.89366912841797"><ele>17.200000762939453</ele><time>2026-06-02T23:22:50Z</time></trkpt><trkpt lat="37.49864959716797" lon="126.89366912841797"><ele>17.200000762939453</ele><time>2026-06-02T23:22:51Z</time></trkpt><trkpt lat="37.498634338378906" lon="126.8936767578125"><ele>17.200000762939453</ele><time>2026-06-02T23:22:52Z</time></trkpt><trkpt lat="37.49861145019531" lon="126.8936767578125"><ele>17.200000762939453</ele><time>2026-06-02T23:22:53Z</time></trkpt><trkpt lat="37.498592376708984" lon="126.89368438720703"><ele>17.200000762939453</ele><time>2026-06-02T23:22:54Z</time></trkpt><trkpt lat="37.49857711791992" lon="126.89368438720703"><ele>17.200000762939453</ele><time>2026-06-02T23:22:55Z</time></trkpt><trkpt lat="37.49855422973633" lon="126.89369201660156"><ele>17.200000762939453</ele><time>2026-06-02T23:22:56Z</time></trkpt><trkpt lat="37.49853515625" lon="126.89369201660156"><ele>17.200000762939453</ele><time>2026-06-02T23:22:57Z</time></trkpt><trkpt lat="37.49851989746094" lon="126.8936996459961"><ele>17.200000762939453</ele><time>2026-06-02T23:22:58Z</time></trkpt><trkpt lat="37.498497009277344" lon="126.8936996459961"><ele>17.200000762939453</ele><time>2026-06-02T23:22:59Z</time></trkpt><trkpt lat="37.49848175048828" lon="126.8936996459961"><ele>17.200000762939453</ele><time>2026-06-02T23:23:00Z</time></trkpt><trkpt lat="37.49846267700195" lon="126.89370727539062"><ele>17.200000762939453</ele><time>2026-06-02T23:23:01Z</time></trkpt><trkpt lat="37.49843978881836" lon="126.89370727539062"><ele>17.200000762939453</ele><time>2026-06-02T23:23:02Z</time></trkpt><trkpt lat="37.49842071533203" lon="126.89370727539062"><ele>17.200000762939453</ele><time>2026-06-02T23:23:03Z</time></trkpt><trkpt lat="37.49840545654297" lon="126.89371490478516"><ele>17.200000762939453</ele><time>2026-06-02T23:23:04Z</time></trkpt><trkpt lat="37.498382568359375" lon="126.89372253417969"><ele>17.200000762939453</ele><time>2026-06-02T23:23:05Z</time></trkpt><trkpt lat="37.49837112426758" lon="126.89371490478516"><ele>17.200000762939453</ele><time>2026-06-02T23:23:06Z</time></trkpt><trkpt lat="37.49835205078125" lon="126.89372253417969"><ele>17.200000762939453</ele><time>2026-06-02T23:23:07Z</time></trkpt><trkpt lat="37.49833297729492" lon="126.89372253417969"><ele>17.200000762939453</ele><time>2026-06-02T23:23:08Z</time></trkpt><trkpt lat="37.49831771850586" lon="126.89372253417969"><ele>17.200000762939453</ele><time>2026-06-02T23:23:09Z</time></trkpt><trkpt lat="37.4983024597168" lon="126.89372253417969"><ele>17.200000762939453</ele><time>2026-06-02T23:23:10Z</time></trkpt><trkpt lat="37.49828338623047" lon="126.89372253417969"><ele>17.200000762939453</ele><time>2026-06-02T23:23:11Z</time></trkpt><trkpt lat="37.498268127441406" lon="126.89372253417969"><ele>17.200000762939453</ele><time>2026-06-02T23:23:12Z</time></trkpt><trkpt lat="37.498252868652344" lon="126.89371490478516"><ele>17.200000762939453</ele><time>2026-06-02T23:23:13Z</time></trkpt><trkpt lat="37.49822998046875" lon="126.89371490478516"><ele>17.200000762939453</ele><time>2026-06-02T23:23:14Z</time></trkpt><trkpt lat="37.49821472167969" lon="126.89371490478516"><ele>17.200000762939453</ele><time>2026-06-02T23:23:15Z</time></trkpt><trkpt lat="37.498191833496094" lon="126.89371490478516"><ele>17.200000762939453</ele><time>2026-06-02T23:23:16Z</time></trkpt><trkpt lat="37.4981803894043" lon="126.89371490478516"><ele>17.200000762939453</ele><time>2026-06-02T23:23:17Z</time></trkpt><trkpt lat="37.4981575012207" lon="126.89371490478516"><ele>17.200000762939453</ele><time>2026-06-02T23:23:18Z</time></trkpt><trkpt lat="37.498138427734375" lon="126.89371490478516"><ele>17.200000762939453</ele><time>2026-06-02T23:23:19Z</time></trkpt><trkpt lat="37.49812698364258" lon="126.89372253417969"><ele>17.0</ele><time>2026-06-02T23:23:20Z</time></trkpt><trkpt lat="37.498104095458984" lon="126.89372253417969"><ele>17.0</ele><time>2026-06-02T23:23:21Z</time></trkpt><trkpt lat="37.49808883666992" lon="126.89372253417969"><ele>17.0</ele><time>2026-06-02T23:23:22Z</time></trkpt><trkpt lat="37.498069763183594" lon="126.89372253417969"><ele>17.0</ele><time>2026-06-02T23:23:23Z</time></trkpt><trkpt lat="37.498050689697266" lon="126.89373016357422"><ele>17.200000762939453</ele><time>2026-06-02T23:23:24Z</time></trkpt><trkpt lat="37.49803161621094" lon="126.89373016357422"><ele>17.200000762939453</ele><time>2026-06-02T23:23:25Z</time></trkpt><trkpt lat="37.498016357421875" lon="126.89373016357422"><ele>17.399999618530273</ele><time>2026-06-02T23:23:26Z</time></trkpt><trkpt lat="37.49799728393555" lon="126.89373779296875"><ele>17.399999618530273</ele><time>2026-06-02T23:23:27Z</time></trkpt><trkpt lat="37.49797821044922" lon="126.89373779296875"><ele>17.399999618530273</ele><time>2026-06-02T23:23:28Z</time></trkpt><trkpt lat="37.49795913696289" lon="126.89373779296875"><ele>17.200000762939453</ele><time>2026-06-02T23:23:29Z</time></trkpt><trkpt lat="37.497947692871094" lon="126.89373779296875"><ele>17.200000762939453</ele><time>2026-06-02T23:23:30Z</time></trkpt><trkpt lat="37.49794387817383" lon="126.89373779296875"><ele>17.200000762939453</ele><time>2026-06-02T23:23:31Z</time></trkpt><trkpt lat="37.49793243408203" lon="126.89374542236328"><ele>17.200000762939453</ele><time>2026-06-02T23:23:32Z</time></trkpt><trkpt lat="37.497920989990234" lon="126.89374542236328"><ele>17.0</ele><time>2026-06-02T23:23:33Z</time></trkpt><trkpt lat="37.49790954589844" lon="126.89374542236328"><ele>17.200000762939453</ele><time>2026-06-02T23:23:34Z</time></trkpt><trkpt lat="37.49789810180664" lon="126.89374542236328"><ele>17.200000762939453</ele><time>2026-06-02T23:23:35Z</time></trkpt><trkpt lat="37.49789047241211" lon="126.89374542236328"><ele>17.200000762939453</ele><time>2026-06-02T23:23:36Z</time></trkpt><trkpt lat="37.49789047241211" lon="126.89374542236328"><ele>17.200000762939453</ele><time>2026-06-02T23:23:37Z</time></trkpt><trkpt lat="37.49699401855469" lon="126.89396667480469"><ele>17.200000762939453</ele><time>2026-06-02T23:24:18Z</time></trkpt><trkpt lat="37.49699401855469" lon="126.89399719238281"><ele>17.200000762939453</ele><time>2026-06-02T23:24:19Z</time></trkpt><trkpt lat="37.49702835083008" lon="126.89393615722656"><ele>17.200000762939453</ele><time>2026-06-02T23:24:20Z</time></trkpt><trkpt lat="37.49701690673828" lon="126.89393615722656"><ele>17.200000762939453</ele><time>2026-06-02T23:24:21Z</time></trkpt><trkpt lat="37.497005462646484" lon="126.89392852783203"><ele>17.399999618530273</ele><time>2026-06-02T23:24:22Z</time></trkpt><trkpt lat="37.49699020385742" lon="126.89392852783203"><ele>17.399999618530273</ele><time>2026-06-02T23:24:23Z</time></trkpt><trkpt lat="37.496971130371094" lon="126.89392852783203"><ele>17.399999618530273</ele><time>2026-06-02T23:24:24Z</time></trkpt><trkpt lat="37.49695587158203" lon="126.89393615722656"><ele>17.399999618530273</ele><time>2026-06-02T23:24:25Z</time></trkpt><trkpt lat="37.49694061279297" lon="126.89393615722656"><ele>17.399999618530273</ele><time>2026-06-02T23:24:26Z</time></trkpt><trkpt lat="37.49692153930664" lon="126.8939437866211"><ele>17.399999618530273</ele><time>2026-06-02T23:24:27Z</time></trkpt><trkpt lat="37.496910095214844" lon="126.8939437866211"><ele>17.399999618530273</ele><time>2026-06-02T23:24:28Z</time></trkpt><trkpt lat="37.49688720703125" lon="126.89395141601562"><ele>17.399999618530273</ele><time>2026-06-02T23:24:29Z</time></trkpt><trkpt lat="37.49687194824219" lon="126.89395141601562"><ele>17.399999618530273</ele><time>2026-06-02T23:24:30Z</time></trkpt><trkpt lat="37.496856689453125" lon="126.89395141601562"><ele>17.399999618530273</ele><time>2026-06-02T23:24:31Z</time></trkpt><trkpt lat="37.4968376159668" lon="126.89395904541016"><ele>17.399999618530273</ele><time>2026-06-02T23:24:32Z</time></trkpt><trkpt lat="37.49681854248047" lon="126.89395904541016"><ele>17.399999618530273</ele><time>2026-06-02T23:24:33Z</time></trkpt><trkpt lat="37.496803283691406" lon="126.89396667480469"><ele>17.399999618530273</ele><time>2026-06-02T23:24:34Z</time></trkpt><trkpt lat="37.49678039550781" lon="126.89396667480469"><ele>17.399999618530273</ele><time>2026-06-02T23:24:35Z</time></trkpt><trkpt lat="37.496761322021484" lon="126.89397430419922"><ele>17.399999618530273</ele><time>2026-06-02T23:24:36Z</time></trkpt><trkpt lat="37.496742248535156" lon="126.89398193359375"><ele>17.399999618530273</ele><time>2026-06-02T23:24:37Z</time></trkpt><trkpt lat="37.49672317504883" lon="126.89398193359375"><ele>17.600000381469727</ele><time>2026-06-02T23:24:38Z</time></trkpt><trkpt lat="37.4967041015625" lon="126.89398956298828"><ele>17.600000381469727</ele><time>2026-06-02T23:24:39Z</time></trkpt><trkpt lat="37.49668502807617" lon="126.89398956298828"><ele>17.799999237060547</ele><time>2026-06-02T23:24:40Z</time></trkpt><trkpt lat="37.49666976928711" lon="126.89399719238281"><ele>17.600000381469727</ele><time>2026-06-02T23:24:41Z</time></trkpt><trkpt lat="37.49665451049805" lon="126.89399719238281"><ele>17.600000381469727</ele><time>2026-06-02T23:24:42Z</time></trkpt><trkpt lat="37.49663543701172" lon="126.89400482177734"><ele>17.600000381469727</ele><time>2026-06-02T23:24:43Z</time></trkpt><trkpt lat="37.49661636352539" lon="126.89400482177734"><ele>17.399999618530273</ele><time>2026-06-02T23:24:44Z</time></trkpt><trkpt lat="37.49659729003906" lon="126.89401245117188"><ele>17.399999618530273</ele><time>2026-06-02T23:24:45Z</time></trkpt><trkpt lat="37.49657440185547" lon="126.89401245117188"><ele>17.399999618530273</ele><time>2026-06-02T23:24:46Z</time></trkpt><trkpt lat="37.496559143066406" lon="126.89401245117188"><ele>17.399999618530273</ele><time>2026-06-02T23:24:47Z</time></trkpt><trkpt lat="37.49653625488281" lon="126.8940200805664"><ele>17.399999618530273</ele><time>2026-06-02T23:24:48Z</time></trkpt><trkpt lat="37.496517181396484" lon="126.8940200805664"><ele>17.399999618530273</ele><time>2026-06-02T23:24:49Z</time></trkpt><trkpt lat="37.49649429321289" lon="126.89402770996094"><ele>17.399999618530273</ele><time>2026-06-02T23:24:50Z</time></trkpt><trkpt lat="37.49647521972656" lon="126.89402770996094"><ele>17.399999618530273</ele><time>2026-06-02T23:24:51Z</time></trkpt><trkpt lat="37.496456146240234" lon="126.89402770996094"><ele>17.600000381469727</ele><time>2026-06-02T23:24:52Z</time></trkpt><trkpt lat="37.49643325805664" lon="126.89403533935547"><ele>17.600000381469727</ele><time>2026-06-02T23:24:53Z</time></trkpt><trkpt lat="37.49641799926758" lon="126.89403533935547"><ele>17.600000381469727</ele><time>2026-06-02T23:24:54Z</time></trkpt><trkpt lat="37.496395111083984" lon="126.89403533935547"><ele>17.600000381469727</ele><time>2026-06-02T23:24:55Z</time></trkpt><trkpt lat="37.496376037597656" lon="126.89404296875"><ele>17.399999618530273</ele><time>2026-06-02T23:24:56Z</time></trkpt><trkpt lat="37.496360778808594" lon="126.89405059814453"><ele>17.399999618530273</ele><time>2026-06-02T23:24:57Z</time></trkpt><trkpt lat="37.496341705322266" lon="126.89405059814453"><ele>17.399999618530273</ele><time>2026-06-02T23:24:58Z</time></trkpt><trkpt lat="37.49632263183594" lon="126.89405822753906"><ele>17.399999618530273</ele><time>2026-06-02T23:24:59Z</time></trkpt><trkpt lat="37.49630355834961" lon="126.8940658569336"><ele>17.399999618530273</ele><time>2026-06-02T23:25:00Z</time></trkpt><trkpt lat="37.496280670166016" lon="126.89407348632812"><ele>17.399999618530273</ele><time>2026-06-02T23:25:01Z</time></trkpt><trkpt lat="37.49626541137695" lon="126.89408111572266"><ele>17.399999618530273</ele><time>2026-06-02T23:25:02Z</time></trkpt><trkpt lat="37.496246337890625" lon="126.89408111572266"><ele>17.399999618530273</ele><time>2026-06-02T23:25:03Z</time></trkpt><trkpt lat="37.4962272644043" lon="126.89408874511719"><ele>17.399999618530273</ele><time>2026-06-02T23:25:04Z</time></trkpt><trkpt lat="37.496212005615234" lon="126.89409637451172"><ele>17.399999618530273</ele><time>2026-06-02T23:25:05Z</time></trkpt><trkpt lat="37.49618911743164" lon="126.89409637451172"><ele>17.399999618530273</ele><time>2026-06-02T23:25:06Z</time></trkpt><trkpt lat="37.49617385864258" lon="126.89410400390625"><ele>17.399999618530273</ele><time>2026-06-02T23:25:07Z</time></trkpt><trkpt lat="37.496158599853516" lon="126.89410400390625"><ele>17.399999618530273</ele><time>2026-06-02T23:25:08Z</time></trkpt><trkpt lat="37.49613952636719" lon="126.89411163330078"><ele>17.399999618530273</ele><time>2026-06-02T23:25:09Z</time></trkpt><trkpt lat="37.496124267578125" lon="126.89411926269531"><ele>17.399999618530273</ele><time>2026-06-02T23:25:10Z</time></trkpt><trkpt lat="37.49610900878906" lon="126.89412689208984"><ele>17.399999618530273</ele><time>2026-06-02T23:25:11Z</time></trkpt><trkpt lat="37.496089935302734" lon="126.89413452148438"><ele>17.399999618530273</ele><time>2026-06-02T23:25:12Z</time></trkpt><trkpt lat="37.49607467651367" lon="126.89413452148438"><ele>17.600000381469727</ele><time>2026-06-02T23:25:13Z</time></trkpt><trkpt lat="37.49605178833008" lon="126.8941421508789"><ele>17.600000381469727</ele><time>2026-06-02T23:25:14Z</time></trkpt><trkpt lat="37.49603271484375" lon="126.8941421508789"><ele>17.600000381469727</ele><time>2026-06-02T23:25:15Z</time></trkpt><trkpt lat="37.49601364135742" lon="126.89414978027344"><ele>17.600000381469727</ele><time>2026-06-02T23:25:16Z</time></trkpt><trkpt lat="37.49599075317383" lon="126.89415740966797"><ele>17.600000381469727</ele><time>2026-06-02T23:25:17Z</time></trkpt><trkpt lat="37.4959716796875" lon="126.8941650390625"><ele>17.600000381469727</ele><time>2026-06-02T23:25:18Z</time></trkpt><trkpt lat="37.49595642089844" lon="126.89417266845703"><ele>17.600000381469727</ele><time>2026-06-02T23:25:19Z</time></trkpt><trkpt lat="37.495933532714844" lon="126.89417266845703"><ele>17.600000381469727</ele><time>2026-06-02T23:25:20Z</time></trkpt><trkpt lat="37.49591827392578" lon="126.89418029785156"><ele>17.600000381469727</ele><time>2026-06-02T23:25:21Z</time></trkpt><trkpt lat="37.49589538574219" lon="126.89418029785156"><ele>17.600000381469727</ele><time>2026-06-02T23:25:22Z</time></trkpt><trkpt lat="37.495872497558594" lon="126.89418029785156"><ele>17.600000381469727</ele><time>2026-06-02T23:25:23Z</time></trkpt><trkpt lat="37.49585723876953" lon="126.8941879272461"><ele>17.399999618530273</ele><time>2026-06-02T23:25:24Z</time></trkpt><trkpt lat="37.4958381652832" lon="126.89419555664062"><ele>17.399999618530273</ele><time>2026-06-02T23:25:25Z</time></trkpt><trkpt lat="37.495819091796875" lon="126.89419555664062"><ele>17.399999618530273</ele><time>2026-06-02T23:25:26Z</time></trkpt><trkpt lat="37.49580383300781" lon="126.89419555664062"><ele>17.399999618530273</ele><time>2026-06-02T23:25:27Z</time></trkpt><trkpt lat="37.495784759521484" lon="126.89421081542969"><ele>17.399999618530273</ele><time>2026-06-02T23:25:28Z</time></trkpt><trkpt lat="37.49577331542969" lon="126.89421081542969"><ele>17.399999618530273</ele><time>2026-06-02T23:25:29Z</time></trkpt><trkpt lat="37.495750427246094" lon="126.89421844482422"><ele>17.399999618530273</ele><time>2026-06-02T23:25:30Z</time></trkpt><trkpt lat="37.4957275390625" lon="126.89422607421875"><ele>17.399999618530273</ele><time>2026-06-02T23:25:31Z</time></trkpt><trkpt lat="37.49571228027344" lon="126.89422607421875"><ele>17.399999618530273</ele><time>2026-06-02T23:25:32Z</time></trkpt><trkpt lat="37.49569320678711" lon="126.89423370361328"><ele>17.399999618530273</ele><time>2026-06-02T23:25:33Z</time></trkpt><trkpt lat="37.49567794799805" lon="126.89424896240234"><ele>17.399999618530273</ele><time>2026-06-02T23:25:34Z</time></trkpt><trkpt lat="37.49565505981445" lon="126.89425659179688"><ele>17.399999618530273</ele><time>2026-06-02T23:25:35Z</time></trkpt><trkpt lat="37.495635986328125" lon="126.8942642211914"><ele>17.399999618530273</ele><time>2026-06-02T23:25:36Z</time></trkpt><trkpt lat="37.49562072753906" lon="126.89427185058594"><ele>17.399999618530273</ele><time>2026-06-02T23:25:37Z</time></trkpt><trkpt lat="37.4955940246582" lon="126.89427947998047"><ele>17.399999618530273</ele><time>2026-06-02T23:25:38Z</time></trkpt><trkpt lat="37.495582580566406" lon="126.894287109375"><ele>17.399999618530273</ele><time>2026-06-02T23:25:39Z</time></trkpt><trkpt lat="37.49556350708008" lon="126.89429473876953"><ele>17.399999618530273</ele><time>2026-06-02T23:25:40Z</time></trkpt><trkpt lat="37.495540618896484" lon="126.89430236816406"><ele>17.399999618530273</ele><time>2026-06-02T23:25:41Z</time></trkpt><trkpt lat="37.49552536010742" lon="126.8943099975586"><ele>17.399999618530273</ele><time>2026-06-02T23:25:42Z</time></trkpt><trkpt lat="37.49550247192383" lon="126.89431762695312"><ele>17.399999618530273</ele><time>2026-06-02T23:25:43Z</time></trkpt><trkpt lat="37.495479583740234" lon="126.89432525634766"><ele>17.600000381469727</ele><time>2026-06-02T23:25:44Z</time></trkpt><trkpt lat="37.49546432495117" lon="126.89433288574219"><ele>17.600000381469727</ele><time>2026-06-02T23:25:45Z</time></trkpt><trkpt lat="37.49544143676758" lon="126.89434051513672"><ele>17.600000381469727</ele><time>2026-06-02T23:25:46Z</time></trkpt><trkpt lat="37.49542236328125" lon="126.89434051513672"><ele>17.799999237060547</ele><time>2026-06-02T23:25:47Z</time></trkpt><trkpt lat="37.49540328979492" lon="126.89434814453125"><ele>17.799999237060547</ele><time>2026-06-02T23:25:48Z</time></trkpt><trkpt lat="37.495384216308594" lon="126.89435577392578"><ele>17.799999237060547</ele><time>2026-06-02T23:25:49Z</time></trkpt><trkpt lat="37.495365142822266" lon="126.89437103271484"><ele>18.0</ele><time>2026-06-02T23:25:50Z</time></trkpt><trkpt lat="37.49534606933594" lon="126.89437103271484"><ele>18.0</ele><time>2026-06-02T23:25:51Z</time></trkpt><trkpt lat="37.49532699584961" lon="126.89437866210938"><ele>17.799999237060547</ele><time>2026-06-02T23:25:52Z</time></trkpt><trkpt lat="37.49531173706055" lon="126.8943862915039"><ele>17.799999237060547</ele><time>2026-06-02T23:25:53Z</time></trkpt><trkpt lat="37.495296478271484" lon="126.8943862915039"><ele>17.799999237060547</ele><time>2026-06-02T23:25:54Z</time></trkpt><trkpt lat="37.49528121948242" lon="126.89439392089844"><ele>17.600000381469727</ele><time>2026-06-02T23:25:55Z</time></trkpt><trkpt lat="37.49526596069336" lon="126.89440155029297"><ele>17.600000381469727</ele><time>2026-06-02T23:25:56Z</time></trkpt><trkpt lat="37.49524688720703" lon="126.8944091796875"><ele>17.600000381469727</ele><time>2026-06-02T23:25:57Z</time></trkpt><trkpt lat="37.49523162841797" lon="126.89441680908203"><ele>17.600000381469727</ele><time>2026-06-02T23:25:58Z</time></trkpt><trkpt lat="37.495216369628906" lon="126.89442443847656"><ele>17.600000381469727</ele><time>2026-06-02T23:25:59Z</time></trkpt><trkpt lat="37.49519348144531" lon="126.8944320678711"><ele>17.600000381469727</ele><time>2026-06-02T23:26:00Z</time></trkpt><trkpt lat="37.495182037353516" lon="126.8944320678711"><ele>17.600000381469727</ele><time>2026-06-02T23:26:01Z</time></trkpt><trkpt lat="37.495155334472656" lon="126.89443969726562"><ele>17.600000381469727</ele><time>2026-06-02T23:26:02Z</time></trkpt><trkpt lat="37.49513626098633" lon="126.8944320678711"><ele>17.399999618530273</ele><time>2026-06-02T23:26:03Z</time></trkpt><trkpt lat="37.4951171875" lon="126.89443969726562"><ele>17.399999618530273</ele><time>2026-06-02T23:26:04Z</time></trkpt><trkpt lat="37.495094299316406" lon="126.89444732666016"><ele>17.399999618530273</ele><time>2026-06-02T23:26:05Z</time></trkpt><trkpt lat="37.495079040527344" lon="126.89444732666016"><ele>17.399999618530273</ele><time>2026-06-02T23:26:06Z</time></trkpt><trkpt lat="37.495059967041016" lon="126.89445495605469"><ele>17.399999618530273</ele><time>2026-06-02T23:26:07Z</time></trkpt><trkpt lat="37.49503707885742" lon="126.89446258544922"><ele>17.399999618530273</ele><time>2026-06-02T23:26:08Z</time></trkpt><trkpt lat="37.495018005371094" lon="126.89447021484375"><ele>17.600000381469727</ele><time>2026-06-02T23:26:09Z</time></trkpt><trkpt lat="37.494998931884766" lon="126.89447784423828"><ele>17.600000381469727</ele><time>2026-06-02T23:26:10Z</time></trkpt><trkpt lat="37.49497985839844" lon="126.89448547363281"><ele>17.600000381469727</ele><time>2026-06-02T23:26:11Z</time></trkpt><trkpt lat="37.494964599609375" lon="126.89449310302734"><ele>17.600000381469727</ele><time>2026-06-02T23:26:12Z</time></trkpt><trkpt lat="37.49494552612305" lon="126.8945083618164"><ele>17.600000381469727</ele><time>2026-06-02T23:26:13Z</time></trkpt><trkpt lat="37.49492645263672" lon="126.89451599121094"><ele>17.799999237060547</ele><time>2026-06-02T23:26:14Z</time></trkpt><trkpt lat="37.49490737915039" lon="126.89452362060547"><ele>17.799999237060547</ele><time>2026-06-02T23:26:15Z</time></trkpt><trkpt lat="37.4948844909668" lon="126.89453125"><ele>17.799999237060547</ele><time>2026-06-02T23:26:16Z</time></trkpt><trkpt lat="37.494869232177734" lon="126.89453887939453"><ele>17.799999237060547</ele><time>2026-06-02T23:26:17Z</time></trkpt><trkpt lat="37.49484634399414" lon="126.89454650878906"><ele>17.799999237060547</ele><time>2026-06-02T23:26:18Z</time></trkpt><trkpt lat="37.49482727050781" lon="126.89454650878906"><ele>17.799999237060547</ele><time>2026-06-02T23:26:19Z</time></trkpt><trkpt lat="37.494808197021484" lon="126.8945541381836"><ele>17.600000381469727</ele><time>2026-06-02T23:26:20Z</time></trkpt><trkpt lat="37.49478530883789" lon="126.89456176757812"><ele>17.600000381469727</ele><time>2026-06-02T23:26:21Z</time></trkpt><trkpt lat="37.49477005004883" lon="126.89456939697266"><ele>17.600000381469727</ele><time>2026-06-02T23:26:22Z</time></trkpt><trkpt lat="37.4947509765625" lon="126.89458465576172"><ele>17.799999237060547</ele><time>2026-06-02T23:26:23Z</time></trkpt><trkpt lat="37.49473190307617" lon="126.89459228515625"><ele>17.799999237060547</ele><time>2026-06-02T23:26:24Z</time></trkpt><trkpt lat="37.49471664428711" lon="126.89459991455078"><ele>17.799999237060547</ele><time>2026-06-02T23:26:25Z</time></trkpt><trkpt lat="37.494693756103516" lon="126.89460754394531"><ele>17.799999237060547</ele><time>2026-06-02T23:26:26Z</time></trkpt><trkpt lat="37.49467849731445" lon="126.89461517333984"><ele>17.799999237060547</ele><time>2026-06-02T23:26:27Z</time></trkpt><trkpt lat="37.49382019042969" lon="126.89485168457031"><ele>20.600000381469727</ele><time>2026-06-02T23:43:52Z</time></trkpt><trkpt lat="37.493812561035156" lon="126.89486694335938"><ele>20.600000381469727</ele><time>2026-06-02T23:43:53Z</time></trkpt><trkpt lat="37.493797302246094" lon="126.8948745727539"><ele>20.799999237060547</ele><time>2026-06-02T23:43:54Z</time></trkpt><trkpt lat="37.49378204345703" lon="126.89488983154297"><ele>20.799999237060547</ele><time>2026-06-02T23:43:55Z</time></trkpt><trkpt lat="37.49376678466797" lon="126.89488983154297"><ele>20.799999237060547</ele><time>2026-06-02T23:43:56Z</time></trkpt><trkpt lat="37.493751525878906" lon="126.89488983154297"><ele>20.799999237060547</ele><time>2026-06-02T23:43:57Z</time></trkpt><trkpt lat="37.49372863769531" lon="126.89490509033203"><ele>20.799999237060547</ele><time>2026-06-02T23:43:58Z</time></trkpt><trkpt lat="37.49371337890625" lon="126.89490509033203"><ele>20.600000381469727</ele><time>2026-06-02T23:43:59Z</time></trkpt><trkpt lat="37.49369812011719" lon="126.89490509033203"><ele>20.600000381469727</ele><time>2026-06-02T23:44:00Z</time></trkpt><trkpt lat="37.49367904663086" lon="126.89491271972656"><ele>20.799999237060547</ele><time>2026-06-02T23:44:01Z</time></trkpt><trkpt lat="37.49365997314453" lon="126.89491271972656"><ele>20.799999237060547</ele><time>2026-06-02T23:44:02Z</time></trkpt><trkpt lat="37.49364471435547" lon="126.8949203491211"><ele>20.799999237060547</ele><time>2026-06-02T23:44:03Z</time></trkpt><trkpt lat="37.49362564086914" lon="126.89493560791016"><ele>20.799999237060547</ele><time>2026-06-02T23:44:04Z</time></trkpt><trkpt lat="37.49360656738281" lon="126.89494323730469"><ele>20.799999237060547</ele><time>2026-06-02T23:44:05Z</time></trkpt><trkpt lat="37.493587493896484" lon="126.89494323730469"><ele>20.799999237060547</ele><time>2026-06-02T23:44:06Z</time></trkpt><trkpt lat="37.493568420410156" lon="126.89495086669922"><ele>20.799999237060547</ele><time>2026-06-02T23:44:07Z</time></trkpt><trkpt lat="37.49354553222656" lon="126.89495849609375"><ele>20.799999237060547</ele><time>2026-06-02T23:44:08Z</time></trkpt><trkpt lat="37.493526458740234" lon="126.89496612548828"><ele>20.799999237060547</ele><time>2026-06-02T23:44:09Z</time></trkpt><trkpt lat="37.493507385253906" lon="126.89497375488281"><ele>20.799999237060547</ele><time>2026-06-02T23:44:10Z</time></trkpt><trkpt lat="37.49348831176758" lon="126.89498901367188"><ele>20.799999237060547</ele><time>2026-06-02T23:44:11Z</time></trkpt><trkpt lat="37.49346923828125" lon="126.8949966430664"><ele>20.799999237060547</ele><time>2026-06-02T23:44:12Z</time></trkpt><trkpt lat="37.493446350097656" lon="126.89500427246094"><ele>20.799999237060547</ele><time>2026-06-02T23:44:13Z</time></trkpt><trkpt lat="37.49342727661133" lon="126.89501190185547"><ele>20.799999237060547</ele><time>2026-06-02T23:44:14Z</time></trkpt><trkpt lat="37.493408203125" lon="126.89502716064453"><ele>20.799999237060547</ele><time>2026-06-02T23:44:15Z</time></trkpt><trkpt lat="37.49338912963867" lon="126.89503479003906"><ele>20.799999237060547</ele><time>2026-06-02T23:44:16Z</time></trkpt><trkpt lat="37.493370056152344" lon="126.8950424194336"><ele>20.799999237060547</ele><time>2026-06-02T23:44:17Z</time></trkpt><trkpt lat="37.493350982666016" lon="126.8950424194336"><ele>20.799999237060547</ele><time>2026-06-02T23:44:18Z</time></trkpt><trkpt lat="37.49333190917969" lon="126.89503479003906"><ele>20.799999237060547</ele><time>2026-06-02T23:44:19Z</time></trkpt><trkpt lat="37.49332046508789" lon="126.8950424194336"><ele>21.0</ele><time>2026-06-02T23:44:20Z</time></trkpt><trkpt lat="37.49330520629883" lon="126.8950424194336"><ele>21.0</ele><time>2026-06-02T23:44:21Z</time></trkpt><trkpt lat="37.493289947509766" lon="126.8950424194336"><ele>21.0</ele><time>2026-06-02T23:44:22Z</time></trkpt><trkpt lat="37.49327087402344" lon="126.8950424194336"><ele>21.0</ele><time>2026-06-02T23:44:23Z</time></trkpt><trkpt lat="37.493255615234375" lon="126.8950424194336"><ele>21.0</ele><time>2026-06-02T23:44:24Z</time></trkpt><trkpt lat="37.49323654174805" lon="126.89505004882812"><ele>21.0</ele><time>2026-06-02T23:44:25Z</time></trkpt><trkpt lat="37.49321746826172" lon="126.89505767822266"><ele>21.0</ele><time>2026-06-02T23:44:26Z</time></trkpt><trkpt lat="37.49319839477539" lon="126.89505767822266"><ele>21.0</ele><time>2026-06-02T23:44:27Z</time></trkpt><trkpt lat="37.4931755065918" lon="126.89506530761719"><ele>21.0</ele><time>2026-06-02T23:44:28Z</time></trkpt><trkpt lat="37.49315643310547" lon="126.89506530761719"><ele>21.0</ele><time>2026-06-02T23:44:29Z</time></trkpt><trkpt lat="37.493141174316406" lon="126.89507293701172"><ele>21.0</ele><time>2026-06-02T23:44:30Z</time></trkpt><trkpt lat="37.493125915527344" lon="126.89507293701172"><ele>21.0</ele><time>2026-06-02T23:44:31Z</time></trkpt><trkpt lat="37.49311065673828" lon="126.89507293701172"><ele>21.0</ele><time>2026-06-02T23:44:32Z</time></trkpt><trkpt lat="37.49309539794922" lon="126.89508056640625"><ele>21.200000762939453</ele><time>2026-06-02T23:44:33Z</time></trkpt><trkpt lat="37.49307632446289" lon="126.89508819580078"><ele>21.200000762939453</ele><time>2026-06-02T23:44:34Z</time></trkpt><trkpt lat="37.49305725097656" lon="126.89509582519531"><ele>21.399999618530273</ele><time>2026-06-02T23:44:35Z</time></trkpt><trkpt lat="37.493038177490234" lon="126.89510345458984"><ele>21.600000381469727</ele><time>2026-06-02T23:44:36Z</time></trkpt><trkpt lat="37.49302673339844" lon="126.89511108398438"><ele>21.600000381469727</ele><time>2026-06-02T23:44:37Z</time></trkpt><trkpt lat="37.49300765991211" lon="126.8951187133789"><ele>21.399999618530273</ele><time>2026-06-02T23:44:38Z</time></trkpt><trkpt lat="37.49299240112305" lon="126.89512634277344"><ele>21.200000762939453</ele><time>2026-06-02T23:44:39Z</time></trkpt><trkpt lat="37.49297332763672" lon="126.89513397216797"><ele>21.200000762939453</ele><time>2026-06-02T23:44:40Z</time></trkpt><trkpt lat="37.49295425415039" lon="126.89514923095703"><ele>21.200000762939453</ele><time>2026-06-02T23:44:41Z</time></trkpt><trkpt lat="37.49293518066406" lon="126.89515686035156"><ele>21.200000762939453</ele><time>2026-06-02T23:44:42Z</time></trkpt><trkpt lat="37.492919921875" lon="126.8951644897461"><ele>21.200000762939453</ele><time>2026-06-02T23:44:43Z</time></trkpt><trkpt lat="37.49290466308594" lon="126.89517211914062"><ele>21.200000762939453</ele><time>2026-06-02T23:44:44Z</time></trkpt><trkpt lat="37.49289321899414" lon="126.89517974853516"><ele>21.200000762939453</ele><time>2026-06-02T23:44:45Z</time></trkpt><trkpt lat="37.49287414550781" lon="126.89518737792969"><ele>21.200000762939453</ele><time>2026-06-02T23:44:46Z</time></trkpt><trkpt lat="37.49285888671875" lon="126.89519500732422"><ele>21.200000762939453</ele><time>2026-06-02T23:44:47Z</time></trkpt><trkpt lat="37.49283981323242" lon="126.89520263671875"><ele>21.399999618530273</ele><time>2026-06-02T23:44:48Z</time></trkpt><trkpt lat="37.492820739746094" lon="126.89521026611328"><ele>21.399999618530273</ele><time>2026-06-02T23:44:49Z</time></trkpt><trkpt lat="37.492801666259766" lon="126.89521789550781"><ele>21.399999618530273</ele><time>2026-06-02T23:44:50Z</time></trkpt><trkpt lat="37.49277877807617" lon="126.89522552490234"><ele>21.399999618530273</ele><time>2026-06-02T23:44:51Z</time></trkpt><trkpt lat="37.492759704589844" lon="126.89523315429688"><ele>21.399999618530273</ele><time>2026-06-02T23:44:52Z</time></trkpt><trkpt lat="37.49274444580078" lon="126.89523315429688"><ele>21.399999618530273</ele><time>2026-06-02T23:44:53Z</time></trkpt><trkpt lat="37.49272155761719" lon="126.8952407836914"><ele>21.399999618530273</ele><time>2026-06-02T23:44:54Z</time></trkpt><trkpt lat="37.492706298828125" lon="126.8952407836914"><ele>21.399999618530273</ele><time>2026-06-02T23:44:55Z</time></trkpt><trkpt lat="37.4926872253418" lon="126.89524841308594"><ele>21.399999618530273</ele><time>2026-06-02T23:44:56Z</time></trkpt><trkpt lat="37.4926643371582" lon="126.89524841308594"><ele>21.399999618530273</ele><time>2026-06-02T23:44:57Z</time></trkpt><trkpt lat="37.492645263671875" lon="126.89524841308594"><ele>21.399999618530273</ele><time>2026-06-02T23:44:58Z</time></trkpt><trkpt lat="37.49263000488281" lon="126.89525604248047"><ele>21.399999618530273</ele><time>2026-06-02T23:44:59Z</time></trkpt><trkpt lat="37.492610931396484" lon="126.89525604248047"><ele>21.399999618530273</ele><time>2026-06-02T23:45:00Z</time></trkpt><trkpt lat="37.492591857910156" lon="126.895263671875"><ele>21.399999618530273</ele><time>2026-06-02T23:45:01Z</time></trkpt><trkpt lat="37.492576599121094" lon="126.895263671875"><ele>21.399999618530273</ele><time>2026-06-02T23:45:02Z</time></trkpt><trkpt lat="37.49256134033203" lon="126.89527893066406"><ele>21.200000762939453</ele><time>2026-06-02T23:45:03Z</time></trkpt><trkpt lat="37.49253845214844" lon="126.8952865600586"><ele>21.200000762939453</ele><time>2026-06-02T23:45:04Z</time></trkpt><trkpt lat="37.49251937866211" lon="126.89529418945312"><ele>21.200000762939453</ele><time>2026-06-02T23:45:05Z</time></trkpt><trkpt lat="37.492496490478516" lon="126.89529418945312"><ele>21.200000762939453</ele><time>2026-06-02T23:45:06Z</time></trkpt><trkpt lat="37.49247360229492" lon="126.89530181884766"><ele>21.200000762939453</ele><time>2026-06-02T23:45:07Z</time></trkpt><trkpt lat="37.492454528808594" lon="126.89530944824219"><ele>21.200000762939453</ele><time>2026-06-02T23:45:08Z</time></trkpt><trkpt lat="37.492435455322266" lon="126.89531707763672"><ele>21.399999618530273</ele><time>2026-06-02T23:45:09Z</time></trkpt><trkpt lat="37.49241638183594" lon="126.89532470703125"><ele>21.399999618530273</ele><time>2026-06-02T23:45:10Z</time></trkpt><trkpt lat="37.492401123046875" lon="126.89532470703125"><ele>21.399999618530273</ele><time>2026-06-02T23:45:11Z</time></trkpt><trkpt lat="37.49238204956055" lon="126.89533233642578"><ele>21.399999618530273</ele><time>2026-06-02T23:45:12Z</time></trkpt><trkpt lat="37.49236297607422" lon="126.89533996582031"><ele>21.399999618530273</ele><time>2026-06-02T23:45:13Z</time></trkpt><trkpt lat="37.492347717285156" lon="126.89534759521484"><ele>21.200000762939453</ele><time>2026-06-02T23:45:14Z</time></trkpt><trkpt lat="37.49232864379883" lon="126.89535522460938"><ele>21.200000762939453</ele><time>2026-06-02T23:45:15Z</time></trkpt><trkpt lat="37.492313385009766" lon="126.89535522460938"><ele>21.200000762939453</ele><time>2026-06-02T23:45:16Z</time></trkpt><trkpt lat="37.4922981262207" lon="126.8953628540039"><ele>21.200000762939453</ele><time>2026-06-02T23:45:17Z</time></trkpt><trkpt lat="37.49228286743164" lon="126.8953628540039"><ele>21.200000762939453</ele><time>2026-06-02T23:45:18Z</time></trkpt><trkpt lat="37.49226760864258" lon="126.8953628540039"><ele>21.200000762939453</ele><time>2026-06-02T23:45:19Z</time></trkpt><trkpt lat="37.49224853515625" lon="126.89537048339844"><ele>21.200000762939453</ele><time>2026-06-02T23:45:20Z</time></trkpt><trkpt lat="37.49223327636719" lon="126.89537048339844"><ele>21.200000762939453</ele><time>2026-06-02T23:45:21Z</time></trkpt><trkpt lat="37.492218017578125" lon="126.89537811279297"><ele>21.200000762939453</ele><time>2026-06-02T23:45:22Z</time></trkpt><trkpt lat="37.49222946166992" lon="126.89533233642578"><ele>21.200000762939453</ele><time>2026-06-02T23:45:23Z</time></trkpt><trkpt lat="37.492218017578125" lon="126.89533996582031"><ele>21.200000762939453</ele><time>2026-06-02T23:45:24Z</time></trkpt><trkpt lat="37.49220657348633" lon="126.89534759521484"><ele>21.200000762939453</ele><time>2026-06-02T23:45:25Z</time></trkpt><trkpt lat="37.492191314697266" lon="126.8953628540039"><ele>21.200000762939453</ele><time>2026-06-02T23:45:26Z</time></trkpt><trkpt lat="37.49217987060547" lon="126.8953628540039"><ele>21.399999618530273</ele><time>2026-06-02T23:45:27Z</time></trkpt><trkpt lat="37.49216842651367" lon="126.89537048339844"><ele>21.399999618530273</ele><time>2026-06-02T23:45:28Z</time></trkpt><trkpt lat="37.49216842651367" lon="126.89537048339844"><ele>21.399999618530273</ele><time>2026-06-02T23:45:29Z</time></trkpt><trkpt lat="37.491981506347656" lon="126.89543151855469"><ele>21.799999237060547</ele><time>2026-06-02T23:45:37Z</time></trkpt><trkpt lat="37.491920471191406" lon="126.89546966552734"><ele>21.799999237060547</ele><time>2026-06-02T23:45:38Z</time></trkpt><trkpt lat="37.49188995361328" lon="126.89551544189453"><ele>21.799999237060547</ele><time>2026-06-02T23:45:39Z</time></trkpt><trkpt lat="37.49186706542969" lon="126.89554595947266"><ele>21.799999237060547</ele><time>2026-06-02T23:45:40Z</time></trkpt><trkpt lat="37.49186325073242" lon="126.89556884765625"><ele>21.600000381469727</ele><time>2026-06-02T23:45:41Z</time></trkpt><trkpt lat="37.49184036254883" lon="126.89558410644531"><ele>21.600000381469727</ele><time>2026-06-02T23:45:42Z</time></trkpt><trkpt lat="37.4918212890625" lon="126.89559173583984"><ele>21.600000381469727</ele><time>2026-06-02T23:45:43Z</time></trkpt><trkpt lat="37.491798400878906" lon="126.89559936523438"><ele>21.600000381469727</ele><time>2026-06-02T23:45:44Z</time></trkpt><trkpt lat="37.49177932739258" lon="126.8956069946289"><ele>21.600000381469727</ele><time>2026-06-02T23:45:45Z</time></trkpt><trkpt lat="37.49176025390625" lon="126.89561462402344"><ele>21.600000381469727</ele><time>2026-06-02T23:45:46Z</time></trkpt><trkpt lat="37.491737365722656" lon="126.89562225341797"><ele>21.600000381469727</ele><time>2026-06-02T23:45:47Z</time></trkpt><trkpt lat="37.49171829223633" lon="126.89563751220703"><ele>21.600000381469727</ele><time>2026-06-02T23:45:48Z</time></trkpt><trkpt lat="37.49169921875" lon="126.89564514160156"><ele>21.600000381469727</ele><time>2026-06-02T23:45:49Z</time></trkpt><trkpt lat="37.491676330566406" lon="126.8956527709961"><ele>21.600000381469727</ele><time>2026-06-02T23:45:50Z</time></trkpt><trkpt lat="37.491661071777344" lon="126.89566040039062"><ele>21.600000381469727</ele><time>2026-06-02T23:45:51Z</time></trkpt><trkpt lat="37.491641998291016" lon="126.89566802978516"><ele>21.600000381469727</ele><time>2026-06-02T23:45:52Z</time></trkpt><trkpt lat="37.49163055419922" lon="126.89567565917969"><ele>21.600000381469727</ele><time>2026-06-02T23:45:53Z</time></trkpt><trkpt lat="37.491615295410156" lon="126.89569091796875"><ele>21.399999618530273</ele><time>2026-06-02T23:45:54Z</time></trkpt><trkpt lat="37.49159622192383" lon="126.89569091796875"><ele>21.399999618530273</ele><time>2026-06-02T23:45:55Z</time></trkpt><trkpt lat="37.4915771484375" lon="126.89569854736328"><ele>21.399999618530273</ele><time>2026-06-02T23:45:56Z</time></trkpt><trkpt lat="37.491554260253906" lon="126.89570617675781"><ele>21.399999618530273</ele><time>2026-06-02T23:45:57Z</time></trkpt><trkpt lat="37.49153518676758" lon="126.89571380615234"><ele>21.399999618530273</ele><time>2026-06-02T23:45:58Z</time></trkpt><trkpt lat="37.49151611328125" lon="126.89572143554688"><ele>21.399999618530273</ele><time>2026-06-02T23:45:59Z</time></trkpt><trkpt lat="37.49150085449219" lon="126.89573669433594"><ele>21.399999618530273</ele><time>2026-06-02T23:46:00Z</time></trkpt><trkpt lat="37.49148178100586" lon="126.89573669433594"><ele>21.600000381469727</ele><time>2026-06-02T23:46:01Z</time></trkpt><trkpt lat="37.49146270751953" lon="126.89574432373047"><ele>21.600000381469727</ele><time>2026-06-02T23:46:02Z</time></trkpt><trkpt lat="37.4914436340332" lon="126.895751953125"><ele>21.399999618530273</ele><time>2026-06-02T23:46:03Z</time></trkpt><trkpt lat="37.491424560546875" lon="126.89576721191406"><ele>21.600000381469727</ele><time>2026-06-02T23:46:04Z</time></trkpt><trkpt lat="37.49140930175781" lon="126.89576721191406"><ele>21.600000381469727</ele><time>2026-06-02T23:46:05Z</time></trkpt><trkpt lat="37.49139404296875" lon="126.8957748413086"><ele>21.399999618530273</ele><time>2026-06-02T23:46:06Z</time></trkpt><trkpt lat="37.49137496948242" lon="126.89579010009766"><ele>21.600000381469727</ele><time>2026-06-02T23:46:07Z</time></trkpt><trkpt lat="37.49135971069336" lon="126.89579772949219"><ele>21.600000381469727</ele><time>2026-06-02T23:46:08Z</time></trkpt><trkpt lat="37.4913444519043" lon="126.89580535888672"><ele>21.600000381469727</ele><time>2026-06-02T23:46:09Z</time></trkpt><trkpt lat="37.491329193115234" lon="126.89580535888672"><ele>21.600000381469727</ele><time>2026-06-02T23:46:10Z</time></trkpt><trkpt lat="37.491310119628906" lon="126.89581298828125"><ele>21.600000381469727</ele><time>2026-06-02T23:46:11Z</time></trkpt><trkpt lat="37.491294860839844" lon="126.89582061767578"><ele>21.600000381469727</ele><time>2026-06-02T23:46:12Z</time></trkpt><trkpt lat="37.491275787353516" lon="126.89582824707031"><ele>21.600000381469727</ele><time>2026-06-02T23:46:13Z</time></trkpt><trkpt lat="37.49126052856445" lon="126.89583587646484"><ele>21.600000381469727</ele><time>2026-06-02T23:46:14Z</time></trkpt><trkpt lat="37.49123764038086" lon="126.8958511352539"><ele>21.600000381469727</ele><time>2026-06-02T23:46:15Z</time></trkpt><trkpt lat="37.4912223815918" lon="126.89585876464844"><ele>21.799999237060547</ele><time>2026-06-02T23:46:16Z</time></trkpt><trkpt lat="37.49120330810547" lon="126.89586639404297"><ele>21.799999237060547</ele><time>2026-06-02T23:46:17Z</time></trkpt><trkpt lat="37.491188049316406" lon="126.8958740234375"><ele>22.0</ele><time>2026-06-02T23:46:18Z</time></trkpt><trkpt lat="37.491172790527344" lon="126.89588165283203"><ele>22.0</ele><time>2026-06-02T23:46:19Z</time></trkpt><trkpt lat="37.49114990234375" lon="126.89588928222656"><ele>22.0</ele><time>2026-06-02T23:46:20Z</time></trkpt><trkpt lat="37.49113464355469" lon="126.8958969116211"><ele>21.799999237060547</ele><time>2026-06-02T23:46:21Z</time></trkpt><trkpt lat="37.49111557006836" lon="126.89590454101562"><ele>21.799999237060547</ele><time>2026-06-02T23:46:22Z</time></trkpt><trkpt lat="37.491092681884766" lon="126.89591217041016"><ele>21.799999237060547</ele><time>2026-06-02T23:46:23Z</time></trkpt><trkpt lat="37.4910774230957" lon="126.89591217041016"><ele>21.600000381469727</ele><time>2026-06-02T23:46:24Z</time></trkpt><trkpt lat="37.491058349609375" lon="126.89591217041016"><ele>21.600000381469727</ele><time>2026-06-02T23:46:25Z</time></trkpt><trkpt lat="37.49103927612305" lon="126.89591979980469"><ele>21.600000381469727</ele><time>2026-06-02T23:46:26Z</time></trkpt><trkpt lat="37.491024017333984" lon="126.89591979980469"><ele>21.600000381469727</ele><time>2026-06-02T23:46:27Z</time></trkpt><trkpt lat="37.491004943847656" lon="126.89593505859375"><ele>21.600000381469727</ele><time>2026-06-02T23:46:28Z</time></trkpt><trkpt lat="37.490989685058594" lon="126.89594268798828"><ele>21.600000381469727</ele><time>2026-06-02T23:46:29Z</time></trkpt><trkpt lat="37.490970611572266" lon="126.89595031738281"><ele>21.600000381469727</ele><time>2026-06-02T23:46:30Z</time></trkpt><trkpt lat="37.49095153808594" lon="126.89595794677734"><ele>21.600000381469727</ele><time>2026-06-02T23:46:31Z</time></trkpt><trkpt lat="37.490936279296875" lon="126.89596557617188"><ele>21.600000381469727</ele><time>2026-06-02T23:46:32Z</time></trkpt><trkpt lat="37.49091720581055" lon="126.89598083496094"><ele>21.600000381469727</ele><time>2026-06-02T23:46:33Z</time></trkpt><trkpt lat="37.490901947021484" lon="126.89598846435547"><ele>21.600000381469727</ele><time>2026-06-02T23:46:34Z</time></trkpt><trkpt lat="37.49088668823242" lon="126.89599609375"><ele>21.600000381469727</ele><time>2026-06-02T23:46:35Z</time></trkpt><trkpt lat="37.49087142944336" lon="126.89600372314453"><ele>21.799999237060547</ele><time>2026-06-02T23:46:36Z</time></trkpt><trkpt lat="37.4908561706543" lon="126.89600372314453"><ele>21.799999237060547</ele><time>2026-06-02T23:46:37Z</time></trkpt><trkpt lat="37.490840911865234" lon="126.89601135253906"><ele>21.799999237060547</ele><time>2026-06-02T23:46:38Z</time></trkpt><trkpt lat="37.49081802368164" lon="126.8960189819336"><ele>21.799999237060547</ele><time>2026-06-02T23:46:39Z</time></trkpt><trkpt lat="37.49079895019531" lon="126.8960189819336"><ele>21.799999237060547</ele><time>2026-06-02T23:46:40Z</time></trkpt><trkpt lat="37.490779876708984" lon="126.89602661132812"><ele>21.799999237060547</ele><time>2026-06-02T23:46:41Z</time></trkpt><trkpt lat="37.49076461791992" lon="126.89602661132812"><ele>21.799999237060547</ele><time>2026-06-02T23:46:42Z</time></trkpt><trkpt lat="37.49074935913086" lon="126.89604187011719"><ele>21.799999237060547</ele><time>2026-06-02T23:46:43Z</time></trkpt><trkpt lat="37.49073028564453" lon="126.89604949951172"><ele>21.799999237060547</ele><time>2026-06-02T23:46:44Z</time></trkpt><trkpt lat="37.49070739746094" lon="126.89604949951172"><ele>21.799999237060547</ele><time>2026-06-02T23:46:45Z</time></trkpt><trkpt lat="37.49068832397461" lon="126.89605712890625"><ele>21.799999237060547</ele><time>2026-06-02T23:46:46Z</time></trkpt><trkpt lat="37.49066925048828" lon="126.89606475830078"><ele>21.799999237060547</ele><time>2026-06-02T23:46:47Z</time></trkpt><trkpt lat="37.49064636230469" lon="126.89607238769531"><ele>21.799999237060547</ele><time>2026-06-02T23:46:48Z</time></trkpt><trkpt lat="37.490631103515625" lon="126.89608001708984"><ele>21.799999237060547</ele><time>2026-06-02T23:46:49Z</time></trkpt><trkpt lat="37.49060821533203" lon="126.89608001708984"><ele>21.799999237060547</ele><time>2026-06-02T23:46:50Z</time></trkpt><trkpt lat="37.49059295654297" lon="126.89608764648438"><ele>21.799999237060547</ele><time>2026-06-02T23:46:51Z</time></trkpt><trkpt lat="37.49057388305664" lon="126.8960952758789"><ele>21.799999237060547</ele><time>2026-06-02T23:46:52Z</time></trkpt><trkpt lat="37.49055862426758" lon="126.89610290527344"><ele>21.799999237060547</ele><time>2026-06-02T23:46:53Z</time></trkpt><trkpt lat="37.49053955078125" lon="126.89611053466797"><ele>21.799999237060547</ele><time>2026-06-02T23:46:54Z</time></trkpt><trkpt lat="37.49052047729492" lon="126.89612579345703"><ele>21.799999237060547</ele><time>2026-06-02T23:46:55Z</time></trkpt><trkpt lat="37.490501403808594" lon="126.89612579345703"><ele>21.799999237060547</ele><time>2026-06-02T23:46:56Z</time></trkpt><trkpt lat="37.490482330322266" lon="126.89612579345703"><ele>21.799999237060547</ele><time>2026-06-02T23:46:57Z</time></trkpt><trkpt lat="37.49045944213867" lon="126.89613342285156"><ele>21.799999237060547</ele><time>2026-06-02T23:46:58Z</time></trkpt><trkpt lat="37.49044418334961" lon="126.8961410522461"><ele>21.799999237060547</ele><time>2026-06-02T23:46:59Z</time></trkpt><trkpt lat="37.49042510986328" lon="126.89614868164062"><ele>21.799999237060547</ele><time>2026-06-02T23:47:00Z</time></trkpt><trkpt lat="37.49040985107422" lon="126.89615631103516"><ele>21.600000381469727</ele><time>2026-06-02T23:47:01Z</time></trkpt><trkpt lat="37.490394592285156" lon="126.89616394042969"><ele>21.600000381469727</ele><time>2026-06-02T23:47:02Z</time></trkpt><trkpt lat="37.490379333496094" lon="126.89615631103516"><ele>21.799999237060547</ele><time>2026-06-02T23:47:03Z</time></trkpt><trkpt lat="37.490360260009766" lon="126.89616394042969"><ele>21.799999237060547</ele><time>2026-06-02T23:47:04Z</time></trkpt><trkpt lat="37.49034118652344" lon="126.89617156982422"><ele>21.799999237060547</ele><time>2026-06-02T23:47:05Z</time></trkpt><trkpt lat="37.49032211303711" lon="126.89617156982422"><ele>21.799999237060547</ele><time>2026-06-02T23:47:06Z</time></trkpt><trkpt lat="37.49030685424805" lon="126.89617919921875"><ele>21.799999237060547</ele><time>2026-06-02T23:47:07Z</time></trkpt><trkpt lat="37.49028778076172" lon="126.89618682861328"><ele>21.600000381469727</ele><time>2026-06-02T23:47:08Z</time></trkpt><trkpt lat="37.490272521972656" lon="126.89618682861328"><ele>21.799999237060547</ele><time>2026-06-02T23:47:09Z</time></trkpt><trkpt lat="37.49025344848633" lon="126.89619445800781"><ele>21.799999237060547</ele><time>2026-06-02T23:47:10Z</time></trkpt><trkpt lat="37.490238189697266" lon="126.89620208740234"><ele>21.799999237060547</ele><time>2026-06-02T23:47:11Z</time></trkpt><trkpt lat="37.49021911621094" lon="126.89620971679688"><ele>21.799999237060547</ele><time>2026-06-02T23:47:12Z</time></trkpt><trkpt lat="37.490203857421875" lon="126.89620971679688"><ele>21.799999237060547</ele><time>2026-06-02T23:47:13Z</time></trkpt><trkpt lat="37.49019241333008" lon="126.89620971679688"><ele>21.799999237060547</ele><time>2026-06-02T23:47:14Z</time></trkpt><trkpt lat="37.490177154541016" lon="126.8962173461914"><ele>21.600000381469727</ele><time>2026-06-02T23:47:15Z</time></trkpt><trkpt lat="37.49015808105469" lon="126.89622497558594"><ele>21.799999237060547</ele><time>2026-06-02T23:47:16Z</time></trkpt><trkpt lat="37.49013900756836" lon="126.89623260498047"><ele>21.799999237060547</ele><time>2026-06-02T23:47:17Z</time></trkpt><trkpt lat="37.49011993408203" lon="126.896240234375"><ele>21.799999237060547</ele><time>2026-06-02T23:47:18Z</time></trkpt><trkpt lat="37.4901008605957" lon="126.89624786376953"><ele>21.799999237060547</ele><time>2026-06-02T23:47:19Z</time></trkpt><trkpt lat="37.49008560180664" lon="126.89625549316406"><ele>21.799999237060547</ele><time>2026-06-02T23:47:20Z</time></trkpt><trkpt lat="37.49006652832031" lon="126.8962631225586"><ele>21.799999237060547</ele><time>2026-06-02T23:47:21Z</time></trkpt><trkpt lat="37.49005126953125" lon="126.89627075195312"><ele>21.799999237060547</ele><time>2026-06-02T23:47:22Z</time></trkpt><trkpt lat="37.49003219604492" lon="126.89627075195312"><ele>21.799999237060547</ele><time>2026-06-02T23:47:23Z</time></trkpt><trkpt lat="37.49001693725586" lon="126.89627838134766"><ele>21.799999237060547</ele><time>2026-06-02T23:47:24Z</time></trkpt><trkpt lat="37.48999786376953" lon="126.89627838134766"><ele>21.799999237060547</ele><time>2026-06-02T23:47:25Z</time></trkpt><trkpt lat="37.48998260498047" lon="126.89628601074219"><ele>21.799999237060547</ele><time>2026-06-02T23:47:26Z</time></trkpt><trkpt lat="37.489959716796875" lon="126.89629364013672"><ele>21.799999237060547</ele><time>2026-06-02T23:47:27Z</time></trkpt><trkpt lat="37.48994064331055" lon="126.89629364013672"><ele>21.799999237060547</ele><time>2026-06-02T23:47:28Z</time></trkpt><trkpt lat="37.489925384521484" lon="126.89630126953125"><ele>21.799999237060547</ele><time>2026-06-02T23:47:29Z</time></trkpt><trkpt lat="37.48991012573242" lon="126.89630889892578"><ele>22.0</ele><time>2026-06-02T23:47:30Z</time></trkpt><trkpt lat="37.489891052246094" lon="126.89631652832031"><ele>21.799999237060547</ele><time>2026-06-02T23:47:31Z</time></trkpt><trkpt lat="37.48987579345703" lon="126.89632415771484"><ele>22.0</ele><time>2026-06-02T23:47:32Z</time></trkpt><trkpt lat="37.4898567199707" lon="126.89633178710938"><ele>22.0</ele><time>2026-06-02T23:47:33Z</time></trkpt><trkpt lat="37.489830017089844" lon="126.89634704589844"><ele>22.0</ele><time>2026-06-02T23:47:34Z</time></trkpt><trkpt lat="37.489810943603516" lon="126.89634704589844"><ele>22.0</ele><time>2026-06-02T23:47:35Z</time></trkpt><trkpt lat="37.48979568481445" lon="126.89635467529297"><ele>22.0</ele><time>2026-06-02T23:47:36Z</time></trkpt><trkpt lat="37.48978042602539" lon="126.8963623046875"><ele>22.0</ele><time>2026-06-02T23:47:37Z</time></trkpt><trkpt lat="37.489768981933594" lon="126.89636993408203"><ele>22.0</ele><time>2026-06-02T23:47:38Z</time></trkpt><trkpt lat="37.48975372314453" lon="126.89637756347656"><ele>22.0</ele><time>2026-06-02T23:47:39Z</time></trkpt><trkpt lat="37.48973846435547" lon="126.89637756347656"><ele>22.0</ele><time>2026-06-02T23:47:40Z</time></trkpt><trkpt lat="37.489723205566406" lon="126.8963851928711"><ele>22.0</ele><time>2026-06-02T23:47:41Z</time></trkpt><trkpt lat="37.489707946777344" lon="126.89639282226562"><ele>22.0</ele><time>2026-06-02T23:47:42Z</time></trkpt><trkpt lat="37.48969268798828" lon="126.89640045166016"><ele>22.0</ele><time>2026-06-02T23:47:43Z</time></trkpt><trkpt lat="37.48967361450195" lon="126.89640808105469"><ele>22.200000762939453</ele><time>2026-06-02T23:47:44Z</time></trkpt><trkpt lat="37.48965835571289" lon="126.89641571044922"><ele>22.200000762939453</ele><time>2026-06-02T23:47:45Z</time></trkpt><trkpt lat="37.48964309692383" lon="126.89642333984375"><ele>22.399999618530273</ele><time>2026-06-02T23:47:46Z</time></trkpt><trkpt lat="37.48963165283203" lon="126.89643096923828"><ele>22.399999618530273</ele><time>2026-06-02T23:47:47Z</time></trkpt><trkpt lat="37.4896125793457" lon="126.89643859863281"><ele>22.399999618530273</ele><time>2026-06-02T23:47:48Z</time></trkpt><trkpt lat="37.48959732055664" lon="126.89644622802734"><ele>22.399999618530273</ele><time>2026-06-02T23:47:49Z</time></trkpt><trkpt lat="37.48958206176758" lon="126.89645385742188"><ele>22.399999618530273</ele><time>2026-06-02T23:47:50Z</time></trkpt><trkpt lat="37.489566802978516" lon="126.89645385742188"><ele>22.200000762939453</ele><time>2026-06-02T23:47:51Z</time></trkpt><trkpt lat="37.48954772949219" lon="126.8964614868164"><ele>22.200000762939453</ele><time>2026-06-02T23:47:52Z</time></trkpt><trkpt lat="37.489532470703125" lon="126.89646911621094"><ele>22.200000762939453</ele><time>2026-06-02T23:47:53Z</time></trkpt><trkpt lat="37.48951721191406" lon="126.89646911621094"><ele>22.200000762939453</ele><time>2026-06-02T23:47:54Z</time></trkpt><trkpt lat="37.489505767822266" lon="126.89647674560547"><ele>22.200000762939453</ele><time>2026-06-02T23:47:55Z</time></trkpt><trkpt lat="37.48948669433594" lon="126.896484375"><ele>22.200000762939453</ele><time>2026-06-02T23:47:56Z</time></trkpt><trkpt lat="37.48946762084961" lon="126.89649200439453"><ele>22.200000762939453</ele><time>2026-06-02T23:47:57Z</time></trkpt><trkpt lat="37.48944091796875" lon="126.89647674560547"><ele>22.200000762939453</ele><time>2026-06-02T23:47:58Z</time></trkpt><trkpt lat="37.48939895629883" lon="126.89645385742188"><ele>22.399999618530273</ele><time>2026-06-02T23:47:59Z</time></trkpt><trkpt lat="37.48937225341797" lon="126.89645385742188"><ele>22.399999618530273</ele><time>2026-06-02T23:48:00Z</time></trkpt><trkpt lat="37.48935317993164" lon="126.89644622802734"><ele>22.399999618530273</ele><time>2026-06-02T23:48:01Z</time></trkpt><trkpt lat="37.48933410644531" lon="126.89645385742188"><ele>22.399999618530273</ele><time>2026-06-02T23:48:02Z</time></trkpt><trkpt lat="37.489315032958984" lon="126.8964614868164"><ele>22.399999618530273</ele><time>2026-06-02T23:48:03Z</time></trkpt><trkpt lat="37.489295959472656" lon="126.8964614868164"><ele>22.399999618530273</ele><time>2026-06-02T23:48:04Z</time></trkpt><trkpt lat="37.489280700683594" lon="126.89647674560547"><ele>22.200000762939453</ele><time>2026-06-02T23:48:05Z</time></trkpt><trkpt lat="37.48927307128906" lon="126.896484375"><ele>22.399999618530273</ele><time>2026-06-02T23:48:06Z</time></trkpt><trkpt lat="37.489261627197266" lon="126.89649200439453"><ele>22.399999618530273</ele><time>2026-06-02T23:48:07Z</time></trkpt><trkpt lat="37.4892463684082" lon="126.89649200439453"><ele>22.399999618530273</ele><time>2026-06-02T23:48:08Z</time></trkpt><trkpt lat="37.489234924316406" lon="126.896484375"><ele>22.399999618530273</ele><time>2026-06-02T23:48:09Z</time></trkpt><trkpt lat="37.48921585083008" lon="126.89647674560547"><ele>22.399999618530273</ele><time>2026-06-02T23:48:10Z</time></trkpt><trkpt lat="37.489192962646484" lon="126.8964614868164"><ele>22.399999618530273</ele><time>2026-06-02T23:48:11Z</time></trkpt><trkpt lat="37.48914337158203" lon="126.89645385742188"><ele>22.399999618530273</ele><time>2026-06-02T23:48:12Z</time></trkpt><trkpt lat="37.4891242980957" lon="126.89646911621094"><ele>22.399999618530273</ele><time>2026-06-02T23:48:13Z</time></trkpt><trkpt lat="37.48910140991211" lon="126.89649200439453"><ele>22.399999618530273</ele><time>2026-06-02T23:48:14Z</time></trkpt><trkpt lat="37.48908615112305" lon="126.8965072631836"><ele>22.399999618530273</ele><time>2026-06-02T23:48:15Z</time></trkpt><trkpt lat="37.48906707763672" lon="126.89652252197266"><ele>22.399999618530273</ele><time>2026-06-02T23:48:16Z</time></trkpt><trkpt lat="37.48905563354492" lon="126.89653015136719"><ele>22.399999618530273</ele><time>2026-06-02T23:48:17Z</time></trkpt><trkpt lat="37.48904037475586" lon="126.89655303955078"><ele>22.399999618530273</ele><time>2026-06-02T23:48:18Z</time></trkpt><trkpt lat="37.48903274536133" lon="126.89656829833984"><ele>22.399999618530273</ele><time>2026-06-02T23:48:19Z</time></trkpt><trkpt lat="37.48902130126953" lon="126.89659118652344"><ele>22.399999618530273</ele><time>2026-06-02T23:48:20Z</time></trkpt><trkpt lat="37.48900604248047" lon="126.8966064453125"><ele>22.399999618530273</ele><time>2026-06-02T23:48:21Z</time></trkpt><trkpt lat="37.48899459838867" lon="126.89662170410156"><ele>22.399999618530273</ele><time>2026-06-02T23:48:22Z</time></trkpt><trkpt lat="37.48897933959961" lon="126.8966293334961"><ele>22.399999618530273</ele><time>2026-06-02T23:48:23Z</time></trkpt><trkpt lat="37.48896408081055" lon="126.89664459228516"><ele>22.399999618530273</ele><time>2026-06-02T23:48:24Z</time></trkpt><trkpt lat="37.48895263671875" lon="126.89665222167969"><ele>22.399999618530273</ele><time>2026-06-02T23:48:25Z</time></trkpt><trkpt lat="37.48893737792969" lon="126.89665985107422"><ele>22.600000381469727</ele><time>2026-06-02T23:48:26Z</time></trkpt><trkpt lat="37.48892593383789" lon="126.89667510986328"><ele>22.600000381469727</ele><time>2026-06-02T23:48:27Z</time></trkpt><trkpt lat="37.48891067504883" lon="126.89668273925781"><ele>22.600000381469727</ele><time>2026-06-02T23:48:28Z</time></trkpt><trkpt lat="37.488895416259766" lon="126.89669036865234"><ele>22.600000381469727</ele><time>2026-06-02T23:48:29Z</time></trkpt><trkpt lat="37.488887786865234" lon="126.8967056274414"><ele>22.600000381469727</ele><time>2026-06-02T23:48:30Z</time></trkpt><trkpt lat="37.48887634277344" lon="126.89671325683594"><ele>22.600000381469727</ele><time>2026-06-02T23:48:31Z</time></trkpt><trkpt lat="37.48885726928711" lon="126.896728515625"><ele>22.600000381469727</ele><time>2026-06-02T23:48:32Z</time></trkpt><trkpt lat="37.48884201049805" lon="126.89673614501953"><ele>22.799999237060547</ele><time>2026-06-02T23:48:33Z</time></trkpt><trkpt lat="37.48882293701172" lon="126.8967514038086"><ele>22.799999237060547</ele><time>2026-06-02T23:48:34Z</time></trkpt><trkpt lat="37.48880386352539" lon="126.89675903320312"><ele>22.799999237060547</ele><time>2026-06-02T23:48:35Z</time></trkpt><trkpt lat="37.48878479003906" lon="126.89677429199219"><ele>22.799999237060547</ele><time>2026-06-02T23:48:36Z</time></trkpt><trkpt lat="37.48876953125" lon="126.89678192138672"><ele>22.799999237060547</ele><time>2026-06-02T23:48:37Z</time></trkpt><trkpt lat="37.488746643066406" lon="126.89679718017578"><ele>22.600000381469727</ele><time>2026-06-02T23:48:38Z</time></trkpt><trkpt lat="37.48872375488281" lon="126.89680480957031"><ele>22.600000381469727</ele><time>2026-06-02T23:48:39Z</time></trkpt><trkpt lat="37.488704681396484" lon="126.89682006835938"><ele>22.600000381469727</ele><time>2026-06-02T23:48:40Z</time></trkpt><trkpt lat="37.488685607910156" lon="126.89682006835938"><ele>22.600000381469727</ele><time>2026-06-02T23:48:41Z</time></trkpt><trkpt lat="37.488670349121094" lon="126.8968276977539"><ele>22.600000381469727</ele><time>2026-06-02T23:48:42Z</time></trkpt><trkpt lat="37.488651275634766" lon="126.89684295654297"><ele>22.600000381469727</ele><time>2026-06-02T23:48:43Z</time></trkpt><trkpt lat="37.48863983154297" lon="126.8968505859375"><ele>22.399999618530273</ele><time>2026-06-02T23:48:44Z</time></trkpt><trkpt lat="37.48862075805664" lon="126.89685821533203"><ele>22.399999618530273</ele><time>2026-06-02T23:48:45Z</time></trkpt><trkpt lat="37.48860549926758" lon="126.89686584472656"><ele>22.399999618530273</ele><time>2026-06-02T23:48:46Z</time></trkpt><trkpt lat="37.488590240478516" lon="126.8968734741211"><ele>22.600000381469727</ele><time>2026-06-02T23:48:47Z</time></trkpt><trkpt lat="37.48857116699219" lon="126.89688873291016"><ele>22.600000381469727</ele><time>2026-06-02T23:48:48Z</time></trkpt><trkpt lat="37.488555908203125" lon="126.89690399169922"><ele>22.600000381469727</ele><time>2026-06-02T23:48:49Z</time></trkpt><trkpt lat="37.4885368347168" lon="126.89691162109375"><ele>22.399999618530273</ele><time>2026-06-02T23:48:50Z</time></trkpt><trkpt lat="37.48851776123047" lon="126.89691925048828"><ele>22.399999618530273</ele><time>2026-06-02T23:48:51Z</time></trkpt><trkpt lat="37.488502502441406" lon="126.89692687988281"><ele>22.399999618530273</ele><time>2026-06-02T23:48:52Z</time></trkpt><trkpt lat="37.488487243652344" lon="126.89694213867188"><ele>22.399999618530273</ele><time>2026-06-02T23:48:53Z</time></trkpt><trkpt lat="37.488468170166016" lon="126.8969497680664"><ele>22.399999618530273</ele><time>2026-06-02T23:48:54Z</time></trkpt><trkpt lat="37.48845291137695" lon="126.89696502685547"><ele>22.399999618530273</ele><time>2026-06-02T23:48:55Z</time></trkpt><trkpt lat="37.488441467285156" lon="126.89697265625"><ele>22.600000381469727</ele><time>2026-06-02T23:48:56Z</time></trkpt><trkpt lat="37.488426208496094" lon="126.89698791503906"><ele>22.600000381469727</ele><time>2026-06-02T23:48:57Z</time></trkpt><trkpt lat="37.4884147644043" lon="126.8969955444336"><ele>22.600000381469727</ele><time>2026-06-02T23:48:58Z</time></trkpt><trkpt lat="37.488399505615234" lon="126.89700317382812"><ele>22.600000381469727</ele><time>2026-06-02T23:48:59Z</time></trkpt><trkpt lat="37.48838424682617" lon="126.89701080322266"><ele>22.600000381469727</ele><time>2026-06-02T23:49:00Z</time></trkpt><trkpt lat="37.48836898803711" lon="126.89702606201172"><ele>22.600000381469727</ele><time>2026-06-02T23:49:01Z</time></trkpt><trkpt lat="37.48835372924805" lon="126.89704132080078"><ele>22.600000381469727</ele><time>2026-06-02T23:49:02Z</time></trkpt><trkpt lat="37.488338470458984" lon="126.89704895019531"><ele>22.600000381469727</ele><time>2026-06-02T23:49:03Z</time></trkpt><trkpt lat="37.48832321166992" lon="126.89706420898438"><ele>22.600000381469727</ele><time>2026-06-02T23:49:04Z</time></trkpt><trkpt lat="37.488304138183594" lon="126.89707946777344"><ele>22.600000381469727</ele><time>2026-06-02T23:49:05Z</time></trkpt><trkpt lat="37.4882926940918" lon="126.8970947265625"><ele>22.600000381469727</ele><time>2026-06-02T23:49:06Z</time></trkpt><trkpt lat="37.488277435302734" lon="126.89710998535156"><ele>22.399999618530273</ele><time>2026-06-02T23:49:07Z</time></trkpt><trkpt lat="37.48826599121094" lon="126.8971176147461"><ele>22.399999618530273</ele><time>2026-06-02T23:49:08Z</time></trkpt><trkpt lat="37.48825454711914" lon="126.89713287353516"><ele>22.399999618530273</ele><time>2026-06-02T23:49:09Z</time></trkpt><trkpt lat="37.48823928833008" lon="126.89714813232422"><ele>22.399999618530273</ele><time>2026-06-02T23:49:10Z</time></trkpt><trkpt lat="37.488224029541016" lon="126.89716339111328"><ele>22.399999618530273</ele><time>2026-06-02T23:49:11Z</time></trkpt><trkpt lat="37.48820877075195" lon="126.89717864990234"><ele>22.399999618530273</ele><time>2026-06-02T23:49:12Z</time></trkpt><trkpt lat="37.488189697265625" lon="126.89718627929688"><ele>22.399999618530273</ele><time>2026-06-02T23:49:13Z</time></trkpt><trkpt lat="37.48817443847656" lon="126.89720916748047"><ele>22.399999618530273</ele><time>2026-06-02T23:49:14Z</time></trkpt><trkpt lat="37.4881591796875" lon="126.89722442626953"><ele>22.399999618530273</ele><time>2026-06-02T23:49:15Z</time></trkpt><trkpt lat="37.48814392089844" lon="126.8972396850586"><ele>22.399999618530273</ele><time>2026-06-02T23:49:16Z</time></trkpt><trkpt lat="37.488128662109375" lon="126.89725494384766"><ele>22.399999618530273</ele><time>2026-06-02T23:49:17Z</time></trkpt><trkpt lat="37.48811721801758" lon="126.89727020263672"><ele>22.399999618530273</ele><time>2026-06-02T23:49:18Z</time></trkpt><trkpt lat="37.488101959228516" lon="126.89728546142578"><ele>22.399999618530273</ele><time>2026-06-02T23:49:19Z</time></trkpt><trkpt lat="37.48808288574219" lon="126.89729309082031"><ele>22.399999618530273</ele><time>2026-06-02T23:49:20Z</time></trkpt><trkpt lat="37.488067626953125" lon="126.89730072021484"><ele>22.399999618530273</ele><time>2026-06-02T23:49:21Z</time></trkpt><trkpt lat="37.48805236816406" lon="126.89730834960938"><ele>22.399999618530273</ele><time>2026-06-02T23:49:22Z</time></trkpt><trkpt lat="37.488037109375" lon="126.8973159790039"><ele>22.399999618530273</ele><time>2026-06-02T23:49:23Z</time></trkpt><trkpt lat="37.4880256652832" lon="126.89733123779297"><ele>22.399999618530273</ele><time>2026-06-02T23:49:24Z</time></trkpt><trkpt lat="37.48801040649414" lon="126.8973388671875"><ele>22.399999618530273</ele><time>2026-06-02T23:49:25Z</time></trkpt><trkpt lat="37.48799133300781" lon="126.89735412597656"><ele>22.399999618530273</ele><time>2026-06-02T23:49:26Z</time></trkpt><trkpt lat="37.487979888916016" lon="126.8973617553711"><ele>22.399999618530273</ele><time>2026-06-02T23:49:27Z</time></trkpt><trkpt lat="37.48795700073242" lon="126.89737701416016"><ele>22.600000381469727</ele><time>2026-06-02T23:49:28Z</time></trkpt><trkpt lat="37.487937927246094" lon="126.89739227294922"><ele>22.600000381469727</ele><time>2026-06-02T23:49:29Z</time></trkpt><trkpt lat="37.487918853759766" lon="126.89740753173828"><ele>22.799999237060547</ele><time>2026-06-02T23:49:30Z</time></trkpt><trkpt lat="37.48789978027344" lon="126.89742279052734"><ele>22.799999237060547</ele><time>2026-06-02T23:49:31Z</time></trkpt><trkpt lat="37.48788070678711" lon="126.8974380493164"><ele>22.799999237060547</ele><time>2026-06-02T23:49:32Z</time></trkpt><trkpt lat="37.487857818603516" lon="126.89745330810547"><ele>22.799999237060547</ele><time>2026-06-02T23:49:33Z</time></trkpt><trkpt lat="37.48784255981445" lon="126.89746856689453"><ele>22.600000381469727</ele><time>2026-06-02T23:49:34Z</time></trkpt><trkpt lat="37.487823486328125" lon="126.89749145507812"><ele>22.600000381469727</ele><time>2026-06-02T23:49:35Z</time></trkpt><trkpt lat="37.48780822753906" lon="126.89749908447266"><ele>22.399999618530273</ele><time>2026-06-02T23:49:36Z</time></trkpt><trkpt lat="37.48779296875" lon="126.89751434326172"><ele>22.399999618530273</ele><time>2026-06-02T23:49:37Z</time></trkpt><trkpt lat="37.48777770996094" lon="126.89752960205078"><ele>22.399999618530273</ele><time>2026-06-02T23:49:38Z</time></trkpt><trkpt lat="37.48776626586914" lon="126.89754486083984"><ele>22.399999618530273</ele><time>2026-06-02T23:49:39Z</time></trkpt><trkpt lat="37.48774719238281" lon="126.89756774902344"><ele>22.399999618530273</ele><time>2026-06-02T23:49:40Z</time></trkpt><trkpt lat="37.48773193359375" lon="126.8975830078125"><ele>22.399999618530273</ele><time>2026-06-02T23:49:41Z</time></trkpt><trkpt lat="37.48772048950195" lon="126.89759826660156"><ele>22.399999618530273</ele><time>2026-06-02T23:49:42Z</time></trkpt><trkpt lat="37.487693786621094" lon="126.89759063720703"><ele>22.399999618530273</ele><time>2026-06-02T23:49:43Z</time></trkpt><trkpt lat="37.487667083740234" lon="126.8975830078125"><ele>22.399999618530273</ele><time>2026-06-02T23:49:44Z</time></trkpt><trkpt lat="37.487632751464844" lon="126.8975830078125"><ele>22.399999618530273</ele><time>2026-06-02T23:49:45Z</time></trkpt><trkpt lat="37.48760986328125" lon="126.89759063720703"><ele>22.200000762939453</ele><time>2026-06-02T23:49:46Z</time></trkpt><trkpt lat="37.48759460449219" lon="126.8976058959961"><ele>22.200000762939453</ele><time>2026-06-02T23:49:47Z</time></trkpt><trkpt lat="37.48758316040039" lon="126.89762115478516"><ele>22.200000762939453</ele><time>2026-06-02T23:49:48Z</time></trkpt><trkpt lat="37.48756790161133" lon="126.89762878417969"><ele>22.200000762939453</ele><time>2026-06-02T23:49:49Z</time></trkpt><trkpt lat="37.48755645751953" lon="126.89764404296875"><ele>22.399999618530273</ele><time>2026-06-02T23:49:50Z</time></trkpt><trkpt lat="37.487545013427734" lon="126.89765167236328"><ele>22.399999618530273</ele><time>2026-06-02T23:49:51Z</time></trkpt><trkpt lat="37.4875373840332" lon="126.89765930175781"><ele>22.399999618530273</ele><time>2026-06-02T23:49:52Z</time></trkpt><trkpt lat="37.48752212524414" lon="126.89766693115234"><ele>22.399999618530273</ele><time>2026-06-02T23:49:53Z</time></trkpt><trkpt lat="37.48750686645508" lon="126.89766693115234"><ele>22.399999618530273</ele><time>2026-06-02T23:49:54Z</time></trkpt><trkpt lat="37.48748779296875" lon="126.89765930175781"><ele>22.399999618530273</ele><time>2026-06-02T23:49:55Z</time></trkpt><trkpt lat="37.48748016357422" lon="126.89765167236328"><ele>22.399999618530273</ele><time>2026-06-02T23:49:56Z</time></trkpt><trkpt lat="37.4874153137207" lon="126.8976821899414"><ele>22.399999618530273</ele><time>2026-06-02T23:49:57Z</time></trkpt><trkpt lat="37.487388610839844" lon="126.89769744873047"><ele>22.399999618530273</ele><time>2026-06-02T23:49:58Z</time></trkpt><trkpt lat="37.48737716674805" lon="126.89772033691406"><ele>22.399999618530273</ele><time>2026-06-02T23:49:59Z</time></trkpt><trkpt lat="37.487361907958984" lon="126.89774322509766"><ele>22.399999618530273</ele><time>2026-06-02T23:50:00Z</time></trkpt><trkpt lat="37.48735809326172" lon="126.89778137207031"><ele>22.399999618530273</ele><time>2026-06-02T23:50:01Z</time></trkpt><trkpt lat="37.48734664916992" lon="126.8978042602539"><ele>22.399999618530273</ele><time>2026-06-02T23:50:02Z</time></trkpt><trkpt lat="37.487335205078125" lon="126.8978271484375"><ele>22.399999618530273</ele><time>2026-06-02T23:50:03Z</time></trkpt><trkpt lat="37.487327575683594" lon="126.8978500366211"><ele>22.399999618530273</ele><time>2026-06-02T23:50:04Z</time></trkpt><trkpt lat="37.4873161315918" lon="126.89787292480469"><ele>22.399999618530273</ele><time>2026-06-02T23:50:05Z</time></trkpt><trkpt lat="37.4873046875" lon="126.89791870117188"><ele>22.399999618530273</ele><time>2026-06-02T23:50:06Z</time></trkpt><trkpt lat="37.487300872802734" lon="126.89793395996094"><ele>22.600000381469727</ele><time>2026-06-02T23:50:07Z</time></trkpt><trkpt lat="37.4872932434082" lon="126.89794921875"><ele>22.600000381469727</ele><time>2026-06-02T23:50:08Z</time></trkpt><trkpt lat="37.48728942871094" lon="126.89796447753906"><ele>22.399999618530273</ele><time>2026-06-02T23:50:09Z</time></trkpt><trkpt lat="37.487281799316406" lon="126.89797973632812"><ele>22.399999618530273</ele><time>2026-06-02T23:50:10Z</time></trkpt><trkpt lat="37.48727035522461" lon="126.89800262451172"><ele>22.200000762939453</ele><time>2026-06-02T23:50:11Z</time></trkpt><trkpt lat="37.48726272583008" lon="126.89801788330078"><ele>22.200000762939453</ele><time>2026-06-02T23:50:12Z</time></trkpt><trkpt lat="37.48725128173828" lon="126.89803314208984"><ele>22.200000762939453</ele><time>2026-06-02T23:50:13Z</time></trkpt><trkpt lat="37.48723602294922" lon="126.89805603027344"><ele>22.200000762939453</ele><time>2026-06-02T23:50:14Z</time></trkpt><trkpt lat="37.48722457885742" lon="126.8980712890625"><ele>22.200000762939453</ele><time>2026-06-02T23:50:15Z</time></trkpt><trkpt lat="37.487213134765625" lon="126.89808654785156"><ele>22.399999618530273</ele><time>2026-06-02T23:50:16Z</time></trkpt><trkpt lat="37.487205505371094" lon="126.89810180664062"><ele>22.399999618530273</ele><time>2026-06-02T23:50:17Z</time></trkpt><trkpt lat="37.48719787597656" lon="126.89811706542969"><ele>22.399999618530273</ele><time>2026-06-02T23:50:18Z</time></trkpt><trkpt lat="37.4871826171875" lon="126.89813232421875"><ele>22.399999618530273</ele><time>2026-06-02T23:50:19Z</time></trkpt><trkpt lat="37.48717498779297" lon="126.89815521240234"><ele>22.200000762939453</ele><time>2026-06-02T23:50:20Z</time></trkpt><trkpt lat="37.48716354370117" lon="126.8981704711914"><ele>22.200000762939453</ele><time>2026-06-02T23:50:21Z</time></trkpt><trkpt lat="37.487152099609375" lon="126.898193359375"><ele>22.399999618530273</ele><time>2026-06-02T23:50:22Z</time></trkpt><trkpt lat="37.48714065551758" lon="126.8982162475586"><ele>22.399999618530273</ele><time>2026-06-02T23:50:23Z</time></trkpt><trkpt lat="37.48713302612305" lon="126.89822387695312"><ele>22.399999618530273</ele><time>2026-06-02T23:50:24Z</time></trkpt><trkpt lat="37.487117767333984" lon="126.89824676513672"><ele>22.399999618530273</ele><time>2026-06-02T23:50:25Z</time></trkpt><trkpt lat="37.48711013793945" lon="126.89826202392578"><ele>22.399999618530273</ele><time>2026-06-02T23:50:26Z</time></trkpt><trkpt lat="37.48709487915039" lon="126.89827728271484"><ele>22.399999618530273</ele><time>2026-06-02T23:50:27Z</time></trkpt><trkpt lat="37.487083435058594" lon="126.8982925415039"><ele>22.399999618530273</ele><time>2026-06-02T23:50:28Z</time></trkpt><trkpt lat="37.4870719909668" lon="126.89830780029297"><ele>22.200000762939453</ele><time>2026-06-02T23:50:29Z</time></trkpt><trkpt lat="37.487056732177734" lon="126.89832305908203"><ele>22.200000762939453</ele><time>2026-06-02T23:50:30Z</time></trkpt><trkpt lat="37.48704147338867" lon="126.8983383178711"><ele>22.200000762939453</ele><time>2026-06-02T23:50:31Z</time></trkpt><trkpt lat="37.487030029296875" lon="126.89835357666016"><ele>22.200000762939453</ele><time>2026-06-02T23:50:32Z</time></trkpt><trkpt lat="37.48701858520508" lon="126.89837646484375"><ele>22.200000762939453</ele><time>2026-06-02T23:50:33Z</time></trkpt><trkpt lat="37.487003326416016" lon="126.89839172363281"><ele>22.200000762939453</ele><time>2026-06-02T23:50:34Z</time></trkpt><trkpt lat="37.48699188232422" lon="126.89840698242188"><ele>22.200000762939453</ele><time>2026-06-02T23:50:35Z</time></trkpt><trkpt lat="37.48698043823242" lon="126.89842987060547"><ele>22.200000762939453</ele><time>2026-06-02T23:50:36Z</time></trkpt><trkpt lat="37.48697280883789" lon="126.89844512939453"><ele>22.200000762939453</ele><time>2026-06-02T23:50:37Z</time></trkpt><trkpt lat="37.486961364746094" lon="126.8984603881836"><ele>22.200000762939453</ele><time>2026-06-02T23:50:38Z</time></trkpt><trkpt lat="37.4869499206543" lon="126.89848327636719"><ele>22.200000762939453</ele><time>2026-06-02T23:50:39Z</time></trkpt><trkpt lat="37.4869384765625" lon="126.89849853515625"><ele>22.200000762939453</ele><time>2026-06-02T23:50:40Z</time></trkpt><trkpt lat="37.4869270324707" lon="126.89851379394531"><ele>22.200000762939453</ele><time>2026-06-02T23:50:41Z</time></trkpt><trkpt lat="37.486915588378906" lon="126.8985366821289"><ele>22.200000762939453</ele><time>2026-06-02T23:50:42Z</time></trkpt><trkpt lat="37.486907958984375" lon="126.8985595703125"><ele>22.200000762939453</ele><time>2026-06-02T23:50:43Z</time></trkpt><trkpt lat="37.48689651489258" lon="126.8985824584961"><ele>22.200000762939453</ele><time>2026-06-02T23:50:44Z</time></trkpt><trkpt lat="37.48688507080078" lon="126.89860534667969"><ele>22.200000762939453</ele><time>2026-06-02T23:50:45Z</time></trkpt><trkpt lat="37.486873626708984" lon="126.89862823486328"><ele>22.200000762939453</ele><time>2026-06-02T23:50:46Z</time></trkpt><trkpt lat="37.48686218261719" lon="126.89865112304688"><ele>22.200000762939453</ele><time>2026-06-02T23:50:47Z</time></trkpt><trkpt lat="37.48685073852539" lon="126.89867401123047"><ele>22.200000762939453</ele><time>2026-06-02T23:50:48Z</time></trkpt><trkpt lat="37.486839294433594" lon="126.89868927001953"><ele>22.200000762939453</ele><time>2026-06-02T23:50:49Z</time></trkpt><trkpt lat="37.4868278503418" lon="126.89871215820312"><ele>22.200000762939453</ele><time>2026-06-02T23:50:50Z</time></trkpt><trkpt lat="37.48681640625" lon="126.89872741699219"><ele>22.200000762939453</ele><time>2026-06-02T23:50:51Z</time></trkpt><trkpt lat="37.48680114746094" lon="126.89875030517578"><ele>22.200000762939453</ele><time>2026-06-02T23:50:52Z</time></trkpt><trkpt lat="37.48678970336914" lon="126.89877319335938"><ele>22.200000762939453</ele><time>2026-06-02T23:50:53Z</time></trkpt><trkpt lat="37.486778259277344" lon="126.89878845214844"><ele>22.200000762939453</ele><time>2026-06-02T23:50:54Z</time></trkpt><trkpt lat="37.48676681518555" lon="126.8988037109375"><ele>22.200000762939453</ele><time>2026-06-02T23:50:55Z</time></trkpt><trkpt lat="37.48675537109375" lon="126.8988265991211"><ele>22.200000762939453</ele><time>2026-06-02T23:50:56Z</time></trkpt><trkpt lat="37.48674392700195" lon="126.89883422851562"><ele>22.399999618530273</ele><time>2026-06-02T23:50:57Z</time></trkpt><trkpt lat="37.486732482910156" lon="126.89884948730469"><ele>22.399999618530273</ele><time>2026-06-02T23:50:58Z</time></trkpt><trkpt lat="37.48672103881836" lon="126.89887237548828"><ele>22.399999618530273</ele><time>2026-06-02T23:50:59Z</time></trkpt><trkpt lat="37.48671340942383" lon="126.89888000488281"><ele>22.399999618530273</ele><time>2026-06-02T23:51:00Z</time></trkpt><trkpt lat="37.48670196533203" lon="126.89889526367188"><ele>22.200000762939453</ele><time>2026-06-02T23:51:01Z</time></trkpt><trkpt lat="37.486690521240234" lon="126.89891052246094"><ele>22.200000762939453</ele><time>2026-06-02T23:51:02Z</time></trkpt><trkpt lat="37.4866828918457" lon="126.89892578125"><ele>22.200000762939453</ele><time>2026-06-02T23:51:03Z</time></trkpt><trkpt lat="37.486671447753906" lon="126.89894104003906"><ele>22.200000762939453</ele><time>2026-06-02T23:51:04Z</time></trkpt><trkpt lat="37.486656188964844" lon="126.89896392822266"><ele>22.200000762939453</ele><time>2026-06-02T23:51:05Z</time></trkpt><trkpt lat="37.48664855957031" lon="126.89897918701172"><ele>22.200000762939453</ele><time>2026-06-02T23:51:06Z</time></trkpt><trkpt lat="37.486637115478516" lon="126.89899444580078"><ele>22.200000762939453</ele><time>2026-06-02T23:51:07Z</time></trkpt><trkpt lat="37.48662567138672" lon="126.89901733398438"><ele>22.200000762939453</ele><time>2026-06-02T23:51:08Z</time></trkpt><trkpt lat="37.48661422729492" lon="126.89903259277344"><ele>22.200000762939453</ele><time>2026-06-02T23:51:09Z</time></trkpt><trkpt lat="37.486602783203125" lon="126.8990478515625"><ele>22.200000762939453</ele><time>2026-06-02T23:51:10Z</time></trkpt><trkpt lat="37.486595153808594" lon="126.8990707397461"><ele>22.200000762939453</ele><time>2026-06-02T23:51:11Z</time></trkpt><trkpt lat="37.48658752441406" lon="126.89908599853516"><ele>22.200000762939453</ele><time>2026-06-02T23:51:12Z</time></trkpt><trkpt lat="37.48657989501953" lon="126.89910888671875"><ele>22.200000762939453</ele><time>2026-06-02T23:51:13Z</time></trkpt><trkpt lat="37.486572265625" lon="126.89913177490234"><ele>22.200000762939453</ele><time>2026-06-02T23:51:14Z</time></trkpt><trkpt lat="37.48656463623047" lon="126.8991470336914"><ele>22.200000762939453</ele><time>2026-06-02T23:51:15Z</time></trkpt><trkpt lat="37.48655700683594" lon="126.89916229248047"><ele>22.200000762939453</ele><time>2026-06-02T23:51:16Z</time></trkpt><trkpt lat="37.486549377441406" lon="126.89918518066406"><ele>22.200000762939453</ele><time>2026-06-02T23:51:17Z</time></trkpt><trkpt lat="37.486541748046875" lon="126.89920806884766"><ele>22.200000762939453</ele><time>2026-06-02T23:51:18Z</time></trkpt><trkpt lat="37.486534118652344" lon="126.89923095703125"><ele>22.200000762939453</ele><time>2026-06-02T23:51:19Z</time></trkpt><trkpt lat="37.48653030395508" lon="126.89925384521484"><ele>22.200000762939453</ele><time>2026-06-02T23:51:20Z</time></trkpt><trkpt lat="37.48652267456055" lon="126.8992691040039"><ele>22.200000762939453</ele><time>2026-06-02T23:51:21Z</time></trkpt><trkpt lat="37.48651123046875" lon="126.8992919921875"><ele>22.200000762939453</ele><time>2026-06-02T23:51:22Z</time></trkpt><trkpt lat="37.48650360107422" lon="126.8993148803711"><ele>22.200000762939453</ele><time>2026-06-02T23:51:23Z</time></trkpt><trkpt lat="37.48649597167969" lon="126.89933013916016"><ele>22.200000762939453</ele><time>2026-06-02T23:51:24Z</time></trkpt><trkpt lat="37.48648452758789" lon="126.89935302734375"><ele>22.200000762939453</ele><time>2026-06-02T23:51:25Z</time></trkpt><trkpt lat="37.486473083496094" lon="126.89938354492188"><ele>22.399999618530273</ele><time>2026-06-02T23:51:26Z</time></trkpt><trkpt lat="37.4864616394043" lon="126.89939880371094"><ele>22.399999618530273</ele><time>2026-06-02T23:51:27Z</time></trkpt><trkpt lat="37.486446380615234" lon="126.89942169189453"><ele>22.200000762939453</ele><time>2026-06-02T23:51:28Z</time></trkpt><trkpt lat="37.48643493652344" lon="126.8994369506836"><ele>22.200000762939453</ele><time>2026-06-02T23:51:29Z</time></trkpt><trkpt lat="37.486427307128906" lon="126.89945220947266"><ele>22.200000762939453</ele><time>2026-06-02T23:51:30Z</time></trkpt><trkpt lat="37.48641586303711" lon="126.89946746826172"><ele>22.200000762939453</ele><time>2026-06-02T23:51:31Z</time></trkpt><trkpt lat="37.48640823364258" lon="126.89947509765625"><ele>22.200000762939453</ele><time>2026-06-02T23:51:32Z</time></trkpt><trkpt lat="37.48640060424805" lon="126.89947509765625"><ele>22.399999618530273</ele><time>2026-06-02T23:51:33Z</time></trkpt><trkpt lat="37.48638153076172" lon="126.89946746826172"><ele>22.399999618530273</ele><time>2026-06-02T23:51:34Z</time></trkpt><trkpt lat="37.486358642578125" lon="126.89945983886719"><ele>22.399999618530273</ele><time>2026-06-02T23:51:35Z</time></trkpt><trkpt lat="37.48633575439453" lon="126.89944458007812"><ele>22.200000762939453</ele><time>2026-06-02T23:51:36Z</time></trkpt><trkpt lat="37.486324310302734" lon="126.89944458007812"><ele>22.200000762939453</ele><time>2026-06-02T23:51:37Z</time></trkpt><trkpt lat="37.48630142211914" lon="126.89944458007812"><ele>22.200000762939453</ele><time>2026-06-02T23:51:38Z</time></trkpt><trkpt lat="37.48628234863281" lon="126.89942169189453"><ele>22.200000762939453</ele><time>2026-06-02T23:51:39Z</time></trkpt><trkpt lat="37.48626708984375" lon="126.89940643310547"><ele>22.399999618530273</ele><time>2026-06-02T23:51:40Z</time></trkpt><trkpt lat="37.48624801635742" lon="126.89937591552734"><ele>22.399999618530273</ele><time>2026-06-02T23:51:41Z</time></trkpt><trkpt lat="37.486236572265625" lon="126.89934539794922"><ele>22.399999618530273</ele><time>2026-06-02T23:51:42Z</time></trkpt><trkpt lat="37.48622512817383" lon="126.8993148803711"><ele>22.399999618530273</ele><time>2026-06-02T23:51:43Z</time></trkpt><trkpt lat="37.486209869384766" lon="126.89928436279297"><ele>22.399999618530273</ele><time>2026-06-02T23:51:44Z</time></trkpt><trkpt lat="37.48619842529297" lon="126.8992691040039"><ele>22.399999618530273</ele><time>2026-06-02T23:51:45Z</time></trkpt><trkpt lat="37.486202239990234" lon="126.89922332763672"><ele>22.399999618530273</ele><time>2026-06-02T23:51:46Z</time></trkpt><trkpt lat="37.486175537109375" lon="126.89923095703125"><ele>22.399999618530273</ele><time>2026-06-02T23:51:47Z</time></trkpt><trkpt lat="37.48610305786133" lon="126.89923095703125"><ele>22.399999618530273</ele><time>2026-06-02T23:51:48Z</time></trkpt><trkpt lat="37.48607635498047" lon="126.89922332763672"><ele>22.399999618530273</ele><time>2026-06-02T23:51:49Z</time></trkpt><trkpt lat="37.48604965209961" lon="126.89922332763672"><ele>22.399999618530273</ele><time>2026-06-02T23:51:50Z</time></trkpt><trkpt lat="37.48603439331055" lon="126.89921569824219"><ele>22.399999618530273</ele><time>2026-06-02T23:51:51Z</time></trkpt><trkpt lat="37.486000061035156" lon="126.89922332763672"><ele>22.399999618530273</ele><time>2026-06-02T23:51:52Z</time></trkpt><trkpt lat="37.48598098754883" lon="126.89923858642578"><ele>22.399999618530273</ele><time>2026-06-02T23:51:53Z</time></trkpt><trkpt lat="37.4859619140625" lon="126.89926147460938"><ele>22.399999618530273</ele><time>2026-06-02T23:51:54Z</time></trkpt><trkpt lat="37.48593521118164" lon="126.89930725097656"><ele>22.399999618530273</ele><time>2026-06-02T23:51:55Z</time></trkpt><trkpt lat="37.48591232299805" lon="126.89933776855469"><ele>22.399999618530273</ele><time>2026-06-02T23:51:56Z</time></trkpt><trkpt lat="37.48588562011719" lon="126.89936828613281"><ele>22.399999618530273</ele><time>2026-06-02T23:51:57Z</time></trkpt><trkpt lat="37.48586654663086" lon="126.89939880371094"><ele>22.399999618530273</ele><time>2026-06-02T23:51:58Z</time></trkpt><trkpt lat="37.48584747314453" lon="126.89942932128906"><ele>22.399999618530273</ele><time>2026-06-02T23:51:59Z</time></trkpt><trkpt lat="37.48582458496094" lon="126.89946746826172"><ele>22.399999618530273</ele><time>2026-06-02T23:52:00Z</time></trkpt><trkpt lat="37.48582077026367" lon="126.89949035644531"><ele>22.399999618530273</ele><time>2026-06-02T23:52:01Z</time></trkpt><trkpt lat="37.48575973510742" lon="126.899658203125"><ele>22.399999618530273</ele><time>2026-06-02T23:52:02Z</time></trkpt><trkpt lat="37.48573303222656" lon="126.89974212646484"><ele>22.399999618530273</ele><time>2026-06-02T23:52:03Z</time></trkpt><trkpt lat="37.48573684692383" lon="126.89973449707031"><ele>22.399999618530273</ele><time>2026-06-02T23:52:04Z</time></trkpt><trkpt lat="37.4857177734375" lon="126.89974975585938"><ele>22.399999618530273</ele><time>2026-06-02T23:52:05Z</time></trkpt><trkpt lat="37.485721588134766" lon="126.89974212646484"><ele>22.399999618530273</ele><time>2026-06-02T23:52:06Z</time></trkpt><trkpt lat="37.48572540283203" lon="126.89973449707031"><ele>22.399999618530273</ele><time>2026-06-02T23:52:07Z</time></trkpt><trkpt lat="37.485721588134766" lon="126.89973449707031"><ele>22.399999618530273</ele><time>2026-06-02T23:52:08Z</time></trkpt><trkpt lat="37.485721588134766" lon="126.89973449707031"><ele>22.399999618530273</ele><time>2026-06-02T23:52:09Z</time></trkpt><trkpt lat="37.485721588134766" lon="126.89973449707031"><ele>22.399999618530273</ele><time>2026-06-02T23:52:10Z</time></trkpt><trkpt lat="37.485713958740234" lon="126.89974212646484"><ele>22.399999618530273</ele><time>2026-06-02T23:52:11Z</time></trkpt><trkpt lat="37.48571014404297" lon="126.89974212646484"><ele>22.399999618530273</ele><time>2026-06-02T23:52:12Z</time></trkpt><trkpt lat="37.4857063293457" lon="126.89974212646484"><ele>22.399999618530273</ele><time>2026-06-02T23:52:13Z</time></trkpt><trkpt lat="37.48569869995117" lon="126.89973449707031"><ele>22.399999618530273</ele><time>2026-06-02T23:52:14Z</time></trkpt><trkpt lat="37.48569107055664" lon="126.89974212646484"><ele>22.399999618530273</ele><time>2026-06-02T23:52:15Z</time></trkpt><trkpt lat="37.485599517822266" lon="126.89995574951172"><ele>22.399999618530273</ele><time>2026-06-02T23:52:16Z</time></trkpt><trkpt lat="37.48553466796875" lon="126.90008544921875"><ele>22.399999618530273</ele><time>2026-06-02T23:52:17Z</time></trkpt><trkpt lat="37.485504150390625" lon="126.90010833740234"><ele>22.600000381469727</ele><time>2026-06-02T23:52:18Z</time></trkpt><trkpt lat="37.48548126220703" lon="126.9001235961914"><ele>22.600000381469727</ele><time>2026-06-02T23:52:19Z</time></trkpt><trkpt lat="37.485469818115234" lon="126.900146484375"><ele>22.600000381469727</ele><time>2026-06-02T23:52:20Z</time></trkpt><trkpt lat="37.48544692993164" lon="126.90017700195312"><ele>22.799999237060547</ele><time>2026-06-02T23:52:21Z</time></trkpt><trkpt lat="37.48542404174805" lon="126.90022277832031"><ele>22.799999237060547</ele><time>2026-06-02T23:52:22Z</time></trkpt><trkpt lat="37.48540496826172" lon="126.90025329589844"><ele>22.600000381469727</ele><time>2026-06-02T23:52:23Z</time></trkpt><trkpt lat="37.485382080078125" lon="126.9002914428711"><ele>22.600000381469727</ele><time>2026-06-02T23:52:24Z</time></trkpt><trkpt lat="37.48537063598633" lon="126.90030670166016"><ele>22.399999618530273</ele><time>2026-06-02T23:52:25Z</time></trkpt><trkpt lat="37.485355377197266" lon="126.90032958984375"><ele>22.399999618530273</ele><time>2026-06-02T23:52:26Z</time></trkpt><trkpt lat="37.4853401184082" lon="126.90034484863281"><ele>22.399999618530273</ele><time>2026-06-02T23:52:27Z</time></trkpt><trkpt lat="37.485328674316406" lon="126.9003677368164"><ele>22.399999618530273</ele><time>2026-06-02T23:52:28Z</time></trkpt><trkpt lat="37.48531723022461" lon="126.90037536621094"><ele>22.399999618530273</ele><time>2026-06-02T23:52:29Z</time></trkpt><trkpt lat="37.48530578613281" lon="126.90039825439453"><ele>22.600000381469727</ele><time>2026-06-02T23:52:30Z</time></trkpt><trkpt lat="37.48529052734375" lon="126.9004135131836"><ele>22.600000381469727</ele><time>2026-06-02T23:52:31Z</time></trkpt><trkpt lat="37.48527908325195" lon="126.90042114257812"><ele>22.600000381469727</ele><time>2026-06-02T23:52:32Z</time></trkpt><trkpt lat="37.48527526855469" lon="126.90042114257812"><ele>22.600000381469727</ele><time>2026-06-02T23:52:33Z</time></trkpt><trkpt lat="37.48525619506836" lon="126.90044403076172"><ele>22.600000381469727</ele><time>2026-06-02T23:52:34Z</time></trkpt><trkpt lat="37.48523712158203" lon="126.90045928955078"><ele>22.399999618530273</ele><time>2026-06-02T23:52:35Z</time></trkpt><trkpt lat="37.48522186279297" lon="126.90046691894531"><ele>22.399999618530273</ele><time>2026-06-02T23:52:36Z</time></trkpt><trkpt lat="37.48521041870117" lon="126.90048217773438"><ele>22.399999618530273</ele><time>2026-06-02T23:52:37Z</time></trkpt><trkpt lat="37.48519515991211" lon="126.9004898071289"><ele>22.200000762939453</ele><time>2026-06-02T23:52:38Z</time></trkpt><trkpt lat="37.48517990112305" lon="126.90049743652344"><ele>22.399999618530273</ele><time>2026-06-02T23:52:39Z</time></trkpt><trkpt lat="37.485164642333984" lon="126.9005126953125"><ele>22.399999618530273</ele><time>2026-06-02T23:52:40Z</time></trkpt><trkpt lat="37.48515701293945" lon="126.90052032470703"><ele>22.399999618530273</ele><time>2026-06-02T23:52:41Z</time></trkpt><trkpt lat="37.48514175415039" lon="126.90052795410156"><ele>22.399999618530273</ele><time>2026-06-02T23:52:42Z</time></trkpt><trkpt lat="37.485130310058594" lon="126.90054321289062"><ele>22.200000762939453</ele><time>2026-06-02T23:52:43Z</time></trkpt><trkpt lat="37.48511505126953" lon="126.90055084228516"><ele>22.200000762939453</ele><time>2026-06-02T23:52:44Z</time></trkpt><trkpt lat="37.48509979248047" lon="126.90056610107422"><ele>22.200000762939453</ele><time>2026-06-02T23:52:45Z</time></trkpt><trkpt lat="37.485084533691406" lon="126.90058135986328"><ele>22.200000762939453</ele><time>2026-06-02T23:52:46Z</time></trkpt><trkpt lat="37.485069274902344" lon="126.90058898925781"><ele>22.399999618530273</ele><time>2026-06-02T23:52:47Z</time></trkpt><trkpt lat="37.485050201416016" lon="126.90060424804688"><ele>22.399999618530273</ele><time>2026-06-02T23:52:48Z</time></trkpt><trkpt lat="37.48503112792969" lon="126.90061950683594"><ele>22.399999618530273</ele><time>2026-06-02T23:52:49Z</time></trkpt><trkpt lat="37.485015869140625" lon="126.900634765625"><ele>22.399999618530273</ele><time>2026-06-02T23:52:50Z</time></trkpt><trkpt lat="37.4849967956543" lon="126.90064239501953"><ele>22.399999618530273</ele><time>2026-06-02T23:52:51Z</time></trkpt><trkpt lat="37.484981536865234" lon="126.9006576538086"><ele>22.399999618530273</ele><time>2026-06-02T23:52:52Z</time></trkpt><trkpt lat="37.48496627807617" lon="126.90067291259766"><ele>22.399999618530273</ele><time>2026-06-02T23:52:53Z</time></trkpt><trkpt lat="37.484947204589844" lon="126.90068054199219"><ele>22.399999618530273</ele><time>2026-06-02T23:52:54Z</time></trkpt><trkpt lat="37.48493194580078" lon="126.90069580078125"><ele>22.600000381469727</ele><time>2026-06-02T23:52:55Z</time></trkpt><trkpt lat="37.48491668701172" lon="126.90071105957031"><ele>22.600000381469727</ele><time>2026-06-02T23:52:56Z</time></trkpt><trkpt lat="37.484901428222656" lon="126.90071868896484"><ele>22.600000381469727</ele><time>2026-06-02T23:52:57Z</time></trkpt><trkpt lat="37.484886169433594" lon="126.9007339477539"><ele>22.600000381469727</ele><time>2026-06-02T23:52:58Z</time></trkpt><trkpt lat="37.484886169433594" lon="126.9007339477539"><ele>22.600000381469727</ele><time>2026-06-02T23:52:59Z</time></trkpt><trkpt lat="37.485321044921875" lon="126.90682983398438"><ele>23.799999237060547</ele><time>2026-06-02T23:56:45Z</time></trkpt><trkpt lat="37.48533248901367" lon="126.9068374633789"><ele>23.799999237060547</ele><time>2026-06-02T23:56:46Z</time></trkpt><trkpt lat="37.485321044921875" lon="126.9068374633789"><ele>23.799999237060547</ele><time>2026-06-02T23:56:47Z</time></trkpt><trkpt lat="37.485347747802734" lon="126.90684509277344"><ele>23.799999237060547</ele><time>2026-06-02T23:56:48Z</time></trkpt><trkpt lat="37.4853401184082" lon="126.90689086914062"><ele>23.799999237060547</ele><time>2026-06-02T23:56:49Z</time></trkpt><trkpt lat="37.4853630065918" lon="126.90692901611328"><ele>23.799999237060547</ele><time>2026-06-02T23:56:50Z</time></trkpt><trkpt lat="37.48535919189453" lon="126.90694427490234"><ele>24.0</ele><time>2026-06-02T23:56:51Z</time></trkpt><trkpt lat="37.48535919189453" lon="126.9069595336914"><ele>23.799999237060547</ele><time>2026-06-02T23:56:52Z</time></trkpt><trkpt lat="37.4853630065918" lon="126.906982421875"><ele>23.799999237060547</ele><time>2026-06-02T23:56:53Z</time></trkpt><trkpt lat="37.48535919189453" lon="126.90699768066406"><ele>23.799999237060547</ele><time>2026-06-02T23:56:54Z</time></trkpt><trkpt lat="37.485355377197266" lon="126.90701293945312"><ele>24.0</ele><time>2026-06-02T23:56:55Z</time></trkpt><trkpt lat="37.4853515625" lon="126.90702819824219"><ele>24.0</ele><time>2026-06-02T23:56:56Z</time></trkpt><trkpt lat="37.4853515625" lon="126.90704345703125"><ele>24.0</ele><time>2026-06-02T23:56:57Z</time></trkpt><trkpt lat="37.4853515625" lon="126.90706634521484"><ele>24.0</ele><time>2026-06-02T23:56:58Z</time></trkpt><trkpt lat="37.4853515625" lon="126.9070816040039"><ele>24.0</ele><time>2026-06-02T23:56:59Z</time></trkpt><trkpt lat="37.485355377197266" lon="126.9071044921875"><ele>24.0</ele><time>2026-06-02T23:57:00Z</time></trkpt><trkpt lat="37.48535919189453" lon="126.90711975097656"><ele>24.0</ele><time>2026-06-02T23:57:01Z</time></trkpt><trkpt lat="37.48535919189453" lon="126.90714263916016"><ele>24.0</ele><time>2026-06-02T23:57:02Z</time></trkpt><trkpt lat="37.485355377197266" lon="126.90716552734375"><ele>24.200000762939453</ele><time>2026-06-02T23:57:03Z</time></trkpt><trkpt lat="37.48535919189453" lon="126.90718841552734"><ele>24.200000762939453</ele><time>2026-06-02T23:57:04Z</time></trkpt><trkpt lat="37.48536682128906" lon="126.9072036743164"><ele>24.200000762939453</ele><time>2026-06-02T23:57:05Z</time></trkpt><trkpt lat="37.485374450683594" lon="126.90721893310547"><ele>24.200000762939453</ele><time>2026-06-02T23:57:06Z</time></trkpt><trkpt lat="37.48537826538086" lon="126.90723419189453"><ele>24.200000762939453</ele><time>2026-06-02T23:57:07Z</time></trkpt><trkpt lat="37.48538589477539" lon="126.9072494506836"><ele>24.0</ele><time>2026-06-02T23:57:08Z</time></trkpt><trkpt lat="37.485389709472656" lon="126.90726470947266"><ele>24.0</ele><time>2026-06-02T23:57:09Z</time></trkpt><trkpt lat="37.48539352416992" lon="126.90727996826172"><ele>24.200000762939453</ele><time>2026-06-02T23:57:10Z</time></trkpt><trkpt lat="37.48539733886719" lon="126.90730285644531"><ele>24.200000762939453</ele><time>2026-06-02T23:57:11Z</time></trkpt><trkpt lat="37.48540496826172" lon="126.90733337402344"><ele>24.200000762939453</ele><time>2026-06-02T23:57:12Z</time></trkpt><trkpt lat="37.48541259765625" lon="126.9073486328125"><ele>24.200000762939453</ele><time>2026-06-02T23:57:13Z</time></trkpt><trkpt lat="37.48542022705078" lon="126.90738677978516"><ele>24.200000762939453</ele><time>2026-06-02T23:57:14Z</time></trkpt><trkpt lat="37.48542404174805" lon="126.90740203857422"><ele>24.200000762939453</ele><time>2026-06-02T23:57:15Z</time></trkpt><trkpt lat="37.48543167114258" lon="126.90742492675781"><ele>24.200000762939453</ele><time>2026-06-02T23:57:16Z</time></trkpt><trkpt lat="37.48543930053711" lon="126.9074478149414"><ele>24.200000762939453</ele><time>2026-06-02T23:57:17Z</time></trkpt><trkpt lat="37.48544692993164" lon="126.90746307373047"><ele>24.399999618530273</ele><time>2026-06-02T23:57:18Z</time></trkpt><trkpt lat="37.48545455932617" lon="126.90747833251953"><ele>24.399999618530273</ele><time>2026-06-02T23:57:19Z</time></trkpt><trkpt lat="37.4854621887207" lon="126.90750122070312"><ele>24.399999618530273</ele><time>2026-06-02T23:57:20Z</time></trkpt><trkpt lat="37.4854736328125" lon="126.90752410888672"><ele>24.399999618530273</ele><time>2026-06-02T23:57:21Z</time></trkpt><trkpt lat="37.48548126220703" lon="126.90754699707031"><ele>24.399999618530273</ele><time>2026-06-02T23:57:22Z</time></trkpt><trkpt lat="37.48549270629883" lon="126.9075698852539"><ele>24.399999618530273</ele><time>2026-06-02T23:57:23Z</time></trkpt><trkpt lat="37.48550033569336" lon="126.9075927734375"><ele>24.399999618530273</ele><time>2026-06-02T23:57:24Z</time></trkpt><trkpt lat="37.485511779785156" lon="126.90760803222656"><ele>24.399999618530273</ele><time>2026-06-02T23:57:25Z</time></trkpt><trkpt lat="37.48551940917969" lon="126.90763092041016"><ele>24.399999618530273</ele><time>2026-06-02T23:57:26Z</time></trkpt><trkpt lat="37.485530853271484" lon="126.90765380859375"><ele>24.200000762939453</ele><time>2026-06-02T23:57:27Z</time></trkpt><trkpt lat="37.48554611206055" lon="126.90767669677734"><ele>24.200000762939453</ele><time>2026-06-02T23:57:28Z</time></trkpt><trkpt lat="37.485557556152344" lon="126.90769958496094"><ele>24.200000762939453</ele><time>2026-06-02T23:57:29Z</time></trkpt><trkpt lat="37.48556900024414" lon="126.90772247314453"><ele>24.200000762939453</ele><time>2026-06-02T23:57:30Z</time></trkpt><trkpt lat="37.48558044433594" lon="126.90774536132812"><ele>24.200000762939453</ele><time>2026-06-02T23:57:31Z</time></trkpt><trkpt lat="37.48558807373047" lon="126.90776824951172"><ele>24.200000762939453</ele><time>2026-06-02T23:57:32Z</time></trkpt><trkpt lat="37.485595703125" lon="126.90778350830078"><ele>24.200000762939453</ele><time>2026-06-02T23:57:33Z</time></trkpt><trkpt lat="37.48560333251953" lon="126.90780639648438"><ele>24.200000762939453</ele><time>2026-06-02T23:57:34Z</time></trkpt><trkpt lat="37.48561477661133" lon="126.90782165527344"><ele>24.399999618530273</ele><time>2026-06-02T23:57:35Z</time></trkpt><trkpt lat="37.485626220703125" lon="126.9078369140625"><ele>24.399999618530273</ele><time>2026-06-02T23:57:36Z</time></trkpt><trkpt lat="37.485633850097656" lon="126.90785217285156"><ele>24.399999618530273</ele><time>2026-06-02T23:57:37Z</time></trkpt><trkpt lat="37.48563766479492" lon="126.90787506103516"><ele>24.200000762939453</ele><time>2026-06-02T23:57:38Z</time></trkpt><trkpt lat="37.48564147949219" lon="126.90789794921875"><ele>24.200000762939453</ele><time>2026-06-02T23:57:39Z</time></trkpt><trkpt lat="37.48564147949219" lon="126.90791320800781"><ele>24.200000762939453</ele><time>2026-06-02T23:57:40Z</time></trkpt><trkpt lat="37.48564529418945" lon="126.9079360961914"><ele>24.200000762939453</ele><time>2026-06-02T23:57:41Z</time></trkpt><trkpt lat="37.48564910888672" lon="126.90796661376953"><ele>24.200000762939453</ele><time>2026-06-02T23:57:42Z</time></trkpt><trkpt lat="37.485652923583984" lon="126.9079818725586"><ele>24.200000762939453</ele><time>2026-06-02T23:57:43Z</time></trkpt><trkpt lat="37.48565673828125" lon="126.90800476074219"><ele>24.200000762939453</ele><time>2026-06-02T23:57:44Z</time></trkpt><trkpt lat="37.485660552978516" lon="126.90802001953125"><ele>24.200000762939453</ele><time>2026-06-02T23:57:45Z</time></trkpt><trkpt lat="37.48566436767578" lon="126.90804290771484"><ele>24.200000762939453</ele><time>2026-06-02T23:57:46Z</time></trkpt><trkpt lat="37.48567199707031" lon="126.90806579589844"><ele>24.200000762939453</ele><time>2026-06-02T23:57:47Z</time></trkpt><trkpt lat="37.48567581176758" lon="126.90808868408203"><ele>24.200000762939453</ele><time>2026-06-02T23:57:48Z</time></trkpt><trkpt lat="37.485679626464844" lon="126.90811157226562"><ele>24.200000762939453</ele><time>2026-06-02T23:57:49Z</time></trkpt><trkpt lat="37.485687255859375" lon="126.90814208984375"><ele>24.399999618530273</ele><time>2026-06-02T23:57:50Z</time></trkpt><trkpt lat="37.485694885253906" lon="126.90816497802734"><ele>24.399999618530273</ele><time>2026-06-02T23:57:51Z</time></trkpt><trkpt lat="37.48569869995117" lon="126.90818786621094"><ele>24.399999618530273</ele><time>2026-06-02T23:57:52Z</time></trkpt><trkpt lat="37.48570251464844" lon="126.90821838378906"><ele>24.399999618530273</ele><time>2026-06-02T23:57:53Z</time></trkpt><trkpt lat="37.4857063293457" lon="126.90824127197266"><ele>24.399999618530273</ele><time>2026-06-02T23:57:54Z</time></trkpt><trkpt lat="37.485713958740234" lon="126.90826416015625"><ele>24.399999618530273</ele><time>2026-06-02T23:57:55Z</time></trkpt><trkpt lat="37.4857177734375" lon="126.90827941894531"><ele>24.399999618530273</ele><time>2026-06-02T23:57:56Z</time></trkpt><trkpt lat="37.48572540283203" lon="126.9083023071289"><ele>24.399999618530273</ele><time>2026-06-02T23:57:57Z</time></trkpt><trkpt lat="37.4857292175293" lon="126.9083251953125"><ele>24.399999618530273</ele><time>2026-06-02T23:57:58Z</time></trkpt><trkpt lat="37.48573303222656" lon="126.9083480834961"><ele>24.399999618530273</ele><time>2026-06-02T23:57:59Z</time></trkpt><trkpt lat="37.485740661621094" lon="126.90837097167969"><ele>24.399999618530273</ele><time>2026-06-02T23:58:00Z</time></trkpt><trkpt lat="37.48574447631836" lon="126.90839385986328"><ele>24.399999618530273</ele><time>2026-06-02T23:58:01Z</time></trkpt><trkpt lat="37.48575210571289" lon="126.90841674804688"><ele>24.399999618530273</ele><time>2026-06-02T23:58:02Z</time></trkpt><trkpt lat="37.48575973510742" lon="126.90843963623047"><ele>24.399999618530273</ele><time>2026-06-02T23:58:03Z</time></trkpt><trkpt lat="37.48576736450195" lon="126.9084701538086"><ele>24.399999618530273</ele><time>2026-06-02T23:58:04Z</time></trkpt><trkpt lat="37.48577117919922" lon="126.90849304199219"><ele>24.399999618530273</ele><time>2026-06-02T23:58:05Z</time></trkpt><trkpt lat="37.48577880859375" lon="126.90851593017578"><ele>24.399999618530273</ele><time>2026-06-02T23:58:06Z</time></trkpt><trkpt lat="37.48578643798828" lon="126.90853881835938"><ele>24.200000762939453</ele><time>2026-06-02T23:58:07Z</time></trkpt><trkpt lat="37.48579025268555" lon="126.90856170654297"><ele>24.200000762939453</ele><time>2026-06-02T23:58:08Z</time></trkpt><trkpt lat="37.48579788208008" lon="126.90858459472656"><ele>24.200000762939453</ele><time>2026-06-02T23:58:09Z</time></trkpt><trkpt lat="37.48580551147461" lon="126.90859985351562"><ele>24.200000762939453</ele><time>2026-06-02T23:58:10Z</time></trkpt><trkpt lat="37.48581314086914" lon="126.90862274169922"><ele>24.200000762939453</ele><time>2026-06-02T23:58:11Z</time></trkpt><trkpt lat="37.48582077026367" lon="126.90864562988281"><ele>24.200000762939453</ele><time>2026-06-02T23:58:12Z</time></trkpt><trkpt lat="37.4858283996582" lon="126.9086685180664"><ele>24.200000762939453</ele><time>2026-06-02T23:58:13Z</time></trkpt><trkpt lat="37.48583221435547" lon="126.90869140625"><ele>24.399999618530273</ele><time>2026-06-02T23:58:14Z</time></trkpt><trkpt lat="37.485836029052734" lon="126.9087142944336"><ele>24.399999618530273</ele><time>2026-06-02T23:58:15Z</time></trkpt><trkpt lat="37.485843658447266" lon="126.90872955322266"><ele>24.399999618530273</ele><time>2026-06-02T23:58:16Z</time></trkpt><trkpt lat="37.485843658447266" lon="126.90876007080078"><ele>24.399999618530273</ele><time>2026-06-02T23:58:17Z</time></trkpt><trkpt lat="37.48584747314453" lon="126.90878295898438"><ele>24.200000762939453</ele><time>2026-06-02T23:58:18Z</time></trkpt><trkpt lat="37.4858512878418" lon="126.90880584716797"><ele>24.200000762939453</ele><time>2026-06-02T23:58:19Z</time></trkpt><trkpt lat="37.48585891723633" lon="126.90882873535156"><ele>24.200000762939453</ele><time>2026-06-02T23:58:20Z</time></trkpt><trkpt lat="37.48586654663086" lon="126.90884399414062"><ele>24.200000762939453</ele><time>2026-06-02T23:58:21Z</time></trkpt><trkpt lat="37.48587417602539" lon="126.90886688232422"><ele>24.200000762939453</ele><time>2026-06-02T23:58:22Z</time></trkpt><trkpt lat="37.48588562011719" lon="126.90888214111328"><ele>24.200000762939453</ele><time>2026-06-02T23:58:23Z</time></trkpt><trkpt lat="37.48589324951172" lon="126.90890502929688"><ele>24.200000762939453</ele><time>2026-06-02T23:58:24Z</time></trkpt><trkpt lat="37.48590087890625" lon="126.90892028808594"><ele>24.200000762939453</ele><time>2026-06-02T23:58:25Z</time></trkpt><trkpt lat="37.48590850830078" lon="126.90894317626953"><ele>24.200000762939453</ele><time>2026-06-02T23:58:26Z</time></trkpt><trkpt lat="37.48591613769531" lon="126.9089584350586"><ele>24.399999618530273</ele><time>2026-06-02T23:58:27Z</time></trkpt><trkpt lat="37.485923767089844" lon="126.90897369384766"><ele>24.399999618530273</ele><time>2026-06-02T23:58:28Z</time></trkpt><trkpt lat="37.48593521118164" lon="126.90898895263672"><ele>24.399999618530273</ele><time>2026-06-02T23:58:29Z</time></trkpt><trkpt lat="37.48594284057617" lon="126.90900421142578"><ele>24.399999618530273</ele><time>2026-06-02T23:58:30Z</time></trkpt><trkpt lat="37.4859504699707" lon="126.90901947021484"><ele>24.399999618530273</ele><time>2026-06-02T23:58:31Z</time></trkpt><trkpt lat="37.485958099365234" lon="126.90902709960938"><ele>24.399999618530273</ele><time>2026-06-02T23:58:32Z</time></trkpt><trkpt lat="37.4859619140625" lon="126.90904235839844"><ele>24.600000381469727</ele><time>2026-06-02T23:58:33Z</time></trkpt><trkpt lat="37.48596954345703" lon="126.9090576171875"><ele>24.600000381469727</ele><time>2026-06-02T23:58:34Z</time></trkpt><trkpt lat="37.4859733581543" lon="126.90907287597656"><ele>24.600000381469727</ele><time>2026-06-02T23:58:35Z</time></trkpt><trkpt lat="37.48597717285156" lon="126.90908813476562"><ele>24.600000381469727</ele><time>2026-06-02T23:58:36Z</time></trkpt><trkpt lat="37.48598098754883" lon="126.90911102294922"><ele>24.600000381469727</ele><time>2026-06-02T23:58:37Z</time></trkpt><trkpt lat="37.485984802246094" lon="126.90912628173828"><ele>24.600000381469727</ele><time>2026-06-02T23:58:38Z</time></trkpt><trkpt lat="37.48598861694336" lon="126.90914916992188"><ele>24.600000381469727</ele><time>2026-06-02T23:58:39Z</time></trkpt><trkpt lat="37.48598861694336" lon="126.90916442871094"><ele>24.600000381469727</ele><time>2026-06-02T23:58:40Z</time></trkpt><trkpt lat="37.485992431640625" lon="126.9091796875"><ele>24.600000381469727</ele><time>2026-06-02T23:58:41Z</time></trkpt><trkpt lat="37.485992431640625" lon="126.90919494628906"><ele>24.600000381469727</ele><time>2026-06-02T23:58:42Z</time></trkpt><trkpt lat="37.48599624633789" lon="126.90921020507812"><ele>24.600000381469727</ele><time>2026-06-02T23:58:43Z</time></trkpt><trkpt lat="37.486000061035156" lon="126.90923309326172"><ele>24.600000381469727</ele><time>2026-06-02T23:58:44Z</time></trkpt><trkpt lat="37.48600387573242" lon="126.90925598144531"><ele>24.399999618530273</ele><time>2026-06-02T23:58:45Z</time></trkpt><trkpt lat="37.48600769042969" lon="126.90928649902344"><ele>24.399999618530273</ele><time>2026-06-02T23:58:46Z</time></trkpt><trkpt lat="37.48601531982422" lon="126.90930938720703"><ele>24.399999618530273</ele><time>2026-06-02T23:58:47Z</time></trkpt><trkpt lat="37.486019134521484" lon="126.90933990478516"><ele>24.399999618530273</ele><time>2026-06-02T23:58:48Z</time></trkpt><trkpt lat="37.486026763916016" lon="126.90936279296875"><ele>24.399999618530273</ele><time>2026-06-02T23:58:49Z</time></trkpt><trkpt lat="37.48603057861328" lon="126.90938568115234"><ele>24.399999618530273</ele><time>2026-06-02T23:58:50Z</time></trkpt><trkpt lat="37.48603820800781" lon="126.90940856933594"><ele>24.399999618530273</ele><time>2026-06-02T23:58:51Z</time></trkpt><trkpt lat="37.48604965209961" lon="126.9094467163086"><ele>24.600000381469727</ele><time>2026-06-02T23:58:52Z</time></trkpt><trkpt lat="37.48605728149414" lon="126.90946960449219"><ele>24.600000381469727</ele><time>2026-06-02T23:58:53Z</time></trkpt><trkpt lat="37.48606491088867" lon="126.90950012207031"><ele>24.600000381469727</ele><time>2026-06-02T23:58:54Z</time></trkpt><trkpt lat="37.4860725402832" lon="126.90953063964844"><ele>24.399999618530273</ele><time>2026-06-02T23:58:55Z</time></trkpt><trkpt lat="37.486083984375" lon="126.90956115722656"><ele>24.399999618530273</ele><time>2026-06-02T23:58:56Z</time></trkpt><trkpt lat="37.4860954284668" lon="126.90958404541016"><ele>24.399999618530273</ele><time>2026-06-02T23:58:57Z</time></trkpt><trkpt lat="37.486106872558594" lon="126.90960693359375"><ele>24.600000381469727</ele><time>2026-06-02T23:58:58Z</time></trkpt><trkpt lat="37.486114501953125" lon="126.90962982177734"><ele>24.600000381469727</ele><time>2026-06-02T23:58:59Z</time></trkpt><trkpt lat="37.486122131347656" lon="126.90966033935547"><ele>24.600000381469727</ele><time>2026-06-02T23:59:00Z</time></trkpt><trkpt lat="37.48612976074219" lon="126.90968322753906"><ele>24.600000381469727</ele><time>2026-06-02T23:59:01Z</time></trkpt><trkpt lat="37.486141204833984" lon="126.90970611572266"><ele>24.600000381469727</ele><time>2026-06-02T23:59:02Z</time></trkpt><trkpt lat="37.486148834228516" lon="126.90973663330078"><ele>24.399999618530273</ele><time>2026-06-02T23:59:03Z</time></trkpt><trkpt lat="37.48615646362305" lon="126.90975952148438"><ele>24.399999618530273</ele><time>2026-06-02T23:59:04Z</time></trkpt><trkpt lat="37.48616409301758" lon="126.9097900390625"><ele>24.399999618530273</ele><time>2026-06-02T23:59:05Z</time></trkpt><trkpt lat="37.48617172241211" lon="126.9098129272461"><ele>24.399999618530273</ele><time>2026-06-02T23:59:06Z</time></trkpt><trkpt lat="37.486175537109375" lon="126.90983581542969"><ele>24.399999618530273</ele><time>2026-06-02T23:59:07Z</time></trkpt><trkpt lat="37.486183166503906" lon="126.90985870361328"><ele>24.399999618530273</ele><time>2026-06-02T23:59:08Z</time></trkpt><trkpt lat="37.48619079589844" lon="126.90988159179688"><ele>24.399999618530273</ele><time>2026-06-02T23:59:09Z</time></trkpt><trkpt lat="37.48619842529297" lon="126.90990447998047"><ele>24.399999618530273</ele><time>2026-06-02T23:59:10Z</time></trkpt><trkpt lat="37.486209869384766" lon="126.9099349975586"><ele>24.399999618530273</ele><time>2026-06-02T23:59:11Z</time></trkpt><trkpt lat="37.48621368408203" lon="126.90995788574219"><ele>24.399999618530273</ele><time>2026-06-02T23:59:12Z</time></trkpt><trkpt lat="37.48622512817383" lon="126.90998077392578"><ele>24.600000381469727</ele><time>2026-06-02T23:59:13Z</time></trkpt><trkpt lat="37.48623275756836" lon="126.9100112915039"><ele>24.600000381469727</ele><time>2026-06-02T23:59:14Z</time></trkpt><trkpt lat="37.48624038696289" lon="126.9100341796875"><ele>24.600000381469727</ele><time>2026-06-02T23:59:15Z</time></trkpt><trkpt lat="37.48624801635742" lon="126.9100570678711"><ele>24.600000381469727</ele><time>2026-06-02T23:59:16Z</time></trkpt><trkpt lat="37.48625564575195" lon="126.91007995605469"><ele>24.600000381469727</ele><time>2026-06-02T23:59:17Z</time></trkpt><trkpt lat="37.48627471923828" lon="126.91010284423828"><ele>24.600000381469727</ele><time>2026-06-02T23:59:18Z</time></trkpt><trkpt lat="37.48628234863281" lon="126.91012573242188"><ele>24.600000381469727</ele><time>2026-06-02T23:59:19Z</time></trkpt><trkpt lat="37.486289978027344" lon="126.91014862060547"><ele>24.600000381469727</ele><time>2026-06-02T23:59:20Z</time></trkpt><trkpt lat="37.486297607421875" lon="126.91017150878906"><ele>24.600000381469727</ele><time>2026-06-02T23:59:21Z</time></trkpt><trkpt lat="37.486305236816406" lon="126.91019439697266"><ele>24.600000381469727</ele><time>2026-06-02T23:59:22Z</time></trkpt><trkpt lat="37.48631286621094" lon="126.91021728515625"><ele>24.600000381469727</ele><time>2026-06-02T23:59:23Z</time></trkpt><trkpt lat="37.48632049560547" lon="126.91023254394531"><ele>24.600000381469727</ele><time>2026-06-02T23:59:24Z</time></trkpt><trkpt lat="37.486328125" lon="126.91024780273438"><ele>24.600000381469727</ele><time>2026-06-02T23:59:25Z</time></trkpt><trkpt lat="37.486331939697266" lon="126.91027069091797"><ele>24.600000381469727</ele><time>2026-06-02T23:59:26Z</time></trkpt><trkpt lat="37.4863395690918" lon="126.91028594970703"><ele>24.600000381469727</ele><time>2026-06-02T23:59:27Z</time></trkpt><trkpt lat="37.48634338378906" lon="126.9103012084961"><ele>24.600000381469727</ele><time>2026-06-02T23:59:28Z</time></trkpt><trkpt lat="37.486351013183594" lon="126.91032409667969"><ele>24.399999618530273</ele><time>2026-06-02T23:59:29Z</time></trkpt><trkpt lat="37.486358642578125" lon="126.91034698486328"><ele>24.399999618530273</ele><time>2026-06-02T23:59:30Z</time></trkpt><trkpt lat="37.486366271972656" lon="126.91036987304688"><ele>24.399999618530273</ele><time>2026-06-02T23:59:31Z</time></trkpt><trkpt lat="37.48637390136719" lon="126.910400390625"><ele>24.399999618530273</ele><time>2026-06-02T23:59:32Z</time></trkpt><trkpt lat="37.486385345458984" lon="126.9104232788086"><ele>24.399999618530273</ele><time>2026-06-02T23:59:33Z</time></trkpt><trkpt lat="37.486392974853516" lon="126.91044616699219"><ele>24.399999618530273</ele><time>2026-06-02T23:59:34Z</time></trkpt><trkpt lat="37.48640060424805" lon="126.91047668457031"><ele>24.399999618530273</ele><time>2026-06-02T23:59:35Z</time></trkpt><trkpt lat="37.48640441894531" lon="126.9104995727539"><ele>24.399999618530273</ele><time>2026-06-02T23:59:36Z</time></trkpt><trkpt lat="37.48640823364258" lon="126.9105224609375"><ele>24.399999618530273</ele><time>2026-06-02T23:59:37Z</time></trkpt><trkpt lat="37.486412048339844" lon="126.91055297851562"><ele>24.399999618530273</ele><time>2026-06-02T23:59:38Z</time></trkpt><trkpt lat="37.486419677734375" lon="126.91057586669922"><ele>24.200000762939453</ele><time>2026-06-02T23:59:39Z</time></trkpt><trkpt lat="37.486427307128906" lon="126.91059875488281"><ele>24.200000762939453</ele><time>2026-06-02T23:59:40Z</time></trkpt><trkpt lat="37.48643112182617" lon="126.91062927246094"><ele>24.200000762939453</ele><time>2026-06-02T23:59:41Z</time></trkpt><trkpt lat="37.48643493652344" lon="126.91064453125"><ele>24.200000762939453</ele><time>2026-06-02T23:59:42Z</time></trkpt><trkpt lat="37.48644256591797" lon="126.9106674194336"><ele>24.200000762939453</ele><time>2026-06-02T23:59:43Z</time></trkpt><trkpt lat="37.48643493652344" lon="126.91069793701172"><ele>24.200000762939453</ele><time>2026-06-02T23:59:44Z</time></trkpt><trkpt lat="37.4864387512207" lon="126.91072082519531"><ele>24.200000762939453</ele><time>2026-06-02T23:59:45Z</time></trkpt><trkpt lat="37.48644256591797" lon="126.91075134277344"><ele>24.200000762939453</ele><time>2026-06-02T23:59:46Z</time></trkpt><trkpt lat="37.486446380615234" lon="126.91078186035156"><ele>24.200000762939453</ele><time>2026-06-02T23:59:47Z</time></trkpt><trkpt lat="37.4864501953125" lon="126.91080474853516"><ele>24.200000762939453</ele><time>2026-06-02T23:59:48Z</time></trkpt><trkpt lat="37.486454010009766" lon="126.91083526611328"><ele>24.200000762939453</ele><time>2026-06-02T23:59:49Z</time></trkpt><trkpt lat="37.48645782470703" lon="126.91085052490234"><ele>24.200000762939453</ele><time>2026-06-02T23:59:50Z</time></trkpt><trkpt lat="37.48646545410156" lon="126.91088104248047"><ele>24.200000762939453</ele><time>2026-06-02T23:59:51Z</time></trkpt><trkpt lat="37.486473083496094" lon="126.91089630126953"><ele>24.200000762939453</ele><time>2026-06-02T23:59:52Z</time></trkpt><trkpt lat="37.48647689819336" lon="126.91091918945312"><ele>24.200000762939453</ele><time>2026-06-02T23:59:53Z</time></trkpt><trkpt lat="37.48648452758789" lon="126.91094207763672"><ele>24.200000762939453</ele><time>2026-06-02T23:59:54Z</time></trkpt><trkpt lat="37.48649215698242" lon="126.91095733642578"><ele>24.0</ele><time>2026-06-02T23:59:55Z</time></trkpt><trkpt lat="37.48649978637695" lon="126.91098022460938"><ele>24.200000762939453</ele><time>2026-06-02T23:59:56Z</time></trkpt><trkpt lat="37.48650360107422" lon="126.91100311279297"><ele>24.200000762939453</ele><time>2026-06-02T23:59:57Z</time></trkpt><trkpt lat="37.48651123046875" lon="126.9110336303711"><ele>24.200000762939453</ele><time>2026-06-02T23:59:58Z</time></trkpt><trkpt lat="37.48652648925781" lon="126.91105651855469"><ele>24.200000762939453</ele><time>2026-06-02T23:59:59Z</time></trkpt><trkpt lat="37.486534118652344" lon="126.91108703613281"><ele>24.200000762939453</ele><time>2026-06-03T00:00:00Z</time></trkpt><trkpt lat="37.48654556274414" lon="126.91110229492188"><ele>24.200000762939453</ele><time>2026-06-03T00:00:01Z</time></trkpt><trkpt lat="37.48655700683594" lon="126.91112518310547"><ele>24.200000762939453</ele><time>2026-06-03T00:00:02Z</time></trkpt><trkpt lat="37.48656463623047" lon="126.91114807128906"><ele>24.200000762939453</ele><time>2026-06-03T00:00:03Z</time></trkpt><trkpt lat="37.48657989501953" lon="126.91117095947266"><ele>24.200000762939453</ele><time>2026-06-03T00:00:04Z</time></trkpt><trkpt lat="37.48659133911133" lon="126.91119384765625"><ele>24.399999618530273</ele><time>2026-06-03T00:00:05Z</time></trkpt><trkpt lat="37.486595153808594" lon="126.91121673583984"><ele>24.399999618530273</ele><time>2026-06-03T00:00:06Z</time></trkpt><trkpt lat="37.48660659790039" lon="126.91124725341797"><ele>24.399999618530273</ele><time>2026-06-03T00:00:07Z</time></trkpt><trkpt lat="37.48661422729492" lon="126.91126251220703"><ele>24.200000762939453</ele><time>2026-06-03T00:00:08Z</time></trkpt><trkpt lat="37.48662567138672" lon="126.9112777709961"><ele>24.200000762939453</ele><time>2026-06-03T00:00:09Z</time></trkpt><trkpt lat="37.48663330078125" lon="126.91130828857422"><ele>24.0</ele><time>2026-06-03T00:00:10Z</time></trkpt><trkpt lat="37.48664093017578" lon="126.91132354736328"><ele>24.0</ele><time>2026-06-03T00:00:11Z</time></trkpt><trkpt lat="37.48664855957031" lon="126.91134643554688"><ele>24.0</ele><time>2026-06-03T00:00:12Z</time></trkpt><trkpt lat="37.48666000366211" lon="126.91136169433594"><ele>24.200000762939453</ele><time>2026-06-03T00:00:13Z</time></trkpt><trkpt lat="37.48666763305664" lon="126.91138458251953"><ele>24.200000762939453</ele><time>2026-06-03T00:00:14Z</time></trkpt><trkpt lat="37.48667907714844" lon="126.91140747070312"><ele>24.200000762939453</ele><time>2026-06-03T00:00:15Z</time></trkpt><trkpt lat="37.4866943359375" lon="126.91143035888672"><ele>24.200000762939453</ele><time>2026-06-03T00:00:16Z</time></trkpt><trkpt lat="37.4867057800293" lon="126.91144561767578"><ele>24.0</ele><time>2026-06-03T00:00:17Z</time></trkpt><trkpt lat="37.486717224121094" lon="126.9114761352539"><ele>24.0</ele><time>2026-06-03T00:00:18Z</time></trkpt><trkpt lat="37.486724853515625" lon="126.91149139404297"><ele>24.0</ele><time>2026-06-03T00:00:19Z</time></trkpt><trkpt lat="37.48674392700195" lon="126.91151428222656"><ele>23.799999237060547</ele><time>2026-06-03T00:00:20Z</time></trkpt><trkpt lat="37.486759185791016" lon="126.91153717041016"><ele>23.799999237060547</ele><time>2026-06-03T00:00:21Z</time></trkpt><trkpt lat="37.48677062988281" lon="126.91156005859375"><ele>23.799999237060547</ele><time>2026-06-03T00:00:22Z</time></trkpt><trkpt lat="37.486785888671875" lon="126.91158294677734"><ele>23.799999237060547</ele><time>2026-06-03T00:00:23Z</time></trkpt><trkpt lat="37.48679733276367" lon="126.9115982055664"><ele>23.799999237060547</ele><time>2026-06-03T00:00:24Z</time></trkpt><trkpt lat="37.48680877685547" lon="126.91162109375"><ele>23.799999237060547</ele><time>2026-06-03T00:00:25Z</time></trkpt><trkpt lat="37.486812591552734" lon="126.9116439819336"><ele>23.799999237060547</ele><time>2026-06-03T00:00:26Z</time></trkpt><trkpt lat="37.486820220947266" lon="126.91166687011719"><ele>23.799999237060547</ele><time>2026-06-03T00:00:27Z</time></trkpt><trkpt lat="37.4868278503418" lon="126.91168975830078"><ele>23.799999237060547</ele><time>2026-06-03T00:00:28Z</time></trkpt><trkpt lat="37.48683547973633" lon="126.9117202758789"><ele>23.799999237060547</ele><time>2026-06-03T00:00:29Z</time></trkpt><trkpt lat="37.48684310913086" lon="126.91173553466797"><ele>23.799999237060547</ele><time>2026-06-03T00:00:30Z</time></trkpt><trkpt lat="37.486854553222656" lon="126.91175842285156"><ele>23.799999237060547</ele><time>2026-06-03T00:00:31Z</time></trkpt><trkpt lat="37.48686981201172" lon="126.91177368164062"><ele>23.799999237060547</ele><time>2026-06-03T00:00:32Z</time></trkpt><trkpt lat="37.486873626708984" lon="126.91180419921875"><ele>23.799999237060547</ele><time>2026-06-03T00:00:33Z</time></trkpt><trkpt lat="37.48687744140625" lon="126.91182708740234"><ele>23.799999237060547</ele><time>2026-06-03T00:00:34Z</time></trkpt><trkpt lat="37.48688507080078" lon="126.91185760498047"><ele>23.799999237060547</ele><time>2026-06-03T00:00:35Z</time></trkpt><trkpt lat="37.48689270019531" lon="126.91189575195312"><ele>23.799999237060547</ele><time>2026-06-03T00:00:36Z</time></trkpt><trkpt lat="37.48690414428711" lon="126.91192626953125"><ele>23.799999237060547</ele><time>2026-06-03T00:00:37Z</time></trkpt><trkpt lat="37.48691177368164" lon="126.91194915771484"><ele>23.799999237060547</ele><time>2026-06-03T00:00:38Z</time></trkpt><trkpt lat="37.48692321777344" lon="126.91197204589844"><ele>23.799999237060547</ele><time>2026-06-03T00:00:39Z</time></trkpt><trkpt lat="37.48693084716797" lon="126.91200256347656"><ele>23.799999237060547</ele><time>2026-06-03T00:00:40Z</time></trkpt><trkpt lat="37.4869384765625" lon="126.91202545166016"><ele>23.799999237060547</ele><time>2026-06-03T00:00:41Z</time></trkpt><trkpt lat="37.48694610595703" lon="126.91204833984375"><ele>23.600000381469727</ele><time>2026-06-03T00:00:42Z</time></trkpt><trkpt lat="37.48695755004883" lon="126.91207122802734"><ele>23.600000381469727</ele><time>2026-06-03T00:00:43Z</time></trkpt><trkpt lat="37.486968994140625" lon="126.9120864868164"><ele>23.600000381469727</ele><time>2026-06-03T00:00:44Z</time></trkpt><trkpt lat="37.48698425292969" lon="126.91210174560547"><ele>23.600000381469727</ele><time>2026-06-03T00:00:45Z</time></trkpt><trkpt lat="37.486995697021484" lon="126.91212463378906"><ele>23.600000381469727</ele><time>2026-06-03T00:00:46Z</time></trkpt><trkpt lat="37.48701095581055" lon="126.9121322631836"><ele>23.600000381469727</ele><time>2026-06-03T00:00:47Z</time></trkpt><trkpt lat="37.48701858520508" lon="126.91215515136719"><ele>23.600000381469727</ele><time>2026-06-03T00:00:48Z</time></trkpt><trkpt lat="37.487030029296875" lon="126.91217041015625"><ele>23.600000381469727</ele><time>2026-06-03T00:00:49Z</time></trkpt><trkpt lat="37.48704147338867" lon="126.91218566894531"><ele>23.399999618530273</ele><time>2026-06-03T00:00:50Z</time></trkpt><trkpt lat="37.4870491027832" lon="126.9122085571289"><ele>23.399999618530273</ele><time>2026-06-03T00:00:51Z</time></trkpt><trkpt lat="37.487060546875" lon="126.91222381591797"><ele>23.600000381469727</ele><time>2026-06-03T00:00:52Z</time></trkpt><trkpt lat="37.4870719909668" lon="126.91224670410156"><ele>23.600000381469727</ele><time>2026-06-03T00:00:53Z</time></trkpt><trkpt lat="37.487083435058594" lon="126.91226196289062"><ele>23.600000381469727</ele><time>2026-06-03T00:00:54Z</time></trkpt><trkpt lat="37.487098693847656" lon="126.91227722167969"><ele>23.600000381469727</ele><time>2026-06-03T00:00:55Z</time></trkpt><trkpt lat="37.487117767333984" lon="126.91230010986328"><ele>23.600000381469727</ele><time>2026-06-03T00:00:56Z</time></trkpt><trkpt lat="37.48713302612305" lon="126.91232299804688"><ele>23.600000381469727</ele><time>2026-06-03T00:00:57Z</time></trkpt><trkpt lat="37.48714828491211" lon="126.91234588623047"><ele>23.600000381469727</ele><time>2026-06-03T00:00:58Z</time></trkpt><trkpt lat="37.48716354370117" lon="126.91236114501953"><ele>23.600000381469727</ele><time>2026-06-03T00:00:59Z</time></trkpt><trkpt lat="37.4871826171875" lon="126.91238403320312"><ele>23.600000381469727</ele><time>2026-06-03T00:01:00Z</time></trkpt><trkpt lat="37.48719787597656" lon="126.91239929199219"><ele>23.600000381469727</ele><time>2026-06-03T00:01:01Z</time></trkpt><trkpt lat="37.487213134765625" lon="126.91242218017578"><ele>23.600000381469727</ele><time>2026-06-03T00:01:02Z</time></trkpt><trkpt lat="37.48722839355469" lon="126.91243743896484"><ele>23.600000381469727</ele><time>2026-06-03T00:01:03Z</time></trkpt><trkpt lat="37.48724365234375" lon="126.91246032714844"><ele>23.600000381469727</ele><time>2026-06-03T00:01:04Z</time></trkpt><trkpt lat="37.48725891113281" lon="126.9124755859375"><ele>23.600000381469727</ele><time>2026-06-03T00:01:05Z</time></trkpt><trkpt lat="37.487274169921875" lon="126.91249084472656"><ele>23.600000381469727</ele><time>2026-06-03T00:01:06Z</time></trkpt><trkpt lat="37.48728942871094" lon="126.91250610351562"><ele>23.600000381469727</ele><time>2026-06-03T00:01:07Z</time></trkpt><trkpt lat="37.487300872802734" lon="126.91252899169922"><ele>23.600000381469727</ele><time>2026-06-03T00:01:08Z</time></trkpt><trkpt lat="37.48731231689453" lon="126.91255187988281"><ele>23.600000381469727</ele><time>2026-06-03T00:01:09Z</time></trkpt><trkpt lat="37.48732376098633" lon="126.91256713867188"><ele>23.600000381469727</ele><time>2026-06-03T00:01:10Z</time></trkpt><trkpt lat="37.487335205078125" lon="126.91259002685547"><ele>23.600000381469727</ele><time>2026-06-03T00:01:11Z</time></trkpt><trkpt lat="37.487342834472656" lon="126.91260528564453"><ele>23.399999618530273</ele><time>2026-06-03T00:01:12Z</time></trkpt><trkpt lat="37.48735046386719" lon="126.9126205444336"><ele>23.399999618530273</ele><time>2026-06-03T00:01:13Z</time></trkpt><trkpt lat="37.48735809326172" lon="126.91264343261719"><ele>23.399999618530273</ele><time>2026-06-03T00:01:14Z</time></trkpt><trkpt lat="37.48738098144531" lon="126.91267395019531"><ele>23.399999618530273</ele><time>2026-06-03T00:01:15Z</time></trkpt><trkpt lat="37.48740005493164" lon="126.91270446777344"><ele>23.399999618530273</ele><time>2026-06-03T00:01:16Z</time></trkpt><trkpt lat="37.48741149902344" lon="126.91272735595703"><ele>23.399999618530273</ele><time>2026-06-03T00:01:17Z</time></trkpt><trkpt lat="37.487422943115234" lon="126.91275024414062"><ele>23.399999618530273</ele><time>2026-06-03T00:01:18Z</time></trkpt><trkpt lat="37.487430572509766" lon="126.91276550292969"><ele>23.399999618530273</ele><time>2026-06-03T00:01:19Z</time></trkpt><trkpt lat="37.48744201660156" lon="126.91277313232422"><ele>23.399999618530273</ele><time>2026-06-03T00:01:20Z</time></trkpt><trkpt lat="37.487422943115234" lon="126.91282653808594"><ele>23.399999618530273</ele><time>2026-06-03T00:01:21Z</time></trkpt><trkpt lat="37.487422943115234" lon="126.91284942626953"><ele>23.399999618530273</ele><time>2026-06-03T00:01:22Z</time></trkpt><trkpt lat="37.48744583129883" lon="126.91285705566406"><ele>23.399999618530273</ele><time>2026-06-03T00:01:23Z</time></trkpt><trkpt lat="37.48747253417969" lon="126.9128646850586"><ele>23.399999618530273</ele><time>2026-06-03T00:01:24Z</time></trkpt><trkpt lat="37.487518310546875" lon="126.91285705566406"><ele>23.399999618530273</ele><time>2026-06-03T00:01:25Z</time></trkpt><trkpt lat="37.487548828125" lon="126.91285705566406"><ele>23.399999618530273</ele><time>2026-06-03T00:01:26Z</time></trkpt><trkpt lat="37.48757553100586" lon="126.9128646850586"><ele>23.399999618530273</ele><time>2026-06-03T00:01:27Z</time></trkpt><trkpt lat="37.48760223388672" lon="126.91285705566406"><ele>23.399999618530273</ele><time>2026-06-03T00:01:28Z</time></trkpt><trkpt lat="37.48762893676758" lon="126.91289520263672"><ele>23.399999618530273</ele><time>2026-06-03T00:01:29Z</time></trkpt><trkpt lat="37.487648010253906" lon="126.91291809082031"><ele>23.399999618530273</ele><time>2026-06-03T00:01:30Z</time></trkpt><trkpt lat="37.4876594543457" lon="126.9129409790039"><ele>23.600000381469727</ele><time>2026-06-03T00:01:31Z</time></trkpt><trkpt lat="37.4876708984375" lon="126.91297149658203"><ele>23.600000381469727</ele><time>2026-06-03T00:01:32Z</time></trkpt><trkpt lat="37.487674713134766" lon="126.91300201416016"><ele>23.600000381469727</ele><time>2026-06-03T00:01:33Z</time></trkpt><trkpt lat="37.487674713134766" lon="126.91303253173828"><ele>23.600000381469727</ele><time>2026-06-03T00:01:34Z</time></trkpt><trkpt lat="37.487674713134766" lon="126.91307067871094"><ele>23.600000381469727</ele><time>2026-06-03T00:01:35Z</time></trkpt><trkpt lat="37.48768615722656" lon="126.91307830810547"><ele>23.600000381469727</ele><time>2026-06-03T00:01:36Z</time></trkpt><trkpt lat="37.48768997192383" lon="126.91309356689453"><ele>23.600000381469727</ele><time>2026-06-03T00:01:37Z</time></trkpt><trkpt lat="37.487728118896484" lon="126.9130859375"><ele>23.799999237060547</ele><time>2026-06-03T00:01:38Z</time></trkpt><trkpt lat="37.48773956298828" lon="126.91309356689453"><ele>23.799999237060547</ele><time>2026-06-03T00:01:39Z</time></trkpt><trkpt lat="37.48775863647461" lon="126.9131088256836"><ele>23.799999237060547</ele><time>2026-06-03T00:01:40Z</time></trkpt><trkpt lat="37.48777389526367" lon="126.91311645507812"><ele>23.799999237060547</ele><time>2026-06-03T00:01:41Z</time></trkpt><trkpt lat="37.487789154052734" lon="126.91313934326172"><ele>23.799999237060547</ele><time>2026-06-03T00:01:42Z</time></trkpt><trkpt lat="37.48780059814453" lon="126.91316223144531"><ele>23.799999237060547</ele><time>2026-06-03T00:01:43Z</time></trkpt><trkpt lat="37.48780822753906" lon="126.9131851196289"><ele>23.799999237060547</ele><time>2026-06-03T00:01:44Z</time></trkpt><trkpt lat="37.487815856933594" lon="126.91320037841797"><ele>23.600000381469727</ele><time>2026-06-03T00:01:45Z</time></trkpt><trkpt lat="37.487823486328125" lon="126.91322326660156"><ele>23.600000381469727</ele><time>2026-06-03T00:01:46Z</time></trkpt><trkpt lat="37.487831115722656" lon="126.9132308959961"><ele>23.600000381469727</ele><time>2026-06-03T00:01:47Z</time></trkpt><trkpt lat="37.487850189208984" lon="126.91326141357422"><ele>23.600000381469727</ele><time>2026-06-03T00:01:48Z</time></trkpt><trkpt lat="37.48786163330078" lon="126.91327667236328"><ele>23.600000381469727</ele><time>2026-06-03T00:01:49Z</time></trkpt><trkpt lat="37.487876892089844" lon="126.91328430175781"><ele>23.600000381469727</ele><time>2026-06-03T00:01:50Z</time></trkpt><trkpt lat="37.487892150878906" lon="126.91329956054688"><ele>23.600000381469727</ele><time>2026-06-03T00:01:51Z</time></trkpt><trkpt lat="37.4879035949707" lon="126.91331481933594"><ele>23.799999237060547</ele><time>2026-06-03T00:01:52Z</time></trkpt><trkpt lat="37.487918853759766" lon="126.91332244873047"><ele>23.600000381469727</ele><time>2026-06-03T00:01:53Z</time></trkpt><trkpt lat="37.48793029785156" lon="126.91334533691406"><ele>23.600000381469727</ele><time>2026-06-03T00:01:54Z</time></trkpt><trkpt lat="37.487937927246094" lon="126.91336822509766"><ele>23.600000381469727</ele><time>2026-06-03T00:01:55Z</time></trkpt><trkpt lat="37.487953186035156" lon="126.91338348388672"><ele>23.600000381469727</ele><time>2026-06-03T00:01:56Z</time></trkpt><trkpt lat="37.48796844482422" lon="126.91339874267578"><ele>23.600000381469727</ele><time>2026-06-03T00:01:57Z</time></trkpt><trkpt lat="37.487979888916016" lon="126.91342163085938"><ele>23.600000381469727</ele><time>2026-06-03T00:01:58Z</time></trkpt><trkpt lat="37.48799514770508" lon="126.91343688964844"><ele>23.799999237060547</ele><time>2026-06-03T00:01:59Z</time></trkpt><trkpt lat="37.488006591796875" lon="126.9134521484375"><ele>23.799999237060547</ele><time>2026-06-03T00:02:00Z</time></trkpt><trkpt lat="37.48801803588867" lon="126.9134750366211"><ele>24.0</ele><time>2026-06-03T00:02:01Z</time></trkpt><trkpt lat="37.4880256652832" lon="126.91349792480469"><ele>24.0</ele><time>2026-06-03T00:02:02Z</time></trkpt><trkpt lat="37.488037109375" lon="126.91351318359375"><ele>24.200000762939453</ele><time>2026-06-03T00:02:03Z</time></trkpt><trkpt lat="37.4880485534668" lon="126.91354370117188"><ele>24.399999618530273</ele><time>2026-06-03T00:02:04Z</time></trkpt><trkpt lat="37.48805618286133" lon="126.91355895996094"><ele>24.399999618530273</ele><time>2026-06-03T00:02:05Z</time></trkpt><trkpt lat="37.48807144165039" lon="126.91357421875"><ele>24.399999618530273</ele><time>2026-06-03T00:02:06Z</time></trkpt><trkpt lat="37.48807907104492" lon="126.91358947753906"><ele>24.200000762939453</ele><time>2026-06-03T00:02:07Z</time></trkpt><trkpt lat="37.488094329833984" lon="126.91361236572266"><ele>24.200000762939453</ele><time>2026-06-03T00:02:08Z</time></trkpt><trkpt lat="37.488121032714844" lon="126.91362762451172"><ele>24.0</ele><time>2026-06-03T00:02:09Z</time></trkpt><trkpt lat="37.48813247680664" lon="126.91365051269531"><ele>23.799999237060547</ele><time>2026-06-03T00:02:10Z</time></trkpt><trkpt lat="37.48814392089844" lon="126.91366577148438"><ele>23.799999237060547</ele><time>2026-06-03T00:02:11Z</time></trkpt><trkpt lat="37.488155364990234" lon="126.91368865966797"><ele>23.799999237060547</ele><time>2026-06-03T00:02:12Z</time></trkpt><trkpt lat="37.4881706237793" lon="126.91370391845703"><ele>23.799999237060547</ele><time>2026-06-03T00:02:13Z</time></trkpt><trkpt lat="37.488182067871094" lon="126.91372680664062"><ele>23.799999237060547</ele><time>2026-06-03T00:02:14Z</time></trkpt><trkpt lat="37.48819351196289" lon="126.91374969482422"><ele>23.799999237060547</ele><time>2026-06-03T00:02:15Z</time></trkpt><trkpt lat="37.48820114135742" lon="126.91377258300781"><ele>23.799999237060547</ele><time>2026-06-03T00:02:16Z</time></trkpt><trkpt lat="37.48821258544922" lon="126.9137954711914"><ele>23.799999237060547</ele><time>2026-06-03T00:02:17Z</time></trkpt><trkpt lat="37.488224029541016" lon="126.91381072998047"><ele>23.799999237060547</ele><time>2026-06-03T00:02:18Z</time></trkpt><trkpt lat="37.48823547363281" lon="126.91383361816406"><ele>23.600000381469727</ele><time>2026-06-03T00:02:19Z</time></trkpt><trkpt lat="37.48824691772461" lon="126.91385650634766"><ele>23.600000381469727</ele><time>2026-06-03T00:02:20Z</time></trkpt><trkpt lat="37.488258361816406" lon="126.91387939453125"><ele>23.600000381469727</ele><time>2026-06-03T00:02:21Z</time></trkpt><trkpt lat="37.48827362060547" lon="126.91390228271484"><ele>23.600000381469727</ele><time>2026-06-03T00:02:22Z</time></trkpt><trkpt lat="37.48828125" lon="126.91392517089844"><ele>23.600000381469727</ele><time>2026-06-03T00:02:23Z</time></trkpt><trkpt lat="37.48828887939453" lon="126.9139404296875"><ele>23.600000381469727</ele><time>2026-06-03T00:02:24Z</time></trkpt><trkpt lat="37.48829650878906" lon="126.91395568847656"><ele>23.600000381469727</ele><time>2026-06-03T00:02:25Z</time></trkpt><trkpt lat="37.488304138183594" lon="126.91397857666016"><ele>23.600000381469727</ele><time>2026-06-03T00:02:26Z</time></trkpt><trkpt lat="37.488311767578125" lon="126.91399383544922"><ele>23.600000381469727</ele><time>2026-06-03T00:02:27Z</time></trkpt><trkpt lat="37.488319396972656" lon="126.91400909423828"><ele>23.600000381469727</ele><time>2026-06-03T00:02:28Z</time></trkpt><trkpt lat="37.48832702636719" lon="126.91402435302734"><ele>23.600000381469727</ele><time>2026-06-03T00:02:29Z</time></trkpt><trkpt lat="37.48833465576172" lon="126.9140396118164"><ele>23.600000381469727</ele><time>2026-06-03T00:02:30Z</time></trkpt><trkpt lat="37.488338470458984" lon="126.91405487060547"><ele>23.600000381469727</ele><time>2026-06-03T00:02:31Z</time></trkpt><trkpt lat="37.488346099853516" lon="126.91407012939453"><ele>23.600000381469727</ele><time>2026-06-03T00:02:32Z</time></trkpt><trkpt lat="37.48834991455078" lon="126.9140853881836"><ele>23.600000381469727</ele><time>2026-06-03T00:02:33Z</time></trkpt><trkpt lat="37.48834991455078" lon="126.91410827636719"><ele>23.600000381469727</ele><time>2026-06-03T00:02:34Z</time></trkpt><trkpt lat="37.48835372924805" lon="126.91411590576172"><ele>23.600000381469727</ele><time>2026-06-03T00:02:35Z</time></trkpt><trkpt lat="37.48835754394531" lon="126.91413116455078"><ele>23.600000381469727</ele><time>2026-06-03T00:02:36Z</time></trkpt><trkpt lat="37.48835754394531" lon="126.91414642333984"><ele>23.600000381469727</ele><time>2026-06-03T00:02:37Z</time></trkpt><trkpt lat="37.48836135864258" lon="126.9141616821289"><ele>23.600000381469727</ele><time>2026-06-03T00:02:38Z</time></trkpt><trkpt lat="37.48836135864258" lon="126.91417694091797"><ele>23.600000381469727</ele><time>2026-06-03T00:02:39Z</time></trkpt><trkpt lat="37.488365173339844" lon="126.91419219970703"><ele>23.399999618530273</ele><time>2026-06-03T00:02:40Z</time></trkpt><trkpt lat="37.48836898803711" lon="126.91419982910156"><ele>23.399999618530273</ele><time>2026-06-03T00:02:41Z</time></trkpt><trkpt lat="37.48837661743164" lon="126.91422271728516"><ele>23.399999618530273</ele><time>2026-06-03T00:02:42Z</time></trkpt><trkpt lat="37.48838424682617" lon="126.91423797607422"><ele>23.399999618530273</ele><time>2026-06-03T00:02:43Z</time></trkpt><trkpt lat="37.4883918762207" lon="126.91425323486328"><ele>23.600000381469727</ele><time>2026-06-03T00:02:44Z</time></trkpt><trkpt lat="37.48839569091797" lon="126.91426849365234"><ele>23.600000381469727</ele><time>2026-06-03T00:02:45Z</time></trkpt><trkpt lat="37.488407135009766" lon="126.9142837524414"><ele>23.600000381469727</ele><time>2026-06-03T00:02:46Z</time></trkpt><trkpt lat="37.4884147644043" lon="126.914306640625"><ele>23.600000381469727</ele><time>2026-06-03T00:02:47Z</time></trkpt><trkpt lat="37.48842239379883" lon="126.9143295288086"><ele>23.600000381469727</ele><time>2026-06-03T00:02:48Z</time></trkpt><trkpt lat="37.48843002319336" lon="126.91434478759766"><ele>23.600000381469727</ele><time>2026-06-03T00:02:49Z</time></trkpt><trkpt lat="37.48843765258789" lon="126.91436004638672"><ele>23.600000381469727</ele><time>2026-06-03T00:02:50Z</time></trkpt><trkpt lat="37.48844528198242" lon="126.91438293457031"><ele>23.600000381469727</ele><time>2026-06-03T00:02:51Z</time></trkpt><trkpt lat="37.48845672607422" lon="126.9144058227539"><ele>23.600000381469727</ele><time>2026-06-03T00:02:52Z</time></trkpt><trkpt lat="37.488468170166016" lon="126.9144287109375"><ele>23.799999237060547</ele><time>2026-06-03T00:02:53Z</time></trkpt><trkpt lat="37.48847961425781" lon="126.9144515991211"><ele>23.799999237060547</ele><time>2026-06-03T00:02:54Z</time></trkpt><trkpt lat="37.48849105834961" lon="126.91447448730469"><ele>23.799999237060547</ele><time>2026-06-03T00:02:55Z</time></trkpt><trkpt lat="37.48849868774414" lon="126.91449737548828"><ele>23.799999237060547</ele><time>2026-06-03T00:02:56Z</time></trkpt><trkpt lat="37.48851013183594" lon="126.91452026367188"><ele>23.799999237060547</ele><time>2026-06-03T00:02:57Z</time></trkpt><trkpt lat="37.48851776123047" lon="126.91454315185547"><ele>23.600000381469727</ele><time>2026-06-03T00:02:58Z</time></trkpt><trkpt lat="37.488529205322266" lon="126.9145736694336"><ele>23.600000381469727</ele><time>2026-06-03T00:02:59Z</time></trkpt><trkpt lat="37.48854064941406" lon="126.91459655761719"><ele>23.600000381469727</ele><time>2026-06-03T00:03:00Z</time></trkpt><trkpt lat="37.48855209350586" lon="126.91462707519531"><ele>23.600000381469727</ele><time>2026-06-03T00:03:01Z</time></trkpt><trkpt lat="37.48856735229492" lon="126.9146499633789"><ele>23.600000381469727</ele><time>2026-06-03T00:03:02Z</time></trkpt><trkpt lat="37.48857879638672" lon="126.91468048095703"><ele>23.600000381469727</ele><time>2026-06-03T00:03:03Z</time></trkpt><trkpt lat="37.48859405517578" lon="126.91470336914062"><ele>23.600000381469727</ele><time>2026-06-03T00:03:04Z</time></trkpt><trkpt lat="37.488609313964844" lon="126.91473388671875"><ele>23.600000381469727</ele><time>2026-06-03T00:03:05Z</time></trkpt><trkpt lat="37.48862838745117" lon="126.91476440429688"><ele>23.600000381469727</ele><time>2026-06-03T00:03:06Z</time></trkpt><trkpt lat="37.488643646240234" lon="126.914794921875"><ele>23.799999237060547</ele><time>2026-06-03T00:03:07Z</time></trkpt><trkpt lat="37.48865509033203" lon="126.9148178100586"><ele>23.799999237060547</ele><time>2026-06-03T00:03:08Z</time></trkpt><trkpt lat="37.48866653442383" lon="126.91484832763672"><ele>23.799999237060547</ele><time>2026-06-03T00:03:09Z</time></trkpt><trkpt lat="37.488677978515625" lon="126.91487121582031"><ele>23.600000381469727</ele><time>2026-06-03T00:03:10Z</time></trkpt><trkpt lat="37.48868942260742" lon="126.91490173339844"><ele>23.600000381469727</ele><time>2026-06-03T00:03:11Z</time></trkpt><trkpt lat="37.48870086669922" lon="126.91492462158203"><ele>23.600000381469727</ele><time>2026-06-03T00:03:12Z</time></trkpt><trkpt lat="37.488712310791016" lon="126.91494750976562"><ele>23.600000381469727</ele><time>2026-06-03T00:03:13Z</time></trkpt><trkpt lat="37.48872756958008" lon="126.91497802734375"><ele>23.600000381469727</ele><time>2026-06-03T00:03:14Z</time></trkpt><trkpt lat="37.48874282836914" lon="126.91502380371094"><ele>23.799999237060547</ele><time>2026-06-03T00:03:15Z</time></trkpt><trkpt lat="37.48875427246094" lon="126.91504669189453"><ele>23.600000381469727</ele><time>2026-06-03T00:03:16Z</time></trkpt><trkpt lat="37.48876190185547" lon="126.91506958007812"><ele>23.600000381469727</ele><time>2026-06-03T00:03:17Z</time></trkpt><trkpt lat="37.488773345947266" lon="126.91509246826172"><ele>23.600000381469727</ele><time>2026-06-03T00:03:18Z</time></trkpt><trkpt lat="37.48878479003906" lon="126.91511535644531"><ele>23.600000381469727</ele><time>2026-06-03T00:03:19Z</time></trkpt><trkpt lat="37.48879623413086" lon="126.91513061523438"><ele>23.600000381469727</ele><time>2026-06-03T00:03:20Z</time></trkpt><trkpt lat="37.488807678222656" lon="126.91515350341797"><ele>23.600000381469727</ele><time>2026-06-03T00:03:21Z</time></trkpt><trkpt lat="37.48881912231445" lon="126.91517639160156"><ele>23.600000381469727</ele><time>2026-06-03T00:03:22Z</time></trkpt><trkpt lat="37.48883819580078" lon="126.91520690917969"><ele>23.600000381469727</ele><time>2026-06-03T00:03:23Z</time></trkpt><trkpt lat="37.488853454589844" lon="126.91522979736328"><ele>23.600000381469727</ele><time>2026-06-03T00:03:24Z</time></trkpt><trkpt lat="37.488868713378906" lon="126.91525268554688"><ele>23.600000381469727</ele><time>2026-06-03T00:03:25Z</time></trkpt><trkpt lat="37.48888397216797" lon="126.91527557373047"><ele>23.600000381469727</ele><time>2026-06-03T00:03:26Z</time></trkpt><trkpt lat="37.4889030456543" lon="126.9153060913086"><ele>23.600000381469727</ele><time>2026-06-03T00:03:27Z</time></trkpt><trkpt lat="37.48891830444336" lon="126.91532135009766"><ele>23.600000381469727</ele><time>2026-06-03T00:03:28Z</time></trkpt><trkpt lat="37.48893737792969" lon="126.91534423828125"><ele>23.600000381469727</ele><time>2026-06-03T00:03:29Z</time></trkpt><trkpt lat="37.488956451416016" lon="126.91535949707031"><ele>23.600000381469727</ele><time>2026-06-03T00:03:30Z</time></trkpt><trkpt lat="37.48897171020508" lon="126.91537475585938"><ele>23.600000381469727</ele><time>2026-06-03T00:03:31Z</time></trkpt><trkpt lat="37.48898696899414" lon="126.91539001464844"><ele>23.600000381469727</ele><time>2026-06-03T00:03:32Z</time></trkpt><trkpt lat="37.48899841308594" lon="126.9154052734375"><ele>23.600000381469727</ele><time>2026-06-03T00:03:33Z</time></trkpt><trkpt lat="37.48900604248047" lon="126.91542053222656"><ele>23.600000381469727</ele><time>2026-06-03T00:03:34Z</time></trkpt><trkpt lat="37.48902130126953" lon="126.91544342041016"><ele>23.600000381469727</ele><time>2026-06-03T00:03:35Z</time></trkpt><trkpt lat="37.48903274536133" lon="126.91545867919922"><ele>23.600000381469727</ele><time>2026-06-03T00:03:36Z</time></trkpt><trkpt lat="37.48904800415039" lon="126.91547393798828"><ele>23.600000381469727</ele><time>2026-06-03T00:03:37Z</time></trkpt><trkpt lat="37.48905944824219" lon="126.91548919677734"><ele>23.600000381469727</ele><time>2026-06-03T00:03:38Z</time></trkpt><trkpt lat="37.489070892333984" lon="126.91549682617188"><ele>23.600000381469727</ele><time>2026-06-03T00:03:39Z</time></trkpt><trkpt lat="37.48908233642578" lon="126.9155044555664"><ele>23.600000381469727</ele><time>2026-06-03T00:03:40Z</time></trkpt><trkpt lat="37.48909378051758" lon="126.9155044555664"><ele>23.600000381469727</ele><time>2026-06-03T00:03:41Z</time></trkpt><trkpt lat="37.48910903930664" lon="126.91551208496094"><ele>23.600000381469727</ele><time>2026-06-03T00:03:42Z</time></trkpt><trkpt lat="37.48911666870117" lon="126.91551971435547"><ele>23.799999237060547</ele><time>2026-06-03T00:03:43Z</time></trkpt><trkpt lat="37.489139556884766" lon="126.91551971435547"><ele>23.799999237060547</ele><time>2026-06-03T00:03:44Z</time></trkpt><trkpt lat="37.48917007446289" lon="126.91551971435547"><ele>23.799999237060547</ele><time>2026-06-03T00:03:45Z</time></trkpt><trkpt lat="37.48921585083008" lon="126.91556549072266"><ele>23.799999237060547</ele><time>2026-06-03T00:03:46Z</time></trkpt><trkpt lat="37.48924255371094" lon="126.91559600830078"><ele>24.0</ele><time>2026-06-03T00:03:47Z</time></trkpt><trkpt lat="37.489261627197266" lon="126.91561126708984"><ele>24.0</ele><time>2026-06-03T00:03:48Z</time></trkpt><trkpt lat="37.48927688598633" lon="126.9156265258789"><ele>24.200000762939453</ele><time>2026-06-03T00:03:49Z</time></trkpt><trkpt lat="37.48930740356445" lon="126.9156265258789"><ele>24.399999618530273</ele><time>2026-06-03T00:03:50Z</time></trkpt><trkpt lat="37.48933410644531" lon="126.91563415527344"><ele>24.600000381469727</ele><time>2026-06-03T00:03:51Z</time></trkpt><trkpt lat="37.489356994628906" lon="126.91564178466797"><ele>24.799999237060547</ele><time>2026-06-03T00:03:52Z</time></trkpt><trkpt lat="37.489383697509766" lon="126.9156494140625"><ele>25.0</ele><time>2026-06-03T00:03:53Z</time></trkpt><trkpt lat="37.48939895629883" lon="126.91565704345703"><ele>25.200000762939453</ele><time>2026-06-03T00:03:54Z</time></trkpt><trkpt lat="37.48942565917969" lon="126.9156723022461"><ele>25.399999618530273</ele><time>2026-06-03T00:03:55Z</time></trkpt><trkpt lat="37.489444732666016" lon="126.91568756103516"><ele>25.600000381469727</ele><time>2026-06-03T00:03:56Z</time></trkpt><trkpt lat="37.48946762084961" lon="126.91570281982422"><ele>25.799999237060547</ele><time>2026-06-03T00:03:57Z</time></trkpt><trkpt lat="37.4894905090332" lon="126.91571044921875"><ele>26.0</ele><time>2026-06-03T00:03:58Z</time></trkpt><trkpt lat="37.48950958251953" lon="126.91571044921875"><ele>26.0</ele><time>2026-06-03T00:03:59Z</time></trkpt><trkpt lat="37.489532470703125" lon="126.91571044921875"><ele>26.200000762939453</ele><time>2026-06-03T00:04:00Z</time></trkpt><trkpt lat="37.48954391479492" lon="126.91571044921875"><ele>26.200000762939453</ele><time>2026-06-03T00:04:01Z</time></trkpt><trkpt lat="37.489566802978516" lon="126.91570281982422"><ele>26.200000762939453</ele><time>2026-06-03T00:04:02Z</time></trkpt><trkpt lat="37.489585876464844" lon="126.91570281982422"><ele>26.0</ele><time>2026-06-03T00:04:03Z</time></trkpt><trkpt lat="37.48960494995117" lon="126.91570281982422"><ele>26.0</ele><time>2026-06-03T00:04:04Z</time></trkpt><trkpt lat="37.489620208740234" lon="126.91570281982422"><ele>25.799999237060547</ele><time>2026-06-03T00:04:05Z</time></trkpt><trkpt lat="37.48963928222656" lon="126.91570281982422"><ele>25.799999237060547</ele><time>2026-06-03T00:04:06Z</time></trkpt><trkpt lat="37.48965835571289" lon="126.91570281982422"><ele>25.799999237060547</ele><time>2026-06-03T00:04:07Z</time></trkpt><trkpt lat="37.48967742919922" lon="126.91571044921875"><ele>25.799999237060547</ele><time>2026-06-03T00:04:08Z</time></trkpt><trkpt lat="37.48969268798828" lon="126.91571807861328"><ele>25.600000381469727</ele><time>2026-06-03T00:04:09Z</time></trkpt><trkpt lat="37.489707946777344" lon="126.91572570800781"><ele>25.600000381469727</ele><time>2026-06-03T00:04:10Z</time></trkpt><trkpt lat="37.48972702026367" lon="126.91574096679688"><ele>25.600000381469727</ele><time>2026-06-03T00:04:11Z</time></trkpt><trkpt lat="37.489742279052734" lon="126.91575622558594"><ele>25.600000381469727</ele><time>2026-06-03T00:04:12Z</time></trkpt><trkpt lat="37.4897575378418" lon="126.91576385498047"><ele>25.600000381469727</ele><time>2026-06-03T00:04:13Z</time></trkpt><trkpt lat="37.489776611328125" lon="126.91577911376953"><ele>25.600000381469727</ele><time>2026-06-03T00:04:14Z</time></trkpt><trkpt lat="37.48979568481445" lon="126.91578674316406"><ele>25.799999237060547</ele><time>2026-06-03T00:04:15Z</time></trkpt><trkpt lat="37.48981475830078" lon="126.91580200195312"><ele>25.799999237060547</ele><time>2026-06-03T00:04:16Z</time></trkpt><trkpt lat="37.489830017089844" lon="126.91580200195312"><ele>25.799999237060547</ele><time>2026-06-03T00:04:17Z</time></trkpt><trkpt lat="37.48985290527344" lon="126.91581726074219"><ele>25.799999237060547</ele><time>2026-06-03T00:04:18Z</time></trkpt><trkpt lat="37.489871978759766" lon="126.91582489013672"><ele>26.0</ele><time>2026-06-03T00:04:19Z</time></trkpt><trkpt lat="37.48988723754883" lon="126.91584014892578"><ele>26.0</ele><time>2026-06-03T00:04:20Z</time></trkpt><trkpt lat="37.48991012573242" lon="126.91584777832031"><ele>26.0</ele><time>2026-06-03T00:04:21Z</time></trkpt><trkpt lat="37.48992919921875" lon="126.91586303710938"><ele>26.0</ele><time>2026-06-03T00:04:22Z</time></trkpt><trkpt lat="37.489952087402344" lon="126.9158706665039"><ele>26.200000762939453</ele><time>2026-06-03T00:04:23Z</time></trkpt><trkpt lat="37.48997116088867" lon="126.91587829589844"><ele>26.0</ele><time>2026-06-03T00:04:24Z</time></trkpt><trkpt lat="37.489986419677734" lon="126.91588592529297"><ele>26.0</ele><time>2026-06-03T00:04:25Z</time></trkpt><trkpt lat="37.49000930786133" lon="126.9158935546875"><ele>26.0</ele><time>2026-06-03T00:04:26Z</time></trkpt><trkpt lat="37.490028381347656" lon="126.91590118408203"><ele>26.200000762939453</ele><time>2026-06-03T00:04:27Z</time></trkpt><trkpt lat="37.49005126953125" lon="126.91590881347656"><ele>26.200000762939453</ele><time>2026-06-03T00:04:28Z</time></trkpt><trkpt lat="37.49007034301758" lon="126.9159164428711"><ele>26.200000762939453</ele><time>2026-06-03T00:04:29Z</time></trkpt><trkpt lat="37.49009704589844" lon="126.91593170166016"><ele>26.399999618530273</ele><time>2026-06-03T00:04:30Z</time></trkpt><trkpt lat="37.49011993408203" lon="126.91593170166016"><ele>26.399999618530273</ele><time>2026-06-03T00:04:31Z</time></trkpt><trkpt lat="37.49013900756836" lon="126.91593933105469"><ele>26.399999618530273</ele><time>2026-06-03T00:04:32Z</time></trkpt><trkpt lat="37.49015426635742" lon="126.91594696044922"><ele>26.399999618530273</ele><time>2026-06-03T00:04:33Z</time></trkpt><trkpt lat="37.490177154541016" lon="126.91594696044922"><ele>26.399999618530273</ele><time>2026-06-03T00:04:34Z</time></trkpt><trkpt lat="37.49020004272461" lon="126.91594696044922"><ele>26.399999618530273</ele><time>2026-06-03T00:04:35Z</time></trkpt><trkpt lat="37.4902229309082" lon="126.91594696044922"><ele>26.600000381469727</ele><time>2026-06-03T00:04:36Z</time></trkpt><trkpt lat="37.4902458190918" lon="126.91595458984375"><ele>26.600000381469727</ele><time>2026-06-03T00:04:37Z</time></trkpt><trkpt lat="37.49026107788086" lon="126.91595458984375"><ele>26.600000381469727</ele><time>2026-06-03T00:04:38Z</time></trkpt><trkpt lat="37.49028778076172" lon="126.91596984863281"><ele>26.600000381469727</ele><time>2026-06-03T00:04:39Z</time></trkpt><trkpt lat="37.49030685424805" lon="126.91596984863281"><ele>26.600000381469727</ele><time>2026-06-03T00:04:40Z</time></trkpt><trkpt lat="37.490325927734375" lon="126.91598510742188"><ele>26.600000381469727</ele><time>2026-06-03T00:04:41Z</time></trkpt><trkpt lat="37.49034881591797" lon="126.9159927368164"><ele>26.600000381469727</ele><time>2026-06-03T00:04:42Z</time></trkpt><trkpt lat="37.4903678894043" lon="126.91600036621094"><ele>26.600000381469727</ele><time>2026-06-03T00:04:43Z</time></trkpt><trkpt lat="37.49039077758789" lon="126.916015625"><ele>26.600000381469727</ele><time>2026-06-03T00:04:44Z</time></trkpt><trkpt lat="37.49040603637695" lon="126.91602325439453"><ele>26.600000381469727</ele><time>2026-06-03T00:04:45Z</time></trkpt><trkpt lat="37.490421295166016" lon="126.91604614257812"><ele>26.799999237060547</ele><time>2026-06-03T00:04:46Z</time></trkpt><trkpt lat="37.49043655395508" lon="126.91606903076172"><ele>26.799999237060547</ele><time>2026-06-03T00:04:47Z</time></trkpt><trkpt lat="37.490447998046875" lon="126.91608428955078"><ele>26.799999237060547</ele><time>2026-06-03T00:04:48Z</time></trkpt><trkpt lat="37.49046325683594" lon="126.91609954833984"><ele>26.799999237060547</ele><time>2026-06-03T00:04:49Z</time></trkpt><trkpt lat="37.49047088623047" lon="126.9161148071289"><ele>26.799999237060547</ele><time>2026-06-03T00:04:50Z</time></trkpt><trkpt lat="37.49048614501953" lon="126.9161376953125"><ele>26.799999237060547</ele><time>2026-06-03T00:04:51Z</time></trkpt><trkpt lat="37.490501403808594" lon="126.91615295410156"><ele>26.799999237060547</ele><time>2026-06-03T00:04:52Z</time></trkpt><trkpt lat="37.49052047729492" lon="126.91616821289062"><ele>26.799999237060547</ele><time>2026-06-03T00:04:53Z</time></trkpt><trkpt lat="37.49053192138672" lon="126.91619110107422"><ele>26.600000381469727</ele><time>2026-06-03T00:04:54Z</time></trkpt><trkpt lat="37.490543365478516" lon="126.91620635986328"><ele>26.799999237060547</ele><time>2026-06-03T00:04:55Z</time></trkpt><trkpt lat="37.49055862426758" lon="126.91622924804688"><ele>26.799999237060547</ele><time>2026-06-03T00:04:56Z</time></trkpt><trkpt lat="37.490577697753906" lon="126.91625213623047"><ele>26.799999237060547</ele><time>2026-06-03T00:04:57Z</time></trkpt><trkpt lat="37.4905891418457" lon="126.916259765625"><ele>26.799999237060547</ele><time>2026-06-03T00:04:58Z</time></trkpt><trkpt lat="37.4906005859375" lon="126.91629028320312"><ele>26.799999237060547</ele><time>2026-06-03T00:04:59Z</time></trkpt><trkpt lat="37.4906120300293" lon="126.91631317138672"><ele>26.600000381469727</ele><time>2026-06-03T00:05:00Z</time></trkpt><trkpt lat="37.490623474121094" lon="126.91632843017578"><ele>26.600000381469727</ele><time>2026-06-03T00:05:01Z</time></trkpt><trkpt lat="37.49063491821289" lon="126.91635131835938"><ele>26.600000381469727</ele><time>2026-06-03T00:05:02Z</time></trkpt><trkpt lat="37.49065017700195" lon="126.91636657714844"><ele>26.600000381469727</ele><time>2026-06-03T00:05:03Z</time></trkpt><trkpt lat="37.49066162109375" lon="126.9163818359375"><ele>26.600000381469727</ele><time>2026-06-03T00:05:04Z</time></trkpt><trkpt lat="37.49067306518555" lon="126.91641235351562"><ele>26.600000381469727</ele><time>2026-06-03T00:05:05Z</time></trkpt><trkpt lat="37.49068832397461" lon="126.91642761230469"><ele>26.600000381469727</ele><time>2026-06-03T00:05:06Z</time></trkpt><trkpt lat="37.490699768066406" lon="126.91644287109375"><ele>26.600000381469727</ele><time>2026-06-03T00:05:07Z</time></trkpt><trkpt lat="37.49072265625" lon="126.91645812988281"><ele>26.600000381469727</ele><time>2026-06-03T00:05:08Z</time></trkpt><trkpt lat="37.49073791503906" lon="126.91646575927734"><ele>26.600000381469727</ele><time>2026-06-03T00:05:09Z</time></trkpt><trkpt lat="37.49075698852539" lon="126.91646575927734"><ele>26.399999618530273</ele><time>2026-06-03T00:05:10Z</time></trkpt><trkpt lat="37.49077224731445" lon="126.91647338867188"><ele>26.399999618530273</ele><time>2026-06-03T00:05:11Z</time></trkpt><trkpt lat="37.49079132080078" lon="126.91646575927734"><ele>26.399999618530273</ele><time>2026-06-03T00:05:12Z</time></trkpt><trkpt lat="37.490806579589844" lon="126.91645812988281"><ele>26.399999618530273</ele><time>2026-06-03T00:05:13Z</time></trkpt><trkpt lat="37.490821838378906" lon="126.91643524169922"><ele>26.600000381469727</ele><time>2026-06-03T00:05:14Z</time></trkpt><trkpt lat="37.49082946777344" lon="126.91642761230469"><ele>26.600000381469727</ele><time>2026-06-03T00:05:15Z</time></trkpt><trkpt lat="37.4908447265625" lon="126.9164047241211"><ele>26.600000381469727</ele><time>2026-06-03T00:05:16Z</time></trkpt><trkpt lat="37.49085998535156" lon="126.91639709472656"><ele>26.600000381469727</ele><time>2026-06-03T00:05:17Z</time></trkpt><trkpt lat="37.490875244140625" lon="126.91638946533203"><ele>26.600000381469727</ele><time>2026-06-03T00:05:18Z</time></trkpt><trkpt lat="37.49089050292969" lon="126.91637420654297"><ele>26.600000381469727</ele><time>2026-06-03T00:05:19Z</time></trkpt><trkpt lat="37.49090576171875" lon="126.9163589477539"><ele>26.799999237060547</ele><time>2026-06-03T00:05:20Z</time></trkpt><trkpt lat="37.49091720581055" lon="126.91634368896484"><ele>26.799999237060547</ele><time>2026-06-03T00:05:21Z</time></trkpt><trkpt lat="37.490936279296875" lon="126.91633605957031"><ele>27.0</ele><time>2026-06-03T00:05:22Z</time></trkpt><trkpt lat="37.4909553527832" lon="126.91632080078125"><ele>27.200000762939453</ele><time>2026-06-03T00:05:23Z</time></trkpt><trkpt lat="37.49097442626953" lon="126.91631317138672"><ele>27.399999618530273</ele><time>2026-06-03T00:05:24Z</time></trkpt><trkpt lat="37.49099349975586" lon="126.91629791259766"><ele>27.399999618530273</ele><time>2026-06-03T00:05:25Z</time></trkpt><trkpt lat="37.49101257324219" lon="126.91629028320312"><ele>27.399999618530273</ele><time>2026-06-03T00:05:26Z</time></trkpt><trkpt lat="37.491031646728516" lon="126.9162826538086"><ele>27.399999618530273</ele><time>2026-06-03T00:05:27Z</time></trkpt><trkpt lat="37.49105453491211" lon="126.91627502441406"><ele>27.200000762939453</ele><time>2026-06-03T00:05:28Z</time></trkpt><trkpt lat="37.4910774230957" lon="126.91627502441406"><ele>27.399999618530273</ele><time>2026-06-03T00:05:29Z</time></trkpt><trkpt lat="37.491092681884766" lon="126.91627502441406"><ele>27.399999618530273</ele><time>2026-06-03T00:05:30Z</time></trkpt><trkpt lat="37.491111755371094" lon="126.9162826538086"><ele>27.399999618530273</ele><time>2026-06-03T00:05:31Z</time></trkpt><trkpt lat="37.49113464355469" lon="126.91629028320312"><ele>27.399999618530273</ele><time>2026-06-03T00:05:32Z</time></trkpt><trkpt lat="37.491153717041016" lon="126.91629791259766"><ele>27.399999618530273</ele><time>2026-06-03T00:05:33Z</time></trkpt><trkpt lat="37.491172790527344" lon="126.91630554199219"><ele>27.200000762939453</ele><time>2026-06-03T00:05:34Z</time></trkpt><trkpt lat="37.49119186401367" lon="126.91631317138672"><ele>27.200000762939453</ele><time>2026-06-03T00:05:35Z</time></trkpt><trkpt lat="37.4912109375" lon="126.91632080078125"><ele>27.200000762939453</ele><time>2026-06-03T00:05:36Z</time></trkpt><trkpt lat="37.491233825683594" lon="126.91633605957031"><ele>27.200000762939453</ele><time>2026-06-03T00:05:37Z</time></trkpt><trkpt lat="37.49125289916992" lon="126.91633605957031"><ele>27.399999618530273</ele><time>2026-06-03T00:05:38Z</time></trkpt><trkpt lat="37.491275787353516" lon="126.91634368896484"><ele>27.399999618530273</ele><time>2026-06-03T00:05:39Z</time></trkpt><trkpt lat="37.491294860839844" lon="126.91635131835938"><ele>27.399999618530273</ele><time>2026-06-03T00:05:40Z</time></trkpt><trkpt lat="37.49131393432617" lon="126.91634368896484"><ele>27.399999618530273</ele><time>2026-06-03T00:05:41Z</time></trkpt><trkpt lat="37.4913330078125" lon="126.91635131835938"><ele>27.399999618530273</ele><time>2026-06-03T00:05:42Z</time></trkpt><trkpt lat="37.49135208129883" lon="126.91635131835938"><ele>27.600000381469727</ele><time>2026-06-03T00:05:43Z</time></trkpt><trkpt lat="37.491371154785156" lon="126.91634368896484"><ele>27.600000381469727</ele><time>2026-06-03T00:05:44Z</time></trkpt><trkpt lat="37.49139404296875" lon="126.91634368896484"><ele>27.799999237060547</ele><time>2026-06-03T00:05:45Z</time></trkpt><trkpt lat="37.49140548706055" lon="126.91634368896484"><ele>27.799999237060547</ele><time>2026-06-03T00:05:46Z</time></trkpt><trkpt lat="37.491424560546875" lon="126.91634368896484"><ele>28.0</ele><time>2026-06-03T00:05:47Z</time></trkpt><trkpt lat="37.49144744873047" lon="126.91634368896484"><ele>28.200000762939453</ele><time>2026-06-03T00:05:48Z</time></trkpt><trkpt lat="37.49146270751953" lon="126.91632843017578"><ele>28.200000762939453</ele><time>2026-06-03T00:05:49Z</time></trkpt><trkpt lat="37.491485595703125" lon="126.91632843017578"><ele>28.200000762939453</ele><time>2026-06-03T00:05:50Z</time></trkpt><trkpt lat="37.49150085449219" lon="126.91632843017578"><ele>28.399999618530273</ele><time>2026-06-03T00:05:51Z</time></trkpt><trkpt lat="37.49152374267578" lon="126.91632080078125"><ele>28.399999618530273</ele><time>2026-06-03T00:05:52Z</time></trkpt><trkpt lat="37.491546630859375" lon="126.91632843017578"><ele>28.399999618530273</ele><time>2026-06-03T00:05:53Z</time></trkpt><trkpt lat="37.49156188964844" lon="126.91632843017578"><ele>28.200000762939453</ele><time>2026-06-03T00:05:54Z</time></trkpt><trkpt lat="37.49158477783203" lon="126.91633605957031"><ele>28.200000762939453</ele><time>2026-06-03T00:05:55Z</time></trkpt><trkpt lat="37.491600036621094" lon="126.91634368896484"><ele>28.200000762939453</ele><time>2026-06-03T00:05:56Z</time></trkpt><trkpt lat="37.49161911010742" lon="126.91635131835938"><ele>28.200000762939453</ele><time>2026-06-03T00:05:57Z</time></trkpt><trkpt lat="37.49163818359375" lon="126.9163589477539"><ele>28.200000762939453</ele><time>2026-06-03T00:05:58Z</time></trkpt><trkpt lat="37.491661071777344" lon="126.91636657714844"><ele>28.399999618530273</ele><time>2026-06-03T00:05:59Z</time></trkpt><trkpt lat="37.491676330566406" lon="126.9163818359375"><ele>28.399999618530273</ele><time>2026-06-03T00:06:00Z</time></trkpt><trkpt lat="37.491695404052734" lon="126.91639709472656"><ele>28.200000762939453</ele><time>2026-06-03T00:06:01Z</time></trkpt><trkpt lat="37.4917106628418" lon="126.91639709472656"><ele>28.200000762939453</ele><time>2026-06-03T00:06:02Z</time></trkpt><trkpt lat="37.491729736328125" lon="126.91641235351562"><ele>28.399999618530273</ele><time>2026-06-03T00:06:03Z</time></trkpt><trkpt lat="37.49174499511719" lon="126.91642761230469"><ele>28.200000762939453</ele><time>2026-06-03T00:06:04Z</time></trkpt><trkpt lat="37.491764068603516" lon="126.91643524169922"><ele>28.200000762939453</ele><time>2026-06-03T00:06:05Z</time></trkpt><trkpt lat="37.49178695678711" lon="126.91645050048828"><ele>28.200000762939453</ele><time>2026-06-03T00:06:06Z</time></trkpt><trkpt lat="37.49180221557617" lon="126.91645812988281"><ele>28.200000762939453</ele><time>2026-06-03T00:06:07Z</time></trkpt><trkpt lat="37.491825103759766" lon="126.91646575927734"><ele>28.200000762939453</ele><time>2026-06-03T00:06:08Z</time></trkpt><trkpt lat="37.491844177246094" lon="126.91647338867188"><ele>28.0</ele><time>2026-06-03T00:06:09Z</time></trkpt><trkpt lat="37.49186325073242" lon="126.9164810180664"><ele>28.0</ele><time>2026-06-03T00:06:10Z</time></trkpt><trkpt lat="37.49188232421875" lon="126.91649627685547"><ele>28.0</ele><time>2026-06-03T00:06:11Z</time></trkpt><trkpt lat="37.49189758300781" lon="126.91649627685547"><ele>28.0</ele><time>2026-06-03T00:06:12Z</time></trkpt><trkpt lat="37.491920471191406" lon="126.91650390625"><ele>28.0</ele><time>2026-06-03T00:06:13Z</time></trkpt><trkpt lat="37.491939544677734" lon="126.91651153564453"><ele>27.799999237060547</ele><time>2026-06-03T00:06:14Z</time></trkpt><trkpt lat="37.49195861816406" lon="126.91651916503906"><ele>27.799999237060547</ele><time>2026-06-03T00:06:15Z</time></trkpt><trkpt lat="37.49198532104492" lon="126.91653442382812"><ele>27.799999237060547</ele><time>2026-06-03T00:06:16Z</time></trkpt><trkpt lat="37.49200439453125" lon="126.91654205322266"><ele>27.799999237060547</ele><time>2026-06-03T00:06:17Z</time></trkpt><trkpt lat="37.49202346801758" lon="126.91655731201172"><ele>27.799999237060547</ele><time>2026-06-03T00:06:18Z</time></trkpt><trkpt lat="37.492042541503906" lon="126.91658020019531"><ele>27.799999237060547</ele><time>2026-06-03T00:06:19Z</time></trkpt><trkpt lat="37.49205780029297" lon="126.91658782958984"><ele>27.799999237060547</ele><time>2026-06-03T00:06:20Z</time></trkpt><trkpt lat="37.4920768737793" lon="126.91661834716797"><ele>27.799999237060547</ele><time>2026-06-03T00:06:21Z</time></trkpt><trkpt lat="37.49208450317383" lon="126.91663360595703"><ele>27.799999237060547</ele><time>2026-06-03T00:06:22Z</time></trkpt><trkpt lat="37.492095947265625" lon="126.91666412353516"><ele>27.799999237060547</ele><time>2026-06-03T00:06:23Z</time></trkpt><trkpt lat="37.49210739135742" lon="126.91668701171875"><ele>27.600000381469727</ele><time>2026-06-03T00:06:24Z</time></trkpt><trkpt lat="37.49211883544922" lon="126.91671752929688"><ele>27.600000381469727</ele><time>2026-06-03T00:06:25Z</time></trkpt><trkpt lat="37.492122650146484" lon="126.916748046875"><ele>27.600000381469727</ele><time>2026-06-03T00:06:26Z</time></trkpt><trkpt lat="37.49213409423828" lon="126.9167709350586"><ele>27.399999618530273</ele><time>2026-06-03T00:06:27Z</time></trkpt><trkpt lat="37.49214553833008" lon="126.91679382324219"><ele>27.399999618530273</ele><time>2026-06-03T00:06:28Z</time></trkpt><trkpt lat="37.49215316772461" lon="126.91681671142578"><ele>27.399999618530273</ele><time>2026-06-03T00:06:29Z</time></trkpt><trkpt lat="37.49216079711914" lon="126.91683959960938"><ele>27.200000762939453</ele><time>2026-06-03T00:06:30Z</time></trkpt><trkpt lat="37.49216842651367" lon="126.9168701171875"><ele>27.200000762939453</ele><time>2026-06-03T00:06:31Z</time></trkpt><trkpt lat="37.49217224121094" lon="126.9168930053711"><ele>27.0</ele><time>2026-06-03T00:06:32Z</time></trkpt><trkpt lat="37.492183685302734" lon="126.91691589355469"><ele>27.0</ele><time>2026-06-03T00:06:33Z</time></trkpt><trkpt lat="37.492191314697266" lon="126.91694641113281"><ele>26.799999237060547</ele><time>2026-06-03T00:06:34Z</time></trkpt><trkpt lat="37.4921989440918" lon="126.91696166992188"><ele>26.799999237060547</ele><time>2026-06-03T00:06:35Z</time></trkpt><trkpt lat="37.4921989440918" lon="126.9169921875"><ele>26.799999237060547</ele><time>2026-06-03T00:06:36Z</time></trkpt><trkpt lat="37.49220657348633" lon="126.9170150756836"><ele>26.799999237060547</ele><time>2026-06-03T00:06:37Z</time></trkpt><trkpt lat="37.49221420288086" lon="126.91703796386719"><ele>26.799999237060547</ele><time>2026-06-03T00:06:38Z</time></trkpt><trkpt lat="37.492218017578125" lon="126.91706848144531"><ele>26.799999237060547</ele><time>2026-06-03T00:06:39Z</time></trkpt><trkpt lat="37.49222183227539" lon="126.9170913696289"><ele>26.600000381469727</ele><time>2026-06-03T00:06:40Z</time></trkpt><trkpt lat="37.49222183227539" lon="126.91712188720703"><ele>26.600000381469727</ele><time>2026-06-03T00:06:41Z</time></trkpt><trkpt lat="37.49222183227539" lon="126.91714477539062"><ele>26.600000381469727</ele><time>2026-06-03T00:06:42Z</time></trkpt><trkpt lat="37.492225646972656" lon="126.91716766357422"><ele>26.399999618530273</ele><time>2026-06-03T00:06:43Z</time></trkpt><trkpt lat="37.49222183227539" lon="126.91719055175781"><ele>26.399999618530273</ele><time>2026-06-03T00:06:44Z</time></trkpt><trkpt lat="37.49222183227539" lon="126.9172134399414"><ele>26.200000762939453</ele><time>2026-06-03T00:06:45Z</time></trkpt><trkpt lat="37.492218017578125" lon="126.917236328125"><ele>26.200000762939453</ele><time>2026-06-03T00:06:46Z</time></trkpt><trkpt lat="37.49222183227539" lon="126.9172592163086"><ele>26.200000762939453</ele><time>2026-06-03T00:06:47Z</time></trkpt><trkpt lat="37.492218017578125" lon="126.91728973388672"><ele>26.200000762939453</ele><time>2026-06-03T00:06:48Z</time></trkpt><trkpt lat="37.492210388183594" lon="126.91732025146484"><ele>26.0</ele><time>2026-06-03T00:06:49Z</time></trkpt><trkpt lat="37.49220657348633" lon="126.91734313964844"><ele>26.0</ele><time>2026-06-03T00:06:50Z</time></trkpt><trkpt lat="37.49220275878906" lon="126.91736602783203"><ele>26.0</ele><time>2026-06-03T00:06:51Z</time></trkpt><trkpt lat="37.49220275878906" lon="126.91739654541016"><ele>26.0</ele><time>2026-06-03T00:06:52Z</time></trkpt><trkpt lat="37.49220657348633" lon="126.91741943359375"><ele>25.799999237060547</ele><time>2026-06-03T00:06:53Z</time></trkpt><trkpt lat="37.492210388183594" lon="126.91744995117188"><ele>25.799999237060547</ele><time>2026-06-03T00:06:54Z</time></trkpt><trkpt lat="37.492218017578125" lon="126.91747283935547"><ele>25.799999237060547</ele><time>2026-06-03T00:06:55Z</time></trkpt><trkpt lat="37.492225646972656" lon="126.91749572753906"><ele>25.799999237060547</ele><time>2026-06-03T00:06:56Z</time></trkpt><trkpt lat="37.49223327636719" lon="126.91751861572266"><ele>25.799999237060547</ele><time>2026-06-03T00:06:57Z</time></trkpt><trkpt lat="37.49224090576172" lon="126.91753387451172"><ele>25.799999237060547</ele><time>2026-06-03T00:06:58Z</time></trkpt><trkpt lat="37.49224853515625" lon="126.91756439208984"><ele>25.799999237060547</ele><time>2026-06-03T00:06:59Z</time></trkpt><trkpt lat="37.49225997924805" lon="126.9175796508789"><ele>25.799999237060547</ele><time>2026-06-03T00:07:00Z</time></trkpt><trkpt lat="37.492271423339844" lon="126.9176025390625"><ele>25.799999237060547</ele><time>2026-06-03T00:07:01Z</time></trkpt><trkpt lat="37.49228286743164" lon="126.91761779785156"><ele>25.799999237060547</ele><time>2026-06-03T00:07:02Z</time></trkpt><trkpt lat="37.49229431152344" lon="126.91763305664062"><ele>25.799999237060547</ele><time>2026-06-03T00:07:03Z</time></trkpt><trkpt lat="37.492305755615234" lon="126.91764831542969"><ele>25.799999237060547</ele><time>2026-06-03T00:07:04Z</time></trkpt><trkpt lat="37.49231719970703" lon="126.91767120361328"><ele>25.799999237060547</ele><time>2026-06-03T00:07:05Z</time></trkpt><trkpt lat="37.49232864379883" lon="126.91768646240234"><ele>25.799999237060547</ele><time>2026-06-03T00:07:06Z</time></trkpt><trkpt lat="37.49233627319336" lon="126.91770935058594"><ele>25.799999237060547</ele><time>2026-06-03T00:07:07Z</time></trkpt><trkpt lat="37.49233627319336" lon="126.91773223876953"><ele>25.799999237060547</ele><time>2026-06-03T00:07:08Z</time></trkpt><trkpt lat="37.49233627319336" lon="126.91775512695312"><ele>25.799999237060547</ele><time>2026-06-03T00:07:09Z</time></trkpt><trkpt lat="37.492332458496094" lon="126.91777801513672"><ele>25.799999237060547</ele><time>2026-06-03T00:07:10Z</time></trkpt><trkpt lat="37.49232864379883" lon="126.91780090332031"><ele>25.799999237060547</ele><time>2026-06-03T00:07:11Z</time></trkpt><trkpt lat="37.49232864379883" lon="126.9178237915039"><ele>25.600000381469727</ele><time>2026-06-03T00:07:12Z</time></trkpt><trkpt lat="37.49233627319336" lon="126.9178466796875"><ele>25.600000381469727</ele><time>2026-06-03T00:07:13Z</time></trkpt><trkpt lat="37.49234390258789" lon="126.91786193847656"><ele>25.600000381469727</ele><time>2026-06-03T00:07:14Z</time></trkpt><trkpt lat="37.49235534667969" lon="126.91787719726562"><ele>25.600000381469727</ele><time>2026-06-03T00:07:15Z</time></trkpt><trkpt lat="37.49237060546875" lon="126.91790008544922"><ele>25.600000381469727</ele><time>2026-06-03T00:07:16Z</time></trkpt><trkpt lat="37.49238586425781" lon="126.91790771484375"><ele>25.600000381469727</ele><time>2026-06-03T00:07:17Z</time></trkpt><trkpt lat="37.492401123046875" lon="126.91792297363281"><ele>25.600000381469727</ele><time>2026-06-03T00:07:18Z</time></trkpt><trkpt lat="37.4924201965332" lon="126.91793823242188"><ele>25.600000381469727</ele><time>2026-06-03T00:07:19Z</time></trkpt><trkpt lat="37.492431640625" lon="126.9179458618164"><ele>25.600000381469727</ele><time>2026-06-03T00:07:20Z</time></trkpt><trkpt lat="37.49244689941406" lon="126.91796112060547"><ele>25.600000381469727</ele><time>2026-06-03T00:07:21Z</time></trkpt><trkpt lat="37.492462158203125" lon="126.91797637939453"><ele>25.600000381469727</ele><time>2026-06-03T00:07:22Z</time></trkpt><trkpt lat="37.49247741699219" lon="126.9179916381836"><ele>25.600000381469727</ele><time>2026-06-03T00:07:23Z</time></trkpt><trkpt lat="37.49250030517578" lon="126.91800689697266"><ele>25.600000381469727</ele><time>2026-06-03T00:07:24Z</time></trkpt><trkpt lat="37.492515563964844" lon="126.91802215576172"><ele>25.600000381469727</ele><time>2026-06-03T00:07:25Z</time></trkpt><trkpt lat="37.49253845214844" lon="126.91803741455078"><ele>25.600000381469727</ele><time>2026-06-03T00:07:26Z</time></trkpt><trkpt lat="37.492557525634766" lon="126.91805267333984"><ele>25.600000381469727</ele><time>2026-06-03T00:07:27Z</time></trkpt><trkpt lat="37.492576599121094" lon="126.91806030273438"><ele>25.600000381469727</ele><time>2026-06-03T00:07:28Z</time></trkpt><trkpt lat="37.49259567260742" lon="126.91807556152344"><ele>25.600000381469727</ele><time>2026-06-03T00:07:29Z</time></trkpt><trkpt lat="37.49261474609375" lon="126.9180908203125"><ele>25.600000381469727</ele><time>2026-06-03T00:07:30Z</time></trkpt><trkpt lat="37.49262619018555" lon="126.91809844970703"><ele>25.600000381469727</ele><time>2026-06-03T00:07:31Z</time></trkpt><trkpt lat="37.49264907836914" lon="126.91812133789062"><ele>25.600000381469727</ele><time>2026-06-03T00:07:32Z</time></trkpt><trkpt lat="37.49266052246094" lon="126.91812896728516"><ele>25.600000381469727</ele><time>2026-06-03T00:07:33Z</time></trkpt><trkpt lat="37.49267578125" lon="126.91814422607422"><ele>25.600000381469727</ele><time>2026-06-03T00:07:34Z</time></trkpt><trkpt lat="37.49269104003906" lon="126.91815185546875"><ele>25.600000381469727</ele><time>2026-06-03T00:07:35Z</time></trkpt><trkpt lat="37.492706298828125" lon="126.91815948486328"><ele>25.600000381469727</ele><time>2026-06-03T00:07:36Z</time></trkpt><trkpt lat="37.49272155761719" lon="126.91817474365234"><ele>25.600000381469727</ele><time>2026-06-03T00:07:37Z</time></trkpt><trkpt lat="37.49273681640625" lon="126.9181900024414"><ele>25.600000381469727</ele><time>2026-06-03T00:07:38Z</time></trkpt><trkpt lat="37.49275588989258" lon="126.91820526123047"><ele>25.600000381469727</ele><time>2026-06-03T00:07:39Z</time></trkpt><trkpt lat="37.49277114868164" lon="126.91822052001953"><ele>25.600000381469727</ele><time>2026-06-03T00:07:40Z</time></trkpt><trkpt lat="37.4927864074707" lon="126.9182357788086"><ele>25.600000381469727</ele><time>2026-06-03T00:07:41Z</time></trkpt><trkpt lat="37.492801666259766" lon="126.91825103759766"><ele>25.600000381469727</ele><time>2026-06-03T00:07:42Z</time></trkpt><trkpt lat="37.49281692504883" lon="126.91826629638672"><ele>25.600000381469727</ele><time>2026-06-03T00:07:43Z</time></trkpt><trkpt lat="37.492835998535156" lon="126.91828155517578"><ele>25.600000381469727</ele><time>2026-06-03T00:07:44Z</time></trkpt><trkpt lat="37.492855072021484" lon="126.91829681396484"><ele>25.600000381469727</ele><time>2026-06-03T00:07:45Z</time></trkpt><trkpt lat="37.49287033081055" lon="126.9183120727539"><ele>25.600000381469727</ele><time>2026-06-03T00:07:46Z</time></trkpt><trkpt lat="37.492889404296875" lon="126.91832733154297"><ele>25.600000381469727</ele><time>2026-06-03T00:07:47Z</time></trkpt><trkpt lat="37.49290466308594" lon="126.91835021972656"><ele>25.600000381469727</ele><time>2026-06-03T00:07:48Z</time></trkpt><trkpt lat="37.492923736572266" lon="126.91836547851562"><ele>25.600000381469727</ele><time>2026-06-03T00:07:49Z</time></trkpt><trkpt lat="37.49293899536133" lon="126.91838073730469"><ele>25.600000381469727</ele><time>2026-06-03T00:07:50Z</time></trkpt><trkpt lat="37.492958068847656" lon="126.91839599609375"><ele>25.600000381469727</ele><time>2026-06-03T00:07:51Z</time></trkpt><trkpt lat="37.492977142333984" lon="126.91841125488281"><ele>25.600000381469727</ele><time>2026-06-03T00:07:52Z</time></trkpt><trkpt lat="37.49299240112305" lon="126.91842651367188"><ele>25.600000381469727</ele><time>2026-06-03T00:07:53Z</time></trkpt><trkpt lat="37.49300765991211" lon="126.9184341430664"><ele>25.600000381469727</ele><time>2026-06-03T00:07:54Z</time></trkpt><trkpt lat="37.49302673339844" lon="126.91844940185547"><ele>25.600000381469727</ele><time>2026-06-03T00:07:55Z</time></trkpt><trkpt lat="37.4930419921875" lon="126.91846466064453"><ele>25.600000381469727</ele><time>2026-06-03T00:07:56Z</time></trkpt><trkpt lat="37.493064880371094" lon="126.91847229003906"><ele>25.600000381469727</ele><time>2026-06-03T00:07:57Z</time></trkpt><trkpt lat="37.49308395385742" lon="126.91848754882812"><ele>25.600000381469727</ele><time>2026-06-03T00:07:58Z</time></trkpt><trkpt lat="37.49310302734375" lon="126.91850280761719"><ele>25.600000381469727</ele><time>2026-06-03T00:07:59Z</time></trkpt><trkpt lat="37.49311828613281" lon="126.91851806640625"><ele>25.600000381469727</ele><time>2026-06-03T00:08:00Z</time></trkpt><trkpt lat="37.493133544921875" lon="126.91853332519531"><ele>25.600000381469727</ele><time>2026-06-03T00:08:01Z</time></trkpt><trkpt lat="37.49314880371094" lon="126.91854858398438"><ele>25.600000381469727</ele><time>2026-06-03T00:08:02Z</time></trkpt><trkpt lat="37.493167877197266" lon="126.91856384277344"><ele>25.600000381469727</ele><time>2026-06-03T00:08:03Z</time></trkpt><trkpt lat="37.49317932128906" lon="126.9185791015625"><ele>25.600000381469727</ele><time>2026-06-03T00:08:04Z</time></trkpt><trkpt lat="37.493194580078125" lon="126.91858673095703"><ele>25.600000381469727</ele><time>2026-06-03T00:08:05Z</time></trkpt><trkpt lat="37.49321365356445" lon="126.91860961914062"><ele>25.600000381469727</ele><time>2026-06-03T00:08:06Z</time></trkpt><trkpt lat="37.493228912353516" lon="126.91861724853516"><ele>25.600000381469727</ele><time>2026-06-03T00:08:07Z</time></trkpt><trkpt lat="37.49324417114258" lon="126.91863250732422"><ele>25.600000381469727</ele><time>2026-06-03T00:08:08Z</time></trkpt><trkpt lat="37.49325942993164" lon="126.91864013671875"><ele>25.600000381469727</ele><time>2026-06-03T00:08:09Z</time></trkpt><trkpt lat="37.4932746887207" lon="126.91864776611328"><ele>25.600000381469727</ele><time>2026-06-03T00:08:10Z</time></trkpt><trkpt lat="37.493289947509766" lon="126.91867065429688"><ele>25.600000381469727</ele><time>2026-06-03T00:08:11Z</time></trkpt><trkpt lat="37.49330520629883" lon="126.91868591308594"><ele>25.600000381469727</ele><time>2026-06-03T00:08:12Z</time></trkpt><trkpt lat="37.49332046508789" lon="126.91869354248047"><ele>25.600000381469727</ele><time>2026-06-03T00:08:13Z</time></trkpt><trkpt lat="37.49333572387695" lon="126.91871643066406"><ele>25.600000381469727</ele><time>2026-06-03T00:08:14Z</time></trkpt><trkpt lat="37.49334716796875" lon="126.91873168945312"><ele>25.799999237060547</ele><time>2026-06-03T00:08:15Z</time></trkpt><trkpt lat="37.49335861206055" lon="126.91875457763672"><ele>25.799999237060547</ele><time>2026-06-03T00:08:16Z</time></trkpt><trkpt lat="37.49336242675781" lon="126.91877746582031"><ele>25.799999237060547</ele><time>2026-06-03T00:08:17Z</time></trkpt><trkpt lat="37.493370056152344" lon="126.9188003540039"><ele>25.799999237060547</ele><time>2026-06-03T00:08:18Z</time></trkpt><trkpt lat="37.493370056152344" lon="126.91883087158203"><ele>26.0</ele><time>2026-06-03T00:08:19Z</time></trkpt><trkpt lat="37.493370056152344" lon="126.91886138916016"><ele>26.200000762939453</ele><time>2026-06-03T00:08:20Z</time></trkpt><trkpt lat="37.493370056152344" lon="126.91888427734375"><ele>26.399999618530273</ele><time>2026-06-03T00:08:21Z</time></trkpt><trkpt lat="37.49336624145508" lon="126.91890716552734"><ele>26.399999618530273</ele><time>2026-06-03T00:08:22Z</time></trkpt><trkpt lat="37.49336624145508" lon="126.91893768310547"><ele>26.399999618530273</ele><time>2026-06-03T00:08:23Z</time></trkpt><trkpt lat="37.49336242675781" lon="126.91896057128906"><ele>26.200000762939453</ele><time>2026-06-03T00:08:24Z</time></trkpt><trkpt lat="37.49335861206055" lon="126.91898345947266"><ele>25.799999237060547</ele><time>2026-06-03T00:08:25Z</time></trkpt><trkpt lat="37.49335479736328" lon="126.91901397705078"><ele>25.600000381469727</ele><time>2026-06-03T00:08:26Z</time></trkpt><trkpt lat="37.49335479736328" lon="126.9190444946289"><ele>25.600000381469727</ele><time>2026-06-03T00:08:27Z</time></trkpt><trkpt lat="37.493350982666016" lon="126.91907501220703"><ele>25.600000381469727</ele><time>2026-06-03T00:08:28Z</time></trkpt><trkpt lat="37.49334716796875" lon="126.91909790039062"><ele>25.600000381469727</ele><time>2026-06-03T00:08:29Z</time></trkpt><trkpt lat="37.49334716796875" lon="126.91912841796875"><ele>25.600000381469727</ele><time>2026-06-03T00:08:30Z</time></trkpt><trkpt lat="37.49333953857422" lon="126.91915893554688"><ele>25.600000381469727</ele><time>2026-06-03T00:08:31Z</time></trkpt><trkpt lat="37.49333953857422" lon="126.91918182373047"><ele>25.600000381469727</ele><time>2026-06-03T00:08:32Z</time></trkpt><trkpt lat="37.49333572387695" lon="126.9192123413086"><ele>25.600000381469727</ele><time>2026-06-03T00:08:33Z</time></trkpt><trkpt lat="37.493324279785156" lon="126.91923522949219"><ele>25.600000381469727</ele><time>2026-06-03T00:08:34Z</time></trkpt><trkpt lat="37.49332046508789" lon="126.91926574707031"><ele>25.600000381469727</ele><time>2026-06-03T00:08:35Z</time></trkpt><trkpt lat="37.49330139160156" lon="126.91928100585938"><ele>25.600000381469727</ele><time>2026-06-03T00:08:36Z</time></trkpt><trkpt lat="37.493282318115234" lon="126.9192886352539"><ele>25.600000381469727</ele><time>2026-06-03T00:08:37Z</time></trkpt><trkpt lat="37.49326705932617" lon="126.91928100585938"><ele>25.399999618530273</ele><time>2026-06-03T00:08:38Z</time></trkpt><trkpt lat="37.49325180053711" lon="126.91926574707031"><ele>25.399999618530273</ele><time>2026-06-03T00:08:39Z</time></trkpt><trkpt lat="37.49324035644531" lon="126.91924285888672"><ele>25.399999618530273</ele><time>2026-06-03T00:08:40Z</time></trkpt><trkpt lat="37.49323272705078" lon="126.91921997070312"><ele>25.399999618530273</ele><time>2026-06-03T00:08:41Z</time></trkpt><trkpt lat="37.49322509765625" lon="126.91919708251953"><ele>25.200000762939453</ele><time>2026-06-03T00:08:42Z</time></trkpt><trkpt lat="37.493221282958984" lon="126.9191665649414"><ele>25.200000762939453</ele><time>2026-06-03T00:08:43Z</time></trkpt><trkpt lat="37.49321746826172" lon="126.91914367675781"><ele>25.200000762939453</ele><time>2026-06-03T00:08:44Z</time></trkpt><trkpt lat="37.49320983886719" lon="126.91912078857422"><ele>25.200000762939453</ele><time>2026-06-03T00:08:45Z</time></trkpt><trkpt lat="37.493202209472656" lon="126.91909790039062"><ele>25.200000762939453</ele><time>2026-06-03T00:08:46Z</time></trkpt><trkpt lat="37.493194580078125" lon="126.91908264160156"><ele>25.399999618530273</ele><time>2026-06-03T00:08:47Z</time></trkpt><trkpt lat="37.493186950683594" lon="126.91905975341797"><ele>25.600000381469727</ele><time>2026-06-03T00:08:48Z</time></trkpt><trkpt lat="37.4931755065918" lon="126.91903686523438"><ele>25.600000381469727</ele><time>2026-06-03T00:08:49Z</time></trkpt><trkpt lat="37.4931640625" lon="126.91902160644531"><ele>25.600000381469727</ele><time>2026-06-03T00:08:50Z</time></trkpt><trkpt lat="37.49314880371094" lon="126.91899871826172"><ele>25.600000381469727</ele><time>2026-06-03T00:08:51Z</time></trkpt><trkpt lat="37.49313735961914" lon="126.91898345947266"><ele>25.399999618530273</ele><time>2026-06-03T00:08:52Z</time></trkpt><trkpt lat="37.49312973022461" lon="126.91896057128906"><ele>25.399999618530273</ele><time>2026-06-03T00:08:53Z</time></trkpt><trkpt lat="37.49311828613281" lon="126.91893768310547"><ele>25.399999618530273</ele><time>2026-06-03T00:08:54Z</time></trkpt><trkpt lat="37.493106842041016" lon="126.9189224243164"><ele>25.399999618530273</ele><time>2026-06-03T00:08:55Z</time></trkpt><trkpt lat="37.49309158325195" lon="126.91890716552734"><ele>25.399999618530273</ele><time>2026-06-03T00:08:56Z</time></trkpt><trkpt lat="37.49307632446289" lon="126.91888427734375"><ele>25.399999618530273</ele><time>2026-06-03T00:08:57Z</time></trkpt><trkpt lat="37.493064880371094" lon="126.91886901855469"><ele>25.399999618530273</ele><time>2026-06-03T00:08:58Z</time></trkpt><trkpt lat="37.49304962158203" lon="126.9188461303711"><ele>25.200000762939453</ele><time>2026-06-03T00:08:59Z</time></trkpt><trkpt lat="37.49303436279297" lon="126.91883087158203"><ele>25.200000762939453</ele><time>2026-06-03T00:09:00Z</time></trkpt><trkpt lat="37.49302291870117" lon="126.9188232421875"><ele>25.200000762939453</ele><time>2026-06-03T00:09:01Z</time></trkpt><trkpt lat="37.49300765991211" lon="126.9188003540039"><ele>25.200000762939453</ele><time>2026-06-03T00:09:02Z</time></trkpt><trkpt lat="37.49299240112305" lon="126.91879272460938"><ele>25.200000762939453</ele><time>2026-06-03T00:09:03Z</time></trkpt><trkpt lat="37.49296951293945" lon="126.91877746582031"><ele>25.200000762939453</ele><time>2026-06-03T00:09:04Z</time></trkpt><trkpt lat="37.49295425415039" lon="126.91876220703125"><ele>25.200000762939453</ele><time>2026-06-03T00:09:05Z</time></trkpt><trkpt lat="37.4929313659668" lon="126.91874694824219"><ele>25.200000762939453</ele><time>2026-06-03T00:09:06Z</time></trkpt><trkpt lat="37.49291229248047" lon="126.91873931884766"><ele>25.200000762939453</ele><time>2026-06-03T00:09:07Z</time></trkpt><trkpt lat="37.49289321899414" lon="126.91873168945312"><ele>25.200000762939453</ele><time>2026-06-03T00:09:08Z</time></trkpt><trkpt lat="37.49287033081055" lon="126.9187240600586"><ele>25.200000762939453</ele><time>2026-06-03T00:09:09Z</time></trkpt><trkpt lat="37.492855072021484" lon="126.91871643066406"><ele>25.0</ele><time>2026-06-03T00:09:10Z</time></trkpt><trkpt lat="37.49283218383789" lon="126.91870880126953"><ele>25.0</ele><time>2026-06-03T00:09:11Z</time></trkpt><trkpt lat="37.49281692504883" lon="126.918701171875"><ele>25.0</ele><time>2026-06-03T00:09:12Z</time></trkpt><trkpt lat="37.492794036865234" lon="126.918701171875"><ele>25.0</ele><time>2026-06-03T00:09:13Z</time></trkpt><trkpt lat="37.49277114868164" lon="126.918701171875"><ele>25.0</ele><time>2026-06-03T00:09:14Z</time></trkpt><trkpt lat="37.49275207519531" lon="126.918701171875"><ele>25.0</ele><time>2026-06-03T00:09:15Z</time></trkpt><trkpt lat="37.49272537231445" lon="126.918701171875"><ele>25.0</ele><time>2026-06-03T00:09:16Z</time></trkpt><trkpt lat="37.492706298828125" lon="126.918701171875"><ele>25.0</ele><time>2026-06-03T00:09:17Z</time></trkpt><trkpt lat="37.492679595947266" lon="126.91869354248047"><ele>25.0</ele><time>2026-06-03T00:09:18Z</time></trkpt><trkpt lat="37.49266052246094" lon="126.918701171875"><ele>25.0</ele><time>2026-06-03T00:09:19Z</time></trkpt><trkpt lat="37.49263381958008" lon="126.91869354248047"><ele>25.0</ele><time>2026-06-03T00:09:20Z</time></trkpt><trkpt lat="37.49261474609375" lon="126.918701171875"><ele>24.799999237060547</ele><time>2026-06-03T00:09:21Z</time></trkpt><trkpt lat="37.49259567260742" lon="126.91870880126953"><ele>24.799999237060547</ele><time>2026-06-03T00:09:22Z</time></trkpt><trkpt lat="37.492576599121094" lon="126.91870880126953"><ele>24.799999237060547</ele><time>2026-06-03T00:09:23Z</time></trkpt><trkpt lat="37.492557525634766" lon="126.91871643066406"><ele>24.799999237060547</ele><time>2026-06-03T00:09:24Z</time></trkpt><trkpt lat="37.49253463745117" lon="126.91871643066406"><ele>24.799999237060547</ele><time>2026-06-03T00:09:25Z</time></trkpt><trkpt lat="37.49251174926758" lon="126.9187240600586"><ele>25.0</ele><time>2026-06-03T00:09:26Z</time></trkpt><trkpt lat="37.492488861083984" lon="126.91873931884766"><ele>25.0</ele><time>2026-06-03T00:09:27Z</time></trkpt><trkpt lat="37.492469787597656" lon="126.91874694824219"><ele>25.0</ele><time>2026-06-03T00:09:28Z</time></trkpt><trkpt lat="37.492454528808594" lon="126.91876220703125"><ele>25.0</ele><time>2026-06-03T00:09:29Z</time></trkpt><trkpt lat="37.492431640625" lon="126.91877746582031"><ele>25.0</ele><time>2026-06-03T00:09:30Z</time></trkpt><trkpt lat="37.49241638183594" lon="126.91879272460938"><ele>25.0</ele><time>2026-06-03T00:09:31Z</time></trkpt><trkpt lat="37.492393493652344" lon="126.91880798339844"><ele>24.799999237060547</ele><time>2026-06-03T00:09:32Z</time></trkpt><trkpt lat="37.49238204956055" lon="126.91883087158203"><ele>24.799999237060547</ele><time>2026-06-03T00:09:33Z</time></trkpt><trkpt lat="37.49236297607422" lon="126.9188461303711"><ele>24.799999237060547</ele><time>2026-06-03T00:09:34Z</time></trkpt><trkpt lat="37.492347717285156" lon="126.91886901855469"><ele>24.799999237060547</ele><time>2026-06-03T00:09:35Z</time></trkpt><trkpt lat="37.49232864379883" lon="126.91889190673828"><ele>24.799999237060547</ele><time>2026-06-03T00:09:36Z</time></trkpt><trkpt lat="37.49231719970703" lon="126.91890716552734"><ele>24.799999237060547</ele><time>2026-06-03T00:09:37Z</time></trkpt><trkpt lat="37.49230194091797" lon="126.91893768310547"><ele>24.799999237060547</ele><time>2026-06-03T00:09:38Z</time></trkpt><trkpt lat="37.49229049682617" lon="126.91896057128906"><ele>24.799999237060547</ele><time>2026-06-03T00:09:39Z</time></trkpt><trkpt lat="37.49227523803711" lon="126.91898345947266"><ele>24.600000381469727</ele><time>2026-06-03T00:09:40Z</time></trkpt><trkpt lat="37.49226379394531" lon="126.91900634765625"><ele>24.799999237060547</ele><time>2026-06-03T00:09:41Z</time></trkpt><trkpt lat="37.492252349853516" lon="126.91903686523438"><ele>24.799999237060547</ele><time>2026-06-03T00:09:42Z</time></trkpt><trkpt lat="37.49224090576172" lon="126.91905975341797"><ele>24.799999237060547</ele><time>2026-06-03T00:09:43Z</time></trkpt><trkpt lat="37.49223327636719" lon="126.9190902709961"><ele>24.799999237060547</ele><time>2026-06-03T00:09:44Z</time></trkpt><trkpt lat="37.49222183227539" lon="126.91911315917969"><ele>24.600000381469727</ele><time>2026-06-03T00:09:45Z</time></trkpt><trkpt lat="37.49221420288086" lon="126.91914367675781"><ele>24.600000381469727</ele><time>2026-06-03T00:09:46Z</time></trkpt><trkpt lat="37.49220657348633" lon="126.91917419433594"><ele>24.600000381469727</ele><time>2026-06-03T00:09:47Z</time></trkpt><trkpt lat="37.4921989440918" lon="126.91919708251953"><ele>24.600000381469727</ele><time>2026-06-03T00:09:48Z</time></trkpt><trkpt lat="37.492191314697266" lon="126.91923522949219"><ele>24.600000381469727</ele><time>2026-06-03T00:09:49Z</time></trkpt><trkpt lat="37.4921875" lon="126.91925811767578"><ele>24.600000381469727</ele><time>2026-06-03T00:09:50Z</time></trkpt><trkpt lat="37.492183685302734" lon="126.9192886352539"><ele>24.600000381469727</ele><time>2026-06-03T00:09:51Z</time></trkpt><trkpt lat="37.4921760559082" lon="126.9193115234375"><ele>24.600000381469727</ele><time>2026-06-03T00:09:52Z</time></trkpt><trkpt lat="37.4921760559082" lon="126.91934204101562"><ele>24.600000381469727</ele><time>2026-06-03T00:09:53Z</time></trkpt><trkpt lat="37.49217224121094" lon="126.91937255859375"><ele>24.600000381469727</ele><time>2026-06-03T00:09:54Z</time></trkpt><trkpt lat="37.49216842651367" lon="126.91939544677734"><ele>24.600000381469727</ele><time>2026-06-03T00:09:55Z</time></trkpt><trkpt lat="37.49216079711914" lon="126.91943359375"><ele>24.600000381469727</ele><time>2026-06-03T00:09:56Z</time></trkpt><trkpt lat="37.492156982421875" lon="126.9194564819336"><ele>24.600000381469727</ele><time>2026-06-03T00:09:57Z</time></trkpt><trkpt lat="37.49214553833008" lon="126.91948699951172"><ele>24.399999618530273</ele><time>2026-06-03T00:09:58Z</time></trkpt><trkpt lat="37.49214172363281" lon="126.91950988769531"><ele>24.600000381469727</ele><time>2026-06-03T00:09:59Z</time></trkpt><trkpt lat="37.49213790893555" lon="126.9195327758789"><ele>24.600000381469727</ele><time>2026-06-03T00:10:00Z</time></trkpt><trkpt lat="37.49213409423828" lon="126.91957092285156"><ele>24.600000381469727</ele><time>2026-06-03T00:10:01Z</time></trkpt><trkpt lat="37.492130279541016" lon="126.91959381103516"><ele>24.600000381469727</ele><time>2026-06-03T00:10:02Z</time></trkpt><trkpt lat="37.492122650146484" lon="126.91963195800781"><ele>24.600000381469727</ele><time>2026-06-03T00:10:03Z</time></trkpt><trkpt lat="37.492122650146484" lon="126.9196548461914"><ele>24.399999618530273</ele><time>2026-06-03T00:10:04Z</time></trkpt><trkpt lat="37.49211502075195" lon="126.91969299316406"><ele>24.399999618530273</ele><time>2026-06-03T00:10:05Z</time></trkpt><trkpt lat="37.49211120605469" lon="126.91971588134766"><ele>24.399999618530273</ele><time>2026-06-03T00:10:06Z</time></trkpt><trkpt lat="37.492103576660156" lon="126.91975402832031"><ele>24.399999618530273</ele><time>2026-06-03T00:10:07Z</time></trkpt><trkpt lat="37.49209976196289" lon="126.9197769165039"><ele>24.399999618530273</ele><time>2026-06-03T00:10:08Z</time></trkpt><trkpt lat="37.49209976196289" lon="126.91980743408203"><ele>24.399999618530273</ele><time>2026-06-03T00:10:09Z</time></trkpt><trkpt lat="37.492088317871094" lon="126.91983795166016"><ele>24.399999618530273</ele><time>2026-06-03T00:10:10Z</time></trkpt><trkpt lat="37.492088317871094" lon="126.91986083984375"><ele>24.399999618530273</ele><time>2026-06-03T00:10:11Z</time></trkpt><trkpt lat="37.49208450317383" lon="126.91988372802734"><ele>24.600000381469727</ele><time>2026-06-03T00:10:12Z</time></trkpt><trkpt lat="37.49208068847656" lon="126.9198989868164"><ele>24.600000381469727</ele><time>2026-06-03T00:10:13Z</time></trkpt><trkpt lat="37.49208068847656" lon="126.9198989868164"><ele>24.600000381469727</ele><time>2026-06-03T00:10:14Z</time></trkpt><trkpt lat="37.49208068847656" lon="126.91989135742188"><ele>24.600000381469727</ele><time>2026-06-03T00:10:15Z</time></trkpt><trkpt lat="37.49208068847656" lon="126.91989135742188"><ele>24.600000381469727</ele><time>2026-06-03T00:10:16Z</time></trkpt><trkpt lat="37.49208068847656" lon="126.91989135742188"><ele>24.600000381469727</ele><time>2026-06-03T00:10:17Z</time></trkpt><trkpt lat="37.49208068847656" lon="126.91989135742188"><ele>24.600000381469727</ele><time>2026-06-03T00:10:18Z</time></trkpt><trkpt lat="37.49208068847656" lon="126.9198989868164"><ele>24.600000381469727</ele><time>2026-06-03T00:10:19Z</time></trkpt><trkpt lat="37.49208068847656" lon="126.91991424560547"><ele>24.399999618530273</ele><time>2026-06-03T00:10:20Z</time></trkpt><trkpt lat="37.49208450317383" lon="126.91993713378906"><ele>24.399999618530273</ele><time>2026-06-03T00:10:21Z</time></trkpt><trkpt lat="37.49208068847656" lon="126.91995239257812"><ele>24.399999618530273</ele><time>2026-06-03T00:10:22Z</time></trkpt><trkpt lat="37.49208068847656" lon="126.91997528076172"><ele>24.200000762939453</ele><time>2026-06-03T00:10:23Z</time></trkpt><trkpt lat="37.49208068847656" lon="126.91999816894531"><ele>24.200000762939453</ele><time>2026-06-03T00:10:24Z</time></trkpt><trkpt lat="37.492069244384766" lon="126.92002868652344"><ele>24.200000762939453</ele><time>2026-06-03T00:10:25Z</time></trkpt><trkpt lat="37.4920654296875" lon="126.92005157470703"><ele>24.200000762939453</ele><time>2026-06-03T00:10:26Z</time></trkpt><trkpt lat="37.4920539855957" lon="126.92008972167969"><ele>24.200000762939453</ele><time>2026-06-03T00:10:27Z</time></trkpt><trkpt lat="37.49205017089844" lon="126.92012023925781"><ele>24.200000762939453</ele><time>2026-06-03T00:10:28Z</time></trkpt><trkpt lat="37.492042541503906" lon="126.92015075683594"><ele>24.200000762939453</ele><time>2026-06-03T00:10:29Z</time></trkpt><trkpt lat="37.492042541503906" lon="126.92017364501953"><ele>24.200000762939453</ele><time>2026-06-03T00:10:30Z</time></trkpt><trkpt lat="37.492042541503906" lon="126.92020416259766"><ele>24.200000762939453</ele><time>2026-06-03T00:10:31Z</time></trkpt><trkpt lat="37.49203872680664" lon="126.92023468017578"><ele>24.200000762939453</ele><time>2026-06-03T00:10:32Z</time></trkpt><trkpt lat="37.49203872680664" lon="126.9202651977539"><ele>24.200000762939453</ele><time>2026-06-03T00:10:33Z</time></trkpt><trkpt lat="37.49203109741211" lon="126.92029571533203"><ele>24.200000762939453</ele><time>2026-06-03T00:10:34Z</time></trkpt><trkpt lat="37.49203109741211" lon="126.92032623291016"><ele>24.200000762939453</ele><time>2026-06-03T00:10:35Z</time></trkpt><trkpt lat="37.49203109741211" lon="126.92035675048828"><ele>24.200000762939453</ele><time>2026-06-03T00:10:36Z</time></trkpt><trkpt lat="37.49203109741211" lon="126.9203872680664"><ele>24.0</ele><time>2026-06-03T00:10:37Z</time></trkpt><trkpt lat="37.49201965332031" lon="126.92041778564453"><ele>24.0</ele><time>2026-06-03T00:10:38Z</time></trkpt><trkpt lat="37.49201583862305" lon="126.92044830322266"><ele>24.0</ele><time>2026-06-03T00:10:39Z</time></trkpt><trkpt lat="37.49201202392578" lon="126.92047119140625"><ele>24.0</ele><time>2026-06-03T00:10:40Z</time></trkpt><trkpt lat="37.49200439453125" lon="126.9205093383789"><ele>24.0</ele><time>2026-06-03T00:10:41Z</time></trkpt><trkpt lat="37.49200439453125" lon="126.9205322265625"><ele>24.0</ele><time>2026-06-03T00:10:42Z</time></trkpt><trkpt lat="37.49199676513672" lon="126.92056274414062"><ele>24.0</ele><time>2026-06-03T00:10:43Z</time></trkpt><trkpt lat="37.49199295043945" lon="126.92059326171875"><ele>24.0</ele><time>2026-06-03T00:10:44Z</time></trkpt><trkpt lat="37.49198913574219" lon="126.92062377929688"><ele>23.799999237060547</ele><time>2026-06-03T00:10:45Z</time></trkpt><trkpt lat="37.491981506347656" lon="126.92064666748047"><ele>24.0</ele><time>2026-06-03T00:10:46Z</time></trkpt><trkpt lat="37.491981506347656" lon="126.9206771850586"><ele>23.799999237060547</ele><time>2026-06-03T00:10:47Z</time></trkpt><trkpt lat="37.491981506347656" lon="126.92070770263672"><ele>23.799999237060547</ele><time>2026-06-03T00:10:48Z</time></trkpt><trkpt lat="37.491981506347656" lon="126.92073822021484"><ele>23.799999237060547</ele><time>2026-06-03T00:10:49Z</time></trkpt><trkpt lat="37.49198532104492" lon="126.92076873779297"><ele>23.799999237060547</ele><time>2026-06-03T00:10:50Z</time></trkpt><trkpt lat="37.49198913574219" lon="126.92080688476562"><ele>23.799999237060547</ele><time>2026-06-03T00:10:51Z</time></trkpt><trkpt lat="37.49199676513672" lon="126.92082977294922"><ele>23.799999237060547</ele><time>2026-06-03T00:10:52Z</time></trkpt><trkpt lat="37.49200439453125" lon="126.92086029052734"><ele>23.799999237060547</ele><time>2026-06-03T00:10:53Z</time></trkpt><trkpt lat="37.49201202392578" lon="126.92089080810547"><ele>23.799999237060547</ele><time>2026-06-03T00:10:54Z</time></trkpt><trkpt lat="37.49201583862305" lon="126.9209213256836"><ele>23.799999237060547</ele><time>2026-06-03T00:10:55Z</time></trkpt><trkpt lat="37.49202346801758" lon="126.92095184326172"><ele>23.799999237060547</ele><time>2026-06-03T00:10:56Z</time></trkpt><trkpt lat="37.492034912109375" lon="126.92098236083984"><ele>23.799999237060547</ele><time>2026-06-03T00:10:57Z</time></trkpt><trkpt lat="37.492042541503906" lon="126.92100524902344"><ele>23.799999237060547</ele><time>2026-06-03T00:10:58Z</time></trkpt><trkpt lat="37.4920539855957" lon="126.92103576660156"><ele>23.799999237060547</ele><time>2026-06-03T00:10:59Z</time></trkpt><trkpt lat="37.4920654296875" lon="126.92105865478516"><ele>23.799999237060547</ele><time>2026-06-03T00:11:00Z</time></trkpt><trkpt lat="37.4920768737793" lon="126.92108917236328"><ele>23.799999237060547</ele><time>2026-06-03T00:11:01Z</time></trkpt><trkpt lat="37.49208450317383" lon="126.92111206054688"><ele>23.799999237060547</ele><time>2026-06-03T00:11:02Z</time></trkpt><trkpt lat="37.492103576660156" lon="126.921142578125"><ele>23.799999237060547</ele><time>2026-06-03T00:11:03Z</time></trkpt><trkpt lat="37.49211883544922" lon="126.92115020751953"><ele>23.799999237060547</ele><time>2026-06-03T00:11:04Z</time></trkpt><trkpt lat="37.49213409423828" lon="126.92118072509766"><ele>23.799999237060547</ele><time>2026-06-03T00:11:05Z</time></trkpt><trkpt lat="37.492149353027344" lon="126.92118835449219"><ele>23.799999237060547</ele><time>2026-06-03T00:11:06Z</time></trkpt><trkpt lat="37.492164611816406" lon="126.92120361328125"><ele>23.799999237060547</ele><time>2026-06-03T00:11:07Z</time></trkpt><trkpt lat="37.492191314697266" lon="126.92121887207031"><ele>23.799999237060547</ele><time>2026-06-03T00:11:08Z</time></trkpt><trkpt lat="37.49221420288086" lon="126.92123413085938"><ele>23.799999237060547</ele><time>2026-06-03T00:11:09Z</time></trkpt><trkpt lat="37.49223709106445" lon="126.92124938964844"><ele>23.799999237060547</ele><time>2026-06-03T00:11:10Z</time></trkpt><trkpt lat="37.49225997924805" lon="126.9212646484375"><ele>23.600000381469727</ele><time>2026-06-03T00:11:11Z</time></trkpt><trkpt lat="37.49227523803711" lon="126.92127990722656"><ele>23.799999237060547</ele><time>2026-06-03T00:11:12Z</time></trkpt><trkpt lat="37.49230194091797" lon="126.92130279541016"><ele>23.799999237060547</ele><time>2026-06-03T00:11:13Z</time></trkpt><trkpt lat="37.4923210144043" lon="126.92131042480469"><ele>23.799999237060547</ele><time>2026-06-03T00:11:14Z</time></trkpt><trkpt lat="37.49234390258789" lon="126.92132568359375"><ele>23.799999237060547</ele><time>2026-06-03T00:11:15Z</time></trkpt><trkpt lat="37.49236297607422" lon="126.92132568359375"><ele>23.799999237060547</ele><time>2026-06-03T00:11:16Z</time></trkpt><trkpt lat="37.49238967895508" lon="126.92133331298828"><ele>23.799999237060547</ele><time>2026-06-03T00:11:17Z</time></trkpt><trkpt lat="37.492408752441406" lon="126.92134094238281"><ele>23.799999237060547</ele><time>2026-06-03T00:11:18Z</time></trkpt><trkpt lat="37.492435455322266" lon="126.92134094238281"><ele>23.799999237060547</ele><time>2026-06-03T00:11:19Z</time></trkpt><trkpt lat="37.49245834350586" lon="126.92134094238281"><ele>23.799999237060547</ele><time>2026-06-03T00:11:20Z</time></trkpt><trkpt lat="37.49248504638672" lon="126.92134857177734"><ele>24.0</ele><time>2026-06-03T00:11:21Z</time></trkpt><trkpt lat="37.49250411987305" lon="126.92134857177734"><ele>24.0</ele><time>2026-06-03T00:11:22Z</time></trkpt><trkpt lat="37.492530822753906" lon="126.92134857177734"><ele>24.0</ele><time>2026-06-03T00:11:23Z</time></trkpt><trkpt lat="37.492549896240234" lon="126.92134094238281"><ele>24.0</ele><time>2026-06-03T00:11:24Z</time></trkpt><trkpt lat="37.49256896972656" lon="126.92134094238281"><ele>24.0</ele><time>2026-06-03T00:11:25Z</time></trkpt><trkpt lat="37.49258804321289" lon="126.92133331298828"><ele>24.0</ele><time>2026-06-03T00:11:26Z</time></trkpt><trkpt lat="37.492610931396484" lon="126.92132568359375"><ele>24.0</ele><time>2026-06-03T00:11:27Z</time></trkpt><trkpt lat="37.49263000488281" lon="126.92131805419922"><ele>24.0</ele><time>2026-06-03T00:11:28Z</time></trkpt><trkpt lat="37.492652893066406" lon="126.92131042480469"><ele>24.200000762939453</ele><time>2026-06-03T00:11:29Z</time></trkpt><trkpt lat="37.492671966552734" lon="126.92129516601562"><ele>24.0</ele><time>2026-06-03T00:11:30Z</time></trkpt><trkpt lat="37.49269104003906" lon="126.9212875366211"><ele>24.0</ele><time>2026-06-03T00:11:31Z</time></trkpt><trkpt lat="37.49271011352539" lon="126.92127227783203"><ele>24.0</ele><time>2026-06-03T00:11:32Z</time></trkpt><trkpt lat="37.49272918701172" lon="126.9212646484375"><ele>24.0</ele><time>2026-06-03T00:11:33Z</time></trkpt><trkpt lat="37.49275588989258" lon="126.92124938964844"><ele>24.0</ele><time>2026-06-03T00:11:34Z</time></trkpt><trkpt lat="37.492774963378906" lon="126.92123413085938"><ele>24.0</ele><time>2026-06-03T00:11:35Z</time></trkpt><trkpt lat="37.4927978515625" lon="126.92121887207031"><ele>24.0</ele><time>2026-06-03T00:11:36Z</time></trkpt><trkpt lat="37.492820739746094" lon="126.92120361328125"><ele>24.200000762939453</ele><time>2026-06-03T00:11:37Z</time></trkpt><trkpt lat="37.49283981323242" lon="126.92118835449219"><ele>24.200000762939453</ele><time>2026-06-03T00:11:38Z</time></trkpt><trkpt lat="37.49285888671875" lon="126.92117309570312"><ele>24.200000762939453</ele><time>2026-06-03T00:11:39Z</time></trkpt><trkpt lat="37.49287796020508" lon="126.92115020751953"><ele>24.200000762939453</ele><time>2026-06-03T00:11:40Z</time></trkpt><trkpt lat="37.492897033691406" lon="126.92112731933594"><ele>24.200000762939453</ele><time>2026-06-03T00:11:41Z</time></trkpt><trkpt lat="37.492916107177734" lon="126.92109680175781"><ele>24.200000762939453</ele><time>2026-06-03T00:11:42Z</time></trkpt><trkpt lat="37.49292755126953" lon="126.92108154296875"><ele>24.200000762939453</ele><time>2026-06-03T00:11:43Z</time></trkpt><trkpt lat="37.49294662475586" lon="126.92105102539062"><ele>24.200000762939453</ele><time>2026-06-03T00:11:44Z</time></trkpt><trkpt lat="37.49295425415039" lon="126.92102813720703"><ele>24.200000762939453</ele><time>2026-06-03T00:11:45Z</time></trkpt><trkpt lat="37.49296951293945" lon="126.92100524902344"><ele>24.0</ele><time>2026-06-03T00:11:46Z</time></trkpt><trkpt lat="37.49298095703125" lon="126.92098236083984"><ele>24.0</ele><time>2026-06-03T00:11:47Z</time></trkpt><trkpt lat="37.49299240112305" lon="126.92095184326172"><ele>24.0</ele><time>2026-06-03T00:11:48Z</time></trkpt><trkpt lat="37.49300003051758" lon="126.92092895507812"><ele>24.0</ele><time>2026-06-03T00:11:49Z</time></trkpt><trkpt lat="37.49300765991211" lon="126.92090606689453"><ele>24.0</ele><time>2026-06-03T00:11:50Z</time></trkpt><trkpt lat="37.49301528930664" lon="126.9208755493164"><ele>24.0</ele><time>2026-06-03T00:11:51Z</time></trkpt><trkpt lat="37.493019104003906" lon="126.92085266113281"><ele>24.0</ele><time>2026-06-03T00:11:52Z</time></trkpt><trkpt lat="37.49302673339844" lon="126.92082214355469"><ele>24.0</ele><time>2026-06-03T00:11:53Z</time></trkpt><trkpt lat="37.49303436279297" lon="126.9207992553711"><ele>24.0</ele><time>2026-06-03T00:11:54Z</time></trkpt><trkpt lat="37.493038177490234" lon="126.92076873779297"><ele>24.0</ele><time>2026-06-03T00:11:55Z</time></trkpt><trkpt lat="37.493038177490234" lon="126.92074584960938"><ele>24.200000762939453</ele><time>2026-06-03T00:11:56Z</time></trkpt><trkpt lat="37.493045806884766" lon="126.92071533203125"><ele>24.0</ele><time>2026-06-03T00:11:57Z</time></trkpt><trkpt lat="37.493045806884766" lon="126.92069244384766"><ele>24.0</ele><time>2026-06-03T00:11:58Z</time></trkpt><trkpt lat="37.4930534362793" lon="126.920654296875"><ele>23.799999237060547</ele><time>2026-06-03T00:11:59Z</time></trkpt><trkpt lat="37.4930534362793" lon="126.92063903808594"><ele>23.799999237060547</ele><time>2026-06-03T00:12:00Z</time></trkpt><trkpt lat="37.49306106567383" lon="126.92060089111328"><ele>23.799999237060547</ele><time>2026-06-03T00:12:01Z</time></trkpt><trkpt lat="37.493064880371094" lon="126.92057800292969"><ele>23.799999237060547</ele><time>2026-06-03T00:12:02Z</time></trkpt><trkpt lat="37.493064880371094" lon="126.92054748535156"><ele>23.799999237060547</ele><time>2026-06-03T00:12:03Z</time></trkpt><trkpt lat="37.49306869506836" lon="126.92052459716797"><ele>23.799999237060547</ele><time>2026-06-03T00:12:04Z</time></trkpt><trkpt lat="37.493072509765625" lon="126.92049407958984"><ele>23.799999237060547</ele><time>2026-06-03T00:12:05Z</time></trkpt><trkpt lat="37.493080139160156" lon="126.92046356201172"><ele>23.799999237060547</ele><time>2026-06-03T00:12:06Z</time></trkpt><trkpt lat="37.49308395385742" lon="126.92044067382812"><ele>23.799999237060547</ele><time>2026-06-03T00:12:07Z</time></trkpt><trkpt lat="37.49308776855469" lon="126.92041015625"><ele>23.799999237060547</ele><time>2026-06-03T00:12:08Z</time></trkpt><trkpt lat="37.49309158325195" lon="126.9203872680664"><ele>23.799999237060547</ele><time>2026-06-03T00:12:09Z</time></trkpt><trkpt lat="37.493099212646484" lon="126.92034912109375"><ele>23.799999237060547</ele><time>2026-06-03T00:12:10Z</time></trkpt><trkpt lat="37.493099212646484" lon="126.92032623291016"><ele>23.799999237060547</ele><time>2026-06-03T00:12:11Z</time></trkpt><trkpt lat="37.493106842041016" lon="126.92030334472656"><ele>23.799999237060547</ele><time>2026-06-03T00:12:12Z</time></trkpt><trkpt lat="37.493106842041016" lon="126.92027282714844"><ele>23.799999237060547</ele><time>2026-06-03T00:12:13Z</time></trkpt><trkpt lat="37.49311447143555" lon="126.92024230957031"><ele>23.799999237060547</ele><time>2026-06-03T00:12:14Z</time></trkpt><trkpt lat="37.49311828613281" lon="126.92021942138672"><ele>23.799999237060547</ele><time>2026-06-03T00:12:15Z</time></trkpt><trkpt lat="37.493125915527344" lon="126.9201889038086"><ele>23.799999237060547</ele><time>2026-06-03T00:12:16Z</time></trkpt><trkpt lat="37.493125915527344" lon="126.92015838623047"><ele>23.799999237060547</ele><time>2026-06-03T00:12:17Z</time></trkpt><trkpt lat="37.493133544921875" lon="126.92012023925781"><ele>23.799999237060547</ele><time>2026-06-03T00:12:18Z</time></trkpt><trkpt lat="37.49313735961914" lon="126.92009735107422"><ele>23.799999237060547</ele><time>2026-06-03T00:12:19Z</time></trkpt><trkpt lat="37.49314498901367" lon="126.92005920410156"><ele>23.799999237060547</ele><time>2026-06-03T00:12:20Z</time></trkpt><trkpt lat="37.49314498901367" lon="126.92003631591797"><ele>23.799999237060547</ele><time>2026-06-03T00:12:21Z</time></trkpt><trkpt lat="37.4931526184082" lon="126.92000579833984"><ele>23.799999237060547</ele><time>2026-06-03T00:12:22Z</time></trkpt><trkpt lat="37.49315643310547" lon="126.91997528076172"><ele>23.799999237060547</ele><time>2026-06-03T00:12:23Z</time></trkpt><trkpt lat="37.493160247802734" lon="126.9199447631836"><ele>23.799999237060547</ele><time>2026-06-03T00:12:24Z</time></trkpt><trkpt lat="37.493160247802734" lon="126.919921875"><ele>23.799999237060547</ele><time>2026-06-03T00:12:25Z</time></trkpt><trkpt lat="37.4931640625" lon="126.91989135742188"><ele>23.799999237060547</ele><time>2026-06-03T00:12:26Z</time></trkpt><trkpt lat="37.4931640625" lon="126.91986083984375"><ele>23.799999237060547</ele><time>2026-06-03T00:12:27Z</time></trkpt><trkpt lat="37.49317169189453" lon="126.91983032226562"><ele>23.799999237060547</ele><time>2026-06-03T00:12:28Z</time></trkpt><trkpt lat="37.4931755065918" lon="126.9197998046875"><ele>23.799999237060547</ele><time>2026-06-03T00:12:29Z</time></trkpt><trkpt lat="37.49318313598633" lon="126.91976928710938"><ele>23.799999237060547</ele><time>2026-06-03T00:12:30Z</time></trkpt><trkpt lat="37.493186950683594" lon="126.91974639892578"><ele>23.799999237060547</ele><time>2026-06-03T00:12:31Z</time></trkpt><trkpt lat="37.493202209472656" lon="126.91971588134766"><ele>23.799999237060547</ele><time>2026-06-03T00:12:32Z</time></trkpt><trkpt lat="37.49320983886719" lon="126.91969299316406"><ele>23.799999237060547</ele><time>2026-06-03T00:12:33Z</time></trkpt><trkpt lat="37.49322509765625" lon="126.91966247558594"><ele>23.799999237060547</ele><time>2026-06-03T00:12:34Z</time></trkpt><trkpt lat="37.49323272705078" lon="126.91963958740234"><ele>23.799999237060547</ele><time>2026-06-03T00:12:35Z</time></trkpt><trkpt lat="37.49324417114258" lon="126.91960906982422"><ele>23.799999237060547</ele><time>2026-06-03T00:12:36Z</time></trkpt><trkpt lat="37.493255615234375" lon="126.9195785522461"><ele>23.799999237060547</ele><time>2026-06-03T00:12:37Z</time></trkpt><trkpt lat="37.49326705932617" lon="126.91951751708984"><ele>23.799999237060547</ele><time>2026-06-03T00:12:38Z</time></trkpt><trkpt lat="37.4932746887207" lon="126.91950225830078"><ele>23.799999237060547</ele><time>2026-06-03T00:12:39Z</time></trkpt></trkseg></trk></gpx>