<?xml version='1.0' encoding='UTF-8'?><gpx version="1.1" creator="Garmin Sports" xmlns="http://www.topografix.com/GPX/1/1"><metadata><author><name>Garmin Sports</name></author><copyright author="Garmin Sports"><year>2026</year></copyright></metadata><trk><trkseg><trkpt lat="37.570987701416016" lon="126.97733306884766"><ele>35.400001525878906</ele><time>2026-04-04T22:44:38Z</time></trkpt><trkpt lat="37.570960998535156" lon="126.97735595703125"><ele>35.400001525878906</ele><time>2026-04-04T22:44:39Z</time></trkpt><trkpt lat="37.5709342956543" lon="126.97734832763672"><ele>35.400001525878906</ele><time>2026-04-04T22:44:40Z</time></trkpt><trkpt lat="37.5709114074707" lon="126.97734832763672"><ele>35.400001525878906</ele><time>2026-04-04T22:44:41Z</time></trkpt><trkpt lat="37.57088851928711" lon="126.97734832763672"><ele>35.400001525878906</ele><time>2026-04-04T22:44:42Z</time></trkpt><trkpt lat="37.570858001708984" lon="126.97735595703125"><ele>35.20000076293945</ele><time>2026-04-04T22:44:43Z</time></trkpt><trkpt lat="37.570838928222656" lon="126.97735595703125"><ele>35.20000076293945</ele><time>2026-04-04T22:44:44Z</time></trkpt><trkpt lat="37.57080841064453" lon="126.97734832763672"><ele>35.20000076293945</ele><time>2026-04-04T22:44:45Z</time></trkpt><trkpt lat="37.57078552246094" lon="126.97734832763672"><ele>35.20000076293945</ele><time>2026-04-04T22:44:46Z</time></trkpt><trkpt lat="37.570762634277344" lon="126.97734069824219"><ele>35.20000076293945</ele><time>2026-04-04T22:44:47Z</time></trkpt><trkpt lat="37.57073211669922" lon="126.97733306884766"><ele>35.400001525878906</ele><time>2026-04-04T22:44:48Z</time></trkpt><trkpt lat="37.57071304321289" lon="126.97732543945312"><ele>35.400001525878906</ele><time>2026-04-04T22:44:49Z</time></trkpt><trkpt lat="37.570682525634766" lon="126.97732543945312"><ele>35.400001525878906</ele><time>2026-04-04T22:44:50Z</time></trkpt><trkpt lat="37.570655822753906" lon="126.97732543945312"><ele>35.400001525878906</ele><time>2026-04-04T22:44:51Z</time></trkpt><trkpt lat="37.57062530517578" lon="126.9773178100586"><ele>35.400001525878906</ele><time>2026-04-04T22:44:52Z</time></trkpt><trkpt lat="37.57059097290039" lon="126.97731018066406"><ele>35.400001525878906</ele><time>2026-04-04T22:44:53Z</time></trkpt><trkpt lat="37.57056427001953" lon="126.97730255126953"><ele>35.400001525878906</ele><time>2026-04-04T22:44:54Z</time></trkpt><trkpt lat="37.57052993774414" lon="126.977294921875"><ele>35.400001525878906</ele><time>2026-04-04T22:44:55Z</time></trkpt><trkpt lat="37.57050323486328" lon="126.97728729248047"><ele>35.400001525878906</ele><time>2026-04-04T22:44:56Z</time></trkpt><trkpt lat="37.57046890258789" lon="126.97727966308594"><ele>35.400001525878906</ele><time>2026-04-04T22:44:57Z</time></trkpt><trkpt lat="37.5704460144043" lon="126.97727966308594"><ele>35.400001525878906</ele><time>2026-04-04T22:44:58Z</time></trkpt><trkpt lat="37.57041549682617" lon="126.97727966308594"><ele>35.400001525878906</ele><time>2026-04-04T22:44:59Z</time></trkpt><trkpt lat="37.57038497924805" lon="126.9772720336914"><ele>35.400001525878906</ele><time>2026-04-04T22:45:00Z</time></trkpt><trkpt lat="37.57036209106445" lon="126.97726440429688"><ele>35.400001525878906</ele><time>2026-04-04T22:45:01Z</time></trkpt><trkpt lat="37.570335388183594" lon="126.97726440429688"><ele>35.400001525878906</ele><time>2026-04-04T22:45:02Z</time></trkpt><trkpt lat="37.570316314697266" lon="126.97726440429688"><ele>35.400001525878906</ele><time>2026-04-04T22:45:03Z</time></trkpt><trkpt lat="37.570289611816406" lon="126.97726440429688"><ele>35.20000076293945</ele><time>2026-04-04T22:45:04Z</time></trkpt><trkpt lat="37.570274353027344" lon="126.97725677490234"><ele>35.20000076293945</ele><time>2026-04-04T22:45:05Z</time></trkpt><trkpt lat="37.57024383544922" lon="126.97725677490234"><ele>35.20000076293945</ele><time>2026-04-04T22:45:06Z</time></trkpt><trkpt lat="37.57022476196289" lon="126.97725677490234"><ele>35.20000076293945</ele><time>2026-04-04T22:45:07Z</time></trkpt><trkpt lat="37.57019805908203" lon="126.97725677490234"><ele>35.400001525878906</ele><time>2026-04-04T22:45:08Z</time></trkpt><trkpt lat="37.5701789855957" lon="126.97725677490234"><ele>35.400001525878906</ele><time>2026-04-04T22:45:09Z</time></trkpt><trkpt lat="37.57015609741211" lon="126.97725677490234"><ele>35.20000076293945</ele><time>2026-04-04T22:45:10Z</time></trkpt><trkpt lat="37.57012939453125" lon="126.97726440429688"><ele>35.20000076293945</ele><time>2026-04-04T22:45:11Z</time></trkpt><trkpt lat="37.57011413574219" lon="126.97726440429688"><ele>35.0</ele><time>2026-04-04T22:45:12Z</time></trkpt><trkpt lat="37.57008743286133" lon="126.97726440429688"><ele>35.0</ele><time>2026-04-04T22:45:13Z</time></trkpt><trkpt lat="37.570068359375" lon="126.97726440429688"><ele>35.0</ele><time>2026-04-04T22:45:14Z</time></trkpt><trkpt lat="37.570045471191406" lon="126.97726440429688"><ele>35.0</ele><time>2026-04-04T22:45:15Z</time></trkpt><trkpt lat="37.57001876831055" lon="126.97726440429688"><ele>35.0</ele><time>2026-04-04T22:45:16Z</time></trkpt><trkpt lat="37.56999588012695" lon="126.9772720336914"><ele>35.20000076293945</ele><time>2026-04-04T22:45:17Z</time></trkpt><trkpt lat="37.56996536254883" lon="126.97726440429688"><ele>35.20000076293945</ele><time>2026-04-04T22:45:18Z</time></trkpt><trkpt lat="37.569942474365234" lon="126.97726440429688"><ele>35.20000076293945</ele><time>2026-04-04T22:45:19Z</time></trkpt><trkpt lat="37.569915771484375" lon="126.97726440429688"><ele>35.20000076293945</ele><time>2026-04-04T22:45:20Z</time></trkpt><trkpt lat="37.56989288330078" lon="126.97725677490234"><ele>35.0</ele><time>2026-04-04T22:45:21Z</time></trkpt><trkpt lat="37.56986618041992" lon="126.97726440429688"><ele>35.20000076293945</ele><time>2026-04-04T22:45:22Z</time></trkpt><trkpt lat="37.5698356628418" lon="126.9772720336914"><ele>35.0</ele><time>2026-04-04T22:45:23Z</time></trkpt><trkpt lat="37.56980895996094" lon="126.97727966308594"><ele>35.20000076293945</ele><time>2026-04-04T22:45:24Z</time></trkpt><trkpt lat="37.56977844238281" lon="126.97727966308594"><ele>35.0</ele><time>2026-04-04T22:45:25Z</time></trkpt><trkpt lat="37.56975555419922" lon="126.97727966308594"><ele>35.0</ele><time>2026-04-04T22:45:26Z</time></trkpt><trkpt lat="37.56972885131836" lon="126.977294921875"><ele>35.20000076293945</ele><time>2026-04-04T22:45:27Z</time></trkpt><trkpt lat="37.56970977783203" lon="126.977294921875"><ele>35.20000076293945</ele><time>2026-04-04T22:45:28Z</time></trkpt><trkpt lat="37.56967544555664" lon="126.97730255126953"><ele>35.20000076293945</ele><time>2026-04-04T22:45:29Z</time></trkpt><trkpt lat="37.56964874267578" lon="126.977294921875"><ele>35.20000076293945</ele><time>2026-04-04T22:45:30Z</time></trkpt><trkpt lat="37.56962585449219" lon="126.977294921875"><ele>35.20000076293945</ele><time>2026-04-04T22:45:31Z</time></trkpt><trkpt lat="37.56959915161133" lon="126.977294921875"><ele>35.20000076293945</ele><time>2026-04-04T22:45:32Z</time></trkpt><trkpt lat="37.569580078125" lon="126.977294921875"><ele>35.400001525878906</ele><time>2026-04-04T22:45:33Z</time></trkpt><trkpt lat="37.569549560546875" lon="126.977294921875"><ele>35.20000076293945</ele><time>2026-04-04T22:45:34Z</time></trkpt><trkpt lat="37.569522857666016" lon="126.977294921875"><ele>35.20000076293945</ele><time>2026-04-04T22:45:35Z</time></trkpt><trkpt lat="37.56949996948242" lon="126.977294921875"><ele>35.20000076293945</ele><time>2026-04-04T22:45:36Z</time></trkpt><trkpt lat="37.56947326660156" lon="126.977294921875"><ele>35.20000076293945</ele><time>2026-04-04T22:45:37Z</time></trkpt><trkpt lat="37.56945037841797" lon="126.97730255126953"><ele>35.0</ele><time>2026-04-04T22:45:38Z</time></trkpt><trkpt lat="37.56942367553711" lon="126.97730255126953"><ele>35.0</ele><time>2026-04-04T22:45:39Z</time></trkpt><trkpt lat="37.56940460205078" lon="126.97730255126953"><ele>35.0</ele><time>2026-04-04T22:45:40Z</time></trkpt><trkpt lat="37.56937789916992" lon="126.97730255126953"><ele>35.0</ele><time>2026-04-04T22:45:41Z</time></trkpt><trkpt lat="37.56935119628906" lon="126.977294921875"><ele>35.0</ele><time>2026-04-04T22:45:42Z</time></trkpt><trkpt lat="37.56932830810547" lon="126.977294921875"><ele>35.0</ele><time>2026-04-04T22:45:43Z</time></trkpt><trkpt lat="37.56930160522461" lon="126.97730255126953"><ele>35.0</ele><time>2026-04-04T22:45:44Z</time></trkpt><trkpt lat="37.56927490234375" lon="126.977294921875"><ele>35.0</ele><time>2026-04-04T22:45:45Z</time></trkpt><trkpt lat="37.569252014160156" lon="126.97730255126953"><ele>35.0</ele><time>2026-04-04T22:45:46Z</time></trkpt><trkpt lat="37.56922149658203" lon="126.977294921875"><ele>35.0</ele><time>2026-04-04T22:45:47Z</time></trkpt><trkpt lat="37.5692024230957" lon="126.97730255126953"><ele>35.0</ele><time>2026-04-04T22:45:48Z</time></trkpt><trkpt lat="37.56917190551758" lon="126.977294921875"><ele>35.0</ele><time>2026-04-04T22:45:49Z</time></trkpt><trkpt lat="37.569149017333984" lon="126.97730255126953"><ele>35.0</ele><time>2026-04-04T22:45:50Z</time></trkpt><trkpt lat="37.56912612915039" lon="126.97731018066406"><ele>35.0</ele><time>2026-04-04T22:45:51Z</time></trkpt><trkpt lat="37.56909942626953" lon="126.97730255126953"><ele>35.0</ele><time>2026-04-04T22:45:52Z</time></trkpt><trkpt lat="37.5690803527832" lon="126.97731018066406"><ele>35.0</ele><time>2026-04-04T22:45:53Z</time></trkpt><trkpt lat="37.569053649902344" lon="126.97731018066406"><ele>35.0</ele><time>2026-04-04T22:45:54Z</time></trkpt><trkpt lat="37.569034576416016" lon="126.977294921875"><ele>35.0</ele><time>2026-04-04T22:45:55Z</time></trkpt><trkpt lat="37.56901168823242" lon="126.97730255126953"><ele>35.0</ele><time>2026-04-04T22:45:56Z</time></trkpt><trkpt lat="37.56898498535156" lon="126.977294921875"><ele>35.0</ele><time>2026-04-04T22:45:57Z</time></trkpt><trkpt lat="37.5689697265625" lon="126.97730255126953"><ele>35.0</ele><time>2026-04-04T22:45:58Z</time></trkpt><trkpt lat="37.568946838378906" lon="126.977294921875"><ele>35.0</ele><time>2026-04-04T22:45:59Z</time></trkpt><trkpt lat="37.56892776489258" lon="126.977294921875"><ele>35.0</ele><time>2026-04-04T22:46:00Z</time></trkpt><trkpt lat="37.56890869140625" lon="126.977294921875"><ele>34.79999923706055</ele><time>2026-04-04T22:46:01Z</time></trkpt><trkpt lat="37.56887435913086" lon="126.977294921875"><ele>34.79999923706055</ele><time>2026-04-04T22:46:02Z</time></trkpt><trkpt lat="37.56884002685547" lon="126.977294921875"><ele>34.79999923706055</ele><time>2026-04-04T22:46:03Z</time></trkpt><trkpt lat="37.568817138671875" lon="126.977294921875"><ele>35.0</ele><time>2026-04-04T22:46:04Z</time></trkpt><trkpt lat="37.568790435791016" lon="126.977294921875"><ele>35.0</ele><time>2026-04-04T22:46:05Z</time></trkpt><trkpt lat="37.56876754760742" lon="126.977294921875"><ele>35.0</ele><time>2026-04-04T22:46:06Z</time></trkpt><trkpt lat="37.5687370300293" lon="126.97728729248047"><ele>35.0</ele><time>2026-04-04T22:46:07Z</time></trkpt><trkpt lat="37.5687141418457" lon="126.977294921875"><ele>35.0</ele><time>2026-04-04T22:46:08Z</time></trkpt><trkpt lat="37.56867980957031" lon="126.97730255126953"><ele>35.0</ele><time>2026-04-04T22:46:09Z</time></trkpt><trkpt lat="37.568660736083984" lon="126.977294921875"><ele>35.0</ele><time>2026-04-04T22:46:10Z</time></trkpt><trkpt lat="37.56863021850586" lon="126.977294921875"><ele>35.0</ele><time>2026-04-04T22:46:11Z</time></trkpt><trkpt lat="37.568607330322266" lon="126.97728729248047"><ele>35.0</ele><time>2026-04-04T22:46:12Z</time></trkpt><trkpt lat="37.56858444213867" lon="126.977294921875"><ele>35.0</ele><time>2026-04-04T22:46:13Z</time></trkpt><trkpt lat="37.56855773925781" lon="126.97728729248047"><ele>35.20000076293945</ele><time>2026-04-04T22:46:14Z</time></trkpt><trkpt lat="37.568538665771484" lon="126.977294921875"><ele>35.20000076293945</ele><time>2026-04-04T22:46:15Z</time></trkpt><trkpt lat="37.56850814819336" lon="126.977294921875"><ele>35.20000076293945</ele><time>2026-04-04T22:46:16Z</time></trkpt><trkpt lat="37.568485260009766" lon="126.977294921875"><ele>35.20000076293945</ele><time>2026-04-04T22:46:17Z</time></trkpt><trkpt lat="37.56846237182617" lon="126.977294921875"><ele>35.400001525878906</ele><time>2026-04-04T22:46:18Z</time></trkpt><trkpt lat="37.56843185424805" lon="126.97728729248047"><ele>35.400001525878906</ele><time>2026-04-04T22:46:19Z</time></trkpt><trkpt lat="37.56840896606445" lon="126.97728729248047"><ele>35.400001525878906</ele><time>2026-04-04T22:46:20Z</time></trkpt><trkpt lat="37.568382263183594" lon="126.97728729248047"><ele>35.400001525878906</ele><time>2026-04-04T22:46:21Z</time></trkpt><trkpt lat="37.568363189697266" lon="126.97728729248047"><ele>35.400001525878906</ele><time>2026-04-04T22:46:22Z</time></trkpt><trkpt lat="37.568336486816406" lon="126.97728729248047"><ele>35.400001525878906</ele><time>2026-04-04T22:46:23Z</time></trkpt><trkpt lat="37.56830978393555" lon="126.97727966308594"><ele>35.400001525878906</ele><time>2026-04-04T22:46:24Z</time></trkpt><trkpt lat="37.56828308105469" lon="126.97728729248047"><ele>35.400001525878906</ele><time>2026-04-04T22:46:25Z</time></trkpt><trkpt lat="37.56825256347656" lon="126.97728729248047"><ele>35.400001525878906</ele><time>2026-04-04T22:46:26Z</time></trkpt><trkpt lat="37.56822967529297" lon="126.97728729248047"><ele>35.400001525878906</ele><time>2026-04-04T22:46:27Z</time></trkpt><trkpt lat="37.56820297241211" lon="126.97728729248047"><ele>35.599998474121094</ele><time>2026-04-04T22:46:28Z</time></trkpt><trkpt lat="37.568180084228516" lon="126.97727966308594"><ele>35.400001525878906</ele><time>2026-04-04T22:46:29Z</time></trkpt><trkpt lat="37.56816101074219" lon="126.97727966308594"><ele>35.400001525878906</ele><time>2026-04-04T22:46:30Z</time></trkpt><trkpt lat="37.56814193725586" lon="126.9772720336914"><ele>35.400001525878906</ele><time>2026-04-04T22:46:31Z</time></trkpt><trkpt lat="37.568119049072266" lon="126.97727966308594"><ele>35.400001525878906</ele><time>2026-04-04T22:46:32Z</time></trkpt><trkpt lat="37.56809616088867" lon="126.97728729248047"><ele>35.400001525878906</ele><time>2026-04-04T22:46:33Z</time></trkpt><trkpt lat="37.568077087402344" lon="126.97728729248047"><ele>35.599998474121094</ele><time>2026-04-04T22:46:34Z</time></trkpt><trkpt lat="37.568050384521484" lon="126.97728729248047"><ele>35.599998474121094</ele><time>2026-04-04T22:46:35Z</time></trkpt><trkpt lat="37.56802749633789" lon="126.97728729248047"><ele>35.599998474121094</ele><time>2026-04-04T22:46:36Z</time></trkpt><trkpt lat="37.56800842285156" lon="126.977294921875"><ele>35.599998474121094</ele><time>2026-04-04T22:46:37Z</time></trkpt><trkpt lat="37.567989349365234" lon="126.977294921875"><ele>35.599998474121094</ele><time>2026-04-04T22:46:38Z</time></trkpt><trkpt lat="37.56797409057617" lon="126.977294921875"><ele>35.599998474121094</ele><time>2026-04-04T22:46:39Z</time></trkpt><trkpt lat="37.56794738769531" lon="126.977294921875"><ele>35.599998474121094</ele><time>2026-04-04T22:46:40Z</time></trkpt><trkpt lat="37.56792449951172" lon="126.97730255126953"><ele>35.599998474121094</ele><time>2026-04-04T22:46:41Z</time></trkpt><trkpt lat="37.567901611328125" lon="126.97731018066406"><ele>35.599998474121094</ele><time>2026-04-04T22:46:42Z</time></trkpt><trkpt lat="37.567874908447266" lon="126.9773178100586"><ele>35.599998474121094</ele><time>2026-04-04T22:46:43Z</time></trkpt><trkpt lat="37.56785202026367" lon="126.9773178100586"><ele>35.599998474121094</ele><time>2026-04-04T22:46:44Z</time></trkpt><trkpt lat="37.56782531738281" lon="126.9773178100586"><ele>35.599998474121094</ele><time>2026-04-04T22:46:45Z</time></trkpt><trkpt lat="37.56780242919922" lon="126.9773178100586"><ele>35.599998474121094</ele><time>2026-04-04T22:46:46Z</time></trkpt><trkpt lat="37.567779541015625" lon="126.97732543945312"><ele>35.599998474121094</ele><time>2026-04-04T22:46:47Z</time></trkpt><trkpt lat="37.56775665283203" lon="126.97734069824219"><ele>35.599998474121094</ele><time>2026-04-04T22:46:48Z</time></trkpt><trkpt lat="37.5677375793457" lon="126.97734069824219"><ele>35.599998474121094</ele><time>2026-04-04T22:46:49Z</time></trkpt><trkpt lat="37.56770706176758" lon="126.97734069824219"><ele>35.400001525878906</ele><time>2026-04-04T22:46:50Z</time></trkpt><trkpt lat="37.567684173583984" lon="126.97735595703125"><ele>35.400001525878906</ele><time>2026-04-04T22:46:51Z</time></trkpt><trkpt lat="37.56766128540039" lon="126.97736358642578"><ele>35.400001525878906</ele><time>2026-04-04T22:46:52Z</time></trkpt><trkpt lat="37.56763458251953" lon="126.97736358642578"><ele>35.599998474121094</ele><time>2026-04-04T22:46:53Z</time></trkpt><trkpt lat="37.56761169433594" lon="126.97737121582031"><ele>35.599998474121094</ele><time>2026-04-04T22:46:54Z</time></trkpt><trkpt lat="37.56758499145508" lon="126.97737121582031"><ele>35.599998474121094</ele><time>2026-04-04T22:46:55Z</time></trkpt><trkpt lat="37.56755828857422" lon="126.97737884521484"><ele>35.599998474121094</ele><time>2026-04-04T22:46:56Z</time></trkpt><trkpt lat="37.567535400390625" lon="126.97737884521484"><ele>35.400001525878906</ele><time>2026-04-04T22:46:57Z</time></trkpt><trkpt lat="37.5675048828125" lon="126.97738647460938"><ele>35.599998474121094</ele><time>2026-04-04T22:46:58Z</time></trkpt><trkpt lat="37.56748580932617" lon="126.97738647460938"><ele>35.599998474121094</ele><time>2026-04-04T22:46:59Z</time></trkpt><trkpt lat="37.56745529174805" lon="126.9773941040039"><ele>35.599998474121094</ele><time>2026-04-04T22:47:00Z</time></trkpt><trkpt lat="37.56743240356445" lon="126.9773941040039"><ele>35.599998474121094</ele><time>2026-04-04T22:47:01Z</time></trkpt><trkpt lat="37.56740188598633" lon="126.97740173339844"><ele>35.599998474121094</ele><time>2026-04-04T22:47:02Z</time></trkpt><trkpt lat="37.567378997802734" lon="126.97740173339844"><ele>35.400001525878906</ele><time>2026-04-04T22:47:03Z</time></trkpt><trkpt lat="37.56735610961914" lon="126.9773941040039"><ele>35.400001525878906</ele><time>2026-04-04T22:47:04Z</time></trkpt><trkpt lat="37.567325592041016" lon="126.97738647460938"><ele>35.400001525878906</ele><time>2026-04-04T22:47:05Z</time></trkpt><trkpt lat="37.56730651855469" lon="126.97737884521484"><ele>35.400001525878906</ele><time>2026-04-04T22:47:06Z</time></trkpt><trkpt lat="37.56727981567383" lon="126.97737884521484"><ele>35.400001525878906</ele><time>2026-04-04T22:47:07Z</time></trkpt><trkpt lat="37.56725311279297" lon="126.97737884521484"><ele>35.400001525878906</ele><time>2026-04-04T22:47:08Z</time></trkpt><trkpt lat="37.567230224609375" lon="126.97737884521484"><ele>35.400001525878906</ele><time>2026-04-04T22:47:09Z</time></trkpt><trkpt lat="37.567203521728516" lon="126.97737884521484"><ele>35.400001525878906</ele><time>2026-04-04T22:47:10Z</time></trkpt><trkpt lat="37.56718444824219" lon="126.97737884521484"><ele>35.400001525878906</ele><time>2026-04-04T22:47:11Z</time></trkpt><trkpt lat="37.56715774536133" lon="126.97737121582031"><ele>35.400001525878906</ele><time>2026-04-04T22:47:12Z</time></trkpt><trkpt lat="37.567134857177734" lon="126.97736358642578"><ele>35.400001525878906</ele><time>2026-04-04T22:47:13Z</time></trkpt><trkpt lat="37.56711196899414" lon="126.97736358642578"><ele>35.400001525878906</ele><time>2026-04-04T22:47:14Z</time></trkpt><trkpt lat="37.56708908081055" lon="126.97736358642578"><ele>35.400001525878906</ele><time>2026-04-04T22:47:15Z</time></trkpt><trkpt lat="37.56707000732422" lon="126.97736358642578"><ele>35.400001525878906</ele><time>2026-04-04T22:47:16Z</time></trkpt><trkpt lat="37.56704330444336" lon="126.97735595703125"><ele>35.20000076293945</ele><time>2026-04-04T22:47:17Z</time></trkpt><trkpt lat="37.5670166015625" lon="126.97735595703125"><ele>35.20000076293945</ele><time>2026-04-04T22:47:18Z</time></trkpt><trkpt lat="37.566993713378906" lon="126.97736358642578"><ele>35.20000076293945</ele><time>2026-04-04T22:47:19Z</time></trkpt><trkpt lat="37.56696319580078" lon="126.97736358642578"><ele>35.20000076293945</ele><time>2026-04-04T22:47:20Z</time></trkpt><trkpt lat="37.56694793701172" lon="126.97736358642578"><ele>35.20000076293945</ele><time>2026-04-04T22:47:21Z</time></trkpt><trkpt lat="37.56692123413086" lon="126.97735595703125"><ele>35.20000076293945</ele><time>2026-04-04T22:47:22Z</time></trkpt><trkpt lat="37.56690216064453" lon="126.97734832763672"><ele>35.0</ele><time>2026-04-04T22:47:23Z</time></trkpt><trkpt lat="37.56687927246094" lon="126.97735595703125"><ele>35.0</ele><time>2026-04-04T22:47:24Z</time></trkpt><trkpt lat="37.56685256958008" lon="126.97735595703125"><ele>35.0</ele><time>2026-04-04T22:47:25Z</time></trkpt><trkpt lat="37.56683349609375" lon="126.97735595703125"><ele>35.0</ele><time>2026-04-04T22:47:26Z</time></trkpt><trkpt lat="37.56680679321289" lon="126.97735595703125"><ele>35.0</ele><time>2026-04-04T22:47:27Z</time></trkpt><trkpt lat="37.56678009033203" lon="126.97734832763672"><ele>35.0</ele><time>2026-04-04T22:47:28Z</time></trkpt><trkpt lat="37.56675720214844" lon="126.97735595703125"><ele>34.79999923706055</ele><time>2026-04-04T22:47:29Z</time></trkpt><trkpt lat="37.56672668457031" lon="126.97735595703125"><ele>34.79999923706055</ele><time>2026-04-04T22:47:30Z</time></trkpt><trkpt lat="37.56669998168945" lon="126.97735595703125"><ele>34.79999923706055</ele><time>2026-04-04T22:47:31Z</time></trkpt><trkpt lat="37.56666946411133" lon="126.97736358642578"><ele>34.79999923706055</ele><time>2026-04-04T22:47:32Z</time></trkpt><trkpt lat="37.56664276123047" lon="126.97735595703125"><ele>34.79999923706055</ele><time>2026-04-04T22:47:33Z</time></trkpt><trkpt lat="37.56661605834961" lon="126.97735595703125"><ele>34.79999923706055</ele><time>2026-04-04T22:47:34Z</time></trkpt><trkpt lat="37.56658935546875" lon="126.97734832763672"><ele>34.599998474121094</ele><time>2026-04-04T22:47:35Z</time></trkpt><trkpt lat="37.56656265258789" lon="126.97734832763672"><ele>34.599998474121094</ele><time>2026-04-04T22:47:36Z</time></trkpt><trkpt lat="37.56653594970703" lon="126.97734832763672"><ele>34.599998474121094</ele><time>2026-04-04T22:47:37Z</time></trkpt><trkpt lat="37.5665168762207" lon="126.97734832763672"><ele>34.599998474121094</ele><time>2026-04-04T22:47:38Z</time></trkpt><trkpt lat="37.56648254394531" lon="126.97734832763672"><ele>34.599998474121094</ele><time>2026-04-04T22:47:39Z</time></trkpt><trkpt lat="37.56645965576172" lon="126.97734832763672"><ele>34.599998474121094</ele><time>2026-04-04T22:47:40Z</time></trkpt><trkpt lat="37.566436767578125" lon="126.97735595703125"><ele>34.599998474121094</ele><time>2026-04-04T22:47:41Z</time></trkpt><trkpt lat="37.56640625" lon="126.97734832763672"><ele>34.599998474121094</ele><time>2026-04-04T22:47:42Z</time></trkpt><trkpt lat="37.566383361816406" lon="126.97734832763672"><ele>34.400001525878906</ele><time>2026-04-04T22:47:43Z</time></trkpt><trkpt lat="37.56635284423828" lon="126.97735595703125"><ele>34.400001525878906</ele><time>2026-04-04T22:47:44Z</time></trkpt><trkpt lat="37.56632995605469" lon="126.97734832763672"><ele>34.400001525878906</ele><time>2026-04-04T22:47:45Z</time></trkpt><trkpt lat="37.56629943847656" lon="126.97735595703125"><ele>34.400001525878906</ele><time>2026-04-04T22:47:46Z</time></trkpt><trkpt lat="37.5662727355957" lon="126.97736358642578"><ele>34.400001525878906</ele><time>2026-04-04T22:47:47Z</time></trkpt><trkpt lat="37.566246032714844" lon="126.97737121582031"><ele>34.400001525878906</ele><time>2026-04-04T22:47:48Z</time></trkpt><trkpt lat="37.56621551513672" lon="126.97736358642578"><ele>34.400001525878906</ele><time>2026-04-04T22:47:49Z</time></trkpt><trkpt lat="37.566192626953125" lon="126.97737121582031"><ele>34.400001525878906</ele><time>2026-04-04T22:47:50Z</time></trkpt><trkpt lat="37.566165924072266" lon="126.97737121582031"><ele>34.400001525878906</ele><time>2026-04-04T22:47:51Z</time></trkpt><trkpt lat="37.56614685058594" lon="126.97737884521484"><ele>34.400001525878906</ele><time>2026-04-04T22:47:52Z</time></trkpt><trkpt lat="37.566123962402344" lon="126.97737884521484"><ele>34.400001525878906</ele><time>2026-04-04T22:47:53Z</time></trkpt><trkpt lat="37.56610107421875" lon="126.97737884521484"><ele>34.400001525878906</ele><time>2026-04-04T22:47:54Z</time></trkpt><trkpt lat="37.566078186035156" lon="126.97737884521484"><ele>34.400001525878906</ele><time>2026-04-04T22:47:55Z</time></trkpt><trkpt lat="37.5660514831543" lon="126.97737884521484"><ele>34.400001525878906</ele><time>2026-04-04T22:47:56Z</time></trkpt><trkpt lat="37.56602478027344" lon="126.97738647460938"><ele>34.400001525878906</ele><time>2026-04-04T22:47:57Z</time></trkpt><trkpt lat="37.56599807739258" lon="126.97737884521484"><ele>34.400001525878906</ele><time>2026-04-04T22:47:58Z</time></trkpt><trkpt lat="37.56597900390625" lon="126.97737884521484"><ele>34.400001525878906</ele><time>2026-04-04T22:47:59Z</time></trkpt><trkpt lat="37.56595230102539" lon="126.97737884521484"><ele>34.400001525878906</ele><time>2026-04-04T22:48:00Z</time></trkpt><trkpt lat="37.56593322753906" lon="126.97737884521484"><ele>34.400001525878906</ele><time>2026-04-04T22:48:01Z</time></trkpt><trkpt lat="37.56591033935547" lon="126.97738647460938"><ele>34.400001525878906</ele><time>2026-04-04T22:48:02Z</time></trkpt><trkpt lat="37.565887451171875" lon="126.9773941040039"><ele>34.400001525878906</ele><time>2026-04-04T22:48:03Z</time></trkpt><trkpt lat="37.56586456298828" lon="126.97740173339844"><ele>34.400001525878906</ele><time>2026-04-04T22:48:04Z</time></trkpt><trkpt lat="37.56584167480469" lon="126.97740173339844"><ele>34.400001525878906</ele><time>2026-04-04T22:48:05Z</time></trkpt><trkpt lat="37.565818786621094" lon="126.9774169921875"><ele>34.400001525878906</ele><time>2026-04-04T22:48:06Z</time></trkpt><trkpt lat="37.5657958984375" lon="126.9774169921875"><ele>34.400001525878906</ele><time>2026-04-04T22:48:07Z</time></trkpt><trkpt lat="37.565773010253906" lon="126.9774169921875"><ele>34.400001525878906</ele><time>2026-04-04T22:48:08Z</time></trkpt><trkpt lat="37.56575012207031" lon="126.97742462158203"><ele>34.20000076293945</ele><time>2026-04-04T22:48:09Z</time></trkpt><trkpt lat="37.56572723388672" lon="126.97743225097656"><ele>34.20000076293945</ele><time>2026-04-04T22:48:10Z</time></trkpt><trkpt lat="37.56570816040039" lon="126.97743225097656"><ele>34.20000076293945</ele><time>2026-04-04T22:48:11Z</time></trkpt><trkpt lat="37.56568145751953" lon="126.9774398803711"><ele>34.20000076293945</ele><time>2026-04-04T22:48:12Z</time></trkpt><trkpt lat="37.56565475463867" lon="126.97743225097656"><ele>34.20000076293945</ele><time>2026-04-04T22:48:13Z</time></trkpt><trkpt lat="37.56563186645508" lon="126.97743225097656"><ele>34.20000076293945</ele><time>2026-04-04T22:48:14Z</time></trkpt><trkpt lat="37.56560516357422" lon="126.97743225097656"><ele>34.20000076293945</ele><time>2026-04-04T22:48:15Z</time></trkpt><trkpt lat="37.56558609008789" lon="126.9774398803711"><ele>34.20000076293945</ele><time>2026-04-04T22:48:16Z</time></trkpt><trkpt lat="37.56555938720703" lon="126.9774398803711"><ele>34.20000076293945</ele><time>2026-04-04T22:48:17Z</time></trkpt><trkpt lat="37.56553649902344" lon="126.9774398803711"><ele>34.20000076293945</ele><time>2026-04-04T22:48:18Z</time></trkpt><trkpt lat="37.56551742553711" lon="126.9774398803711"><ele>34.0</ele><time>2026-04-04T22:48:19Z</time></trkpt><trkpt lat="37.56549072265625" lon="126.9774398803711"><ele>34.0</ele><time>2026-04-04T22:48:20Z</time></trkpt><trkpt lat="37.56547546386719" lon="126.97743225097656"><ele>34.0</ele><time>2026-04-04T22:48:21Z</time></trkpt><trkpt lat="37.565452575683594" lon="126.97743225097656"><ele>34.0</ele><time>2026-04-04T22:48:22Z</time></trkpt><trkpt lat="37.565425872802734" lon="126.97743225097656"><ele>34.0</ele><time>2026-04-04T22:48:23Z</time></trkpt><trkpt lat="37.565406799316406" lon="126.97743225097656"><ele>34.0</ele><time>2026-04-04T22:48:24Z</time></trkpt><trkpt lat="37.56538009643555" lon="126.97743225097656"><ele>34.0</ele><time>2026-04-04T22:48:25Z</time></trkpt><trkpt lat="37.56536102294922" lon="126.97743225097656"><ele>34.0</ele><time>2026-04-04T22:48:26Z</time></trkpt><trkpt lat="37.56534194946289" lon="126.97742462158203"><ele>34.0</ele><time>2026-04-04T22:48:27Z</time></trkpt><trkpt lat="37.56532287597656" lon="126.97742462158203"><ele>34.0</ele><time>2026-04-04T22:48:28Z</time></trkpt><trkpt lat="37.565303802490234" lon="126.97743225097656"><ele>34.0</ele><time>2026-04-04T22:48:29Z</time></trkpt><trkpt lat="37.565277099609375" lon="126.97743225097656"><ele>34.0</ele><time>2026-04-04T22:48:30Z</time></trkpt><trkpt lat="37.56525802612305" lon="126.9774398803711"><ele>34.0</ele><time>2026-04-04T22:48:31Z</time></trkpt><trkpt lat="37.56523513793945" lon="126.97743225097656"><ele>33.79999923706055</ele><time>2026-04-04T22:48:32Z</time></trkpt><trkpt lat="37.565208435058594" lon="126.97743225097656"><ele>33.79999923706055</ele><time>2026-04-04T22:48:33Z</time></trkpt><trkpt lat="37.565185546875" lon="126.9774398803711"><ele>34.0</ele><time>2026-04-04T22:48:34Z</time></trkpt><trkpt lat="37.565155029296875" lon="126.9774398803711"><ele>34.0</ele><time>2026-04-04T22:48:35Z</time></trkpt><trkpt lat="37.56513214111328" lon="126.9774398803711"><ele>34.0</ele><time>2026-04-04T22:48:36Z</time></trkpt><trkpt lat="37.56511306762695" lon="126.97743225097656"><ele>34.0</ele><time>2026-04-04T22:48:37Z</time></trkpt><trkpt lat="37.565093994140625" lon="126.97742462158203"><ele>34.0</ele><time>2026-04-04T22:48:38Z</time></trkpt><trkpt lat="37.5650749206543" lon="126.97742462158203"><ele>34.0</ele><time>2026-04-04T22:48:39Z</time></trkpt><trkpt lat="37.56504440307617" lon="126.97742462158203"><ele>34.0</ele><time>2026-04-04T22:48:40Z</time></trkpt><trkpt lat="37.56502151489258" lon="126.97742462158203"><ele>34.0</ele><time>2026-04-04T22:48:41Z</time></trkpt><trkpt lat="37.56499099731445" lon="126.97742462158203"><ele>34.20000076293945</ele><time>2026-04-04T22:48:42Z</time></trkpt><trkpt lat="37.564971923828125" lon="126.9774169921875"><ele>34.20000076293945</ele><time>2026-04-04T22:48:43Z</time></trkpt><trkpt lat="37.564945220947266" lon="126.9774169921875"><ele>34.20000076293945</ele><time>2026-04-04T22:48:44Z</time></trkpt><trkpt lat="37.56491470336914" lon="126.97740173339844"><ele>34.400001525878906</ele><time>2026-04-04T22:48:45Z</time></trkpt><trkpt lat="37.56489181518555" lon="126.97740173339844"><ele>34.400001525878906</ele><time>2026-04-04T22:48:46Z</time></trkpt><trkpt lat="37.564857482910156" lon="126.97738647460938"><ele>34.400001525878906</ele><time>2026-04-04T22:48:47Z</time></trkpt><trkpt lat="37.56482696533203" lon="126.97738647460938"><ele>34.400001525878906</ele><time>2026-04-04T22:48:48Z</time></trkpt><trkpt lat="37.56480026245117" lon="126.97737884521484"><ele>34.400001525878906</ele><time>2026-04-04T22:48:49Z</time></trkpt><trkpt lat="37.564781188964844" lon="126.97737121582031"><ele>34.20000076293945</ele><time>2026-04-04T22:48:50Z</time></trkpt><trkpt lat="37.56475830078125" lon="126.97736358642578"><ele>34.20000076293945</ele><time>2026-04-04T22:48:51Z</time></trkpt><trkpt lat="37.564735412597656" lon="126.97735595703125"><ele>34.20000076293945</ele><time>2026-04-04T22:48:52Z</time></trkpt><trkpt lat="37.5647087097168" lon="126.97736358642578"><ele>34.20000076293945</ele><time>2026-04-04T22:48:53Z</time></trkpt><trkpt lat="37.56467819213867" lon="126.97736358642578"><ele>34.20000076293945</ele><time>2026-04-04T22:48:54Z</time></trkpt><trkpt lat="37.56465530395508" lon="126.97737121582031"><ele>34.20000076293945</ele><time>2026-04-04T22:48:55Z</time></trkpt><trkpt lat="37.56462478637695" lon="126.97736358642578"><ele>34.20000076293945</ele><time>2026-04-04T22:48:56Z</time></trkpt><trkpt lat="37.564598083496094" lon="126.97736358642578"><ele>34.20000076293945</ele><time>2026-04-04T22:48:57Z</time></trkpt><trkpt lat="37.5645751953125" lon="126.97735595703125"><ele>34.20000076293945</ele><time>2026-04-04T22:48:58Z</time></trkpt><trkpt lat="37.56454849243164" lon="126.97735595703125"><ele>34.20000076293945</ele><time>2026-04-04T22:48:59Z</time></trkpt><trkpt lat="37.56452560424805" lon="126.97734832763672"><ele>34.20000076293945</ele><time>2026-04-04T22:49:00Z</time></trkpt><trkpt lat="37.56450271606445" lon="126.97733306884766"><ele>34.20000076293945</ele><time>2026-04-04T22:49:01Z</time></trkpt><trkpt lat="37.564483642578125" lon="126.97732543945312"><ele>34.20000076293945</ele><time>2026-04-04T22:49:02Z</time></trkpt><trkpt lat="37.564453125" lon="126.97731018066406"><ele>34.20000076293945</ele><time>2026-04-04T22:49:03Z</time></trkpt><trkpt lat="37.564422607421875" lon="126.97730255126953"><ele>34.20000076293945</ele><time>2026-04-04T22:49:04Z</time></trkpt><trkpt lat="37.564395904541016" lon="126.97728729248047"><ele>34.20000076293945</ele><time>2026-04-04T22:49:05Z</time></trkpt><trkpt lat="37.56436538696289" lon="126.97727966308594"><ele>34.20000076293945</ele><time>2026-04-04T22:49:06Z</time></trkpt><trkpt lat="37.56433868408203" lon="126.9772720336914"><ele>34.20000076293945</ele><time>2026-04-04T22:49:07Z</time></trkpt><trkpt lat="37.56431579589844" lon="126.97725677490234"><ele>34.400001525878906</ele><time>2026-04-04T22:49:08Z</time></trkpt><trkpt lat="37.56428909301758" lon="126.97724151611328"><ele>34.400001525878906</ele><time>2026-04-04T22:49:09Z</time></trkpt><trkpt lat="37.56426239013672" lon="126.97723388671875"><ele>34.400001525878906</ele><time>2026-04-04T22:49:10Z</time></trkpt><trkpt lat="37.564231872558594" lon="126.97721862792969"><ele>34.400001525878906</ele><time>2026-04-04T22:49:11Z</time></trkpt><trkpt lat="37.564205169677734" lon="126.97720336914062"><ele>34.400001525878906</ele><time>2026-04-04T22:49:12Z</time></trkpt><trkpt lat="37.564178466796875" lon="126.9771957397461"><ele>34.400001525878906</ele><time>2026-04-04T22:49:13Z</time></trkpt><trkpt lat="37.56414794921875" lon="126.97718048095703"><ele>34.400001525878906</ele><time>2026-04-04T22:49:14Z</time></trkpt><trkpt lat="37.56412124633789" lon="126.9771728515625"><ele>34.20000076293945</ele><time>2026-04-04T22:49:15Z</time></trkpt><trkpt lat="37.564090728759766" lon="126.97715759277344"><ele>34.20000076293945</ele><time>2026-04-04T22:49:16Z</time></trkpt><trkpt lat="37.56407165527344" lon="126.9771499633789"><ele>34.20000076293945</ele><time>2026-04-04T22:49:17Z</time></trkpt><trkpt lat="37.56403732299805" lon="126.97713470458984"><ele>34.400001525878906</ele><time>2026-04-04T22:49:18Z</time></trkpt><trkpt lat="37.56401443481445" lon="126.97712707519531"><ele>34.20000076293945</ele><time>2026-04-04T22:49:19Z</time></trkpt><trkpt lat="37.563987731933594" lon="126.97711944580078"><ele>34.400001525878906</ele><time>2026-04-04T22:49:20Z</time></trkpt><trkpt lat="37.56395721435547" lon="126.97711181640625"><ele>34.400001525878906</ele><time>2026-04-04T22:49:21Z</time></trkpt><trkpt lat="37.563934326171875" lon="126.97710418701172"><ele>34.400001525878906</ele><time>2026-04-04T22:49:22Z</time></trkpt><trkpt lat="37.563907623291016" lon="126.97709655761719"><ele>34.400001525878906</ele><time>2026-04-04T22:49:23Z</time></trkpt><trkpt lat="37.56388473510742" lon="126.97708129882812"><ele>34.400001525878906</ele><time>2026-04-04T22:49:24Z</time></trkpt><trkpt lat="37.56386184692383" lon="126.9770736694336"><ele>34.400001525878906</ele><time>2026-04-04T22:49:25Z</time></trkpt><trkpt lat="37.5638427734375" lon="126.97706604003906"><ele>34.400001525878906</ele><time>2026-04-04T22:49:26Z</time></trkpt><trkpt lat="37.563819885253906" lon="126.97705841064453"><ele>34.400001525878906</ele><time>2026-04-04T22:49:27Z</time></trkpt><trkpt lat="37.56379699707031" lon="126.97704315185547"><ele>34.400001525878906</ele><time>2026-04-04T22:49:28Z</time></trkpt><trkpt lat="37.56377410888672" lon="126.97704315185547"><ele>34.400001525878906</ele><time>2026-04-04T22:49:29Z</time></trkpt><trkpt lat="37.563751220703125" lon="126.9770278930664"><ele>34.599998474121094</ele><time>2026-04-04T22:49:30Z</time></trkpt><trkpt lat="37.5637321472168" lon="126.97702026367188"><ele>34.599998474121094</ele><time>2026-04-04T22:49:31Z</time></trkpt><trkpt lat="37.56371307373047" lon="126.97701263427734"><ele>34.599998474121094</ele><time>2026-04-04T22:49:32Z</time></trkpt><trkpt lat="37.563690185546875" lon="126.97700500488281"><ele>34.79999923706055</ele><time>2026-04-04T22:49:33Z</time></trkpt><trkpt lat="37.56367111206055" lon="126.97699737548828"><ele>34.79999923706055</ele><time>2026-04-04T22:49:34Z</time></trkpt><trkpt lat="37.56364822387695" lon="126.97698211669922"><ele>34.79999923706055</ele><time>2026-04-04T22:49:35Z</time></trkpt><trkpt lat="37.563629150390625" lon="126.97697448730469"><ele>34.79999923706055</ele><time>2026-04-04T22:49:36Z</time></trkpt><trkpt lat="37.5636100769043" lon="126.97696685791016"><ele>34.79999923706055</ele><time>2026-04-04T22:49:37Z</time></trkpt><trkpt lat="37.56359100341797" lon="126.97695922851562"><ele>34.79999923706055</ele><time>2026-04-04T22:49:38Z</time></trkpt><trkpt lat="37.563568115234375" lon="126.9769515991211"><ele>34.79999923706055</ele><time>2026-04-04T22:49:39Z</time></trkpt><trkpt lat="37.56354904174805" lon="126.97693634033203"><ele>34.79999923706055</ele><time>2026-04-04T22:49:40Z</time></trkpt><trkpt lat="37.56352996826172" lon="126.9769287109375"><ele>35.0</ele><time>2026-04-04T22:49:41Z</time></trkpt><trkpt lat="37.563507080078125" lon="126.97692108154297"><ele>35.0</ele><time>2026-04-04T22:49:42Z</time></trkpt><trkpt lat="37.56349563598633" lon="126.97691345214844"><ele>35.0</ele><time>2026-04-04T22:49:43Z</time></trkpt><trkpt lat="37.563472747802734" lon="126.97689819335938"><ele>35.0</ele><time>2026-04-04T22:49:44Z</time></trkpt><trkpt lat="37.563453674316406" lon="126.97689056396484"><ele>35.0</ele><time>2026-04-04T22:49:45Z</time></trkpt><trkpt lat="37.56343460083008" lon="126.97688293457031"><ele>35.0</ele><time>2026-04-04T22:49:46Z</time></trkpt><trkpt lat="37.563411712646484" lon="126.97687530517578"><ele>35.0</ele><time>2026-04-04T22:49:47Z</time></trkpt><trkpt lat="37.563392639160156" lon="126.97686004638672"><ele>35.0</ele><time>2026-04-04T22:49:48Z</time></trkpt><trkpt lat="37.5633659362793" lon="126.97686004638672"><ele>35.0</ele><time>2026-04-04T22:49:49Z</time></trkpt><trkpt lat="37.56334686279297" lon="126.97684478759766"><ele>35.0</ele><time>2026-04-04T22:49:50Z</time></trkpt><trkpt lat="37.563323974609375" lon="126.97683715820312"><ele>35.20000076293945</ele><time>2026-04-04T22:49:51Z</time></trkpt><trkpt lat="37.56330108642578" lon="126.9768295288086"><ele>35.20000076293945</ele><time>2026-04-04T22:49:52Z</time></trkpt><trkpt lat="37.56328201293945" lon="126.97682189941406"><ele>35.20000076293945</ele><time>2026-04-04T22:49:53Z</time></trkpt><trkpt lat="37.56325912475586" lon="126.97681427001953"><ele>35.400001525878906</ele><time>2026-04-04T22:49:54Z</time></trkpt><trkpt lat="37.563232421875" lon="126.97679901123047"><ele>35.400001525878906</ele><time>2026-04-04T22:49:55Z</time></trkpt><trkpt lat="37.56321334838867" lon="126.97679138183594"><ele>35.400001525878906</ele><time>2026-04-04T22:49:56Z</time></trkpt><trkpt lat="37.56318664550781" lon="126.9767837524414"><ele>35.400001525878906</ele><time>2026-04-04T22:49:57Z</time></trkpt><trkpt lat="37.56317138671875" lon="126.97677612304688"><ele>35.400001525878906</ele><time>2026-04-04T22:49:58Z</time></trkpt><trkpt lat="37.56314468383789" lon="126.97677612304688"><ele>35.400001525878906</ele><time>2026-04-04T22:49:59Z</time></trkpt><trkpt lat="37.5631217956543" lon="126.97676849365234"><ele>35.400001525878906</ele><time>2026-04-04T22:50:00Z</time></trkpt><trkpt lat="37.56310272216797" lon="126.97676849365234"><ele>35.400001525878906</ele><time>2026-04-04T22:50:01Z</time></trkpt><trkpt lat="37.563079833984375" lon="126.97676086425781"><ele>35.400001525878906</ele><time>2026-04-04T22:50:02Z</time></trkpt><trkpt lat="37.56306457519531" lon="126.97676086425781"><ele>35.400001525878906</ele><time>2026-04-04T22:50:03Z</time></trkpt><trkpt lat="37.56304931640625" lon="126.97675323486328"><ele>35.599998474121094</ele><time>2026-04-04T22:50:04Z</time></trkpt><trkpt lat="37.563026428222656" lon="126.97674560546875"><ele>35.599998474121094</ele><time>2026-04-04T22:50:05Z</time></trkpt><trkpt lat="37.56300354003906" lon="126.97673034667969"><ele>35.599998474121094</ele><time>2026-04-04T22:50:06Z</time></trkpt><trkpt lat="37.5629768371582" lon="126.97671508789062"><ele>35.599998474121094</ele><time>2026-04-04T22:50:07Z</time></trkpt><trkpt lat="37.56295394897461" lon="126.97669982910156"><ele>35.599998474121094</ele><time>2026-04-04T22:50:08Z</time></trkpt><trkpt lat="37.562923431396484" lon="126.9766845703125"><ele>35.599998474121094</ele><time>2026-04-04T22:50:09Z</time></trkpt><trkpt lat="37.56290054321289" lon="126.97667694091797"><ele>35.79999923706055</ele><time>2026-04-04T22:50:10Z</time></trkpt><trkpt lat="37.56287384033203" lon="126.9766616821289"><ele>35.79999923706055</ele><time>2026-04-04T22:50:11Z</time></trkpt><trkpt lat="37.56284713745117" lon="126.9766616821289"><ele>35.79999923706055</ele><time>2026-04-04T22:50:12Z</time></trkpt><trkpt lat="37.56281661987305" lon="126.97664642333984"><ele>36.0</ele><time>2026-04-04T22:50:13Z</time></trkpt><trkpt lat="37.56278991699219" lon="126.97663879394531"><ele>36.0</ele><time>2026-04-04T22:50:14Z</time></trkpt><trkpt lat="37.562767028808594" lon="126.97662353515625"><ele>36.0</ele><time>2026-04-04T22:50:15Z</time></trkpt><trkpt lat="37.562740325927734" lon="126.97660827636719"><ele>36.0</ele><time>2026-04-04T22:50:16Z</time></trkpt><trkpt lat="37.562713623046875" lon="126.97660064697266"><ele>36.0</ele><time>2026-04-04T22:50:17Z</time></trkpt><trkpt lat="37.56268310546875" lon="126.97660064697266"><ele>36.20000076293945</ele><time>2026-04-04T22:50:18Z</time></trkpt><trkpt lat="37.562652587890625" lon="126.9765853881836"><ele>36.20000076293945</ele><time>2026-04-04T22:50:19Z</time></trkpt><trkpt lat="37.5626220703125" lon="126.97657775878906"><ele>36.20000076293945</ele><time>2026-04-04T22:50:20Z</time></trkpt><trkpt lat="37.56259536743164" lon="126.9765625"><ele>36.400001525878906</ele><time>2026-04-04T22:50:21Z</time></trkpt><trkpt lat="37.56257247924805" lon="126.97655487060547"><ele>36.400001525878906</ele><time>2026-04-04T22:50:22Z</time></trkpt><trkpt lat="37.56254577636719" lon="126.9765396118164"><ele>36.400001525878906</ele><time>2026-04-04T22:50:23Z</time></trkpt><trkpt lat="37.56252670288086" lon="126.9765396118164"><ele>36.400001525878906</ele><time>2026-04-04T22:50:24Z</time></trkpt><trkpt lat="37.5625" lon="126.97653198242188"><ele>36.400001525878906</ele><time>2026-04-04T22:50:25Z</time></trkpt><trkpt lat="37.562477111816406" lon="126.97652435302734"><ele>36.599998474121094</ele><time>2026-04-04T22:50:26Z</time></trkpt><trkpt lat="37.56245422363281" lon="126.97650909423828"><ele>36.599998474121094</ele><time>2026-04-04T22:50:27Z</time></trkpt><trkpt lat="37.562442779541016" lon="126.97650146484375"><ele>36.79999923706055</ele><time>2026-04-04T22:50:28Z</time></trkpt><trkpt lat="37.562416076660156" lon="126.97649383544922"><ele>36.79999923706055</ele><time>2026-04-04T22:50:29Z</time></trkpt><trkpt lat="37.56239318847656" lon="126.97648620605469"><ele>36.79999923706055</ele><time>2026-04-04T22:50:30Z</time></trkpt><trkpt lat="37.562374114990234" lon="126.97647857666016"><ele>36.79999923706055</ele><time>2026-04-04T22:50:31Z</time></trkpt><trkpt lat="37.56235122680664" lon="126.9764633178711"><ele>36.79999923706055</ele><time>2026-04-04T22:50:32Z</time></trkpt><trkpt lat="37.56233215332031" lon="126.9764633178711"><ele>36.599998474121094</ele><time>2026-04-04T22:50:33Z</time></trkpt><trkpt lat="37.56230545043945" lon="126.9764633178711"><ele>36.79999923706055</ele><time>2026-04-04T22:50:34Z</time></trkpt><trkpt lat="37.56228256225586" lon="126.97645568847656"><ele>36.79999923706055</ele><time>2026-04-04T22:50:35Z</time></trkpt><trkpt lat="37.562255859375" lon="126.97644805908203"><ele>36.79999923706055</ele><time>2026-04-04T22:50:36Z</time></trkpt><trkpt lat="37.562232971191406" lon="126.97643280029297"><ele>37.0</ele><time>2026-04-04T22:50:37Z</time></trkpt><trkpt lat="37.56220626831055" lon="126.97643280029297"><ele>37.0</ele><time>2026-04-04T22:50:38Z</time></trkpt><trkpt lat="37.56217956542969" lon="126.9764175415039"><ele>37.0</ele><time>2026-04-04T22:50:39Z</time></trkpt><trkpt lat="37.562156677246094" lon="126.97640991210938"><ele>37.0</ele><time>2026-04-04T22:50:40Z</time></trkpt><trkpt lat="37.5621337890625" lon="126.97640228271484"><ele>37.0</ele><time>2026-04-04T22:50:41Z</time></trkpt><trkpt lat="37.56210708618164" lon="126.97639465332031"><ele>37.0</ele><time>2026-04-04T22:50:42Z</time></trkpt><trkpt lat="37.56208419799805" lon="126.97638702392578"><ele>37.20000076293945</ele><time>2026-04-04T22:50:43Z</time></trkpt><trkpt lat="37.56206512451172" lon="126.97637939453125"><ele>37.20000076293945</ele><time>2026-04-04T22:50:44Z</time></trkpt><trkpt lat="37.56204605102539" lon="126.97637176513672"><ele>37.20000076293945</ele><time>2026-04-04T22:50:45Z</time></trkpt><trkpt lat="37.5620231628418" lon="126.97636413574219"><ele>37.20000076293945</ele><time>2026-04-04T22:50:46Z</time></trkpt><trkpt lat="37.56200408935547" lon="126.97635650634766"><ele>37.400001525878906</ele><time>2026-04-04T22:50:47Z</time></trkpt><trkpt lat="37.561981201171875" lon="126.97634887695312"><ele>37.400001525878906</ele><time>2026-04-04T22:50:48Z</time></trkpt><trkpt lat="37.56196212768555" lon="126.9763412475586"><ele>37.400001525878906</ele><time>2026-04-04T22:50:49Z</time></trkpt><trkpt lat="37.56194305419922" lon="126.9763412475586"><ele>37.599998474121094</ele><time>2026-04-04T22:50:50Z</time></trkpt><trkpt lat="37.56192398071289" lon="126.97632598876953"><ele>37.599998474121094</ele><time>2026-04-04T22:50:51Z</time></trkpt><trkpt lat="37.56190490722656" lon="126.976318359375"><ele>37.599998474121094</ele><time>2026-04-04T22:50:52Z</time></trkpt><trkpt lat="37.561885833740234" lon="126.97631072998047"><ele>37.79999923706055</ele><time>2026-04-04T22:50:53Z</time></trkpt><trkpt lat="37.56187438964844" lon="126.9762954711914"><ele>37.79999923706055</ele><time>2026-04-04T22:50:54Z</time></trkpt><trkpt lat="37.56185531616211" lon="126.97628784179688"><ele>37.79999923706055</ele><time>2026-04-04T22:50:55Z</time></trkpt><trkpt lat="37.56183624267578" lon="126.97627258300781"><ele>38.0</ele><time>2026-04-04T22:50:56Z</time></trkpt><trkpt lat="37.56181335449219" lon="126.97626495361328"><ele>38.0</ele><time>2026-04-04T22:50:57Z</time></trkpt><trkpt lat="37.56178665161133" lon="126.97625732421875"><ele>37.79999923706055</ele><time>2026-04-04T22:50:58Z</time></trkpt><trkpt lat="37.561767578125" lon="126.97624969482422"><ele>37.79999923706055</ele><time>2026-04-04T22:50:59Z</time></trkpt><trkpt lat="37.561744689941406" lon="126.97624206542969"><ele>37.79999923706055</ele><time>2026-04-04T22:51:00Z</time></trkpt><trkpt lat="37.56172180175781" lon="126.97623443603516"><ele>37.79999923706055</ele><time>2026-04-04T22:51:01Z</time></trkpt><trkpt lat="37.56169509887695" lon="126.97622680664062"><ele>38.0</ele><time>2026-04-04T22:51:02Z</time></trkpt><trkpt lat="37.561676025390625" lon="126.9762191772461"><ele>38.20000076293945</ele><time>2026-04-04T22:51:03Z</time></trkpt><trkpt lat="37.56165313720703" lon="126.9762191772461"><ele>38.20000076293945</ele><time>2026-04-04T22:51:04Z</time></trkpt><trkpt lat="37.5616340637207" lon="126.97621154785156"><ele>38.20000076293945</ele><time>2026-04-04T22:51:05Z</time></trkpt><trkpt lat="37.561614990234375" lon="126.97620391845703"><ele>38.400001525878906</ele><time>2026-04-04T22:51:06Z</time></trkpt><trkpt lat="37.561588287353516" lon="126.9761962890625"><ele>38.400001525878906</ele><time>2026-04-04T22:51:07Z</time></trkpt><trkpt lat="37.56156539916992" lon="126.9761962890625"><ele>38.20000076293945</ele><time>2026-04-04T22:51:08Z</time></trkpt><trkpt lat="37.56154251098633" lon="126.97618865966797"><ele>38.400001525878906</ele><time>2026-04-04T22:51:09Z</time></trkpt><trkpt lat="37.561519622802734" lon="126.97618103027344"><ele>38.400001525878906</ele><time>2026-04-04T22:51:10Z</time></trkpt><trkpt lat="37.561492919921875" lon="126.9761734008789"><ele>38.400001525878906</ele><time>2026-04-04T22:51:11Z</time></trkpt><trkpt lat="37.56147384643555" lon="126.9761734008789"><ele>38.599998474121094</ele><time>2026-04-04T22:51:12Z</time></trkpt><trkpt lat="37.56144714355469" lon="126.97615814208984"><ele>38.599998474121094</ele><time>2026-04-04T22:51:13Z</time></trkpt><trkpt lat="37.56142044067383" lon="126.97615051269531"><ele>38.599998474121094</ele><time>2026-04-04T22:51:14Z</time></trkpt><trkpt lat="37.561397552490234" lon="126.97614288330078"><ele>38.599998474121094</ele><time>2026-04-04T22:51:15Z</time></trkpt><trkpt lat="37.561363220214844" lon="126.97613525390625"><ele>38.599998474121094</ele><time>2026-04-04T22:51:16Z</time></trkpt><trkpt lat="37.561336517333984" lon="126.97612762451172"><ele>38.79999923706055</ele><time>2026-04-04T22:51:17Z</time></trkpt><trkpt lat="37.561309814453125" lon="126.97611999511719"><ele>38.79999923706055</ele><time>2026-04-04T22:51:18Z</time></trkpt><trkpt lat="37.561283111572266" lon="126.97611236572266"><ele>38.79999923706055</ele><time>2026-04-04T22:51:19Z</time></trkpt><trkpt lat="37.56125259399414" lon="126.97610473632812"><ele>38.79999923706055</ele><time>2026-04-04T22:51:20Z</time></trkpt><trkpt lat="37.56122589111328" lon="126.97608947753906"><ele>38.79999923706055</ele><time>2026-04-04T22:51:21Z</time></trkpt><trkpt lat="37.56120300292969" lon="126.97608184814453"><ele>39.0</ele><time>2026-04-04T22:51:22Z</time></trkpt><trkpt lat="37.561180114746094" lon="126.97606658935547"><ele>39.0</ele><time>2026-04-04T22:51:23Z</time></trkpt><trkpt lat="37.561161041259766" lon="126.97605895996094"><ele>39.0</ele><time>2026-04-04T22:51:24Z</time></trkpt><trkpt lat="37.56114196777344" lon="126.97604370117188"><ele>39.0</ele><time>2026-04-04T22:51:25Z</time></trkpt><trkpt lat="37.56112289428711" lon="126.97602844238281"><ele>39.0</ele><time>2026-04-04T22:51:26Z</time></trkpt><trkpt lat="37.561100006103516" lon="126.97601318359375"><ele>39.0</ele><time>2026-04-04T22:51:27Z</time></trkpt><trkpt lat="37.56107711791992" lon="126.97599792480469"><ele>39.0</ele><time>2026-04-04T22:51:28Z</time></trkpt><trkpt lat="37.56105422973633" lon="126.97599029541016"><ele>39.20000076293945</ele><time>2026-04-04T22:51:29Z</time></trkpt><trkpt lat="37.561031341552734" lon="126.97598266601562"><ele>39.20000076293945</ele><time>2026-04-04T22:51:30Z</time></trkpt><trkpt lat="37.561012268066406" lon="126.9759750366211"><ele>39.400001525878906</ele><time>2026-04-04T22:51:31Z</time></trkpt><trkpt lat="37.56098937988281" lon="126.97595977783203"><ele>39.400001525878906</ele><time>2026-04-04T22:51:32Z</time></trkpt><trkpt lat="37.560970306396484" lon="126.97594451904297"><ele>39.400001525878906</ele><time>2026-04-04T22:51:33Z</time></trkpt><trkpt lat="37.56094741821289" lon="126.9759292602539"><ele>39.400001525878906</ele><time>2026-04-04T22:51:34Z</time></trkpt><trkpt lat="37.56092071533203" lon="126.97591400146484"><ele>39.400001525878906</ele><time>2026-04-04T22:51:35Z</time></trkpt><trkpt lat="37.5609016418457" lon="126.97590637207031"><ele>39.599998474121094</ele><time>2026-04-04T22:51:36Z</time></trkpt><trkpt lat="37.56087875366211" lon="126.97589874267578"><ele>39.599998474121094</ele><time>2026-04-04T22:51:37Z</time></trkpt><trkpt lat="37.56085968017578" lon="126.97589111328125"><ele>39.599998474121094</ele><time>2026-04-04T22:51:38Z</time></trkpt><trkpt lat="37.56083297729492" lon="126.97588348388672"><ele>39.79999923706055</ele><time>2026-04-04T22:51:39Z</time></trkpt><trkpt lat="37.56081771850586" lon="126.97588348388672"><ele>39.79999923706055</ele><time>2026-04-04T22:51:40Z</time></trkpt><trkpt lat="37.560791015625" lon="126.97588348388672"><ele>39.79999923706055</ele><time>2026-04-04T22:51:41Z</time></trkpt><trkpt lat="37.56077194213867" lon="126.97588348388672"><ele>39.79999923706055</ele><time>2026-04-04T22:51:42Z</time></trkpt><trkpt lat="37.56074523925781" lon="126.97589111328125"><ele>39.79999923706055</ele><time>2026-04-04T22:51:43Z</time></trkpt><trkpt lat="37.560726165771484" lon="126.97590637207031"><ele>39.79999923706055</ele><time>2026-04-04T22:51:44Z</time></trkpt><trkpt lat="37.56071090698242" lon="126.97591400146484"><ele>39.79999923706055</ele><time>2026-04-04T22:51:45Z</time></trkpt><trkpt lat="37.560699462890625" lon="126.9759292602539"><ele>39.79999923706055</ele><time>2026-04-04T22:51:46Z</time></trkpt><trkpt lat="37.560691833496094" lon="126.97593688964844"><ele>40.0</ele><time>2026-04-04T22:51:47Z</time></trkpt><trkpt lat="37.56067657470703" lon="126.9759521484375"><ele>40.0</ele><time>2026-04-04T22:51:48Z</time></trkpt><trkpt lat="37.56066131591797" lon="126.9759750366211"><ele>40.0</ele><time>2026-04-04T22:51:49Z</time></trkpt><trkpt lat="37.56064987182617" lon="126.97599792480469"><ele>40.0</ele><time>2026-04-04T22:51:50Z</time></trkpt><trkpt lat="37.56063461303711" lon="126.97602844238281"><ele>40.0</ele><time>2026-04-04T22:51:51Z</time></trkpt><trkpt lat="37.56062316894531" lon="126.9760513305664"><ele>40.0</ele><time>2026-04-04T22:51:52Z</time></trkpt><trkpt lat="37.560611724853516" lon="126.97607421875"><ele>40.0</ele><time>2026-04-04T22:51:53Z</time></trkpt><trkpt lat="37.560604095458984" lon="126.97608947753906"><ele>40.0</ele><time>2026-04-04T22:51:54Z</time></trkpt><trkpt lat="37.56059646606445" lon="126.97611999511719"><ele>40.0</ele><time>2026-04-04T22:51:55Z</time></trkpt><trkpt lat="37.56059646606445" lon="126.97615051269531"><ele>40.0</ele><time>2026-04-04T22:51:56Z</time></trkpt><trkpt lat="37.56060028076172" lon="126.97618103027344"><ele>40.0</ele><time>2026-04-04T22:51:57Z</time></trkpt><trkpt lat="37.56060028076172" lon="126.97621154785156"><ele>40.0</ele><time>2026-04-04T22:51:58Z</time></trkpt><trkpt lat="37.56060028076172" lon="126.97623443603516"><ele>39.79999923706055</ele><time>2026-04-04T22:51:59Z</time></trkpt><trkpt lat="37.560604095458984" lon="126.97627258300781"><ele>39.79999923706055</ele><time>2026-04-04T22:52:00Z</time></trkpt><trkpt lat="37.56060028076172" lon="126.9762954711914"><ele>39.79999923706055</ele><time>2026-04-04T22:52:01Z</time></trkpt><trkpt lat="37.560611724853516" lon="126.976318359375"><ele>39.79999923706055</ele><time>2026-04-04T22:52:02Z</time></trkpt><trkpt lat="37.56062316894531" lon="126.97633361816406"><ele>39.599998474121094</ele><time>2026-04-04T22:52:03Z</time></trkpt><trkpt lat="37.560630798339844" lon="126.97636413574219"><ele>39.599998474121094</ele><time>2026-04-04T22:52:04Z</time></trkpt><trkpt lat="37.56064224243164" lon="126.97638702392578"><ele>39.599998474121094</ele><time>2026-04-04T22:52:05Z</time></trkpt><trkpt lat="37.56065368652344" lon="126.97640991210938"><ele>39.599998474121094</ele><time>2026-04-04T22:52:06Z</time></trkpt><trkpt lat="37.560672760009766" lon="126.9764404296875"><ele>39.599998474121094</ele><time>2026-04-04T22:52:07Z</time></trkpt><trkpt lat="37.5606803894043" lon="126.9764633178711"><ele>39.599998474121094</ele><time>2026-04-04T22:52:08Z</time></trkpt><trkpt lat="37.560691833496094" lon="126.97648620605469"><ele>39.599998474121094</ele><time>2026-04-04T22:52:09Z</time></trkpt><trkpt lat="37.56070327758789" lon="126.97651672363281"><ele>39.599998474121094</ele><time>2026-04-04T22:52:10Z</time></trkpt><trkpt lat="37.56071853637695" lon="126.9765396118164"><ele>39.599998474121094</ele><time>2026-04-04T22:52:11Z</time></trkpt><trkpt lat="37.560733795166016" lon="126.97657012939453"><ele>39.599998474121094</ele><time>2026-04-04T22:52:12Z</time></trkpt><trkpt lat="37.56074142456055" lon="126.97659301757812"><ele>39.79999923706055</ele><time>2026-04-04T22:52:13Z</time></trkpt><trkpt lat="37.56075668334961" lon="126.97664642333984"><ele>39.79999923706055</ele><time>2026-04-04T22:52:14Z</time></trkpt><trkpt lat="37.56077194213867" lon="126.97667694091797"><ele>39.599998474121094</ele><time>2026-04-04T22:52:15Z</time></trkpt><trkpt lat="37.56078338623047" lon="126.97671508789062"><ele>39.599998474121094</ele><time>2026-04-04T22:52:16Z</time></trkpt><trkpt lat="37.560794830322266" lon="126.97673797607422"><ele>39.400001525878906</ele><time>2026-04-04T22:52:17Z</time></trkpt><trkpt lat="37.56080627441406" lon="126.97677612304688"><ele>39.20000076293945</ele><time>2026-04-04T22:52:18Z</time></trkpt><trkpt lat="37.560813903808594" lon="126.976806640625"><ele>39.20000076293945</ele><time>2026-04-04T22:52:19Z</time></trkpt><trkpt lat="37.56082534790039" lon="126.97683715820312"><ele>39.20000076293945</ele><time>2026-04-04T22:52:20Z</time></trkpt><trkpt lat="37.56083679199219" lon="126.97686004638672"><ele>39.20000076293945</ele><time>2026-04-04T22:52:21Z</time></trkpt><trkpt lat="37.56085205078125" lon="126.97689056396484"><ele>39.0</ele><time>2026-04-04T22:52:22Z</time></trkpt><trkpt lat="37.56086349487305" lon="126.97691345214844"><ele>39.0</ele><time>2026-04-04T22:52:23Z</time></trkpt><trkpt lat="37.560874938964844" lon="126.97693634033203"><ele>39.0</ele><time>2026-04-04T22:52:24Z</time></trkpt><trkpt lat="37.560882568359375" lon="126.97695922851562"><ele>39.0</ele><time>2026-04-04T22:52:25Z</time></trkpt><trkpt lat="37.560890197753906" lon="126.97698974609375"><ele>39.0</ele><time>2026-04-04T22:52:26Z</time></trkpt><trkpt lat="37.56089782714844" lon="126.97702026367188"><ele>39.0</ele><time>2026-04-04T22:52:27Z</time></trkpt><trkpt lat="37.56090545654297" lon="126.97705078125"><ele>39.0</ele><time>2026-04-04T22:52:28Z</time></trkpt><trkpt lat="37.560916900634766" lon="126.97708129882812"><ele>38.79999923706055</ele><time>2026-04-04T22:52:29Z</time></trkpt><trkpt lat="37.560916900634766" lon="126.97711181640625"><ele>38.79999923706055</ele><time>2026-04-04T22:52:30Z</time></trkpt><trkpt lat="37.56093215942383" lon="126.97714233398438"><ele>38.79999923706055</ele><time>2026-04-04T22:52:31Z</time></trkpt><trkpt lat="37.560935974121094" lon="126.97716522216797"><ele>38.599998474121094</ele><time>2026-04-04T22:52:32Z</time></trkpt><trkpt lat="37.56095886230469" lon="126.9771957397461"><ele>38.599998474121094</ele><time>2026-04-04T22:52:33Z</time></trkpt><trkpt lat="37.560970306396484" lon="126.97721862792969"><ele>38.599998474121094</ele><time>2026-04-04T22:52:34Z</time></trkpt><trkpt lat="37.56098175048828" lon="126.97724151611328"><ele>38.599998474121094</ele><time>2026-04-04T22:52:35Z</time></trkpt><trkpt lat="37.56098937988281" lon="126.97726440429688"><ele>38.599998474121094</ele><time>2026-04-04T22:52:36Z</time></trkpt><trkpt lat="37.560997009277344" lon="126.977294921875"><ele>38.400001525878906</ele><time>2026-04-04T22:52:37Z</time></trkpt><trkpt lat="37.56100845336914" lon="126.97731018066406"><ele>38.400001525878906</ele><time>2026-04-04T22:52:38Z</time></trkpt><trkpt lat="37.56101989746094" lon="126.97733306884766"><ele>38.400001525878906</ele><time>2026-04-04T22:52:39Z</time></trkpt><trkpt lat="37.56103515625" lon="126.97736358642578"><ele>38.20000076293945</ele><time>2026-04-04T22:52:40Z</time></trkpt><trkpt lat="37.56105041503906" lon="126.97738647460938"><ele>38.20000076293945</ele><time>2026-04-04T22:52:41Z</time></trkpt><trkpt lat="37.56106185913086" lon="126.9774169921875"><ele>38.20000076293945</ele><time>2026-04-04T22:52:42Z</time></trkpt><trkpt lat="37.561073303222656" lon="126.9774398803711"><ele>38.20000076293945</ele><time>2026-04-04T22:52:43Z</time></trkpt><trkpt lat="37.56108856201172" lon="126.97746276855469"><ele>38.20000076293945</ele><time>2026-04-04T22:52:44Z</time></trkpt><trkpt lat="37.56109619140625" lon="126.97748565673828"><ele>38.20000076293945</ele><time>2026-04-04T22:52:45Z</time></trkpt><trkpt lat="37.56110763549805" lon="126.9775161743164"><ele>38.20000076293945</ele><time>2026-04-04T22:52:46Z</time></trkpt><trkpt lat="37.56111526489258" lon="126.97754669189453"><ele>38.20000076293945</ele><time>2026-04-04T22:52:47Z</time></trkpt><trkpt lat="37.56112289428711" lon="126.97756958007812"><ele>38.20000076293945</ele><time>2026-04-04T22:52:48Z</time></trkpt><trkpt lat="37.561126708984375" lon="126.97761535644531"><ele>38.20000076293945</ele><time>2026-04-04T22:52:49Z</time></trkpt><trkpt lat="37.56113052368164" lon="126.97764587402344"><ele>38.20000076293945</ele><time>2026-04-04T22:52:50Z</time></trkpt><trkpt lat="37.56113815307617" lon="126.97767639160156"><ele>38.20000076293945</ele><time>2026-04-04T22:52:51Z</time></trkpt><trkpt lat="37.56114196777344" lon="126.97770690917969"><ele>38.20000076293945</ele><time>2026-04-04T22:52:52Z</time></trkpt><trkpt lat="37.56114196777344" lon="126.97775268554688"><ele>38.20000076293945</ele><time>2026-04-04T22:52:53Z</time></trkpt><trkpt lat="37.56114196777344" lon="126.977783203125"><ele>38.20000076293945</ele><time>2026-04-04T22:52:54Z</time></trkpt><trkpt lat="37.56113815307617" lon="126.97782135009766"><ele>38.400001525878906</ele><time>2026-04-04T22:52:55Z</time></trkpt><trkpt lat="37.56113815307617" lon="126.97785186767578"><ele>38.400001525878906</ele><time>2026-04-04T22:52:56Z</time></trkpt><trkpt lat="37.56113815307617" lon="126.97789001464844"><ele>38.400001525878906</ele><time>2026-04-04T22:52:57Z</time></trkpt><trkpt lat="37.56113815307617" lon="126.97792053222656"><ele>38.400001525878906</ele><time>2026-04-04T22:52:58Z</time></trkpt><trkpt lat="37.56114196777344" lon="126.97795104980469"><ele>38.400001525878906</ele><time>2026-04-04T22:52:59Z</time></trkpt><trkpt lat="37.5611457824707" lon="126.97798919677734"><ele>38.400001525878906</ele><time>2026-04-04T22:53:00Z</time></trkpt><trkpt lat="37.56114959716797" lon="126.97801208496094"><ele>38.400001525878906</ele><time>2026-04-04T22:53:01Z</time></trkpt><trkpt lat="37.56114959716797" lon="126.9780502319336"><ele>38.400001525878906</ele><time>2026-04-04T22:53:02Z</time></trkpt><trkpt lat="37.561153411865234" lon="126.97807312011719"><ele>38.400001525878906</ele><time>2026-04-04T22:53:03Z</time></trkpt><trkpt lat="37.5611572265625" lon="126.97810363769531"><ele>38.400001525878906</ele><time>2026-04-04T22:53:04Z</time></trkpt><trkpt lat="37.5611572265625" lon="126.97813415527344"><ele>38.400001525878906</ele><time>2026-04-04T22:53:05Z</time></trkpt><trkpt lat="37.561161041259766" lon="126.97816467285156"><ele>38.400001525878906</ele><time>2026-04-04T22:53:06Z</time></trkpt><trkpt lat="37.5611686706543" lon="126.97819519042969"><ele>38.400001525878906</ele><time>2026-04-04T22:53:07Z</time></trkpt><trkpt lat="37.56117630004883" lon="126.97822570800781"><ele>38.400001525878906</ele><time>2026-04-04T22:53:08Z</time></trkpt><trkpt lat="37.561180114746094" lon="126.97826385498047"><ele>38.400001525878906</ele><time>2026-04-04T22:53:09Z</time></trkpt><trkpt lat="37.56118392944336" lon="126.97828674316406"><ele>38.400001525878906</ele><time>2026-04-04T22:53:10Z</time></trkpt><trkpt lat="37.561187744140625" lon="126.97832489013672"><ele>38.400001525878906</ele><time>2026-04-04T22:53:11Z</time></trkpt><trkpt lat="37.561195373535156" lon="126.97834777832031"><ele>38.400001525878906</ele><time>2026-04-04T22:53:12Z</time></trkpt><trkpt lat="37.56119918823242" lon="126.97837829589844"><ele>38.400001525878906</ele><time>2026-04-04T22:53:13Z</time></trkpt><trkpt lat="37.56121063232422" lon="126.97840881347656"><ele>38.599998474121094</ele><time>2026-04-04T22:53:14Z</time></trkpt><trkpt lat="37.561214447021484" lon="126.97843170166016"><ele>38.599998474121094</ele><time>2026-04-04T22:53:15Z</time></trkpt><trkpt lat="37.561222076416016" lon="126.97846221923828"><ele>38.599998474121094</ele><time>2026-04-04T22:53:16Z</time></trkpt><trkpt lat="37.56122970581055" lon="126.9784927368164"><ele>38.79999923706055</ele><time>2026-04-04T22:53:17Z</time></trkpt><trkpt lat="37.56122970581055" lon="126.97853088378906"><ele>38.79999923706055</ele><time>2026-04-04T22:53:18Z</time></trkpt><trkpt lat="37.56123733520508" lon="126.97856140136719"><ele>39.0</ele><time>2026-04-04T22:53:19Z</time></trkpt><trkpt lat="37.56124496459961" lon="126.97859191894531"><ele>39.0</ele><time>2026-04-04T22:53:20Z</time></trkpt><trkpt lat="37.561248779296875" lon="126.97862243652344"><ele>39.0</ele><time>2026-04-04T22:53:21Z</time></trkpt><trkpt lat="37.561256408691406" lon="126.97864532470703"><ele>39.0</ele><time>2026-04-04T22:53:22Z</time></trkpt><trkpt lat="37.56126022338867" lon="126.97867584228516"><ele>39.0</ele><time>2026-04-04T22:53:23Z</time></trkpt><trkpt lat="37.56126022338867" lon="126.97869873046875"><ele>39.0</ele><time>2026-04-04T22:53:24Z</time></trkpt><trkpt lat="37.56126403808594" lon="126.97872924804688"><ele>39.0</ele><time>2026-04-04T22:53:25Z</time></trkpt><trkpt lat="37.56127166748047" lon="126.978759765625"><ele>39.20000076293945</ele><time>2026-04-04T22:53:26Z</time></trkpt><trkpt lat="37.561275482177734" lon="126.97879028320312"><ele>39.20000076293945</ele><time>2026-04-04T22:53:27Z</time></trkpt><trkpt lat="37.561279296875" lon="126.97882080078125"><ele>39.20000076293945</ele><time>2026-04-04T22:53:28Z</time></trkpt><trkpt lat="37.56128692626953" lon="126.97885131835938"><ele>39.20000076293945</ele><time>2026-04-04T22:53:29Z</time></trkpt><trkpt lat="37.56129455566406" lon="126.97888946533203"><ele>39.20000076293945</ele><time>2026-04-04T22:53:30Z</time></trkpt><trkpt lat="37.56129455566406" lon="126.97891235351562"><ele>39.20000076293945</ele><time>2026-04-04T22:53:31Z</time></trkpt><trkpt lat="37.561302185058594" lon="126.97894287109375"><ele>39.20000076293945</ele><time>2026-04-04T22:53:32Z</time></trkpt><trkpt lat="37.561302185058594" lon="126.97896575927734"><ele>39.20000076293945</ele><time>2026-04-04T22:53:33Z</time></trkpt><trkpt lat="37.561309814453125" lon="126.97898864746094"><ele>39.20000076293945</ele><time>2026-04-04T22:53:34Z</time></trkpt><trkpt lat="37.56132125854492" lon="126.9790267944336"><ele>39.20000076293945</ele><time>2026-04-04T22:53:35Z</time></trkpt><trkpt lat="37.56133270263672" lon="126.97904968261719"><ele>39.20000076293945</ele><time>2026-04-04T22:53:36Z</time></trkpt><trkpt lat="37.561336517333984" lon="126.97908782958984"><ele>39.20000076293945</ele><time>2026-04-04T22:53:37Z</time></trkpt><trkpt lat="37.56134033203125" lon="126.97911071777344"><ele>39.20000076293945</ele><time>2026-04-04T22:53:38Z</time></trkpt><trkpt lat="37.561344146728516" lon="126.9791488647461"><ele>39.20000076293945</ele><time>2026-04-04T22:53:39Z</time></trkpt><trkpt lat="37.56135177612305" lon="126.97917938232422"><ele>39.20000076293945</ele><time>2026-04-04T22:53:40Z</time></trkpt><trkpt lat="37.56135559082031" lon="126.97921752929688"><ele>39.20000076293945</ele><time>2026-04-04T22:53:41Z</time></trkpt><trkpt lat="37.56135940551758" lon="126.979248046875"><ele>39.0</ele><time>2026-04-04T22:53:42Z</time></trkpt><trkpt lat="37.56136703491211" lon="126.97927856445312"><ele>39.0</ele><time>2026-04-04T22:53:43Z</time></trkpt><trkpt lat="37.56137466430664" lon="126.97930908203125"><ele>39.0</ele><time>2026-04-04T22:53:44Z</time></trkpt><trkpt lat="37.56138229370117" lon="126.97933959960938"><ele>39.0</ele><time>2026-04-04T22:53:45Z</time></trkpt><trkpt lat="37.56139373779297" lon="126.9793701171875"><ele>39.0</ele><time>2026-04-04T22:53:46Z</time></trkpt><trkpt lat="37.561405181884766" lon="126.97940063476562"><ele>39.0</ele><time>2026-04-04T22:53:47Z</time></trkpt><trkpt lat="37.56140899658203" lon="126.97943878173828"><ele>39.0</ele><time>2026-04-04T22:53:48Z</time></trkpt><trkpt lat="37.5614128112793" lon="126.97946166992188"><ele>39.0</ele><time>2026-04-04T22:53:49Z</time></trkpt><trkpt lat="37.56142044067383" lon="126.97949981689453"><ele>39.0</ele><time>2026-04-04T22:53:50Z</time></trkpt><trkpt lat="37.561424255371094" lon="126.9795150756836"><ele>38.79999923706055</ele><time>2026-04-04T22:53:51Z</time></trkpt><trkpt lat="37.56143569946289" lon="126.97954559326172"><ele>38.79999923706055</ele><time>2026-04-04T22:53:52Z</time></trkpt><trkpt lat="37.56144332885742" lon="126.97957611083984"><ele>38.79999923706055</ele><time>2026-04-04T22:53:53Z</time></trkpt><trkpt lat="37.56145095825195" lon="126.97960662841797"><ele>38.79999923706055</ele><time>2026-04-04T22:53:54Z</time></trkpt><trkpt lat="37.56145477294922" lon="126.9796371459961"><ele>38.79999923706055</ele><time>2026-04-04T22:53:55Z</time></trkpt><trkpt lat="37.56146240234375" lon="126.97966766357422"><ele>38.79999923706055</ele><time>2026-04-04T22:53:56Z</time></trkpt><trkpt lat="37.56147003173828" lon="126.97970581054688"><ele>38.79999923706055</ele><time>2026-04-04T22:53:57Z</time></trkpt><trkpt lat="37.56147384643555" lon="126.979736328125"><ele>38.79999923706055</ele><time>2026-04-04T22:53:58Z</time></trkpt><trkpt lat="37.56147384643555" lon="126.97976684570312"><ele>38.599998474121094</ele><time>2026-04-04T22:53:59Z</time></trkpt><trkpt lat="37.56147384643555" lon="126.97978210449219"><ele>38.400001525878906</ele><time>2026-04-04T22:54:00Z</time></trkpt><trkpt lat="37.56147384643555" lon="126.97982025146484"><ele>38.400001525878906</ele><time>2026-04-04T22:54:01Z</time></trkpt><trkpt lat="37.56148147583008" lon="126.97985076904297"><ele>38.20000076293945</ele><time>2026-04-04T22:54:02Z</time></trkpt><trkpt lat="37.561485290527344" lon="126.9798812866211"><ele>38.20000076293945</ele><time>2026-04-04T22:54:03Z</time></trkpt><trkpt lat="37.561492919921875" lon="126.97991180419922"><ele>38.20000076293945</ele><time>2026-04-04T22:54:04Z</time></trkpt><trkpt lat="37.561500549316406" lon="126.97994232177734"><ele>38.20000076293945</ele><time>2026-04-04T22:54:05Z</time></trkpt><trkpt lat="37.56150817871094" lon="126.97997283935547"><ele>38.20000076293945</ele><time>2026-04-04T22:54:06Z</time></trkpt><trkpt lat="37.5615119934082" lon="126.9800033569336"><ele>38.20000076293945</ele><time>2026-04-04T22:54:07Z</time></trkpt><trkpt lat="37.561519622802734" lon="126.98004150390625"><ele>38.20000076293945</ele><time>2026-04-04T22:54:08Z</time></trkpt><trkpt lat="37.561519622802734" lon="126.98007202148438"><ele>38.20000076293945</ele><time>2026-04-04T22:54:09Z</time></trkpt><trkpt lat="37.561527252197266" lon="126.9801025390625"><ele>38.0</ele><time>2026-04-04T22:54:10Z</time></trkpt><trkpt lat="37.56153106689453" lon="126.98013305664062"><ele>38.0</ele><time>2026-04-04T22:54:11Z</time></trkpt><trkpt lat="37.56153869628906" lon="126.98016357421875"><ele>38.0</ele><time>2026-04-04T22:54:12Z</time></trkpt><trkpt lat="37.56155014038086" lon="126.98019409179688"><ele>38.0</ele><time>2026-04-04T22:54:13Z</time></trkpt><trkpt lat="37.561561584472656" lon="126.980224609375"><ele>37.79999923706055</ele><time>2026-04-04T22:54:14Z</time></trkpt><trkpt lat="37.56156921386719" lon="126.98025512695312"><ele>37.79999923706055</ele><time>2026-04-04T22:54:15Z</time></trkpt><trkpt lat="37.56157684326172" lon="126.98028564453125"><ele>37.79999923706055</ele><time>2026-04-04T22:54:16Z</time></trkpt><trkpt lat="37.56159210205078" lon="126.9803237915039"><ele>37.599998474121094</ele><time>2026-04-04T22:54:17Z</time></trkpt><trkpt lat="37.56160354614258" lon="126.9803466796875"><ele>37.599998474121094</ele><time>2026-04-04T22:54:18Z</time></trkpt><trkpt lat="37.56161117553711" lon="126.98037719726562"><ele>37.599998474121094</ele><time>2026-04-04T22:54:19Z</time></trkpt><trkpt lat="37.561622619628906" lon="126.98040008544922"><ele>37.400001525878906</ele><time>2026-04-04T22:54:20Z</time></trkpt><trkpt lat="37.56163024902344" lon="126.98043060302734"><ele>37.400001525878906</ele><time>2026-04-04T22:54:21Z</time></trkpt><trkpt lat="37.561641693115234" lon="126.98046112060547"><ele>37.400001525878906</ele><time>2026-04-04T22:54:22Z</time></trkpt><trkpt lat="37.56165313720703" lon="126.98048400878906"><ele>37.400001525878906</ele><time>2026-04-04T22:54:23Z</time></trkpt><trkpt lat="37.561668395996094" lon="126.98052215576172"><ele>37.20000076293945</ele><time>2026-04-04T22:54:24Z</time></trkpt><trkpt lat="37.56167984008789" lon="126.98053741455078"><ele>37.20000076293945</ele><time>2026-04-04T22:54:25Z</time></trkpt><trkpt lat="37.56169509887695" lon="126.9805679321289"><ele>37.20000076293945</ele><time>2026-04-04T22:54:26Z</time></trkpt><trkpt lat="37.56170654296875" lon="126.98058319091797"><ele>37.0</ele><time>2026-04-04T22:54:27Z</time></trkpt><trkpt lat="37.56172180175781" lon="126.9806137084961"><ele>37.0</ele><time>2026-04-04T22:54:28Z</time></trkpt><trkpt lat="37.56173324584961" lon="126.98064422607422"><ele>37.0</ele><time>2026-04-04T22:54:29Z</time></trkpt><trkpt lat="37.561744689941406" lon="126.98066711425781"><ele>37.0</ele><time>2026-04-04T22:54:30Z</time></trkpt><trkpt lat="37.5617561340332" lon="126.98070526123047"><ele>37.0</ele><time>2026-04-04T22:54:31Z</time></trkpt><trkpt lat="37.561767578125" lon="126.98072814941406"><ele>37.0</ele><time>2026-04-04T22:54:32Z</time></trkpt><trkpt lat="37.56178665161133" lon="126.98075866699219"><ele>37.0</ele><time>2026-04-04T22:54:33Z</time></trkpt><trkpt lat="37.56180191040039" lon="126.98077392578125"><ele>37.0</ele><time>2026-04-04T22:54:34Z</time></trkpt><trkpt lat="37.56181335449219" lon="126.98079681396484"><ele>37.0</ele><time>2026-04-04T22:54:35Z</time></trkpt><trkpt lat="37.56182861328125" lon="126.9808349609375"><ele>37.0</ele><time>2026-04-04T22:54:36Z</time></trkpt><trkpt lat="37.56184387207031" lon="126.9808578491211"><ele>37.0</ele><time>2026-04-04T22:54:37Z</time></trkpt><trkpt lat="37.56185531616211" lon="126.98088073730469"><ele>37.0</ele><time>2026-04-04T22:54:38Z</time></trkpt><trkpt lat="37.561866760253906" lon="126.98089599609375"><ele>36.79999923706055</ele><time>2026-04-04T22:54:39Z</time></trkpt><trkpt lat="37.561885833740234" lon="126.98092651367188"><ele>36.79999923706055</ele><time>2026-04-04T22:54:40Z</time></trkpt><trkpt lat="37.56189727783203" lon="126.98094177246094"><ele>36.599998474121094</ele><time>2026-04-04T22:54:41Z</time></trkpt><trkpt lat="37.561912536621094" lon="126.98096466064453"><ele>36.599998474121094</ele><time>2026-04-04T22:54:42Z</time></trkpt><trkpt lat="37.56193542480469" lon="126.98098754882812"><ele>36.599998474121094</ele><time>2026-04-04T22:54:43Z</time></trkpt><trkpt lat="37.561946868896484" lon="126.98099517822266"><ele>36.599998474121094</ele><time>2026-04-04T22:54:44Z</time></trkpt><trkpt lat="37.56196594238281" lon="126.98101806640625"><ele>36.400001525878906</ele><time>2026-04-04T22:54:45Z</time></trkpt><trkpt lat="37.56198501586914" lon="126.98103332519531"><ele>36.400001525878906</ele><time>2026-04-04T22:54:46Z</time></trkpt><trkpt lat="37.56200408935547" lon="126.98104858398438"><ele>36.400001525878906</ele><time>2026-04-04T22:54:47Z</time></trkpt><trkpt lat="37.56202697753906" lon="126.98106384277344"><ele>36.400001525878906</ele><time>2026-04-04T22:54:48Z</time></trkpt><trkpt lat="37.562042236328125" lon="126.98107147216797"><ele>36.400001525878906</ele><time>2026-04-04T22:54:49Z</time></trkpt><trkpt lat="37.56206512451172" lon="126.98107147216797"><ele>36.400001525878906</ele><time>2026-04-04T22:54:50Z</time></trkpt><trkpt lat="37.56208801269531" lon="126.98107147216797"><ele>36.400001525878906</ele><time>2026-04-04T22:54:51Z</time></trkpt><trkpt lat="37.56210708618164" lon="126.98107147216797"><ele>36.400001525878906</ele><time>2026-04-04T22:54:52Z</time></trkpt><trkpt lat="37.5621337890625" lon="126.9810562133789"><ele>36.400001525878906</ele><time>2026-04-04T22:54:53Z</time></trkpt><trkpt lat="37.56215286254883" lon="126.98104858398438"><ele>36.400001525878906</ele><time>2026-04-04T22:54:54Z</time></trkpt><trkpt lat="37.56217575073242" lon="126.98103332519531"><ele>36.400001525878906</ele><time>2026-04-04T22:54:55Z</time></trkpt><trkpt lat="37.562191009521484" lon="126.98101806640625"><ele>36.400001525878906</ele><time>2026-04-04T22:54:56Z</time></trkpt><trkpt lat="37.56221008300781" lon="126.98100280761719"><ele>36.400001525878906</ele><time>2026-04-04T22:54:57Z</time></trkpt><trkpt lat="37.56224060058594" lon="126.98100280761719"><ele>36.400001525878906</ele><time>2026-04-04T22:54:58Z</time></trkpt><trkpt lat="37.562259674072266" lon="126.98099517822266"><ele>36.400001525878906</ele><time>2026-04-04T22:54:59Z</time></trkpt><trkpt lat="37.56228256225586" lon="126.9809799194336"><ele>36.400001525878906</ele><time>2026-04-04T22:55:00Z</time></trkpt><trkpt lat="37.56230163574219" lon="126.98097229003906"><ele>36.599998474121094</ele><time>2026-04-04T22:55:01Z</time></trkpt><trkpt lat="37.56232452392578" lon="126.98095703125"><ele>36.599998474121094</ele><time>2026-04-04T22:55:02Z</time></trkpt><trkpt lat="37.56234359741211" lon="126.98094177246094"><ele>36.599998474121094</ele><time>2026-04-04T22:55:03Z</time></trkpt><trkpt lat="37.56236267089844" lon="126.9809341430664"><ele>36.599998474121094</ele><time>2026-04-04T22:55:04Z</time></trkpt><trkpt lat="37.56238555908203" lon="126.98091888427734"><ele>36.79999923706055</ele><time>2026-04-04T22:55:05Z</time></trkpt><trkpt lat="37.56240463256836" lon="126.98090362548828"><ele>36.79999923706055</ele><time>2026-04-04T22:55:06Z</time></trkpt><trkpt lat="37.56242370605469" lon="126.98088836669922"><ele>37.0</ele><time>2026-04-04T22:55:07Z</time></trkpt><trkpt lat="37.562442779541016" lon="126.98087310791016"><ele>37.0</ele><time>2026-04-04T22:55:08Z</time></trkpt><trkpt lat="37.56246566772461" lon="126.98085021972656"><ele>37.0</ele><time>2026-04-04T22:55:09Z</time></trkpt><trkpt lat="37.56248092651367" lon="126.98082733154297"><ele>37.0</ele><time>2026-04-04T22:55:10Z</time></trkpt><trkpt lat="37.562503814697266" lon="126.98080444335938"><ele>37.0</ele><time>2026-04-04T22:55:11Z</time></trkpt><trkpt lat="37.56251907348633" lon="126.98078155517578"><ele>37.0</ele><time>2026-04-04T22:55:12Z</time></trkpt><trkpt lat="37.562538146972656" lon="126.98075866699219"><ele>37.0</ele><time>2026-04-04T22:55:13Z</time></trkpt><trkpt lat="37.562557220458984" lon="126.9807357788086"><ele>37.0</ele><time>2026-04-04T22:55:14Z</time></trkpt><trkpt lat="37.56257629394531" lon="126.980712890625"><ele>37.0</ele><time>2026-04-04T22:55:15Z</time></trkpt><trkpt lat="37.562591552734375" lon="126.98068237304688"><ele>37.0</ele><time>2026-04-04T22:55:16Z</time></trkpt><trkpt lat="37.5626106262207" lon="126.98065948486328"><ele>37.0</ele><time>2026-04-04T22:55:17Z</time></trkpt><trkpt lat="37.56262969970703" lon="126.98063659667969"><ele>37.20000076293945</ele><time>2026-04-04T22:55:18Z</time></trkpt><trkpt lat="37.562644958496094" lon="126.98062133789062"><ele>37.20000076293945</ele><time>2026-04-04T22:55:19Z</time></trkpt><trkpt lat="37.56266403198242" lon="126.98059844970703"><ele>37.20000076293945</ele><time>2026-04-04T22:55:20Z</time></trkpt><trkpt lat="37.56268310546875" lon="126.98058319091797"><ele>37.20000076293945</ele><time>2026-04-04T22:55:21Z</time></trkpt><trkpt lat="37.56269836425781" lon="126.98056030273438"><ele>37.400001525878906</ele><time>2026-04-04T22:55:22Z</time></trkpt><trkpt lat="37.562721252441406" lon="126.98053741455078"><ele>37.400001525878906</ele><time>2026-04-04T22:55:23Z</time></trkpt><trkpt lat="37.562740325927734" lon="126.98052978515625"><ele>37.400001525878906</ele><time>2026-04-04T22:55:24Z</time></trkpt><trkpt lat="37.56275939941406" lon="126.98051452636719"><ele>37.400001525878906</ele><time>2026-04-04T22:55:25Z</time></trkpt><trkpt lat="37.56278991699219" lon="126.98049926757812"><ele>37.599998474121094</ele><time>2026-04-04T22:55:26Z</time></trkpt><trkpt lat="37.56281280517578" lon="126.98048400878906"><ele>37.599998474121094</ele><time>2026-04-04T22:55:27Z</time></trkpt><trkpt lat="37.562835693359375" lon="126.98046875"><ele>37.599998474121094</ele><time>2026-04-04T22:55:28Z</time></trkpt><trkpt lat="37.56285858154297" lon="126.98046112060547"><ele>37.599998474121094</ele><time>2026-04-04T22:55:29Z</time></trkpt><trkpt lat="37.5628776550293" lon="126.98045349121094"><ele>37.79999923706055</ele><time>2026-04-04T22:55:30Z</time></trkpt><trkpt lat="37.562904357910156" lon="126.98043823242188"><ele>37.79999923706055</ele><time>2026-04-04T22:55:31Z</time></trkpt><trkpt lat="37.56291961669922" lon="126.98042297363281"><ele>37.79999923706055</ele><time>2026-04-04T22:55:32Z</time></trkpt><trkpt lat="37.56293869018555" lon="126.98041534423828"><ele>37.79999923706055</ele><time>2026-04-04T22:55:33Z</time></trkpt><trkpt lat="37.562957763671875" lon="126.98040008544922"><ele>37.79999923706055</ele><time>2026-04-04T22:55:34Z</time></trkpt><trkpt lat="37.5629768371582" lon="126.98038482666016"><ele>38.0</ele><time>2026-04-04T22:55:35Z</time></trkpt><trkpt lat="37.56300354003906" lon="126.98036193847656"><ele>38.0</ele><time>2026-04-04T22:55:36Z</time></trkpt><trkpt lat="37.56302261352539" lon="126.9803466796875"><ele>38.0</ele><time>2026-04-04T22:55:37Z</time></trkpt><trkpt lat="37.56304168701172" lon="126.98033142089844"><ele>38.0</ele><time>2026-04-04T22:55:38Z</time></trkpt><trkpt lat="37.56306457519531" lon="126.98031616210938"><ele>38.20000076293945</ele><time>2026-04-04T22:55:39Z</time></trkpt><trkpt lat="37.563079833984375" lon="126.98029327392578"><ele>38.20000076293945</ele><time>2026-04-04T22:55:40Z</time></trkpt><trkpt lat="37.563106536865234" lon="126.98027801513672"><ele>38.20000076293945</ele><time>2026-04-04T22:55:41Z</time></trkpt><trkpt lat="37.5631217956543" lon="126.98025512695312"><ele>38.20000076293945</ele><time>2026-04-04T22:55:42Z</time></trkpt><trkpt lat="37.563140869140625" lon="126.98023223876953"><ele>38.400001525878906</ele><time>2026-04-04T22:55:43Z</time></trkpt><trkpt lat="37.56315231323242" lon="126.98020935058594"><ele>38.400001525878906</ele><time>2026-04-04T22:55:44Z</time></trkpt><trkpt lat="37.563167572021484" lon="126.98018646240234"><ele>38.400001525878906</ele><time>2026-04-04T22:55:45Z</time></trkpt><trkpt lat="37.56318664550781" lon="126.98015594482422"><ele>38.400001525878906</ele><time>2026-04-04T22:55:46Z</time></trkpt><trkpt lat="37.563201904296875" lon="126.98013305664062"><ele>38.400001525878906</ele><time>2026-04-04T22:55:47Z</time></trkpt><trkpt lat="37.56322479248047" lon="126.98011016845703"><ele>38.400001525878906</ele><time>2026-04-04T22:55:48Z</time></trkpt><trkpt lat="37.563236236572266" lon="126.98008728027344"><ele>38.599998474121094</ele><time>2026-04-04T22:55:49Z</time></trkpt><trkpt lat="37.56325149536133" lon="126.98006439208984"><ele>38.599998474121094</ele><time>2026-04-04T22:55:50Z</time></trkpt><trkpt lat="37.563270568847656" lon="126.98004913330078"><ele>38.599998474121094</ele><time>2026-04-04T22:55:51Z</time></trkpt><trkpt lat="37.56328582763672" lon="126.98002624511719"><ele>38.599998474121094</ele><time>2026-04-04T22:55:52Z</time></trkpt><trkpt lat="37.56330871582031" lon="126.9800033569336"><ele>38.599998474121094</ele><time>2026-04-04T22:55:53Z</time></trkpt><trkpt lat="37.563323974609375" lon="126.97998809814453"><ele>38.599998474121094</ele><time>2026-04-04T22:55:54Z</time></trkpt><trkpt lat="37.56334686279297" lon="126.97996520996094"><ele>38.599998474121094</ele><time>2026-04-04T22:55:55Z</time></trkpt><trkpt lat="37.563358306884766" lon="126.97994995117188"><ele>38.599998474121094</ele><time>2026-04-04T22:55:56Z</time></trkpt><trkpt lat="37.56337356567383" lon="126.97993469238281"><ele>38.599998474121094</ele><time>2026-04-04T22:55:57Z</time></trkpt><trkpt lat="37.56338882446289" lon="126.97991180419922"><ele>38.599998474121094</ele><time>2026-04-04T22:55:58Z</time></trkpt><trkpt lat="37.56340408325195" lon="126.97989654541016"><ele>38.599998474121094</ele><time>2026-04-04T22:55:59Z</time></trkpt><trkpt lat="37.56342315673828" lon="126.97987365722656"><ele>38.599998474121094</ele><time>2026-04-04T22:56:00Z</time></trkpt><trkpt lat="37.563438415527344" lon="126.9798583984375"><ele>38.599998474121094</ele><time>2026-04-04T22:56:01Z</time></trkpt><trkpt lat="37.56345748901367" lon="126.9798355102539"><ele>38.599998474121094</ele><time>2026-04-04T22:56:02Z</time></trkpt><trkpt lat="37.563472747802734" lon="126.97982025146484"><ele>38.599998474121094</ele><time>2026-04-04T22:56:03Z</time></trkpt><trkpt lat="37.56349182128906" lon="126.97980499267578"><ele>38.599998474121094</ele><time>2026-04-04T22:56:04Z</time></trkpt><trkpt lat="37.56351089477539" lon="126.97978210449219"><ele>38.599998474121094</ele><time>2026-04-04T22:56:05Z</time></trkpt><trkpt lat="37.56352996826172" lon="126.9797592163086"><ele>38.599998474121094</ele><time>2026-04-04T22:56:06Z</time></trkpt><trkpt lat="37.56355285644531" lon="126.97974395751953"><ele>38.599998474121094</ele><time>2026-04-04T22:56:07Z</time></trkpt><trkpt lat="37.56357192993164" lon="126.97972106933594"><ele>38.599998474121094</ele><time>2026-04-04T22:56:08Z</time></trkpt><trkpt lat="37.563594818115234" lon="126.97970581054688"><ele>38.599998474121094</ele><time>2026-04-04T22:56:09Z</time></trkpt><trkpt lat="37.5636100769043" lon="126.97968292236328"><ele>38.599998474121094</ele><time>2026-04-04T22:56:10Z</time></trkpt><trkpt lat="37.563629150390625" lon="126.97966003417969"><ele>38.599998474121094</ele><time>2026-04-04T22:56:11Z</time></trkpt><trkpt lat="37.56364822387695" lon="126.97964477539062"><ele>38.599998474121094</ele><time>2026-04-04T22:56:12Z</time></trkpt><trkpt lat="37.56367111206055" lon="126.97962951660156"><ele>38.400001525878906</ele><time>2026-04-04T22:56:13Z</time></trkpt><trkpt lat="37.56369400024414" lon="126.97960662841797"><ele>38.400001525878906</ele><time>2026-04-04T22:56:14Z</time></trkpt><trkpt lat="37.56371307373047" lon="126.97958374023438"><ele>38.400001525878906</ele><time>2026-04-04T22:56:15Z</time></trkpt><trkpt lat="37.56373596191406" lon="126.97956848144531"><ele>38.20000076293945</ele><time>2026-04-04T22:56:16Z</time></trkpt><trkpt lat="37.56375503540039" lon="126.97955322265625"><ele>38.20000076293945</ele><time>2026-04-04T22:56:17Z</time></trkpt><trkpt lat="37.563777923583984" lon="126.97953796386719"><ele>38.20000076293945</ele><time>2026-04-04T22:56:18Z</time></trkpt><trkpt lat="37.56379699707031" lon="126.97952270507812"><ele>38.20000076293945</ele><time>2026-04-04T22:56:19Z</time></trkpt><trkpt lat="37.56381607055664" lon="126.9795150756836"><ele>38.20000076293945</ele><time>2026-04-04T22:56:20Z</time></trkpt><trkpt lat="37.56383514404297" lon="126.9794921875"><ele>38.0</ele><time>2026-04-04T22:56:21Z</time></trkpt><trkpt lat="37.5638542175293" lon="126.97947692871094"><ele>38.0</ele><time>2026-04-04T22:56:22Z</time></trkpt><trkpt lat="37.563880920410156" lon="126.97946166992188"><ele>38.0</ele><time>2026-04-04T22:56:23Z</time></trkpt><trkpt lat="37.56389617919922" lon="126.97944641113281"><ele>37.79999923706055</ele><time>2026-04-04T22:56:24Z</time></trkpt><trkpt lat="37.56391906738281" lon="126.97942352294922"><ele>37.79999923706055</ele><time>2026-04-04T22:56:25Z</time></trkpt><trkpt lat="37.563941955566406" lon="126.97940826416016"><ele>37.79999923706055</ele><time>2026-04-04T22:56:26Z</time></trkpt><trkpt lat="37.563961029052734" lon="126.9793930053711"><ele>37.79999923706055</ele><time>2026-04-04T22:56:27Z</time></trkpt><trkpt lat="37.56398010253906" lon="126.97937774658203"><ele>37.599998474121094</ele><time>2026-04-04T22:56:28Z</time></trkpt><trkpt lat="37.56399917602539" lon="126.97936248779297"><ele>37.599998474121094</ele><time>2026-04-04T22:56:29Z</time></trkpt><trkpt lat="37.56401824951172" lon="126.97933959960938"><ele>37.599998474121094</ele><time>2026-04-04T22:56:30Z</time></trkpt><trkpt lat="37.564029693603516" lon="126.97931671142578"><ele>37.400001525878906</ele><time>2026-04-04T22:56:31Z</time></trkpt><trkpt lat="37.56405258178711" lon="126.97930908203125"><ele>37.400001525878906</ele><time>2026-04-04T22:56:32Z</time></trkpt><trkpt lat="37.5640754699707" lon="126.97929382324219"><ele>37.400001525878906</ele><time>2026-04-04T22:56:33Z</time></trkpt><trkpt lat="37.56410598754883" lon="126.97927856445312"><ele>37.20000076293945</ele><time>2026-04-04T22:56:34Z</time></trkpt><trkpt lat="37.564125061035156" lon="126.97926330566406"><ele>37.20000076293945</ele><time>2026-04-04T22:56:35Z</time></trkpt><trkpt lat="37.564144134521484" lon="126.979248046875"><ele>37.0</ele><time>2026-04-04T22:56:36Z</time></trkpt><trkpt lat="37.564170837402344" lon="126.97923278808594"><ele>37.0</ele><time>2026-04-04T22:56:37Z</time></trkpt><trkpt lat="37.564186096191406" lon="126.97920989990234"><ele>36.79999923706055</ele><time>2026-04-04T22:56:38Z</time></trkpt><trkpt lat="37.564212799072266" lon="126.97918701171875"><ele>36.79999923706055</ele><time>2026-04-04T22:56:39Z</time></trkpt><trkpt lat="37.56422805786133" lon="126.97917175292969"><ele>36.79999923706055</ele><time>2026-04-04T22:56:40Z</time></trkpt><trkpt lat="37.56425857543945" lon="126.9791488647461"><ele>36.79999923706055</ele><time>2026-04-04T22:56:41Z</time></trkpt><trkpt lat="37.56427001953125" lon="126.97913360595703"><ele>36.79999923706055</ele><time>2026-04-04T22:56:42Z</time></trkpt><trkpt lat="37.56429672241211" lon="126.97911834716797"><ele>36.599998474121094</ele><time>2026-04-04T22:56:43Z</time></trkpt><trkpt lat="37.56431579589844" lon="126.97909545898438"><ele>36.599998474121094</ele><time>2026-04-04T22:56:44Z</time></trkpt><trkpt lat="37.564334869384766" lon="126.97908020019531"><ele>36.599998474121094</ele><time>2026-04-04T22:56:45Z</time></trkpt><trkpt lat="37.56435775756836" lon="126.97905731201172"><ele>36.599998474121094</ele><time>2026-04-04T22:56:46Z</time></trkpt><trkpt lat="37.56437301635742" lon="126.97904205322266"><ele>36.400001525878906</ele><time>2026-04-04T22:56:47Z</time></trkpt><trkpt lat="37.56439971923828" lon="126.97901153564453"><ele>36.400001525878906</ele><time>2026-04-04T22:56:48Z</time></trkpt><trkpt lat="37.56441879272461" lon="126.97899627685547"><ele>36.400001525878906</ele><time>2026-04-04T22:56:49Z</time></trkpt><trkpt lat="37.5644416809082" lon="126.97897338867188"><ele>36.400001525878906</ele><time>2026-04-04T22:56:50Z</time></trkpt><trkpt lat="37.564476013183594" lon="126.97895050048828"><ele>36.20000076293945</ele><time>2026-04-04T22:56:51Z</time></trkpt><trkpt lat="37.56449890136719" lon="126.97892761230469"><ele>36.20000076293945</ele><time>2026-04-04T22:56:52Z</time></trkpt><trkpt lat="37.56452178955078" lon="126.9789047241211"><ele>36.20000076293945</ele><time>2026-04-04T22:56:53Z</time></trkpt><trkpt lat="37.564544677734375" lon="126.97888946533203"><ele>36.0</ele><time>2026-04-04T22:56:54Z</time></trkpt><trkpt lat="37.56456756591797" lon="126.97887420654297"><ele>36.0</ele><time>2026-04-04T22:56:55Z</time></trkpt><trkpt lat="37.56458282470703" lon="126.9788589477539"><ele>35.79999923706055</ele><time>2026-04-04T22:56:56Z</time></trkpt><trkpt lat="37.564605712890625" lon="126.97883605957031"><ele>35.599998474121094</ele><time>2026-04-04T22:56:57Z</time></trkpt><trkpt lat="37.56462097167969" lon="126.97882080078125"><ele>35.400001525878906</ele><time>2026-04-04T22:56:58Z</time></trkpt><trkpt lat="37.564640045166016" lon="126.97879791259766"><ele>35.20000076293945</ele><time>2026-04-04T22:56:59Z</time></trkpt><trkpt lat="37.56465530395508" lon="126.9787826538086"><ele>35.20000076293945</ele><time>2026-04-04T22:57:00Z</time></trkpt><trkpt lat="37.56467819213867" lon="126.97876739501953"><ele>35.20000076293945</ele><time>2026-04-04T22:57:01Z</time></trkpt><trkpt lat="37.564693450927734" lon="126.97875213623047"><ele>35.20000076293945</ele><time>2026-04-04T22:57:02Z</time></trkpt><trkpt lat="37.5647087097168" lon="126.9787368774414"><ele>35.20000076293945</ele><time>2026-04-04T22:57:03Z</time></trkpt><trkpt lat="37.564727783203125" lon="126.97872161865234"><ele>35.20000076293945</ele><time>2026-04-04T22:57:04Z</time></trkpt><trkpt lat="37.56475067138672" lon="126.97870635986328"><ele>35.400001525878906</ele><time>2026-04-04T22:57:05Z</time></trkpt><trkpt lat="37.56477737426758" lon="126.97869110107422"><ele>35.400001525878906</ele><time>2026-04-04T22:57:06Z</time></trkpt><trkpt lat="37.564796447753906" lon="126.97866821289062"><ele>35.20000076293945</ele><time>2026-04-04T22:57:07Z</time></trkpt><trkpt lat="37.5648193359375" lon="126.97865295410156"><ele>35.20000076293945</ele><time>2026-04-04T22:57:08Z</time></trkpt><trkpt lat="37.564842224121094" lon="126.97864532470703"><ele>35.20000076293945</ele><time>2026-04-04T22:57:09Z</time></trkpt><trkpt lat="37.56487274169922" lon="126.97863006591797"><ele>35.0</ele><time>2026-04-04T22:57:10Z</time></trkpt><trkpt lat="37.56489562988281" lon="126.97862243652344"><ele>35.0</ele><time>2026-04-04T22:57:11Z</time></trkpt><trkpt lat="37.56492233276367" lon="126.9786148071289"><ele>34.79999923706055</ele><time>2026-04-04T22:57:12Z</time></trkpt><trkpt lat="37.56494140625" lon="126.9786148071289"><ele>34.79999923706055</ele><time>2026-04-04T22:57:13Z</time></trkpt><trkpt lat="37.564964294433594" lon="126.97860717773438"><ele>34.79999923706055</ele><time>2026-04-04T22:57:14Z</time></trkpt><trkpt lat="37.56499099731445" lon="126.97860717773438"><ele>34.599998474121094</ele><time>2026-04-04T22:57:15Z</time></trkpt><trkpt lat="37.56501770019531" lon="126.97860717773438"><ele>34.599998474121094</ele><time>2026-04-04T22:57:16Z</time></trkpt><trkpt lat="37.56504821777344" lon="126.9786148071289"><ele>34.599998474121094</ele><time>2026-04-04T22:57:17Z</time></trkpt><trkpt lat="37.56507873535156" lon="126.9786148071289"><ele>34.400001525878906</ele><time>2026-04-04T22:57:18Z</time></trkpt><trkpt lat="37.56511306762695" lon="126.9786376953125"><ele>34.400001525878906</ele><time>2026-04-04T22:57:19Z</time></trkpt><trkpt lat="37.56513214111328" lon="126.97864532470703"><ele>34.400001525878906</ele><time>2026-04-04T22:57:20Z</time></trkpt><trkpt lat="37.56515884399414" lon="126.9786605834961"><ele>34.400001525878906</ele><time>2026-04-04T22:57:21Z</time></trkpt><trkpt lat="37.565181732177734" lon="126.97866821289062"><ele>34.400001525878906</ele><time>2026-04-04T22:57:22Z</time></trkpt><trkpt lat="37.565208435058594" lon="126.97867584228516"><ele>34.400001525878906</ele><time>2026-04-04T22:57:23Z</time></trkpt><trkpt lat="37.56523132324219" lon="126.97869110107422"><ele>34.400001525878906</ele><time>2026-04-04T22:57:24Z</time></trkpt><trkpt lat="37.56525802612305" lon="126.97869873046875"><ele>34.20000076293945</ele><time>2026-04-04T22:57:25Z</time></trkpt><trkpt lat="37.565284729003906" lon="126.97871398925781"><ele>34.0</ele><time>2026-04-04T22:57:26Z</time></trkpt><trkpt lat="37.565311431884766" lon="126.97872161865234"><ele>33.79999923706055</ele><time>2026-04-04T22:57:27Z</time></trkpt><trkpt lat="37.56533432006836" lon="126.97874450683594"><ele>33.79999923706055</ele><time>2026-04-04T22:57:28Z</time></trkpt><trkpt lat="37.56535339355469" lon="126.97875213623047"><ele>33.79999923706055</ele><time>2026-04-04T22:57:29Z</time></trkpt><trkpt lat="37.56537628173828" lon="126.97876739501953"><ele>33.599998474121094</ele><time>2026-04-04T22:57:30Z</time></trkpt><trkpt lat="37.56539535522461" lon="126.97877502441406"><ele>33.599998474121094</ele><time>2026-04-04T22:57:31Z</time></trkpt><trkpt lat="37.56542205810547" lon="126.97879028320312"><ele>33.599998474121094</ele><time>2026-04-04T22:57:32Z</time></trkpt><trkpt lat="37.5654411315918" lon="126.97879791259766"><ele>33.599998474121094</ele><time>2026-04-04T22:57:33Z</time></trkpt><trkpt lat="37.56546401977539" lon="126.97880554199219"><ele>33.599998474121094</ele><time>2026-04-04T22:57:34Z</time></trkpt><trkpt lat="37.56548309326172" lon="126.97882080078125"><ele>33.400001525878906</ele><time>2026-04-04T22:57:35Z</time></trkpt><trkpt lat="37.56550598144531" lon="126.97882843017578"><ele>33.400001525878906</ele><time>2026-04-04T22:57:36Z</time></trkpt><trkpt lat="37.565528869628906" lon="126.97884368896484"><ele>33.400001525878906</ele><time>2026-04-04T22:57:37Z</time></trkpt><trkpt lat="37.565555572509766" lon="126.97885131835938"><ele>33.400001525878906</ele><time>2026-04-04T22:57:38Z</time></trkpt><trkpt lat="37.565582275390625" lon="126.97887420654297"><ele>33.400001525878906</ele><time>2026-04-04T22:57:39Z</time></trkpt><trkpt lat="37.56560134887695" lon="126.9788818359375"><ele>33.20000076293945</ele><time>2026-04-04T22:57:40Z</time></trkpt><trkpt lat="37.56562423706055" lon="126.97889709472656"><ele>33.20000076293945</ele><time>2026-04-04T22:57:41Z</time></trkpt><trkpt lat="37.56564712524414" lon="126.9789047241211"><ele>33.20000076293945</ele><time>2026-04-04T22:57:42Z</time></trkpt><trkpt lat="37.565673828125" lon="126.97891998291016"><ele>33.20000076293945</ele><time>2026-04-04T22:57:43Z</time></trkpt><trkpt lat="37.56570053100586" lon="126.97894287109375"><ele>33.20000076293945</ele><time>2026-04-04T22:57:44Z</time></trkpt><trkpt lat="37.56572341918945" lon="126.97895050048828"><ele>33.0</ele><time>2026-04-04T22:57:45Z</time></trkpt><trkpt lat="37.56575012207031" lon="126.97897338867188"><ele>33.0</ele><time>2026-04-04T22:57:46Z</time></trkpt><trkpt lat="37.56576919555664" lon="126.97898864746094"><ele>33.0</ele><time>2026-04-04T22:57:47Z</time></trkpt><trkpt lat="37.565792083740234" lon="126.97901916503906"><ele>32.79999923706055</ele><time>2026-04-04T22:57:48Z</time></trkpt><trkpt lat="37.56581497192383" lon="126.9790267944336"><ele>32.79999923706055</ele><time>2026-04-04T22:57:49Z</time></trkpt><trkpt lat="37.56584167480469" lon="126.97904968261719"><ele>32.79999923706055</ele><time>2026-04-04T22:57:50Z</time></trkpt><trkpt lat="37.565860748291016" lon="126.97907257080078"><ele>32.79999923706055</ele><time>2026-04-04T22:57:51Z</time></trkpt><trkpt lat="37.56588363647461" lon="126.97908782958984"><ele>32.599998474121094</ele><time>2026-04-04T22:57:52Z</time></trkpt><trkpt lat="37.56590270996094" lon="126.97911834716797"><ele>32.599998474121094</ele><time>2026-04-04T22:57:53Z</time></trkpt><trkpt lat="37.565921783447266" lon="126.9791259765625"><ele>32.599998474121094</ele><time>2026-04-04T22:57:54Z</time></trkpt><trkpt lat="37.565940856933594" lon="126.9791488647461"><ele>32.599998474121094</ele><time>2026-04-04T22:57:55Z</time></trkpt><trkpt lat="37.565956115722656" lon="126.97917938232422"><ele>32.599998474121094</ele><time>2026-04-04T22:57:56Z</time></trkpt><trkpt lat="37.565975189208984" lon="126.97920227050781"><ele>32.79999923706055</ele><time>2026-04-04T22:57:57Z</time></trkpt><trkpt lat="37.56598663330078" lon="126.9792251586914"><ele>33.0</ele><time>2026-04-04T22:57:58Z</time></trkpt><trkpt lat="37.56599807739258" lon="126.97925567626953"><ele>33.0</ele><time>2026-04-04T22:57:59Z</time></trkpt><trkpt lat="37.56600570678711" lon="126.97928619384766"><ele>33.20000076293945</ele><time>2026-04-04T22:58:00Z</time></trkpt><trkpt lat="37.56601333618164" lon="126.97930908203125"><ele>33.20000076293945</ele><time>2026-04-04T22:58:01Z</time></trkpt><trkpt lat="37.566017150878906" lon="126.97933959960938"><ele>33.0</ele><time>2026-04-04T22:58:02Z</time></trkpt><trkpt lat="37.56602096557617" lon="126.9793701171875"><ele>32.79999923706055</ele><time>2026-04-04T22:58:03Z</time></trkpt><trkpt lat="37.56602478027344" lon="126.97940826416016"><ele>32.79999923706055</ele><time>2026-04-04T22:58:04Z</time></trkpt><trkpt lat="37.56603240966797" lon="126.97943878173828"><ele>32.599998474121094</ele><time>2026-04-04T22:58:05Z</time></trkpt><trkpt lat="37.566036224365234" lon="126.97948455810547"><ele>32.400001525878906</ele><time>2026-04-04T22:58:06Z</time></trkpt><trkpt lat="37.566036224365234" lon="126.97950744628906"><ele>32.599998474121094</ele><time>2026-04-04T22:58:07Z</time></trkpt><trkpt lat="37.566036224365234" lon="126.97954559326172"><ele>32.599998474121094</ele><time>2026-04-04T22:58:08Z</time></trkpt><trkpt lat="37.566036224365234" lon="126.97957611083984"><ele>32.599998474121094</ele><time>2026-04-04T22:58:09Z</time></trkpt><trkpt lat="37.5660400390625" lon="126.9796142578125"><ele>32.599998474121094</ele><time>2026-04-04T22:58:10Z</time></trkpt><trkpt lat="37.5660400390625" lon="126.97965240478516"><ele>32.599998474121094</ele><time>2026-04-04T22:58:11Z</time></trkpt><trkpt lat="37.56604766845703" lon="126.97967529296875"><ele>32.79999923706055</ele><time>2026-04-04T22:58:12Z</time></trkpt><trkpt lat="37.5660514831543" lon="126.9797134399414"><ele>32.79999923706055</ele><time>2026-04-04T22:58:13Z</time></trkpt><trkpt lat="37.56605529785156" lon="126.97974395751953"><ele>32.79999923706055</ele><time>2026-04-04T22:58:14Z</time></trkpt><trkpt lat="37.56605529785156" lon="126.97977447509766"><ele>32.79999923706055</ele><time>2026-04-04T22:58:15Z</time></trkpt><trkpt lat="37.56605911254883" lon="126.97980499267578"><ele>32.79999923706055</ele><time>2026-04-04T22:58:16Z</time></trkpt><trkpt lat="37.56605911254883" lon="126.97982788085938"><ele>32.79999923706055</ele><time>2026-04-04T22:58:17Z</time></trkpt><trkpt lat="37.56605529785156" lon="126.9798583984375"><ele>32.79999923706055</ele><time>2026-04-04T22:58:18Z</time></trkpt><trkpt lat="37.5660514831543" lon="126.9798812866211"><ele>32.79999923706055</ele><time>2026-04-04T22:58:19Z</time></trkpt><trkpt lat="37.56604766845703" lon="126.97991180419922"><ele>32.79999923706055</ele><time>2026-04-04T22:58:20Z</time></trkpt><trkpt lat="37.5660514831543" lon="126.97994232177734"><ele>32.79999923706055</ele><time>2026-04-04T22:58:21Z</time></trkpt><trkpt lat="37.56605529785156" lon="126.97997283935547"><ele>32.79999923706055</ele><time>2026-04-04T22:58:22Z</time></trkpt><trkpt lat="37.56605529785156" lon="126.98001098632812"><ele>32.79999923706055</ele><time>2026-04-04T22:58:23Z</time></trkpt><trkpt lat="37.56605529785156" lon="126.98004150390625"><ele>32.599998474121094</ele><time>2026-04-04T22:58:24Z</time></trkpt><trkpt lat="37.56605529785156" lon="126.98007202148438"><ele>32.599998474121094</ele><time>2026-04-04T22:58:25Z</time></trkpt><trkpt lat="37.5660514831543" lon="126.9801025390625"><ele>32.599998474121094</ele><time>2026-04-04T22:58:26Z</time></trkpt><trkpt lat="37.56604766845703" lon="126.98013305664062"><ele>32.599998474121094</ele><time>2026-04-04T22:58:27Z</time></trkpt><trkpt lat="37.56604766845703" lon="126.98016357421875"><ele>32.599998474121094</ele><time>2026-04-04T22:58:28Z</time></trkpt><trkpt lat="37.5660514831543" lon="126.98019409179688"><ele>32.599998474121094</ele><time>2026-04-04T22:58:29Z</time></trkpt><trkpt lat="37.5660514831543" lon="126.980224609375"><ele>32.599998474121094</ele><time>2026-04-04T22:58:30Z</time></trkpt><trkpt lat="37.5660514831543" lon="126.98025512695312"><ele>32.599998474121094</ele><time>2026-04-04T22:58:31Z</time></trkpt><trkpt lat="37.56605529785156" lon="126.98027801513672"><ele>32.599998474121094</ele><time>2026-04-04T22:58:32Z</time></trkpt><trkpt lat="37.56605911254883" lon="126.98031616210938"><ele>32.599998474121094</ele><time>2026-04-04T22:58:33Z</time></trkpt><trkpt lat="37.56605529785156" lon="126.98033905029297"><ele>32.599998474121094</ele><time>2026-04-04T22:58:34Z</time></trkpt><trkpt lat="37.56605911254883" lon="126.9803695678711"><ele>32.599998474121094</ele><time>2026-04-04T22:58:35Z</time></trkpt><trkpt lat="37.56605529785156" lon="126.98040771484375"><ele>32.599998474121094</ele><time>2026-04-04T22:58:36Z</time></trkpt><trkpt lat="37.56605529785156" lon="126.98043823242188"><ele>32.599998474121094</ele><time>2026-04-04T22:58:37Z</time></trkpt><trkpt lat="37.5660514831543" lon="126.98047637939453"><ele>32.599998474121094</ele><time>2026-04-04T22:58:38Z</time></trkpt><trkpt lat="37.5660514831543" lon="126.98049926757812"><ele>32.599998474121094</ele><time>2026-04-04T22:58:39Z</time></trkpt><trkpt lat="37.56604766845703" lon="126.98053741455078"><ele>32.599998474121094</ele><time>2026-04-04T22:58:40Z</time></trkpt><trkpt lat="37.566043853759766" lon="126.9805679321289"><ele>32.599998474121094</ele><time>2026-04-04T22:58:41Z</time></trkpt><trkpt lat="37.56604766845703" lon="126.98059844970703"><ele>32.79999923706055</ele><time>2026-04-04T22:58:42Z</time></trkpt><trkpt lat="37.566043853759766" lon="126.98062133789062"><ele>32.79999923706055</ele><time>2026-04-04T22:58:43Z</time></trkpt><trkpt lat="37.566043853759766" lon="126.98065948486328"><ele>32.79999923706055</ele><time>2026-04-04T22:58:44Z</time></trkpt><trkpt lat="37.56604766845703" lon="126.98068237304688"><ele>32.599998474121094</ele><time>2026-04-04T22:58:45Z</time></trkpt><trkpt lat="37.5660514831543" lon="126.980712890625"><ele>32.599998474121094</ele><time>2026-04-04T22:58:46Z</time></trkpt><trkpt lat="37.5660514831543" lon="126.98075103759766"><ele>32.599998474121094</ele><time>2026-04-04T22:58:47Z</time></trkpt><trkpt lat="37.56605529785156" lon="126.98077392578125"><ele>32.599998474121094</ele><time>2026-04-04T22:58:48Z</time></trkpt><trkpt lat="37.56605529785156" lon="126.9808120727539"><ele>32.599998474121094</ele><time>2026-04-04T22:58:49Z</time></trkpt><trkpt lat="37.56605911254883" lon="126.98084259033203"><ele>32.599998474121094</ele><time>2026-04-04T22:58:50Z</time></trkpt><trkpt lat="37.56605911254883" lon="126.98088073730469"><ele>32.599998474121094</ele><time>2026-04-04T22:58:51Z</time></trkpt><trkpt lat="37.566062927246094" lon="126.98091125488281"><ele>32.599998474121094</ele><time>2026-04-04T22:58:52Z</time></trkpt><trkpt lat="37.566062927246094" lon="126.98094940185547"><ele>32.599998474121094</ele><time>2026-04-04T22:58:53Z</time></trkpt><trkpt lat="37.566070556640625" lon="126.9809799194336"><ele>32.599998474121094</ele><time>2026-04-04T22:58:54Z</time></trkpt><trkpt lat="37.56607437133789" lon="126.98101806640625"><ele>32.599998474121094</ele><time>2026-04-04T22:58:55Z</time></trkpt><trkpt lat="37.566078186035156" lon="126.98104858398438"><ele>32.599998474121094</ele><time>2026-04-04T22:58:56Z</time></trkpt><trkpt lat="37.56608200073242" lon="126.9810791015625"><ele>32.400001525878906</ele><time>2026-04-04T22:58:57Z</time></trkpt><trkpt lat="37.56608200073242" lon="126.98112487792969"><ele>32.400001525878906</ele><time>2026-04-04T22:58:58Z</time></trkpt><trkpt lat="37.56608200073242" lon="126.98115539550781"><ele>32.20000076293945</ele><time>2026-04-04T22:58:59Z</time></trkpt><trkpt lat="37.56608200073242" lon="126.98119354248047"><ele>32.20000076293945</ele><time>2026-04-04T22:59:00Z</time></trkpt><trkpt lat="37.56608200073242" lon="126.9812240600586"><ele>32.20000076293945</ele><time>2026-04-04T22:59:01Z</time></trkpt><trkpt lat="37.56608200073242" lon="126.98126220703125"><ele>32.20000076293945</ele><time>2026-04-04T22:59:02Z</time></trkpt><trkpt lat="37.566078186035156" lon="126.98128509521484"><ele>32.400001525878906</ele><time>2026-04-04T22:59:03Z</time></trkpt><trkpt lat="37.56606674194336" lon="126.9813232421875"><ele>32.400001525878906</ele><time>2026-04-04T22:59:04Z</time></trkpt><trkpt lat="37.56606674194336" lon="126.98135375976562"><ele>32.20000076293945</ele><time>2026-04-04T22:59:05Z</time></trkpt><trkpt lat="37.56605911254883" lon="126.98138427734375"><ele>32.20000076293945</ele><time>2026-04-04T22:59:06Z</time></trkpt><trkpt lat="37.56605529785156" lon="126.98141479492188"><ele>32.20000076293945</ele><time>2026-04-04T22:59:07Z</time></trkpt><trkpt lat="37.56605529785156" lon="126.98143768310547"><ele>32.0</ele><time>2026-04-04T22:59:08Z</time></trkpt><trkpt lat="37.56605529785156" lon="126.98147583007812"><ele>32.0</ele><time>2026-04-04T22:59:09Z</time></trkpt><trkpt lat="37.56605529785156" lon="126.98151397705078"><ele>32.0</ele><time>2026-04-04T22:59:10Z</time></trkpt><trkpt lat="37.56605529785156" lon="126.98155212402344"><ele>32.0</ele><time>2026-04-04T22:59:11Z</time></trkpt><trkpt lat="37.56605529785156" lon="126.98157501220703"><ele>32.0</ele><time>2026-04-04T22:59:12Z</time></trkpt><trkpt lat="37.56605529785156" lon="126.98161315917969"><ele>32.20000076293945</ele><time>2026-04-04T22:59:13Z</time></trkpt><trkpt lat="37.56605911254883" lon="126.98163604736328"><ele>32.20000076293945</ele><time>2026-04-04T22:59:14Z</time></trkpt><trkpt lat="37.566062927246094" lon="126.98165130615234"><ele>32.20000076293945</ele><time>2026-04-04T22:59:15Z</time></trkpt><trkpt lat="37.566062927246094" lon="126.98168182373047"><ele>32.20000076293945</ele><time>2026-04-04T22:59:16Z</time></trkpt><trkpt lat="37.566062927246094" lon="126.98172760009766"><ele>32.20000076293945</ele><time>2026-04-04T22:59:17Z</time></trkpt><trkpt lat="37.566070556640625" lon="126.98175811767578"><ele>32.20000076293945</ele><time>2026-04-04T22:59:18Z</time></trkpt><trkpt lat="37.566070556640625" lon="126.98179626464844"><ele>32.20000076293945</ele><time>2026-04-04T22:59:19Z</time></trkpt><trkpt lat="37.56607437133789" lon="126.98182678222656"><ele>32.20000076293945</ele><time>2026-04-04T22:59:20Z</time></trkpt><trkpt lat="37.566078186035156" lon="126.98185729980469"><ele>32.0</ele><time>2026-04-04T22:59:21Z</time></trkpt><trkpt lat="37.56608200073242" lon="126.98188781738281"><ele>32.0</ele><time>2026-04-04T22:59:22Z</time></trkpt><trkpt lat="37.56608581542969" lon="126.98191833496094"><ele>31.799999237060547</ele><time>2026-04-04T22:59:23Z</time></trkpt><trkpt lat="37.56608581542969" lon="126.9819564819336"><ele>31.799999237060547</ele><time>2026-04-04T22:59:24Z</time></trkpt><trkpt lat="37.56608963012695" lon="126.98198699951172"><ele>31.799999237060547</ele><time>2026-04-04T22:59:25Z</time></trkpt><trkpt lat="37.56608963012695" lon="126.9820327758789"><ele>31.799999237060547</ele><time>2026-04-04T22:59:26Z</time></trkpt><trkpt lat="37.56609344482422" lon="126.98206329345703"><ele>31.600000381469727</ele><time>2026-04-04T22:59:27Z</time></trkpt><trkpt lat="37.56609344482422" lon="126.98210906982422"><ele>31.600000381469727</ele><time>2026-04-04T22:59:28Z</time></trkpt><trkpt lat="37.56609344482422" lon="126.98213958740234"><ele>31.600000381469727</ele><time>2026-04-04T22:59:29Z</time></trkpt><trkpt lat="37.56609344482422" lon="126.982177734375"><ele>31.600000381469727</ele><time>2026-04-04T22:59:30Z</time></trkpt><trkpt lat="37.56609344482422" lon="126.98220825195312"><ele>31.600000381469727</ele><time>2026-04-04T22:59:31Z</time></trkpt><trkpt lat="37.56610107421875" lon="126.98225402832031"><ele>31.600000381469727</ele><time>2026-04-04T22:59:32Z</time></trkpt><trkpt lat="37.566104888916016" lon="126.98228454589844"><ele>31.600000381469727</ele><time>2026-04-04T22:59:33Z</time></trkpt><trkpt lat="37.566104888916016" lon="126.98231506347656"><ele>31.600000381469727</ele><time>2026-04-04T22:59:34Z</time></trkpt><trkpt lat="37.566104888916016" lon="126.98234558105469"><ele>31.600000381469727</ele><time>2026-04-04T22:59:35Z</time></trkpt><trkpt lat="37.566104888916016" lon="126.98237609863281"><ele>31.600000381469727</ele><time>2026-04-04T22:59:36Z</time></trkpt><trkpt lat="37.566104888916016" lon="126.98240661621094"><ele>31.600000381469727</ele><time>2026-04-04T22:59:37Z</time></trkpt><trkpt lat="37.566104888916016" lon="126.98242950439453"><ele>31.799999237060547</ele><time>2026-04-04T22:59:38Z</time></trkpt><trkpt lat="37.566104888916016" lon="126.98246002197266"><ele>31.799999237060547</ele><time>2026-04-04T22:59:39Z</time></trkpt><trkpt lat="37.566104888916016" lon="126.98248291015625"><ele>31.799999237060547</ele><time>2026-04-04T22:59:40Z</time></trkpt><trkpt lat="37.566104888916016" lon="126.98251342773438"><ele>31.799999237060547</ele><time>2026-04-04T22:59:41Z</time></trkpt><trkpt lat="37.56610870361328" lon="126.9825439453125"><ele>31.600000381469727</ele><time>2026-04-04T22:59:42Z</time></trkpt><trkpt lat="37.56611251831055" lon="126.98257446289062"><ele>31.600000381469727</ele><time>2026-04-04T22:59:43Z</time></trkpt><trkpt lat="37.56611251831055" lon="126.98259735107422"><ele>31.600000381469727</ele><time>2026-04-04T22:59:44Z</time></trkpt><trkpt lat="37.56611633300781" lon="126.98262023925781"><ele>31.600000381469727</ele><time>2026-04-04T22:59:45Z</time></trkpt><trkpt lat="37.56610870361328" lon="126.98265838623047"><ele>31.600000381469727</ele><time>2026-04-04T22:59:46Z</time></trkpt><trkpt lat="37.56610107421875" lon="126.98268127441406"><ele>31.600000381469727</ele><time>2026-04-04T22:59:47Z</time></trkpt><trkpt lat="37.56609344482422" lon="126.98271942138672"><ele>31.600000381469727</ele><time>2026-04-04T22:59:48Z</time></trkpt><trkpt lat="37.56608963012695" lon="126.98274230957031"><ele>31.600000381469727</ele><time>2026-04-04T22:59:49Z</time></trkpt><trkpt lat="37.566078186035156" lon="126.98278045654297"><ele>31.399999618530273</ele><time>2026-04-04T22:59:50Z</time></trkpt><trkpt lat="37.56607437133789" lon="126.98280334472656"><ele>31.399999618530273</ele><time>2026-04-04T22:59:51Z</time></trkpt><trkpt lat="37.56606674194336" lon="126.98284149169922"><ele>31.399999618530273</ele><time>2026-04-04T22:59:52Z</time></trkpt><trkpt lat="37.566062927246094" lon="126.98287200927734"><ele>31.399999618530273</ele><time>2026-04-04T22:59:53Z</time></trkpt><trkpt lat="37.56605529785156" lon="126.98290252685547"><ele>31.399999618530273</ele><time>2026-04-04T22:59:54Z</time></trkpt><trkpt lat="37.56604766845703" lon="126.9829330444336"><ele>31.399999618530273</ele><time>2026-04-04T22:59:55Z</time></trkpt><trkpt lat="37.566043853759766" lon="126.98296356201172"><ele>31.399999618530273</ele><time>2026-04-04T22:59:56Z</time></trkpt><trkpt lat="37.566036224365234" lon="126.98299407958984"><ele>31.399999618530273</ele><time>2026-04-04T22:59:57Z</time></trkpt><trkpt lat="37.566036224365234" lon="126.98302459716797"><ele>31.399999618530273</ele><time>2026-04-04T22:59:58Z</time></trkpt><trkpt lat="37.566036224365234" lon="126.98304748535156"><ele>31.399999618530273</ele><time>2026-04-04T22:59:59Z</time></trkpt><trkpt lat="37.566036224365234" lon="126.98307800292969"><ele>31.600000381469727</ele><time>2026-04-04T23:00:00Z</time></trkpt><trkpt lat="37.5660400390625" lon="126.98311614990234"><ele>31.600000381469727</ele><time>2026-04-04T23:00:01Z</time></trkpt><trkpt lat="37.566043853759766" lon="126.98313903808594"><ele>31.399999618530273</ele><time>2026-04-04T23:00:02Z</time></trkpt><trkpt lat="37.56604766845703" lon="126.98316955566406"><ele>31.399999618530273</ele><time>2026-04-04T23:00:03Z</time></trkpt><trkpt lat="37.5660514831543" lon="126.98320007324219"><ele>31.399999618530273</ele><time>2026-04-04T23:00:04Z</time></trkpt><trkpt lat="37.56605911254883" lon="126.98322296142578"><ele>31.200000762939453</ele><time>2026-04-04T23:00:05Z</time></trkpt><trkpt lat="37.56605911254883" lon="126.9832534790039"><ele>31.200000762939453</ele><time>2026-04-04T23:00:06Z</time></trkpt><trkpt lat="37.566062927246094" lon="126.98328399658203"><ele>31.200000762939453</ele><time>2026-04-04T23:00:07Z</time></trkpt><trkpt lat="37.56606674194336" lon="126.98331451416016"><ele>31.200000762939453</ele><time>2026-04-04T23:00:08Z</time></trkpt><trkpt lat="37.566070556640625" lon="126.98334503173828"><ele>31.200000762939453</ele><time>2026-04-04T23:00:09Z</time></trkpt><trkpt lat="37.56607437133789" lon="126.9833755493164"><ele>31.200000762939453</ele><time>2026-04-04T23:00:10Z</time></trkpt><trkpt lat="37.566078186035156" lon="126.98340606689453"><ele>31.0</ele><time>2026-04-04T23:00:11Z</time></trkpt><trkpt lat="37.56608200073242" lon="126.98343658447266"><ele>31.0</ele><time>2026-04-04T23:00:12Z</time></trkpt><trkpt lat="37.56608200073242" lon="126.98346710205078"><ele>31.0</ele><time>2026-04-04T23:00:13Z</time></trkpt><trkpt lat="37.56608581542969" lon="126.98350524902344"><ele>31.0</ele><time>2026-04-04T23:00:14Z</time></trkpt><trkpt lat="37.56608963012695" lon="126.98352813720703"><ele>31.0</ele><time>2026-04-04T23:00:15Z</time></trkpt><trkpt lat="37.56609344482422" lon="126.98355865478516"><ele>31.0</ele><time>2026-04-04T23:00:16Z</time></trkpt><trkpt lat="37.566097259521484" lon="126.98358917236328"><ele>31.0</ele><time>2026-04-04T23:00:17Z</time></trkpt><trkpt lat="37.566097259521484" lon="126.9836196899414"><ele>31.0</ele><time>2026-04-04T23:00:18Z</time></trkpt><trkpt lat="37.566097259521484" lon="126.98365783691406"><ele>31.0</ele><time>2026-04-04T23:00:19Z</time></trkpt><trkpt lat="37.56610107421875" lon="126.98368072509766"><ele>31.0</ele><time>2026-04-04T23:00:20Z</time></trkpt><trkpt lat="37.56610107421875" lon="126.98372650146484"><ele>31.0</ele><time>2026-04-04T23:00:21Z</time></trkpt><trkpt lat="37.566097259521484" lon="126.98374938964844"><ele>31.0</ele><time>2026-04-04T23:00:22Z</time></trkpt><trkpt lat="37.566097259521484" lon="126.9837875366211"><ele>31.0</ele><time>2026-04-04T23:00:23Z</time></trkpt><trkpt lat="37.56610107421875" lon="126.98382568359375"><ele>31.0</ele><time>2026-04-04T23:00:24Z</time></trkpt><trkpt lat="37.566097259521484" lon="126.9838638305664"><ele>31.0</ele><time>2026-04-04T23:00:25Z</time></trkpt><trkpt lat="37.56610107421875" lon="126.98389434814453"><ele>31.0</ele><time>2026-04-04T23:00:26Z</time></trkpt><trkpt lat="37.566104888916016" lon="126.98393249511719"><ele>31.0</ele><time>2026-04-04T23:00:27Z</time></trkpt><trkpt lat="37.56611251831055" lon="126.98396301269531"><ele>31.0</ele><time>2026-04-04T23:00:28Z</time></trkpt><trkpt lat="37.56611633300781" lon="126.98400115966797"><ele>31.0</ele><time>2026-04-04T23:00:29Z</time></trkpt><trkpt lat="37.56612777709961" lon="126.98403930664062"><ele>31.0</ele><time>2026-04-04T23:00:30Z</time></trkpt><trkpt lat="37.56612777709961" lon="126.98406219482422"><ele>31.0</ele><time>2026-04-04T23:00:31Z</time></trkpt><trkpt lat="37.566131591796875" lon="126.98409271240234"><ele>31.0</ele><time>2026-04-04T23:00:32Z</time></trkpt><trkpt lat="37.566139221191406" lon="126.98411560058594"><ele>31.0</ele><time>2026-04-04T23:00:33Z</time></trkpt><trkpt lat="37.56614303588867" lon="126.98414611816406"><ele>31.0</ele><time>2026-04-04T23:00:34Z</time></trkpt><trkpt lat="37.56614685058594" lon="126.98417663574219"><ele>31.0</ele><time>2026-04-04T23:00:35Z</time></trkpt><trkpt lat="37.56614685058594" lon="126.98420715332031"><ele>31.0</ele><time>2026-04-04T23:00:36Z</time></trkpt><trkpt lat="37.5661506652832" lon="126.98423767089844"><ele>31.0</ele><time>2026-04-04T23:00:37Z</time></trkpt><trkpt lat="37.5661506652832" lon="126.98426818847656"><ele>31.0</ele><time>2026-04-04T23:00:38Z</time></trkpt><trkpt lat="37.566158294677734" lon="126.98430633544922"><ele>31.0</ele><time>2026-04-04T23:00:39Z</time></trkpt><trkpt lat="37.566162109375" lon="126.98433685302734"><ele>31.0</ele><time>2026-04-04T23:00:40Z</time></trkpt><trkpt lat="37.566165924072266" lon="126.984375"><ele>31.0</ele><time>2026-04-04T23:00:41Z</time></trkpt><trkpt lat="37.566165924072266" lon="126.9843978881836"><ele>31.0</ele><time>2026-04-04T23:00:42Z</time></trkpt><trkpt lat="37.5661735534668" lon="126.98442840576172"><ele>31.0</ele><time>2026-04-04T23:00:43Z</time></trkpt><trkpt lat="37.5661735534668" lon="126.98445892333984"><ele>31.0</ele><time>2026-04-04T23:00:44Z</time></trkpt><trkpt lat="37.5661735534668" lon="126.98448944091797"><ele>31.0</ele><time>2026-04-04T23:00:45Z</time></trkpt><trkpt lat="37.56616973876953" lon="126.98451232910156"><ele>31.200000762939453</ele><time>2026-04-04T23:00:46Z</time></trkpt><trkpt lat="37.566165924072266" lon="126.98454284667969"><ele>31.200000762939453</ele><time>2026-04-04T23:00:47Z</time></trkpt><trkpt lat="37.566165924072266" lon="126.98456573486328"><ele>31.200000762939453</ele><time>2026-04-04T23:00:48Z</time></trkpt><trkpt lat="37.56616973876953" lon="126.9845962524414"><ele>31.200000762939453</ele><time>2026-04-04T23:00:49Z</time></trkpt><trkpt lat="37.56616973876953" lon="126.984619140625"><ele>31.200000762939453</ele><time>2026-04-04T23:00:50Z</time></trkpt><trkpt lat="37.566162109375" lon="126.9846420288086"><ele>31.200000762939453</ele><time>2026-04-04T23:00:51Z</time></trkpt><trkpt lat="37.566158294677734" lon="126.98467254638672"><ele>31.200000762939453</ele><time>2026-04-04T23:00:52Z</time></trkpt><trkpt lat="37.56615447998047" lon="126.98470306396484"><ele>31.200000762939453</ele><time>2026-04-04T23:00:53Z</time></trkpt><trkpt lat="37.56615447998047" lon="126.98472595214844"><ele>31.200000762939453</ele><time>2026-04-04T23:00:54Z</time></trkpt><trkpt lat="37.56615447998047" lon="126.9847640991211"><ele>31.200000762939453</ele><time>2026-04-04T23:00:55Z</time></trkpt><trkpt lat="37.56614685058594" lon="126.98479461669922"><ele>31.200000762939453</ele><time>2026-04-04T23:00:56Z</time></trkpt><trkpt lat="37.56614303588867" lon="126.98483276367188"><ele>31.200000762939453</ele><time>2026-04-04T23:00:57Z</time></trkpt><trkpt lat="37.56613540649414" lon="126.98485565185547"><ele>31.200000762939453</ele><time>2026-04-04T23:00:58Z</time></trkpt><trkpt lat="37.566131591796875" lon="126.9848861694336"><ele>31.200000762939453</ele><time>2026-04-04T23:00:59Z</time></trkpt><trkpt lat="37.566131591796875" lon="126.98491668701172"><ele>31.200000762939453</ele><time>2026-04-04T23:01:00Z</time></trkpt><trkpt lat="37.566131591796875" lon="126.98494720458984"><ele>31.200000762939453</ele><time>2026-04-04T23:01:01Z</time></trkpt><trkpt lat="37.566131591796875" lon="126.9849853515625"><ele>31.200000762939453</ele><time>2026-04-04T23:01:02Z</time></trkpt><trkpt lat="37.566131591796875" lon="126.98501586914062"><ele>31.200000762939453</ele><time>2026-04-04T23:01:03Z</time></trkpt><trkpt lat="37.56613540649414" lon="126.98505401611328"><ele>31.200000762939453</ele><time>2026-04-04T23:01:04Z</time></trkpt><trkpt lat="37.56613540649414" lon="126.9850845336914"><ele>31.200000762939453</ele><time>2026-04-04T23:01:05Z</time></trkpt><trkpt lat="37.566131591796875" lon="126.98512268066406"><ele>31.200000762939453</ele><time>2026-04-04T23:01:06Z</time></trkpt><trkpt lat="37.56612777709961" lon="126.98516082763672"><ele>31.200000762939453</ele><time>2026-04-04T23:01:07Z</time></trkpt><trkpt lat="37.56613540649414" lon="126.98519134521484"><ele>31.0</ele><time>2026-04-04T23:01:08Z</time></trkpt><trkpt lat="37.566139221191406" lon="126.98523712158203"><ele>31.0</ele><time>2026-04-04T23:01:09Z</time></trkpt><trkpt lat="37.56614303588867" lon="126.98526763916016"><ele>31.0</ele><time>2026-04-04T23:01:10Z</time></trkpt><trkpt lat="37.56614303588867" lon="126.98529815673828"><ele>31.0</ele><time>2026-04-04T23:01:11Z</time></trkpt><trkpt lat="37.5661506652832" lon="126.98532104492188"><ele>31.0</ele><time>2026-04-04T23:01:12Z</time></trkpt><trkpt lat="37.566158294677734" lon="126.98535919189453"><ele>31.0</ele><time>2026-04-04T23:01:13Z</time></trkpt><trkpt lat="37.566158294677734" lon="126.98538208007812"><ele>31.200000762939453</ele><time>2026-04-04T23:01:14Z</time></trkpt><trkpt lat="37.566162109375" lon="126.98542022705078"><ele>31.200000762939453</ele><time>2026-04-04T23:01:15Z</time></trkpt><trkpt lat="37.566162109375" lon="126.98544311523438"><ele>31.200000762939453</ele><time>2026-04-04T23:01:16Z</time></trkpt><trkpt lat="37.566162109375" lon="126.9854736328125"><ele>31.200000762939453</ele><time>2026-04-04T23:01:17Z</time></trkpt><trkpt lat="37.566165924072266" lon="126.98550415039062"><ele>31.200000762939453</ele><time>2026-04-04T23:01:18Z</time></trkpt><trkpt lat="37.56616973876953" lon="126.98552703857422"><ele>31.200000762939453</ele><time>2026-04-04T23:01:19Z</time></trkpt><trkpt lat="37.56617736816406" lon="126.98556518554688"><ele>31.200000762939453</ele><time>2026-04-04T23:01:20Z</time></trkpt><trkpt lat="37.56618118286133" lon="126.98558044433594"><ele>31.200000762939453</ele><time>2026-04-04T23:01:21Z</time></trkpt><trkpt lat="37.566184997558594" lon="126.9856185913086"><ele>31.200000762939453</ele><time>2026-04-04T23:01:22Z</time></trkpt><trkpt lat="37.566184997558594" lon="126.98564910888672"><ele>31.200000762939453</ele><time>2026-04-04T23:01:23Z</time></trkpt><trkpt lat="37.56618881225586" lon="126.98567962646484"><ele>31.200000762939453</ele><time>2026-04-04T23:01:24Z</time></trkpt><trkpt lat="37.56619644165039" lon="126.9857177734375"><ele>31.200000762939453</ele><time>2026-04-04T23:01:25Z</time></trkpt><trkpt lat="37.566200256347656" lon="126.98574829101562"><ele>31.200000762939453</ele><time>2026-04-04T23:01:26Z</time></trkpt><trkpt lat="37.566200256347656" lon="126.98578643798828"><ele>31.200000762939453</ele><time>2026-04-04T23:01:27Z</time></trkpt><trkpt lat="37.566200256347656" lon="126.9858169555664"><ele>31.200000762939453</ele><time>2026-04-04T23:01:28Z</time></trkpt><trkpt lat="37.56619644165039" lon="126.98584747314453"><ele>31.200000762939453</ele><time>2026-04-04T23:01:29Z</time></trkpt><trkpt lat="37.56619644165039" lon="126.98587799072266"><ele>31.200000762939453</ele><time>2026-04-04T23:01:30Z</time></trkpt><trkpt lat="37.566200256347656" lon="126.98591613769531"><ele>31.200000762939453</ele><time>2026-04-04T23:01:31Z</time></trkpt><trkpt lat="37.56620407104492" lon="126.9859390258789"><ele>31.200000762939453</ele><time>2026-04-04T23:01:32Z</time></trkpt><trkpt lat="37.56620407104492" lon="126.98596954345703"><ele>31.0</ele><time>2026-04-04T23:01:33Z</time></trkpt><trkpt lat="37.566200256347656" lon="126.98600006103516"><ele>31.0</ele><time>2026-04-04T23:01:34Z</time></trkpt><trkpt lat="37.566192626953125" lon="126.98603820800781"><ele>31.0</ele><time>2026-04-04T23:01:35Z</time></trkpt><trkpt lat="37.56618881225586" lon="126.98606872558594"><ele>31.0</ele><time>2026-04-04T23:01:36Z</time></trkpt><trkpt lat="37.56617736816406" lon="126.98609161376953"><ele>31.0</ele><time>2026-04-04T23:01:37Z</time></trkpt><trkpt lat="37.5661735534668" lon="126.98612213134766"><ele>31.0</ele><time>2026-04-04T23:01:38Z</time></trkpt><trkpt lat="37.56616973876953" lon="126.98615264892578"><ele>31.0</ele><time>2026-04-04T23:01:39Z</time></trkpt><trkpt lat="37.566158294677734" lon="126.9861831665039"><ele>31.0</ele><time>2026-04-04T23:01:40Z</time></trkpt><trkpt lat="37.56615447998047" lon="126.9862060546875"><ele>31.0</ele><time>2026-04-04T23:01:41Z</time></trkpt><trkpt lat="37.56614685058594" lon="126.9862289428711"><ele>31.0</ele><time>2026-04-04T23:01:42Z</time></trkpt><trkpt lat="37.56614303588867" lon="126.98624420166016"><ele>31.0</ele><time>2026-04-04T23:01:43Z</time></trkpt><trkpt lat="37.56612777709961" lon="126.98627471923828"><ele>31.0</ele><time>2026-04-04T23:01:44Z</time></trkpt><trkpt lat="37.56612014770508" lon="126.98628997802734"><ele>31.0</ele><time>2026-04-04T23:01:45Z</time></trkpt><trkpt lat="37.56611251831055" lon="126.98631286621094"><ele>31.0</ele><time>2026-04-04T23:01:46Z</time></trkpt><trkpt lat="37.56610870361328" lon="126.98633575439453"><ele>31.0</ele><time>2026-04-04T23:01:47Z</time></trkpt><trkpt lat="37.566104888916016" lon="126.98635864257812"><ele>31.0</ele><time>2026-04-04T23:01:48Z</time></trkpt><trkpt lat="37.56610107421875" lon="126.98639678955078"><ele>31.0</ele><time>2026-04-04T23:01:49Z</time></trkpt><trkpt lat="37.566104888916016" lon="126.9864273071289"><ele>31.0</ele><time>2026-04-04T23:01:50Z</time></trkpt><trkpt lat="37.566104888916016" lon="126.98646545410156"><ele>31.0</ele><time>2026-04-04T23:01:51Z</time></trkpt><trkpt lat="37.56610870361328" lon="126.98648834228516"><ele>31.0</ele><time>2026-04-04T23:01:52Z</time></trkpt><trkpt lat="37.56610870361328" lon="126.98652648925781"><ele>31.200000762939453</ele><time>2026-04-04T23:01:53Z</time></trkpt><trkpt lat="37.56610870361328" lon="126.9865493774414"><ele>31.200000762939453</ele><time>2026-04-04T23:01:54Z</time></trkpt><trkpt lat="37.56611251831055" lon="126.98658752441406"><ele>31.0</ele><time>2026-04-04T23:01:55Z</time></trkpt><trkpt lat="37.56611633300781" lon="126.98661804199219"><ele>31.0</ele><time>2026-04-04T23:01:56Z</time></trkpt><trkpt lat="37.56612014770508" lon="126.98665618896484"><ele>31.0</ele><time>2026-04-04T23:01:57Z</time></trkpt><trkpt lat="37.566123962402344" lon="126.9866943359375"><ele>31.0</ele><time>2026-04-04T23:01:58Z</time></trkpt><trkpt lat="37.566123962402344" lon="126.98672485351562"><ele>31.0</ele><time>2026-04-04T23:01:59Z</time></trkpt><trkpt lat="37.56612777709961" lon="126.98675537109375"><ele>31.0</ele><time>2026-04-04T23:02:00Z</time></trkpt><trkpt lat="37.566131591796875" lon="126.98677825927734"><ele>31.0</ele><time>2026-04-04T23:02:01Z</time></trkpt><trkpt lat="37.566131591796875" lon="126.98681640625"><ele>31.0</ele><time>2026-04-04T23:02:02Z</time></trkpt><trkpt lat="37.56613540649414" lon="126.9868392944336"><ele>31.0</ele><time>2026-04-04T23:02:03Z</time></trkpt><trkpt lat="37.566139221191406" lon="126.98687744140625"><ele>31.0</ele><time>2026-04-04T23:02:04Z</time></trkpt><trkpt lat="37.56614303588867" lon="126.98690795898438"><ele>31.0</ele><time>2026-04-04T23:02:05Z</time></trkpt><trkpt lat="37.5661506652832" lon="126.98693084716797"><ele>31.200000762939453</ele><time>2026-04-04T23:02:06Z</time></trkpt><trkpt lat="37.56615447998047" lon="126.9869613647461"><ele>31.200000762939453</ele><time>2026-04-04T23:02:07Z</time></trkpt><trkpt lat="37.566158294677734" lon="126.98699188232422"><ele>31.200000762939453</ele><time>2026-04-04T23:02:08Z</time></trkpt><trkpt lat="37.566158294677734" lon="126.98700714111328"><ele>31.200000762939453</ele><time>2026-04-04T23:02:09Z</time></trkpt><trkpt lat="37.56615447998047" lon="126.9870376586914"><ele>31.200000762939453</ele><time>2026-04-04T23:02:10Z</time></trkpt><trkpt lat="37.566162109375" lon="126.987060546875"><ele>31.200000762939453</ele><time>2026-04-04T23:02:11Z</time></trkpt><trkpt lat="37.566165924072266" lon="126.9870834350586"><ele>31.0</ele><time>2026-04-04T23:02:12Z</time></trkpt><trkpt lat="37.56616973876953" lon="126.98711395263672"><ele>31.0</ele><time>2026-04-04T23:02:13Z</time></trkpt><trkpt lat="37.566165924072266" lon="126.98715209960938"><ele>31.0</ele><time>2026-04-04T23:02:14Z</time></trkpt><trkpt lat="37.566165924072266" lon="126.98719024658203"><ele>31.0</ele><time>2026-04-04T23:02:15Z</time></trkpt><trkpt lat="37.566165924072266" lon="126.98722839355469"><ele>31.0</ele><time>2026-04-04T23:02:16Z</time></trkpt><trkpt lat="37.566165924072266" lon="126.98725891113281"><ele>31.0</ele><time>2026-04-04T23:02:17Z</time></trkpt><trkpt lat="37.566162109375" lon="126.98729705810547"><ele>31.0</ele><time>2026-04-04T23:02:18Z</time></trkpt><trkpt lat="37.566158294677734" lon="126.98731994628906"><ele>31.0</ele><time>2026-04-04T23:02:19Z</time></trkpt><trkpt lat="37.56615447998047" lon="126.98735809326172"><ele>31.0</ele><time>2026-04-04T23:02:20Z</time></trkpt><trkpt lat="37.5661506652832" lon="126.98738861083984"><ele>31.0</ele><time>2026-04-04T23:02:21Z</time></trkpt><trkpt lat="37.56614303588867" lon="126.9874267578125"><ele>31.0</ele><time>2026-04-04T23:02:22Z</time></trkpt><trkpt lat="37.566139221191406" lon="126.98745727539062"><ele>31.0</ele><time>2026-04-04T23:02:23Z</time></trkpt><trkpt lat="37.56613540649414" lon="126.98748779296875"><ele>31.0</ele><time>2026-04-04T23:02:24Z</time></trkpt><trkpt lat="37.56612777709961" lon="126.98751831054688"><ele>31.0</ele><time>2026-04-04T23:02:25Z</time></trkpt><trkpt lat="37.56612014770508" lon="126.98754119873047"><ele>31.0</ele><time>2026-04-04T23:02:26Z</time></trkpt><trkpt lat="37.56611251831055" lon="126.9875717163086"><ele>31.0</ele><time>2026-04-04T23:02:27Z</time></trkpt><trkpt lat="37.56610870361328" lon="126.98758697509766"><ele>31.0</ele><time>2026-04-04T23:02:28Z</time></trkpt><trkpt lat="37.56610870361328" lon="126.98761749267578"><ele>31.0</ele><time>2026-04-04T23:02:29Z</time></trkpt><trkpt lat="37.566104888916016" lon="126.9876480102539"><ele>31.0</ele><time>2026-04-04T23:02:30Z</time></trkpt><trkpt lat="37.566104888916016" lon="126.98767852783203"><ele>31.0</ele><time>2026-04-04T23:02:31Z</time></trkpt><trkpt lat="37.56610107421875" lon="126.98770904541016"><ele>31.0</ele><time>2026-04-04T23:02:32Z</time></trkpt><trkpt lat="37.56610107421875" lon="126.98773956298828"><ele>31.0</ele><time>2026-04-04T23:02:33Z</time></trkpt><trkpt lat="37.566097259521484" lon="126.98777770996094"><ele>31.0</ele><time>2026-04-04T23:02:34Z</time></trkpt><trkpt lat="37.56610107421875" lon="126.98780822753906"><ele>31.0</ele><time>2026-04-04T23:02:35Z</time></trkpt><trkpt lat="37.566097259521484" lon="126.98784637451172"><ele>31.0</ele><time>2026-04-04T23:02:36Z</time></trkpt><trkpt lat="37.56610107421875" lon="126.98788452148438"><ele>30.799999237060547</ele><time>2026-04-04T23:02:37Z</time></trkpt><trkpt lat="37.56610107421875" lon="126.98792266845703"><ele>30.799999237060547</ele><time>2026-04-04T23:02:38Z</time></trkpt><trkpt lat="37.566104888916016" lon="126.98796081542969"><ele>30.799999237060547</ele><time>2026-04-04T23:02:39Z</time></trkpt><trkpt lat="37.56610870361328" lon="126.98799896240234"><ele>30.799999237060547</ele><time>2026-04-04T23:02:40Z</time></trkpt><trkpt lat="37.56611251831055" lon="126.988037109375"><ele>30.799999237060547</ele><time>2026-04-04T23:02:41Z</time></trkpt><trkpt lat="37.56611633300781" lon="126.98806762695312"><ele>30.799999237060547</ele><time>2026-04-04T23:02:42Z</time></trkpt><trkpt lat="37.566123962402344" lon="126.98811340332031"><ele>30.799999237060547</ele><time>2026-04-04T23:02:43Z</time></trkpt><trkpt lat="37.566139221191406" lon="126.98814392089844"><ele>30.600000381469727</ele><time>2026-04-04T23:02:44Z</time></trkpt><trkpt lat="37.56614303588867" lon="126.98818969726562"><ele>30.600000381469727</ele><time>2026-04-04T23:02:45Z</time></trkpt><trkpt lat="37.5661506652832" lon="126.98822021484375"><ele>30.600000381469727</ele><time>2026-04-04T23:02:46Z</time></trkpt><trkpt lat="37.566158294677734" lon="126.98826599121094"><ele>30.600000381469727</ele><time>2026-04-04T23:02:47Z</time></trkpt><trkpt lat="37.566162109375" lon="126.9883041381836"><ele>30.600000381469727</ele><time>2026-04-04T23:02:48Z</time></trkpt><trkpt lat="37.566165924072266" lon="126.98833465576172"><ele>30.600000381469727</ele><time>2026-04-04T23:02:49Z</time></trkpt><trkpt lat="37.56616973876953" lon="126.98836517333984"><ele>30.799999237060547</ele><time>2026-04-04T23:02:50Z</time></trkpt><trkpt lat="37.5661735534668" lon="126.98838806152344"><ele>30.799999237060547</ele><time>2026-04-04T23:02:51Z</time></trkpt><trkpt lat="37.56617736816406" lon="126.98841857910156"><ele>30.799999237060547</ele><time>2026-04-04T23:02:52Z</time></trkpt><trkpt lat="37.56617736816406" lon="126.98844146728516"><ele>30.799999237060547</ele><time>2026-04-04T23:02:53Z</time></trkpt><trkpt lat="37.5661735534668" lon="126.98847198486328"><ele>30.600000381469727</ele><time>2026-04-04T23:02:54Z</time></trkpt><trkpt lat="37.56617736816406" lon="126.98849487304688"><ele>30.600000381469727</ele><time>2026-04-04T23:02:55Z</time></trkpt><trkpt lat="37.5661735534668" lon="126.98854064941406"><ele>30.600000381469727</ele><time>2026-04-04T23:02:56Z</time></trkpt><trkpt lat="37.56618118286133" lon="126.98855590820312"><ele>30.600000381469727</ele><time>2026-04-04T23:02:57Z</time></trkpt><trkpt lat="37.566184997558594" lon="126.98859405517578"><ele>30.600000381469727</ele><time>2026-04-04T23:02:58Z</time></trkpt><trkpt lat="37.566192626953125" lon="126.98861694335938"><ele>30.600000381469727</ele><time>2026-04-04T23:02:59Z</time></trkpt><trkpt lat="37.56619644165039" lon="126.98863983154297"><ele>30.600000381469727</ele><time>2026-04-04T23:03:00Z</time></trkpt><trkpt lat="37.566200256347656" lon="126.9886703491211"><ele>30.399999618530273</ele><time>2026-04-04T23:03:01Z</time></trkpt><trkpt lat="37.566200256347656" lon="126.98870086669922"><ele>30.399999618530273</ele><time>2026-04-04T23:03:02Z</time></trkpt><trkpt lat="37.566200256347656" lon="126.98873138427734"><ele>30.399999618530273</ele><time>2026-04-04T23:03:03Z</time></trkpt><trkpt lat="37.56620407104492" lon="126.98876190185547"><ele>30.399999618530273</ele><time>2026-04-04T23:03:04Z</time></trkpt><trkpt lat="37.56620788574219" lon="126.9887924194336"><ele>30.399999618530273</ele><time>2026-04-04T23:03:05Z</time></trkpt><trkpt lat="37.56620788574219" lon="126.98882293701172"><ele>30.200000762939453</ele><time>2026-04-04T23:03:06Z</time></trkpt><trkpt lat="37.56620788574219" lon="126.98885345458984"><ele>30.200000762939453</ele><time>2026-04-04T23:03:07Z</time></trkpt><trkpt lat="37.56621551513672" lon="126.98887634277344"><ele>30.200000762939453</ele><time>2026-04-04T23:03:08Z</time></trkpt><trkpt lat="37.566219329833984" lon="126.9889144897461"><ele>30.200000762939453</ele><time>2026-04-04T23:03:09Z</time></trkpt><trkpt lat="37.56623458862305" lon="126.98893737792969"><ele>30.200000762939453</ele><time>2026-04-04T23:03:10Z</time></trkpt><trkpt lat="37.56623840332031" lon="126.98897552490234"><ele>30.200000762939453</ele><time>2026-04-04T23:03:11Z</time></trkpt><trkpt lat="37.56623840332031" lon="126.98900604248047"><ele>30.200000762939453</ele><time>2026-04-04T23:03:12Z</time></trkpt><trkpt lat="37.56624221801758" lon="126.98904418945312"><ele>30.0</ele><time>2026-04-04T23:03:13Z</time></trkpt><trkpt lat="37.56624221801758" lon="126.98907470703125"><ele>30.0</ele><time>2026-04-04T23:03:14Z</time></trkpt><trkpt lat="37.566246032714844" lon="126.98910522460938"><ele>30.0</ele><time>2026-04-04T23:03:15Z</time></trkpt><trkpt lat="37.566246032714844" lon="126.9891357421875"><ele>30.0</ele><time>2026-04-04T23:03:16Z</time></trkpt><trkpt lat="37.56624984741211" lon="126.9891586303711"><ele>30.0</ele><time>2026-04-04T23:03:17Z</time></trkpt><trkpt lat="37.566246032714844" lon="126.98919677734375"><ele>30.0</ele><time>2026-04-04T23:03:18Z</time></trkpt><trkpt lat="37.56624984741211" lon="126.98921966552734"><ele>30.0</ele><time>2026-04-04T23:03:19Z</time></trkpt><trkpt lat="37.566246032714844" lon="126.9892578125"><ele>30.0</ele><time>2026-04-04T23:03:20Z</time></trkpt><trkpt lat="37.56624984741211" lon="126.9892807006836"><ele>29.799999237060547</ele><time>2026-04-04T23:03:21Z</time></trkpt><trkpt lat="37.56624984741211" lon="126.98931884765625"><ele>30.0</ele><time>2026-04-04T23:03:22Z</time></trkpt><trkpt lat="37.566253662109375" lon="126.98934936523438"><ele>29.799999237060547</ele><time>2026-04-04T23:03:23Z</time></trkpt><trkpt lat="37.56625747680664" lon="126.9893798828125"><ele>29.799999237060547</ele><time>2026-04-04T23:03:24Z</time></trkpt><trkpt lat="37.566253662109375" lon="126.98941040039062"><ele>29.799999237060547</ele><time>2026-04-04T23:03:25Z</time></trkpt><trkpt lat="37.566253662109375" lon="126.98944091796875"><ele>29.799999237060547</ele><time>2026-04-04T23:03:26Z</time></trkpt><trkpt lat="37.566253662109375" lon="126.98947143554688"><ele>29.799999237060547</ele><time>2026-04-04T23:03:27Z</time></trkpt><trkpt lat="37.56625747680664" lon="126.98949432373047"><ele>30.200000762939453</ele><time>2026-04-04T23:03:28Z</time></trkpt><trkpt lat="37.566253662109375" lon="126.98953247070312"><ele>30.200000762939453</ele><time>2026-04-04T23:03:29Z</time></trkpt><trkpt lat="37.56625747680664" lon="126.98956298828125"><ele>30.200000762939453</ele><time>2026-04-04T23:03:30Z</time></trkpt><trkpt lat="37.56626510620117" lon="126.98960876464844"><ele>30.0</ele><time>2026-04-04T23:03:31Z</time></trkpt><trkpt lat="37.56626892089844" lon="126.98963165283203"><ele>30.0</ele><time>2026-04-04T23:03:32Z</time></trkpt><trkpt lat="37.56626510620117" lon="126.98967742919922"><ele>29.799999237060547</ele><time>2026-04-04T23:03:33Z</time></trkpt><trkpt lat="37.56626510620117" lon="126.98970031738281"><ele>29.600000381469727</ele><time>2026-04-04T23:03:34Z</time></trkpt><trkpt lat="37.56626510620117" lon="126.98973846435547"><ele>29.600000381469727</ele><time>2026-04-04T23:03:35Z</time></trkpt><trkpt lat="37.56626510620117" lon="126.98976135253906"><ele>29.600000381469727</ele><time>2026-04-04T23:03:36Z</time></trkpt><trkpt lat="37.56626510620117" lon="126.98979949951172"><ele>29.399999618530273</ele><time>2026-04-04T23:03:37Z</time></trkpt><trkpt lat="37.56626892089844" lon="126.98982238769531"><ele>29.399999618530273</ele><time>2026-04-04T23:03:38Z</time></trkpt><trkpt lat="37.56626892089844" lon="126.98985290527344"><ele>29.399999618530273</ele><time>2026-04-04T23:03:39Z</time></trkpt><trkpt lat="37.56626510620117" lon="126.98988342285156"><ele>29.399999618530273</ele><time>2026-04-04T23:03:40Z</time></trkpt><trkpt lat="37.56626892089844" lon="126.98991394042969"><ele>29.399999618530273</ele><time>2026-04-04T23:03:41Z</time></trkpt><trkpt lat="37.56626510620117" lon="126.98994445800781"><ele>29.399999618530273</ele><time>2026-04-04T23:03:42Z</time></trkpt><trkpt lat="37.56626892089844" lon="126.98997497558594"><ele>29.399999618530273</ele><time>2026-04-04T23:03:43Z</time></trkpt><trkpt lat="37.56626892089844" lon="126.9900131225586"><ele>29.200000762939453</ele><time>2026-04-04T23:03:44Z</time></trkpt><trkpt lat="37.5662727355957" lon="126.99003601074219"><ele>29.200000762939453</ele><time>2026-04-04T23:03:45Z</time></trkpt><trkpt lat="37.56626510620117" lon="126.99007415771484"><ele>29.200000762939453</ele><time>2026-04-04T23:03:46Z</time></trkpt><trkpt lat="37.56626892089844" lon="126.99010467529297"><ele>29.200000762939453</ele><time>2026-04-04T23:03:47Z</time></trkpt><trkpt lat="37.56626892089844" lon="126.99014282226562"><ele>29.200000762939453</ele><time>2026-04-04T23:03:48Z</time></trkpt><trkpt lat="37.5662727355957" lon="126.99017333984375"><ele>29.200000762939453</ele><time>2026-04-04T23:03:49Z</time></trkpt><trkpt lat="37.5662727355957" lon="126.9902114868164"><ele>29.200000762939453</ele><time>2026-04-04T23:03:50Z</time></trkpt><trkpt lat="37.56627655029297" lon="126.99024200439453"><ele>29.0</ele><time>2026-04-04T23:03:51Z</time></trkpt><trkpt lat="37.56627655029297" lon="126.99028015136719"><ele>29.0</ele><time>2026-04-04T23:03:52Z</time></trkpt><trkpt lat="37.56627655029297" lon="126.99031829833984"><ele>29.200000762939453</ele><time>2026-04-04T23:03:53Z</time></trkpt><trkpt lat="37.56627655029297" lon="126.99034881591797"><ele>29.200000762939453</ele><time>2026-04-04T23:03:54Z</time></trkpt><trkpt lat="37.566280364990234" lon="126.9903793334961"><ele>29.200000762939453</ele><time>2026-04-04T23:03:55Z</time></trkpt><trkpt lat="37.566280364990234" lon="126.99040985107422"><ele>29.200000762939453</ele><time>2026-04-04T23:03:56Z</time></trkpt><trkpt lat="37.566280364990234" lon="126.99044799804688"><ele>29.200000762939453</ele><time>2026-04-04T23:03:57Z</time></trkpt><trkpt lat="37.5662841796875" lon="126.99047088623047"><ele>29.0</ele><time>2026-04-04T23:03:58Z</time></trkpt><trkpt lat="37.5662841796875" lon="126.99050903320312"><ele>29.0</ele><time>2026-04-04T23:03:59Z</time></trkpt><trkpt lat="37.5662841796875" lon="126.99053192138672"><ele>29.0</ele><time>2026-04-04T23:04:00Z</time></trkpt><trkpt lat="37.5662841796875" lon="126.99057006835938"><ele>29.0</ele><time>2026-04-04T23:04:01Z</time></trkpt><trkpt lat="37.5662841796875" lon="126.9906005859375"><ele>29.0</ele><time>2026-04-04T23:04:02Z</time></trkpt><trkpt lat="37.566287994384766" lon="126.99063110351562"><ele>29.0</ele><time>2026-04-04T23:04:03Z</time></trkpt><trkpt lat="37.566287994384766" lon="126.99066162109375"><ele>29.0</ele><time>2026-04-04T23:04:04Z</time></trkpt><trkpt lat="37.5662956237793" lon="126.9906997680664"><ele>29.0</ele><time>2026-04-04T23:04:05Z</time></trkpt><trkpt lat="37.56630325317383" lon="126.99073791503906"><ele>29.0</ele><time>2026-04-04T23:04:06Z</time></trkpt><trkpt lat="37.56630325317383" lon="126.99076843261719"><ele>29.0</ele><time>2026-04-04T23:04:07Z</time></trkpt><trkpt lat="37.56631088256836" lon="126.99080657958984"><ele>29.0</ele><time>2026-04-04T23:04:08Z</time></trkpt><trkpt lat="37.56631851196289" lon="126.99082946777344"><ele>29.0</ele><time>2026-04-04T23:04:09Z</time></trkpt><trkpt lat="37.56632614135742" lon="126.9908676147461"><ele>29.0</ele><time>2026-04-04T23:04:10Z</time></trkpt><trkpt lat="37.56632614135742" lon="126.99089813232422"><ele>29.0</ele><time>2026-04-04T23:04:11Z</time></trkpt><trkpt lat="37.566322326660156" lon="126.99092864990234"><ele>29.0</ele><time>2026-04-04T23:04:12Z</time></trkpt><trkpt lat="37.56632614135742" lon="126.99095916748047"><ele>29.0</ele><time>2026-04-04T23:04:13Z</time></trkpt><trkpt lat="37.56632614135742" lon="126.9909896850586"><ele>28.799999237060547</ele><time>2026-04-04T23:04:14Z</time></trkpt><trkpt lat="37.56633377075195" lon="126.99101257324219"><ele>28.799999237060547</ele><time>2026-04-04T23:04:15Z</time></trkpt><trkpt lat="37.56633377075195" lon="126.99104309082031"><ele>28.799999237060547</ele><time>2026-04-04T23:04:16Z</time></trkpt><trkpt lat="37.56633377075195" lon="126.99107360839844"><ele>28.799999237060547</ele><time>2026-04-04T23:04:17Z</time></trkpt><trkpt lat="37.56631851196289" lon="126.9910888671875"><ele>28.799999237060547</ele><time>2026-04-04T23:04:18Z</time></trkpt><trkpt lat="37.566314697265625" lon="126.99112701416016"><ele>28.799999237060547</ele><time>2026-04-04T23:04:19Z</time></trkpt><trkpt lat="37.56630325317383" lon="126.99114990234375"><ele>28.799999237060547</ele><time>2026-04-04T23:04:20Z</time></trkpt><trkpt lat="37.566307067871094" lon="126.99117279052734"><ele>28.799999237060547</ele><time>2026-04-04T23:04:21Z</time></trkpt><trkpt lat="37.566307067871094" lon="126.99120330810547"><ele>28.600000381469727</ele><time>2026-04-04T23:04:22Z</time></trkpt><trkpt lat="37.56631088256836" lon="126.9912338256836"><ele>28.600000381469727</ele><time>2026-04-04T23:04:23Z</time></trkpt><trkpt lat="37.566314697265625" lon="126.99126434326172"><ele>28.600000381469727</ele><time>2026-04-04T23:04:24Z</time></trkpt><trkpt lat="37.56631088256836" lon="126.99129486083984"><ele>28.600000381469727</ele><time>2026-04-04T23:04:25Z</time></trkpt><trkpt lat="37.56631088256836" lon="126.99132537841797"><ele>28.600000381469727</ele><time>2026-04-04T23:04:26Z</time></trkpt><trkpt lat="37.56631088256836" lon="126.99134826660156"><ele>28.600000381469727</ele><time>2026-04-04T23:04:27Z</time></trkpt><trkpt lat="37.56630325317383" lon="126.99137878417969"><ele>28.600000381469727</ele><time>2026-04-04T23:04:28Z</time></trkpt><trkpt lat="37.56630325317383" lon="126.99141693115234"><ele>28.600000381469727</ele><time>2026-04-04T23:04:29Z</time></trkpt><trkpt lat="37.56630325317383" lon="126.99146270751953"><ele>28.600000381469727</ele><time>2026-04-04T23:04:30Z</time></trkpt><trkpt lat="37.566307067871094" lon="126.99148559570312"><ele>28.399999618530273</ele><time>2026-04-04T23:04:31Z</time></trkpt><trkpt lat="37.566307067871094" lon="126.99153137207031"><ele>28.399999618530273</ele><time>2026-04-04T23:04:32Z</time></trkpt><trkpt lat="37.56631088256836" lon="126.99156188964844"><ele>28.399999618530273</ele><time>2026-04-04T23:04:33Z</time></trkpt><trkpt lat="37.56631088256836" lon="126.99161529541016"><ele>28.399999618530273</ele><time>2026-04-04T23:04:34Z</time></trkpt><trkpt lat="37.566314697265625" lon="126.99166107177734"><ele>28.399999618530273</ele><time>2026-04-04T23:04:35Z</time></trkpt><trkpt lat="37.566314697265625" lon="126.99169158935547"><ele>28.600000381469727</ele><time>2026-04-04T23:04:36Z</time></trkpt><trkpt lat="37.566322326660156" lon="126.99172973632812"><ele>28.600000381469727</ele><time>2026-04-04T23:04:37Z</time></trkpt><trkpt lat="37.566322326660156" lon="126.99176025390625"><ele>28.600000381469727</ele><time>2026-04-04T23:04:38Z</time></trkpt><trkpt lat="37.56632614135742" lon="126.99179077148438"><ele>28.600000381469727</ele><time>2026-04-04T23:04:39Z</time></trkpt><trkpt lat="37.56632995605469" lon="126.9918212890625"><ele>28.600000381469727</ele><time>2026-04-04T23:04:40Z</time></trkpt><trkpt lat="37.56633377075195" lon="126.99185943603516"><ele>28.600000381469727</ele><time>2026-04-04T23:04:41Z</time></trkpt><trkpt lat="37.56633758544922" lon="126.99189758300781"><ele>28.600000381469727</ele><time>2026-04-04T23:04:42Z</time></trkpt><trkpt lat="37.566341400146484" lon="126.99192810058594"><ele>28.600000381469727</ele><time>2026-04-04T23:04:43Z</time></trkpt><trkpt lat="37.56634521484375" lon="126.9919662475586"><ele>28.600000381469727</ele><time>2026-04-04T23:04:44Z</time></trkpt><trkpt lat="37.56634521484375" lon="126.99200439453125"><ele>28.600000381469727</ele><time>2026-04-04T23:04:45Z</time></trkpt><trkpt lat="37.56635284423828" lon="126.99203491210938"><ele>28.399999618530273</ele><time>2026-04-04T23:04:46Z</time></trkpt><trkpt lat="37.56635665893555" lon="126.9920654296875"><ele>28.399999618530273</ele><time>2026-04-04T23:04:47Z</time></trkpt><trkpt lat="37.56636047363281" lon="126.99209594726562"><ele>28.399999618530273</ele><time>2026-04-04T23:04:48Z</time></trkpt><trkpt lat="37.56635665893555" lon="126.99212646484375"><ele>28.399999618530273</ele><time>2026-04-04T23:04:49Z</time></trkpt><trkpt lat="37.56636428833008" lon="126.99214935302734"><ele>28.399999618530273</ele><time>2026-04-04T23:04:50Z</time></trkpt><trkpt lat="37.56636428833008" lon="126.99217987060547"><ele>28.399999618530273</ele><time>2026-04-04T23:04:51Z</time></trkpt><trkpt lat="37.56636428833008" lon="126.99220275878906"><ele>28.399999618530273</ele><time>2026-04-04T23:04:52Z</time></trkpt><trkpt lat="37.56636428833008" lon="126.99224090576172"><ele>28.399999618530273</ele><time>2026-04-04T23:04:53Z</time></trkpt><trkpt lat="37.566368103027344" lon="126.99225616455078"><ele>28.399999618530273</ele><time>2026-04-04T23:04:54Z</time></trkpt><trkpt lat="37.56637191772461" lon="126.9922866821289"><ele>28.600000381469727</ele><time>2026-04-04T23:04:55Z</time></trkpt><trkpt lat="37.56637191772461" lon="126.99231719970703"><ele>28.600000381469727</ele><time>2026-04-04T23:04:56Z</time></trkpt><trkpt lat="37.566375732421875" lon="126.99234771728516"><ele>28.600000381469727</ele><time>2026-04-04T23:04:57Z</time></trkpt><trkpt lat="37.566375732421875" lon="126.99237060546875"><ele>28.600000381469727</ele><time>2026-04-04T23:04:58Z</time></trkpt><trkpt lat="37.56638717651367" lon="126.99238586425781"><ele>28.600000381469727</ele><time>2026-04-04T23:04:59Z</time></trkpt><trkpt lat="37.56640625" lon="126.99238586425781"><ele>28.399999618530273</ele><time>2026-04-04T23:05:00Z</time></trkpt><trkpt lat="37.5664176940918" lon="126.99237823486328"><ele>28.399999618530273</ele><time>2026-04-04T23:05:01Z</time></trkpt><trkpt lat="37.56642532348633" lon="126.99235534667969"><ele>28.399999618530273</ele><time>2026-04-04T23:05:02Z</time></trkpt><trkpt lat="37.56643295288086" lon="126.99231719970703"><ele>28.399999618530273</ele><time>2026-04-04T23:05:03Z</time></trkpt><trkpt lat="37.566436767578125" lon="126.99227905273438"><ele>28.399999618530273</ele><time>2026-04-04T23:05:04Z</time></trkpt><trkpt lat="37.566436767578125" lon="126.99224090576172"><ele>28.399999618530273</ele><time>2026-04-04T23:05:05Z</time></trkpt><trkpt lat="37.566436767578125" lon="126.99220275878906"><ele>28.399999618530273</ele><time>2026-04-04T23:05:06Z</time></trkpt><trkpt lat="37.56643295288086" lon="126.9921646118164"><ele>28.399999618530273</ele><time>2026-04-04T23:05:07Z</time></trkpt><trkpt lat="37.56642532348633" lon="126.99213409423828"><ele>28.399999618530273</ele><time>2026-04-04T23:05:08Z</time></trkpt><trkpt lat="37.56642150878906" lon="126.99209594726562"><ele>28.399999618530273</ele><time>2026-04-04T23:05:09Z</time></trkpt><trkpt lat="37.5664176940918" lon="126.9920654296875"><ele>28.399999618530273</ele><time>2026-04-04T23:05:10Z</time></trkpt><trkpt lat="37.56641387939453" lon="126.99203491210938"><ele>28.399999618530273</ele><time>2026-04-04T23:05:11Z</time></trkpt><trkpt lat="37.56640625" lon="126.99201202392578"><ele>28.399999618530273</ele><time>2026-04-04T23:05:12Z</time></trkpt><trkpt lat="37.566402435302734" lon="126.99197387695312"><ele>28.399999618530273</ele><time>2026-04-04T23:05:13Z</time></trkpt><trkpt lat="37.56639862060547" lon="126.991943359375"><ele>28.399999618530273</ele><time>2026-04-04T23:05:14Z</time></trkpt><trkpt lat="37.5663948059082" lon="126.99191284179688"><ele>28.399999618530273</ele><time>2026-04-04T23:05:15Z</time></trkpt><trkpt lat="37.56639099121094" lon="126.99188232421875"><ele>28.399999618530273</ele><time>2026-04-04T23:05:16Z</time></trkpt><trkpt lat="37.56639099121094" lon="126.99185180664062"><ele>28.399999618530273</ele><time>2026-04-04T23:05:17Z</time></trkpt><trkpt lat="37.5663948059082" lon="126.9918212890625"><ele>28.399999618530273</ele><time>2026-04-04T23:05:18Z</time></trkpt><trkpt lat="37.56638717651367" lon="126.99179077148438"><ele>28.399999618530273</ele><time>2026-04-04T23:05:19Z</time></trkpt><trkpt lat="37.566383361816406" lon="126.99176025390625"><ele>28.399999618530273</ele><time>2026-04-04T23:05:20Z</time></trkpt><trkpt lat="37.566375732421875" lon="126.99172973632812"><ele>28.399999618530273</ele><time>2026-04-04T23:05:21Z</time></trkpt><trkpt lat="37.56637954711914" lon="126.99169921875"><ele>28.399999618530273</ele><time>2026-04-04T23:05:22Z</time></trkpt><trkpt lat="37.56637191772461" lon="126.99168395996094"><ele>28.399999618530273</ele><time>2026-04-04T23:05:23Z</time></trkpt><trkpt lat="37.56637191772461" lon="126.99165344238281"><ele>28.399999618530273</ele><time>2026-04-04T23:05:24Z</time></trkpt><trkpt lat="37.56637191772461" lon="126.99163055419922"><ele>28.399999618530273</ele><time>2026-04-04T23:05:25Z</time></trkpt><trkpt lat="37.566368103027344" lon="126.99159240722656"><ele>28.399999618530273</ele><time>2026-04-04T23:05:26Z</time></trkpt><trkpt lat="37.566368103027344" lon="126.99156951904297"><ele>28.399999618530273</ele><time>2026-04-04T23:05:27Z</time></trkpt><trkpt lat="37.56636428833008" lon="126.99153900146484"><ele>28.399999618530273</ele><time>2026-04-04T23:05:28Z</time></trkpt><trkpt lat="37.56636428833008" lon="126.99150848388672"><ele>28.399999618530273</ele><time>2026-04-04T23:05:29Z</time></trkpt><trkpt lat="37.56636428833008" lon="126.9914779663086"><ele>28.399999618530273</ele><time>2026-04-04T23:05:30Z</time></trkpt><trkpt lat="37.56636428833008" lon="126.99143981933594"><ele>28.399999618530273</ele><time>2026-04-04T23:05:31Z</time></trkpt><trkpt lat="37.56636047363281" lon="126.99140930175781"><ele>28.399999618530273</ele><time>2026-04-04T23:05:32Z</time></trkpt><trkpt lat="37.56636047363281" lon="126.99137878417969"><ele>28.399999618530273</ele><time>2026-04-04T23:05:33Z</time></trkpt><trkpt lat="37.56635665893555" lon="126.99134826660156"><ele>28.399999618530273</ele><time>2026-04-04T23:05:34Z</time></trkpt><trkpt lat="37.56635665893555" lon="126.9913101196289"><ele>28.399999618530273</ele><time>2026-04-04T23:05:35Z</time></trkpt><trkpt lat="37.56635284423828" lon="126.99127960205078"><ele>28.399999618530273</ele><time>2026-04-04T23:05:36Z</time></trkpt><trkpt lat="37.56635284423828" lon="126.99124908447266"><ele>28.399999618530273</ele><time>2026-04-04T23:05:37Z</time></trkpt><trkpt lat="37.56635284423828" lon="126.99122619628906"><ele>28.399999618530273</ele><time>2026-04-04T23:05:38Z</time></trkpt><trkpt lat="37.56635284423828" lon="126.99119567871094"><ele>28.399999618530273</ele><time>2026-04-04T23:05:39Z</time></trkpt><trkpt lat="37.56635284423828" lon="126.99116516113281"><ele>28.399999618530273</ele><time>2026-04-04T23:05:40Z</time></trkpt><trkpt lat="37.56635284423828" lon="126.99112701416016"><ele>28.399999618530273</ele><time>2026-04-04T23:05:41Z</time></trkpt><trkpt lat="37.566349029541016" lon="126.99109649658203"><ele>28.600000381469727</ele><time>2026-04-04T23:05:42Z</time></trkpt><trkpt lat="37.566349029541016" lon="126.99105072021484"><ele>28.600000381469727</ele><time>2026-04-04T23:05:43Z</time></trkpt><trkpt lat="37.566349029541016" lon="126.99101257324219"><ele>28.600000381469727</ele><time>2026-04-04T23:05:44Z</time></trkpt><trkpt lat="37.566349029541016" lon="126.99098205566406"><ele>28.600000381469727</ele><time>2026-04-04T23:05:45Z</time></trkpt><trkpt lat="37.56634521484375" lon="126.99095916748047"><ele>28.600000381469727</ele><time>2026-04-04T23:05:46Z</time></trkpt><trkpt lat="37.566341400146484" lon="126.99092102050781"><ele>28.600000381469727</ele><time>2026-04-04T23:05:47Z</time></trkpt><trkpt lat="37.566341400146484" lon="126.99089813232422"><ele>28.600000381469727</ele><time>2026-04-04T23:05:48Z</time></trkpt><trkpt lat="37.56633758544922" lon="126.9908676147461"><ele>28.600000381469727</ele><time>2026-04-04T23:05:49Z</time></trkpt><trkpt lat="37.56633758544922" lon="126.99083709716797"><ele>28.799999237060547</ele><time>2026-04-04T23:05:50Z</time></trkpt><trkpt lat="37.56633758544922" lon="126.99080657958984"><ele>28.799999237060547</ele><time>2026-04-04T23:05:51Z</time></trkpt><trkpt lat="37.56633758544922" lon="126.99077606201172"><ele>28.799999237060547</ele><time>2026-04-04T23:05:52Z</time></trkpt><trkpt lat="37.56632995605469" lon="126.9907455444336"><ele>28.799999237060547</ele><time>2026-04-04T23:05:53Z</time></trkpt><trkpt lat="37.56632995605469" lon="126.99071502685547"><ele>28.799999237060547</ele><time>2026-04-04T23:05:54Z</time></trkpt><trkpt lat="37.56632614135742" lon="126.99068450927734"><ele>28.799999237060547</ele><time>2026-04-04T23:05:55Z</time></trkpt><trkpt lat="37.56632614135742" lon="126.99065399169922"><ele>28.799999237060547</ele><time>2026-04-04T23:05:56Z</time></trkpt><trkpt lat="37.56631851196289" lon="126.99063110351562"><ele>28.799999237060547</ele><time>2026-04-04T23:05:57Z</time></trkpt><trkpt lat="37.56631851196289" lon="126.9906005859375"><ele>28.799999237060547</ele><time>2026-04-04T23:05:58Z</time></trkpt><trkpt lat="37.566314697265625" lon="126.9905776977539"><ele>28.799999237060547</ele><time>2026-04-04T23:05:59Z</time></trkpt><trkpt lat="37.56631088256836" lon="126.99053192138672"><ele>28.799999237060547</ele><time>2026-04-04T23:06:00Z</time></trkpt><trkpt lat="37.56631088256836" lon="126.9905014038086"><ele>28.600000381469727</ele><time>2026-04-04T23:06:01Z</time></trkpt><trkpt lat="37.56631088256836" lon="126.99047088623047"><ele>28.799999237060547</ele><time>2026-04-04T23:06:02Z</time></trkpt><trkpt lat="37.56631088256836" lon="126.99044036865234"><ele>28.799999237060547</ele><time>2026-04-04T23:06:03Z</time></trkpt><trkpt lat="37.56631088256836" lon="126.99040222167969"><ele>28.799999237060547</ele><time>2026-04-04T23:06:04Z</time></trkpt><trkpt lat="37.56631088256836" lon="126.99037170410156"><ele>28.799999237060547</ele><time>2026-04-04T23:06:05Z</time></trkpt><trkpt lat="37.566307067871094" lon="126.9903335571289"><ele>28.799999237060547</ele><time>2026-04-04T23:06:06Z</time></trkpt><trkpt lat="37.56631088256836" lon="126.99029541015625"><ele>28.799999237060547</ele><time>2026-04-04T23:06:07Z</time></trkpt><trkpt lat="37.56631088256836" lon="126.9902572631836"><ele>28.799999237060547</ele><time>2026-04-04T23:06:08Z</time></trkpt><trkpt lat="37.56631088256836" lon="126.99021911621094"><ele>28.799999237060547</ele><time>2026-04-04T23:06:09Z</time></trkpt><trkpt lat="37.566307067871094" lon="126.99018859863281"><ele>28.799999237060547</ele><time>2026-04-04T23:06:10Z</time></trkpt><trkpt lat="37.56630325317383" lon="126.99015045166016"><ele>29.0</ele><time>2026-04-04T23:06:11Z</time></trkpt><trkpt lat="37.5662956237793" lon="126.99011993408203"><ele>29.0</ele><time>2026-04-04T23:06:12Z</time></trkpt><trkpt lat="37.5662956237793" lon="126.99007415771484"><ele>29.0</ele><time>2026-04-04T23:06:13Z</time></trkpt><trkpt lat="37.566287994384766" lon="126.99004364013672"><ele>29.0</ele><time>2026-04-04T23:06:14Z</time></trkpt><trkpt lat="37.5662841796875" lon="126.99000549316406"><ele>29.0</ele><time>2026-04-04T23:06:15Z</time></trkpt><trkpt lat="37.566280364990234" lon="126.98997497558594"><ele>29.0</ele><time>2026-04-04T23:06:16Z</time></trkpt><trkpt lat="37.566280364990234" lon="126.98993682861328"><ele>29.0</ele><time>2026-04-04T23:06:17Z</time></trkpt><trkpt lat="37.5662727355957" lon="126.98991394042969"><ele>29.0</ele><time>2026-04-04T23:06:18Z</time></trkpt><trkpt lat="37.56626892089844" lon="126.98987579345703"><ele>29.0</ele><time>2026-04-04T23:06:19Z</time></trkpt><trkpt lat="37.5662727355957" lon="126.9898452758789"><ele>29.0</ele><time>2026-04-04T23:06:20Z</time></trkpt><trkpt lat="37.56626892089844" lon="126.98980712890625"><ele>29.0</ele><time>2026-04-04T23:06:21Z</time></trkpt><trkpt lat="37.5662727355957" lon="126.98977661132812"><ele>29.0</ele><time>2026-04-04T23:06:22Z</time></trkpt><trkpt lat="37.5662727355957" lon="126.98973846435547"><ele>29.200000762939453</ele><time>2026-04-04T23:06:23Z</time></trkpt><trkpt lat="37.5662727355957" lon="126.98970794677734"><ele>29.200000762939453</ele><time>2026-04-04T23:06:24Z</time></trkpt><trkpt lat="37.56626510620117" lon="126.98966979980469"><ele>29.200000762939453</ele><time>2026-04-04T23:06:25Z</time></trkpt><trkpt lat="37.566261291503906" lon="126.9896240234375"><ele>29.200000762939453</ele><time>2026-04-04T23:06:26Z</time></trkpt><trkpt lat="37.56625747680664" lon="126.98959350585938"><ele>29.200000762939453</ele><time>2026-04-04T23:06:27Z</time></trkpt><trkpt lat="37.566253662109375" lon="126.98955535888672"><ele>29.200000762939453</ele><time>2026-04-04T23:06:28Z</time></trkpt><trkpt lat="37.566246032714844" lon="126.98953247070312"><ele>29.399999618530273</ele><time>2026-04-04T23:06:29Z</time></trkpt><trkpt lat="37.56624984741211" lon="126.989501953125"><ele>29.399999618530273</ele><time>2026-04-04T23:06:30Z</time></trkpt><trkpt lat="37.56624984741211" lon="126.98947143554688"><ele>29.399999618530273</ele><time>2026-04-04T23:06:31Z</time></trkpt><trkpt lat="37.56624221801758" lon="126.98944091796875"><ele>29.399999618530273</ele><time>2026-04-04T23:06:32Z</time></trkpt><trkpt lat="37.56624221801758" lon="126.98941040039062"><ele>29.600000381469727</ele><time>2026-04-04T23:06:33Z</time></trkpt><trkpt lat="37.56624221801758" lon="126.9893798828125"><ele>29.600000381469727</ele><time>2026-04-04T23:06:34Z</time></trkpt><trkpt lat="37.56624221801758" lon="126.98934173583984"><ele>29.600000381469727</ele><time>2026-04-04T23:06:35Z</time></trkpt><trkpt lat="37.56623840332031" lon="126.98931884765625"><ele>29.799999237060547</ele><time>2026-04-04T23:06:36Z</time></trkpt><trkpt lat="37.56623840332031" lon="126.98928833007812"><ele>29.799999237060547</ele><time>2026-04-04T23:06:37Z</time></trkpt><trkpt lat="37.56623840332031" lon="126.98926544189453"><ele>29.799999237060547</ele><time>2026-04-04T23:06:38Z</time></trkpt><trkpt lat="37.56623458862305" lon="126.9892349243164"><ele>29.799999237060547</ele><time>2026-04-04T23:06:39Z</time></trkpt><trkpt lat="37.56623458862305" lon="126.98921203613281"><ele>29.799999237060547</ele><time>2026-04-04T23:06:40Z</time></trkpt><trkpt lat="37.56623077392578" lon="126.98917388916016"><ele>29.799999237060547</ele><time>2026-04-04T23:06:41Z</time></trkpt><trkpt lat="37.56623077392578" lon="126.98912811279297"><ele>29.799999237060547</ele><time>2026-04-04T23:06:42Z</time></trkpt><trkpt lat="37.566226959228516" lon="126.98909759521484"><ele>29.799999237060547</ele><time>2026-04-04T23:06:43Z</time></trkpt><trkpt lat="37.566226959228516" lon="126.98906707763672"><ele>29.799999237060547</ele><time>2026-04-04T23:06:44Z</time></trkpt><trkpt lat="37.566226959228516" lon="126.98902893066406"><ele>29.799999237060547</ele><time>2026-04-04T23:06:45Z</time></trkpt><trkpt lat="37.566226959228516" lon="126.98899841308594"><ele>29.799999237060547</ele><time>2026-04-04T23:06:46Z</time></trkpt><trkpt lat="37.566226959228516" lon="126.98896789550781"><ele>29.799999237060547</ele><time>2026-04-04T23:06:47Z</time></trkpt><trkpt lat="37.56623077392578" lon="126.98893737792969"><ele>29.799999237060547</ele><time>2026-04-04T23:06:48Z</time></trkpt><trkpt lat="37.56623077392578" lon="126.98890686035156"><ele>29.799999237060547</ele><time>2026-04-04T23:06:49Z</time></trkpt><trkpt lat="37.56623458862305" lon="126.98888397216797"><ele>29.799999237060547</ele><time>2026-04-04T23:06:50Z</time></trkpt><trkpt lat="37.566246032714844" lon="126.98885345458984"><ele>29.799999237060547</ele><time>2026-04-04T23:06:51Z</time></trkpt><trkpt lat="37.566246032714844" lon="126.98883056640625"><ele>29.799999237060547</ele><time>2026-04-04T23:06:52Z</time></trkpt><trkpt lat="37.566246032714844" lon="126.98880767822266"><ele>30.0</ele><time>2026-04-04T23:06:53Z</time></trkpt><trkpt lat="37.566246032714844" lon="126.98877716064453"><ele>30.0</ele><time>2026-04-04T23:06:54Z</time></trkpt><trkpt lat="37.56624984741211" lon="126.98873901367188"><ele>30.0</ele><time>2026-04-04T23:06:55Z</time></trkpt><trkpt lat="37.566246032714844" lon="126.98870849609375"><ele>30.0</ele><time>2026-04-04T23:06:56Z</time></trkpt><trkpt lat="37.56623840332031" lon="126.98867797851562"><ele>30.0</ele><time>2026-04-04T23:06:57Z</time></trkpt><trkpt lat="37.56623840332031" lon="126.9886474609375"><ele>30.0</ele><time>2026-04-04T23:06:58Z</time></trkpt><trkpt lat="37.56623458862305" lon="126.98861694335938"><ele>30.0</ele><time>2026-04-04T23:06:59Z</time></trkpt><trkpt lat="37.56623458862305" lon="126.98858642578125"><ele>30.0</ele><time>2026-04-04T23:07:00Z</time></trkpt><trkpt lat="37.56623458862305" lon="126.9885482788086"><ele>30.0</ele><time>2026-04-04T23:07:01Z</time></trkpt><trkpt lat="37.56623458862305" lon="126.98851776123047"><ele>30.0</ele><time>2026-04-04T23:07:02Z</time></trkpt><trkpt lat="37.56623458862305" lon="126.98847961425781"><ele>30.0</ele><time>2026-04-04T23:07:03Z</time></trkpt><trkpt lat="37.56623458862305" lon="126.98845672607422"><ele>30.0</ele><time>2026-04-04T23:07:04Z</time></trkpt><trkpt lat="37.56623458862305" lon="126.98841857910156"><ele>30.0</ele><time>2026-04-04T23:07:05Z</time></trkpt><trkpt lat="37.56623458862305" lon="126.98838806152344"><ele>30.200000762939453</ele><time>2026-04-04T23:07:06Z</time></trkpt><trkpt lat="37.56623077392578" lon="126.98834991455078"><ele>30.200000762939453</ele><time>2026-04-04T23:07:07Z</time></trkpt><trkpt lat="37.56623077392578" lon="126.98832702636719"><ele>30.200000762939453</ele><time>2026-04-04T23:07:08Z</time></trkpt><trkpt lat="37.566226959228516" lon="126.98829650878906"><ele>30.200000762939453</ele><time>2026-04-04T23:07:09Z</time></trkpt><trkpt lat="37.56623458862305" lon="126.98827362060547"><ele>30.200000762939453</ele><time>2026-04-04T23:07:10Z</time></trkpt><trkpt lat="37.56623840332031" lon="126.98822784423828"><ele>30.0</ele><time>2026-04-04T23:07:11Z</time></trkpt><trkpt lat="37.56623840332031" lon="126.98818969726562"><ele>30.200000762939453</ele><time>2026-04-04T23:07:12Z</time></trkpt><trkpt lat="37.56623840332031" lon="126.98816680908203"><ele>30.200000762939453</ele><time>2026-04-04T23:07:13Z</time></trkpt><trkpt lat="37.56623840332031" lon="126.9881362915039"><ele>30.200000762939453</ele><time>2026-04-04T23:07:14Z</time></trkpt><trkpt lat="37.56623458862305" lon="126.98812103271484"><ele>30.200000762939453</ele><time>2026-04-04T23:07:15Z</time></trkpt><trkpt lat="37.56623840332031" lon="126.98809051513672"><ele>30.200000762939453</ele><time>2026-04-04T23:07:16Z</time></trkpt><trkpt lat="37.56624221801758" lon="126.9880599975586"><ele>30.200000762939453</ele><time>2026-04-04T23:07:17Z</time></trkpt><trkpt lat="37.56624221801758" lon="126.98802947998047"><ele>30.200000762939453</ele><time>2026-04-04T23:07:18Z</time></trkpt><trkpt lat="37.566253662109375" lon="126.98799896240234"><ele>30.200000762939453</ele><time>2026-04-04T23:07:19Z</time></trkpt><trkpt lat="37.566261291503906" lon="126.98795318603516"><ele>30.200000762939453</ele><time>2026-04-04T23:07:20Z</time></trkpt><trkpt lat="37.56626892089844" lon="126.9879150390625"><ele>30.200000762939453</ele><time>2026-04-04T23:07:21Z</time></trkpt><trkpt lat="37.5662727355957" lon="126.98786926269531"><ele>30.200000762939453</ele><time>2026-04-04T23:07:22Z</time></trkpt><trkpt lat="37.566280364990234" lon="126.98783111572266"><ele>30.200000762939453</ele><time>2026-04-04T23:07:23Z</time></trkpt><trkpt lat="37.56627655029297" lon="126.98779296875"><ele>30.399999618530273</ele><time>2026-04-04T23:07:24Z</time></trkpt><trkpt lat="37.5662841796875" lon="126.98776245117188"><ele>30.200000762939453</ele><time>2026-04-04T23:07:25Z</time></trkpt><trkpt lat="37.5662841796875" lon="126.98771667480469"><ele>30.200000762939453</ele><time>2026-04-04T23:07:26Z</time></trkpt><trkpt lat="37.5662727355957" lon="126.98768615722656"><ele>30.200000762939453</ele><time>2026-04-04T23:07:27Z</time></trkpt><trkpt lat="37.56626892089844" lon="126.98765563964844"><ele>30.399999618530273</ele><time>2026-04-04T23:07:28Z</time></trkpt><trkpt lat="37.566253662109375" lon="126.98761749267578"><ele>30.399999618530273</ele><time>2026-04-04T23:07:29Z</time></trkpt><trkpt lat="37.56624221801758" lon="126.98758697509766"><ele>30.399999618530273</ele><time>2026-04-04T23:07:30Z</time></trkpt><trkpt lat="37.56622314453125" lon="126.98755645751953"><ele>30.399999618530273</ele><time>2026-04-04T23:07:31Z</time></trkpt><trkpt lat="37.56621551513672" lon="126.9875259399414"><ele>30.399999618530273</ele><time>2026-04-04T23:07:32Z</time></trkpt><trkpt lat="37.56621170043945" lon="126.98749542236328"><ele>30.399999618530273</ele><time>2026-04-04T23:07:33Z</time></trkpt><trkpt lat="37.566200256347656" lon="126.98746490478516"><ele>30.399999618530273</ele><time>2026-04-04T23:07:34Z</time></trkpt><trkpt lat="37.566192626953125" lon="126.98744201660156"><ele>30.399999618530273</ele><time>2026-04-04T23:07:35Z</time></trkpt><trkpt lat="37.56618881225586" lon="126.98741149902344"><ele>30.600000381469727</ele><time>2026-04-04T23:07:36Z</time></trkpt><trkpt lat="37.56618118286133" lon="126.98738098144531"><ele>30.600000381469727</ele><time>2026-04-04T23:07:37Z</time></trkpt><trkpt lat="37.56618118286133" lon="126.98734283447266"><ele>30.600000381469727</ele><time>2026-04-04T23:07:38Z</time></trkpt><trkpt lat="37.56618118286133" lon="126.98731231689453"><ele>30.600000381469727</ele><time>2026-04-04T23:07:39Z</time></trkpt><trkpt lat="37.56617736816406" lon="126.98727416992188"><ele>30.600000381469727</ele><time>2026-04-04T23:07:40Z</time></trkpt><trkpt lat="37.56617736816406" lon="126.98724365234375"><ele>30.399999618530273</ele><time>2026-04-04T23:07:41Z</time></trkpt><trkpt lat="37.56618118286133" lon="126.98721313476562"><ele>30.200000762939453</ele><time>2026-04-04T23:07:42Z</time></trkpt><trkpt lat="37.56618118286133" lon="126.9871826171875"><ele>30.200000762939453</ele><time>2026-04-04T23:07:43Z</time></trkpt><trkpt lat="37.56618118286133" lon="126.98715209960938"><ele>30.399999618530273</ele><time>2026-04-04T23:07:44Z</time></trkpt><trkpt lat="37.566184997558594" lon="126.98712921142578"><ele>30.399999618530273</ele><time>2026-04-04T23:07:45Z</time></trkpt><trkpt lat="37.566184997558594" lon="126.98709869384766"><ele>30.399999618530273</ele><time>2026-04-04T23:07:46Z</time></trkpt><trkpt lat="37.566184997558594" lon="126.98706817626953"><ele>30.399999618530273</ele><time>2026-04-04T23:07:47Z</time></trkpt><trkpt lat="37.56618881225586" lon="126.98704528808594"><ele>30.399999618530273</ele><time>2026-04-04T23:07:48Z</time></trkpt><trkpt lat="37.566192626953125" lon="126.98700714111328"><ele>30.399999618530273</ele><time>2026-04-04T23:07:49Z</time></trkpt><trkpt lat="37.56619644165039" lon="126.98697662353516"><ele>30.399999618530273</ele><time>2026-04-04T23:07:50Z</time></trkpt><trkpt lat="37.566200256347656" lon="126.98694610595703"><ele>30.399999618530273</ele><time>2026-04-04T23:07:51Z</time></trkpt><trkpt lat="37.56619644165039" lon="126.9869155883789"><ele>30.399999618530273</ele><time>2026-04-04T23:07:52Z</time></trkpt><trkpt lat="37.56619644165039" lon="126.98687744140625"><ele>30.399999618530273</ele><time>2026-04-04T23:07:53Z</time></trkpt><trkpt lat="37.566192626953125" lon="126.9868392944336"><ele>30.399999618530273</ele><time>2026-04-04T23:07:54Z</time></trkpt><trkpt lat="37.566184997558594" lon="126.98680877685547"><ele>30.399999618530273</ele><time>2026-04-04T23:07:55Z</time></trkpt><trkpt lat="37.566184997558594" lon="126.98677062988281"><ele>30.399999618530273</ele><time>2026-04-04T23:07:56Z</time></trkpt><trkpt lat="37.56618118286133" lon="126.98674774169922"><ele>30.600000381469727</ele><time>2026-04-04T23:07:57Z</time></trkpt><trkpt lat="37.56617736816406" lon="126.98670959472656"><ele>30.600000381469727</ele><time>2026-04-04T23:07:58Z</time></trkpt><trkpt lat="37.5661735534668" lon="126.98668670654297"><ele>30.799999237060547</ele><time>2026-04-04T23:07:59Z</time></trkpt><trkpt lat="37.56616973876953" lon="126.98665618896484"><ele>30.799999237060547</ele><time>2026-04-04T23:08:00Z</time></trkpt><trkpt lat="37.56616973876953" lon="126.98662567138672"><ele>30.799999237060547</ele><time>2026-04-04T23:08:01Z</time></trkpt><trkpt lat="37.56616973876953" lon="126.98658752441406"><ele>30.799999237060547</ele><time>2026-04-04T23:08:02Z</time></trkpt><trkpt lat="37.56616973876953" lon="126.98656463623047"><ele>30.799999237060547</ele><time>2026-04-04T23:08:03Z</time></trkpt><trkpt lat="37.566165924072266" lon="126.98653411865234"><ele>30.799999237060547</ele><time>2026-04-04T23:08:04Z</time></trkpt><trkpt lat="37.566162109375" lon="126.98650360107422"><ele>30.799999237060547</ele><time>2026-04-04T23:08:05Z</time></trkpt><trkpt lat="37.566162109375" lon="126.9864730834961"><ele>30.799999237060547</ele><time>2026-04-04T23:08:06Z</time></trkpt><trkpt lat="37.566158294677734" lon="126.98643493652344"><ele>30.600000381469727</ele><time>2026-04-04T23:08:07Z</time></trkpt><trkpt lat="37.566158294677734" lon="126.98641204833984"><ele>30.600000381469727</ele><time>2026-04-04T23:08:08Z</time></trkpt><trkpt lat="37.566158294677734" lon="126.98637390136719"><ele>30.600000381469727</ele><time>2026-04-04T23:08:09Z</time></trkpt><trkpt lat="37.5661506652832" lon="126.9863510131836"><ele>30.799999237060547</ele><time>2026-04-04T23:08:10Z</time></trkpt><trkpt lat="37.5661506652832" lon="126.98631286621094"><ele>30.799999237060547</ele><time>2026-04-04T23:08:11Z</time></trkpt><trkpt lat="37.56615447998047" lon="126.98628997802734"><ele>30.799999237060547</ele><time>2026-04-04T23:08:12Z</time></trkpt><trkpt lat="37.566158294677734" lon="126.98625946044922"><ele>30.600000381469727</ele><time>2026-04-04T23:08:13Z</time></trkpt><trkpt lat="37.566165924072266" lon="126.9862289428711"><ele>30.600000381469727</ele><time>2026-04-04T23:08:14Z</time></trkpt><trkpt lat="37.566165924072266" lon="126.9862060546875"><ele>30.600000381469727</ele><time>2026-04-04T23:08:15Z</time></trkpt><trkpt lat="37.566165924072266" lon="126.98617553710938"><ele>30.799999237060547</ele><time>2026-04-04T23:08:16Z</time></trkpt><trkpt lat="37.566162109375" lon="126.98615264892578"><ele>30.799999237060547</ele><time>2026-04-04T23:08:17Z</time></trkpt><trkpt lat="37.5661735534668" lon="126.98612213134766"><ele>30.799999237060547</ele><time>2026-04-04T23:08:18Z</time></trkpt><trkpt lat="37.56616973876953" lon="126.98609161376953"><ele>30.799999237060547</ele><time>2026-04-04T23:08:19Z</time></trkpt><trkpt lat="37.56616973876953" lon="126.9860610961914"><ele>30.799999237060547</ele><time>2026-04-04T23:08:20Z</time></trkpt><trkpt lat="37.566165924072266" lon="126.98603057861328"><ele>30.799999237060547</ele><time>2026-04-04T23:08:21Z</time></trkpt><trkpt lat="37.566165924072266" lon="126.98600006103516"><ele>30.799999237060547</ele><time>2026-04-04T23:08:22Z</time></trkpt><trkpt lat="37.566165924072266" lon="126.98596954345703"><ele>30.799999237060547</ele><time>2026-04-04T23:08:23Z</time></trkpt><trkpt lat="37.566165924072266" lon="126.9859390258789"><ele>30.799999237060547</ele><time>2026-04-04T23:08:24Z</time></trkpt><trkpt lat="37.566165924072266" lon="126.98590850830078"><ele>30.799999237060547</ele><time>2026-04-04T23:08:25Z</time></trkpt><trkpt lat="37.56616973876953" lon="126.98587799072266"><ele>30.799999237060547</ele><time>2026-04-04T23:08:26Z</time></trkpt><trkpt lat="37.56617736816406" lon="126.98584747314453"><ele>30.799999237060547</ele><time>2026-04-04T23:08:27Z</time></trkpt><trkpt lat="37.566184997558594" lon="126.9858169555664"><ele>30.600000381469727</ele><time>2026-04-04T23:08:28Z</time></trkpt><trkpt lat="37.56618881225586" lon="126.98578643798828"><ele>30.600000381469727</ele><time>2026-04-04T23:08:29Z</time></trkpt><trkpt lat="37.56618881225586" lon="126.98574829101562"><ele>30.600000381469727</ele><time>2026-04-04T23:08:30Z</time></trkpt><trkpt lat="37.56618881225586" lon="126.98572540283203"><ele>30.799999237060547</ele><time>2026-04-04T23:08:31Z</time></trkpt><trkpt lat="37.56618881225586" lon="126.98568725585938"><ele>30.799999237060547</ele><time>2026-04-04T23:08:32Z</time></trkpt><trkpt lat="37.56618881225586" lon="126.98564910888672"><ele>30.799999237060547</ele><time>2026-04-04T23:08:33Z</time></trkpt><trkpt lat="37.566192626953125" lon="126.98561096191406"><ele>30.799999237060547</ele><time>2026-04-04T23:08:34Z</time></trkpt><trkpt lat="37.566192626953125" lon="126.98558807373047"><ele>30.600000381469727</ele><time>2026-04-04T23:08:35Z</time></trkpt><trkpt lat="37.56618881225586" lon="126.98555755615234"><ele>30.600000381469727</ele><time>2026-04-04T23:08:36Z</time></trkpt><trkpt lat="37.566184997558594" lon="126.98551940917969"><ele>30.600000381469727</ele><time>2026-04-04T23:08:37Z</time></trkpt><trkpt lat="37.56618118286133" lon="126.98548889160156"><ele>30.600000381469727</ele><time>2026-04-04T23:08:38Z</time></trkpt><trkpt lat="37.56617736816406" lon="126.9854507446289"><ele>30.600000381469727</ele><time>2026-04-04T23:08:39Z</time></trkpt><trkpt lat="37.5661735534668" lon="126.98542022705078"><ele>30.399999618530273</ele><time>2026-04-04T23:08:40Z</time></trkpt><trkpt lat="37.5661735534668" lon="126.98538208007812"><ele>30.399999618530273</ele><time>2026-04-04T23:08:41Z</time></trkpt><trkpt lat="37.56616973876953" lon="126.9853515625"><ele>30.399999618530273</ele><time>2026-04-04T23:08:42Z</time></trkpt><trkpt lat="37.56616973876953" lon="126.98531341552734"><ele>30.399999618530273</ele><time>2026-04-04T23:08:43Z</time></trkpt><trkpt lat="37.56616973876953" lon="126.98529052734375"><ele>30.600000381469727</ele><time>2026-04-04T23:08:44Z</time></trkpt><trkpt lat="37.56616973876953" lon="126.98526000976562"><ele>30.600000381469727</ele><time>2026-04-04T23:08:45Z</time></trkpt><trkpt lat="37.566165924072266" lon="126.98523712158203"><ele>30.600000381469727</ele><time>2026-04-04T23:08:46Z</time></trkpt><trkpt lat="37.566165924072266" lon="126.9852066040039"><ele>30.600000381469727</ele><time>2026-04-04T23:08:47Z</time></trkpt><trkpt lat="37.566165924072266" lon="126.98517608642578"><ele>30.600000381469727</ele><time>2026-04-04T23:08:48Z</time></trkpt><trkpt lat="37.566162109375" lon="126.98514556884766"><ele>30.600000381469727</ele><time>2026-04-04T23:08:49Z</time></trkpt><trkpt lat="37.566162109375" lon="126.985107421875"><ele>30.600000381469727</ele><time>2026-04-04T23:08:50Z</time></trkpt><trkpt lat="37.56615447998047" lon="126.98507690429688"><ele>30.600000381469727</ele><time>2026-04-04T23:08:51Z</time></trkpt><trkpt lat="37.56615447998047" lon="126.98503112792969"><ele>30.799999237060547</ele><time>2026-04-04T23:08:52Z</time></trkpt><trkpt lat="37.56615447998047" lon="126.9850082397461"><ele>30.799999237060547</ele><time>2026-04-04T23:08:53Z</time></trkpt><trkpt lat="37.56615447998047" lon="126.98497009277344"><ele>30.799999237060547</ele><time>2026-04-04T23:08:54Z</time></trkpt><trkpt lat="37.56615447998047" lon="126.98493957519531"><ele>30.799999237060547</ele><time>2026-04-04T23:08:55Z</time></trkpt><trkpt lat="37.5661506652832" lon="126.98490142822266"><ele>30.799999237060547</ele><time>2026-04-04T23:08:56Z</time></trkpt><trkpt lat="37.5661506652832" lon="126.98486328125"><ele>30.799999237060547</ele><time>2026-04-04T23:08:57Z</time></trkpt><trkpt lat="37.56614685058594" lon="126.98482513427734"><ele>30.799999237060547</ele><time>2026-04-04T23:08:58Z</time></trkpt><trkpt lat="37.56614303588867" lon="126.98478698730469"><ele>30.799999237060547</ele><time>2026-04-04T23:08:59Z</time></trkpt><trkpt lat="37.566139221191406" lon="126.9847640991211"><ele>30.799999237060547</ele><time>2026-04-04T23:09:00Z</time></trkpt><trkpt lat="37.56613540649414" lon="126.98472595214844"><ele>30.799999237060547</ele><time>2026-04-04T23:09:01Z</time></trkpt><trkpt lat="37.56612777709961" lon="126.98470306396484"><ele>30.799999237060547</ele><time>2026-04-04T23:09:02Z</time></trkpt><trkpt lat="37.56612777709961" lon="126.98465728759766"><ele>30.799999237060547</ele><time>2026-04-04T23:09:03Z</time></trkpt><trkpt lat="37.56612777709961" lon="126.98462677001953"><ele>30.799999237060547</ele><time>2026-04-04T23:09:04Z</time></trkpt><trkpt lat="37.566123962402344" lon="126.98458862304688"><ele>30.799999237060547</ele><time>2026-04-04T23:09:05Z</time></trkpt><trkpt lat="37.56612014770508" lon="126.98455810546875"><ele>30.799999237060547</ele><time>2026-04-04T23:09:06Z</time></trkpt><trkpt lat="37.56612014770508" lon="126.98452758789062"><ele>30.600000381469727</ele><time>2026-04-04T23:09:07Z</time></trkpt><trkpt lat="37.56611633300781" lon="126.98448944091797"><ele>30.600000381469727</ele><time>2026-04-04T23:09:08Z</time></trkpt><trkpt lat="37.56611251831055" lon="126.98445892333984"><ele>30.600000381469727</ele><time>2026-04-04T23:09:09Z</time></trkpt><trkpt lat="37.56611251831055" lon="126.98442840576172"><ele>30.399999618530273</ele><time>2026-04-04T23:09:10Z</time></trkpt><trkpt lat="37.56610870361328" lon="126.98440551757812"><ele>30.600000381469727</ele><time>2026-04-04T23:09:11Z</time></trkpt><trkpt lat="37.56611251831055" lon="126.98436737060547"><ele>30.600000381469727</ele><time>2026-04-04T23:09:12Z</time></trkpt><trkpt lat="37.56611633300781" lon="126.98434448242188"><ele>30.600000381469727</ele><time>2026-04-04T23:09:13Z</time></trkpt><trkpt lat="37.56611633300781" lon="126.98431396484375"><ele>30.600000381469727</ele><time>2026-04-04T23:09:14Z</time></trkpt><trkpt lat="37.56611251831055" lon="126.98429107666016"><ele>30.600000381469727</ele><time>2026-04-04T23:09:15Z</time></trkpt><trkpt lat="37.56611251831055" lon="126.98426055908203"><ele>30.399999618530273</ele><time>2026-04-04T23:09:16Z</time></trkpt><trkpt lat="37.56611251831055" lon="126.98423767089844"><ele>30.399999618530273</ele><time>2026-04-04T23:09:17Z</time></trkpt><trkpt lat="37.56611251831055" lon="126.98420715332031"><ele>30.399999618530273</ele><time>2026-04-04T23:09:18Z</time></trkpt><trkpt lat="37.56611633300781" lon="126.98417663574219"><ele>30.200000762939453</ele><time>2026-04-04T23:09:19Z</time></trkpt><trkpt lat="37.56611633300781" lon="126.9841537475586"><ele>30.200000762939453</ele><time>2026-04-04T23:09:20Z</time></trkpt><trkpt lat="37.56611251831055" lon="126.98412322998047"><ele>30.200000762939453</ele><time>2026-04-04T23:09:21Z</time></trkpt><trkpt lat="37.56610107421875" lon="126.98409271240234"><ele>30.200000762939453</ele><time>2026-04-04T23:09:22Z</time></trkpt><trkpt lat="37.566104888916016" lon="126.98406219482422"><ele>30.200000762939453</ele><time>2026-04-04T23:09:23Z</time></trkpt><trkpt lat="37.56610870361328" lon="126.9840316772461"><ele>30.200000762939453</ele><time>2026-04-04T23:09:24Z</time></trkpt><trkpt lat="37.56611251831055" lon="126.98400115966797"><ele>30.200000762939453</ele><time>2026-04-04T23:09:25Z</time></trkpt><trkpt lat="37.56611633300781" lon="126.98397064208984"><ele>30.200000762939453</ele><time>2026-04-04T23:09:26Z</time></trkpt><trkpt lat="37.56611633300781" lon="126.98394775390625"><ele>30.200000762939453</ele><time>2026-04-04T23:09:27Z</time></trkpt><trkpt lat="37.56611633300781" lon="126.98391723632812"><ele>30.200000762939453</ele><time>2026-04-04T23:09:28Z</time></trkpt><trkpt lat="37.56611633300781" lon="126.98389434814453"><ele>30.200000762939453</ele><time>2026-04-04T23:09:29Z</time></trkpt><trkpt lat="37.56612014770508" lon="126.98385620117188"><ele>30.200000762939453</ele><time>2026-04-04T23:09:30Z</time></trkpt><trkpt lat="37.566123962402344" lon="126.98382568359375"><ele>30.200000762939453</ele><time>2026-04-04T23:09:31Z</time></trkpt><trkpt lat="37.566123962402344" lon="126.9837875366211"><ele>30.200000762939453</ele><time>2026-04-04T23:09:32Z</time></trkpt><trkpt lat="37.56612777709961" lon="126.98375701904297"><ele>30.200000762939453</ele><time>2026-04-04T23:09:33Z</time></trkpt><trkpt lat="37.56612777709961" lon="126.98371887207031"><ele>30.200000762939453</ele><time>2026-04-04T23:09:34Z</time></trkpt><trkpt lat="37.56612014770508" lon="126.98369598388672"><ele>30.200000762939453</ele><time>2026-04-04T23:09:35Z</time></trkpt><trkpt lat="37.56611633300781" lon="126.98365783691406"><ele>30.200000762939453</ele><time>2026-04-04T23:09:36Z</time></trkpt><trkpt lat="37.56611633300781" lon="126.98362731933594"><ele>30.200000762939453</ele><time>2026-04-04T23:09:37Z</time></trkpt><trkpt lat="37.56611251831055" lon="126.98359680175781"><ele>30.200000762939453</ele><time>2026-04-04T23:09:38Z</time></trkpt><trkpt lat="37.56611633300781" lon="126.98355865478516"><ele>30.200000762939453</ele><time>2026-04-04T23:09:39Z</time></trkpt><trkpt lat="37.56611251831055" lon="126.98353576660156"><ele>30.399999618530273</ele><time>2026-04-04T23:09:40Z</time></trkpt><trkpt lat="37.56611251831055" lon="126.98350524902344"><ele>30.399999618530273</ele><time>2026-04-04T23:09:41Z</time></trkpt><trkpt lat="37.56610870361328" lon="126.98348236083984"><ele>30.600000381469727</ele><time>2026-04-04T23:09:42Z</time></trkpt><trkpt lat="37.56610107421875" lon="126.98345184326172"><ele>30.799999237060547</ele><time>2026-04-04T23:09:43Z</time></trkpt><trkpt lat="37.566097259521484" lon="126.9834213256836"><ele>30.600000381469727</ele><time>2026-04-04T23:09:44Z</time></trkpt><trkpt lat="37.56608963012695" lon="126.98339080810547"><ele>30.600000381469727</ele><time>2026-04-04T23:09:45Z</time></trkpt><trkpt lat="37.56608963012695" lon="126.98336791992188"><ele>30.399999618530273</ele><time>2026-04-04T23:09:46Z</time></trkpt><trkpt lat="37.56608200073242" lon="126.98334503173828"><ele>30.399999618530273</ele><time>2026-04-04T23:09:47Z</time></trkpt><trkpt lat="37.566078186035156" lon="126.98332214355469"><ele>30.399999618530273</ele><time>2026-04-04T23:09:48Z</time></trkpt><trkpt lat="37.56607437133789" lon="126.98329162597656"><ele>30.399999618530273</ele><time>2026-04-04T23:09:49Z</time></trkpt><trkpt lat="37.56607437133789" lon="126.9832534790039"><ele>30.399999618530273</ele><time>2026-04-04T23:09:50Z</time></trkpt><trkpt lat="37.566070556640625" lon="126.98322296142578"><ele>30.399999618530273</ele><time>2026-04-04T23:09:51Z</time></trkpt><trkpt lat="37.56607437133789" lon="126.9831771850586"><ele>30.399999618530273</ele><time>2026-04-04T23:09:52Z</time></trkpt><trkpt lat="37.566062927246094" lon="126.98314666748047"><ele>30.399999618530273</ele><time>2026-04-04T23:09:53Z</time></trkpt><trkpt lat="37.56605529785156" lon="126.98310089111328"><ele>30.399999618530273</ele><time>2026-04-04T23:09:54Z</time></trkpt><trkpt lat="37.56605529785156" lon="126.98307037353516"><ele>30.399999618530273</ele><time>2026-04-04T23:09:55Z</time></trkpt><trkpt lat="37.5660514831543" lon="126.98303985595703"><ele>30.399999618530273</ele><time>2026-04-04T23:09:56Z</time></trkpt><trkpt lat="37.56605529785156" lon="126.98300170898438"><ele>30.399999618530273</ele><time>2026-04-04T23:09:57Z</time></trkpt><trkpt lat="37.5660514831543" lon="126.98297119140625"><ele>30.399999618530273</ele><time>2026-04-04T23:09:58Z</time></trkpt><trkpt lat="37.56605911254883" lon="126.98294067382812"><ele>30.600000381469727</ele><time>2026-04-04T23:09:59Z</time></trkpt><trkpt lat="37.56605911254883" lon="126.98291015625"><ele>30.399999618530273</ele><time>2026-04-04T23:10:00Z</time></trkpt><trkpt lat="37.566062927246094" lon="126.98287200927734"><ele>30.399999618530273</ele><time>2026-04-04T23:10:01Z</time></trkpt><trkpt lat="37.566062927246094" lon="126.98284912109375"><ele>30.399999618530273</ele><time>2026-04-04T23:10:02Z</time></trkpt><trkpt lat="37.56606674194336" lon="126.98281860351562"><ele>30.399999618530273</ele><time>2026-04-04T23:10:03Z</time></trkpt><trkpt lat="37.566070556640625" lon="126.9827880859375"><ele>30.399999618530273</ele><time>2026-04-04T23:10:04Z</time></trkpt><trkpt lat="37.56606674194336" lon="126.98274993896484"><ele>30.399999618530273</ele><time>2026-04-04T23:10:05Z</time></trkpt><trkpt lat="37.56605911254883" lon="126.98271942138672"><ele>30.399999618530273</ele><time>2026-04-04T23:10:06Z</time></trkpt><trkpt lat="37.56605529785156" lon="126.98269653320312"><ele>30.399999618530273</ele><time>2026-04-04T23:10:07Z</time></trkpt><trkpt lat="37.56605529785156" lon="126.98265838623047"><ele>30.399999618530273</ele><time>2026-04-04T23:10:08Z</time></trkpt><trkpt lat="37.56605529785156" lon="126.98263549804688"><ele>30.399999618530273</ele><time>2026-04-04T23:10:09Z</time></trkpt><trkpt lat="37.56605529785156" lon="126.98259735107422"><ele>30.399999618530273</ele><time>2026-04-04T23:10:10Z</time></trkpt><trkpt lat="37.566062927246094" lon="126.9825668334961"><ele>30.399999618530273</ele><time>2026-04-04T23:10:11Z</time></trkpt><trkpt lat="37.56606674194336" lon="126.98252868652344"><ele>30.399999618530273</ele><time>2026-04-04T23:10:12Z</time></trkpt><trkpt lat="37.566070556640625" lon="126.98249053955078"><ele>30.399999618530273</ele><time>2026-04-04T23:10:13Z</time></trkpt><trkpt lat="37.566070556640625" lon="126.98246002197266"><ele>30.399999618530273</ele><time>2026-04-04T23:10:14Z</time></trkpt><trkpt lat="37.566070556640625" lon="126.982421875"><ele>30.200000762939453</ele><time>2026-04-04T23:10:15Z</time></trkpt><trkpt lat="37.56607437133789" lon="126.98239135742188"><ele>30.200000762939453</ele><time>2026-04-04T23:10:16Z</time></trkpt><trkpt lat="37.566070556640625" lon="126.98235321044922"><ele>30.200000762939453</ele><time>2026-04-04T23:10:17Z</time></trkpt><trkpt lat="37.56607437133789" lon="126.98233032226562"><ele>30.200000762939453</ele><time>2026-04-04T23:10:18Z</time></trkpt><trkpt lat="37.56607437133789" lon="126.9822998046875"><ele>30.399999618530273</ele><time>2026-04-04T23:10:19Z</time></trkpt><trkpt lat="37.566070556640625" lon="126.98226928710938"><ele>30.399999618530273</ele><time>2026-04-04T23:10:20Z</time></trkpt><trkpt lat="37.566070556640625" lon="126.98224639892578"><ele>30.399999618530273</ele><time>2026-04-04T23:10:21Z</time></trkpt><trkpt lat="37.56607437133789" lon="126.98222351074219"><ele>30.399999618530273</ele><time>2026-04-04T23:10:22Z</time></trkpt><trkpt lat="37.566078186035156" lon="126.9822006225586"><ele>30.399999618530273</ele><time>2026-04-04T23:10:23Z</time></trkpt><trkpt lat="37.566078186035156" lon="126.982177734375"><ele>30.600000381469727</ele><time>2026-04-04T23:10:24Z</time></trkpt><trkpt lat="37.56608200073242" lon="126.98214721679688"><ele>30.600000381469727</ele><time>2026-04-04T23:10:25Z</time></trkpt><trkpt lat="37.56608200073242" lon="126.98212432861328"><ele>30.600000381469727</ele><time>2026-04-04T23:10:26Z</time></trkpt><trkpt lat="37.56608200073242" lon="126.98209381103516"><ele>30.600000381469727</ele><time>2026-04-04T23:10:27Z</time></trkpt><trkpt lat="37.56608200073242" lon="126.98207092285156"><ele>30.600000381469727</ele><time>2026-04-04T23:10:28Z</time></trkpt><trkpt lat="37.56608581542969" lon="126.9820327758789"><ele>30.600000381469727</ele><time>2026-04-04T23:10:29Z</time></trkpt><trkpt lat="37.56608963012695" lon="126.98200988769531"><ele>30.600000381469727</ele><time>2026-04-04T23:10:30Z</time></trkpt><trkpt lat="37.566097259521484" lon="126.98197937011719"><ele>30.600000381469727</ele><time>2026-04-04T23:10:31Z</time></trkpt><trkpt lat="37.56610107421875" lon="126.98194122314453"><ele>30.600000381469727</ele><time>2026-04-04T23:10:32Z</time></trkpt><trkpt lat="37.56610870361328" lon="126.98191833496094"><ele>30.600000381469727</ele><time>2026-04-04T23:10:33Z</time></trkpt><trkpt lat="37.56611633300781" lon="126.98188781738281"><ele>30.600000381469727</ele><time>2026-04-04T23:10:34Z</time></trkpt><trkpt lat="37.56611251831055" lon="126.98184967041016"><ele>30.600000381469727</ele><time>2026-04-04T23:10:35Z</time></trkpt><trkpt lat="37.56611251831055" lon="126.9818115234375"><ele>30.799999237060547</ele><time>2026-04-04T23:10:36Z</time></trkpt><trkpt lat="37.56611251831055" lon="126.98178100585938"><ele>30.799999237060547</ele><time>2026-04-04T23:10:37Z</time></trkpt><trkpt lat="37.566104888916016" lon="126.98175048828125"><ele>30.799999237060547</ele><time>2026-04-04T23:10:38Z</time></trkpt><trkpt lat="37.566104888916016" lon="126.98171997070312"><ele>30.799999237060547</ele><time>2026-04-04T23:10:39Z</time></trkpt><trkpt lat="37.566097259521484" lon="126.98168182373047"><ele>30.799999237060547</ele><time>2026-04-04T23:10:40Z</time></trkpt><trkpt lat="37.566097259521484" lon="126.98165130615234"><ele>30.799999237060547</ele><time>2026-04-04T23:10:41Z</time></trkpt><trkpt lat="37.566097259521484" lon="126.98162078857422"><ele>30.799999237060547</ele><time>2026-04-04T23:10:42Z</time></trkpt><trkpt lat="37.56609344482422" lon="126.98158264160156"><ele>31.0</ele><time>2026-04-04T23:10:43Z</time></trkpt><trkpt lat="37.56609344482422" lon="126.98155212402344"><ele>31.0</ele><time>2026-04-04T23:10:44Z</time></trkpt><trkpt lat="37.56608963012695" lon="126.98151397705078"><ele>31.0</ele><time>2026-04-04T23:10:45Z</time></trkpt><trkpt lat="37.56608581542969" lon="126.98148345947266"><ele>31.0</ele><time>2026-04-04T23:10:46Z</time></trkpt><trkpt lat="37.566078186035156" lon="126.98145294189453"><ele>31.0</ele><time>2026-04-04T23:10:47Z</time></trkpt><trkpt lat="37.56607437133789" lon="126.98143005371094"><ele>31.0</ele><time>2026-04-04T23:10:48Z</time></trkpt><trkpt lat="37.566070556640625" lon="126.98139953613281"><ele>31.0</ele><time>2026-04-04T23:10:49Z</time></trkpt><trkpt lat="37.566070556640625" lon="126.98136901855469"><ele>31.0</ele><time>2026-04-04T23:10:50Z</time></trkpt><trkpt lat="37.56606674194336" lon="126.98133850097656"><ele>31.0</ele><time>2026-04-04T23:10:51Z</time></trkpt><trkpt lat="37.566062927246094" lon="126.98130798339844"><ele>31.0</ele><time>2026-04-04T23:10:52Z</time></trkpt><trkpt lat="37.56605529785156" lon="126.98127746582031"><ele>31.0</ele><time>2026-04-04T23:10:53Z</time></trkpt><trkpt lat="37.56605529785156" lon="126.98123931884766"><ele>31.0</ele><time>2026-04-04T23:10:54Z</time></trkpt><trkpt lat="37.5660514831543" lon="126.98120880126953"><ele>31.0</ele><time>2026-04-04T23:10:55Z</time></trkpt><trkpt lat="37.5660514831543" lon="126.98117065429688"><ele>31.0</ele><time>2026-04-04T23:10:56Z</time></trkpt><trkpt lat="37.56604766845703" lon="126.98114776611328"><ele>31.0</ele><time>2026-04-04T23:10:57Z</time></trkpt><trkpt lat="37.566043853759766" lon="126.98111724853516"><ele>31.200000762939453</ele><time>2026-04-04T23:10:58Z</time></trkpt><trkpt lat="37.566043853759766" lon="126.98108673095703"><ele>31.200000762939453</ele><time>2026-04-04T23:10:59Z</time></trkpt><trkpt lat="37.5660400390625" lon="126.9810562133789"><ele>31.399999618530273</ele><time>2026-04-04T23:11:00Z</time></trkpt><trkpt lat="37.5660400390625" lon="126.98102569580078"><ele>31.399999618530273</ele><time>2026-04-04T23:11:01Z</time></trkpt><trkpt lat="37.566036224365234" lon="126.98099517822266"><ele>31.399999618530273</ele><time>2026-04-04T23:11:02Z</time></trkpt><trkpt lat="37.56603240966797" lon="126.98096466064453"><ele>31.200000762939453</ele><time>2026-04-04T23:11:03Z</time></trkpt><trkpt lat="37.5660285949707" lon="126.98094177246094"><ele>31.200000762939453</ele><time>2026-04-04T23:11:04Z</time></trkpt><trkpt lat="37.5660285949707" lon="126.98090362548828"><ele>31.200000762939453</ele><time>2026-04-04T23:11:05Z</time></trkpt><trkpt lat="37.56602478027344" lon="126.98088073730469"><ele>31.200000762939453</ele><time>2026-04-04T23:11:06Z</time></trkpt><trkpt lat="37.56602096557617" lon="126.98084259033203"><ele>31.200000762939453</ele><time>2026-04-04T23:11:07Z</time></trkpt><trkpt lat="37.56602096557617" lon="126.9808120727539"><ele>31.399999618530273</ele><time>2026-04-04T23:11:08Z</time></trkpt><trkpt lat="37.566017150878906" lon="126.98078155517578"><ele>31.399999618530273</ele><time>2026-04-04T23:11:09Z</time></trkpt><trkpt lat="37.566017150878906" lon="126.98075103759766"><ele>31.399999618530273</ele><time>2026-04-04T23:11:10Z</time></trkpt><trkpt lat="37.56601333618164" lon="126.98072052001953"><ele>31.399999618530273</ele><time>2026-04-04T23:11:11Z</time></trkpt><trkpt lat="37.56600570678711" lon="126.9806900024414"><ele>31.399999618530273</ele><time>2026-04-04T23:11:12Z</time></trkpt><trkpt lat="37.56600570678711" lon="126.98066711425781"><ele>31.399999618530273</ele><time>2026-04-04T23:11:13Z</time></trkpt><trkpt lat="37.56600570678711" lon="126.98063659667969"><ele>31.399999618530273</ele><time>2026-04-04T23:11:14Z</time></trkpt><trkpt lat="37.56600570678711" lon="126.98060607910156"><ele>31.399999618530273</ele><time>2026-04-04T23:11:15Z</time></trkpt><trkpt lat="37.56600570678711" lon="126.9805679321289"><ele>31.399999618530273</ele><time>2026-04-04T23:11:16Z</time></trkpt><trkpt lat="37.566009521484375" lon="126.98053741455078"><ele>31.399999618530273</ele><time>2026-04-04T23:11:17Z</time></trkpt><trkpt lat="37.56601333618164" lon="126.98049926757812"><ele>31.399999618530273</ele><time>2026-04-04T23:11:18Z</time></trkpt><trkpt lat="37.566017150878906" lon="126.98047637939453"><ele>31.399999618530273</ele><time>2026-04-04T23:11:19Z</time></trkpt><trkpt lat="37.56602478027344" lon="126.98043060302734"><ele>31.399999618530273</ele><time>2026-04-04T23:11:20Z</time></trkpt><trkpt lat="37.56603240966797" lon="126.98040771484375"><ele>31.399999618530273</ele><time>2026-04-04T23:11:21Z</time></trkpt><trkpt lat="37.566036224365234" lon="126.98037719726562"><ele>31.399999618530273</ele><time>2026-04-04T23:11:22Z</time></trkpt><trkpt lat="37.5660400390625" lon="126.9803466796875"><ele>31.600000381469727</ele><time>2026-04-04T23:11:23Z</time></trkpt><trkpt lat="37.566043853759766" lon="126.98031616210938"><ele>31.600000381469727</ele><time>2026-04-04T23:11:24Z</time></trkpt><trkpt lat="37.56604766845703" lon="126.98028564453125"><ele>31.600000381469727</ele><time>2026-04-04T23:11:25Z</time></trkpt><trkpt lat="37.56605911254883" lon="126.98025512695312"><ele>31.600000381469727</ele><time>2026-04-04T23:11:26Z</time></trkpt><trkpt lat="37.566062927246094" lon="126.980224609375"><ele>31.600000381469727</ele><time>2026-04-04T23:11:27Z</time></trkpt><trkpt lat="37.56607437133789" lon="126.98019409179688"><ele>31.600000381469727</ele><time>2026-04-04T23:11:28Z</time></trkpt><trkpt lat="37.56608200073242" lon="126.98017120361328"><ele>31.600000381469727</ele><time>2026-04-04T23:11:29Z</time></trkpt><trkpt lat="37.566097259521484" lon="126.98013305664062"><ele>31.600000381469727</ele><time>2026-04-04T23:11:30Z</time></trkpt><trkpt lat="37.56610107421875" lon="126.98011016845703"><ele>31.399999618530273</ele><time>2026-04-04T23:11:31Z</time></trkpt><trkpt lat="37.56610107421875" lon="126.98007202148438"><ele>31.399999618530273</ele><time>2026-04-04T23:11:32Z</time></trkpt><trkpt lat="37.566104888916016" lon="126.98004913330078"><ele>31.399999618530273</ele><time>2026-04-04T23:11:33Z</time></trkpt><trkpt lat="37.56610107421875" lon="126.98001098632812"><ele>31.399999618530273</ele><time>2026-04-04T23:11:34Z</time></trkpt><trkpt lat="37.566097259521484" lon="126.97998046875"><ele>31.399999618530273</ele><time>2026-04-04T23:11:35Z</time></trkpt><trkpt lat="37.566097259521484" lon="126.97994995117188"><ele>31.399999618530273</ele><time>2026-04-04T23:11:36Z</time></trkpt><trkpt lat="37.566097259521484" lon="126.97991180419922"><ele>31.399999618530273</ele><time>2026-04-04T23:11:37Z</time></trkpt><trkpt lat="37.56609344482422" lon="126.9798812866211"><ele>31.399999618530273</ele><time>2026-04-04T23:11:38Z</time></trkpt><trkpt lat="37.566097259521484" lon="126.97984313964844"><ele>31.399999618530273</ele><time>2026-04-04T23:11:39Z</time></trkpt><trkpt lat="37.56609344482422" lon="126.97981262207031"><ele>31.200000762939453</ele><time>2026-04-04T23:11:40Z</time></trkpt><trkpt lat="37.566097259521484" lon="126.97978210449219"><ele>31.200000762939453</ele><time>2026-04-04T23:11:41Z</time></trkpt><trkpt lat="37.56609344482422" lon="126.9797592163086"><ele>31.200000762939453</ele><time>2026-04-04T23:11:42Z</time></trkpt><trkpt lat="37.56608963012695" lon="126.979736328125"><ele>31.200000762939453</ele><time>2026-04-04T23:11:43Z</time></trkpt><trkpt lat="37.56608581542969" lon="126.97970581054688"><ele>31.200000762939453</ele><time>2026-04-04T23:11:44Z</time></trkpt><trkpt lat="37.566078186035156" lon="126.97967529296875"><ele>31.200000762939453</ele><time>2026-04-04T23:11:45Z</time></trkpt><trkpt lat="37.56606674194336" lon="126.9796371459961"><ele>31.200000762939453</ele><time>2026-04-04T23:11:46Z</time></trkpt><trkpt lat="37.56606674194336" lon="126.97960662841797"><ele>31.399999618530273</ele><time>2026-04-04T23:11:47Z</time></trkpt><trkpt lat="37.566062927246094" lon="126.97957611083984"><ele>31.399999618530273</ele><time>2026-04-04T23:11:48Z</time></trkpt><trkpt lat="37.566062927246094" lon="126.97954559326172"><ele>31.399999618530273</ele><time>2026-04-04T23:11:49Z</time></trkpt><trkpt lat="37.56605911254883" lon="126.97950744628906"><ele>31.399999618530273</ele><time>2026-04-04T23:11:50Z</time></trkpt><trkpt lat="37.56605911254883" lon="126.97947692871094"><ele>31.399999618530273</ele><time>2026-04-04T23:11:51Z</time></trkpt><trkpt lat="37.56605529785156" lon="126.97943878173828"><ele>31.399999618530273</ele><time>2026-04-04T23:11:52Z</time></trkpt><trkpt lat="37.56605911254883" lon="126.97940826416016"><ele>31.200000762939453</ele><time>2026-04-04T23:11:53Z</time></trkpt><trkpt lat="37.566062927246094" lon="126.97937774658203"><ele>31.200000762939453</ele><time>2026-04-04T23:11:54Z</time></trkpt><trkpt lat="37.56606674194336" lon="126.9793472290039"><ele>31.200000762939453</ele><time>2026-04-04T23:11:55Z</time></trkpt><trkpt lat="37.566070556640625" lon="126.97932434082031"><ele>31.200000762939453</ele><time>2026-04-04T23:11:56Z</time></trkpt><trkpt lat="37.56608200073242" lon="126.97929382324219"><ele>31.200000762939453</ele><time>2026-04-04T23:11:57Z</time></trkpt><trkpt lat="37.566097259521484" lon="126.9792709350586"><ele>31.200000762939453</ele><time>2026-04-04T23:11:58Z</time></trkpt><trkpt lat="37.56611251831055" lon="126.979248046875"><ele>31.200000762939453</ele><time>2026-04-04T23:11:59Z</time></trkpt><trkpt lat="37.56613540649414" lon="126.9792251586914"><ele>31.200000762939453</ele><time>2026-04-04T23:12:00Z</time></trkpt><trkpt lat="37.566162109375" lon="126.97920989990234"><ele>31.200000762939453</ele><time>2026-04-04T23:12:01Z</time></trkpt><trkpt lat="37.566162109375" lon="126.97920989990234"><ele>31.200000762939453</ele><time>2026-04-04T23:12:02Z</time></trkpt><trkpt lat="37.56621551513672" lon="126.97917938232422"><ele>31.200000762939453</ele><time>2026-04-04T23:12:03Z</time></trkpt><trkpt lat="37.56624221801758" lon="126.97916412353516"><ele>31.200000762939453</ele><time>2026-04-04T23:12:04Z</time></trkpt><trkpt lat="37.56626892089844" lon="126.97915649414062"><ele>31.200000762939453</ele><time>2026-04-04T23:12:05Z</time></trkpt><trkpt lat="37.56629943847656" lon="126.97915649414062"><ele>31.200000762939453</ele><time>2026-04-04T23:12:06Z</time></trkpt><trkpt lat="37.56632995605469" lon="126.9791488647461"><ele>31.200000762939453</ele><time>2026-04-04T23:12:07Z</time></trkpt><trkpt lat="37.56636047363281" lon="126.9791488647461"><ele>31.0</ele><time>2026-04-04T23:12:08Z</time></trkpt><trkpt lat="37.5663948059082" lon="126.97913360595703"><ele>31.0</ele><time>2026-04-04T23:12:09Z</time></trkpt><trkpt lat="37.56642532348633" lon="126.9791259765625"><ele>31.0</ele><time>2026-04-04T23:12:10Z</time></trkpt><trkpt lat="37.56645584106445" lon="126.97911834716797"><ele>31.0</ele><time>2026-04-04T23:12:11Z</time></trkpt><trkpt lat="37.56647872924805" lon="126.97911071777344"><ele>31.0</ele><time>2026-04-04T23:12:12Z</time></trkpt><trkpt lat="37.56650924682617" lon="126.9791030883789"><ele>31.0</ele><time>2026-04-04T23:12:13Z</time></trkpt><trkpt lat="37.566532135009766" lon="126.97909545898438"><ele>31.0</ele><time>2026-04-04T23:12:14Z</time></trkpt><trkpt lat="37.566551208496094" lon="126.97909545898438"><ele>31.0</ele><time>2026-04-04T23:12:15Z</time></trkpt><trkpt lat="37.56657028198242" lon="126.97909545898438"><ele>31.0</ele><time>2026-04-04T23:12:16Z</time></trkpt><trkpt lat="37.56660079956055" lon="126.97908020019531"><ele>31.0</ele><time>2026-04-04T23:12:17Z</time></trkpt><trkpt lat="37.56662368774414" lon="126.97908020019531"><ele>31.0</ele><time>2026-04-04T23:12:18Z</time></trkpt><trkpt lat="37.566646575927734" lon="126.97907257080078"><ele>31.0</ele><time>2026-04-04T23:12:19Z</time></trkpt><trkpt lat="37.56666946411133" lon="126.97905731201172"><ele>31.0</ele><time>2026-04-04T23:12:20Z</time></trkpt><trkpt lat="37.56669616699219" lon="126.97904968261719"><ele>31.200000762939453</ele><time>2026-04-04T23:12:21Z</time></trkpt><trkpt lat="37.56671905517578" lon="126.97904205322266"><ele>31.200000762939453</ele><time>2026-04-04T23:12:22Z</time></trkpt><trkpt lat="37.566749572753906" lon="126.97903442382812"><ele>31.200000762939453</ele><time>2026-04-04T23:12:23Z</time></trkpt><trkpt lat="37.5667724609375" lon="126.97903442382812"><ele>31.0</ele><time>2026-04-04T23:12:24Z</time></trkpt><trkpt lat="37.566802978515625" lon="126.97901916503906"><ele>31.0</ele><time>2026-04-04T23:12:25Z</time></trkpt><trkpt lat="37.56682586669922" lon="126.97901916503906"><ele>31.0</ele><time>2026-04-04T23:12:26Z</time></trkpt><trkpt lat="37.56684875488281" lon="126.97901153564453"><ele>31.0</ele><time>2026-04-04T23:12:27Z</time></trkpt><trkpt lat="37.56687927246094" lon="126.97901153564453"><ele>31.0</ele><time>2026-04-04T23:12:28Z</time></trkpt><trkpt lat="37.56690216064453" lon="126.97901153564453"><ele>31.0</ele><time>2026-04-04T23:12:29Z</time></trkpt><trkpt lat="37.566925048828125" lon="126.97901916503906"><ele>31.0</ele><time>2026-04-04T23:12:30Z</time></trkpt><trkpt lat="37.56694793701172" lon="126.97901916503906"><ele>31.0</ele><time>2026-04-04T23:12:31Z</time></trkpt><trkpt lat="37.56697463989258" lon="126.9790267944336"><ele>31.0</ele><time>2026-04-04T23:12:32Z</time></trkpt><trkpt lat="37.56699752807617" lon="126.97903442382812"><ele>31.0</ele><time>2026-04-04T23:12:33Z</time></trkpt><trkpt lat="37.567020416259766" lon="126.97903442382812"><ele>31.0</ele><time>2026-04-04T23:12:34Z</time></trkpt><trkpt lat="37.567047119140625" lon="126.97904968261719"><ele>31.0</ele><time>2026-04-04T23:12:35Z</time></trkpt><trkpt lat="37.567081451416016" lon="126.97906494140625"><ele>31.0</ele><time>2026-04-04T23:12:36Z</time></trkpt><trkpt lat="37.567108154296875" lon="126.97906494140625"><ele>31.0</ele><time>2026-04-04T23:12:37Z</time></trkpt><trkpt lat="37.567142486572266" lon="126.97906494140625"><ele>31.0</ele><time>2026-04-04T23:12:38Z</time></trkpt><trkpt lat="37.567169189453125" lon="126.97907257080078"><ele>31.0</ele><time>2026-04-04T23:12:39Z</time></trkpt><trkpt lat="37.56719970703125" lon="126.97908020019531"><ele>31.0</ele><time>2026-04-04T23:12:40Z</time></trkpt><trkpt lat="37.567230224609375" lon="126.97908020019531"><ele>31.0</ele><time>2026-04-04T23:12:41Z</time></trkpt><trkpt lat="37.567256927490234" lon="126.97908020019531"><ele>31.0</ele><time>2026-04-04T23:12:42Z</time></trkpt><trkpt lat="37.56727981567383" lon="126.97907257080078"><ele>31.0</ele><time>2026-04-04T23:12:43Z</time></trkpt><trkpt lat="37.56731414794922" lon="126.97908020019531"><ele>31.0</ele><time>2026-04-04T23:12:44Z</time></trkpt><trkpt lat="37.56733703613281" lon="126.97907257080078"><ele>31.0</ele><time>2026-04-04T23:12:45Z</time></trkpt><trkpt lat="37.56736373901367" lon="126.97904968261719"><ele>31.0</ele><time>2026-04-04T23:12:46Z</time></trkpt><trkpt lat="37.567378997802734" lon="126.9790267944336"><ele>31.0</ele><time>2026-04-04T23:12:47Z</time></trkpt><trkpt lat="37.56740188598633" lon="126.97901153564453"><ele>31.0</ele><time>2026-04-04T23:12:48Z</time></trkpt><trkpt lat="37.56742858886719" lon="126.97900390625"><ele>31.0</ele><time>2026-04-04T23:12:49Z</time></trkpt><trkpt lat="37.56745910644531" lon="126.97900390625"><ele>31.200000762939453</ele><time>2026-04-04T23:12:50Z</time></trkpt><trkpt lat="37.567481994628906" lon="126.97901916503906"><ele>31.200000762939453</ele><time>2026-04-04T23:12:51Z</time></trkpt><trkpt lat="37.567508697509766" lon="126.97901916503906"><ele>31.200000762939453</ele><time>2026-04-04T23:12:52Z</time></trkpt><trkpt lat="37.567535400390625" lon="126.97903442382812"><ele>31.200000762939453</ele><time>2026-04-04T23:12:53Z</time></trkpt><trkpt lat="37.56756591796875" lon="126.97904205322266"><ele>31.200000762939453</ele><time>2026-04-04T23:12:54Z</time></trkpt><trkpt lat="37.567604064941406" lon="126.97905731201172"><ele>31.0</ele><time>2026-04-04T23:12:55Z</time></trkpt><trkpt lat="37.56763458251953" lon="126.97906494140625"><ele>31.0</ele><time>2026-04-04T23:12:56Z</time></trkpt><trkpt lat="37.56766891479492" lon="126.97907257080078"><ele>31.0</ele><time>2026-04-04T23:12:57Z</time></trkpt><trkpt lat="37.56769943237305" lon="126.97907257080078"><ele>31.0</ele><time>2026-04-04T23:12:58Z</time></trkpt><trkpt lat="37.5677375793457" lon="126.97908020019531"><ele>31.0</ele><time>2026-04-04T23:12:59Z</time></trkpt><trkpt lat="37.567771911621094" lon="126.97908782958984"><ele>31.200000762939453</ele><time>2026-04-04T23:13:00Z</time></trkpt><trkpt lat="37.567806243896484" lon="126.97909545898438"><ele>31.200000762939453</ele><time>2026-04-04T23:13:01Z</time></trkpt><trkpt lat="37.56782531738281" lon="126.97909545898438"><ele>31.200000762939453</ele><time>2026-04-04T23:13:02Z</time></trkpt><trkpt lat="37.56785583496094" lon="126.9791030883789"><ele>31.200000762939453</ele><time>2026-04-04T23:13:03Z</time></trkpt><trkpt lat="37.56789016723633" lon="126.9791030883789"><ele>31.200000762939453</ele><time>2026-04-04T23:13:04Z</time></trkpt><trkpt lat="37.56791305541992" lon="126.97908782958984"><ele>31.200000762939453</ele><time>2026-04-04T23:13:05Z</time></trkpt><trkpt lat="37.56793975830078" lon="126.97908782958984"><ele>31.200000762939453</ele><time>2026-04-04T23:13:06Z</time></trkpt><trkpt lat="37.56796646118164" lon="126.97908020019531"><ele>31.200000762939453</ele><time>2026-04-04T23:13:07Z</time></trkpt><trkpt lat="37.5679931640625" lon="126.97908020019531"><ele>31.200000762939453</ele><time>2026-04-04T23:13:08Z</time></trkpt><trkpt lat="37.568016052246094" lon="126.97907257080078"><ele>31.200000762939453</ele><time>2026-04-04T23:13:09Z</time></trkpt><trkpt lat="37.56803894042969" lon="126.97906494140625"><ele>31.200000762939453</ele><time>2026-04-04T23:13:10Z</time></trkpt><trkpt lat="37.56806564331055" lon="126.97907257080078"><ele>31.0</ele><time>2026-04-04T23:13:11Z</time></trkpt><trkpt lat="37.56808853149414" lon="126.97907257080078"><ele>31.0</ele><time>2026-04-04T23:13:12Z</time></trkpt><trkpt lat="37.568115234375" lon="126.97906494140625"><ele>31.0</ele><time>2026-04-04T23:13:13Z</time></trkpt><trkpt lat="37.56814193725586" lon="126.97907257080078"><ele>31.0</ele><time>2026-04-04T23:13:14Z</time></trkpt><trkpt lat="37.56818389892578" lon="126.97908020019531"><ele>31.0</ele><time>2026-04-04T23:13:15Z</time></trkpt><trkpt lat="37.568214416503906" lon="126.97908020019531"><ele>31.0</ele><time>2026-04-04T23:13:16Z</time></trkpt><trkpt lat="37.56824493408203" lon="126.97908020019531"><ele>31.0</ele><time>2026-04-04T23:13:17Z</time></trkpt><trkpt lat="37.568275451660156" lon="126.97908020019531"><ele>30.799999237060547</ele><time>2026-04-04T23:13:18Z</time></trkpt><trkpt lat="37.56830596923828" lon="126.97908020019531"><ele>30.799999237060547</ele><time>2026-04-04T23:13:19Z</time></trkpt><trkpt lat="37.56834411621094" lon="126.97908782958984"><ele>30.799999237060547</ele><time>2026-04-04T23:13:20Z</time></trkpt><trkpt lat="37.56836700439453" lon="126.97908020019531"><ele>30.799999237060547</ele><time>2026-04-04T23:13:21Z</time></trkpt><trkpt lat="37.56840133666992" lon="126.97908020019531"><ele>30.799999237060547</ele><time>2026-04-04T23:13:22Z</time></trkpt><trkpt lat="37.56842803955078" lon="126.97908020019531"><ele>31.0</ele><time>2026-04-04T23:13:23Z</time></trkpt><trkpt lat="37.56845474243164" lon="126.97908020019531"><ele>31.0</ele><time>2026-04-04T23:13:24Z</time></trkpt><trkpt lat="37.56848907470703" lon="126.97908782958984"><ele>31.0</ele><time>2026-04-04T23:13:25Z</time></trkpt><trkpt lat="37.56851577758789" lon="126.97908782958984"><ele>31.200000762939453</ele><time>2026-04-04T23:13:26Z</time></trkpt><trkpt lat="37.568538665771484" lon="126.97908782958984"><ele>31.200000762939453</ele><time>2026-04-04T23:13:27Z</time></trkpt><trkpt lat="37.568565368652344" lon="126.97908782958984"><ele>31.200000762939453</ele><time>2026-04-04T23:13:28Z</time></trkpt><trkpt lat="37.5685920715332" lon="126.97908782958984"><ele>31.200000762939453</ele><time>2026-04-04T23:13:29Z</time></trkpt><trkpt lat="37.5686149597168" lon="126.97909545898438"><ele>31.200000762939453</ele><time>2026-04-04T23:13:30Z</time></trkpt><trkpt lat="37.56863784790039" lon="126.9791030883789"><ele>31.200000762939453</ele><time>2026-04-04T23:13:31Z</time></trkpt><trkpt lat="37.568660736083984" lon="126.97911071777344"><ele>31.200000762939453</ele><time>2026-04-04T23:13:32Z</time></trkpt><trkpt lat="37.56867980957031" lon="126.97911834716797"><ele>31.200000762939453</ele><time>2026-04-04T23:13:33Z</time></trkpt><trkpt lat="37.56869888305664" lon="126.9791259765625"><ele>31.200000762939453</ele><time>2026-04-04T23:13:34Z</time></trkpt><trkpt lat="37.568721771240234" lon="126.97913360595703"><ele>31.200000762939453</ele><time>2026-04-04T23:13:35Z</time></trkpt><trkpt lat="37.56874084472656" lon="126.97913360595703"><ele>31.200000762939453</ele><time>2026-04-04T23:13:36Z</time></trkpt><trkpt lat="37.56875991821289" lon="126.97913360595703"><ele>31.399999618530273</ele><time>2026-04-04T23:13:37Z</time></trkpt><trkpt lat="37.568790435791016" lon="126.97914123535156"><ele>31.200000762939453</ele><time>2026-04-04T23:13:38Z</time></trkpt><trkpt lat="37.568809509277344" lon="126.9791488647461"><ele>31.200000762939453</ele><time>2026-04-04T23:13:39Z</time></trkpt><trkpt lat="37.56884002685547" lon="126.97914123535156"><ele>31.200000762939453</ele><time>2026-04-04T23:13:40Z</time></trkpt><trkpt lat="37.568870544433594" lon="126.97915649414062"><ele>31.200000762939453</ele><time>2026-04-04T23:13:41Z</time></trkpt><trkpt lat="37.568904876708984" lon="126.97916412353516"><ele>31.200000762939453</ele><time>2026-04-04T23:13:42Z</time></trkpt><trkpt lat="37.568939208984375" lon="126.97916412353516"><ele>31.200000762939453</ele><time>2026-04-04T23:13:43Z</time></trkpt><trkpt lat="37.5689697265625" lon="126.97916412353516"><ele>31.399999618530273</ele><time>2026-04-04T23:13:44Z</time></trkpt><trkpt lat="37.569007873535156" lon="126.97917938232422"><ele>31.399999618530273</ele><time>2026-04-04T23:13:45Z</time></trkpt><trkpt lat="37.569034576416016" lon="126.97917938232422"><ele>31.399999618530273</ele><time>2026-04-04T23:13:46Z</time></trkpt><trkpt lat="37.56906509399414" lon="126.97919464111328"><ele>31.600000381469727</ele><time>2026-04-04T23:13:47Z</time></trkpt><trkpt lat="37.56909942626953" lon="126.97920227050781"><ele>31.600000381469727</ele><time>2026-04-04T23:13:48Z</time></trkpt><trkpt lat="37.56914138793945" lon="126.97921752929688"><ele>31.600000381469727</ele><time>2026-04-04T23:13:49Z</time></trkpt><trkpt lat="37.56916427612305" lon="126.9792251586914"><ele>31.799999237060547</ele><time>2026-04-04T23:13:50Z</time></trkpt><trkpt lat="37.56919479370117" lon="126.97923278808594"><ele>31.799999237060547</ele><time>2026-04-04T23:13:51Z</time></trkpt><trkpt lat="37.569217681884766" lon="126.97923278808594"><ele>31.799999237060547</ele><time>2026-04-04T23:13:52Z</time></trkpt><trkpt lat="37.56924819946289" lon="126.97924041748047"><ele>31.799999237060547</ele><time>2026-04-04T23:13:53Z</time></trkpt><trkpt lat="37.56927490234375" lon="126.979248046875"><ele>31.799999237060547</ele><time>2026-04-04T23:13:54Z</time></trkpt><trkpt lat="37.569305419921875" lon="126.97926330566406"><ele>31.799999237060547</ele><time>2026-04-04T23:13:55Z</time></trkpt><trkpt lat="37.56932830810547" lon="126.97926330566406"><ele>31.799999237060547</ele><time>2026-04-04T23:13:56Z</time></trkpt><trkpt lat="37.56935119628906" lon="126.9792709350586"><ele>31.799999237060547</ele><time>2026-04-04T23:13:57Z</time></trkpt><trkpt lat="37.569374084472656" lon="126.9792709350586"><ele>31.799999237060547</ele><time>2026-04-04T23:13:58Z</time></trkpt><trkpt lat="37.56939697265625" lon="126.9792709350586"><ele>31.799999237060547</ele><time>2026-04-04T23:13:59Z</time></trkpt><trkpt lat="37.569419860839844" lon="126.97926330566406"><ele>31.600000381469727</ele><time>2026-04-04T23:14:00Z</time></trkpt><trkpt lat="37.5694465637207" lon="126.97926330566406"><ele>31.600000381469727</ele><time>2026-04-04T23:14:01Z</time></trkpt><trkpt lat="37.5694694519043" lon="126.97925567626953"><ele>31.600000381469727</ele><time>2026-04-04T23:14:02Z</time></trkpt><trkpt lat="37.56949234008789" lon="126.97925567626953"><ele>31.600000381469727</ele><time>2026-04-04T23:14:03Z</time></trkpt><trkpt lat="37.569515228271484" lon="126.97924041748047"><ele>31.600000381469727</ele><time>2026-04-04T23:14:04Z</time></trkpt><trkpt lat="37.56953811645508" lon="126.97923278808594"><ele>31.600000381469727</ele><time>2026-04-04T23:14:05Z</time></trkpt><trkpt lat="37.56956100463867" lon="126.9792251586914"><ele>31.600000381469727</ele><time>2026-04-04T23:14:06Z</time></trkpt><trkpt lat="37.569580078125" lon="126.9792251586914"><ele>31.600000381469727</ele><time>2026-04-04T23:14:07Z</time></trkpt><trkpt lat="37.569602966308594" lon="126.97921752929688"><ele>31.600000381469727</ele><time>2026-04-04T23:14:08Z</time></trkpt><trkpt lat="37.569618225097656" lon="126.97920989990234"><ele>31.600000381469727</ele><time>2026-04-04T23:14:09Z</time></trkpt><trkpt lat="37.56964111328125" lon="126.97920989990234"><ele>31.600000381469727</ele><time>2026-04-04T23:14:10Z</time></trkpt><trkpt lat="37.56966018676758" lon="126.97920227050781"><ele>31.600000381469727</ele><time>2026-04-04T23:14:11Z</time></trkpt><trkpt lat="37.569679260253906" lon="126.97920227050781"><ele>31.600000381469727</ele><time>2026-04-04T23:14:12Z</time></trkpt><trkpt lat="37.569698333740234" lon="126.97918701171875"><ele>31.600000381469727</ele><time>2026-04-04T23:14:13Z</time></trkpt><trkpt lat="37.56970977783203" lon="126.97917938232422"><ele>31.600000381469727</ele><time>2026-04-04T23:14:14Z</time></trkpt><trkpt lat="37.569732666015625" lon="126.97917175292969"><ele>31.600000381469727</ele><time>2026-04-04T23:14:15Z</time></trkpt><trkpt lat="37.56975173950195" lon="126.97916412353516"><ele>31.600000381469727</ele><time>2026-04-04T23:14:16Z</time></trkpt><trkpt lat="37.56977462768555" lon="126.9791488647461"><ele>31.600000381469727</ele><time>2026-04-04T23:14:17Z</time></trkpt><trkpt lat="37.56979751586914" lon="126.97914123535156"><ele>31.600000381469727</ele><time>2026-04-04T23:14:18Z</time></trkpt><trkpt lat="37.569820404052734" lon="126.9791259765625"><ele>31.600000381469727</ele><time>2026-04-04T23:14:19Z</time></trkpt><trkpt lat="37.569847106933594" lon="126.9791259765625"><ele>31.600000381469727</ele><time>2026-04-04T23:14:20Z</time></trkpt><trkpt lat="37.56986999511719" lon="126.97911834716797"><ele>31.799999237060547</ele><time>2026-04-04T23:14:21Z</time></trkpt><trkpt lat="37.56989669799805" lon="126.97911834716797"><ele>31.799999237060547</ele><time>2026-04-04T23:14:22Z</time></trkpt><trkpt lat="37.569915771484375" lon="126.97911834716797"><ele>32.0</ele><time>2026-04-04T23:14:23Z</time></trkpt><trkpt lat="37.5699462890625" lon="126.97913360595703"><ele>32.0</ele><time>2026-04-04T23:14:24Z</time></trkpt><trkpt lat="37.56997299194336" lon="126.97913360595703"><ele>32.0</ele><time>2026-04-04T23:14:25Z</time></trkpt><trkpt lat="37.57000732421875" lon="126.97916412353516"><ele>32.0</ele><time>2026-04-04T23:14:26Z</time></trkpt><trkpt lat="37.57003402709961" lon="126.97919464111328"><ele>32.20000076293945</ele><time>2026-04-04T23:14:27Z</time></trkpt><trkpt lat="37.57006072998047" lon="126.979248046875"><ele>32.20000076293945</ele><time>2026-04-04T23:14:28Z</time></trkpt><trkpt lat="37.57008361816406" lon="126.97930908203125"><ele>32.20000076293945</ele><time>2026-04-04T23:14:29Z</time></trkpt><trkpt lat="37.570106506347656" lon="126.9793701171875"><ele>32.20000076293945</ele><time>2026-04-04T23:14:30Z</time></trkpt><trkpt lat="37.57014083862305" lon="126.97943115234375"><ele>32.20000076293945</ele><time>2026-04-04T23:14:31Z</time></trkpt><trkpt lat="37.57015609741211" lon="126.97949981689453"><ele>32.400001525878906</ele><time>2026-04-04T23:14:32Z</time></trkpt><trkpt lat="37.57016372680664" lon="126.97954559326172"><ele>32.20000076293945</ele><time>2026-04-04T23:14:33Z</time></trkpt><trkpt lat="37.57017135620117" lon="126.97960662841797"><ele>32.400001525878906</ele><time>2026-04-04T23:14:34Z</time></trkpt><trkpt lat="37.57017135620117" lon="126.97964477539062"><ele>32.400001525878906</ele><time>2026-04-04T23:14:35Z</time></trkpt><trkpt lat="37.57017135620117" lon="126.97968292236328"><ele>32.400001525878906</ele><time>2026-04-04T23:14:36Z</time></trkpt><trkpt lat="37.57017135620117" lon="126.97972869873047"><ele>32.400001525878906</ele><time>2026-04-04T23:14:37Z</time></trkpt><trkpt lat="37.570167541503906" lon="126.9797592163086"><ele>32.400001525878906</ele><time>2026-04-04T23:14:38Z</time></trkpt><trkpt lat="37.570159912109375" lon="126.97979736328125"><ele>32.400001525878906</ele><time>2026-04-04T23:14:39Z</time></trkpt><trkpt lat="37.57015609741211" lon="126.97982788085938"><ele>32.400001525878906</ele><time>2026-04-04T23:14:40Z</time></trkpt><trkpt lat="37.57014846801758" lon="126.9798583984375"><ele>32.599998474121094</ele><time>2026-04-04T23:14:41Z</time></trkpt><trkpt lat="37.57014846801758" lon="126.97988891601562"><ele>32.599998474121094</ele><time>2026-04-04T23:14:42Z</time></trkpt><trkpt lat="37.57014846801758" lon="126.97991943359375"><ele>32.599998474121094</ele><time>2026-04-04T23:14:43Z</time></trkpt><trkpt lat="37.57014846801758" lon="126.97994995117188"><ele>32.599998474121094</ele><time>2026-04-04T23:14:44Z</time></trkpt><trkpt lat="37.57014465332031" lon="126.97998809814453"><ele>32.599998474121094</ele><time>2026-04-04T23:14:45Z</time></trkpt><trkpt lat="37.57014465332031" lon="126.98001098632812"><ele>32.599998474121094</ele><time>2026-04-04T23:14:46Z</time></trkpt><trkpt lat="37.57014846801758" lon="126.98004913330078"><ele>32.400001525878906</ele><time>2026-04-04T23:14:47Z</time></trkpt><trkpt lat="37.57014846801758" lon="126.98007202148438"><ele>32.400001525878906</ele><time>2026-04-04T23:14:48Z</time></trkpt><trkpt lat="37.57014846801758" lon="126.98011016845703"><ele>32.20000076293945</ele><time>2026-04-04T23:14:49Z</time></trkpt><trkpt lat="37.570152282714844" lon="126.98013305664062"><ele>32.20000076293945</ele><time>2026-04-04T23:14:50Z</time></trkpt><trkpt lat="37.57015609741211" lon="126.98018646240234"><ele>32.20000076293945</ele><time>2026-04-04T23:14:51Z</time></trkpt><trkpt lat="37.57015609741211" lon="126.98021697998047"><ele>32.0</ele><time>2026-04-04T23:14:52Z</time></trkpt><trkpt lat="37.570159912109375" lon="126.98026275634766"><ele>32.0</ele><time>2026-04-04T23:14:53Z</time></trkpt><trkpt lat="37.570159912109375" lon="126.98030090332031"><ele>32.0</ele><time>2026-04-04T23:14:54Z</time></trkpt><trkpt lat="37.57016372680664" lon="126.98033905029297"><ele>31.799999237060547</ele><time>2026-04-04T23:14:55Z</time></trkpt><trkpt lat="37.57016372680664" lon="126.9803695678711"><ele>32.0</ele><time>2026-04-04T23:14:56Z</time></trkpt><trkpt lat="37.57016372680664" lon="126.98040771484375"><ele>32.0</ele><time>2026-04-04T23:14:57Z</time></trkpt><trkpt lat="37.57016372680664" lon="126.98043823242188"><ele>32.20000076293945</ele><time>2026-04-04T23:14:58Z</time></trkpt><trkpt lat="37.57015609741211" lon="126.98048400878906"><ele>32.20000076293945</ele><time>2026-04-04T23:14:59Z</time></trkpt><trkpt lat="37.57015609741211" lon="126.98050689697266"><ele>32.20000076293945</ele><time>2026-04-04T23:15:00Z</time></trkpt><trkpt lat="37.57015609741211" lon="126.98055267333984"><ele>32.20000076293945</ele><time>2026-04-04T23:15:01Z</time></trkpt><trkpt lat="37.57015609741211" lon="126.98058319091797"><ele>32.20000076293945</ele><time>2026-04-04T23:15:02Z</time></trkpt><trkpt lat="37.570159912109375" lon="126.98062133789062"><ele>32.20000076293945</ele><time>2026-04-04T23:15:03Z</time></trkpt><trkpt lat="37.570159912109375" lon="126.98065185546875"><ele>32.0</ele><time>2026-04-04T23:15:04Z</time></trkpt><trkpt lat="37.57015609741211" lon="126.98069763183594"><ele>32.0</ele><time>2026-04-04T23:15:05Z</time></trkpt><trkpt lat="37.57015609741211" lon="126.980712890625"><ele>32.0</ele><time>2026-04-04T23:15:06Z</time></trkpt><trkpt lat="37.570152282714844" lon="126.98075103759766"><ele>32.0</ele><time>2026-04-04T23:15:07Z</time></trkpt><trkpt lat="37.570152282714844" lon="126.98077392578125"><ele>32.0</ele><time>2026-04-04T23:15:08Z</time></trkpt><trkpt lat="37.57014846801758" lon="126.9808120727539"><ele>32.0</ele><time>2026-04-04T23:15:09Z</time></trkpt><trkpt lat="37.57014846801758" lon="126.98084259033203"><ele>32.0</ele><time>2026-04-04T23:15:10Z</time></trkpt><trkpt lat="37.57014465332031" lon="126.98088073730469"><ele>32.20000076293945</ele><time>2026-04-04T23:15:11Z</time></trkpt><trkpt lat="37.57014846801758" lon="126.98091125488281"><ele>32.20000076293945</ele><time>2026-04-04T23:15:12Z</time></trkpt><trkpt lat="37.570152282714844" lon="126.98094177246094"><ele>32.20000076293945</ele><time>2026-04-04T23:15:13Z</time></trkpt><trkpt lat="37.57015609741211" lon="126.98097229003906"><ele>32.20000076293945</ele><time>2026-04-04T23:15:14Z</time></trkpt><trkpt lat="37.57015609741211" lon="126.98101043701172"><ele>32.20000076293945</ele><time>2026-04-04T23:15:15Z</time></trkpt><trkpt lat="37.570152282714844" lon="126.98104095458984"><ele>32.20000076293945</ele><time>2026-04-04T23:15:16Z</time></trkpt><trkpt lat="37.57015609741211" lon="126.9810791015625"><ele>32.20000076293945</ele><time>2026-04-04T23:15:17Z</time></trkpt><trkpt lat="37.57015609741211" lon="126.98110961914062"><ele>32.20000076293945</ele><time>2026-04-04T23:15:18Z</time></trkpt><trkpt lat="37.570159912109375" lon="126.98114013671875"><ele>32.20000076293945</ele><time>2026-04-04T23:15:19Z</time></trkpt><trkpt lat="37.57015609741211" lon="126.9811782836914"><ele>32.20000076293945</ele><time>2026-04-04T23:15:20Z</time></trkpt><trkpt lat="37.570152282714844" lon="126.98120880126953"><ele>32.20000076293945</ele><time>2026-04-04T23:15:21Z</time></trkpt><trkpt lat="37.570152282714844" lon="126.98124694824219"><ele>32.20000076293945</ele><time>2026-04-04T23:15:22Z</time></trkpt><trkpt lat="37.570152282714844" lon="126.98127746582031"><ele>32.20000076293945</ele><time>2026-04-04T23:15:23Z</time></trkpt><trkpt lat="37.57015609741211" lon="126.98130798339844"><ele>32.20000076293945</ele><time>2026-04-04T23:15:24Z</time></trkpt><trkpt lat="37.570152282714844" lon="126.98133850097656"><ele>32.0</ele><time>2026-04-04T23:15:25Z</time></trkpt><trkpt lat="37.57014465332031" lon="126.98137664794922"><ele>32.0</ele><time>2026-04-04T23:15:26Z</time></trkpt><trkpt lat="37.57014083862305" lon="126.98140716552734"><ele>32.0</ele><time>2026-04-04T23:15:27Z</time></trkpt><trkpt lat="37.570133209228516" lon="126.98143768310547"><ele>32.0</ele><time>2026-04-04T23:15:28Z</time></trkpt><trkpt lat="37.570125579833984" lon="126.9814682006836"><ele>32.0</ele><time>2026-04-04T23:15:29Z</time></trkpt><trkpt lat="37.57012176513672" lon="126.98149871826172"><ele>32.0</ele><time>2026-04-04T23:15:30Z</time></trkpt><trkpt lat="37.57011413574219" lon="126.98153686523438"><ele>32.0</ele><time>2026-04-04T23:15:31Z</time></trkpt><trkpt lat="37.57011032104492" lon="126.98155212402344"><ele>32.0</ele><time>2026-04-04T23:15:32Z</time></trkpt><trkpt lat="37.57010269165039" lon="126.9815673828125"><ele>32.0</ele><time>2026-04-04T23:15:33Z</time></trkpt><trkpt lat="37.57010269165039" lon="126.9815673828125"><ele>32.0</ele><time>2026-04-04T23:15:34Z</time></trkpt><trkpt lat="37.570106506347656" lon="126.9815902709961"><ele>32.0</ele><time>2026-04-04T23:15:35Z</time></trkpt><trkpt lat="37.570106506347656" lon="126.98162078857422"><ele>32.0</ele><time>2026-04-04T23:15:36Z</time></trkpt><trkpt lat="37.570106506347656" lon="126.98165130615234"><ele>31.799999237060547</ele><time>2026-04-04T23:15:37Z</time></trkpt><trkpt lat="37.57010269165039" lon="126.981689453125"><ele>31.799999237060547</ele><time>2026-04-04T23:15:38Z</time></trkpt><trkpt lat="37.57010269165039" lon="126.98171997070312"><ele>31.799999237060547</ele><time>2026-04-04T23:15:39Z</time></trkpt><trkpt lat="37.57010269165039" lon="126.98175811767578"><ele>31.799999237060547</ele><time>2026-04-04T23:15:40Z</time></trkpt><trkpt lat="37.570106506347656" lon="126.98179626464844"><ele>31.799999237060547</ele><time>2026-04-04T23:15:41Z</time></trkpt><trkpt lat="37.570106506347656" lon="126.9818344116211"><ele>31.600000381469727</ele><time>2026-04-04T23:15:42Z</time></trkpt><trkpt lat="37.57011032104492" lon="126.98186492919922"><ele>31.600000381469727</ele><time>2026-04-04T23:15:43Z</time></trkpt><trkpt lat="37.57011032104492" lon="126.98190307617188"><ele>31.600000381469727</ele><time>2026-04-04T23:15:44Z</time></trkpt><trkpt lat="37.57011413574219" lon="126.98193359375"><ele>31.600000381469727</ele><time>2026-04-04T23:15:45Z</time></trkpt><trkpt lat="37.57011413574219" lon="126.98197937011719"><ele>31.600000381469727</ele><time>2026-04-04T23:15:46Z</time></trkpt><trkpt lat="37.57011413574219" lon="126.98200988769531"><ele>31.600000381469727</ele><time>2026-04-04T23:15:47Z</time></trkpt><trkpt lat="37.57011413574219" lon="126.9820556640625"><ele>31.600000381469727</ele><time>2026-04-04T23:15:48Z</time></trkpt><trkpt lat="37.57011795043945" lon="126.98208618164062"><ele>31.600000381469727</ele><time>2026-04-04T23:15:49Z</time></trkpt><trkpt lat="37.57011795043945" lon="126.98212432861328"><ele>31.600000381469727</ele><time>2026-04-04T23:15:50Z</time></trkpt><trkpt lat="37.57011795043945" lon="126.9821548461914"><ele>31.600000381469727</ele><time>2026-04-04T23:15:51Z</time></trkpt><trkpt lat="37.57011795043945" lon="126.982177734375"><ele>31.600000381469727</ele><time>2026-04-04T23:15:52Z</time></trkpt><trkpt lat="37.57011413574219" lon="126.9822006225586"><ele>31.600000381469727</ele><time>2026-04-04T23:15:53Z</time></trkpt><trkpt lat="37.57011413574219" lon="126.98223114013672"><ele>31.600000381469727</ele><time>2026-04-04T23:15:54Z</time></trkpt><trkpt lat="37.57012176513672" lon="126.98226165771484"><ele>31.600000381469727</ele><time>2026-04-04T23:15:55Z</time></trkpt><trkpt lat="37.570125579833984" lon="126.9822998046875"><ele>31.600000381469727</ele><time>2026-04-04T23:15:56Z</time></trkpt><trkpt lat="37.57012939453125" lon="126.98233795166016"><ele>31.600000381469727</ele><time>2026-04-04T23:15:57Z</time></trkpt><trkpt lat="37.570133209228516" lon="126.98237609863281"><ele>31.399999618530273</ele><time>2026-04-04T23:15:58Z</time></trkpt><trkpt lat="37.57014083862305" lon="126.9823989868164"><ele>31.399999618530273</ele><time>2026-04-04T23:15:59Z</time></trkpt><trkpt lat="37.57014846801758" lon="126.98243713378906"><ele>31.399999618530273</ele><time>2026-04-04T23:16:00Z</time></trkpt><trkpt lat="37.57014846801758" lon="126.98246765136719"><ele>31.399999618530273</ele><time>2026-04-04T23:16:01Z</time></trkpt><trkpt lat="37.57015609741211" lon="126.98250579833984"><ele>31.399999618530273</ele><time>2026-04-04T23:16:02Z</time></trkpt><trkpt lat="37.570159912109375" lon="126.98252868652344"><ele>31.399999618530273</ele><time>2026-04-04T23:16:03Z</time></trkpt><trkpt lat="37.570167541503906" lon="126.9825668334961"><ele>31.399999618530273</ele><time>2026-04-04T23:16:04Z</time></trkpt><trkpt lat="37.57017135620117" lon="126.98259735107422"><ele>31.399999618530273</ele><time>2026-04-04T23:16:05Z</time></trkpt><trkpt lat="37.57017135620117" lon="126.9826431274414"><ele>31.399999618530273</ele><time>2026-04-04T23:16:06Z</time></trkpt><trkpt lat="37.57017517089844" lon="126.98267364501953"><ele>31.399999618530273</ele><time>2026-04-04T23:16:07Z</time></trkpt><trkpt lat="37.57017517089844" lon="126.98271179199219"><ele>31.399999618530273</ele><time>2026-04-04T23:16:08Z</time></trkpt><trkpt lat="37.57017135620117" lon="126.98274230957031"><ele>31.200000762939453</ele><time>2026-04-04T23:16:09Z</time></trkpt><trkpt lat="37.570159912109375" lon="126.98277282714844"><ele>31.200000762939453</ele><time>2026-04-04T23:16:10Z</time></trkpt><trkpt lat="37.57014465332031" lon="126.98280334472656"><ele>31.200000762939453</ele><time>2026-04-04T23:16:11Z</time></trkpt><trkpt lat="37.57013702392578" lon="126.98283386230469"><ele>31.200000762939453</ele><time>2026-04-04T23:16:12Z</time></trkpt><trkpt lat="37.570133209228516" lon="126.98286437988281"><ele>31.0</ele><time>2026-04-04T23:16:13Z</time></trkpt><trkpt lat="37.57012176513672" lon="126.9828872680664"><ele>31.0</ele><time>2026-04-04T23:16:14Z</time></trkpt><trkpt lat="37.57011413574219" lon="126.98291778564453"><ele>31.200000762939453</ele><time>2026-04-04T23:16:15Z</time></trkpt><trkpt lat="37.570106506347656" lon="126.98294067382812"><ele>31.200000762939453</ele><time>2026-04-04T23:16:16Z</time></trkpt><trkpt lat="37.57009506225586" lon="126.98297882080078"><ele>31.200000762939453</ele><time>2026-04-04T23:16:17Z</time></trkpt><trkpt lat="37.570091247558594" lon="126.98300170898438"><ele>31.200000762939453</ele><time>2026-04-04T23:16:18Z</time></trkpt><trkpt lat="37.57008361816406" lon="126.98303985595703"><ele>31.200000762939453</ele><time>2026-04-04T23:16:19Z</time></trkpt><trkpt lat="37.57008743286133" lon="126.98306274414062"><ele>31.200000762939453</ele><time>2026-04-04T23:16:20Z</time></trkpt><trkpt lat="37.57007598876953" lon="126.98310089111328"><ele>31.200000762939453</ele><time>2026-04-04T23:16:21Z</time></trkpt><trkpt lat="37.570064544677734" lon="126.9831314086914"><ele>31.0</ele><time>2026-04-04T23:16:22Z</time></trkpt><trkpt lat="37.570064544677734" lon="126.98316192626953"><ele>31.0</ele><time>2026-04-04T23:16:23Z</time></trkpt><trkpt lat="37.57006072998047" lon="126.98318481445312"><ele>31.0</ele><time>2026-04-04T23:16:24Z</time></trkpt><trkpt lat="37.570068359375" lon="126.98321533203125"><ele>31.0</ele><time>2026-04-04T23:16:25Z</time></trkpt><trkpt lat="37.570068359375" lon="126.98324584960938"><ele>31.0</ele><time>2026-04-04T23:16:26Z</time></trkpt><trkpt lat="37.570072174072266" lon="126.9832763671875"><ele>31.0</ele><time>2026-04-04T23:16:27Z</time></trkpt><trkpt lat="37.5700798034668" lon="126.98332214355469"><ele>31.0</ele><time>2026-04-04T23:16:28Z</time></trkpt><trkpt lat="37.57009506225586" lon="126.98335266113281"><ele>31.0</ele><time>2026-04-04T23:16:29Z</time></trkpt><trkpt lat="37.570106506347656" lon="126.9833984375"><ele>31.0</ele><time>2026-04-04T23:16:30Z</time></trkpt><trkpt lat="37.57011413574219" lon="126.98342895507812"><ele>31.0</ele><time>2026-04-04T23:16:31Z</time></trkpt><trkpt lat="37.57011795043945" lon="126.98346710205078"><ele>30.799999237060547</ele><time>2026-04-04T23:16:32Z</time></trkpt><trkpt lat="37.57012176513672" lon="126.9834976196289"><ele>30.799999237060547</ele><time>2026-04-04T23:16:33Z</time></trkpt><trkpt lat="37.570125579833984" lon="126.98353576660156"><ele>30.799999237060547</ele><time>2026-04-04T23:16:34Z</time></trkpt><trkpt lat="37.57013702392578" lon="126.98356628417969"><ele>30.799999237060547</ele><time>2026-04-04T23:16:35Z</time></trkpt><trkpt lat="37.57014465332031" lon="126.98361206054688"><ele>30.799999237060547</ele><time>2026-04-04T23:16:36Z</time></trkpt><trkpt lat="37.570152282714844" lon="126.98363494873047"><ele>30.799999237060547</ele><time>2026-04-04T23:16:37Z</time></trkpt><trkpt lat="37.570152282714844" lon="126.98367309570312"><ele>30.799999237060547</ele><time>2026-04-04T23:16:38Z</time></trkpt><trkpt lat="37.57015609741211" lon="126.98370361328125"><ele>30.799999237060547</ele><time>2026-04-04T23:16:39Z</time></trkpt><trkpt lat="37.570159912109375" lon="126.98374938964844"><ele>30.799999237060547</ele><time>2026-04-04T23:16:40Z</time></trkpt><trkpt lat="37.57016372680664" lon="126.98377990722656"><ele>30.600000381469727</ele><time>2026-04-04T23:16:41Z</time></trkpt><trkpt lat="37.57016372680664" lon="126.98381805419922"><ele>30.600000381469727</ele><time>2026-04-04T23:16:42Z</time></trkpt><trkpt lat="37.57016372680664" lon="126.98384857177734"><ele>30.600000381469727</ele><time>2026-04-04T23:16:43Z</time></trkpt><trkpt lat="37.57015609741211" lon="126.98388671875"><ele>30.399999618530273</ele><time>2026-04-04T23:16:44Z</time></trkpt><trkpt lat="37.57015609741211" lon="126.98391723632812"><ele>30.399999618530273</ele><time>2026-04-04T23:16:45Z</time></trkpt><trkpt lat="37.570159912109375" lon="126.98394775390625"><ele>30.399999618530273</ele><time>2026-04-04T23:16:46Z</time></trkpt><trkpt lat="37.57016372680664" lon="126.9839859008789"><ele>30.399999618530273</ele><time>2026-04-04T23:16:47Z</time></trkpt><trkpt lat="37.570167541503906" lon="126.9840087890625"><ele>30.399999618530273</ele><time>2026-04-04T23:16:48Z</time></trkpt><trkpt lat="37.57017135620117" lon="126.98404693603516"><ele>30.200000762939453</ele><time>2026-04-04T23:16:49Z</time></trkpt><trkpt lat="37.57017135620117" lon="126.98407745361328"><ele>30.200000762939453</ele><time>2026-04-04T23:16:50Z</time></trkpt><trkpt lat="37.570167541503906" lon="126.98411560058594"><ele>30.200000762939453</ele><time>2026-04-04T23:16:51Z</time></trkpt><trkpt lat="37.57017135620117" lon="126.98414611816406"><ele>30.200000762939453</ele><time>2026-04-04T23:16:52Z</time></trkpt><trkpt lat="37.57017135620117" lon="126.98418426513672"><ele>30.200000762939453</ele><time>2026-04-04T23:16:53Z</time></trkpt><trkpt lat="37.57017517089844" lon="126.98420715332031"><ele>30.200000762939453</ele><time>2026-04-04T23:16:54Z</time></trkpt><trkpt lat="37.57017517089844" lon="126.9842529296875"><ele>30.200000762939453</ele><time>2026-04-04T23:16:55Z</time></trkpt><trkpt lat="37.5701789855957" lon="126.9842758178711"><ele>30.0</ele><time>2026-04-04T23:16:56Z</time></trkpt><trkpt lat="37.57017135620117" lon="126.98431396484375"><ele>30.0</ele><time>2026-04-04T23:16:57Z</time></trkpt><trkpt lat="37.5701789855957" lon="126.98434448242188"><ele>30.0</ele><time>2026-04-04T23:16:58Z</time></trkpt><trkpt lat="37.5701789855957" lon="126.98438262939453"><ele>29.799999237060547</ele><time>2026-04-04T23:16:59Z</time></trkpt><trkpt lat="37.57018280029297" lon="126.98441314697266"><ele>29.799999237060547</ele><time>2026-04-04T23:17:00Z</time></trkpt><trkpt lat="37.57017517089844" lon="126.98445129394531"><ele>29.799999237060547</ele><time>2026-04-04T23:17:01Z</time></trkpt><trkpt lat="37.57017517089844" lon="126.98448181152344"><ele>29.799999237060547</ele><time>2026-04-04T23:17:02Z</time></trkpt><trkpt lat="37.57017135620117" lon="126.9845199584961"><ele>29.799999237060547</ele><time>2026-04-04T23:17:03Z</time></trkpt><trkpt lat="37.57016372680664" lon="126.98454284667969"><ele>29.799999237060547</ele><time>2026-04-04T23:17:04Z</time></trkpt><trkpt lat="37.57015609741211" lon="126.98457336425781"><ele>29.799999237060547</ele><time>2026-04-04T23:17:05Z</time></trkpt><trkpt lat="37.570152282714844" lon="126.98460388183594"><ele>29.799999237060547</ele><time>2026-04-04T23:17:06Z</time></trkpt><trkpt lat="37.57014846801758" lon="126.9846420288086"><ele>29.799999237060547</ele><time>2026-04-04T23:17:07Z</time></trkpt><trkpt lat="37.57014465332031" lon="126.98468017578125"><ele>29.600000381469727</ele><time>2026-04-04T23:17:08Z</time></trkpt><trkpt lat="37.57014465332031" lon="126.98470306396484"><ele>29.600000381469727</ele><time>2026-04-04T23:17:09Z</time></trkpt><trkpt lat="37.57014846801758" lon="126.9847412109375"><ele>29.600000381469727</ele><time>2026-04-04T23:17:10Z</time></trkpt><trkpt lat="37.570152282714844" lon="126.9847640991211"><ele>29.399999618530273</ele><time>2026-04-04T23:17:11Z</time></trkpt><trkpt lat="37.57015609741211" lon="126.98480987548828"><ele>29.399999618530273</ele><time>2026-04-04T23:17:12Z</time></trkpt><trkpt lat="37.570152282714844" lon="126.98482513427734"><ele>29.399999618530273</ele><time>2026-04-04T23:17:13Z</time></trkpt><trkpt lat="37.57015609741211" lon="126.98486328125"><ele>29.200000762939453</ele><time>2026-04-04T23:17:14Z</time></trkpt><trkpt lat="37.570152282714844" lon="126.98489379882812"><ele>29.200000762939453</ele><time>2026-04-04T23:17:15Z</time></trkpt><trkpt lat="37.57014846801758" lon="126.98492431640625"><ele>29.200000762939453</ele><time>2026-04-04T23:17:16Z</time></trkpt><trkpt lat="37.57014465332031" lon="126.98495483398438"><ele>29.200000762939453</ele><time>2026-04-04T23:17:17Z</time></trkpt><trkpt lat="37.57014846801758" lon="126.98499298095703"><ele>29.0</ele><time>2026-04-04T23:17:18Z</time></trkpt><trkpt lat="37.57014465332031" lon="126.98503112792969"><ele>29.200000762939453</ele><time>2026-04-04T23:17:19Z</time></trkpt><trkpt lat="37.57014846801758" lon="126.98506164550781"><ele>29.200000762939453</ele><time>2026-04-04T23:17:20Z</time></trkpt><trkpt lat="37.570152282714844" lon="126.98509979248047"><ele>29.200000762939453</ele><time>2026-04-04T23:17:21Z</time></trkpt><trkpt lat="37.57015609741211" lon="126.9851303100586"><ele>29.200000762939453</ele><time>2026-04-04T23:17:22Z</time></trkpt><trkpt lat="37.57015609741211" lon="126.98516845703125"><ele>29.0</ele><time>2026-04-04T23:17:23Z</time></trkpt><trkpt lat="37.57015609741211" lon="126.98519134521484"><ele>29.0</ele><time>2026-04-04T23:17:24Z</time></trkpt><trkpt lat="37.570159912109375" lon="126.98523712158203"><ele>29.0</ele><time>2026-04-04T23:17:25Z</time></trkpt><trkpt lat="37.570159912109375" lon="126.98526000976562"><ele>28.799999237060547</ele><time>2026-04-04T23:17:26Z</time></trkpt><trkpt lat="37.570159912109375" lon="126.98530578613281"><ele>28.799999237060547</ele><time>2026-04-04T23:17:27Z</time></trkpt><trkpt lat="37.570159912109375" lon="126.9853286743164"><ele>28.799999237060547</ele><time>2026-04-04T23:17:28Z</time></trkpt><trkpt lat="37.570152282714844" lon="126.98535919189453"><ele>28.799999237060547</ele><time>2026-04-04T23:17:29Z</time></trkpt><trkpt lat="37.57014846801758" lon="126.98538970947266"><ele>28.799999237060547</ele><time>2026-04-04T23:17:30Z</time></trkpt><trkpt lat="37.57014465332031" lon="126.98542022705078"><ele>28.799999237060547</ele><time>2026-04-04T23:17:31Z</time></trkpt><trkpt lat="37.57014083862305" lon="126.98545837402344"><ele>28.600000381469727</ele><time>2026-04-04T23:17:32Z</time></trkpt><trkpt lat="37.57014083862305" lon="126.98548126220703"><ele>28.600000381469727</ele><time>2026-04-04T23:17:33Z</time></trkpt><trkpt lat="37.57013702392578" lon="126.98551940917969"><ele>28.600000381469727</ele><time>2026-04-04T23:17:34Z</time></trkpt><trkpt lat="37.57014083862305" lon="126.98554992675781"><ele>28.600000381469727</ele><time>2026-04-04T23:17:35Z</time></trkpt><trkpt lat="37.57014083862305" lon="126.985595703125"><ele>28.600000381469727</ele><time>2026-04-04T23:17:36Z</time></trkpt><trkpt lat="37.570152282714844" lon="126.9856185913086"><ele>28.799999237060547</ele><time>2026-04-04T23:17:37Z</time></trkpt><trkpt lat="37.570152282714844" lon="126.98565673828125"><ele>28.600000381469727</ele><time>2026-04-04T23:17:38Z</time></trkpt><trkpt lat="37.570159912109375" lon="126.98568725585938"><ele>28.600000381469727</ele><time>2026-04-04T23:17:39Z</time></trkpt><trkpt lat="37.570159912109375" lon="126.98572540283203"><ele>28.600000381469727</ele><time>2026-04-04T23:17:40Z</time></trkpt><trkpt lat="37.570159912109375" lon="126.98574829101562"><ele>28.600000381469727</ele><time>2026-04-04T23:17:41Z</time></trkpt><trkpt lat="37.570159912109375" lon="126.98579406738281"><ele>28.600000381469727</ele><time>2026-04-04T23:17:42Z</time></trkpt><trkpt lat="37.57016372680664" lon="126.9858169555664"><ele>28.600000381469727</ele><time>2026-04-04T23:17:43Z</time></trkpt><trkpt lat="37.57016372680664" lon="126.98585510253906"><ele>28.600000381469727</ele><time>2026-04-04T23:17:44Z</time></trkpt><trkpt lat="37.57016372680664" lon="126.98588562011719"><ele>28.600000381469727</ele><time>2026-04-04T23:17:45Z</time></trkpt><trkpt lat="37.57016372680664" lon="126.98592376708984"><ele>28.600000381469727</ele><time>2026-04-04T23:17:46Z</time></trkpt><trkpt lat="37.57016372680664" lon="126.9859619140625"><ele>28.600000381469727</ele><time>2026-04-04T23:17:47Z</time></trkpt><trkpt lat="37.57016372680664" lon="126.98599243164062"><ele>28.600000381469727</ele><time>2026-04-04T23:17:48Z</time></trkpt><trkpt lat="37.570159912109375" lon="126.98602294921875"><ele>28.600000381469727</ele><time>2026-04-04T23:17:49Z</time></trkpt><trkpt lat="37.570159912109375" lon="126.9860610961914"><ele>28.399999618530273</ele><time>2026-04-04T23:17:50Z</time></trkpt><trkpt lat="37.570159912109375" lon="126.98609924316406"><ele>28.399999618530273</ele><time>2026-04-04T23:17:51Z</time></trkpt><trkpt lat="37.570159912109375" lon="126.98612976074219"><ele>28.399999618530273</ele><time>2026-04-04T23:17:52Z</time></trkpt><trkpt lat="37.570159912109375" lon="126.98616790771484"><ele>28.200000762939453</ele><time>2026-04-04T23:17:53Z</time></trkpt><trkpt lat="37.57016372680664" lon="126.98619842529297"><ele>28.200000762939453</ele><time>2026-04-04T23:17:54Z</time></trkpt><trkpt lat="37.570159912109375" lon="126.98623657226562"><ele>28.200000762939453</ele><time>2026-04-04T23:17:55Z</time></trkpt><trkpt lat="37.57016372680664" lon="126.98625946044922"><ele>28.200000762939453</ele><time>2026-04-04T23:17:56Z</time></trkpt><trkpt lat="37.570167541503906" lon="126.98629760742188"><ele>28.200000762939453</ele><time>2026-04-04T23:17:57Z</time></trkpt><trkpt lat="37.570167541503906" lon="126.986328125"><ele>28.200000762939453</ele><time>2026-04-04T23:17:58Z</time></trkpt><trkpt lat="37.570167541503906" lon="126.98637390136719"><ele>28.200000762939453</ele><time>2026-04-04T23:17:59Z</time></trkpt><trkpt lat="37.570167541503906" lon="126.98640441894531"><ele>28.200000762939453</ele><time>2026-04-04T23:18:00Z</time></trkpt><trkpt lat="37.57016372680664" lon="126.98644256591797"><ele>28.200000762939453</ele><time>2026-04-04T23:18:01Z</time></trkpt><trkpt lat="37.57015609741211" lon="126.98646545410156"><ele>28.0</ele><time>2026-04-04T23:18:02Z</time></trkpt><trkpt lat="37.570152282714844" lon="126.98650360107422"><ele>28.0</ele><time>2026-04-04T23:18:03Z</time></trkpt><trkpt lat="37.57014846801758" lon="126.98652648925781"><ele>28.0</ele><time>2026-04-04T23:18:04Z</time></trkpt><trkpt lat="37.57014846801758" lon="126.98656463623047"><ele>28.0</ele><time>2026-04-04T23:18:05Z</time></trkpt><trkpt lat="37.57014846801758" lon="126.9865951538086"><ele>28.0</ele><time>2026-04-04T23:18:06Z</time></trkpt><trkpt lat="37.570152282714844" lon="126.98662567138672"><ele>28.0</ele><time>2026-04-04T23:18:07Z</time></trkpt><trkpt lat="37.570152282714844" lon="126.98665618896484"><ele>28.0</ele><time>2026-04-04T23:18:08Z</time></trkpt><trkpt lat="37.570152282714844" lon="126.98668670654297"><ele>28.0</ele><time>2026-04-04T23:18:09Z</time></trkpt><trkpt lat="37.57015609741211" lon="126.98672485351562"><ele>27.799999237060547</ele><time>2026-04-04T23:18:10Z</time></trkpt><trkpt lat="37.57015609741211" lon="126.98676300048828"><ele>27.799999237060547</ele><time>2026-04-04T23:18:11Z</time></trkpt><trkpt lat="37.57015609741211" lon="126.9867935180664"><ele>27.799999237060547</ele><time>2026-04-04T23:18:12Z</time></trkpt><trkpt lat="37.570159912109375" lon="126.98683166503906"><ele>27.799999237060547</ele><time>2026-04-04T23:18:13Z</time></trkpt><trkpt lat="37.57016372680664" lon="126.98686981201172"><ele>27.799999237060547</ele><time>2026-04-04T23:18:14Z</time></trkpt><trkpt lat="37.57016372680664" lon="126.98690032958984"><ele>27.799999237060547</ele><time>2026-04-04T23:18:15Z</time></trkpt><trkpt lat="37.57016372680664" lon="126.9869384765625"><ele>27.799999237060547</ele><time>2026-04-04T23:18:16Z</time></trkpt><trkpt lat="37.57016372680664" lon="126.98696899414062"><ele>27.799999237060547</ele><time>2026-04-04T23:18:17Z</time></trkpt><trkpt lat="37.57016372680664" lon="126.98700714111328"><ele>27.799999237060547</ele><time>2026-04-04T23:18:18Z</time></trkpt><trkpt lat="37.57016372680664" lon="126.9870376586914"><ele>27.799999237060547</ele><time>2026-04-04T23:18:19Z</time></trkpt><trkpt lat="37.570159912109375" lon="126.98706817626953"><ele>27.799999237060547</ele><time>2026-04-04T23:18:20Z</time></trkpt><trkpt lat="37.570159912109375" lon="126.98709869384766"><ele>27.799999237060547</ele><time>2026-04-04T23:18:21Z</time></trkpt><trkpt lat="37.570159912109375" lon="126.98712921142578"><ele>27.799999237060547</ele><time>2026-04-04T23:18:22Z</time></trkpt><trkpt lat="37.570159912109375" lon="126.98715209960938"><ele>27.799999237060547</ele><time>2026-04-04T23:18:23Z</time></trkpt><trkpt lat="37.57015609741211" lon="126.98719024658203"><ele>27.600000381469727</ele><time>2026-04-04T23:18:24Z</time></trkpt><trkpt lat="37.570152282714844" lon="126.98721313476562"><ele>27.600000381469727</ele><time>2026-04-04T23:18:25Z</time></trkpt><trkpt lat="37.57015609741211" lon="126.98725891113281"><ele>27.600000381469727</ele><time>2026-04-04T23:18:26Z</time></trkpt><trkpt lat="37.570159912109375" lon="126.9872817993164"><ele>27.600000381469727</ele><time>2026-04-04T23:18:27Z</time></trkpt><trkpt lat="37.570159912109375" lon="126.98731994628906"><ele>27.600000381469727</ele><time>2026-04-04T23:18:28Z</time></trkpt><trkpt lat="37.570167541503906" lon="126.98734283447266"><ele>27.600000381469727</ele><time>2026-04-04T23:18:29Z</time></trkpt><trkpt lat="37.57017135620117" lon="126.98738098144531"><ele>27.600000381469727</ele><time>2026-04-04T23:18:30Z</time></trkpt><trkpt lat="37.570167541503906" lon="126.98741912841797"><ele>27.600000381469727</ele><time>2026-04-04T23:18:31Z</time></trkpt><trkpt lat="37.57017135620117" lon="126.9874496459961"><ele>27.600000381469727</ele><time>2026-04-04T23:18:32Z</time></trkpt><trkpt lat="37.57016372680664" lon="126.98748016357422"><ele>27.600000381469727</ele><time>2026-04-04T23:18:33Z</time></trkpt><trkpt lat="37.57016372680664" lon="126.98751068115234"><ele>27.600000381469727</ele><time>2026-04-04T23:18:34Z</time></trkpt><trkpt lat="37.570159912109375" lon="126.98755645751953"><ele>27.600000381469727</ele><time>2026-04-04T23:18:35Z</time></trkpt><trkpt lat="37.57016372680664" lon="126.98757934570312"><ele>27.399999618530273</ele><time>2026-04-04T23:18:36Z</time></trkpt><trkpt lat="37.57016372680664" lon="126.98761749267578"><ele>27.600000381469727</ele><time>2026-04-04T23:18:37Z</time></trkpt><trkpt lat="37.570167541503906" lon="126.9876480102539"><ele>27.600000381469727</ele><time>2026-04-04T23:18:38Z</time></trkpt><trkpt lat="37.570167541503906" lon="126.98767852783203"><ele>27.799999237060547</ele><time>2026-04-04T23:18:39Z</time></trkpt><trkpt lat="37.57016372680664" lon="126.98770904541016"><ele>27.799999237060547</ele><time>2026-04-04T23:18:40Z</time></trkpt><trkpt lat="37.57016372680664" lon="126.98773193359375"><ele>28.0</ele><time>2026-04-04T23:18:41Z</time></trkpt><trkpt lat="37.57016372680664" lon="126.98776245117188"><ele>28.0</ele><time>2026-04-04T23:18:42Z</time></trkpt><trkpt lat="37.57017135620117" lon="126.98779296875"><ele>27.799999237060547</ele><time>2026-04-04T23:18:43Z</time></trkpt><trkpt lat="37.57017135620117" lon="126.98782348632812"><ele>27.799999237060547</ele><time>2026-04-04T23:18:44Z</time></trkpt><trkpt lat="37.570167541503906" lon="126.98785400390625"><ele>28.0</ele><time>2026-04-04T23:18:45Z</time></trkpt><trkpt lat="37.570167541503906" lon="126.9878921508789"><ele>28.0</ele><time>2026-04-04T23:18:46Z</time></trkpt><trkpt lat="37.57016372680664" lon="126.98790740966797"><ele>28.0</ele><time>2026-04-04T23:18:47Z</time></trkpt><trkpt lat="37.57015609741211" lon="126.98796081542969"><ele>28.0</ele><time>2026-04-04T23:18:48Z</time></trkpt><trkpt lat="37.57015609741211" lon="126.98799133300781"><ele>28.0</ele><time>2026-04-04T23:18:49Z</time></trkpt><trkpt lat="37.57015609741211" lon="126.988037109375"><ele>27.799999237060547</ele><time>2026-04-04T23:18:50Z</time></trkpt><trkpt lat="37.57016372680664" lon="126.98806762695312"><ele>27.799999237060547</ele><time>2026-04-04T23:18:51Z</time></trkpt><trkpt lat="37.570167541503906" lon="126.98811340332031"><ele>27.799999237060547</ele><time>2026-04-04T23:18:52Z</time></trkpt><trkpt lat="37.57017517089844" lon="126.9881362915039"><ele>27.799999237060547</ele><time>2026-04-04T23:18:53Z</time></trkpt><trkpt lat="37.57017517089844" lon="126.9881820678711"><ele>27.799999237060547</ele><time>2026-04-04T23:18:54Z</time></trkpt><trkpt lat="37.5701789855957" lon="126.98821258544922"><ele>27.600000381469727</ele><time>2026-04-04T23:18:55Z</time></trkpt><trkpt lat="37.57017517089844" lon="126.9882583618164"><ele>27.600000381469727</ele><time>2026-04-04T23:18:56Z</time></trkpt><trkpt lat="37.57017517089844" lon="126.98828887939453"><ele>27.399999618530273</ele><time>2026-04-04T23:18:57Z</time></trkpt><trkpt lat="37.570167541503906" lon="126.98833465576172"><ele>27.399999618530273</ele><time>2026-04-04T23:18:58Z</time></trkpt><trkpt lat="37.570167541503906" lon="126.98835754394531"><ele>27.399999618530273</ele><time>2026-04-04T23:18:59Z</time></trkpt><trkpt lat="37.570167541503906" lon="126.9884033203125"><ele>27.399999618530273</ele><time>2026-04-04T23:19:00Z</time></trkpt><trkpt lat="37.57017135620117" lon="126.98843383789062"><ele>27.399999618530273</ele><time>2026-04-04T23:19:01Z</time></trkpt><trkpt lat="37.57017517089844" lon="126.98847198486328"><ele>27.399999618530273</ele><time>2026-04-04T23:19:02Z</time></trkpt><trkpt lat="37.57018280029297" lon="126.98849487304688"><ele>27.399999618530273</ele><time>2026-04-04T23:19:03Z</time></trkpt><trkpt lat="37.570186614990234" lon="126.98853302001953"><ele>27.399999618530273</ele><time>2026-04-04T23:19:04Z</time></trkpt><trkpt lat="37.570194244384766" lon="126.98856353759766"><ele>27.399999618530273</ele><time>2026-04-04T23:19:05Z</time></trkpt><trkpt lat="37.57019805908203" lon="126.98859405517578"><ele>27.399999618530273</ele><time>2026-04-04T23:19:06Z</time></trkpt><trkpt lat="37.570194244384766" lon="126.9886245727539"><ele>27.399999618530273</ele><time>2026-04-04T23:19:07Z</time></trkpt><trkpt lat="37.57019805908203" lon="126.98866271972656"><ele>27.399999618530273</ele><time>2026-04-04T23:19:08Z</time></trkpt><trkpt lat="37.570194244384766" lon="126.98870086669922"><ele>27.399999618530273</ele><time>2026-04-04T23:19:09Z</time></trkpt><trkpt lat="37.57019805908203" lon="126.98873901367188"><ele>27.399999618530273</ele><time>2026-04-04T23:19:10Z</time></trkpt><trkpt lat="37.5702018737793" lon="126.98877716064453"><ele>27.399999618530273</ele><time>2026-04-04T23:19:11Z</time></trkpt><trkpt lat="37.5702018737793" lon="126.98881530761719"><ele>27.200000762939453</ele><time>2026-04-04T23:19:12Z</time></trkpt><trkpt lat="37.5702018737793" lon="126.98885345458984"><ele>27.200000762939453</ele><time>2026-04-04T23:19:13Z</time></trkpt><trkpt lat="37.570213317871094" lon="126.98888397216797"><ele>27.399999618530273</ele><time>2026-04-04T23:19:14Z</time></trkpt><trkpt lat="37.570213317871094" lon="126.98892211914062"><ele>27.200000762939453</ele><time>2026-04-04T23:19:15Z</time></trkpt><trkpt lat="37.570213317871094" lon="126.98896026611328"><ele>27.399999618530273</ele><time>2026-04-04T23:19:16Z</time></trkpt><trkpt lat="37.570213317871094" lon="126.98899841308594"><ele>27.399999618530273</ele><time>2026-04-04T23:19:17Z</time></trkpt><trkpt lat="37.57021713256836" lon="126.98902893066406"><ele>27.399999618530273</ele><time>2026-04-04T23:19:18Z</time></trkpt><trkpt lat="37.570220947265625" lon="126.98906707763672"><ele>27.200000762939453</ele><time>2026-04-04T23:19:19Z</time></trkpt><trkpt lat="37.57023239135742" lon="126.98908996582031"><ele>27.200000762939453</ele><time>2026-04-04T23:19:20Z</time></trkpt><trkpt lat="37.57024002075195" lon="126.9891357421875"><ele>27.200000762939453</ele><time>2026-04-04T23:19:21Z</time></trkpt><trkpt lat="37.57024383544922" lon="126.98916625976562"><ele>27.200000762939453</ele><time>2026-04-04T23:19:22Z</time></trkpt><trkpt lat="37.57024002075195" lon="126.98920440673828"><ele>27.200000762939453</ele><time>2026-04-04T23:19:23Z</time></trkpt><trkpt lat="37.57024002075195" lon="126.9892349243164"><ele>27.200000762939453</ele><time>2026-04-04T23:19:24Z</time></trkpt><trkpt lat="37.57023620605469" lon="126.98926544189453"><ele>27.399999618530273</ele><time>2026-04-04T23:19:25Z</time></trkpt><trkpt lat="37.57024002075195" lon="126.98929595947266"><ele>27.399999618530273</ele><time>2026-04-04T23:19:26Z</time></trkpt><trkpt lat="37.57023620605469" lon="126.98933410644531"><ele>27.200000762939453</ele><time>2026-04-04T23:19:27Z</time></trkpt><trkpt lat="37.570228576660156" lon="126.9893569946289"><ele>27.200000762939453</ele><time>2026-04-04T23:19:28Z</time></trkpt><trkpt lat="37.570228576660156" lon="126.9894027709961"><ele>27.0</ele><time>2026-04-04T23:19:29Z</time></trkpt><trkpt lat="37.570228576660156" lon="126.98941802978516"><ele>26.799999237060547</ele><time>2026-04-04T23:19:30Z</time></trkpt><trkpt lat="37.57023239135742" lon="126.98946380615234"><ele>26.799999237060547</ele><time>2026-04-04T23:19:31Z</time></trkpt><trkpt lat="37.57023239135742" lon="126.98949432373047"><ele>26.799999237060547</ele><time>2026-04-04T23:19:32Z</time></trkpt><trkpt lat="37.57023239135742" lon="126.98953247070312"><ele>26.799999237060547</ele><time>2026-04-04T23:19:33Z</time></trkpt><trkpt lat="37.57023239135742" lon="126.98956298828125"><ele>26.799999237060547</ele><time>2026-04-04T23:19:34Z</time></trkpt><trkpt lat="37.570228576660156" lon="126.9896011352539"><ele>26.799999237060547</ele><time>2026-04-04T23:19:35Z</time></trkpt><trkpt lat="37.570228576660156" lon="126.98963165283203"><ele>26.600000381469727</ele><time>2026-04-04T23:19:36Z</time></trkpt><trkpt lat="37.570228576660156" lon="126.98966217041016"><ele>26.799999237060547</ele><time>2026-04-04T23:19:37Z</time></trkpt><trkpt lat="37.570220947265625" lon="126.98970031738281"><ele>26.600000381469727</ele><time>2026-04-04T23:19:38Z</time></trkpt><trkpt lat="37.570220947265625" lon="126.98973083496094"><ele>26.600000381469727</ele><time>2026-04-04T23:19:39Z</time></trkpt><trkpt lat="37.570220947265625" lon="126.9897689819336"><ele>26.600000381469727</ele><time>2026-04-04T23:19:40Z</time></trkpt><trkpt lat="37.57022476196289" lon="126.98979949951172"><ele>26.600000381469727</ele><time>2026-04-04T23:19:41Z</time></trkpt><trkpt lat="37.570228576660156" lon="126.98983764648438"><ele>26.600000381469727</ele><time>2026-04-04T23:19:42Z</time></trkpt><trkpt lat="37.57024002075195" lon="126.9898681640625"><ele>26.600000381469727</ele><time>2026-04-04T23:19:43Z</time></trkpt><trkpt lat="37.57024383544922" lon="126.98991394042969"><ele>26.399999618530273</ele><time>2026-04-04T23:19:44Z</time></trkpt><trkpt lat="37.57025146484375" lon="126.98993682861328"><ele>26.399999618530273</ele><time>2026-04-04T23:19:45Z</time></trkpt><trkpt lat="37.57025909423828" lon="126.98998260498047"><ele>26.399999618530273</ele><time>2026-04-04T23:19:46Z</time></trkpt><trkpt lat="37.57026672363281" lon="126.99000549316406"><ele>26.399999618530273</ele><time>2026-04-04T23:19:47Z</time></trkpt><trkpt lat="37.57025909423828" lon="126.99004364013672"><ele>26.399999618530273</ele><time>2026-04-04T23:19:48Z</time></trkpt><trkpt lat="37.570255279541016" lon="126.99006652832031"><ele>26.399999618530273</ele><time>2026-04-04T23:19:49Z</time></trkpt><trkpt lat="37.57025146484375" lon="126.9901123046875"><ele>26.399999618530273</ele><time>2026-04-04T23:19:50Z</time></trkpt><trkpt lat="37.570255279541016" lon="126.9901351928711"><ele>26.399999618530273</ele><time>2026-04-04T23:19:51Z</time></trkpt><trkpt lat="37.57025146484375" lon="126.99018096923828"><ele>26.399999618530273</ele><time>2026-04-04T23:19:52Z</time></trkpt><trkpt lat="37.57025146484375" lon="126.99020385742188"><ele>26.200000762939453</ele><time>2026-04-04T23:19:53Z</time></trkpt><trkpt lat="37.570247650146484" lon="126.99024963378906"><ele>26.200000762939453</ele><time>2026-04-04T23:19:54Z</time></trkpt><trkpt lat="37.570255279541016" lon="126.99028015136719"><ele>26.200000762939453</ele><time>2026-04-04T23:19:55Z</time></trkpt><trkpt lat="37.57025909423828" lon="126.99031066894531"><ele>26.200000762939453</ele><time>2026-04-04T23:19:56Z</time></trkpt><trkpt lat="37.57026290893555" lon="126.99034881591797"><ele>26.0</ele><time>2026-04-04T23:19:57Z</time></trkpt><trkpt lat="37.57027053833008" lon="126.99037170410156"><ele>26.200000762939453</ele><time>2026-04-04T23:19:58Z</time></trkpt><trkpt lat="37.57027053833008" lon="126.99040985107422"><ele>26.200000762939453</ele><time>2026-04-04T23:19:59Z</time></trkpt><trkpt lat="37.57027816772461" lon="126.99044036865234"><ele>26.0</ele><time>2026-04-04T23:20:00Z</time></trkpt><trkpt lat="37.570281982421875" lon="126.990478515625"><ele>26.0</ele><time>2026-04-04T23:20:01Z</time></trkpt><trkpt lat="37.57028579711914" lon="126.9905014038086"><ele>26.0</ele><time>2026-04-04T23:20:02Z</time></trkpt><trkpt lat="37.57028579711914" lon="126.99053955078125"><ele>26.0</ele><time>2026-04-04T23:20:03Z</time></trkpt><trkpt lat="37.570289611816406" lon="126.99057006835938"><ele>25.799999237060547</ele><time>2026-04-04T23:20:04Z</time></trkpt><trkpt lat="37.570281982421875" lon="126.99061584472656"><ele>25.799999237060547</ele><time>2026-04-04T23:20:05Z</time></trkpt><trkpt lat="37.570281982421875" lon="126.99064636230469"><ele>25.799999237060547</ele><time>2026-04-04T23:20:06Z</time></trkpt><trkpt lat="37.570281982421875" lon="126.99067687988281"><ele>25.799999237060547</ele><time>2026-04-04T23:20:07Z</time></trkpt><trkpt lat="37.570289611816406" lon="126.99070739746094"><ele>25.799999237060547</ele><time>2026-04-04T23:20:08Z</time></trkpt><trkpt lat="37.57029342651367" lon="126.99073791503906"><ele>25.799999237060547</ele><time>2026-04-04T23:20:09Z</time></trkpt><trkpt lat="37.57029342651367" lon="126.99076080322266"><ele>25.799999237060547</ele><time>2026-04-04T23:20:10Z</time></trkpt><trkpt lat="37.57029342651367" lon="126.99079132080078"><ele>25.799999237060547</ele><time>2026-04-04T23:20:11Z</time></trkpt><trkpt lat="37.57029724121094" lon="126.99081420898438"><ele>25.799999237060547</ele><time>2026-04-04T23:20:12Z</time></trkpt><trkpt lat="37.57030487060547" lon="126.99085235595703"><ele>25.799999237060547</ele><time>2026-04-04T23:20:13Z</time></trkpt><trkpt lat="37.570308685302734" lon="126.99087524414062"><ele>25.799999237060547</ele><time>2026-04-04T23:20:14Z</time></trkpt><trkpt lat="37.570316314697266" lon="126.99092102050781"><ele>25.799999237060547</ele><time>2026-04-04T23:20:15Z</time></trkpt><trkpt lat="37.5703239440918" lon="126.99095153808594"><ele>25.600000381469727</ele><time>2026-04-04T23:20:16Z</time></trkpt><trkpt lat="37.57032775878906" lon="126.9909896850586"><ele>25.600000381469727</ele><time>2026-04-04T23:20:17Z</time></trkpt><trkpt lat="37.57033157348633" lon="126.99102020263672"><ele>25.600000381469727</ele><time>2026-04-04T23:20:18Z</time></trkpt><trkpt lat="37.570335388183594" lon="126.99105834960938"><ele>25.600000381469727</ele><time>2026-04-04T23:20:19Z</time></trkpt><trkpt lat="37.570335388183594" lon="126.9910888671875"><ele>25.600000381469727</ele><time>2026-04-04T23:20:20Z</time></trkpt><trkpt lat="37.57033920288086" lon="126.99112701416016"><ele>25.600000381469727</ele><time>2026-04-04T23:20:21Z</time></trkpt><trkpt lat="37.57033920288086" lon="126.99115753173828"><ele>25.799999237060547</ele><time>2026-04-04T23:20:22Z</time></trkpt><trkpt lat="37.570343017578125" lon="126.99119567871094"><ele>25.600000381469727</ele><time>2026-04-04T23:20:23Z</time></trkpt><trkpt lat="37.57034683227539" lon="126.99122619628906"><ele>25.600000381469727</ele><time>2026-04-04T23:20:24Z</time></trkpt><trkpt lat="37.570350646972656" lon="126.99126434326172"><ele>25.399999618530273</ele><time>2026-04-04T23:20:25Z</time></trkpt><trkpt lat="37.570350646972656" lon="126.99129486083984"><ele>25.399999618530273</ele><time>2026-04-04T23:20:26Z</time></trkpt><trkpt lat="37.57035446166992" lon="126.9913330078125"><ele>25.399999618530273</ele><time>2026-04-04T23:20:27Z</time></trkpt><trkpt lat="37.57035827636719" lon="126.99137115478516"><ele>25.399999618530273</ele><time>2026-04-04T23:20:28Z</time></trkpt><trkpt lat="37.57035827636719" lon="126.99140167236328"><ele>25.399999618530273</ele><time>2026-04-04T23:20:29Z</time></trkpt><trkpt lat="37.57035446166992" lon="126.99143981933594"><ele>25.399999618530273</ele><time>2026-04-04T23:20:30Z</time></trkpt><trkpt lat="37.57036209106445" lon="126.9914779663086"><ele>25.399999618530273</ele><time>2026-04-04T23:20:31Z</time></trkpt><trkpt lat="37.57036590576172" lon="126.99152374267578"><ele>25.399999618530273</ele><time>2026-04-04T23:20:32Z</time></trkpt><trkpt lat="37.57036590576172" lon="126.9915542602539"><ele>25.399999618530273</ele><time>2026-04-04T23:20:33Z</time></trkpt><trkpt lat="37.57036590576172" lon="126.99159240722656"><ele>25.399999618530273</ele><time>2026-04-04T23:20:34Z</time></trkpt><trkpt lat="37.570369720458984" lon="126.99162292480469"><ele>25.399999618530273</ele><time>2026-04-04T23:20:35Z</time></trkpt><trkpt lat="37.57037353515625" lon="126.99166870117188"><ele>25.399999618530273</ele><time>2026-04-04T23:20:36Z</time></trkpt><trkpt lat="37.57038116455078" lon="126.99169921875"><ele>25.399999618530273</ele><time>2026-04-04T23:20:37Z</time></trkpt><trkpt lat="37.57038497924805" lon="126.99174499511719"><ele>25.399999618530273</ele><time>2026-04-04T23:20:38Z</time></trkpt><trkpt lat="37.57038497924805" lon="126.99177551269531"><ele>25.399999618530273</ele><time>2026-04-04T23:20:39Z</time></trkpt><trkpt lat="37.57038497924805" lon="126.9918212890625"><ele>25.200000762939453</ele><time>2026-04-04T23:20:40Z</time></trkpt><trkpt lat="37.57038879394531" lon="126.9918441772461"><ele>25.200000762939453</ele><time>2026-04-04T23:20:41Z</time></trkpt><trkpt lat="37.57038497924805" lon="126.99188232421875"><ele>25.200000762939453</ele><time>2026-04-04T23:20:42Z</time></trkpt><trkpt lat="37.57039260864258" lon="126.9919204711914"><ele>25.200000762939453</ele><time>2026-04-04T23:20:43Z</time></trkpt><trkpt lat="37.57039260864258" lon="126.99195098876953"><ele>25.399999618530273</ele><time>2026-04-04T23:20:44Z</time></trkpt><trkpt lat="37.57039260864258" lon="126.99198913574219"><ele>25.399999618530273</ele><time>2026-04-04T23:20:45Z</time></trkpt><trkpt lat="37.57039260864258" lon="126.99201965332031"><ele>25.399999618530273</ele><time>2026-04-04T23:20:46Z</time></trkpt><trkpt lat="37.570396423339844" lon="126.99205017089844"><ele>25.399999618530273</ele><time>2026-04-04T23:20:47Z</time></trkpt><trkpt lat="37.570396423339844" lon="126.99207305908203"><ele>25.399999618530273</ele><time>2026-04-04T23:20:48Z</time></trkpt><trkpt lat="37.57040023803711" lon="126.99210357666016"><ele>25.200000762939453</ele><time>2026-04-04T23:20:49Z</time></trkpt><trkpt lat="37.57040023803711" lon="126.99212646484375"><ele>25.399999618530273</ele><time>2026-04-04T23:20:50Z</time></trkpt><trkpt lat="37.57040023803711" lon="126.9921646118164"><ele>25.399999618530273</ele><time>2026-04-04T23:20:51Z</time></trkpt><trkpt lat="37.57040023803711" lon="126.99217987060547"><ele>25.399999618530273</ele><time>2026-04-04T23:20:52Z</time></trkpt><trkpt lat="37.570396423339844" lon="126.9922103881836"><ele>25.399999618530273</ele><time>2026-04-04T23:20:53Z</time></trkpt><trkpt lat="37.570396423339844" lon="126.99224090576172"><ele>25.399999618530273</ele><time>2026-04-04T23:20:54Z</time></trkpt><trkpt lat="37.57040023803711" lon="126.99227142333984"><ele>25.399999618530273</ele><time>2026-04-04T23:20:55Z</time></trkpt><trkpt lat="37.570404052734375" lon="126.99229431152344"><ele>25.399999618530273</ele><time>2026-04-04T23:20:56Z</time></trkpt><trkpt lat="37.57040786743164" lon="126.99232482910156"><ele>25.399999618530273</ele><time>2026-04-04T23:20:57Z</time></trkpt><trkpt lat="37.570404052734375" lon="126.99236297607422"><ele>25.399999618530273</ele><time>2026-04-04T23:20:58Z</time></trkpt><trkpt lat="37.570411682128906" lon="126.99238586425781"><ele>25.200000762939453</ele><time>2026-04-04T23:20:59Z</time></trkpt><trkpt lat="37.57041549682617" lon="126.99242401123047"><ele>25.200000762939453</ele><time>2026-04-04T23:21:00Z</time></trkpt><trkpt lat="37.57041931152344" lon="126.99244689941406"><ele>25.200000762939453</ele><time>2026-04-04T23:21:01Z</time></trkpt><trkpt lat="37.57041931152344" lon="126.99249267578125"><ele>25.0</ele><time>2026-04-04T23:21:02Z</time></trkpt><trkpt lat="37.570411682128906" lon="126.99251556396484"><ele>25.0</ele><time>2026-04-04T23:21:03Z</time></trkpt><trkpt lat="37.57040786743164" lon="126.9925537109375"><ele>24.799999237060547</ele><time>2026-04-04T23:21:04Z</time></trkpt><trkpt lat="37.57040786743164" lon="126.99258422851562"><ele>24.799999237060547</ele><time>2026-04-04T23:21:05Z</time></trkpt><trkpt lat="37.570411682128906" lon="126.99261474609375"><ele>24.799999237060547</ele><time>2026-04-04T23:21:06Z</time></trkpt><trkpt lat="37.57041549682617" lon="126.9926528930664"><ele>24.799999237060547</ele><time>2026-04-04T23:21:07Z</time></trkpt><trkpt lat="37.57041549682617" lon="126.99268341064453"><ele>24.799999237060547</ele><time>2026-04-04T23:21:08Z</time></trkpt><trkpt lat="37.57041549682617" lon="126.99272155761719"><ele>24.799999237060547</ele><time>2026-04-04T23:21:09Z</time></trkpt><trkpt lat="37.5704231262207" lon="126.99275970458984"><ele>24.799999237060547</ele><time>2026-04-04T23:21:10Z</time></trkpt><trkpt lat="37.57042694091797" lon="126.9927978515625"><ele>24.799999237060547</ele><time>2026-04-04T23:21:11Z</time></trkpt><trkpt lat="37.570430755615234" lon="126.99282836914062"><ele>24.799999237060547</ele><time>2026-04-04T23:21:12Z</time></trkpt><trkpt lat="37.57042694091797" lon="126.99286651611328"><ele>24.600000381469727</ele><time>2026-04-04T23:21:13Z</time></trkpt><trkpt lat="37.570430755615234" lon="126.9928970336914"><ele>24.600000381469727</ele><time>2026-04-04T23:21:14Z</time></trkpt><trkpt lat="37.57042694091797" lon="126.99293518066406"><ele>24.600000381469727</ele><time>2026-04-04T23:21:15Z</time></trkpt><trkpt lat="37.57042694091797" lon="126.99296569824219"><ele>24.600000381469727</ele><time>2026-04-04T23:21:16Z</time></trkpt><trkpt lat="37.57042694091797" lon="126.99299621582031"><ele>24.600000381469727</ele><time>2026-04-04T23:21:17Z</time></trkpt><trkpt lat="37.570430755615234" lon="126.99302673339844"><ele>24.600000381469727</ele><time>2026-04-04T23:21:18Z</time></trkpt><trkpt lat="37.5704345703125" lon="126.99304962158203"><ele>24.600000381469727</ele><time>2026-04-04T23:21:19Z</time></trkpt><trkpt lat="37.5704345703125" lon="126.99308776855469"><ele>24.600000381469727</ele><time>2026-04-04T23:21:20Z</time></trkpt><trkpt lat="37.57044219970703" lon="126.99311828613281"><ele>24.600000381469727</ele><time>2026-04-04T23:21:21Z</time></trkpt><trkpt lat="37.5704460144043" lon="126.99315643310547"><ele>24.600000381469727</ele><time>2026-04-04T23:21:22Z</time></trkpt><trkpt lat="37.57044982910156" lon="126.99317932128906"><ele>24.600000381469727</ele><time>2026-04-04T23:21:23Z</time></trkpt><trkpt lat="37.57044982910156" lon="126.99321746826172"><ele>24.600000381469727</ele><time>2026-04-04T23:21:24Z</time></trkpt><trkpt lat="37.57045364379883" lon="126.99324798583984"><ele>24.799999237060547</ele><time>2026-04-04T23:21:25Z</time></trkpt><trkpt lat="37.570457458496094" lon="126.99327850341797"><ele>24.799999237060547</ele><time>2026-04-04T23:21:26Z</time></trkpt><trkpt lat="37.57045364379883" lon="126.9933090209961"><ele>24.600000381469727</ele><time>2026-04-04T23:21:27Z</time></trkpt><trkpt lat="37.570457458496094" lon="126.99333190917969"><ele>24.600000381469727</ele><time>2026-04-04T23:21:28Z</time></trkpt><trkpt lat="37.570457458496094" lon="126.99337005615234"><ele>24.600000381469727</ele><time>2026-04-04T23:21:29Z</time></trkpt><trkpt lat="37.57046127319336" lon="126.99340057373047"><ele>24.399999618530273</ele><time>2026-04-04T23:21:30Z</time></trkpt><trkpt lat="37.57046127319336" lon="126.99343872070312"><ele>24.399999618530273</ele><time>2026-04-04T23:21:31Z</time></trkpt><trkpt lat="37.57046127319336" lon="126.99346160888672"><ele>24.399999618530273</ele><time>2026-04-04T23:21:32Z</time></trkpt><trkpt lat="37.570457458496094" lon="126.9935073852539"><ele>24.399999618530273</ele><time>2026-04-04T23:21:33Z</time></trkpt><trkpt lat="37.57046127319336" lon="126.9935302734375"><ele>24.399999618530273</ele><time>2026-04-04T23:21:34Z</time></trkpt><trkpt lat="37.57046127319336" lon="126.99356842041016"><ele>24.399999618530273</ele><time>2026-04-04T23:21:35Z</time></trkpt><trkpt lat="37.57046127319336" lon="126.99358367919922"><ele>24.200000762939453</ele><time>2026-04-04T23:21:36Z</time></trkpt><trkpt lat="37.57046127319336" lon="126.99362182617188"><ele>24.200000762939453</ele><time>2026-04-04T23:21:37Z</time></trkpt><trkpt lat="37.57046127319336" lon="126.99365234375"><ele>24.200000762939453</ele><time>2026-04-04T23:21:38Z</time></trkpt><trkpt lat="37.57046127319336" lon="126.99368286132812"><ele>24.200000762939453</ele><time>2026-04-04T23:21:39Z</time></trkpt><trkpt lat="37.570457458496094" lon="126.99372100830078"><ele>24.200000762939453</ele><time>2026-04-04T23:21:40Z</time></trkpt><trkpt lat="37.57046127319336" lon="126.9937515258789"><ele>24.200000762939453</ele><time>2026-04-04T23:21:41Z</time></trkpt><trkpt lat="37.57045364379883" lon="126.99378967285156"><ele>24.399999618530273</ele><time>2026-04-04T23:21:42Z</time></trkpt><trkpt lat="37.57046127319336" lon="126.99381256103516"><ele>24.399999618530273</ele><time>2026-04-04T23:21:43Z</time></trkpt><trkpt lat="37.57044982910156" lon="126.99385833740234"><ele>24.399999618530273</ele><time>2026-04-04T23:21:44Z</time></trkpt><trkpt lat="37.57045364379883" lon="126.99388122558594"><ele>24.399999618530273</ele><time>2026-04-04T23:21:45Z</time></trkpt><trkpt lat="37.57045364379883" lon="126.99391174316406"><ele>24.399999618530273</ele><time>2026-04-04T23:21:46Z</time></trkpt><trkpt lat="37.57044982910156" lon="126.99394226074219"><ele>24.399999618530273</ele><time>2026-04-04T23:21:47Z</time></trkpt><trkpt lat="37.5704460144043" lon="126.99397277832031"><ele>24.399999618530273</ele><time>2026-04-04T23:21:48Z</time></trkpt><trkpt lat="37.570438385009766" lon="126.99400329589844"><ele>24.399999618530273</ele><time>2026-04-04T23:21:49Z</time></trkpt><trkpt lat="37.5704345703125" lon="126.9940414428711"><ele>24.399999618530273</ele><time>2026-04-04T23:21:50Z</time></trkpt><trkpt lat="37.57042694091797" lon="126.99407196044922"><ele>24.399999618530273</ele><time>2026-04-04T23:21:51Z</time></trkpt><trkpt lat="37.570430755615234" lon="126.99410247802734"><ele>24.200000762939453</ele><time>2026-04-04T23:21:52Z</time></trkpt><trkpt lat="37.5704231262207" lon="126.994140625"><ele>24.200000762939453</ele><time>2026-04-04T23:21:53Z</time></trkpt><trkpt lat="37.57041931152344" lon="126.9941635131836"><ele>24.200000762939453</ele><time>2026-04-04T23:21:54Z</time></trkpt><trkpt lat="37.57041549682617" lon="126.99420928955078"><ele>24.200000762939453</ele><time>2026-04-04T23:21:55Z</time></trkpt><trkpt lat="37.57041549682617" lon="126.99423217773438"><ele>24.200000762939453</ele><time>2026-04-04T23:21:56Z</time></trkpt><trkpt lat="37.57041549682617" lon="126.99427032470703"><ele>24.200000762939453</ele><time>2026-04-04T23:21:57Z</time></trkpt><trkpt lat="37.57041931152344" lon="126.99429321289062"><ele>24.200000762939453</ele><time>2026-04-04T23:21:58Z</time></trkpt><trkpt lat="37.57041931152344" lon="126.99433135986328"><ele>24.200000762939453</ele><time>2026-04-04T23:21:59Z</time></trkpt><trkpt lat="37.57041549682617" lon="126.9943618774414"><ele>24.200000762939453</ele><time>2026-04-04T23:22:00Z</time></trkpt><trkpt lat="37.57041931152344" lon="126.99439239501953"><ele>24.200000762939453</ele><time>2026-04-04T23:22:01Z</time></trkpt><trkpt lat="37.57041931152344" lon="126.99442291259766"><ele>24.0</ele><time>2026-04-04T23:22:02Z</time></trkpt><trkpt lat="37.57041931152344" lon="126.99446105957031"><ele>24.0</ele><time>2026-04-04T23:22:03Z</time></trkpt><trkpt lat="37.57041931152344" lon="126.9944839477539"><ele>24.200000762939453</ele><time>2026-04-04T23:22:04Z</time></trkpt><trkpt lat="37.57041931152344" lon="126.99452209472656"><ele>24.200000762939453</ele><time>2026-04-04T23:22:05Z</time></trkpt><trkpt lat="37.57041931152344" lon="126.99455261230469"><ele>24.0</ele><time>2026-04-04T23:22:06Z</time></trkpt><trkpt lat="37.57041931152344" lon="126.99458312988281"><ele>24.0</ele><time>2026-04-04T23:22:07Z</time></trkpt><trkpt lat="37.5704231262207" lon="126.99461364746094"><ele>24.0</ele><time>2026-04-04T23:22:08Z</time></trkpt><trkpt lat="37.5704231262207" lon="126.9946517944336"><ele>24.0</ele><time>2026-04-04T23:22:09Z</time></trkpt><trkpt lat="37.5704231262207" lon="126.99468231201172"><ele>24.0</ele><time>2026-04-04T23:22:10Z</time></trkpt><trkpt lat="37.57042694091797" lon="126.99471282958984"><ele>24.0</ele><time>2026-04-04T23:22:11Z</time></trkpt><trkpt lat="37.57042694091797" lon="126.99474334716797"><ele>24.0</ele><time>2026-04-04T23:22:12Z</time></trkpt><trkpt lat="37.570430755615234" lon="126.9947738647461"><ele>24.0</ele><time>2026-04-04T23:22:13Z</time></trkpt><trkpt lat="37.57042694091797" lon="126.99481201171875"><ele>24.0</ele><time>2026-04-04T23:22:14Z</time></trkpt><trkpt lat="37.570430755615234" lon="126.99484252929688"><ele>24.0</ele><time>2026-04-04T23:22:15Z</time></trkpt><trkpt lat="37.5704345703125" lon="126.99488830566406"><ele>24.0</ele><time>2026-04-04T23:22:16Z</time></trkpt><trkpt lat="37.570438385009766" lon="126.99491882324219"><ele>24.0</ele><time>2026-04-04T23:22:17Z</time></trkpt><trkpt lat="37.57044219970703" lon="126.99495697021484"><ele>24.0</ele><time>2026-04-04T23:22:18Z</time></trkpt><trkpt lat="37.57044219970703" lon="126.99498748779297"><ele>24.0</ele><time>2026-04-04T23:22:19Z</time></trkpt><trkpt lat="37.5704460144043" lon="126.9950180053711"><ele>24.0</ele><time>2026-04-04T23:22:20Z</time></trkpt><trkpt lat="37.5704460144043" lon="126.99504852294922"><ele>23.799999237060547</ele><time>2026-04-04T23:22:21Z</time></trkpt><trkpt lat="37.57044982910156" lon="126.99507904052734"><ele>23.799999237060547</ele><time>2026-04-04T23:22:22Z</time></trkpt><trkpt lat="37.5704460144043" lon="126.9951171875"><ele>23.799999237060547</ele><time>2026-04-04T23:22:23Z</time></trkpt><trkpt lat="37.57045364379883" lon="126.99514770507812"><ele>23.799999237060547</ele><time>2026-04-04T23:22:24Z</time></trkpt><trkpt lat="37.57045364379883" lon="126.99518585205078"><ele>23.799999237060547</ele><time>2026-04-04T23:22:25Z</time></trkpt><trkpt lat="37.57046127319336" lon="126.99520874023438"><ele>24.0</ele><time>2026-04-04T23:22:26Z</time></trkpt><trkpt lat="37.57046890258789" lon="126.99524688720703"><ele>24.0</ele><time>2026-04-04T23:22:27Z</time></trkpt><trkpt lat="37.570472717285156" lon="126.99527740478516"><ele>24.0</ele><time>2026-04-04T23:22:28Z</time></trkpt><trkpt lat="37.57047653198242" lon="126.99530792236328"><ele>24.0</ele><time>2026-04-04T23:22:29Z</time></trkpt><trkpt lat="37.57047653198242" lon="126.9953384399414"><ele>24.0</ele><time>2026-04-04T23:22:30Z</time></trkpt><trkpt lat="37.57048797607422" lon="126.99537658691406"><ele>24.0</ele><time>2026-04-04T23:22:31Z</time></trkpt><trkpt lat="37.57048797607422" lon="126.99540710449219"><ele>24.0</ele><time>2026-04-04T23:22:32Z</time></trkpt><trkpt lat="37.570491790771484" lon="126.99544525146484"><ele>23.799999237060547</ele><time>2026-04-04T23:22:33Z</time></trkpt><trkpt lat="37.570491790771484" lon="126.99547576904297"><ele>24.0</ele><time>2026-04-04T23:22:34Z</time></trkpt><trkpt lat="37.57050323486328" lon="126.9955062866211"><ele>24.0</ele><time>2026-04-04T23:22:35Z</time></trkpt><trkpt lat="37.57050323486328" lon="126.99554443359375"><ele>24.0</ele><time>2026-04-04T23:22:36Z</time></trkpt><trkpt lat="37.57050323486328" lon="126.99556732177734"><ele>24.0</ele><time>2026-04-04T23:22:37Z</time></trkpt><trkpt lat="37.57050704956055" lon="126.99560546875"><ele>24.0</ele><time>2026-04-04T23:22:38Z</time></trkpt><trkpt lat="37.57050704956055" lon="126.99563598632812"><ele>23.799999237060547</ele><time>2026-04-04T23:22:39Z</time></trkpt><trkpt lat="37.57051086425781" lon="126.99566650390625"><ele>23.799999237060547</ele><time>2026-04-04T23:22:40Z</time></trkpt><trkpt lat="37.57051086425781" lon="126.99569702148438"><ele>23.799999237060547</ele><time>2026-04-04T23:22:41Z</time></trkpt><trkpt lat="37.570518493652344" lon="126.9957275390625"><ele>23.799999237060547</ele><time>2026-04-04T23:22:42Z</time></trkpt><trkpt lat="37.570518493652344" lon="126.99576568603516"><ele>23.799999237060547</ele><time>2026-04-04T23:22:43Z</time></trkpt><trkpt lat="37.57052230834961" lon="126.99579620361328"><ele>23.799999237060547</ele><time>2026-04-04T23:22:44Z</time></trkpt><trkpt lat="37.57052230834961" lon="126.9958267211914"><ele>23.600000381469727</ele><time>2026-04-04T23:22:45Z</time></trkpt><trkpt lat="37.570526123046875" lon="126.99586486816406"><ele>23.600000381469727</ele><time>2026-04-04T23:22:46Z</time></trkpt><trkpt lat="37.57052230834961" lon="126.99589538574219"><ele>23.600000381469727</ele><time>2026-04-04T23:22:47Z</time></trkpt><trkpt lat="37.570526123046875" lon="126.99592590332031"><ele>23.600000381469727</ele><time>2026-04-04T23:22:48Z</time></trkpt><trkpt lat="37.57052230834961" lon="126.99596405029297"><ele>23.600000381469727</ele><time>2026-04-04T23:22:49Z</time></trkpt><trkpt lat="37.570526123046875" lon="126.99598693847656"><ele>23.600000381469727</ele><time>2026-04-04T23:22:50Z</time></trkpt><trkpt lat="37.570526123046875" lon="126.99602508544922"><ele>23.600000381469727</ele><time>2026-04-04T23:22:51Z</time></trkpt><trkpt lat="37.57052993774414" lon="126.99604797363281"><ele>23.600000381469727</ele><time>2026-04-04T23:22:52Z</time></trkpt><trkpt lat="37.57052993774414" lon="126.99608612060547"><ele>23.600000381469727</ele><time>2026-04-04T23:22:53Z</time></trkpt><trkpt lat="37.570533752441406" lon="126.9961166381836"><ele>23.600000381469727</ele><time>2026-04-04T23:22:54Z</time></trkpt><trkpt lat="37.57053756713867" lon="126.99615478515625"><ele>23.600000381469727</ele><time>2026-04-04T23:22:55Z</time></trkpt><trkpt lat="37.570533752441406" lon="126.99618530273438"><ele>23.600000381469727</ele><time>2026-04-04T23:22:56Z</time></trkpt><trkpt lat="37.57053756713867" lon="126.99622344970703"><ele>23.399999618530273</ele><time>2026-04-04T23:22:57Z</time></trkpt><trkpt lat="37.570533752441406" lon="126.99625396728516"><ele>23.399999618530273</ele><time>2026-04-04T23:22:58Z</time></trkpt><trkpt lat="37.57053756713867" lon="126.99629211425781"><ele>23.399999618530273</ele><time>2026-04-04T23:22:59Z</time></trkpt><trkpt lat="37.57053756713867" lon="126.99632263183594"><ele>23.399999618530273</ele><time>2026-04-04T23:23:00Z</time></trkpt><trkpt lat="37.5705451965332" lon="126.99635314941406"><ele>23.399999618530273</ele><time>2026-04-04T23:23:01Z</time></trkpt><trkpt lat="37.57054901123047" lon="126.99639129638672"><ele>23.399999618530273</ele><time>2026-04-04T23:23:02Z</time></trkpt><trkpt lat="37.57054901123047" lon="126.99642181396484"><ele>23.399999618530273</ele><time>2026-04-04T23:23:03Z</time></trkpt><trkpt lat="37.570552825927734" lon="126.9964599609375"><ele>23.399999618530273</ele><time>2026-04-04T23:23:04Z</time></trkpt><trkpt lat="37.570552825927734" lon="126.99649047851562"><ele>23.399999618530273</ele><time>2026-04-04T23:23:05Z</time></trkpt><trkpt lat="37.570552825927734" lon="126.99652099609375"><ele>23.399999618530273</ele><time>2026-04-04T23:23:06Z</time></trkpt><trkpt lat="37.570552825927734" lon="126.99655151367188"><ele>23.399999618530273</ele><time>2026-04-04T23:23:07Z</time></trkpt><trkpt lat="37.570560455322266" lon="126.99658203125"><ele>23.399999618530273</ele><time>2026-04-04T23:23:08Z</time></trkpt><trkpt lat="37.570556640625" lon="126.99662017822266"><ele>23.399999618530273</ele><time>2026-04-04T23:23:09Z</time></trkpt><trkpt lat="37.57056427001953" lon="126.99664306640625"><ele>23.399999618530273</ele><time>2026-04-04T23:23:10Z</time></trkpt><trkpt lat="37.57056427001953" lon="126.99668884277344"><ele>23.399999618530273</ele><time>2026-04-04T23:23:11Z</time></trkpt><trkpt lat="37.5705680847168" lon="126.99671936035156"><ele>23.399999618530273</ele><time>2026-04-04T23:23:12Z</time></trkpt><trkpt lat="37.57057189941406" lon="126.99674987792969"><ele>23.399999618530273</ele><time>2026-04-04T23:23:13Z</time></trkpt><trkpt lat="37.57057189941406" lon="126.99678039550781"><ele>23.600000381469727</ele><time>2026-04-04T23:23:14Z</time></trkpt><trkpt lat="37.57057189941406" lon="126.9968032836914"><ele>23.600000381469727</ele><time>2026-04-04T23:23:15Z</time></trkpt><trkpt lat="37.57057189941406" lon="126.99683380126953"><ele>23.600000381469727</ele><time>2026-04-04T23:23:16Z</time></trkpt><trkpt lat="37.57057571411133" lon="126.99686431884766"><ele>23.600000381469727</ele><time>2026-04-04T23:23:17Z</time></trkpt><trkpt lat="37.57057189941406" lon="126.99689483642578"><ele>23.600000381469727</ele><time>2026-04-04T23:23:18Z</time></trkpt><trkpt lat="37.57057571411133" lon="126.9969253540039"><ele>23.399999618530273</ele><time>2026-04-04T23:23:19Z</time></trkpt><trkpt lat="37.570579528808594" lon="126.99696350097656"><ele>23.399999618530273</ele><time>2026-04-04T23:23:20Z</time></trkpt><trkpt lat="37.570579528808594" lon="126.99699401855469"><ele>23.200000762939453</ele><time>2026-04-04T23:23:21Z</time></trkpt><trkpt lat="37.57058334350586" lon="126.99702453613281"><ele>23.200000762939453</ele><time>2026-04-04T23:23:22Z</time></trkpt><trkpt lat="37.570587158203125" lon="126.99705505371094"><ele>23.200000762939453</ele><time>2026-04-04T23:23:23Z</time></trkpt><trkpt lat="37.570587158203125" lon="126.9970932006836"><ele>23.200000762939453</ele><time>2026-04-04T23:23:24Z</time></trkpt><trkpt lat="37.57059097290039" lon="126.99712371826172"><ele>23.200000762939453</ele><time>2026-04-04T23:23:25Z</time></trkpt><trkpt lat="37.57059097290039" lon="126.99715423583984"><ele>23.200000762939453</ele><time>2026-04-04T23:23:26Z</time></trkpt><trkpt lat="37.570594787597656" lon="126.99718475341797"><ele>23.200000762939453</ele><time>2026-04-04T23:23:27Z</time></trkpt><trkpt lat="37.57059860229492" lon="126.9972152709961"><ele>23.200000762939453</ele><time>2026-04-04T23:23:28Z</time></trkpt><trkpt lat="37.57059860229492" lon="126.99725341796875"><ele>23.200000762939453</ele><time>2026-04-04T23:23:29Z</time></trkpt><trkpt lat="37.57060241699219" lon="126.99728393554688"><ele>23.200000762939453</ele><time>2026-04-04T23:23:30Z</time></trkpt><trkpt lat="37.57060623168945" lon="126.99732208251953"><ele>23.200000762939453</ele><time>2026-04-04T23:23:31Z</time></trkpt><trkpt lat="37.570613861083984" lon="126.99735260009766"><ele>23.200000762939453</ele><time>2026-04-04T23:23:32Z</time></trkpt><trkpt lat="37.57061767578125" lon="126.99738311767578"><ele>23.200000762939453</ele><time>2026-04-04T23:23:33Z</time></trkpt><trkpt lat="37.57061767578125" lon="126.9974136352539"><ele>23.200000762939453</ele><time>2026-04-04T23:23:34Z</time></trkpt><trkpt lat="37.57061767578125" lon="126.99744415283203"><ele>23.200000762939453</ele><time>2026-04-04T23:23:35Z</time></trkpt><trkpt lat="37.57062911987305" lon="126.99747467041016"><ele>23.200000762939453</ele><time>2026-04-04T23:23:36Z</time></trkpt><trkpt lat="37.57062911987305" lon="126.99751281738281"><ele>23.200000762939453</ele><time>2026-04-04T23:23:37Z</time></trkpt><trkpt lat="37.57063674926758" lon="126.99754333496094"><ele>23.200000762939453</ele><time>2026-04-04T23:23:38Z</time></trkpt><trkpt lat="37.57063674926758" lon="126.99758911132812"><ele>23.200000762939453</ele><time>2026-04-04T23:23:39Z</time></trkpt><trkpt lat="37.570640563964844" lon="126.99761199951172"><ele>23.200000762939453</ele><time>2026-04-04T23:23:40Z</time></trkpt><trkpt lat="37.570648193359375" lon="126.9976577758789"><ele>23.200000762939453</ele><time>2026-04-04T23:23:41Z</time></trkpt><trkpt lat="37.57065200805664" lon="126.99768829345703"><ele>23.0</ele><time>2026-04-04T23:23:42Z</time></trkpt><trkpt lat="37.57065200805664" lon="126.99772644042969"><ele>23.0</ele><time>2026-04-04T23:23:43Z</time></trkpt><trkpt lat="37.57065200805664" lon="126.99774932861328"><ele>23.0</ele><time>2026-04-04T23:23:44Z</time></trkpt><trkpt lat="37.570655822753906" lon="126.99778747558594"><ele>23.200000762939453</ele><time>2026-04-04T23:23:45Z</time></trkpt><trkpt lat="37.570655822753906" lon="126.9978256225586"><ele>23.200000762939453</ele><time>2026-04-04T23:23:46Z</time></trkpt><trkpt lat="37.570655822753906" lon="126.99785614013672"><ele>23.200000762939453</ele><time>2026-04-04T23:23:47Z</time></trkpt><trkpt lat="37.570655822753906" lon="126.99789428710938"><ele>23.200000762939453</ele><time>2026-04-04T23:23:48Z</time></trkpt><trkpt lat="37.57066345214844" lon="126.9979248046875"><ele>23.200000762939453</ele><time>2026-04-04T23:23:49Z</time></trkpt><trkpt lat="37.57066345214844" lon="126.99797058105469"><ele>23.200000762939453</ele><time>2026-04-04T23:23:50Z</time></trkpt><trkpt lat="37.57067108154297" lon="126.99800109863281"><ele>23.200000762939453</ele><time>2026-04-04T23:23:51Z</time></trkpt><trkpt lat="37.57067108154297" lon="126.99803924560547"><ele>23.0</ele><time>2026-04-04T23:23:52Z</time></trkpt><trkpt lat="37.570682525634766" lon="126.9980697631836"><ele>23.0</ele><time>2026-04-04T23:23:53Z</time></trkpt><trkpt lat="37.5706901550293" lon="126.99810791015625"><ele>23.0</ele><time>2026-04-04T23:23:54Z</time></trkpt><trkpt lat="37.57068634033203" lon="126.99813842773438"><ele>22.799999237060547</ele><time>2026-04-04T23:23:55Z</time></trkpt><trkpt lat="37.57068634033203" lon="126.99817657470703"><ele>22.799999237060547</ele><time>2026-04-04T23:23:56Z</time></trkpt><trkpt lat="37.57068634033203" lon="126.99820709228516"><ele>22.799999237060547</ele><time>2026-04-04T23:23:57Z</time></trkpt><trkpt lat="37.57068634033203" lon="126.99823760986328"><ele>22.799999237060547</ele><time>2026-04-04T23:23:58Z</time></trkpt><trkpt lat="37.57068634033203" lon="126.9982681274414"><ele>22.799999237060547</ele><time>2026-04-04T23:23:59Z</time></trkpt><trkpt lat="37.5706901550293" lon="126.99829864501953"><ele>22.799999237060547</ele><time>2026-04-04T23:24:00Z</time></trkpt><trkpt lat="37.5706901550293" lon="126.99832916259766"><ele>22.799999237060547</ele><time>2026-04-04T23:24:01Z</time></trkpt><trkpt lat="37.57069396972656" lon="126.99835968017578"><ele>22.600000381469727</ele><time>2026-04-04T23:24:02Z</time></trkpt><trkpt lat="37.57069396972656" lon="126.99840545654297"><ele>22.600000381469727</ele><time>2026-04-04T23:24:03Z</time></trkpt><trkpt lat="37.570701599121094" lon="126.99842834472656"><ele>22.600000381469727</ele><time>2026-04-04T23:24:04Z</time></trkpt><trkpt lat="37.57070541381836" lon="126.99847412109375"><ele>22.600000381469727</ele><time>2026-04-04T23:24:05Z</time></trkpt><trkpt lat="37.570709228515625" lon="126.99849700927734"><ele>22.600000381469727</ele><time>2026-04-04T23:24:06Z</time></trkpt><trkpt lat="37.570709228515625" lon="126.99853515625"><ele>22.600000381469727</ele><time>2026-04-04T23:24:07Z</time></trkpt><trkpt lat="37.57070541381836" lon="126.9985580444336"><ele>22.600000381469727</ele><time>2026-04-04T23:24:08Z</time></trkpt><trkpt lat="37.570709228515625" lon="126.99859619140625"><ele>22.600000381469727</ele><time>2026-04-04T23:24:09Z</time></trkpt><trkpt lat="37.570709228515625" lon="126.99862670898438"><ele>22.600000381469727</ele><time>2026-04-04T23:24:10Z</time></trkpt><trkpt lat="37.57071304321289" lon="126.9986572265625"><ele>22.399999618530273</ele><time>2026-04-04T23:24:11Z</time></trkpt><trkpt lat="37.570709228515625" lon="126.99869537353516"><ele>22.399999618530273</ele><time>2026-04-04T23:24:12Z</time></trkpt><trkpt lat="37.570716857910156" lon="126.99872589111328"><ele>22.399999618530273</ele><time>2026-04-04T23:24:13Z</time></trkpt><trkpt lat="37.57072067260742" lon="126.99876403808594"><ele>22.399999618530273</ele><time>2026-04-04T23:24:14Z</time></trkpt><trkpt lat="37.57072830200195" lon="126.99879455566406"><ele>22.399999618530273</ele><time>2026-04-04T23:24:15Z</time></trkpt><trkpt lat="37.57073211669922" lon="126.99883270263672"><ele>22.399999618530273</ele><time>2026-04-04T23:24:16Z</time></trkpt><trkpt lat="37.57072830200195" lon="126.99885559082031"><ele>22.399999618530273</ele><time>2026-04-04T23:24:17Z</time></trkpt><trkpt lat="37.57072830200195" lon="126.99889373779297"><ele>22.399999618530273</ele><time>2026-04-04T23:24:18Z</time></trkpt><trkpt lat="37.57072830200195" lon="126.9989242553711"><ele>22.399999618530273</ele><time>2026-04-04T23:24:19Z</time></trkpt><trkpt lat="37.57072830200195" lon="126.99895477294922"><ele>22.399999618530273</ele><time>2026-04-04T23:24:20Z</time></trkpt><trkpt lat="37.57072830200195" lon="126.99898529052734"><ele>22.200000762939453</ele><time>2026-04-04T23:24:21Z</time></trkpt><trkpt lat="37.57073211669922" lon="126.99901580810547"><ele>22.200000762939453</ele><time>2026-04-04T23:24:22Z</time></trkpt><trkpt lat="37.57072830200195" lon="126.99905395507812"><ele>22.200000762939453</ele><time>2026-04-04T23:24:23Z</time></trkpt><trkpt lat="37.570735931396484" lon="126.99907684326172"><ele>22.200000762939453</ele><time>2026-04-04T23:24:24Z</time></trkpt><trkpt lat="37.57073974609375" lon="126.99911499023438"><ele>22.200000762939453</ele><time>2026-04-04T23:24:25Z</time></trkpt><trkpt lat="37.570743560791016" lon="126.99913787841797"><ele>22.200000762939453</ele><time>2026-04-04T23:24:26Z</time></trkpt><trkpt lat="37.570743560791016" lon="126.99917602539062"><ele>22.399999618530273</ele><time>2026-04-04T23:24:27Z</time></trkpt><trkpt lat="37.570743560791016" lon="126.99919891357422"><ele>22.200000762939453</ele><time>2026-04-04T23:24:28Z</time></trkpt><trkpt lat="37.570743560791016" lon="126.99922943115234"><ele>22.399999618530273</ele><time>2026-04-04T23:24:29Z</time></trkpt><trkpt lat="37.570743560791016" lon="126.99925994873047"><ele>22.399999618530273</ele><time>2026-04-04T23:24:30Z</time></trkpt><trkpt lat="37.57074737548828" lon="126.9992904663086"><ele>22.399999618530273</ele><time>2026-04-04T23:24:31Z</time></trkpt><trkpt lat="37.57075119018555" lon="126.99932861328125"><ele>22.399999618530273</ele><time>2026-04-04T23:24:32Z</time></trkpt><trkpt lat="37.57075500488281" lon="126.99935913085938"><ele>22.399999618530273</ele><time>2026-04-04T23:24:33Z</time></trkpt><trkpt lat="37.57075881958008" lon="126.9993896484375"><ele>22.399999618530273</ele><time>2026-04-04T23:24:34Z</time></trkpt><trkpt lat="37.57076644897461" lon="126.99942016601562"><ele>22.200000762939453</ele><time>2026-04-04T23:24:35Z</time></trkpt><trkpt lat="37.57077407836914" lon="126.99945831298828"><ele>22.200000762939453</ele><time>2026-04-04T23:24:36Z</time></trkpt><trkpt lat="37.570777893066406" lon="126.99948120117188"><ele>22.200000762939453</ele><time>2026-04-04T23:24:37Z</time></trkpt><trkpt lat="37.570777893066406" lon="126.99952697753906"><ele>22.200000762939453</ele><time>2026-04-04T23:24:38Z</time></trkpt><trkpt lat="37.57078170776367" lon="126.99954986572266"><ele>22.200000762939453</ele><time>2026-04-04T23:24:39Z</time></trkpt><trkpt lat="37.57078170776367" lon="126.99958801269531"><ele>22.200000762939453</ele><time>2026-04-04T23:24:40Z</time></trkpt><trkpt lat="37.570777893066406" lon="126.9996109008789"><ele>22.200000762939453</ele><time>2026-04-04T23:24:41Z</time></trkpt><trkpt lat="37.570777893066406" lon="126.99964904785156"><ele>22.200000762939453</ele><time>2026-04-04T23:24:42Z</time></trkpt><trkpt lat="37.570777893066406" lon="126.99967956542969"><ele>22.200000762939453</ele><time>2026-04-04T23:24:43Z</time></trkpt><trkpt lat="37.57078170776367" lon="126.99971771240234"><ele>22.200000762939453</ele><time>2026-04-04T23:24:44Z</time></trkpt><trkpt lat="37.570777893066406" lon="126.99974822998047"><ele>22.200000762939453</ele><time>2026-04-04T23:24:45Z</time></trkpt><trkpt lat="37.570777893066406" lon="126.99978637695312"><ele>22.0</ele><time>2026-04-04T23:24:46Z</time></trkpt><trkpt lat="37.57078552246094" lon="126.99981689453125"><ele>22.200000762939453</ele><time>2026-04-04T23:24:47Z</time></trkpt><trkpt lat="37.5707893371582" lon="126.9998550415039"><ele>22.200000762939453</ele><time>2026-04-04T23:24:48Z</time></trkpt><trkpt lat="37.5707893371582" lon="126.99988555908203"><ele>22.200000762939453</ele><time>2026-04-04T23:24:49Z</time></trkpt><trkpt lat="37.57079315185547" lon="126.99992370605469"><ele>22.200000762939453</ele><time>2026-04-04T23:24:50Z</time></trkpt><trkpt lat="37.57079315185547" lon="126.99995422363281"><ele>22.200000762939453</ele><time>2026-04-04T23:24:51Z</time></trkpt><trkpt lat="37.570796966552734" lon="127.0"><ele>22.0</ele><time>2026-04-04T23:24:52Z</time></trkpt><trkpt lat="37.5707893371582" lon="127.00003051757812"><ele>22.0</ele><time>2026-04-04T23:24:53Z</time></trkpt><trkpt lat="37.5707893371582" lon="127.00006866455078"><ele>22.0</ele><time>2026-04-04T23:24:54Z</time></trkpt><trkpt lat="37.5707893371582" lon="127.00010681152344"><ele>22.0</ele><time>2026-04-04T23:24:55Z</time></trkpt><trkpt lat="37.5707893371582" lon="127.00013732910156"><ele>22.0</ele><time>2026-04-04T23:24:56Z</time></trkpt><trkpt lat="37.57079315185547" lon="127.00017547607422"><ele>22.0</ele><time>2026-04-04T23:24:57Z</time></trkpt><trkpt lat="37.57079315185547" lon="127.00021362304688"><ele>22.0</ele><time>2026-04-04T23:24:58Z</time></trkpt><trkpt lat="37.57079315185547" lon="127.00025177001953"><ele>22.0</ele><time>2026-04-04T23:24:59Z</time></trkpt><trkpt lat="37.57080078125" lon="127.00028228759766"><ele>22.0</ele><time>2026-04-04T23:25:00Z</time></trkpt><trkpt lat="37.570804595947266" lon="127.00032043457031"><ele>22.0</ele><time>2026-04-04T23:25:01Z</time></trkpt><trkpt lat="37.57080841064453" lon="127.0003433227539"><ele>22.0</ele><time>2026-04-04T23:25:02Z</time></trkpt><trkpt lat="37.5708122253418" lon="127.0003890991211"><ele>22.0</ele><time>2026-04-04T23:25:03Z</time></trkpt><trkpt lat="37.57081985473633" lon="127.00041198730469"><ele>22.0</ele><time>2026-04-04T23:25:04Z</time></trkpt><trkpt lat="37.57081985473633" lon="127.00045776367188"><ele>22.0</ele><time>2026-04-04T23:25:05Z</time></trkpt><trkpt lat="37.57081604003906" lon="127.00048828125"><ele>22.0</ele><time>2026-04-04T23:25:06Z</time></trkpt><trkpt lat="37.57081604003906" lon="127.00052642822266"><ele>21.799999237060547</ele><time>2026-04-04T23:25:07Z</time></trkpt><trkpt lat="37.570823669433594" lon="127.00055694580078"><ele>21.799999237060547</ele><time>2026-04-04T23:25:08Z</time></trkpt><trkpt lat="37.570823669433594" lon="127.00059509277344"><ele>21.799999237060547</ele><time>2026-04-04T23:25:09Z</time></trkpt><trkpt lat="37.570823669433594" lon="127.00062561035156"><ele>21.799999237060547</ele><time>2026-04-04T23:25:10Z</time></trkpt><trkpt lat="37.57082748413086" lon="127.00065612792969"><ele>21.799999237060547</ele><time>2026-04-04T23:25:11Z</time></trkpt><trkpt lat="37.57082748413086" lon="127.00069427490234"><ele>21.600000381469727</ele><time>2026-04-04T23:25:12Z</time></trkpt><trkpt lat="37.57083511352539" lon="127.00072479248047"><ele>21.600000381469727</ele><time>2026-04-04T23:25:13Z</time></trkpt><trkpt lat="37.570838928222656" lon="127.00076293945312"><ele>21.600000381469727</ele><time>2026-04-04T23:25:14Z</time></trkpt><trkpt lat="37.57084655761719" lon="127.00078582763672"><ele>21.799999237060547</ele><time>2026-04-04T23:25:15Z</time></trkpt><trkpt lat="37.57084655761719" lon="127.00082397460938"><ele>21.799999237060547</ele><time>2026-04-04T23:25:16Z</time></trkpt><trkpt lat="37.57085418701172" lon="127.00084686279297"><ele>21.799999237060547</ele><time>2026-04-04T23:25:17Z</time></trkpt><trkpt lat="37.57085418701172" lon="127.00088500976562"><ele>22.0</ele><time>2026-04-04T23:25:18Z</time></trkpt><trkpt lat="37.57085037231445" lon="127.00090026855469"><ele>22.0</ele><time>2026-04-04T23:25:19Z</time></trkpt><trkpt lat="37.57085418701172" lon="127.00093841552734"><ele>22.0</ele><time>2026-04-04T23:25:20Z</time></trkpt><trkpt lat="37.57085418701172" lon="127.00096893310547"><ele>22.0</ele><time>2026-04-04T23:25:21Z</time></trkpt><trkpt lat="37.57085037231445" lon="127.00100708007812"><ele>22.0</ele><time>2026-04-04T23:25:22Z</time></trkpt><trkpt lat="37.57085037231445" lon="127.00103759765625"><ele>22.0</ele><time>2026-04-04T23:25:23Z</time></trkpt><trkpt lat="37.57085418701172" lon="127.0010757446289"><ele>22.0</ele><time>2026-04-04T23:25:24Z</time></trkpt><trkpt lat="37.570858001708984" lon="127.00110626220703"><ele>22.0</ele><time>2026-04-04T23:25:25Z</time></trkpt><trkpt lat="37.57086944580078" lon="127.00113677978516"><ele>22.0</ele><time>2026-04-04T23:25:26Z</time></trkpt><trkpt lat="37.57086944580078" lon="127.00117492675781"><ele>22.0</ele><time>2026-04-04T23:25:27Z</time></trkpt><trkpt lat="37.57087707519531" lon="127.00120544433594"><ele>22.200000762939453</ele><time>2026-04-04T23:25:28Z</time></trkpt><trkpt lat="37.57087707519531" lon="127.0012435913086"><ele>22.200000762939453</ele><time>2026-04-04T23:25:29Z</time></trkpt><trkpt lat="37.57087707519531" lon="127.00126647949219"><ele>22.200000762939453</ele><time>2026-04-04T23:25:30Z</time></trkpt><trkpt lat="37.57088088989258" lon="127.00131225585938"><ele>22.200000762939453</ele><time>2026-04-04T23:25:31Z</time></trkpt><trkpt lat="37.57088088989258" lon="127.0013427734375"><ele>22.200000762939453</ele><time>2026-04-04T23:25:32Z</time></trkpt><trkpt lat="37.57087707519531" lon="127.00137329101562"><ele>22.200000762939453</ele><time>2026-04-04T23:25:33Z</time></trkpt><trkpt lat="37.57087326049805" lon="127.00140380859375"><ele>22.399999618530273</ele><time>2026-04-04T23:25:34Z</time></trkpt><trkpt lat="37.57087707519531" lon="127.00143432617188"><ele>22.399999618530273</ele><time>2026-04-04T23:25:35Z</time></trkpt><trkpt lat="37.57088088989258" lon="127.00147247314453"><ele>22.200000762939453</ele><time>2026-04-04T23:25:36Z</time></trkpt><trkpt lat="37.57088851928711" lon="127.00149536132812"><ele>22.200000762939453</ele><time>2026-04-04T23:25:37Z</time></trkpt><trkpt lat="37.57088851928711" lon="127.00153350830078"><ele>22.0</ele><time>2026-04-04T23:25:38Z</time></trkpt><trkpt lat="37.570892333984375" lon="127.00155639648438"><ele>22.0</ele><time>2026-04-04T23:25:39Z</time></trkpt><trkpt lat="37.57089614868164" lon="127.00159454345703"><ele>22.0</ele><time>2026-04-04T23:25:40Z</time></trkpt><trkpt lat="37.57089614868164" lon="127.00162506103516"><ele>22.0</ele><time>2026-04-04T23:25:41Z</time></trkpt><trkpt lat="37.57090377807617" lon="127.00166320800781"><ele>22.0</ele><time>2026-04-04T23:25:42Z</time></trkpt><trkpt lat="37.57090377807617" lon="127.0016860961914"><ele>22.0</ele><time>2026-04-04T23:25:43Z</time></trkpt><trkpt lat="37.57090377807617" lon="127.00171661376953"><ele>22.0</ele><time>2026-04-04T23:25:44Z</time></trkpt><trkpt lat="37.57090759277344" lon="127.00174713134766"><ele>22.200000762939453</ele><time>2026-04-04T23:25:45Z</time></trkpt><trkpt lat="37.57090759277344" lon="127.00177001953125"><ele>22.200000762939453</ele><time>2026-04-04T23:25:46Z</time></trkpt><trkpt lat="37.57091522216797" lon="127.0018081665039"><ele>22.200000762939453</ele><time>2026-04-04T23:25:47Z</time></trkpt><trkpt lat="37.570919036865234" lon="127.00183868408203"><ele>22.399999618530273</ele><time>2026-04-04T23:25:48Z</time></trkpt><trkpt lat="37.5709228515625" lon="127.00186920166016"><ele>22.399999618530273</ele><time>2026-04-04T23:25:49Z</time></trkpt><trkpt lat="37.5709228515625" lon="127.00190734863281"><ele>22.399999618530273</ele><time>2026-04-04T23:25:50Z</time></trkpt><trkpt lat="37.5709228515625" lon="127.00193786621094"><ele>22.399999618530273</ele><time>2026-04-04T23:25:51Z</time></trkpt><trkpt lat="37.570926666259766" lon="127.00196838378906"><ele>22.399999618530273</ele><time>2026-04-04T23:25:52Z</time></trkpt><trkpt lat="37.57093048095703" lon="127.00199890136719"><ele>22.399999618530273</ele><time>2026-04-04T23:25:53Z</time></trkpt><trkpt lat="37.57093048095703" lon="127.00204467773438"><ele>22.399999618530273</ele><time>2026-04-04T23:25:54Z</time></trkpt><trkpt lat="37.57093811035156" lon="127.00206756591797"><ele>22.399999618530273</ele><time>2026-04-04T23:25:55Z</time></trkpt><trkpt lat="37.57093811035156" lon="127.00210571289062"><ele>22.399999618530273</ele><time>2026-04-04T23:25:56Z</time></trkpt><trkpt lat="37.57094192504883" lon="127.00213623046875"><ele>22.399999618530273</ele><time>2026-04-04T23:25:57Z</time></trkpt><trkpt lat="37.570945739746094" lon="127.0021743774414"><ele>22.399999618530273</ele><time>2026-04-04T23:25:58Z</time></trkpt><trkpt lat="37.57094955444336" lon="127.00220489501953"><ele>22.200000762939453</ele><time>2026-04-04T23:25:59Z</time></trkpt><trkpt lat="37.57095718383789" lon="127.00223541259766"><ele>22.200000762939453</ele><time>2026-04-04T23:26:00Z</time></trkpt><trkpt lat="37.570953369140625" lon="127.00225830078125"><ele>22.0</ele><time>2026-04-04T23:26:01Z</time></trkpt><trkpt lat="37.570953369140625" lon="127.00228881835938"><ele>22.0</ele><time>2026-04-04T23:26:02Z</time></trkpt><trkpt lat="37.570945739746094" lon="127.0023193359375"><ele>21.799999237060547</ele><time>2026-04-04T23:26:03Z</time></trkpt><trkpt lat="37.57094955444336" lon="127.00234985351562"><ele>21.799999237060547</ele><time>2026-04-04T23:26:04Z</time></trkpt><trkpt lat="37.570945739746094" lon="127.00238037109375"><ele>21.799999237060547</ele><time>2026-04-04T23:26:05Z</time></trkpt><trkpt lat="37.570953369140625" lon="127.00240325927734"><ele>21.799999237060547</ele><time>2026-04-04T23:26:06Z</time></trkpt><trkpt lat="37.570953369140625" lon="127.00244140625"><ele>21.600000381469727</ele><time>2026-04-04T23:26:07Z</time></trkpt><trkpt lat="37.570953369140625" lon="127.0024642944336"><ele>21.799999237060547</ele><time>2026-04-04T23:26:08Z</time></trkpt><trkpt lat="37.57094955444336" lon="127.00250244140625"><ele>21.600000381469727</ele><time>2026-04-04T23:26:09Z</time></trkpt><trkpt lat="37.57094955444336" lon="127.00253295898438"><ele>21.600000381469727</ele><time>2026-04-04T23:26:10Z</time></trkpt><trkpt lat="37.570945739746094" lon="127.0025634765625"><ele>21.600000381469727</ele><time>2026-04-04T23:26:11Z</time></trkpt><trkpt lat="37.57094192504883" lon="127.00259399414062"><ele>21.399999618530273</ele><time>2026-04-04T23:26:12Z</time></trkpt><trkpt lat="37.57093811035156" lon="127.00262451171875"><ele>21.399999618530273</ele><time>2026-04-04T23:26:13Z</time></trkpt><trkpt lat="37.57093048095703" lon="127.0026626586914"><ele>21.399999618530273</ele><time>2026-04-04T23:26:14Z</time></trkpt><trkpt lat="37.5709342956543" lon="127.00269317626953"><ele>21.399999618530273</ele><time>2026-04-04T23:26:15Z</time></trkpt><trkpt lat="37.57093811035156" lon="127.00273132324219"><ele>21.399999618530273</ele><time>2026-04-04T23:26:16Z</time></trkpt><trkpt lat="37.57094192504883" lon="127.00275421142578"><ele>21.600000381469727</ele><time>2026-04-04T23:26:17Z</time></trkpt><trkpt lat="37.57094955444336" lon="127.00279235839844"><ele>21.600000381469727</ele><time>2026-04-04T23:26:18Z</time></trkpt><trkpt lat="37.57095718383789" lon="127.00281524658203"><ele>21.600000381469727</ele><time>2026-04-04T23:26:19Z</time></trkpt><trkpt lat="37.57095718383789" lon="127.00285339355469"><ele>21.399999618530273</ele><time>2026-04-04T23:26:20Z</time></trkpt><trkpt lat="37.570960998535156" lon="127.00287628173828"><ele>21.399999618530273</ele><time>2026-04-04T23:26:21Z</time></trkpt><trkpt lat="37.57096862792969" lon="127.00292205810547"><ele>21.399999618530273</ele><time>2026-04-04T23:26:22Z</time></trkpt><trkpt lat="37.57097625732422" lon="127.00294494628906"><ele>21.399999618530273</ele><time>2026-04-04T23:26:23Z</time></trkpt><trkpt lat="37.57096862792969" lon="127.00298309326172"><ele>21.399999618530273</ele><time>2026-04-04T23:26:24Z</time></trkpt><trkpt lat="37.57097244262695" lon="127.00301361083984"><ele>21.399999618530273</ele><time>2026-04-04T23:26:25Z</time></trkpt><trkpt lat="37.57097625732422" lon="127.0030517578125"><ele>21.399999618530273</ele><time>2026-04-04T23:26:26Z</time></trkpt><trkpt lat="37.570980072021484" lon="127.0030746459961"><ele>21.399999618530273</ele><time>2026-04-04T23:26:27Z</time></trkpt><trkpt lat="37.570980072021484" lon="127.00312042236328"><ele>21.399999618530273</ele><time>2026-04-04T23:26:28Z</time></trkpt><trkpt lat="37.570987701416016" lon="127.00314331054688"><ele>21.399999618530273</ele><time>2026-04-04T23:26:29Z</time></trkpt><trkpt lat="37.570987701416016" lon="127.00318908691406"><ele>21.399999618530273</ele><time>2026-04-04T23:26:30Z</time></trkpt><trkpt lat="37.570987701416016" lon="127.00320434570312"><ele>21.399999618530273</ele><time>2026-04-04T23:26:31Z</time></trkpt><trkpt lat="37.570987701416016" lon="127.00325775146484"><ele>21.399999618530273</ele><time>2026-04-04T23:26:32Z</time></trkpt><trkpt lat="37.57099151611328" lon="127.00328063964844"><ele>21.399999618530273</ele><time>2026-04-04T23:26:33Z</time></trkpt><trkpt lat="37.57099151611328" lon="127.00333404541016"><ele>21.399999618530273</ele><time>2026-04-04T23:26:34Z</time></trkpt><trkpt lat="37.57099533081055" lon="127.00336456298828"><ele>21.399999618530273</ele><time>2026-04-04T23:26:35Z</time></trkpt><trkpt lat="37.57099151611328" lon="127.00341033935547"><ele>21.399999618530273</ele><time>2026-04-04T23:26:36Z</time></trkpt><trkpt lat="37.57099151611328" lon="127.0034408569336"><ele>21.200000762939453</ele><time>2026-04-04T23:26:37Z</time></trkpt><trkpt lat="37.57099151611328" lon="127.00348663330078"><ele>21.200000762939453</ele><time>2026-04-04T23:26:38Z</time></trkpt><trkpt lat="37.57099533081055" lon="127.0035171508789"><ele>21.200000762939453</ele><time>2026-04-04T23:26:39Z</time></trkpt><trkpt lat="37.570987701416016" lon="127.00355529785156"><ele>21.200000762939453</ele><time>2026-04-04T23:26:40Z</time></trkpt><trkpt lat="37.570987701416016" lon="127.00358581542969"><ele>21.200000762939453</ele><time>2026-04-04T23:26:41Z</time></trkpt><trkpt lat="37.57098388671875" lon="127.00363159179688"><ele>21.399999618530273</ele><time>2026-04-04T23:26:42Z</time></trkpt><trkpt lat="37.570987701416016" lon="127.003662109375"><ele>21.399999618530273</ele><time>2026-04-04T23:26:43Z</time></trkpt><trkpt lat="37.57098388671875" lon="127.00370025634766"><ele>21.399999618530273</ele><time>2026-04-04T23:26:44Z</time></trkpt><trkpt lat="37.57098388671875" lon="127.00373077392578"><ele>21.399999618530273</ele><time>2026-04-04T23:26:45Z</time></trkpt><trkpt lat="37.57098388671875" lon="127.00376892089844"><ele>21.200000762939453</ele><time>2026-04-04T23:26:46Z</time></trkpt><trkpt lat="37.570987701416016" lon="127.00379943847656"><ele>21.0</ele><time>2026-04-04T23:26:47Z</time></trkpt><trkpt lat="37.57098388671875" lon="127.00383758544922"><ele>21.0</ele><time>2026-04-04T23:26:48Z</time></trkpt><trkpt lat="37.570987701416016" lon="127.00387573242188"><ele>21.0</ele><time>2026-04-04T23:26:49Z</time></trkpt><trkpt lat="37.57098388671875" lon="127.00390625"><ele>21.0</ele><time>2026-04-04T23:26:50Z</time></trkpt><trkpt lat="37.570987701416016" lon="127.00394439697266"><ele>21.0</ele><time>2026-04-04T23:26:51Z</time></trkpt><trkpt lat="37.570987701416016" lon="127.00397491455078"><ele>21.0</ele><time>2026-04-04T23:26:52Z</time></trkpt><trkpt lat="37.57099533081055" lon="127.0040054321289"><ele>21.0</ele><time>2026-04-04T23:26:53Z</time></trkpt><trkpt lat="37.57099533081055" lon="127.00404357910156"><ele>20.799999237060547</ele><time>2026-04-04T23:26:54Z</time></trkpt><trkpt lat="37.57099914550781" lon="127.00407409667969"><ele>20.799999237060547</ele><time>2026-04-04T23:26:55Z</time></trkpt><trkpt lat="37.57099533081055" lon="127.00411224365234"><ele>21.0</ele><time>2026-04-04T23:26:56Z</time></trkpt><trkpt lat="37.57099914550781" lon="127.00413513183594"><ele>21.0</ele><time>2026-04-04T23:26:57Z</time></trkpt><trkpt lat="37.57099533081055" lon="127.00418090820312"><ele>21.0</ele><time>2026-04-04T23:26:58Z</time></trkpt><trkpt lat="37.57099533081055" lon="127.00420379638672"><ele>21.0</ele><time>2026-04-04T23:26:59Z</time></trkpt><trkpt lat="37.57099533081055" lon="127.00423431396484"><ele>21.0</ele><time>2026-04-04T23:27:00Z</time></trkpt><trkpt lat="37.57099533081055" lon="127.0042724609375"><ele>21.0</ele><time>2026-04-04T23:27:01Z</time></trkpt><trkpt lat="37.57099533081055" lon="127.00430297851562"><ele>20.799999237060547</ele><time>2026-04-04T23:27:02Z</time></trkpt><trkpt lat="37.57099533081055" lon="127.00434112548828"><ele>20.799999237060547</ele><time>2026-04-04T23:27:03Z</time></trkpt><trkpt lat="37.57099914550781" lon="127.00436401367188"><ele>20.799999237060547</ele><time>2026-04-04T23:27:04Z</time></trkpt><trkpt lat="37.57099151611328" lon="127.00440216064453"><ele>21.0</ele><time>2026-04-04T23:27:05Z</time></trkpt><trkpt lat="37.570987701416016" lon="127.00442504882812"><ele>21.0</ele><time>2026-04-04T23:27:06Z</time></trkpt><trkpt lat="37.570980072021484" lon="127.00447082519531"><ele>21.0</ele><time>2026-04-04T23:27:07Z</time></trkpt><trkpt lat="37.57097625732422" lon="127.0044937133789"><ele>21.0</ele><time>2026-04-04T23:27:08Z</time></trkpt><trkpt lat="37.57097244262695" lon="127.00452423095703"><ele>21.0</ele><time>2026-04-04T23:27:09Z</time></trkpt><trkpt lat="37.57097625732422" lon="127.00456237792969"><ele>21.0</ele><time>2026-04-04T23:27:10Z</time></trkpt><trkpt lat="37.570980072021484" lon="127.00459289550781"><ele>21.0</ele><time>2026-04-04T23:27:11Z</time></trkpt><trkpt lat="37.570980072021484" lon="127.0046157836914"><ele>21.0</ele><time>2026-04-04T23:27:12Z</time></trkpt><trkpt lat="37.57098388671875" lon="127.00465393066406"><ele>21.0</ele><time>2026-04-04T23:27:13Z</time></trkpt><trkpt lat="37.570980072021484" lon="127.00468444824219"><ele>20.799999237060547</ele><time>2026-04-04T23:27:14Z</time></trkpt><trkpt lat="37.57097625732422" lon="127.00472259521484"><ele>20.799999237060547</ele><time>2026-04-04T23:27:15Z</time></trkpt><trkpt lat="37.57097244262695" lon="127.00475311279297"><ele>20.600000381469727</ele><time>2026-04-04T23:27:16Z</time></trkpt><trkpt lat="37.57096481323242" lon="127.00479888916016"><ele>20.600000381469727</ele><time>2026-04-04T23:27:17Z</time></trkpt><trkpt lat="37.570960998535156" lon="127.00482940673828"><ele>20.600000381469727</ele><time>2026-04-04T23:27:18Z</time></trkpt><trkpt lat="37.57095718383789" lon="127.00487518310547"><ele>20.600000381469727</ele><time>2026-04-04T23:27:19Z</time></trkpt><trkpt lat="37.57095718383789" lon="127.0049057006836"><ele>20.600000381469727</ele><time>2026-04-04T23:27:20Z</time></trkpt><trkpt lat="37.570953369140625" lon="127.00495147705078"><ele>20.600000381469727</ele><time>2026-04-04T23:27:21Z</time></trkpt><trkpt lat="37.57095718383789" lon="127.0049819946289"><ele>20.600000381469727</ele><time>2026-04-04T23:27:22Z</time></trkpt><trkpt lat="37.57095718383789" lon="127.00502014160156"><ele>20.600000381469727</ele><time>2026-04-04T23:27:23Z</time></trkpt><trkpt lat="37.57095718383789" lon="127.00504302978516"><ele>20.600000381469727</ele><time>2026-04-04T23:27:24Z</time></trkpt><trkpt lat="37.570960998535156" lon="127.00508880615234"><ele>20.600000381469727</ele><time>2026-04-04T23:27:25Z</time></trkpt><trkpt lat="37.570960998535156" lon="127.00511932373047"><ele>20.600000381469727</ele><time>2026-04-04T23:27:26Z</time></trkpt><trkpt lat="37.570960998535156" lon="127.00515747070312"><ele>20.600000381469727</ele><time>2026-04-04T23:27:27Z</time></trkpt><trkpt lat="37.57096481323242" lon="127.00518798828125"><ele>20.600000381469727</ele><time>2026-04-04T23:27:28Z</time></trkpt><trkpt lat="37.57096481323242" lon="127.0052261352539"><ele>20.600000381469727</ele><time>2026-04-04T23:27:29Z</time></trkpt><trkpt lat="37.570960998535156" lon="127.0052490234375"><ele>20.600000381469727</ele><time>2026-04-04T23:27:30Z</time></trkpt><trkpt lat="37.570960998535156" lon="127.00528717041016"><ele>20.799999237060547</ele><time>2026-04-04T23:27:31Z</time></trkpt><trkpt lat="37.57096481323242" lon="127.00531768798828"><ele>20.799999237060547</ele><time>2026-04-04T23:27:32Z</time></trkpt><trkpt lat="37.57096481323242" lon="127.0053482055664"><ele>20.600000381469727</ele><time>2026-04-04T23:27:33Z</time></trkpt><trkpt lat="37.57096862792969" lon="127.00537872314453"><ele>20.600000381469727</ele><time>2026-04-04T23:27:34Z</time></trkpt><trkpt lat="37.57097244262695" lon="127.00540924072266"><ele>20.600000381469727</ele><time>2026-04-04T23:27:35Z</time></trkpt><trkpt lat="37.57097244262695" lon="127.00544738769531"><ele>20.600000381469727</ele><time>2026-04-04T23:27:36Z</time></trkpt><trkpt lat="37.57097244262695" lon="127.00547790527344"><ele>20.600000381469727</ele><time>2026-04-04T23:27:37Z</time></trkpt><trkpt lat="37.57097244262695" lon="127.0055160522461"><ele>20.799999237060547</ele><time>2026-04-04T23:27:38Z</time></trkpt><trkpt lat="37.57097625732422" lon="127.00555419921875"><ele>20.799999237060547</ele><time>2026-04-04T23:27:39Z</time></trkpt><trkpt lat="37.57097625732422" lon="127.00558471679688"><ele>20.799999237060547</ele><time>2026-04-04T23:27:40Z</time></trkpt><trkpt lat="37.570980072021484" lon="127.005615234375"><ele>21.0</ele><time>2026-04-04T23:27:41Z</time></trkpt><trkpt lat="37.57098388671875" lon="127.00564575195312"><ele>21.0</ele><time>2026-04-04T23:27:42Z</time></trkpt><trkpt lat="37.570980072021484" lon="127.00567626953125"><ele>21.0</ele><time>2026-04-04T23:27:43Z</time></trkpt><trkpt lat="37.57098388671875" lon="127.00570678710938"><ele>21.0</ele><time>2026-04-04T23:27:44Z</time></trkpt><trkpt lat="37.570987701416016" lon="127.0057373046875"><ele>20.799999237060547</ele><time>2026-04-04T23:27:45Z</time></trkpt><trkpt lat="37.570987701416016" lon="127.00576782226562"><ele>20.799999237060547</ele><time>2026-04-04T23:27:46Z</time></trkpt><trkpt lat="37.570987701416016" lon="127.00580596923828"><ele>20.799999237060547</ele><time>2026-04-04T23:27:47Z</time></trkpt><trkpt lat="37.57099533081055" lon="127.0058364868164"><ele>20.799999237060547</ele><time>2026-04-04T23:27:48Z</time></trkpt><trkpt lat="37.57099533081055" lon="127.00587463378906"><ele>20.799999237060547</ele><time>2026-04-04T23:27:49Z</time></trkpt><trkpt lat="37.57099914550781" lon="127.00590515136719"><ele>20.799999237060547</ele><time>2026-04-04T23:27:50Z</time></trkpt><trkpt lat="37.57099914550781" lon="127.00594329833984"><ele>20.799999237060547</ele><time>2026-04-04T23:27:51Z</time></trkpt><trkpt lat="37.571006774902344" lon="127.00596618652344"><ele>20.799999237060547</ele><time>2026-04-04T23:27:52Z</time></trkpt><trkpt lat="37.57100296020508" lon="127.0060043334961"><ele>20.799999237060547</ele><time>2026-04-04T23:27:53Z</time></trkpt><trkpt lat="37.57100296020508" lon="127.00603485107422"><ele>20.799999237060547</ele><time>2026-04-04T23:27:54Z</time></trkpt><trkpt lat="37.57100296020508" lon="127.00606536865234"><ele>20.799999237060547</ele><time>2026-04-04T23:27:55Z</time></trkpt><trkpt lat="37.57099914550781" lon="127.00608825683594"><ele>20.799999237060547</ele><time>2026-04-04T23:27:56Z</time></trkpt><trkpt lat="37.57099533081055" lon="127.0061264038086"><ele>20.799999237060547</ele><time>2026-04-04T23:27:57Z</time></trkpt><trkpt lat="37.57099533081055" lon="127.00615692138672"><ele>20.799999237060547</ele><time>2026-04-04T23:27:58Z</time></trkpt><trkpt lat="37.57099914550781" lon="127.00619506835938"><ele>20.799999237060547</ele><time>2026-04-04T23:27:59Z</time></trkpt><trkpt lat="37.57099914550781" lon="127.00623321533203"><ele>20.799999237060547</ele><time>2026-04-04T23:28:00Z</time></trkpt><trkpt lat="37.57101058959961" lon="127.00626373291016"><ele>20.799999237060547</ele><time>2026-04-04T23:28:01Z</time></trkpt><trkpt lat="37.57101058959961" lon="127.00630187988281"><ele>20.799999237060547</ele><time>2026-04-04T23:28:02Z</time></trkpt><trkpt lat="37.571014404296875" lon="127.00633239746094"><ele>20.799999237060547</ele><time>2026-04-04T23:28:03Z</time></trkpt><trkpt lat="37.57101821899414" lon="127.0063705444336"><ele>20.600000381469727</ele><time>2026-04-04T23:28:04Z</time></trkpt><trkpt lat="37.57101821899414" lon="127.00639343261719"><ele>20.600000381469727</ele><time>2026-04-04T23:28:05Z</time></trkpt><trkpt lat="37.57101821899414" lon="127.00643157958984"><ele>20.799999237060547</ele><time>2026-04-04T23:28:06Z</time></trkpt><trkpt lat="37.57101821899414" lon="127.00645446777344"><ele>20.799999237060547</ele><time>2026-04-04T23:28:07Z</time></trkpt><trkpt lat="37.57101821899414" lon="127.0064926147461"><ele>20.799999237060547</ele><time>2026-04-04T23:28:08Z</time></trkpt><trkpt lat="37.571014404296875" lon="127.00652313232422"><ele>20.799999237060547</ele><time>2026-04-04T23:28:09Z</time></trkpt><trkpt lat="37.57101821899414" lon="127.00655364990234"><ele>20.799999237060547</ele><time>2026-04-04T23:28:10Z</time></trkpt><trkpt lat="37.57101821899414" lon="127.006591796875"><ele>20.799999237060547</ele><time>2026-04-04T23:28:11Z</time></trkpt><trkpt lat="37.571022033691406" lon="127.0066146850586"><ele>20.600000381469727</ele><time>2026-04-04T23:28:12Z</time></trkpt><trkpt lat="37.571022033691406" lon="127.00664520263672"><ele>20.600000381469727</ele><time>2026-04-04T23:28:13Z</time></trkpt><trkpt lat="37.57102584838867" lon="127.00667572021484"><ele>20.799999237060547</ele><time>2026-04-04T23:28:14Z</time></trkpt><trkpt lat="37.5710334777832" lon="127.00670623779297"><ele>20.799999237060547</ele><time>2026-04-04T23:28:15Z</time></trkpt><trkpt lat="37.571041107177734" lon="127.00674438476562"><ele>20.799999237060547</ele><time>2026-04-04T23:28:16Z</time></trkpt><trkpt lat="37.571048736572266" lon="127.00676727294922"><ele>20.799999237060547</ele><time>2026-04-04T23:28:17Z</time></trkpt><trkpt lat="37.571048736572266" lon="127.00680541992188"><ele>20.799999237060547</ele><time>2026-04-04T23:28:18Z</time></trkpt><trkpt lat="37.57105255126953" lon="127.00682830810547"><ele>20.600000381469727</ele><time>2026-04-04T23:28:19Z</time></trkpt><trkpt lat="37.571048736572266" lon="127.00686645507812"><ele>20.600000381469727</ele><time>2026-04-04T23:28:20Z</time></trkpt><trkpt lat="37.571044921875" lon="127.00689697265625"><ele>20.399999618530273</ele><time>2026-04-04T23:28:21Z</time></trkpt><trkpt lat="37.571044921875" lon="127.0069351196289"><ele>20.399999618530273</ele><time>2026-04-04T23:28:22Z</time></trkpt><trkpt lat="37.571041107177734" lon="127.00696563720703"><ele>20.399999618530273</ele><time>2026-04-04T23:28:23Z</time></trkpt><trkpt lat="37.571041107177734" lon="127.00700378417969"><ele>20.399999618530273</ele><time>2026-04-04T23:28:24Z</time></trkpt><trkpt lat="37.571041107177734" lon="127.00703430175781"><ele>20.399999618530273</ele><time>2026-04-04T23:28:25Z</time></trkpt><trkpt lat="37.571048736572266" lon="127.00706481933594"><ele>20.600000381469727</ele><time>2026-04-04T23:28:26Z</time></trkpt><trkpt lat="37.571044921875" lon="127.00709533691406"><ele>20.600000381469727</ele><time>2026-04-04T23:28:27Z</time></trkpt><trkpt lat="37.571048736572266" lon="127.00712585449219"><ele>20.600000381469727</ele><time>2026-04-04T23:28:28Z</time></trkpt><trkpt lat="37.571048736572266" lon="127.00717163085938"><ele>20.600000381469727</ele><time>2026-04-04T23:28:29Z</time></trkpt><trkpt lat="37.571048736572266" lon="127.00719451904297"><ele>20.600000381469727</ele><time>2026-04-04T23:28:30Z</time></trkpt><trkpt lat="37.571048736572266" lon="127.00723266601562"><ele>20.799999237060547</ele><time>2026-04-04T23:28:31Z</time></trkpt><trkpt lat="37.571044921875" lon="127.00725555419922"><ele>20.799999237060547</ele><time>2026-04-04T23:28:32Z</time></trkpt><trkpt lat="37.571044921875" lon="127.00729370117188"><ele>20.799999237060547</ele><time>2026-04-04T23:28:33Z</time></trkpt><trkpt lat="37.571044921875" lon="127.00732421875"><ele>20.799999237060547</ele><time>2026-04-04T23:28:34Z</time></trkpt><trkpt lat="37.57105255126953" lon="127.00735473632812"><ele>20.799999237060547</ele><time>2026-04-04T23:28:35Z</time></trkpt><trkpt lat="37.57105255126953" lon="127.00739288330078"><ele>20.799999237060547</ele><time>2026-04-04T23:28:36Z</time></trkpt><trkpt lat="37.5710563659668" lon="127.0074234008789"><ele>20.799999237060547</ele><time>2026-04-04T23:28:37Z</time></trkpt><trkpt lat="37.57106018066406" lon="127.00745391845703"><ele>20.799999237060547</ele><time>2026-04-04T23:28:38Z</time></trkpt><trkpt lat="37.571067810058594" lon="127.00747680664062"><ele>20.799999237060547</ele><time>2026-04-04T23:28:39Z</time></trkpt><trkpt lat="37.57106399536133" lon="127.00751495361328"><ele>20.799999237060547</ele><time>2026-04-04T23:28:40Z</time></trkpt><trkpt lat="37.571067810058594" lon="127.00753021240234"><ele>20.799999237060547</ele><time>2026-04-04T23:28:41Z</time></trkpt><trkpt lat="37.57106399536133" lon="127.00756072998047"><ele>20.799999237060547</ele><time>2026-04-04T23:28:42Z</time></trkpt><trkpt lat="37.57106399536133" lon="127.0075912475586"><ele>20.799999237060547</ele><time>2026-04-04T23:28:43Z</time></trkpt><trkpt lat="37.57106018066406" lon="127.00762176513672"><ele>20.799999237060547</ele><time>2026-04-04T23:28:44Z</time></trkpt><trkpt lat="37.5710563659668" lon="127.00765991210938"><ele>21.0</ele><time>2026-04-04T23:28:45Z</time></trkpt><trkpt lat="37.57106018066406" lon="127.00768280029297"><ele>20.799999237060547</ele><time>2026-04-04T23:28:46Z</time></trkpt><trkpt lat="37.57105255126953" lon="127.00772857666016"><ele>20.799999237060547</ele><time>2026-04-04T23:28:47Z</time></trkpt><trkpt lat="37.571048736572266" lon="127.00775146484375"><ele>20.799999237060547</ele><time>2026-04-04T23:28:48Z</time></trkpt><trkpt lat="37.571044921875" lon="127.0077896118164"><ele>20.799999237060547</ele><time>2026-04-04T23:28:49Z</time></trkpt><trkpt lat="37.571044921875" lon="127.0078125"><ele>20.799999237060547</ele><time>2026-04-04T23:28:50Z</time></trkpt><trkpt lat="37.571044921875" lon="127.00785827636719"><ele>20.799999237060547</ele><time>2026-04-04T23:28:51Z</time></trkpt><trkpt lat="37.571044921875" lon="127.00788879394531"><ele>20.799999237060547</ele><time>2026-04-04T23:28:52Z</time></trkpt><trkpt lat="37.571041107177734" lon="127.00791931152344"><ele>21.0</ele><time>2026-04-04T23:28:53Z</time></trkpt><trkpt lat="37.57103729248047" lon="127.00794219970703"><ele>20.799999237060547</ele><time>2026-04-04T23:28:54Z</time></trkpt><trkpt lat="37.57103729248047" lon="127.00798034667969"><ele>20.799999237060547</ele><time>2026-04-04T23:28:55Z</time></trkpt><trkpt lat="37.57103729248047" lon="127.00801086425781"><ele>20.799999237060547</ele><time>2026-04-04T23:28:56Z</time></trkpt><trkpt lat="37.57103729248047" lon="127.00804138183594"><ele>20.799999237060547</ele><time>2026-04-04T23:28:57Z</time></trkpt><trkpt lat="37.5710334777832" lon="127.0080795288086"><ele>20.799999237060547</ele><time>2026-04-04T23:28:58Z</time></trkpt><trkpt lat="37.57103729248047" lon="127.00811004638672"><ele>20.799999237060547</ele><time>2026-04-04T23:28:59Z</time></trkpt><trkpt lat="37.5710334777832" lon="127.00814056396484"><ele>20.799999237060547</ele><time>2026-04-04T23:29:00Z</time></trkpt><trkpt lat="37.5710334777832" lon="127.00817108154297"><ele>20.799999237060547</ele><time>2026-04-04T23:29:01Z</time></trkpt><trkpt lat="37.5710334777832" lon="127.00820922851562"><ele>20.600000381469727</ele><time>2026-04-04T23:29:02Z</time></trkpt><trkpt lat="37.57102966308594" lon="127.00823211669922"><ele>20.600000381469727</ele><time>2026-04-04T23:29:03Z</time></trkpt><trkpt lat="37.57102966308594" lon="127.00827026367188"><ele>20.600000381469727</ele><time>2026-04-04T23:29:04Z</time></trkpt><trkpt lat="37.57102966308594" lon="127.00830841064453"><ele>20.799999237060547</ele><time>2026-04-04T23:29:05Z</time></trkpt><trkpt lat="37.57102966308594" lon="127.00833892822266"><ele>20.799999237060547</ele><time>2026-04-04T23:29:06Z</time></trkpt><trkpt lat="37.57102966308594" lon="127.00836944580078"><ele>20.799999237060547</ele><time>2026-04-04T23:29:07Z</time></trkpt><trkpt lat="37.57103729248047" lon="127.0083999633789"><ele>20.799999237060547</ele><time>2026-04-04T23:29:08Z</time></trkpt><trkpt lat="37.5710334777832" lon="127.00843811035156"><ele>20.799999237060547</ele><time>2026-04-04T23:29:09Z</time></trkpt><trkpt lat="37.57103729248047" lon="127.00846099853516"><ele>20.799999237060547</ele><time>2026-04-04T23:29:10Z</time></trkpt><trkpt lat="37.57103729248047" lon="127.00849914550781"><ele>20.799999237060547</ele><time>2026-04-04T23:29:11Z</time></trkpt><trkpt lat="37.57103729248047" lon="127.0085220336914"><ele>21.0</ele><time>2026-04-04T23:29:12Z</time></trkpt><trkpt lat="37.571041107177734" lon="127.00856018066406"><ele>21.0</ele><time>2026-04-04T23:29:13Z</time></trkpt><trkpt lat="37.571041107177734" lon="127.00859069824219"><ele>21.0</ele><time>2026-04-04T23:29:14Z</time></trkpt><trkpt lat="37.57105255126953" lon="127.00862121582031"><ele>21.0</ele><time>2026-04-04T23:29:15Z</time></trkpt><trkpt lat="37.57105255126953" lon="127.00865173339844"><ele>21.0</ele><time>2026-04-04T23:29:16Z</time></trkpt><trkpt lat="37.57105255126953" lon="127.00867462158203"><ele>21.0</ele><time>2026-04-04T23:29:17Z</time></trkpt><trkpt lat="37.571048736572266" lon="127.00871276855469"><ele>21.0</ele><time>2026-04-04T23:29:18Z</time></trkpt><trkpt lat="37.571048736572266" lon="127.00873565673828"><ele>21.0</ele><time>2026-04-04T23:29:19Z</time></trkpt><trkpt lat="37.571048736572266" lon="127.00877380371094"><ele>21.0</ele><time>2026-04-04T23:29:20Z</time></trkpt><trkpt lat="37.571048736572266" lon="127.00880432128906"><ele>20.799999237060547</ele><time>2026-04-04T23:29:21Z</time></trkpt><trkpt lat="37.571048736572266" lon="127.00884246826172"><ele>20.799999237060547</ele><time>2026-04-04T23:29:22Z</time></trkpt><trkpt lat="37.571048736572266" lon="127.00888061523438"><ele>20.799999237060547</ele><time>2026-04-04T23:29:23Z</time></trkpt><trkpt lat="37.571044921875" lon="127.00891876220703"><ele>20.799999237060547</ele><time>2026-04-04T23:29:24Z</time></trkpt><trkpt lat="37.57102966308594" lon="127.00894927978516"><ele>20.799999237060547</ele><time>2026-04-04T23:29:25Z</time></trkpt><trkpt lat="37.571014404296875" lon="127.00898742675781"><ele>20.799999237060547</ele><time>2026-04-04T23:29:26Z</time></trkpt><trkpt lat="37.57099151611328" lon="127.00900268554688"><ele>20.799999237060547</ele><time>2026-04-04T23:29:27Z</time></trkpt><trkpt lat="37.57096481323242" lon="127.009033203125"><ele>20.799999237060547</ele><time>2026-04-04T23:29:28Z</time></trkpt><trkpt lat="37.570945739746094" lon="127.0090560913086"><ele>20.600000381469727</ele><time>2026-04-04T23:29:29Z</time></trkpt><trkpt lat="37.5709114074707" lon="127.00907897949219"><ele>20.600000381469727</ele><time>2026-04-04T23:29:30Z</time></trkpt><trkpt lat="37.57089614868164" lon="127.00910186767578"><ele>20.600000381469727</ele><time>2026-04-04T23:29:31Z</time></trkpt><trkpt lat="37.570865631103516" lon="127.00912475585938"><ele>20.799999237060547</ele><time>2026-04-04T23:29:32Z</time></trkpt><trkpt lat="37.57084655761719" lon="127.00914764404297"><ele>20.799999237060547</ele><time>2026-04-04T23:29:33Z</time></trkpt><trkpt lat="37.57081985473633" lon="127.00917053222656"><ele>20.799999237060547</ele><time>2026-04-04T23:29:34Z</time></trkpt><trkpt lat="37.57080078125" lon="127.00918579101562"><ele>20.799999237060547</ele><time>2026-04-04T23:29:35Z</time></trkpt><trkpt lat="37.57076644897461" lon="127.00920104980469"><ele>21.0</ele><time>2026-04-04T23:29:36Z</time></trkpt><trkpt lat="37.57074737548828" lon="127.00922393798828"><ele>21.0</ele><time>2026-04-04T23:29:37Z</time></trkpt><trkpt lat="37.57072067260742" lon="127.00923919677734"><ele>21.0</ele><time>2026-04-04T23:29:38Z</time></trkpt><trkpt lat="37.57069778442383" lon="127.0092544555664"><ele>21.0</ele><time>2026-04-04T23:29:39Z</time></trkpt><trkpt lat="37.5706672668457" lon="127.00927734375"><ele>20.799999237060547</ele><time>2026-04-04T23:29:40Z</time></trkpt><trkpt lat="37.57064437866211" lon="127.0093002319336"><ele>20.799999237060547</ele><time>2026-04-04T23:29:41Z</time></trkpt><trkpt lat="37.57061767578125" lon="127.00931549072266"><ele>20.799999237060547</ele><time>2026-04-04T23:29:42Z</time></trkpt><trkpt lat="37.570594787597656" lon="127.00933837890625"><ele>20.799999237060547</ele><time>2026-04-04T23:29:43Z</time></trkpt><trkpt lat="37.57056427001953" lon="127.00935363769531"><ele>21.0</ele><time>2026-04-04T23:29:44Z</time></trkpt><trkpt lat="37.57053756713867" lon="127.0093765258789"><ele>21.0</ele><time>2026-04-04T23:29:45Z</time></trkpt><trkpt lat="37.57051467895508" lon="127.00938415527344"><ele>21.0</ele><time>2026-04-04T23:29:46Z</time></trkpt><trkpt lat="37.570491790771484" lon="127.0093994140625"><ele>21.0</ele><time>2026-04-04T23:29:47Z</time></trkpt><trkpt lat="37.570465087890625" lon="127.00940704345703"><ele>21.0</ele><time>2026-04-04T23:29:48Z</time></trkpt><trkpt lat="37.57044219970703" lon="127.0094223022461"><ele>21.200000762939453</ele><time>2026-04-04T23:29:49Z</time></trkpt><trkpt lat="37.57041549682617" lon="127.00942993164062"><ele>21.200000762939453</ele><time>2026-04-04T23:29:50Z</time></trkpt><trkpt lat="37.570396423339844" lon="127.00944519042969"><ele>21.200000762939453</ele><time>2026-04-04T23:29:51Z</time></trkpt><trkpt lat="37.570377349853516" lon="127.00945281982422"><ele>21.200000762939453</ele><time>2026-04-04T23:29:52Z</time></trkpt><trkpt lat="37.57035446166992" lon="127.00946807861328"><ele>21.200000762939453</ele><time>2026-04-04T23:29:53Z</time></trkpt><trkpt lat="37.57032012939453" lon="127.00947570800781"><ele>21.0</ele><time>2026-04-04T23:29:54Z</time></trkpt><trkpt lat="37.5703010559082" lon="127.00948333740234"><ele>21.200000762939453</ele><time>2026-04-04T23:29:55Z</time></trkpt><trkpt lat="37.57027053833008" lon="127.00949096679688"><ele>21.0</ele><time>2026-04-04T23:29:56Z</time></trkpt><trkpt lat="37.57024383544922" lon="127.0094985961914"><ele>21.0</ele><time>2026-04-04T23:29:57Z</time></trkpt><trkpt lat="37.570213317871094" lon="127.00950622558594"><ele>21.0</ele><time>2026-04-04T23:29:58Z</time></trkpt><trkpt lat="37.570186614990234" lon="127.00951385498047"><ele>21.0</ele><time>2026-04-04T23:29:59Z</time></trkpt><trkpt lat="37.57015609741211" lon="127.00951385498047"><ele>21.200000762939453</ele><time>2026-04-04T23:30:00Z</time></trkpt><trkpt lat="37.57012939453125" lon="127.00951385498047"><ele>21.0</ele><time>2026-04-04T23:30:01Z</time></trkpt><trkpt lat="37.570098876953125" lon="127.00951385498047"><ele>21.0</ele><time>2026-04-04T23:30:02Z</time></trkpt><trkpt lat="37.57007598876953" lon="127.00950622558594"><ele>21.0</ele><time>2026-04-04T23:30:03Z</time></trkpt><trkpt lat="37.57005310058594" lon="127.0094985961914"><ele>21.0</ele><time>2026-04-04T23:30:04Z</time></trkpt><trkpt lat="37.570030212402344" lon="127.00948333740234"><ele>21.0</ele><time>2026-04-04T23:30:05Z</time></trkpt><trkpt lat="37.57000732421875" lon="127.00947570800781"><ele>20.799999237060547</ele><time>2026-04-04T23:30:06Z</time></trkpt><trkpt lat="37.56998825073242" lon="127.00944519042969"><ele>20.799999237060547</ele><time>2026-04-04T23:30:07Z</time></trkpt><trkpt lat="37.56997299194336" lon="127.0094223022461"><ele>20.799999237060547</ele><time>2026-04-04T23:30:08Z</time></trkpt><trkpt lat="37.5699577331543" lon="127.0093765258789"><ele>20.799999237060547</ele><time>2026-04-04T23:30:09Z</time></trkpt><trkpt lat="37.5699462890625" lon="127.00934600830078"><ele>20.799999237060547</ele><time>2026-04-04T23:30:10Z</time></trkpt><trkpt lat="37.569942474365234" lon="127.00930786132812"><ele>21.200000762939453</ele><time>2026-04-04T23:30:11Z</time></trkpt><trkpt lat="37.5699348449707" lon="127.00927734375"><ele>21.200000762939453</ele><time>2026-04-04T23:30:12Z</time></trkpt><trkpt lat="37.5699348449707" lon="127.00923919677734"><ele>21.399999618530273</ele><time>2026-04-04T23:30:13Z</time></trkpt><trkpt lat="37.56993865966797" lon="127.00920867919922"><ele>21.399999618530273</ele><time>2026-04-04T23:30:14Z</time></trkpt><trkpt lat="37.56993865966797" lon="127.00916290283203"><ele>21.399999618530273</ele><time>2026-04-04T23:30:15Z</time></trkpt><trkpt lat="37.5699348449707" lon="127.0091323852539"><ele>21.399999618530273</ele><time>2026-04-04T23:30:16Z</time></trkpt><trkpt lat="37.569923400878906" lon="127.00910186767578"><ele>21.399999618530273</ele><time>2026-04-04T23:30:17Z</time></trkpt><trkpt lat="37.569923400878906" lon="127.00906372070312"><ele>21.399999618530273</ele><time>2026-04-04T23:30:18Z</time></trkpt><trkpt lat="37.56991958618164" lon="127.00902557373047"><ele>21.399999618530273</ele><time>2026-04-04T23:30:19Z</time></trkpt><trkpt lat="37.56991195678711" lon="127.00899505615234"><ele>21.399999618530273</ele><time>2026-04-04T23:30:20Z</time></trkpt><trkpt lat="37.569908142089844" lon="127.00896453857422"><ele>21.399999618530273</ele><time>2026-04-04T23:30:21Z</time></trkpt><trkpt lat="37.56990432739258" lon="127.00891876220703"><ele>21.399999618530273</ele><time>2026-04-04T23:30:22Z</time></trkpt><trkpt lat="37.56989669799805" lon="127.00889587402344"><ele>21.600000381469727</ele><time>2026-04-04T23:30:23Z</time></trkpt><trkpt lat="37.56989669799805" lon="127.00885009765625"><ele>21.600000381469727</ele><time>2026-04-04T23:30:24Z</time></trkpt><trkpt lat="37.56989288330078" lon="127.00882720947266"><ele>21.600000381469727</ele><time>2026-04-04T23:30:25Z</time></trkpt><trkpt lat="37.569889068603516" lon="127.0087890625"><ele>21.600000381469727</ele><time>2026-04-04T23:30:26Z</time></trkpt><trkpt lat="37.569889068603516" lon="127.0087661743164"><ele>21.600000381469727</ele><time>2026-04-04T23:30:27Z</time></trkpt><trkpt lat="37.56988525390625" lon="127.00873565673828"><ele>21.600000381469727</ele><time>2026-04-04T23:30:28Z</time></trkpt><trkpt lat="37.56988525390625" lon="127.00871276855469"><ele>21.600000381469727</ele><time>2026-04-04T23:30:29Z</time></trkpt><trkpt lat="37.569881439208984" lon="127.00868225097656"><ele>21.600000381469727</ele><time>2026-04-04T23:30:30Z</time></trkpt><trkpt lat="37.569881439208984" lon="127.0086441040039"><ele>21.799999237060547</ele><time>2026-04-04T23:30:31Z</time></trkpt><trkpt lat="37.56987762451172" lon="127.00862121582031"><ele>21.799999237060547</ele><time>2026-04-04T23:30:32Z</time></trkpt><trkpt lat="37.56987762451172" lon="127.00857543945312"><ele>21.799999237060547</ele><time>2026-04-04T23:30:33Z</time></trkpt><trkpt lat="37.569881439208984" lon="127.00855255126953"><ele>21.600000381469727</ele><time>2026-04-04T23:30:34Z</time></trkpt><trkpt lat="37.56987762451172" lon="127.00851440429688"><ele>21.799999237060547</ele><time>2026-04-04T23:30:35Z</time></trkpt><trkpt lat="37.56987380981445" lon="127.00848388671875"><ele>21.799999237060547</ele><time>2026-04-04T23:30:36Z</time></trkpt><trkpt lat="37.56986618041992" lon="127.00845336914062"><ele>21.799999237060547</ele><time>2026-04-04T23:30:37Z</time></trkpt><trkpt lat="37.56986618041992" lon="127.0084228515625"><ele>21.799999237060547</ele><time>2026-04-04T23:30:38Z</time></trkpt><trkpt lat="37.569862365722656" lon="127.00839233398438"><ele>21.799999237060547</ele><time>2026-04-04T23:30:39Z</time></trkpt><trkpt lat="37.569862365722656" lon="127.00835418701172"><ele>21.799999237060547</ele><time>2026-04-04T23:30:40Z</time></trkpt><trkpt lat="37.56985855102539" lon="127.00833129882812"><ele>21.799999237060547</ele><time>2026-04-04T23:30:41Z</time></trkpt><trkpt lat="37.569854736328125" lon="127.00829315185547"><ele>21.799999237060547</ele><time>2026-04-04T23:30:42Z</time></trkpt><trkpt lat="37.569854736328125" lon="127.00826263427734"><ele>21.799999237060547</ele><time>2026-04-04T23:30:43Z</time></trkpt><trkpt lat="37.569854736328125" lon="127.00822448730469"><ele>21.799999237060547</ele><time>2026-04-04T23:30:44Z</time></trkpt><trkpt lat="37.569854736328125" lon="127.00819396972656"><ele>21.799999237060547</ele><time>2026-04-04T23:30:45Z</time></trkpt><trkpt lat="37.569854736328125" lon="127.00816345214844"><ele>21.799999237060547</ele><time>2026-04-04T23:30:46Z</time></trkpt><trkpt lat="37.569854736328125" lon="127.00813293457031"><ele>21.799999237060547</ele><time>2026-04-04T23:30:47Z</time></trkpt><trkpt lat="37.569847106933594" lon="127.00810241699219"><ele>21.600000381469727</ele><time>2026-04-04T23:30:48Z</time></trkpt><trkpt lat="37.56984329223633" lon="127.00807189941406"><ele>21.600000381469727</ele><time>2026-04-04T23:30:49Z</time></trkpt><trkpt lat="37.56983947753906" lon="127.00804138183594"><ele>21.600000381469727</ele><time>2026-04-04T23:30:50Z</time></trkpt><trkpt lat="37.56983947753906" lon="127.00800323486328"><ele>21.799999237060547</ele><time>2026-04-04T23:30:51Z</time></trkpt><trkpt lat="37.56984329223633" lon="127.00797271728516"><ele>21.600000381469727</ele><time>2026-04-04T23:30:52Z</time></trkpt><trkpt lat="37.56984329223633" lon="127.00794219970703"><ele>21.799999237060547</ele><time>2026-04-04T23:30:53Z</time></trkpt><trkpt lat="37.56984329223633" lon="127.0079116821289"><ele>21.799999237060547</ele><time>2026-04-04T23:30:54Z</time></trkpt><trkpt lat="37.56983947753906" lon="127.00788116455078"><ele>21.600000381469727</ele><time>2026-04-04T23:30:55Z</time></trkpt><trkpt lat="37.56984329223633" lon="127.00785064697266"><ele>21.600000381469727</ele><time>2026-04-04T23:30:56Z</time></trkpt><trkpt lat="37.56983947753906" lon="127.00782012939453"><ele>21.600000381469727</ele><time>2026-04-04T23:30:57Z</time></trkpt><trkpt lat="37.5698356628418" lon="127.00778198242188"><ele>21.600000381469727</ele><time>2026-04-04T23:30:58Z</time></trkpt><trkpt lat="37.56983947753906" lon="127.00775909423828"><ele>21.600000381469727</ele><time>2026-04-04T23:30:59Z</time></trkpt><trkpt lat="37.56983947753906" lon="127.00772857666016"><ele>21.600000381469727</ele><time>2026-04-04T23:31:00Z</time></trkpt><trkpt lat="37.5698356628418" lon="127.00769805908203"><ele>21.799999237060547</ele><time>2026-04-04T23:31:01Z</time></trkpt><trkpt lat="37.56983184814453" lon="127.00767517089844"><ele>21.799999237060547</ele><time>2026-04-04T23:31:02Z</time></trkpt><trkpt lat="37.56983184814453" lon="127.00763702392578"><ele>21.799999237060547</ele><time>2026-04-04T23:31:03Z</time></trkpt><trkpt lat="37.56982421875" lon="127.00760650634766"><ele>21.799999237060547</ele><time>2026-04-04T23:31:04Z</time></trkpt><trkpt lat="37.56981658935547" lon="127.007568359375"><ele>21.799999237060547</ele><time>2026-04-04T23:31:05Z</time></trkpt><trkpt lat="37.56981658935547" lon="127.0075454711914"><ele>21.799999237060547</ele><time>2026-04-04T23:31:06Z</time></trkpt><trkpt lat="37.5698127746582" lon="127.00750732421875"><ele>21.799999237060547</ele><time>2026-04-04T23:31:07Z</time></trkpt><trkpt lat="37.5698127746582" lon="127.00747680664062"><ele>21.799999237060547</ele><time>2026-04-04T23:31:08Z</time></trkpt><trkpt lat="37.56980895996094" lon="127.0074462890625"><ele>21.799999237060547</ele><time>2026-04-04T23:31:09Z</time></trkpt><trkpt lat="37.5698127746582" lon="127.00740814208984"><ele>21.799999237060547</ele><time>2026-04-04T23:31:10Z</time></trkpt><trkpt lat="37.5698127746582" lon="127.00737762451172"><ele>21.799999237060547</ele><time>2026-04-04T23:31:11Z</time></trkpt><trkpt lat="37.5698127746582" lon="127.0073471069336"><ele>21.799999237060547</ele><time>2026-04-04T23:31:12Z</time></trkpt><trkpt lat="37.5698127746582" lon="127.00731658935547"><ele>21.799999237060547</ele><time>2026-04-04T23:31:13Z</time></trkpt><trkpt lat="37.56980895996094" lon="127.00727844238281"><ele>21.799999237060547</ele><time>2026-04-04T23:31:14Z</time></trkpt><trkpt lat="37.56980895996094" lon="127.00724792480469"><ele>21.799999237060547</ele><time>2026-04-04T23:31:15Z</time></trkpt><trkpt lat="37.56980514526367" lon="127.00720977783203"><ele>21.600000381469727</ele><time>2026-04-04T23:31:16Z</time></trkpt><trkpt lat="37.56980514526367" lon="127.00718688964844"><ele>21.600000381469727</ele><time>2026-04-04T23:31:17Z</time></trkpt><trkpt lat="37.569801330566406" lon="127.00715637207031"><ele>21.799999237060547</ele><time>2026-04-04T23:31:18Z</time></trkpt><trkpt lat="37.56980514526367" lon="127.00711822509766"><ele>21.799999237060547</ele><time>2026-04-04T23:31:19Z</time></trkpt><trkpt lat="37.56980895996094" lon="127.00709533691406"><ele>21.799999237060547</ele><time>2026-04-04T23:31:20Z</time></trkpt><trkpt lat="37.56980895996094" lon="127.0070571899414"><ele>21.799999237060547</ele><time>2026-04-04T23:31:21Z</time></trkpt><trkpt lat="37.56980514526367" lon="127.00702667236328"><ele>21.799999237060547</ele><time>2026-04-04T23:31:22Z</time></trkpt><trkpt lat="37.56980514526367" lon="127.00698852539062"><ele>21.799999237060547</ele><time>2026-04-04T23:31:23Z</time></trkpt><trkpt lat="37.56980514526367" lon="127.0069580078125"><ele>21.600000381469727</ele><time>2026-04-04T23:31:24Z</time></trkpt><trkpt lat="37.569801330566406" lon="127.00692749023438"><ele>21.600000381469727</ele><time>2026-04-04T23:31:25Z</time></trkpt><trkpt lat="37.56980514526367" lon="127.00689697265625"><ele>21.600000381469727</ele><time>2026-04-04T23:31:26Z</time></trkpt><trkpt lat="37.569801330566406" lon="127.00686645507812"><ele>21.600000381469727</ele><time>2026-04-04T23:31:27Z</time></trkpt><trkpt lat="37.56980514526367" lon="127.00682830810547"><ele>21.600000381469727</ele><time>2026-04-04T23:31:28Z</time></trkpt><trkpt lat="37.569801330566406" lon="127.00679779052734"><ele>21.600000381469727</ele><time>2026-04-04T23:31:29Z</time></trkpt><trkpt lat="37.56979751586914" lon="127.00676727294922"><ele>21.600000381469727</ele><time>2026-04-04T23:31:30Z</time></trkpt><trkpt lat="37.569793701171875" lon="127.00675201416016"><ele>21.600000381469727</ele><time>2026-04-04T23:31:31Z</time></trkpt><trkpt lat="37.56978988647461" lon="127.00672149658203"><ele>21.600000381469727</ele><time>2026-04-04T23:31:32Z</time></trkpt><trkpt lat="37.569793701171875" lon="127.0066909790039"><ele>21.399999618530273</ele><time>2026-04-04T23:31:33Z</time></trkpt><trkpt lat="37.56978225708008" lon="127.00666809082031"><ele>21.399999618530273</ele><time>2026-04-04T23:31:34Z</time></trkpt><trkpt lat="37.56977844238281" lon="127.00663757324219"><ele>21.399999618530273</ele><time>2026-04-04T23:31:35Z</time></trkpt><trkpt lat="37.56977462768555" lon="127.00660705566406"><ele>21.399999618530273</ele><time>2026-04-04T23:31:36Z</time></trkpt><trkpt lat="37.56977462768555" lon="127.00657653808594"><ele>21.399999618530273</ele><time>2026-04-04T23:31:37Z</time></trkpt><trkpt lat="37.56977462768555" lon="127.00655364990234"><ele>21.399999618530273</ele><time>2026-04-04T23:31:38Z</time></trkpt><trkpt lat="37.56977462768555" lon="127.00651550292969"><ele>21.399999618530273</ele><time>2026-04-04T23:31:39Z</time></trkpt><trkpt lat="37.56977462768555" lon="127.00648498535156"><ele>21.399999618530273</ele><time>2026-04-04T23:31:40Z</time></trkpt><trkpt lat="37.56977462768555" lon="127.00645446777344"><ele>21.399999618530273</ele><time>2026-04-04T23:31:41Z</time></trkpt><trkpt lat="37.56977462768555" lon="127.00642395019531"><ele>21.200000762939453</ele><time>2026-04-04T23:31:42Z</time></trkpt><trkpt lat="37.56977462768555" lon="127.00639343261719"><ele>21.200000762939453</ele><time>2026-04-04T23:31:43Z</time></trkpt><trkpt lat="37.56977844238281" lon="127.00635528564453"><ele>21.200000762939453</ele><time>2026-04-04T23:31:44Z</time></trkpt><trkpt lat="37.56977844238281" lon="127.00633239746094"><ele>21.200000762939453</ele><time>2026-04-04T23:31:45Z</time></trkpt><trkpt lat="37.56978225708008" lon="127.00629425048828"><ele>21.200000762939453</ele><time>2026-04-04T23:31:46Z</time></trkpt><trkpt lat="37.56978225708008" lon="127.00626373291016"><ele>21.200000762939453</ele><time>2026-04-04T23:31:47Z</time></trkpt><trkpt lat="37.569786071777344" lon="127.0062255859375"><ele>21.200000762939453</ele><time>2026-04-04T23:31:48Z</time></trkpt><trkpt lat="37.56978225708008" lon="127.0062026977539"><ele>21.200000762939453</ele><time>2026-04-04T23:31:49Z</time></trkpt><trkpt lat="37.56978225708008" lon="127.00616455078125"><ele>21.200000762939453</ele><time>2026-04-04T23:31:50Z</time></trkpt><trkpt lat="37.56978225708008" lon="127.00613403320312"><ele>21.200000762939453</ele><time>2026-04-04T23:31:51Z</time></trkpt><trkpt lat="37.56977844238281" lon="127.006103515625"><ele>21.200000762939453</ele><time>2026-04-04T23:31:52Z</time></trkpt><trkpt lat="37.569786071777344" lon="127.00607299804688"><ele>21.200000762939453</ele><time>2026-04-04T23:31:53Z</time></trkpt><trkpt lat="37.56978225708008" lon="127.00604248046875"><ele>21.399999618530273</ele><time>2026-04-04T23:31:54Z</time></trkpt><trkpt lat="37.56978225708008" lon="127.00601196289062"><ele>21.399999618530273</ele><time>2026-04-04T23:31:55Z</time></trkpt><trkpt lat="37.56977844238281" lon="127.00598907470703"><ele>21.399999618530273</ele><time>2026-04-04T23:31:56Z</time></trkpt><trkpt lat="37.56977844238281" lon="127.0059585571289"><ele>21.399999618530273</ele><time>2026-04-04T23:31:57Z</time></trkpt><trkpt lat="37.56978225708008" lon="127.00592803955078"><ele>21.399999618530273</ele><time>2026-04-04T23:31:58Z</time></trkpt><trkpt lat="37.56977844238281" lon="127.00588989257812"><ele>21.399999618530273</ele><time>2026-04-04T23:31:59Z</time></trkpt><trkpt lat="37.56978225708008" lon="127.00585174560547"><ele>21.399999618530273</ele><time>2026-04-04T23:32:00Z</time></trkpt><trkpt lat="37.56978225708008" lon="127.00582885742188"><ele>21.399999618530273</ele><time>2026-04-04T23:32:01Z</time></trkpt><trkpt lat="37.56978988647461" lon="127.00579071044922"><ele>21.399999618530273</ele><time>2026-04-04T23:32:02Z</time></trkpt><trkpt lat="37.569786071777344" lon="127.0057601928711"><ele>21.399999618530273</ele><time>2026-04-04T23:32:03Z</time></trkpt><trkpt lat="37.569786071777344" lon="127.00572204589844"><ele>21.399999618530273</ele><time>2026-04-04T23:32:04Z</time></trkpt><trkpt lat="37.569793701171875" lon="127.00569915771484"><ele>21.399999618530273</ele><time>2026-04-04T23:32:05Z</time></trkpt><trkpt lat="37.569793701171875" lon="127.00566864013672"><ele>21.399999618530273</ele><time>2026-04-04T23:32:06Z</time></trkpt><trkpt lat="37.56979751586914" lon="127.0056381225586"><ele>21.399999618530273</ele><time>2026-04-04T23:32:07Z</time></trkpt><trkpt lat="37.569801330566406" lon="127.00560760498047"><ele>21.399999618530273</ele><time>2026-04-04T23:32:08Z</time></trkpt><trkpt lat="37.569801330566406" lon="127.00556945800781"><ele>21.399999618530273</ele><time>2026-04-04T23:32:09Z</time></trkpt><trkpt lat="37.56980514526367" lon="127.00553894042969"><ele>21.399999618530273</ele><time>2026-04-04T23:32:10Z</time></trkpt><trkpt lat="37.56980514526367" lon="127.00550842285156"><ele>21.399999618530273</ele><time>2026-04-04T23:32:11Z</time></trkpt><trkpt lat="37.569801330566406" lon="127.00547790527344"><ele>21.399999618530273</ele><time>2026-04-04T23:32:12Z</time></trkpt><trkpt lat="37.56979751586914" lon="127.00543975830078"><ele>21.399999618530273</ele><time>2026-04-04T23:32:13Z</time></trkpt><trkpt lat="37.56978988647461" lon="127.00541687011719"><ele>21.399999618530273</ele><time>2026-04-04T23:32:14Z</time></trkpt><trkpt lat="37.56978988647461" lon="127.00537872314453"><ele>21.399999618530273</ele><time>2026-04-04T23:32:15Z</time></trkpt><trkpt lat="37.569793701171875" lon="127.0053482055664"><ele>21.399999618530273</ele><time>2026-04-04T23:32:16Z</time></trkpt><trkpt lat="37.56978988647461" lon="127.00531768798828"><ele>21.399999618530273</ele><time>2026-04-04T23:32:17Z</time></trkpt><trkpt lat="37.569786071777344" lon="127.00528717041016"><ele>21.399999618530273</ele><time>2026-04-04T23:32:18Z</time></trkpt><trkpt lat="37.56978225708008" lon="127.00525665283203"><ele>21.399999618530273</ele><time>2026-04-04T23:32:19Z</time></trkpt><trkpt lat="37.569786071777344" lon="127.00521850585938"><ele>21.399999618530273</ele><time>2026-04-04T23:32:20Z</time></trkpt><trkpt lat="37.56978225708008" lon="127.00518798828125"><ele>21.399999618530273</ele><time>2026-04-04T23:32:21Z</time></trkpt><trkpt lat="37.56978225708008" lon="127.0051498413086"><ele>21.399999618530273</ele><time>2026-04-04T23:32:22Z</time></trkpt><trkpt lat="37.56977844238281" lon="127.005126953125"><ele>21.600000381469727</ele><time>2026-04-04T23:32:23Z</time></trkpt><trkpt lat="37.56977462768555" lon="127.00508880615234"><ele>21.399999618530273</ele><time>2026-04-04T23:32:24Z</time></trkpt><trkpt lat="37.56977844238281" lon="127.00505828857422"><ele>21.399999618530273</ele><time>2026-04-04T23:32:25Z</time></trkpt><trkpt lat="37.56978225708008" lon="127.00502014160156"><ele>21.600000381469727</ele><time>2026-04-04T23:32:26Z</time></trkpt><trkpt lat="37.56978225708008" lon="127.00498962402344"><ele>21.600000381469727</ele><time>2026-04-04T23:32:27Z</time></trkpt><trkpt lat="37.56978225708008" lon="127.00495910644531"><ele>21.399999618530273</ele><time>2026-04-04T23:32:28Z</time></trkpt><trkpt lat="37.56978225708008" lon="127.00492858886719"><ele>21.600000381469727</ele><time>2026-04-04T23:32:29Z</time></trkpt><trkpt lat="37.56977844238281" lon="127.00489807128906"><ele>21.600000381469727</ele><time>2026-04-04T23:32:30Z</time></trkpt><trkpt lat="37.56977844238281" lon="127.00486755371094"><ele>21.600000381469727</ele><time>2026-04-04T23:32:31Z</time></trkpt><trkpt lat="37.56977844238281" lon="127.00483703613281"><ele>21.600000381469727</ele><time>2026-04-04T23:32:32Z</time></trkpt><trkpt lat="37.56977844238281" lon="127.00479888916016"><ele>21.600000381469727</ele><time>2026-04-04T23:32:33Z</time></trkpt><trkpt lat="37.56977844238281" lon="127.00477600097656"><ele>21.600000381469727</ele><time>2026-04-04T23:32:34Z</time></trkpt><trkpt lat="37.56977844238281" lon="127.00474548339844"><ele>21.600000381469727</ele><time>2026-04-04T23:32:35Z</time></trkpt><trkpt lat="37.569786071777344" lon="127.00470733642578"><ele>21.600000381469727</ele><time>2026-04-04T23:32:36Z</time></trkpt><trkpt lat="37.56978225708008" lon="127.00468444824219"><ele>21.600000381469727</ele><time>2026-04-04T23:32:37Z</time></trkpt><trkpt lat="37.569786071777344" lon="127.00464630126953"><ele>21.600000381469727</ele><time>2026-04-04T23:32:38Z</time></trkpt><trkpt lat="37.569786071777344" lon="127.00462341308594"><ele>21.600000381469727</ele><time>2026-04-04T23:32:39Z</time></trkpt><trkpt lat="37.569786071777344" lon="127.00457763671875"><ele>21.600000381469727</ele><time>2026-04-04T23:32:40Z</time></trkpt><trkpt lat="37.569786071777344" lon="127.00454711914062"><ele>21.600000381469727</ele><time>2026-04-04T23:32:41Z</time></trkpt><trkpt lat="37.569786071777344" lon="127.00450897216797"><ele>21.600000381469727</ele><time>2026-04-04T23:32:42Z</time></trkpt><trkpt lat="37.56977844238281" lon="127.00448608398438"><ele>21.600000381469727</ele><time>2026-04-04T23:32:43Z</time></trkpt><trkpt lat="37.56977462768555" lon="127.00445556640625"><ele>21.600000381469727</ele><time>2026-04-04T23:32:44Z</time></trkpt><trkpt lat="37.56977844238281" lon="127.00442504882812"><ele>21.399999618530273</ele><time>2026-04-04T23:32:45Z</time></trkpt><trkpt lat="37.56977462768555" lon="127.00440216064453"><ele>21.399999618530273</ele><time>2026-04-04T23:32:46Z</time></trkpt><trkpt lat="37.56977844238281" lon="127.00436401367188"><ele>21.399999618530273</ele><time>2026-04-04T23:32:47Z</time></trkpt><trkpt lat="37.56977462768555" lon="127.00433349609375"><ele>21.399999618530273</ele><time>2026-04-04T23:32:48Z</time></trkpt><trkpt lat="37.56977462768555" lon="127.00430297851562"><ele>21.399999618530273</ele><time>2026-04-04T23:32:49Z</time></trkpt><trkpt lat="37.56977844238281" lon="127.0042724609375"><ele>21.399999618530273</ele><time>2026-04-04T23:32:50Z</time></trkpt><trkpt lat="37.56977844238281" lon="127.00424194335938"><ele>21.399999618530273</ele><time>2026-04-04T23:32:51Z</time></trkpt><trkpt lat="37.56978225708008" lon="127.00421142578125"><ele>21.399999618530273</ele><time>2026-04-04T23:32:52Z</time></trkpt><trkpt lat="37.56977844238281" lon="127.00418090820312"><ele>21.399999618530273</ele><time>2026-04-04T23:32:53Z</time></trkpt><trkpt lat="37.56977844238281" lon="127.004150390625"><ele>21.399999618530273</ele><time>2026-04-04T23:32:54Z</time></trkpt><trkpt lat="37.56977844238281" lon="127.00411987304688"><ele>21.399999618530273</ele><time>2026-04-04T23:32:55Z</time></trkpt><trkpt lat="37.569786071777344" lon="127.00407409667969"><ele>21.399999618530273</ele><time>2026-04-04T23:32:56Z</time></trkpt><trkpt lat="37.56978225708008" lon="127.0040512084961"><ele>21.399999618530273</ele><time>2026-04-04T23:32:57Z</time></trkpt><trkpt lat="37.56978225708008" lon="127.00402069091797"><ele>21.399999618530273</ele><time>2026-04-04T23:32:58Z</time></trkpt><trkpt lat="37.56978225708008" lon="127.00399780273438"><ele>21.399999618530273</ele><time>2026-04-04T23:32:59Z</time></trkpt><trkpt lat="37.56978988647461" lon="127.00396728515625"><ele>21.399999618530273</ele><time>2026-04-04T23:33:00Z</time></trkpt><trkpt lat="37.56978988647461" lon="127.00393676757812"><ele>21.399999618530273</ele><time>2026-04-04T23:33:01Z</time></trkpt><trkpt lat="37.56978988647461" lon="127.00391387939453"><ele>21.200000762939453</ele><time>2026-04-04T23:33:02Z</time></trkpt><trkpt lat="37.569793701171875" lon="127.00387573242188"><ele>21.200000762939453</ele><time>2026-04-04T23:33:03Z</time></trkpt><trkpt lat="37.56978988647461" lon="127.00385284423828"><ele>21.200000762939453</ele><time>2026-04-04T23:33:04Z</time></trkpt><trkpt lat="37.56978988647461" lon="127.00381469726562"><ele>21.0</ele><time>2026-04-04T23:33:05Z</time></trkpt><trkpt lat="37.56978988647461" lon="127.0037841796875"><ele>21.0</ele><time>2026-04-04T23:33:06Z</time></trkpt><trkpt lat="37.56979751586914" lon="127.00373840332031"><ele>21.0</ele><time>2026-04-04T23:33:07Z</time></trkpt><trkpt lat="37.56979751586914" lon="127.00371551513672"><ele>21.0</ele><time>2026-04-04T23:33:08Z</time></trkpt><trkpt lat="37.56979751586914" lon="127.00367736816406"><ele>21.0</ele><time>2026-04-04T23:33:09Z</time></trkpt><trkpt lat="37.56979751586914" lon="127.00364685058594"><ele>21.0</ele><time>2026-04-04T23:33:10Z</time></trkpt><trkpt lat="37.569793701171875" lon="127.00361633300781"><ele>20.799999237060547</ele><time>2026-04-04T23:33:11Z</time></trkpt><trkpt lat="37.569793701171875" lon="127.00358581542969"><ele>20.799999237060547</ele><time>2026-04-04T23:33:12Z</time></trkpt><trkpt lat="37.569793701171875" lon="127.00355529785156"><ele>20.799999237060547</ele><time>2026-04-04T23:33:13Z</time></trkpt><trkpt lat="37.569793701171875" lon="127.00352478027344"><ele>20.799999237060547</ele><time>2026-04-04T23:33:14Z</time></trkpt><trkpt lat="37.569793701171875" lon="127.00350189208984"><ele>20.799999237060547</ele><time>2026-04-04T23:33:15Z</time></trkpt><trkpt lat="37.569793701171875" lon="127.00346374511719"><ele>20.799999237060547</ele><time>2026-04-04T23:33:16Z</time></trkpt><trkpt lat="37.569786071777344" lon="127.00343322753906"><ele>20.799999237060547</ele><time>2026-04-04T23:33:17Z</time></trkpt><trkpt lat="37.56978225708008" lon="127.0033950805664"><ele>20.799999237060547</ele><time>2026-04-04T23:33:18Z</time></trkpt><trkpt lat="37.56978225708008" lon="127.00337219238281"><ele>20.799999237060547</ele><time>2026-04-04T23:33:19Z</time></trkpt><trkpt lat="37.56977844238281" lon="127.00333404541016"><ele>20.799999237060547</ele><time>2026-04-04T23:33:20Z</time></trkpt><trkpt lat="37.56977844238281" lon="127.00330352783203"><ele>20.799999237060547</ele><time>2026-04-04T23:33:21Z</time></trkpt><trkpt lat="37.56977844238281" lon="127.0032730102539"><ele>20.799999237060547</ele><time>2026-04-04T23:33:22Z</time></trkpt><trkpt lat="37.56978225708008" lon="127.00324249267578"><ele>21.0</ele><time>2026-04-04T23:33:23Z</time></trkpt><trkpt lat="37.56977844238281" lon="127.00321197509766"><ele>21.0</ele><time>2026-04-04T23:33:24Z</time></trkpt><trkpt lat="37.56977462768555" lon="127.003173828125"><ele>21.0</ele><time>2026-04-04T23:33:25Z</time></trkpt><trkpt lat="37.56977081298828" lon="127.00314331054688"><ele>21.0</ele><time>2026-04-04T23:33:26Z</time></trkpt><trkpt lat="37.56977081298828" lon="127.00310516357422"><ele>21.0</ele><time>2026-04-04T23:33:27Z</time></trkpt><trkpt lat="37.56977462768555" lon="127.00308227539062"><ele>21.0</ele><time>2026-04-04T23:33:28Z</time></trkpt><trkpt lat="37.56977081298828" lon="127.00304412841797"><ele>21.0</ele><time>2026-04-04T23:33:29Z</time></trkpt><trkpt lat="37.56977462768555" lon="127.00301361083984"><ele>21.0</ele><time>2026-04-04T23:33:30Z</time></trkpt><trkpt lat="37.56977081298828" lon="127.00298309326172"><ele>21.0</ele><time>2026-04-04T23:33:31Z</time></trkpt><trkpt lat="37.56977081298828" lon="127.00294494628906"><ele>21.0</ele><time>2026-04-04T23:33:32Z</time></trkpt><trkpt lat="37.569766998291016" lon="127.00292205810547"><ele>21.200000762939453</ele><time>2026-04-04T23:33:33Z</time></trkpt><trkpt lat="37.569766998291016" lon="127.00288391113281"><ele>21.0</ele><time>2026-04-04T23:33:34Z</time></trkpt><trkpt lat="37.569766998291016" lon="127.00285339355469"><ele>21.200000762939453</ele><time>2026-04-04T23:33:35Z</time></trkpt><trkpt lat="37.56976318359375" lon="127.00282287597656"><ele>21.200000762939453</ele><time>2026-04-04T23:33:36Z</time></trkpt><trkpt lat="37.56976318359375" lon="127.00279235839844"><ele>21.0</ele><time>2026-04-04T23:33:37Z</time></trkpt><trkpt lat="37.569759368896484" lon="127.00276947021484"><ele>21.0</ele><time>2026-04-04T23:33:38Z</time></trkpt><trkpt lat="37.569759368896484" lon="127.00273132324219"><ele>21.0</ele><time>2026-04-04T23:33:39Z</time></trkpt><trkpt lat="37.56975173950195" lon="127.0027084350586"><ele>21.200000762939453</ele><time>2026-04-04T23:33:40Z</time></trkpt><trkpt lat="37.56975173950195" lon="127.00267791748047"><ele>21.200000762939453</ele><time>2026-04-04T23:33:41Z</time></trkpt><trkpt lat="37.56975173950195" lon="127.00264739990234"><ele>21.200000762939453</ele><time>2026-04-04T23:33:42Z</time></trkpt><trkpt lat="37.56975173950195" lon="127.00261688232422"><ele>21.200000762939453</ele><time>2026-04-04T23:33:43Z</time></trkpt><trkpt lat="37.56975173950195" lon="127.00257873535156"><ele>21.200000762939453</ele><time>2026-04-04T23:33:44Z</time></trkpt><trkpt lat="37.56975173950195" lon="127.00254821777344"><ele>21.200000762939453</ele><time>2026-04-04T23:33:45Z</time></trkpt><trkpt lat="37.569759368896484" lon="127.00251007080078"><ele>21.200000762939453</ele><time>2026-04-04T23:33:46Z</time></trkpt><trkpt lat="37.56976318359375" lon="127.00248718261719"><ele>21.200000762939453</ele><time>2026-04-04T23:33:47Z</time></trkpt><trkpt lat="37.56976318359375" lon="127.00245666503906"><ele>21.200000762939453</ele><time>2026-04-04T23:33:48Z</time></trkpt><trkpt lat="37.569766998291016" lon="127.00242614746094"><ele>21.200000762939453</ele><time>2026-04-04T23:33:49Z</time></trkpt><trkpt lat="37.569759368896484" lon="127.00239562988281"><ele>21.200000762939453</ele><time>2026-04-04T23:33:50Z</time></trkpt><trkpt lat="37.569759368896484" lon="127.00235748291016"><ele>21.399999618530273</ele><time>2026-04-04T23:33:51Z</time></trkpt><trkpt lat="37.56975555419922" lon="127.00232696533203"><ele>21.399999618530273</ele><time>2026-04-04T23:33:52Z</time></trkpt><trkpt lat="37.56975173950195" lon="127.00228118896484"><ele>21.399999618530273</ele><time>2026-04-04T23:33:53Z</time></trkpt><trkpt lat="37.56974792480469" lon="127.00225830078125"><ele>21.600000381469727</ele><time>2026-04-04T23:33:54Z</time></trkpt><trkpt lat="37.56974792480469" lon="127.00221252441406"><ele>21.600000381469727</ele><time>2026-04-04T23:33:55Z</time></trkpt><trkpt lat="37.56974411010742" lon="127.00218200683594"><ele>21.600000381469727</ele><time>2026-04-04T23:33:56Z</time></trkpt><trkpt lat="37.569740295410156" lon="127.00214385986328"><ele>21.600000381469727</ele><time>2026-04-04T23:33:57Z</time></trkpt><trkpt lat="37.56974792480469" lon="127.00211334228516"><ele>21.600000381469727</ele><time>2026-04-04T23:33:58Z</time></trkpt><trkpt lat="37.56974792480469" lon="127.00208282470703"><ele>21.399999618530273</ele><time>2026-04-04T23:33:59Z</time></trkpt><trkpt lat="37.56975173950195" lon="127.00204467773438"><ele>21.399999618530273</ele><time>2026-04-04T23:34:00Z</time></trkpt><trkpt lat="37.56975173950195" lon="127.00201416015625"><ele>21.399999618530273</ele><time>2026-04-04T23:34:01Z</time></trkpt><trkpt lat="37.56975555419922" lon="127.0019760131836"><ele>21.399999618530273</ele><time>2026-04-04T23:34:02Z</time></trkpt><trkpt lat="37.56975173950195" lon="127.00194549560547"><ele>21.399999618530273</ele><time>2026-04-04T23:34:03Z</time></trkpt><trkpt lat="37.56975555419922" lon="127.00190734863281"><ele>21.399999618530273</ele><time>2026-04-04T23:34:04Z</time></trkpt><trkpt lat="37.56975555419922" lon="127.00187683105469"><ele>21.600000381469727</ele><time>2026-04-04T23:34:05Z</time></trkpt><trkpt lat="37.56975555419922" lon="127.00184631347656"><ele>21.600000381469727</ele><time>2026-04-04T23:34:06Z</time></trkpt><trkpt lat="37.56974792480469" lon="127.00181579589844"><ele>21.600000381469727</ele><time>2026-04-04T23:34:07Z</time></trkpt><trkpt lat="37.56974411010742" lon="127.00178527832031"><ele>21.600000381469727</ele><time>2026-04-04T23:34:08Z</time></trkpt><trkpt lat="37.569732666015625" lon="127.00175476074219"><ele>21.600000381469727</ele><time>2026-04-04T23:34:09Z</time></trkpt><trkpt lat="37.56972885131836" lon="127.00171661376953"><ele>21.399999618530273</ele><time>2026-04-04T23:34:10Z</time></trkpt><trkpt lat="37.569725036621094" lon="127.00169372558594"><ele>21.399999618530273</ele><time>2026-04-04T23:34:11Z</time></trkpt><trkpt lat="37.5697135925293" lon="127.00165557861328"><ele>21.399999618530273</ele><time>2026-04-04T23:34:12Z</time></trkpt><trkpt lat="37.56970977783203" lon="127.00162506103516"><ele>21.399999618530273</ele><time>2026-04-04T23:34:13Z</time></trkpt><trkpt lat="37.5697021484375" lon="127.00160217285156"><ele>21.399999618530273</ele><time>2026-04-04T23:34:14Z</time></trkpt><trkpt lat="37.569705963134766" lon="127.0015640258789"><ele>21.399999618530273</ele><time>2026-04-04T23:34:15Z</time></trkpt><trkpt lat="37.569698333740234" lon="127.00154113769531"><ele>21.399999618530273</ele><time>2026-04-04T23:34:16Z</time></trkpt><trkpt lat="37.569698333740234" lon="127.00150299072266"><ele>21.600000381469727</ele><time>2026-04-04T23:34:17Z</time></trkpt><trkpt lat="37.56968688964844" lon="127.00148010253906"><ele>21.600000381469727</ele><time>2026-04-04T23:34:18Z</time></trkpt><trkpt lat="37.56968307495117" lon="127.0014419555664"><ele>21.600000381469727</ele><time>2026-04-04T23:34:19Z</time></trkpt><trkpt lat="37.569679260253906" lon="127.00141143798828"><ele>21.600000381469727</ele><time>2026-04-04T23:34:20Z</time></trkpt><trkpt lat="37.56967544555664" lon="127.00138092041016"><ele>21.399999618530273</ele><time>2026-04-04T23:34:21Z</time></trkpt><trkpt lat="37.569671630859375" lon="127.00135040283203"><ele>21.399999618530273</ele><time>2026-04-04T23:34:22Z</time></trkpt><trkpt lat="37.56966781616211" lon="127.0013198852539"><ele>21.399999618530273</ele><time>2026-04-04T23:34:23Z</time></trkpt><trkpt lat="37.56966781616211" lon="127.00128173828125"><ele>21.399999618530273</ele><time>2026-04-04T23:34:24Z</time></trkpt><trkpt lat="37.56966781616211" lon="127.00125122070312"><ele>21.399999618530273</ele><time>2026-04-04T23:34:25Z</time></trkpt><trkpt lat="37.56966781616211" lon="127.00121307373047"><ele>21.399999618530273</ele><time>2026-04-04T23:34:26Z</time></trkpt><trkpt lat="37.56966018676758" lon="127.00119018554688"><ele>21.200000762939453</ele><time>2026-04-04T23:34:27Z</time></trkpt><trkpt lat="37.56966018676758" lon="127.00115203857422"><ele>21.200000762939453</ele><time>2026-04-04T23:34:28Z</time></trkpt><trkpt lat="37.56965255737305" lon="127.00112915039062"><ele>21.200000762939453</ele><time>2026-04-04T23:34:29Z</time></trkpt><trkpt lat="37.56964874267578" lon="127.0010986328125"><ele>21.200000762939453</ele><time>2026-04-04T23:34:30Z</time></trkpt><trkpt lat="37.569637298583984" lon="127.00106811523438"><ele>21.200000762939453</ele><time>2026-04-04T23:34:31Z</time></trkpt><trkpt lat="37.56962966918945" lon="127.00103759765625"><ele>21.200000762939453</ele><time>2026-04-04T23:34:32Z</time></trkpt><trkpt lat="37.56963348388672" lon="127.0009994506836"><ele>21.200000762939453</ele><time>2026-04-04T23:34:33Z</time></trkpt><trkpt lat="37.56962585449219" lon="127.0009765625"><ele>21.200000762939453</ele><time>2026-04-04T23:34:34Z</time></trkpt><trkpt lat="37.56962585449219" lon="127.00093078613281"><ele>21.200000762939453</ele><time>2026-04-04T23:34:35Z</time></trkpt><trkpt lat="37.56961441040039" lon="127.00090789794922"><ele>21.200000762939453</ele><time>2026-04-04T23:34:36Z</time></trkpt><trkpt lat="37.569610595703125" lon="127.00086975097656"><ele>21.200000762939453</ele><time>2026-04-04T23:34:37Z</time></trkpt><trkpt lat="37.569610595703125" lon="127.00084686279297"><ele>21.200000762939453</ele><time>2026-04-04T23:34:38Z</time></trkpt><trkpt lat="37.56960678100586" lon="127.00080871582031"><ele>21.200000762939453</ele><time>2026-04-04T23:34:39Z</time></trkpt><trkpt lat="37.569602966308594" lon="127.00078582763672"><ele>21.200000762939453</ele><time>2026-04-04T23:34:40Z</time></trkpt><trkpt lat="37.56959533691406" lon="127.0007553100586"><ele>21.200000762939453</ele><time>2026-04-04T23:34:41Z</time></trkpt><trkpt lat="37.56958770751953" lon="127.00072479248047"><ele>21.200000762939453</ele><time>2026-04-04T23:34:42Z</time></trkpt><trkpt lat="37.569576263427734" lon="127.00069427490234"><ele>21.200000762939453</ele><time>2026-04-04T23:34:43Z</time></trkpt><trkpt lat="37.56957244873047" lon="127.00065612792969"><ele>21.200000762939453</ele><time>2026-04-04T23:34:44Z</time></trkpt><trkpt lat="37.56956481933594" lon="127.0006332397461"><ele>21.200000762939453</ele><time>2026-04-04T23:34:45Z</time></trkpt><trkpt lat="37.569557189941406" lon="127.00060272216797"><ele>21.200000762939453</ele><time>2026-04-04T23:34:46Z</time></trkpt><trkpt lat="37.56955337524414" lon="127.00057983398438"><ele>21.200000762939453</ele><time>2026-04-04T23:34:47Z</time></trkpt><trkpt lat="37.56954574584961" lon="127.00054931640625"><ele>21.200000762939453</ele><time>2026-04-04T23:34:48Z</time></trkpt><trkpt lat="37.56954574584961" lon="127.00051879882812"><ele>21.200000762939453</ele><time>2026-04-04T23:34:49Z</time></trkpt><trkpt lat="37.56953811645508" lon="127.00048828125"><ele>21.200000762939453</ele><time>2026-04-04T23:34:50Z</time></trkpt><trkpt lat="37.56953430175781" lon="127.00045776367188"><ele>21.200000762939453</ele><time>2026-04-04T23:34:51Z</time></trkpt><trkpt lat="37.56953048706055" lon="127.00042724609375"><ele>21.200000762939453</ele><time>2026-04-04T23:34:52Z</time></trkpt><trkpt lat="37.56953048706055" lon="127.0003890991211"><ele>21.200000762939453</ele><time>2026-04-04T23:34:53Z</time></trkpt><trkpt lat="37.56953048706055" lon="127.0003662109375"><ele>21.200000762939453</ele><time>2026-04-04T23:34:54Z</time></trkpt><trkpt lat="37.569522857666016" lon="127.00033569335938"><ele>21.200000762939453</ele><time>2026-04-04T23:34:55Z</time></trkpt><trkpt lat="37.569515228271484" lon="127.00030517578125"><ele>21.200000762939453</ele><time>2026-04-04T23:34:56Z</time></trkpt><trkpt lat="37.56950759887695" lon="127.00028228759766"><ele>21.200000762939453</ele><time>2026-04-04T23:34:57Z</time></trkpt><trkpt lat="37.56950759887695" lon="127.00023651123047"><ele>21.399999618530273</ele><time>2026-04-04T23:34:58Z</time></trkpt><trkpt lat="37.569496154785156" lon="127.00021362304688"><ele>21.399999618530273</ele><time>2026-04-04T23:34:59Z</time></trkpt><trkpt lat="37.56949234008789" lon="127.00017547607422"><ele>21.399999618530273</ele><time>2026-04-04T23:35:00Z</time></trkpt><trkpt lat="37.569480895996094" lon="127.00015258789062"><ele>21.399999618530273</ele><time>2026-04-04T23:35:01Z</time></trkpt><trkpt lat="37.5694694519043" lon="127.0001220703125"><ele>21.399999618530273</ele><time>2026-04-04T23:35:02Z</time></trkpt><trkpt lat="37.569461822509766" lon="127.0000991821289"><ele>21.399999618530273</ele><time>2026-04-04T23:35:03Z</time></trkpt><trkpt lat="37.569454193115234" lon="127.00006866455078"><ele>21.399999618530273</ele><time>2026-04-04T23:35:04Z</time></trkpt><trkpt lat="37.56945037841797" lon="127.00003814697266"><ele>21.399999618530273</ele><time>2026-04-04T23:35:05Z</time></trkpt><trkpt lat="37.56943893432617" lon="127.00001525878906"><ele>21.200000762939453</ele><time>2026-04-04T23:35:06Z</time></trkpt><trkpt lat="37.56943130493164" lon="126.99998474121094"><ele>21.200000762939453</ele><time>2026-04-04T23:35:07Z</time></trkpt><trkpt lat="37.569427490234375" lon="126.99996185302734"><ele>21.200000762939453</ele><time>2026-04-04T23:35:08Z</time></trkpt><trkpt lat="37.569419860839844" lon="126.99993133544922"><ele>21.200000762939453</ele><time>2026-04-04T23:35:09Z</time></trkpt><trkpt lat="37.56941604614258" lon="126.9999008178711"><ele>21.200000762939453</ele><time>2026-04-04T23:35:10Z</time></trkpt><trkpt lat="37.56940841674805" lon="126.9998779296875"><ele>21.200000762939453</ele><time>2026-04-04T23:35:11Z</time></trkpt><trkpt lat="37.569400787353516" lon="126.99983978271484"><ele>21.399999618530273</ele><time>2026-04-04T23:35:12Z</time></trkpt><trkpt lat="37.569393157958984" lon="126.99980926513672"><ele>21.399999618530273</ele><time>2026-04-04T23:35:13Z</time></trkpt><trkpt lat="37.56938552856445" lon="126.99978637695312"><ele>21.600000381469727</ele><time>2026-04-04T23:35:14Z</time></trkpt><trkpt lat="37.569374084472656" lon="126.99976348876953"><ele>21.600000381469727</ele><time>2026-04-04T23:35:15Z</time></trkpt><trkpt lat="37.569366455078125" lon="126.9997329711914"><ele>21.799999237060547</ele><time>2026-04-04T23:35:16Z</time></trkpt><trkpt lat="37.569366455078125" lon="126.99970245361328"><ele>21.799999237060547</ele><time>2026-04-04T23:35:17Z</time></trkpt><trkpt lat="37.569358825683594" lon="126.99967193603516"><ele>21.799999237060547</ele><time>2026-04-04T23:35:18Z</time></trkpt><trkpt lat="37.56935501098633" lon="126.99964141845703"><ele>21.600000381469727</ele><time>2026-04-04T23:35:19Z</time></trkpt><trkpt lat="37.5693473815918" lon="126.9996109008789"><ele>21.600000381469727</ele><time>2026-04-04T23:35:20Z</time></trkpt><trkpt lat="37.56934356689453" lon="126.99957275390625"><ele>21.600000381469727</ele><time>2026-04-04T23:35:21Z</time></trkpt><trkpt lat="37.5693359375" lon="126.99954986572266"><ele>21.600000381469727</ele><time>2026-04-04T23:35:22Z</time></trkpt><trkpt lat="37.569332122802734" lon="126.99951171875"><ele>21.600000381469727</ele><time>2026-04-04T23:35:23Z</time></trkpt><trkpt lat="37.56932830810547" lon="126.99948120117188"><ele>21.600000381469727</ele><time>2026-04-04T23:35:24Z</time></trkpt><trkpt lat="37.5693244934082" lon="126.99945068359375"><ele>21.600000381469727</ele><time>2026-04-04T23:35:25Z</time></trkpt><trkpt lat="37.56931686401367" lon="126.99942016601562"><ele>21.600000381469727</ele><time>2026-04-04T23:35:26Z</time></trkpt><trkpt lat="37.56930923461914" lon="126.99939727783203"><ele>21.600000381469727</ele><time>2026-04-04T23:35:27Z</time></trkpt><trkpt lat="37.56930160522461" lon="126.9993667602539"><ele>21.600000381469727</ele><time>2026-04-04T23:35:28Z</time></trkpt><trkpt lat="37.569297790527344" lon="126.99934387207031"><ele>21.600000381469727</ele><time>2026-04-04T23:35:29Z</time></trkpt><trkpt lat="37.56929397583008" lon="126.99931335449219"><ele>21.600000381469727</ele><time>2026-04-04T23:35:30Z</time></trkpt><trkpt lat="37.56928634643555" lon="126.9992904663086"><ele>21.600000381469727</ele><time>2026-04-04T23:35:31Z</time></trkpt><trkpt lat="37.56927490234375" lon="126.99925231933594"><ele>21.600000381469727</ele><time>2026-04-04T23:35:32Z</time></trkpt><trkpt lat="37.569271087646484" lon="126.99922943115234"><ele>21.600000381469727</ele><time>2026-04-04T23:35:33Z</time></trkpt><trkpt lat="37.56926345825195" lon="126.99919891357422"><ele>21.399999618530273</ele><time>2026-04-04T23:35:34Z</time></trkpt><trkpt lat="37.56925964355469" lon="126.9991683959961"><ele>21.399999618530273</ele><time>2026-04-04T23:35:35Z</time></trkpt><trkpt lat="37.56925582885742" lon="126.9991455078125"><ele>21.200000762939453</ele><time>2026-04-04T23:35:36Z</time></trkpt><trkpt lat="37.56925582885742" lon="126.99910736083984"><ele>21.200000762939453</ele><time>2026-04-04T23:35:37Z</time></trkpt><trkpt lat="37.569244384765625" lon="126.99908447265625"><ele>21.200000762939453</ele><time>2026-04-04T23:35:38Z</time></trkpt><trkpt lat="37.56924057006836" lon="126.99905395507812"><ele>21.399999618530273</ele><time>2026-04-04T23:35:39Z</time></trkpt><trkpt lat="37.56923294067383" lon="126.99903106689453"><ele>21.399999618530273</ele><time>2026-04-04T23:35:40Z</time></trkpt><trkpt lat="37.5692253112793" lon="126.99899291992188"><ele>21.399999618530273</ele><time>2026-04-04T23:35:41Z</time></trkpt><trkpt lat="37.56922149658203" lon="126.99897003173828"><ele>21.399999618530273</ele><time>2026-04-04T23:35:42Z</time></trkpt><trkpt lat="37.5692138671875" lon="126.99893951416016"><ele>21.600000381469727</ele><time>2026-04-04T23:35:43Z</time></trkpt><trkpt lat="37.5692138671875" lon="126.99890899658203"><ele>21.600000381469727</ele><time>2026-04-04T23:35:44Z</time></trkpt><trkpt lat="37.5692024230957" lon="126.9988784790039"><ele>21.600000381469727</ele><time>2026-04-04T23:35:45Z</time></trkpt><trkpt lat="37.56919860839844" lon="126.99884796142578"><ele>21.600000381469727</ele><time>2026-04-04T23:35:46Z</time></trkpt><trkpt lat="37.56919479370117" lon="126.99881744384766"><ele>21.600000381469727</ele><time>2026-04-04T23:35:47Z</time></trkpt><trkpt lat="37.569190979003906" lon="126.998779296875"><ele>21.799999237060547</ele><time>2026-04-04T23:35:48Z</time></trkpt><trkpt lat="37.56918716430664" lon="126.9987564086914"><ele>21.799999237060547</ele><time>2026-04-04T23:35:49Z</time></trkpt><trkpt lat="37.569175720214844" lon="126.99871826171875"><ele>21.799999237060547</ele><time>2026-04-04T23:35:50Z</time></trkpt><trkpt lat="37.56917190551758" lon="126.99869537353516"><ele>21.799999237060547</ele><time>2026-04-04T23:35:51Z</time></trkpt><trkpt lat="37.56916427612305" lon="126.99866485595703"><ele>21.799999237060547</ele><time>2026-04-04T23:35:52Z</time></trkpt><trkpt lat="37.56916427612305" lon="126.9986343383789"><ele>21.600000381469727</ele><time>2026-04-04T23:35:53Z</time></trkpt><trkpt lat="37.56915283203125" lon="126.99861145019531"><ele>21.600000381469727</ele><time>2026-04-04T23:35:54Z</time></trkpt><trkpt lat="37.56914520263672" lon="126.99858093261719"><ele>21.799999237060547</ele><time>2026-04-04T23:35:55Z</time></trkpt><trkpt lat="37.56913757324219" lon="126.99855041503906"><ele>21.799999237060547</ele><time>2026-04-04T23:35:56Z</time></trkpt><trkpt lat="37.569129943847656" lon="126.9985122680664"><ele>21.799999237060547</ele><time>2026-04-04T23:35:57Z</time></trkpt><trkpt lat="37.56912612915039" lon="126.99848937988281"><ele>21.799999237060547</ele><time>2026-04-04T23:35:58Z</time></trkpt><trkpt lat="37.569122314453125" lon="126.99845123291016"><ele>22.0</ele><time>2026-04-04T23:35:59Z</time></trkpt><trkpt lat="37.569122314453125" lon="126.99842834472656"><ele>22.0</ele><time>2026-04-04T23:36:00Z</time></trkpt><trkpt lat="37.56911087036133" lon="126.99840545654297"><ele>22.0</ele><time>2026-04-04T23:36:01Z</time></trkpt><trkpt lat="37.56910705566406" lon="126.99837493896484"><ele>22.200000762939453</ele><time>2026-04-04T23:36:02Z</time></trkpt><trkpt lat="37.56909942626953" lon="126.99834442138672"><ele>22.200000762939453</ele><time>2026-04-04T23:36:03Z</time></trkpt><trkpt lat="37.56909942626953" lon="126.99830627441406"><ele>22.200000762939453</ele><time>2026-04-04T23:36:04Z</time></trkpt><trkpt lat="37.56908416748047" lon="126.998291015625"><ele>22.200000762939453</ele><time>2026-04-04T23:36:05Z</time></trkpt><trkpt lat="37.56907653808594" lon="126.99825286865234"><ele>22.200000762939453</ele><time>2026-04-04T23:36:06Z</time></trkpt><trkpt lat="37.569068908691406" lon="126.99822998046875"><ele>22.200000762939453</ele><time>2026-04-04T23:36:07Z</time></trkpt><trkpt lat="37.56905746459961" lon="126.99819946289062"><ele>22.399999618530273</ele><time>2026-04-04T23:36:08Z</time></trkpt><trkpt lat="37.569053649902344" lon="126.9981689453125"><ele>22.399999618530273</ele><time>2026-04-04T23:36:09Z</time></trkpt><trkpt lat="37.56904602050781" lon="126.99813842773438"><ele>22.399999618530273</ele><time>2026-04-04T23:36:10Z</time></trkpt><trkpt lat="37.56904220581055" lon="126.99810791015625"><ele>22.399999618530273</ele><time>2026-04-04T23:36:11Z</time></trkpt><trkpt lat="37.56903076171875" lon="126.99809265136719"><ele>22.600000381469727</ele><time>2026-04-04T23:36:12Z</time></trkpt><trkpt lat="37.569026947021484" lon="126.99805450439453"><ele>22.600000381469727</ele><time>2026-04-04T23:36:13Z</time></trkpt><trkpt lat="37.56902313232422" lon="126.99803161621094"><ele>22.600000381469727</ele><time>2026-04-04T23:36:14Z</time></trkpt><trkpt lat="37.56901931762695" lon="126.99800109863281"><ele>22.799999237060547</ele><time>2026-04-04T23:36:15Z</time></trkpt><trkpt lat="37.56901550292969" lon="126.99797058105469"><ele>22.799999237060547</ele><time>2026-04-04T23:36:16Z</time></trkpt><trkpt lat="37.56901168823242" lon="126.99794006347656"><ele>22.799999237060547</ele><time>2026-04-04T23:36:17Z</time></trkpt><trkpt lat="37.569007873535156" lon="126.99790954589844"><ele>22.799999237060547</ele><time>2026-04-04T23:36:18Z</time></trkpt><trkpt lat="37.56899642944336" lon="126.99788665771484"><ele>22.799999237060547</ele><time>2026-04-04T23:36:19Z</time></trkpt><trkpt lat="37.56898880004883" lon="126.99784851074219"><ele>22.799999237060547</ele><time>2026-04-04T23:36:20Z</time></trkpt><trkpt lat="37.5689811706543" lon="126.9978256225586"><ele>22.799999237060547</ele><time>2026-04-04T23:36:21Z</time></trkpt><trkpt lat="37.568973541259766" lon="126.99778747558594"><ele>22.799999237060547</ele><time>2026-04-04T23:36:22Z</time></trkpt><trkpt lat="37.5689697265625" lon="126.99776458740234"><ele>22.799999237060547</ele><time>2026-04-04T23:36:23Z</time></trkpt><trkpt lat="37.56896209716797" lon="126.99774169921875"><ele>22.799999237060547</ele><time>2026-04-04T23:36:24Z</time></trkpt><trkpt lat="37.5689582824707" lon="126.99771118164062"><ele>22.600000381469727</ele><time>2026-04-04T23:36:25Z</time></trkpt><trkpt lat="37.56895065307617" lon="126.9976806640625"><ele>22.600000381469727</ele><time>2026-04-04T23:36:26Z</time></trkpt><trkpt lat="37.568946838378906" lon="126.99764251708984"><ele>22.600000381469727</ele><time>2026-04-04T23:36:27Z</time></trkpt><trkpt lat="37.568939208984375" lon="126.99761962890625"><ele>22.600000381469727</ele><time>2026-04-04T23:36:28Z</time></trkpt><trkpt lat="37.56893539428711" lon="126.9975814819336"><ele>22.600000381469727</ele><time>2026-04-04T23:36:29Z</time></trkpt><trkpt lat="37.56892776489258" lon="126.99755859375"><ele>22.600000381469727</ele><time>2026-04-04T23:36:30Z</time></trkpt><trkpt lat="37.56892395019531" lon="126.99752044677734"><ele>22.600000381469727</ele><time>2026-04-04T23:36:31Z</time></trkpt><trkpt lat="37.56891632080078" lon="126.99748992919922"><ele>22.600000381469727</ele><time>2026-04-04T23:36:32Z</time></trkpt><trkpt lat="37.56890869140625" lon="126.9974594116211"><ele>22.799999237060547</ele><time>2026-04-04T23:36:33Z</time></trkpt><trkpt lat="37.568912506103516" lon="126.99742889404297"><ele>22.799999237060547</ele><time>2026-04-04T23:36:34Z</time></trkpt><trkpt lat="37.568904876708984" lon="126.99739837646484"><ele>22.600000381469727</ele><time>2026-04-04T23:36:35Z</time></trkpt><trkpt lat="37.568904876708984" lon="126.99736022949219"><ele>22.600000381469727</ele><time>2026-04-04T23:36:36Z</time></trkpt><trkpt lat="37.568904876708984" lon="126.99732971191406"><ele>22.600000381469727</ele><time>2026-04-04T23:36:37Z</time></trkpt><trkpt lat="37.568904876708984" lon="126.9972915649414"><ele>22.600000381469727</ele><time>2026-04-04T23:36:38Z</time></trkpt><trkpt lat="37.56890106201172" lon="126.99726867675781"><ele>22.600000381469727</ele><time>2026-04-04T23:36:39Z</time></trkpt><trkpt lat="37.56889343261719" lon="126.99723815917969"><ele>22.600000381469727</ele><time>2026-04-04T23:36:40Z</time></trkpt><trkpt lat="37.56888961791992" lon="126.9972152709961"><ele>22.600000381469727</ele><time>2026-04-04T23:36:41Z</time></trkpt><trkpt lat="37.568885803222656" lon="126.99718475341797"><ele>22.600000381469727</ele><time>2026-04-04T23:36:42Z</time></trkpt><trkpt lat="37.568885803222656" lon="126.99715423583984"><ele>22.600000381469727</ele><time>2026-04-04T23:36:43Z</time></trkpt><trkpt lat="37.56888198852539" lon="126.99713134765625"><ele>22.600000381469727</ele><time>2026-04-04T23:36:44Z</time></trkpt><trkpt lat="37.568878173828125" lon="126.9970932006836"><ele>22.600000381469727</ele><time>2026-04-04T23:36:45Z</time></trkpt><trkpt lat="37.56887435913086" lon="126.99706268310547"><ele>22.600000381469727</ele><time>2026-04-04T23:36:46Z</time></trkpt><trkpt lat="37.56887435913086" lon="126.99702453613281"><ele>22.600000381469727</ele><time>2026-04-04T23:36:47Z</time></trkpt><trkpt lat="37.568870544433594" lon="126.99700927734375"><ele>22.600000381469727</ele><time>2026-04-04T23:36:48Z</time></trkpt><trkpt lat="37.56886672973633" lon="126.9969711303711"><ele>22.600000381469727</ele><time>2026-04-04T23:36:49Z</time></trkpt><trkpt lat="37.56886291503906" lon="126.99694061279297"><ele>22.600000381469727</ele><time>2026-04-04T23:36:50Z</time></trkpt><trkpt lat="37.5688591003418" lon="126.99691009521484"><ele>22.600000381469727</ele><time>2026-04-04T23:36:51Z</time></trkpt><trkpt lat="37.56886291503906" lon="126.99687957763672"><ele>22.600000381469727</ele><time>2026-04-04T23:36:52Z</time></trkpt><trkpt lat="37.5688591003418" lon="126.99685668945312"><ele>22.600000381469727</ele><time>2026-04-04T23:36:53Z</time></trkpt><trkpt lat="37.56885528564453" lon="126.99681854248047"><ele>22.600000381469727</ele><time>2026-04-04T23:36:54Z</time></trkpt><trkpt lat="37.56884765625" lon="126.99678802490234"><ele>22.600000381469727</ele><time>2026-04-04T23:36:55Z</time></trkpt><trkpt lat="37.568843841552734" lon="126.99675750732422"><ele>22.600000381469727</ele><time>2026-04-04T23:36:56Z</time></trkpt><trkpt lat="37.56884002685547" lon="126.9967269897461"><ele>22.600000381469727</ele><time>2026-04-04T23:36:57Z</time></trkpt><trkpt lat="37.5688362121582" lon="126.99669647216797"><ele>22.600000381469727</ele><time>2026-04-04T23:36:58Z</time></trkpt><trkpt lat="37.5688362121582" lon="126.99666595458984"><ele>22.600000381469727</ele><time>2026-04-04T23:36:59Z</time></trkpt><trkpt lat="37.56883239746094" lon="126.99664306640625"><ele>22.600000381469727</ele><time>2026-04-04T23:37:00Z</time></trkpt><trkpt lat="37.56882858276367" lon="126.9966049194336"><ele>22.600000381469727</ele><time>2026-04-04T23:37:01Z</time></trkpt><trkpt lat="37.56882858276367" lon="126.99658203125"><ele>22.600000381469727</ele><time>2026-04-04T23:37:02Z</time></trkpt><trkpt lat="37.568824768066406" lon="126.99655151367188"><ele>22.600000381469727</ele><time>2026-04-04T23:37:03Z</time></trkpt><trkpt lat="37.568817138671875" lon="126.99652099609375"><ele>22.600000381469727</ele><time>2026-04-04T23:37:04Z</time></trkpt><trkpt lat="37.56881332397461" lon="126.99649047851562"><ele>22.600000381469727</ele><time>2026-04-04T23:37:05Z</time></trkpt><trkpt lat="37.568817138671875" lon="126.99645233154297"><ele>22.600000381469727</ele><time>2026-04-04T23:37:06Z</time></trkpt><trkpt lat="37.56881332397461" lon="126.99642944335938"><ele>22.600000381469727</ele><time>2026-04-04T23:37:07Z</time></trkpt><trkpt lat="37.568809509277344" lon="126.99639892578125"><ele>22.600000381469727</ele><time>2026-04-04T23:37:08Z</time></trkpt><trkpt lat="37.568809509277344" lon="126.99637603759766"><ele>22.799999237060547</ele><time>2026-04-04T23:37:09Z</time></trkpt><trkpt lat="37.56880569458008" lon="126.99634552001953"><ele>22.799999237060547</ele><time>2026-04-04T23:37:10Z</time></trkpt><trkpt lat="37.56880569458008" lon="126.99632263183594"><ele>22.799999237060547</ele><time>2026-04-04T23:37:11Z</time></trkpt><trkpt lat="37.56880187988281" lon="126.99629211425781"><ele>22.799999237060547</ele><time>2026-04-04T23:37:12Z</time></trkpt><trkpt lat="37.56879806518555" lon="126.99626159667969"><ele>22.799999237060547</ele><time>2026-04-04T23:37:13Z</time></trkpt><trkpt lat="37.568790435791016" lon="126.99623107910156"><ele>22.799999237060547</ele><time>2026-04-04T23:37:14Z</time></trkpt><trkpt lat="37.568790435791016" lon="126.99620056152344"><ele>23.0</ele><time>2026-04-04T23:37:15Z</time></trkpt><trkpt lat="37.56878662109375" lon="126.99617004394531"><ele>23.0</ele><time>2026-04-04T23:37:16Z</time></trkpt><trkpt lat="37.568782806396484" lon="126.99613952636719"><ele>23.0</ele><time>2026-04-04T23:37:17Z</time></trkpt><trkpt lat="37.568782806396484" lon="126.99610900878906"><ele>22.799999237060547</ele><time>2026-04-04T23:37:18Z</time></trkpt><trkpt lat="37.56877899169922" lon="126.99607849121094"><ele>22.799999237060547</ele><time>2026-04-04T23:37:19Z</time></trkpt><trkpt lat="37.568782806396484" lon="126.99604797363281"><ele>22.799999237060547</ele><time>2026-04-04T23:37:20Z</time></trkpt><trkpt lat="37.56877517700195" lon="126.99602508544922"><ele>22.799999237060547</ele><time>2026-04-04T23:37:21Z</time></trkpt><trkpt lat="37.56877517700195" lon="126.99598693847656"><ele>22.799999237060547</ele><time>2026-04-04T23:37:22Z</time></trkpt><trkpt lat="37.56877136230469" lon="126.99596405029297"><ele>22.799999237060547</ele><time>2026-04-04T23:37:23Z</time></trkpt><trkpt lat="37.56877517700195" lon="126.99593353271484"><ele>22.799999237060547</ele><time>2026-04-04T23:37:24Z</time></trkpt><trkpt lat="37.56877517700195" lon="126.99590301513672"><ele>22.799999237060547</ele><time>2026-04-04T23:37:25Z</time></trkpt><trkpt lat="37.56877899169922" lon="126.99585723876953"><ele>22.799999237060547</ele><time>2026-04-04T23:37:26Z</time></trkpt><trkpt lat="37.56877517700195" lon="126.99583435058594"><ele>22.799999237060547</ele><time>2026-04-04T23:37:27Z</time></trkpt><trkpt lat="37.56877517700195" lon="126.99579620361328"><ele>22.799999237060547</ele><time>2026-04-04T23:37:28Z</time></trkpt><trkpt lat="37.56877517700195" lon="126.99576568603516"><ele>22.799999237060547</ele><time>2026-04-04T23:37:29Z</time></trkpt><trkpt lat="37.56877517700195" lon="126.99573516845703"><ele>22.799999237060547</ele><time>2026-04-04T23:37:30Z</time></trkpt><trkpt lat="37.568782806396484" lon="126.9957046508789"><ele>23.0</ele><time>2026-04-04T23:37:31Z</time></trkpt><trkpt lat="37.56878662109375" lon="126.99568176269531"><ele>23.0</ele><time>2026-04-04T23:37:32Z</time></trkpt><trkpt lat="37.56878662109375" lon="126.99565124511719"><ele>23.0</ele><time>2026-04-04T23:37:33Z</time></trkpt><trkpt lat="37.568782806396484" lon="126.99562072753906"><ele>23.200000762939453</ele><time>2026-04-04T23:37:34Z</time></trkpt><trkpt lat="37.56877899169922" lon="126.99559020996094"><ele>23.200000762939453</ele><time>2026-04-04T23:37:35Z</time></trkpt><trkpt lat="37.56877517700195" lon="126.99556732177734"><ele>23.200000762939453</ele><time>2026-04-04T23:37:36Z</time></trkpt><trkpt lat="37.56877517700195" lon="126.99553680419922"><ele>23.399999618530273</ele><time>2026-04-04T23:37:37Z</time></trkpt><trkpt lat="37.56877136230469" lon="126.9955062866211"><ele>23.399999618530273</ele><time>2026-04-04T23:37:38Z</time></trkpt><trkpt lat="37.568763732910156" lon="126.99547576904297"><ele>23.399999618530273</ele><time>2026-04-04T23:37:39Z</time></trkpt><trkpt lat="37.568763732910156" lon="126.99544525146484"><ele>23.399999618530273</ele><time>2026-04-04T23:37:40Z</time></trkpt><trkpt lat="37.56876754760742" lon="126.99541473388672"><ele>23.399999618530273</ele><time>2026-04-04T23:37:41Z</time></trkpt><trkpt lat="37.56876754760742" lon="126.99537658691406"><ele>23.399999618530273</ele><time>2026-04-04T23:37:42Z</time></trkpt><trkpt lat="37.568763732910156" lon="126.9953384399414"><ele>23.399999618530273</ele><time>2026-04-04T23:37:43Z</time></trkpt><trkpt lat="37.568763732910156" lon="126.99530792236328"><ele>23.399999618530273</ele><time>2026-04-04T23:37:44Z</time></trkpt><trkpt lat="37.56875991821289" lon="126.99527740478516"><ele>23.399999618530273</ele><time>2026-04-04T23:37:45Z</time></trkpt><trkpt lat="37.56875991821289" lon="126.99524688720703"><ele>23.399999618530273</ele><time>2026-04-04T23:37:46Z</time></trkpt><trkpt lat="37.56875991821289" lon="126.9952163696289"><ele>23.399999618530273</ele><time>2026-04-04T23:37:47Z</time></trkpt><trkpt lat="37.568756103515625" lon="126.99520111083984"><ele>23.399999618530273</ele><time>2026-04-04T23:37:48Z</time></trkpt><trkpt lat="37.56875228881836" lon="126.99517059326172"><ele>23.399999618530273</ele><time>2026-04-04T23:37:49Z</time></trkpt><trkpt lat="37.56875228881836" lon="126.99514770507812"><ele>23.600000381469727</ele><time>2026-04-04T23:37:50Z</time></trkpt><trkpt lat="37.56875228881836" lon="126.99510955810547"><ele>23.600000381469727</ele><time>2026-04-04T23:37:51Z</time></trkpt><trkpt lat="37.56875228881836" lon="126.99507904052734"><ele>23.600000381469727</ele><time>2026-04-04T23:37:52Z</time></trkpt><trkpt lat="37.56874465942383" lon="126.99504852294922"><ele>23.600000381469727</ele><time>2026-04-04T23:37:53Z</time></trkpt><trkpt lat="37.56874084472656" lon="126.9950180053711"><ele>23.600000381469727</ele><time>2026-04-04T23:37:54Z</time></trkpt><trkpt lat="37.568729400634766" lon="126.99498748779297"><ele>23.600000381469727</ele><time>2026-04-04T23:37:55Z</time></trkpt><trkpt lat="37.56871795654297" lon="126.99495697021484"><ele>23.799999237060547</ele><time>2026-04-04T23:37:56Z</time></trkpt><trkpt lat="37.5687141418457" lon="126.99492645263672"><ele>23.799999237060547</ele><time>2026-04-04T23:37:57Z</time></trkpt><trkpt lat="37.5687141418457" lon="126.99488830566406"><ele>23.600000381469727</ele><time>2026-04-04T23:37:58Z</time></trkpt><trkpt lat="37.5687141418457" lon="126.99485778808594"><ele>23.600000381469727</ele><time>2026-04-04T23:37:59Z</time></trkpt><trkpt lat="37.56871032714844" lon="126.99481964111328"><ele>23.600000381469727</ele><time>2026-04-04T23:38:00Z</time></trkpt><trkpt lat="37.56871032714844" lon="126.99478912353516"><ele>23.600000381469727</ele><time>2026-04-04T23:38:01Z</time></trkpt><trkpt lat="37.56870651245117" lon="126.99475860595703"><ele>23.399999618530273</ele><time>2026-04-04T23:38:02Z</time></trkpt><trkpt lat="37.568702697753906" lon="126.99472045898438"><ele>23.399999618530273</ele><time>2026-04-04T23:38:03Z</time></trkpt><trkpt lat="37.56869888305664" lon="126.99469757080078"><ele>23.399999618530273</ele><time>2026-04-04T23:38:04Z</time></trkpt><trkpt lat="37.56869888305664" lon="126.99466705322266"><ele>23.399999618530273</ele><time>2026-04-04T23:38:05Z</time></trkpt><trkpt lat="37.56869888305664" lon="126.99463653564453"><ele>23.399999618530273</ele><time>2026-04-04T23:38:06Z</time></trkpt><trkpt lat="37.568702697753906" lon="126.99459838867188"><ele>23.399999618530273</ele><time>2026-04-04T23:38:07Z</time></trkpt><trkpt lat="37.568702697753906" lon="126.99457550048828"><ele>23.399999618530273</ele><time>2026-04-04T23:38:08Z</time></trkpt><trkpt lat="37.56869888305664" lon="126.99455261230469"><ele>23.399999618530273</ele><time>2026-04-04T23:38:09Z</time></trkpt><trkpt lat="37.56869888305664" lon="126.99452209472656"><ele>23.399999618530273</ele><time>2026-04-04T23:38:10Z</time></trkpt><trkpt lat="37.56869125366211" lon="126.99449157714844"><ele>23.399999618530273</ele><time>2026-04-04T23:38:11Z</time></trkpt><trkpt lat="37.568687438964844" lon="126.99446105957031"><ele>23.399999618530273</ele><time>2026-04-04T23:38:12Z</time></trkpt><trkpt lat="37.56867599487305" lon="126.99443817138672"><ele>23.600000381469727</ele><time>2026-04-04T23:38:13Z</time></trkpt><trkpt lat="37.56867218017578" lon="126.9944076538086"><ele>23.600000381469727</ele><time>2026-04-04T23:38:14Z</time></trkpt><trkpt lat="37.56867218017578" lon="126.99437713623047"><ele>23.600000381469727</ele><time>2026-04-04T23:38:15Z</time></trkpt><trkpt lat="37.56867218017578" lon="126.99433898925781"><ele>23.600000381469727</ele><time>2026-04-04T23:38:16Z</time></trkpt><trkpt lat="37.568660736083984" lon="126.99431610107422"><ele>23.600000381469727</ele><time>2026-04-04T23:38:17Z</time></trkpt><trkpt lat="37.56865692138672" lon="126.99427795410156"><ele>23.600000381469727</ele><time>2026-04-04T23:38:18Z</time></trkpt><trkpt lat="37.56865310668945" lon="126.99424743652344"><ele>23.600000381469727</ele><time>2026-04-04T23:38:19Z</time></trkpt><trkpt lat="37.56864547729492" lon="126.99422454833984"><ele>23.600000381469727</ele><time>2026-04-04T23:38:20Z</time></trkpt><trkpt lat="37.56864547729492" lon="126.99419403076172"><ele>23.600000381469727</ele><time>2026-04-04T23:38:21Z</time></trkpt><trkpt lat="37.568641662597656" lon="126.9941635131836"><ele>23.600000381469727</ele><time>2026-04-04T23:38:22Z</time></trkpt><trkpt lat="37.568641662597656" lon="126.99413299560547"><ele>23.600000381469727</ele><time>2026-04-04T23:38:23Z</time></trkpt><trkpt lat="37.56863784790039" lon="126.99410247802734"><ele>23.600000381469727</ele><time>2026-04-04T23:38:24Z</time></trkpt><trkpt lat="37.568634033203125" lon="126.99407196044922"><ele>23.399999618530273</ele><time>2026-04-04T23:38:25Z</time></trkpt><trkpt lat="37.56863021850586" lon="126.9940414428711"><ele>23.399999618530273</ele><time>2026-04-04T23:38:26Z</time></trkpt><trkpt lat="37.568626403808594" lon="126.99400329589844"><ele>23.399999618530273</ele><time>2026-04-04T23:38:27Z</time></trkpt><trkpt lat="37.56861877441406" lon="126.99398040771484"><ele>23.399999618530273</ele><time>2026-04-04T23:38:28Z</time></trkpt><trkpt lat="37.5686149597168" lon="126.99394226074219"><ele>23.399999618530273</ele><time>2026-04-04T23:38:29Z</time></trkpt><trkpt lat="37.56861114501953" lon="126.9939193725586"><ele>23.600000381469727</ele><time>2026-04-04T23:38:30Z</time></trkpt><trkpt lat="37.56861877441406" lon="126.99388122558594"><ele>23.600000381469727</ele><time>2026-04-04T23:38:31Z</time></trkpt><trkpt lat="37.56862258911133" lon="126.99385070800781"><ele>23.600000381469727</ele><time>2026-04-04T23:38:32Z</time></trkpt><trkpt lat="37.568626403808594" lon="126.99382019042969"><ele>23.600000381469727</ele><time>2026-04-04T23:38:33Z</time></trkpt><trkpt lat="37.568634033203125" lon="126.99378967285156"><ele>23.600000381469727</ele><time>2026-04-04T23:38:34Z</time></trkpt><trkpt lat="37.568626403808594" lon="126.99375915527344"><ele>23.600000381469727</ele><time>2026-04-04T23:38:35Z</time></trkpt><trkpt lat="37.568626403808594" lon="126.99372863769531"><ele>23.600000381469727</ele><time>2026-04-04T23:38:36Z</time></trkpt><trkpt lat="37.56861877441406" lon="126.99371337890625"><ele>23.600000381469727</ele><time>2026-04-04T23:38:37Z</time></trkpt><trkpt lat="37.5686149597168" lon="126.9936752319336"><ele>23.399999618530273</ele><time>2026-04-04T23:38:38Z</time></trkpt><trkpt lat="37.56861877441406" lon="126.99365234375"><ele>23.200000762939453</ele><time>2026-04-04T23:38:39Z</time></trkpt><trkpt lat="37.56861877441406" lon="126.99361419677734"><ele>23.200000762939453</ele><time>2026-04-04T23:38:40Z</time></trkpt><trkpt lat="37.56861877441406" lon="126.99359130859375"><ele>23.200000762939453</ele><time>2026-04-04T23:38:41Z</time></trkpt><trkpt lat="37.56862258911133" lon="126.9935531616211"><ele>23.200000762939453</ele><time>2026-04-04T23:38:42Z</time></trkpt><trkpt lat="37.56861877441406" lon="126.99352264404297"><ele>23.200000762939453</ele><time>2026-04-04T23:38:43Z</time></trkpt><trkpt lat="37.56861114501953" lon="126.99349975585938"><ele>23.200000762939453</ele><time>2026-04-04T23:38:44Z</time></trkpt><trkpt lat="37.568607330322266" lon="126.99346160888672"><ele>23.399999618530273</ele><time>2026-04-04T23:38:45Z</time></trkpt><trkpt lat="37.568607330322266" lon="126.99343872070312"><ele>23.600000381469727</ele><time>2026-04-04T23:38:46Z</time></trkpt><trkpt lat="37.568607330322266" lon="126.993408203125"><ele>23.799999237060547</ele><time>2026-04-04T23:38:47Z</time></trkpt><trkpt lat="37.56861114501953" lon="126.9933853149414"><ele>23.799999237060547</ele><time>2026-04-04T23:38:48Z</time></trkpt><trkpt lat="37.568607330322266" lon="126.99335479736328"><ele>24.0</ele><time>2026-04-04T23:38:49Z</time></trkpt><trkpt lat="37.568603515625" lon="126.99332427978516"><ele>24.0</ele><time>2026-04-04T23:38:50Z</time></trkpt><trkpt lat="37.56859588623047" lon="126.99330139160156"><ele>24.0</ele><time>2026-04-04T23:38:51Z</time></trkpt><trkpt lat="37.5685920715332" lon="126.9932632446289"><ele>24.0</ele><time>2026-04-04T23:38:52Z</time></trkpt><trkpt lat="37.56858825683594" lon="126.99324035644531"><ele>24.0</ele><time>2026-04-04T23:38:53Z</time></trkpt><trkpt lat="37.56858825683594" lon="126.99320220947266"><ele>24.200000762939453</ele><time>2026-04-04T23:38:54Z</time></trkpt><trkpt lat="37.568580627441406" lon="126.99317169189453"><ele>24.200000762939453</ele><time>2026-04-04T23:38:55Z</time></trkpt><trkpt lat="37.56857681274414" lon="126.99313354492188"><ele>24.200000762939453</ele><time>2026-04-04T23:38:56Z</time></trkpt><trkpt lat="37.56857681274414" lon="126.99310302734375"><ele>24.200000762939453</ele><time>2026-04-04T23:38:57Z</time></trkpt><trkpt lat="37.568580627441406" lon="126.9930648803711"><ele>24.200000762939453</ele><time>2026-04-04T23:38:58Z</time></trkpt><trkpt lat="37.56858444213867" lon="126.9930419921875"><ele>24.399999618530273</ele><time>2026-04-04T23:38:59Z</time></trkpt><trkpt lat="37.56857681274414" lon="126.99300384521484"><ele>24.399999618530273</ele><time>2026-04-04T23:39:00Z</time></trkpt><trkpt lat="37.56857681274414" lon="126.99297332763672"><ele>24.200000762939453</ele><time>2026-04-04T23:39:01Z</time></trkpt><trkpt lat="37.568572998046875" lon="126.99293518066406"><ele>24.200000762939453</ele><time>2026-04-04T23:39:02Z</time></trkpt><trkpt lat="37.568572998046875" lon="126.9928970336914"><ele>24.200000762939453</ele><time>2026-04-04T23:39:03Z</time></trkpt><trkpt lat="37.568565368652344" lon="126.99286651611328"><ele>24.200000762939453</ele><time>2026-04-04T23:39:04Z</time></trkpt><trkpt lat="37.568565368652344" lon="126.99283599853516"><ele>24.200000762939453</ele><time>2026-04-04T23:39:05Z</time></trkpt><trkpt lat="37.56855392456055" lon="126.99281311035156"><ele>24.200000762939453</ele><time>2026-04-04T23:39:06Z</time></trkpt><trkpt lat="37.56855010986328" lon="126.99278259277344"><ele>24.200000762939453</ele><time>2026-04-04T23:39:07Z</time></trkpt><trkpt lat="37.568546295166016" lon="126.99275970458984"><ele>24.200000762939453</ele><time>2026-04-04T23:39:08Z</time></trkpt><trkpt lat="37.568538665771484" lon="126.99272918701172"><ele>24.200000762939453</ele><time>2026-04-04T23:39:09Z</time></trkpt><trkpt lat="37.568538665771484" lon="126.9926986694336"><ele>24.200000762939453</ele><time>2026-04-04T23:39:10Z</time></trkpt><trkpt lat="37.56853485107422" lon="126.99266815185547"><ele>24.200000762939453</ele><time>2026-04-04T23:39:11Z</time></trkpt><trkpt lat="37.56853103637695" lon="126.99263763427734"><ele>24.200000762939453</ele><time>2026-04-04T23:39:12Z</time></trkpt><trkpt lat="37.56853103637695" lon="126.99261474609375"><ele>24.200000762939453</ele><time>2026-04-04T23:39:13Z</time></trkpt><trkpt lat="37.56853103637695" lon="126.9925765991211"><ele>24.200000762939453</ele><time>2026-04-04T23:39:14Z</time></trkpt><trkpt lat="37.56853103637695" lon="126.9925537109375"><ele>24.200000762939453</ele><time>2026-04-04T23:39:15Z</time></trkpt><trkpt lat="37.56853103637695" lon="126.99251556396484"><ele>24.200000762939453</ele><time>2026-04-04T23:39:16Z</time></trkpt><trkpt lat="37.56852722167969" lon="126.99249267578125"><ele>24.200000762939453</ele><time>2026-04-04T23:39:17Z</time></trkpt><trkpt lat="37.56852340698242" lon="126.99246215820312"><ele>24.399999618530273</ele><time>2026-04-04T23:39:18Z</time></trkpt><trkpt lat="37.568519592285156" lon="126.992431640625"><ele>24.399999618530273</ele><time>2026-04-04T23:39:19Z</time></trkpt><trkpt lat="37.56851577758789" lon="126.99240112304688"><ele>24.399999618530273</ele><time>2026-04-04T23:39:20Z</time></trkpt><trkpt lat="37.56851577758789" lon="126.99237060546875"><ele>24.600000381469727</ele><time>2026-04-04T23:39:21Z</time></trkpt><trkpt lat="37.568511962890625" lon="126.99234008789062"><ele>24.600000381469727</ele><time>2026-04-04T23:39:22Z</time></trkpt><trkpt lat="37.568511962890625" lon="126.99230194091797"><ele>24.600000381469727</ele><time>2026-04-04T23:39:23Z</time></trkpt><trkpt lat="37.568504333496094" lon="126.99227905273438"><ele>24.600000381469727</ele><time>2026-04-04T23:39:24Z</time></trkpt><trkpt lat="37.568504333496094" lon="126.99224853515625"><ele>24.600000381469727</ele><time>2026-04-04T23:39:25Z</time></trkpt><trkpt lat="37.56850814819336" lon="126.99221801757812"><ele>24.399999618530273</ele><time>2026-04-04T23:39:26Z</time></trkpt><trkpt lat="37.56850814819336" lon="126.9921875"><ele>24.399999618530273</ele><time>2026-04-04T23:39:27Z</time></trkpt><trkpt lat="37.56850814819336" lon="126.99215698242188"><ele>24.399999618530273</ele><time>2026-04-04T23:39:28Z</time></trkpt><trkpt lat="37.56850051879883" lon="126.99212646484375"><ele>24.399999618530273</ele><time>2026-04-04T23:39:29Z</time></trkpt><trkpt lat="37.56850051879883" lon="126.9920883178711"><ele>24.399999618530273</ele><time>2026-04-04T23:39:30Z</time></trkpt><trkpt lat="37.5684928894043" lon="126.9920654296875"><ele>24.399999618530273</ele><time>2026-04-04T23:39:31Z</time></trkpt><trkpt lat="37.56849670410156" lon="126.99202728271484"><ele>24.399999618530273</ele><time>2026-04-04T23:39:32Z</time></trkpt><trkpt lat="37.568485260009766" lon="126.99200439453125"><ele>24.399999618530273</ele><time>2026-04-04T23:39:33Z</time></trkpt><trkpt lat="37.568485260009766" lon="126.9919662475586"><ele>24.399999618530273</ele><time>2026-04-04T23:39:34Z</time></trkpt><trkpt lat="37.568477630615234" lon="126.99193572998047"><ele>24.200000762939453</ele><time>2026-04-04T23:39:35Z</time></trkpt><trkpt lat="37.5684814453125" lon="126.99188995361328"><ele>24.200000762939453</ele><time>2026-04-04T23:39:36Z</time></trkpt><trkpt lat="37.568477630615234" lon="126.99185943603516"><ele>24.200000762939453</ele><time>2026-04-04T23:39:37Z</time></trkpt><trkpt lat="37.56847381591797" lon="126.9918212890625"><ele>24.200000762939453</ele><time>2026-04-04T23:39:38Z</time></trkpt><trkpt lat="37.568477630615234" lon="126.99179077148438"><ele>24.200000762939453</ele><time>2026-04-04T23:39:39Z</time></trkpt><trkpt lat="37.56847381591797" lon="126.99175262451172"><ele>24.200000762939453</ele><time>2026-04-04T23:39:40Z</time></trkpt><trkpt lat="37.568477630615234" lon="126.9917221069336"><ele>24.200000762939453</ele><time>2026-04-04T23:39:41Z</time></trkpt><trkpt lat="37.56847381591797" lon="126.99169158935547"><ele>24.0</ele><time>2026-04-04T23:39:42Z</time></trkpt><trkpt lat="37.5684700012207" lon="126.99165344238281"><ele>24.0</ele><time>2026-04-04T23:39:43Z</time></trkpt><trkpt lat="37.56846618652344" lon="126.99162292480469"><ele>24.0</ele><time>2026-04-04T23:39:44Z</time></trkpt><trkpt lat="37.5684700012207" lon="126.99159240722656"><ele>24.0</ele><time>2026-04-04T23:39:45Z</time></trkpt><trkpt lat="37.56846237182617" lon="126.99156951904297"><ele>24.0</ele><time>2026-04-04T23:39:46Z</time></trkpt><trkpt lat="37.56846237182617" lon="126.99153137207031"><ele>24.0</ele><time>2026-04-04T23:39:47Z</time></trkpt><trkpt lat="37.56845474243164" lon="126.99150848388672"><ele>24.0</ele><time>2026-04-04T23:39:48Z</time></trkpt><trkpt lat="37.568458557128906" lon="126.99147033691406"><ele>24.0</ele><time>2026-04-04T23:39:49Z</time></trkpt><trkpt lat="37.56845474243164" lon="126.99144744873047"><ele>24.0</ele><time>2026-04-04T23:39:50Z</time></trkpt><trkpt lat="37.568450927734375" lon="126.99140930175781"><ele>23.799999237060547</ele><time>2026-04-04T23:39:51Z</time></trkpt><trkpt lat="37.568450927734375" lon="126.99138641357422"><ele>23.600000381469727</ele><time>2026-04-04T23:39:52Z</time></trkpt><trkpt lat="37.56844711303711" lon="126.9913558959961"><ele>23.600000381469727</ele><time>2026-04-04T23:39:53Z</time></trkpt><trkpt lat="37.56844711303711" lon="126.99131774902344"><ele>23.399999618530273</ele><time>2026-04-04T23:39:54Z</time></trkpt><trkpt lat="37.568443298339844" lon="126.99128723144531"><ele>23.600000381469727</ele><time>2026-04-04T23:39:55Z</time></trkpt><trkpt lat="37.56843948364258" lon="126.99124908447266"><ele>23.600000381469727</ele><time>2026-04-04T23:39:56Z</time></trkpt><trkpt lat="37.56843185424805" lon="126.99122619628906"><ele>23.600000381469727</ele><time>2026-04-04T23:39:57Z</time></trkpt><trkpt lat="37.56842803955078" lon="126.99119567871094"><ele>23.600000381469727</ele><time>2026-04-04T23:39:58Z</time></trkpt><trkpt lat="37.56843185424805" lon="126.99117279052734"><ele>23.600000381469727</ele><time>2026-04-04T23:39:59Z</time></trkpt><trkpt lat="37.56842803955078" lon="126.99113464355469"><ele>23.600000381469727</ele><time>2026-04-04T23:40:00Z</time></trkpt><trkpt lat="37.56842803955078" lon="126.9911117553711"><ele>23.600000381469727</ele><time>2026-04-04T23:40:01Z</time></trkpt><trkpt lat="37.568424224853516" lon="126.99108123779297"><ele>23.600000381469727</ele><time>2026-04-04T23:40:02Z</time></trkpt><trkpt lat="37.56842803955078" lon="126.99104309082031"><ele>23.600000381469727</ele><time>2026-04-04T23:40:03Z</time></trkpt><trkpt lat="37.56842041015625" lon="126.99102020263672"><ele>23.799999237060547</ele><time>2026-04-04T23:40:04Z</time></trkpt><trkpt lat="37.56842041015625" lon="126.99098205566406"><ele>23.799999237060547</ele><time>2026-04-04T23:40:05Z</time></trkpt><trkpt lat="37.56840896606445" lon="126.99095916748047"><ele>23.799999237060547</ele><time>2026-04-04T23:40:06Z</time></trkpt><trkpt lat="37.56840515136719" lon="126.99092102050781"><ele>23.799999237060547</ele><time>2026-04-04T23:40:07Z</time></trkpt><trkpt lat="37.56840515136719" lon="126.99090576171875"><ele>23.799999237060547</ele><time>2026-04-04T23:40:08Z</time></trkpt><trkpt lat="37.56840133666992" lon="126.99085998535156"><ele>23.600000381469727</ele><time>2026-04-04T23:40:09Z</time></trkpt><trkpt lat="37.56840133666992" lon="126.99083709716797"><ele>23.600000381469727</ele><time>2026-04-04T23:40:10Z</time></trkpt><trkpt lat="37.568397521972656" lon="126.99080657958984"><ele>23.600000381469727</ele><time>2026-04-04T23:40:11Z</time></trkpt><trkpt lat="37.568397521972656" lon="126.99077606201172"><ele>23.600000381469727</ele><time>2026-04-04T23:40:12Z</time></trkpt><trkpt lat="37.56839370727539" lon="126.9907455444336"><ele>23.600000381469727</ele><time>2026-04-04T23:40:13Z</time></trkpt><trkpt lat="37.56839370727539" lon="126.99071502685547"><ele>23.799999237060547</ele><time>2026-04-04T23:40:14Z</time></trkpt><trkpt lat="37.568389892578125" lon="126.99068450927734"><ele>23.799999237060547</ele><time>2026-04-04T23:40:15Z</time></trkpt><trkpt lat="37.568389892578125" lon="126.99065399169922"><ele>24.0</ele><time>2026-04-04T23:40:16Z</time></trkpt><trkpt lat="37.568382263183594" lon="126.99063110351562"><ele>24.0</ele><time>2026-04-04T23:40:17Z</time></trkpt><trkpt lat="37.568382263183594" lon="126.9906005859375"><ele>24.200000762939453</ele><time>2026-04-04T23:40:18Z</time></trkpt><trkpt lat="37.5683708190918" lon="126.99057006835938"><ele>24.200000762939453</ele><time>2026-04-04T23:40:19Z</time></trkpt><trkpt lat="37.56836700439453" lon="126.99053955078125"><ele>24.200000762939453</ele><time>2026-04-04T23:40:20Z</time></trkpt><trkpt lat="37.568363189697266" lon="126.99050903320312"><ele>24.200000762939453</ele><time>2026-04-04T23:40:21Z</time></trkpt><trkpt lat="37.568355560302734" lon="126.99048614501953"><ele>24.0</ele><time>2026-04-04T23:40:22Z</time></trkpt><trkpt lat="37.568355560302734" lon="126.99044799804688"><ele>24.0</ele><time>2026-04-04T23:40:23Z</time></trkpt><trkpt lat="37.56835174560547" lon="126.99041748046875"><ele>24.200000762939453</ele><time>2026-04-04T23:40:24Z</time></trkpt><trkpt lat="37.56835174560547" lon="126.99038696289062"><ele>24.200000762939453</ele><time>2026-04-04T23:40:25Z</time></trkpt><trkpt lat="37.56834411621094" lon="126.99036407470703"><ele>24.200000762939453</ele><time>2026-04-04T23:40:26Z</time></trkpt><trkpt lat="37.56834030151367" lon="126.99031829833984"><ele>24.200000762939453</ele><time>2026-04-04T23:40:27Z</time></trkpt><trkpt lat="37.568336486816406" lon="126.99028778076172"><ele>24.200000762939453</ele><time>2026-04-04T23:40:28Z</time></trkpt><trkpt lat="37.568336486816406" lon="126.99024200439453"><ele>24.200000762939453</ele><time>2026-04-04T23:40:29Z</time></trkpt><trkpt lat="37.568328857421875" lon="126.99021911621094"><ele>24.200000762939453</ele><time>2026-04-04T23:40:30Z</time></trkpt><trkpt lat="37.568328857421875" lon="126.99018096923828"><ele>24.0</ele><time>2026-04-04T23:40:31Z</time></trkpt><trkpt lat="37.56832504272461" lon="126.99015045166016"><ele>24.200000762939453</ele><time>2026-04-04T23:40:32Z</time></trkpt><trkpt lat="37.568321228027344" lon="126.99011993408203"><ele>24.200000762939453</ele><time>2026-04-04T23:40:33Z</time></trkpt><trkpt lat="37.56832504272461" lon="126.9900894165039"><ele>24.200000762939453</ele><time>2026-04-04T23:40:34Z</time></trkpt><trkpt lat="37.568321228027344" lon="126.99005126953125"><ele>24.200000762939453</ele><time>2026-04-04T23:40:35Z</time></trkpt><trkpt lat="37.56832504272461" lon="126.99002075195312"><ele>24.200000762939453</ele><time>2026-04-04T23:40:36Z</time></trkpt><trkpt lat="37.56831741333008" lon="126.98999786376953"><ele>24.200000762939453</ele><time>2026-04-04T23:40:37Z</time></trkpt><trkpt lat="37.568321228027344" lon="126.98995208740234"><ele>24.200000762939453</ele><time>2026-04-04T23:40:38Z</time></trkpt><trkpt lat="37.56832504272461" lon="126.98993682861328"><ele>24.200000762939453</ele><time>2026-04-04T23:40:39Z</time></trkpt><trkpt lat="37.568328857421875" lon="126.98989868164062"><ele>24.200000762939453</ele><time>2026-04-04T23:40:40Z</time></trkpt><trkpt lat="37.56833267211914" lon="126.9898681640625"><ele>24.200000762939453</ele><time>2026-04-04T23:40:41Z</time></trkpt><trkpt lat="37.56834030151367" lon="126.98983001708984"><ele>24.200000762939453</ele><time>2026-04-04T23:40:42Z</time></trkpt><trkpt lat="37.56834411621094" lon="126.98979949951172"><ele>24.200000762939453</ele><time>2026-04-04T23:40:43Z</time></trkpt><trkpt lat="37.56835174560547" lon="126.9897689819336"><ele>24.200000762939453</ele><time>2026-04-04T23:40:44Z</time></trkpt><trkpt lat="37.5683479309082" lon="126.98973083496094"><ele>24.200000762939453</ele><time>2026-04-04T23:40:45Z</time></trkpt><trkpt lat="37.5683479309082" lon="126.98970794677734"><ele>24.200000762939453</ele><time>2026-04-04T23:40:46Z</time></trkpt><trkpt lat="37.568336486816406" lon="126.98966979980469"><ele>24.399999618530273</ele><time>2026-04-04T23:40:47Z</time></trkpt><trkpt lat="37.56832504272461" lon="126.98963928222656"><ele>24.399999618530273</ele><time>2026-04-04T23:40:48Z</time></trkpt><trkpt lat="37.56831741333008" lon="126.98959350585938"><ele>24.399999618530273</ele><time>2026-04-04T23:40:49Z</time></trkpt><trkpt lat="37.56830978393555" lon="126.98957061767578"><ele>24.399999618530273</ele><time>2026-04-04T23:40:50Z</time></trkpt><trkpt lat="37.56830978393555" lon="126.9895248413086"><ele>24.399999618530273</ele><time>2026-04-04T23:40:51Z</time></trkpt><trkpt lat="37.568302154541016" lon="126.989501953125"><ele>24.399999618530273</ele><time>2026-04-04T23:40:52Z</time></trkpt><trkpt lat="37.56829833984375" lon="126.98947143554688"><ele>24.399999618530273</ele><time>2026-04-04T23:40:53Z</time></trkpt><trkpt lat="37.568302154541016" lon="126.98944091796875"><ele>24.399999618530273</ele><time>2026-04-04T23:40:54Z</time></trkpt><trkpt lat="37.568294525146484" lon="126.98941040039062"><ele>24.399999618530273</ele><time>2026-04-04T23:40:55Z</time></trkpt><trkpt lat="37.56829071044922" lon="126.98937225341797"><ele>24.399999618530273</ele><time>2026-04-04T23:40:56Z</time></trkpt><trkpt lat="37.56829071044922" lon="126.98934173583984"><ele>24.399999618530273</ele><time>2026-04-04T23:40:57Z</time></trkpt><trkpt lat="37.56829071044922" lon="126.98930358886719"><ele>24.399999618530273</ele><time>2026-04-04T23:40:58Z</time></trkpt><trkpt lat="37.56829071044922" lon="126.9892807006836"><ele>24.399999618530273</ele><time>2026-04-04T23:40:59Z</time></trkpt><trkpt lat="37.56829071044922" lon="126.98924255371094"><ele>24.399999618530273</ele><time>2026-04-04T23:41:00Z</time></trkpt><trkpt lat="37.568294525146484" lon="126.98921203613281"><ele>24.600000381469727</ele><time>2026-04-04T23:41:01Z</time></trkpt><trkpt lat="37.568294525146484" lon="126.98918151855469"><ele>24.600000381469727</ele><time>2026-04-04T23:41:02Z</time></trkpt><trkpt lat="37.568294525146484" lon="126.98914337158203"><ele>24.600000381469727</ele><time>2026-04-04T23:41:03Z</time></trkpt><trkpt lat="37.56829071044922" lon="126.9891128540039"><ele>24.600000381469727</ele><time>2026-04-04T23:41:04Z</time></trkpt><trkpt lat="37.56828689575195" lon="126.98908233642578"><ele>24.600000381469727</ele><time>2026-04-04T23:41:05Z</time></trkpt><trkpt lat="37.56827926635742" lon="126.98905181884766"><ele>24.799999237060547</ele><time>2026-04-04T23:41:06Z</time></trkpt><trkpt lat="37.568275451660156" lon="126.98902130126953"><ele>24.799999237060547</ele><time>2026-04-04T23:41:07Z</time></trkpt><trkpt lat="37.56826400756836" lon="126.98899841308594"><ele>24.799999237060547</ele><time>2026-04-04T23:41:08Z</time></trkpt><trkpt lat="37.56826400756836" lon="126.98895263671875"><ele>24.799999237060547</ele><time>2026-04-04T23:41:09Z</time></trkpt><trkpt lat="37.56826400756836" lon="126.98892974853516"><ele>24.799999237060547</ele><time>2026-04-04T23:41:10Z</time></trkpt><trkpt lat="37.56825256347656" lon="126.9888916015625"><ele>24.799999237060547</ele><time>2026-04-04T23:41:11Z</time></trkpt><trkpt lat="37.5682487487793" lon="126.98885345458984"><ele>24.799999237060547</ele><time>2026-04-04T23:41:12Z</time></trkpt><trkpt lat="37.56824493408203" lon="126.98883056640625"><ele>24.799999237060547</ele><time>2026-04-04T23:41:13Z</time></trkpt><trkpt lat="37.56824493408203" lon="126.9887924194336"><ele>24.799999237060547</ele><time>2026-04-04T23:41:14Z</time></trkpt><trkpt lat="37.56824493408203" lon="126.98876190185547"><ele>24.799999237060547</ele><time>2026-04-04T23:41:15Z</time></trkpt><trkpt lat="37.56824493408203" lon="126.98872375488281"><ele>24.600000381469727</ele><time>2026-04-04T23:41:16Z</time></trkpt><trkpt lat="37.56824493408203" lon="126.98869323730469"><ele>24.600000381469727</ele><time>2026-04-04T23:41:17Z</time></trkpt><trkpt lat="37.5682487487793" lon="126.98865509033203"><ele>24.600000381469727</ele><time>2026-04-04T23:41:18Z</time></trkpt><trkpt lat="37.5682487487793" lon="126.98861694335938"><ele>24.600000381469727</ele><time>2026-04-04T23:41:19Z</time></trkpt><trkpt lat="37.5682487487793" lon="126.98858642578125"><ele>24.600000381469727</ele><time>2026-04-04T23:41:20Z</time></trkpt><trkpt lat="37.56825256347656" lon="126.98855590820312"><ele>24.600000381469727</ele><time>2026-04-04T23:41:21Z</time></trkpt><trkpt lat="37.5682487487793" lon="126.988525390625"><ele>24.600000381469727</ele><time>2026-04-04T23:41:22Z</time></trkpt><trkpt lat="37.56824493408203" lon="126.98849487304688"><ele>24.799999237060547</ele><time>2026-04-04T23:41:23Z</time></trkpt><trkpt lat="37.568241119384766" lon="126.98846435546875"><ele>24.799999237060547</ele><time>2026-04-04T23:41:24Z</time></trkpt><trkpt lat="37.568241119384766" lon="126.98843383789062"><ele>24.799999237060547</ele><time>2026-04-04T23:41:25Z</time></trkpt><trkpt lat="37.56824493408203" lon="126.9884033203125"><ele>24.799999237060547</ele><time>2026-04-04T23:41:26Z</time></trkpt><trkpt lat="37.56824493408203" lon="126.98836517333984"><ele>24.799999237060547</ele><time>2026-04-04T23:41:27Z</time></trkpt><trkpt lat="37.568241119384766" lon="126.98833465576172"><ele>24.799999237060547</ele><time>2026-04-04T23:41:28Z</time></trkpt><trkpt lat="37.56824493408203" lon="126.9883041381836"><ele>24.600000381469727</ele><time>2026-04-04T23:41:29Z</time></trkpt><trkpt lat="37.5682487487793" lon="126.98827362060547"><ele>24.600000381469727</ele><time>2026-04-04T23:41:30Z</time></trkpt><trkpt lat="37.56825256347656" lon="126.98824310302734"><ele>24.600000381469727</ele><time>2026-04-04T23:41:31Z</time></trkpt><trkpt lat="37.56825256347656" lon="126.98821258544922"><ele>24.600000381469727</ele><time>2026-04-04T23:41:32Z</time></trkpt><trkpt lat="37.56825256347656" lon="126.9881820678711"><ele>24.799999237060547</ele><time>2026-04-04T23:41:33Z</time></trkpt><trkpt lat="37.56825256347656" lon="126.98815155029297"><ele>24.799999237060547</ele><time>2026-04-04T23:41:34Z</time></trkpt><trkpt lat="37.5682487487793" lon="126.98812103271484"><ele>25.0</ele><time>2026-04-04T23:41:35Z</time></trkpt><trkpt lat="37.5682487487793" lon="126.98809051513672"><ele>25.0</ele><time>2026-04-04T23:41:36Z</time></trkpt><trkpt lat="37.5682487487793" lon="126.9880599975586"><ele>25.0</ele><time>2026-04-04T23:41:37Z</time></trkpt><trkpt lat="37.56825256347656" lon="126.98802185058594"><ele>24.799999237060547</ele><time>2026-04-04T23:41:38Z</time></trkpt><trkpt lat="37.56825256347656" lon="126.98799133300781"><ele>24.799999237060547</ele><time>2026-04-04T23:41:39Z</time></trkpt><trkpt lat="37.56825637817383" lon="126.98795318603516"><ele>24.799999237060547</ele><time>2026-04-04T23:41:40Z</time></trkpt><trkpt lat="37.568260192871094" lon="126.98792266845703"><ele>24.799999237060547</ele><time>2026-04-04T23:41:41Z</time></trkpt><trkpt lat="37.56827163696289" lon="126.98788452148438"><ele>25.0</ele><time>2026-04-04T23:41:42Z</time></trkpt><trkpt lat="37.56827926635742" lon="126.98785400390625"><ele>25.0</ele><time>2026-04-04T23:41:43Z</time></trkpt><trkpt lat="37.56828308105469" lon="126.9878158569336"><ele>25.0</ele><time>2026-04-04T23:41:44Z</time></trkpt><trkpt lat="37.56829071044922" lon="126.98778533935547"><ele>25.200000762939453</ele><time>2026-04-04T23:41:45Z</time></trkpt><trkpt lat="37.56829071044922" lon="126.98775482177734"><ele>25.200000762939453</ele><time>2026-04-04T23:41:46Z</time></trkpt><trkpt lat="37.56829833984375" lon="126.98771667480469"><ele>25.200000762939453</ele><time>2026-04-04T23:41:47Z</time></trkpt><trkpt lat="37.568294525146484" lon="126.98768615722656"><ele>25.0</ele><time>2026-04-04T23:41:48Z</time></trkpt><trkpt lat="37.568294525146484" lon="126.98765563964844"><ele>25.200000762939453</ele><time>2026-04-04T23:41:49Z</time></trkpt><trkpt lat="37.56829071044922" lon="126.98763275146484"><ele>25.0</ele><time>2026-04-04T23:41:50Z</time></trkpt><trkpt lat="37.56829833984375" lon="126.98759460449219"><ele>25.0</ele><time>2026-04-04T23:41:51Z</time></trkpt><trkpt lat="37.568294525146484" lon="126.9875717163086"><ele>25.0</ele><time>2026-04-04T23:41:52Z</time></trkpt><trkpt lat="37.568302154541016" lon="126.98753356933594"><ele>25.0</ele><time>2026-04-04T23:41:53Z</time></trkpt><trkpt lat="37.568294525146484" lon="126.98749542236328"><ele>25.0</ele><time>2026-04-04T23:41:54Z</time></trkpt><trkpt lat="37.568294525146484" lon="126.98746490478516"><ele>25.200000762939453</ele><time>2026-04-04T23:41:55Z</time></trkpt><trkpt lat="37.568294525146484" lon="126.98744201660156"><ele>25.200000762939453</ele><time>2026-04-04T23:41:56Z</time></trkpt><trkpt lat="37.568294525146484" lon="126.98741912841797"><ele>25.200000762939453</ele><time>2026-04-04T23:41:57Z</time></trkpt><trkpt lat="37.568294525146484" lon="126.98738861083984"><ele>25.200000762939453</ele><time>2026-04-04T23:41:58Z</time></trkpt><trkpt lat="37.56829833984375" lon="126.98734283447266"><ele>25.200000762939453</ele><time>2026-04-04T23:41:59Z</time></trkpt><trkpt lat="37.568302154541016" lon="126.9873046875"><ele>25.0</ele><time>2026-04-04T23:42:00Z</time></trkpt><trkpt lat="37.56829833984375" lon="126.98726654052734"><ele>25.0</ele><time>2026-04-04T23:42:01Z</time></trkpt><trkpt lat="37.56829833984375" lon="126.98722839355469"><ele>25.0</ele><time>2026-04-04T23:42:02Z</time></trkpt><trkpt lat="37.568294525146484" lon="126.98719024658203"><ele>25.0</ele><time>2026-04-04T23:42:03Z</time></trkpt><trkpt lat="37.568294525146484" lon="126.98719024658203"><ele>25.0</ele><time>2026-04-04T23:42:04Z</time></trkpt><trkpt lat="37.56829071044922" lon="126.98711395263672"><ele>25.0</ele><time>2026-04-04T23:42:05Z</time></trkpt><trkpt lat="37.568294525146484" lon="126.98707580566406"><ele>25.200000762939453</ele><time>2026-04-04T23:42:06Z</time></trkpt><trkpt lat="37.568294525146484" lon="126.98704528808594"><ele>25.200000762939453</ele><time>2026-04-04T23:42:07Z</time></trkpt><trkpt lat="37.568294525146484" lon="126.98700714111328"><ele>25.200000762939453</ele><time>2026-04-04T23:42:08Z</time></trkpt><trkpt lat="37.568294525146484" lon="126.98697662353516"><ele>25.200000762939453</ele><time>2026-04-04T23:42:09Z</time></trkpt><trkpt lat="37.56829833984375" lon="126.98694610595703"><ele>25.200000762939453</ele><time>2026-04-04T23:42:10Z</time></trkpt><trkpt lat="37.568294525146484" lon="126.9869155883789"><ele>25.200000762939453</ele><time>2026-04-04T23:42:11Z</time></trkpt><trkpt lat="37.56829833984375" lon="126.98688507080078"><ele>25.200000762939453</ele><time>2026-04-04T23:42:12Z</time></trkpt><trkpt lat="37.568294525146484" lon="126.98685455322266"><ele>25.399999618530273</ele><time>2026-04-04T23:42:13Z</time></trkpt><trkpt lat="37.56829833984375" lon="126.98681640625"><ele>25.399999618530273</ele><time>2026-04-04T23:42:14Z</time></trkpt><trkpt lat="37.56830596923828" lon="126.98678588867188"><ele>25.399999618530273</ele><time>2026-04-04T23:42:15Z</time></trkpt><trkpt lat="37.56831359863281" lon="126.98675537109375"><ele>25.399999618530273</ele><time>2026-04-04T23:42:16Z</time></trkpt><trkpt lat="37.568321228027344" lon="126.98672485351562"><ele>25.399999618530273</ele><time>2026-04-04T23:42:17Z</time></trkpt><trkpt lat="37.568328857421875" lon="126.9866943359375"><ele>25.399999618530273</ele><time>2026-04-04T23:42:18Z</time></trkpt><trkpt lat="37.56832504272461" lon="126.9866714477539"><ele>25.399999618530273</ele><time>2026-04-04T23:42:19Z</time></trkpt><trkpt lat="37.56832504272461" lon="126.98664093017578"><ele>25.399999618530273</ele><time>2026-04-04T23:42:20Z</time></trkpt><trkpt lat="37.56832504272461" lon="126.98661041259766"><ele>25.399999618530273</ele><time>2026-04-04T23:42:21Z</time></trkpt><trkpt lat="37.568328857421875" lon="126.98658752441406"><ele>25.399999618530273</ele><time>2026-04-04T23:42:22Z</time></trkpt><trkpt lat="37.56833267211914" lon="126.98655700683594"><ele>25.600000381469727</ele><time>2026-04-04T23:42:23Z</time></trkpt><trkpt lat="37.56833267211914" lon="126.98653411865234"><ele>25.399999618530273</ele><time>2026-04-04T23:42:24Z</time></trkpt><trkpt lat="37.568336486816406" lon="126.98650360107422"><ele>25.399999618530273</ele><time>2026-04-04T23:42:25Z</time></trkpt><trkpt lat="37.56834411621094" lon="126.9864730834961"><ele>25.399999618530273</ele><time>2026-04-04T23:42:26Z</time></trkpt><trkpt lat="37.5683479309082" lon="126.98643493652344"><ele>25.399999618530273</ele><time>2026-04-04T23:42:27Z</time></trkpt><trkpt lat="37.568355560302734" lon="126.98641204833984"><ele>25.399999618530273</ele><time>2026-04-04T23:42:28Z</time></trkpt><trkpt lat="37.568363189697266" lon="126.98636627197266"><ele>25.399999618530273</ele><time>2026-04-04T23:42:29Z</time></trkpt><trkpt lat="37.56836700439453" lon="126.98633575439453"><ele>25.399999618530273</ele><time>2026-04-04T23:42:30Z</time></trkpt><trkpt lat="37.56837463378906" lon="126.98628997802734"><ele>25.399999618530273</ele><time>2026-04-04T23:42:31Z</time></trkpt><trkpt lat="37.56838607788086" lon="126.98625183105469"><ele>25.399999618530273</ele><time>2026-04-04T23:42:32Z</time></trkpt><trkpt lat="37.56839370727539" lon="126.9862060546875"><ele>25.399999618530273</ele><time>2026-04-04T23:42:33Z</time></trkpt><trkpt lat="37.56840515136719" lon="126.98616790771484"><ele>25.399999618530273</ele><time>2026-04-04T23:42:34Z</time></trkpt><trkpt lat="37.568416595458984" lon="126.98612213134766"><ele>25.399999618530273</ele><time>2026-04-04T23:42:35Z</time></trkpt><trkpt lat="37.56843185424805" lon="126.98609161376953"><ele>25.399999618530273</ele><time>2026-04-04T23:42:36Z</time></trkpt><trkpt lat="37.568443298339844" lon="126.98604583740234"><ele>25.600000381469727</ele><time>2026-04-04T23:42:37Z</time></trkpt><trkpt lat="37.56845474243164" lon="126.98601531982422"><ele>25.399999618530273</ele><time>2026-04-04T23:42:38Z</time></trkpt><trkpt lat="37.56846237182617" lon="126.98597717285156"><ele>25.399999618530273</ele><time>2026-04-04T23:42:39Z</time></trkpt><trkpt lat="37.56846237182617" lon="126.98594665527344"><ele>25.399999618530273</ele><time>2026-04-04T23:42:40Z</time></trkpt><trkpt lat="37.56847381591797" lon="126.98590850830078"><ele>25.399999618530273</ele><time>2026-04-04T23:42:41Z</time></trkpt><trkpt lat="37.568485260009766" lon="126.98587036132812"><ele>25.399999618530273</ele><time>2026-04-04T23:42:42Z</time></trkpt><trkpt lat="37.56849670410156" lon="126.98582458496094"><ele>25.399999618530273</ele><time>2026-04-04T23:42:43Z</time></trkpt><trkpt lat="37.56849670410156" lon="126.98579406738281"><ele>25.399999618530273</ele><time>2026-04-04T23:42:44Z</time></trkpt><trkpt lat="37.56850814819336" lon="126.98574829101562"><ele>25.399999618530273</ele><time>2026-04-04T23:42:45Z</time></trkpt><trkpt lat="37.568511962890625" lon="126.9857177734375"><ele>25.600000381469727</ele><time>2026-04-04T23:42:46Z</time></trkpt><trkpt lat="37.56852722167969" lon="126.98567962646484"><ele>25.600000381469727</ele><time>2026-04-04T23:42:47Z</time></trkpt><trkpt lat="37.56853485107422" lon="126.98564910888672"><ele>25.600000381469727</ele><time>2026-04-04T23:42:48Z</time></trkpt><trkpt lat="37.568546295166016" lon="126.98561096191406"><ele>25.600000381469727</ele><time>2026-04-04T23:42:49Z</time></trkpt><trkpt lat="37.56855392456055" lon="126.98558044433594"><ele>25.600000381469727</ele><time>2026-04-04T23:42:50Z</time></trkpt><trkpt lat="37.568565368652344" lon="126.98553466796875"><ele>25.799999237060547</ele><time>2026-04-04T23:42:51Z</time></trkpt><trkpt lat="37.568572998046875" lon="126.98550415039062"><ele>26.0</ele><time>2026-04-04T23:42:52Z</time></trkpt><trkpt lat="37.56858444213867" lon="126.98546600341797"><ele>26.0</ele><time>2026-04-04T23:42:53Z</time></trkpt><trkpt lat="37.5685920715332" lon="126.98543548583984"><ele>26.200000762939453</ele><time>2026-04-04T23:42:54Z</time></trkpt><trkpt lat="37.568599700927734" lon="126.98539733886719"><ele>26.200000762939453</ele><time>2026-04-04T23:42:55Z</time></trkpt><trkpt lat="37.56861114501953" lon="126.9853744506836"><ele>26.200000762939453</ele><time>2026-04-04T23:42:56Z</time></trkpt><trkpt lat="37.568626403808594" lon="126.98533630371094"><ele>26.0</ele><time>2026-04-04T23:42:57Z</time></trkpt><trkpt lat="37.568634033203125" lon="126.98530578613281"><ele>26.0</ele><time>2026-04-04T23:42:58Z</time></trkpt><trkpt lat="37.56864547729492" lon="126.98527526855469"><ele>26.0</ele><time>2026-04-04T23:42:59Z</time></trkpt><trkpt lat="37.56865310668945" lon="126.98524475097656"><ele>26.0</ele><time>2026-04-04T23:43:00Z</time></trkpt><trkpt lat="37.568660736083984" lon="126.98521423339844"><ele>26.0</ele><time>2026-04-04T23:43:01Z</time></trkpt><trkpt lat="37.56867218017578" lon="126.98518371582031"><ele>26.0</ele><time>2026-04-04T23:43:02Z</time></trkpt><trkpt lat="37.56867980957031" lon="126.98515319824219"><ele>26.0</ele><time>2026-04-04T23:43:03Z</time></trkpt><trkpt lat="37.568687438964844" lon="126.98511505126953"><ele>26.0</ele><time>2026-04-04T23:43:04Z</time></trkpt><trkpt lat="37.568687438964844" lon="126.98507690429688"><ele>26.0</ele><time>2026-04-04T23:43:05Z</time></trkpt><trkpt lat="37.568695068359375" lon="126.98504638671875"><ele>26.200000762939453</ele><time>2026-04-04T23:43:06Z</time></trkpt><trkpt lat="37.56869888305664" lon="126.98501586914062"><ele>26.200000762939453</ele><time>2026-04-04T23:43:07Z</time></trkpt><trkpt lat="37.56870651245117" lon="126.98497772216797"><ele>26.200000762939453</ele><time>2026-04-04T23:43:08Z</time></trkpt><trkpt lat="37.56871032714844" lon="126.98494720458984"><ele>26.200000762939453</ele><time>2026-04-04T23:43:09Z</time></trkpt><trkpt lat="37.56871795654297" lon="126.98491668701172"><ele>26.200000762939453</ele><time>2026-04-04T23:43:10Z</time></trkpt><trkpt lat="37.56871795654297" lon="126.9848861694336"><ele>26.200000762939453</ele><time>2026-04-04T23:43:11Z</time></trkpt><trkpt lat="37.5687255859375" lon="126.98484802246094"><ele>26.200000762939453</ele><time>2026-04-04T23:43:12Z</time></trkpt><trkpt lat="37.5687255859375" lon="126.98481750488281"><ele>26.200000762939453</ele><time>2026-04-04T23:43:13Z</time></trkpt><trkpt lat="37.56873321533203" lon="126.98477935791016"><ele>26.200000762939453</ele><time>2026-04-04T23:43:14Z</time></trkpt><trkpt lat="37.5687370300293" lon="126.98474884033203"><ele>26.200000762939453</ele><time>2026-04-04T23:43:15Z</time></trkpt><trkpt lat="37.56874465942383" lon="126.98471069335938"><ele>26.399999618530273</ele><time>2026-04-04T23:43:16Z</time></trkpt><trkpt lat="37.56875991821289" lon="126.98468017578125"><ele>26.399999618530273</ele><time>2026-04-04T23:43:17Z</time></trkpt><trkpt lat="37.56876754760742" lon="126.9846420288086"><ele>26.399999618530273</ele><time>2026-04-04T23:43:18Z</time></trkpt><trkpt lat="37.56877899169922" lon="126.98461151123047"><ele>26.399999618530273</ele><time>2026-04-04T23:43:19Z</time></trkpt><trkpt lat="37.568790435791016" lon="126.98458099365234"><ele>26.399999618530273</ele><time>2026-04-04T23:43:20Z</time></trkpt><trkpt lat="37.56880187988281" lon="126.98454284667969"><ele>26.399999618530273</ele><time>2026-04-04T23:43:21Z</time></trkpt><trkpt lat="37.56879806518555" lon="126.98450469970703"><ele>26.399999618530273</ele><time>2026-04-04T23:43:22Z</time></trkpt><trkpt lat="37.56880187988281" lon="126.98446655273438"><ele>26.399999618530273</ele><time>2026-04-04T23:43:23Z</time></trkpt><trkpt lat="37.56880187988281" lon="126.98444366455078"><ele>26.399999618530273</ele><time>2026-04-04T23:43:24Z</time></trkpt><trkpt lat="37.56880187988281" lon="126.98440551757812"><ele>26.399999618530273</ele><time>2026-04-04T23:43:25Z</time></trkpt><trkpt lat="37.56879806518555" lon="126.98438262939453"><ele>26.399999618530273</ele><time>2026-04-04T23:43:26Z</time></trkpt><trkpt lat="37.568809509277344" lon="126.9843521118164"><ele>26.399999618530273</ele><time>2026-04-04T23:43:27Z</time></trkpt><trkpt lat="37.56881332397461" lon="126.98432159423828"><ele>26.399999618530273</ele><time>2026-04-04T23:43:28Z</time></trkpt><trkpt lat="37.568824768066406" lon="126.98428344726562"><ele>26.200000762939453</ele><time>2026-04-04T23:43:29Z</time></trkpt><trkpt lat="37.56882858276367" lon="126.98426055908203"><ele>26.200000762939453</ele><time>2026-04-04T23:43:30Z</time></trkpt><trkpt lat="37.5688362121582" lon="126.98422241210938"><ele>26.399999618530273</ele><time>2026-04-04T23:43:31Z</time></trkpt><trkpt lat="37.5688362121582" lon="126.98419189453125"><ele>26.399999618530273</ele><time>2026-04-04T23:43:32Z</time></trkpt><trkpt lat="37.56884002685547" lon="126.9841537475586"><ele>26.399999618530273</ele><time>2026-04-04T23:43:33Z</time></trkpt><trkpt lat="37.56884765625" lon="126.98412322998047"><ele>26.399999618530273</ele><time>2026-04-04T23:43:34Z</time></trkpt><trkpt lat="37.568851470947266" lon="126.98408508300781"><ele>26.399999618530273</ele><time>2026-04-04T23:43:35Z</time></trkpt><trkpt lat="37.56885528564453" lon="126.98405456542969"><ele>26.399999618530273</ele><time>2026-04-04T23:43:36Z</time></trkpt><trkpt lat="37.5688591003418" lon="126.98401641845703"><ele>26.399999618530273</ele><time>2026-04-04T23:43:37Z</time></trkpt><trkpt lat="37.56886291503906" lon="126.9839859008789"><ele>26.399999618530273</ele><time>2026-04-04T23:43:38Z</time></trkpt><trkpt lat="37.568870544433594" lon="126.98395538330078"><ele>26.399999618530273</ele><time>2026-04-04T23:43:39Z</time></trkpt><trkpt lat="37.568878173828125" lon="126.98392486572266"><ele>26.399999618530273</ele><time>2026-04-04T23:43:40Z</time></trkpt><trkpt lat="37.56888198852539" lon="126.98389434814453"><ele>26.399999618530273</ele><time>2026-04-04T23:43:41Z</time></trkpt><trkpt lat="37.56888961791992" lon="126.98385620117188"><ele>26.399999618530273</ele><time>2026-04-04T23:43:42Z</time></trkpt><trkpt lat="37.56889343261719" lon="126.98382568359375"><ele>26.600000381469727</ele><time>2026-04-04T23:43:43Z</time></trkpt><trkpt lat="37.56889724731445" lon="126.98379516601562"><ele>26.600000381469727</ele><time>2026-04-04T23:43:44Z</time></trkpt><trkpt lat="37.56889724731445" lon="126.9837646484375"><ele>26.600000381469727</ele><time>2026-04-04T23:43:45Z</time></trkpt><trkpt lat="37.56890106201172" lon="126.9837417602539"><ele>26.600000381469727</ele><time>2026-04-04T23:43:46Z</time></trkpt><trkpt lat="37.56890869140625" lon="126.98371124267578"><ele>26.600000381469727</ele><time>2026-04-04T23:43:47Z</time></trkpt><trkpt lat="37.56890869140625" lon="126.98368072509766"><ele>26.600000381469727</ele><time>2026-04-04T23:43:48Z</time></trkpt><trkpt lat="37.568912506103516" lon="126.98365783691406"><ele>26.600000381469727</ele><time>2026-04-04T23:43:49Z</time></trkpt><trkpt lat="37.56892013549805" lon="126.98361206054688"><ele>26.600000381469727</ele><time>2026-04-04T23:43:50Z</time></trkpt><trkpt lat="37.56892776489258" lon="126.98358154296875"><ele>26.799999237060547</ele><time>2026-04-04T23:43:51Z</time></trkpt><trkpt lat="37.568931579589844" lon="126.98355102539062"><ele>26.799999237060547</ele><time>2026-04-04T23:43:52Z</time></trkpt><trkpt lat="37.568939208984375" lon="126.98351287841797"><ele>26.799999237060547</ele><time>2026-04-04T23:43:53Z</time></trkpt><trkpt lat="37.56894302368164" lon="126.98348236083984"><ele>26.799999237060547</ele><time>2026-04-04T23:43:54Z</time></trkpt><trkpt lat="37.568946838378906" lon="126.98345184326172"><ele>26.799999237060547</ele><time>2026-04-04T23:43:55Z</time></trkpt><trkpt lat="37.568946838378906" lon="126.9834213256836"><ele>27.0</ele><time>2026-04-04T23:43:56Z</time></trkpt><trkpt lat="37.56895446777344" lon="126.98339080810547"><ele>27.0</ele><time>2026-04-04T23:43:57Z</time></trkpt><trkpt lat="37.5689582824707" lon="126.98336029052734"><ele>27.0</ele><time>2026-04-04T23:43:58Z</time></trkpt><trkpt lat="37.568965911865234" lon="126.98332977294922"><ele>27.0</ele><time>2026-04-04T23:43:59Z</time></trkpt><trkpt lat="37.5689697265625" lon="126.98330688476562"><ele>27.0</ele><time>2026-04-04T23:44:00Z</time></trkpt><trkpt lat="37.56897735595703" lon="126.98326110839844"><ele>27.0</ele><time>2026-04-04T23:44:01Z</time></trkpt><trkpt lat="37.5689811706543" lon="126.98323059082031"><ele>27.0</ele><time>2026-04-04T23:44:02Z</time></trkpt><trkpt lat="37.56898498535156" lon="126.98319244384766"><ele>27.200000762939453</ele><time>2026-04-04T23:44:03Z</time></trkpt><trkpt lat="37.568992614746094" lon="126.983154296875"><ele>27.200000762939453</ele><time>2026-04-04T23:44:04Z</time></trkpt><trkpt lat="37.56899642944336" lon="126.98312377929688"><ele>27.200000762939453</ele><time>2026-04-04T23:44:05Z</time></trkpt><trkpt lat="37.56900405883789" lon="126.98308563232422"><ele>27.200000762939453</ele><time>2026-04-04T23:44:06Z</time></trkpt><trkpt lat="37.569007873535156" lon="126.9830551147461"><ele>27.399999618530273</ele><time>2026-04-04T23:44:07Z</time></trkpt><trkpt lat="37.56901168823242" lon="126.98301696777344"><ele>27.399999618530273</ele><time>2026-04-04T23:44:08Z</time></trkpt><trkpt lat="37.56901931762695" lon="126.98298645019531"><ele>27.600000381469727</ele><time>2026-04-04T23:44:09Z</time></trkpt><trkpt lat="37.56901931762695" lon="126.98294830322266"><ele>27.600000381469727</ele><time>2026-04-04T23:44:10Z</time></trkpt><trkpt lat="37.569026947021484" lon="126.98291015625"><ele>27.799999237060547</ele><time>2026-04-04T23:44:11Z</time></trkpt><trkpt lat="37.56903076171875" lon="126.98287963867188"><ele>27.799999237060547</ele><time>2026-04-04T23:44:12Z</time></trkpt><trkpt lat="37.56903839111328" lon="126.98284149169922"><ele>27.799999237060547</ele><time>2026-04-04T23:44:13Z</time></trkpt><trkpt lat="37.56903839111328" lon="126.9828109741211"><ele>27.799999237060547</ele><time>2026-04-04T23:44:14Z</time></trkpt><trkpt lat="37.56904220581055" lon="126.98277282714844"><ele>27.799999237060547</ele><time>2026-04-04T23:44:15Z</time></trkpt><trkpt lat="37.56904602050781" lon="126.98272705078125"><ele>27.799999237060547</ele><time>2026-04-04T23:44:16Z</time></trkpt><trkpt lat="37.56904983520508" lon="126.9826889038086"><ele>27.799999237060547</ele><time>2026-04-04T23:44:17Z</time></trkpt><trkpt lat="37.569053649902344" lon="126.9826431274414"><ele>27.799999237060547</ele><time>2026-04-04T23:44:18Z</time></trkpt><trkpt lat="37.569053649902344" lon="126.98260498046875"><ele>27.799999237060547</ele><time>2026-04-04T23:44:19Z</time></trkpt><trkpt lat="37.56905746459961" lon="126.9825668334961"><ele>27.799999237060547</ele><time>2026-04-04T23:44:20Z</time></trkpt><trkpt lat="37.569053649902344" lon="126.98252868652344"><ele>27.799999237060547</ele><time>2026-04-04T23:44:21Z</time></trkpt><trkpt lat="37.569061279296875" lon="126.98249053955078"><ele>27.799999237060547</ele><time>2026-04-04T23:44:22Z</time></trkpt><trkpt lat="37.569068908691406" lon="126.98246002197266"><ele>27.799999237060547</ele><time>2026-04-04T23:44:23Z</time></trkpt><trkpt lat="37.56907272338867" lon="126.98242950439453"><ele>27.799999237060547</ele><time>2026-04-04T23:44:24Z</time></trkpt><trkpt lat="37.56908416748047" lon="126.9823989868164"><ele>27.799999237060547</ele><time>2026-04-04T23:44:25Z</time></trkpt><trkpt lat="37.569091796875" lon="126.98236846923828"><ele>27.799999237060547</ele><time>2026-04-04T23:44:26Z</time></trkpt><trkpt lat="37.56909942626953" lon="126.98234558105469"><ele>27.799999237060547</ele><time>2026-04-04T23:44:27Z</time></trkpt></trkseg></trk></gpx>