<?xml version='1.0' encoding='UTF-8'?><gpx version="1.1" creator="Garmin Sports" xmlns="http://www.topografix.com/GPX/1/1"><metadata><author><name>Garmin Sports</name></author><copyright author="Garmin Sports"><year>2026</year></copyright></metadata><trk><trkseg><trkpt lat="37.578861236572266" lon="127.02609252929688"><ele>-11.399999618530273</ele><time>2026-07-26T13:03:19Z</time></trkpt><trkpt lat="37.578853607177734" lon="127.0261001586914"><ele>-11.399999618530273</ele><time>2026-07-26T13:03:20Z</time></trkpt><trkpt lat="37.57883834838867" lon="127.02613067626953"><ele>-11.399999618530273</ele><time>2026-07-26T13:03:21Z</time></trkpt><trkpt lat="37.57881164550781" lon="127.0261459350586"><ele>-11.399999618530273</ele><time>2026-07-26T13:03:22Z</time></trkpt><trkpt lat="37.57879638671875" lon="127.02616882324219"><ele>-11.399999618530273</ele><time>2026-07-26T13:03:23Z</time></trkpt><trkpt lat="37.57877731323242" lon="127.02619934082031"><ele>-11.399999618530273</ele><time>2026-07-26T13:03:24Z</time></trkpt><trkpt lat="37.578773498535156" lon="127.0262222290039"><ele>-11.399999618530273</ele><time>2026-07-26T13:03:25Z</time></trkpt><trkpt lat="37.578765869140625" lon="127.0262451171875"><ele>-11.399999618530273</ele><time>2026-07-26T13:03:26Z</time></trkpt><trkpt lat="37.57875442504883" lon="127.0262680053711"><ele>-11.399999618530273</ele><time>2026-07-26T13:03:27Z</time></trkpt><trkpt lat="37.57874298095703" lon="127.02628326416016"><ele>-11.399999618530273</ele><time>2026-07-26T13:03:28Z</time></trkpt><trkpt lat="37.578739166259766" lon="127.02631378173828"><ele>-11.399999618530273</ele><time>2026-07-26T13:03:29Z</time></trkpt><trkpt lat="37.57872772216797" lon="127.02633666992188"><ele>-11.399999618530273</ele><time>2026-07-26T13:03:30Z</time></trkpt><trkpt lat="37.5787239074707" lon="127.02635955810547"><ele>-11.600000381469727</ele><time>2026-07-26T13:03:31Z</time></trkpt><trkpt lat="37.57872009277344" lon="127.02638244628906"><ele>-11.600000381469727</ele><time>2026-07-26T13:03:32Z</time></trkpt><trkpt lat="37.578712463378906" lon="127.02640533447266"><ele>-11.600000381469727</ele><time>2026-07-26T13:03:33Z</time></trkpt><trkpt lat="37.578704833984375" lon="127.02642822265625"><ele>-11.600000381469727</ele><time>2026-07-26T13:03:34Z</time></trkpt><trkpt lat="37.57870101928711" lon="127.02645111083984"><ele>-11.600000381469727</ele><time>2026-07-26T13:03:35Z</time></trkpt><trkpt lat="37.57868957519531" lon="127.02647399902344"><ele>-11.600000381469727</ele><time>2026-07-26T13:03:36Z</time></trkpt><trkpt lat="37.578678131103516" lon="127.02649688720703"><ele>-11.600000381469727</ele><time>2026-07-26T13:03:37Z</time></trkpt><trkpt lat="37.57867431640625" lon="127.0265121459961"><ele>-11.600000381469727</ele><time>2026-07-26T13:03:38Z</time></trkpt><trkpt lat="37.57866668701172" lon="127.02652740478516"><ele>-11.600000381469727</ele><time>2026-07-26T13:03:39Z</time></trkpt><trkpt lat="37.57865524291992" lon="127.02655029296875"><ele>-11.600000381469727</ele><time>2026-07-26T13:03:40Z</time></trkpt><trkpt lat="37.57865524291992" lon="127.02655792236328"><ele>-11.600000381469727</ele><time>2026-07-26T13:03:41Z</time></trkpt><trkpt lat="37.578643798828125" lon="127.02658081054688"><ele>-11.600000381469727</ele><time>2026-07-26T13:03:42Z</time></trkpt><trkpt lat="37.578643798828125" lon="127.02659606933594"><ele>-11.600000381469727</ele><time>2026-07-26T13:03:43Z</time></trkpt><trkpt lat="37.578643798828125" lon="127.026611328125"><ele>-11.600000381469727</ele><time>2026-07-26T13:03:44Z</time></trkpt><trkpt lat="37.578636169433594" lon="127.0266342163086"><ele>-11.600000381469727</ele><time>2026-07-26T13:03:45Z</time></trkpt><trkpt lat="37.57862854003906" lon="127.02664947509766"><ele>-11.600000381469727</ele><time>2026-07-26T13:03:46Z</time></trkpt><trkpt lat="37.5786247253418" lon="127.02667236328125"><ele>-11.600000381469727</ele><time>2026-07-26T13:03:47Z</time></trkpt><trkpt lat="37.578617095947266" lon="127.02667999267578"><ele>-11.600000381469727</ele><time>2026-07-26T13:03:48Z</time></trkpt><trkpt lat="37.57860565185547" lon="127.02670288085938"><ele>-11.800000190734863</ele><time>2026-07-26T13:03:49Z</time></trkpt><trkpt lat="37.57859420776367" lon="127.02671813964844"><ele>-11.800000190734863</ele><time>2026-07-26T13:03:50Z</time></trkpt><trkpt lat="37.578575134277344" lon="127.02672576904297"><ele>-11.800000190734863</ele><time>2026-07-26T13:03:51Z</time></trkpt><trkpt lat="37.57856750488281" lon="127.02674865722656"><ele>-11.800000190734863</ele><time>2026-07-26T13:03:52Z</time></trkpt><trkpt lat="37.57855224609375" lon="127.02677154541016"><ele>-11.800000190734863</ele><time>2026-07-26T13:03:53Z</time></trkpt><trkpt lat="37.57855224609375" lon="127.02677917480469"><ele>-12.0</ele><time>2026-07-26T13:03:54Z</time></trkpt><trkpt lat="37.57854461669922" lon="127.02680206298828"><ele>-12.0</ele><time>2026-07-26T13:03:55Z</time></trkpt><trkpt lat="37.57853698730469" lon="127.02682495117188"><ele>-12.199999809265137</ele><time>2026-07-26T13:03:56Z</time></trkpt><trkpt lat="37.578529357910156" lon="127.02685546875"><ele>-12.199999809265137</ele><time>2026-07-26T13:03:57Z</time></trkpt><trkpt lat="37.57851791381836" lon="127.0268783569336"><ele>-12.199999809265137</ele><time>2026-07-26T13:03:58Z</time></trkpt><trkpt lat="37.57850646972656" lon="127.02690124511719"><ele>-12.199999809265137</ele><time>2026-07-26T13:03:59Z</time></trkpt><trkpt lat="37.5784912109375" lon="127.02692413330078"><ele>-12.199999809265137</ele><time>2026-07-26T13:04:00Z</time></trkpt><trkpt lat="37.57847213745117" lon="127.02694702148438"><ele>-12.199999809265137</ele><time>2026-07-26T13:04:01Z</time></trkpt><trkpt lat="37.578433990478516" lon="127.02694702148438"><ele>-12.199999809265137</ele><time>2026-07-26T13:04:02Z</time></trkpt><trkpt lat="37.57841491699219" lon="127.0269546508789"><ele>-12.199999809265137</ele><time>2026-07-26T13:04:03Z</time></trkpt><trkpt lat="37.57837677001953" lon="127.02696990966797"><ele>-12.199999809265137</ele><time>2026-07-26T13:04:04Z</time></trkpt><trkpt lat="37.57836151123047" lon="127.02698516845703"><ele>-12.199999809265137</ele><time>2026-07-26T13:04:05Z</time></trkpt><trkpt lat="37.578338623046875" lon="127.02699279785156"><ele>-12.0</ele><time>2026-07-26T13:04:06Z</time></trkpt><trkpt lat="37.57831954956055" lon="127.0270004272461"><ele>-12.0</ele><time>2026-07-26T13:04:07Z</time></trkpt><trkpt lat="37.57830810546875" lon="127.02701568603516"><ele>-12.0</ele><time>2026-07-26T13:04:08Z</time></trkpt><trkpt lat="37.57828903198242" lon="127.02703094482422"><ele>-12.0</ele><time>2026-07-26T13:04:09Z</time></trkpt><trkpt lat="37.57827377319336" lon="127.02704620361328"><ele>-12.0</ele><time>2026-07-26T13:04:10Z</time></trkpt><trkpt lat="37.5782585144043" lon="127.02706909179688"><ele>-12.0</ele><time>2026-07-26T13:04:11Z</time></trkpt><trkpt lat="37.578243255615234" lon="127.02709197998047"><ele>-12.0</ele><time>2026-07-26T13:04:12Z</time></trkpt><trkpt lat="37.5782356262207" lon="127.02710723876953"><ele>-12.0</ele><time>2026-07-26T13:04:13Z</time></trkpt><trkpt lat="37.578224182128906" lon="127.02713012695312"><ele>-12.0</ele><time>2026-07-26T13:04:14Z</time></trkpt><trkpt lat="37.57821273803711" lon="127.02714538574219"><ele>-12.0</ele><time>2026-07-26T13:04:15Z</time></trkpt><trkpt lat="37.57820510864258" lon="127.02716064453125"><ele>-12.199999809265137</ele><time>2026-07-26T13:04:16Z</time></trkpt><trkpt lat="37.57820129394531" lon="127.02717590332031"><ele>-12.199999809265137</ele><time>2026-07-26T13:04:17Z</time></trkpt><trkpt lat="37.578189849853516" lon="127.0271987915039"><ele>-12.199999809265137</ele><time>2026-07-26T13:04:18Z</time></trkpt><trkpt lat="37.57817077636719" lon="127.02721405029297"><ele>-12.199999809265137</ele><time>2026-07-26T13:04:19Z</time></trkpt><trkpt lat="37.57815170288086" lon="127.02723693847656"><ele>-12.0</ele><time>2026-07-26T13:04:20Z</time></trkpt><trkpt lat="37.57814025878906" lon="127.02725982666016"><ele>-12.199999809265137</ele><time>2026-07-26T13:04:21Z</time></trkpt><trkpt lat="37.578121185302734" lon="127.02729034423828"><ele>-12.199999809265137</ele><time>2026-07-26T13:04:22Z</time></trkpt><trkpt lat="37.57810592651367" lon="127.02731323242188"><ele>-12.199999809265137</ele><time>2026-07-26T13:04:23Z</time></trkpt><trkpt lat="37.578094482421875" lon="127.02732849121094"><ele>-12.199999809265137</ele><time>2026-07-26T13:04:24Z</time></trkpt><trkpt lat="37.57807540893555" lon="127.02735137939453"><ele>-12.199999809265137</ele><time>2026-07-26T13:04:25Z</time></trkpt><trkpt lat="37.578060150146484" lon="127.0273666381836"><ele>-12.199999809265137</ele><time>2026-07-26T13:04:26Z</time></trkpt><trkpt lat="37.57804870605469" lon="127.02738952636719"><ele>-12.199999809265137</ele><time>2026-07-26T13:04:27Z</time></trkpt><trkpt lat="37.57802963256836" lon="127.02739715576172"><ele>-12.199999809265137</ele><time>2026-07-26T13:04:28Z</time></trkpt><trkpt lat="37.57801055908203" lon="127.02741241455078"><ele>-12.399999618530273</ele><time>2026-07-26T13:04:29Z</time></trkpt><trkpt lat="37.57798767089844" lon="127.02742767333984"><ele>-12.399999618530273</ele><time>2026-07-26T13:04:30Z</time></trkpt><trkpt lat="37.57796859741211" lon="127.02743530273438"><ele>-12.399999618530273</ele><time>2026-07-26T13:04:31Z</time></trkpt><trkpt lat="37.57795715332031" lon="127.02745056152344"><ele>-12.399999618530273</ele><time>2026-07-26T13:04:32Z</time></trkpt><trkpt lat="37.577938079833984" lon="127.02747344970703"><ele>-12.399999618530273</ele><time>2026-07-26T13:04:33Z</time></trkpt><trkpt lat="37.577919006347656" lon="127.0274887084961"><ele>-12.399999618530273</ele><time>2026-07-26T13:04:34Z</time></trkpt><trkpt lat="37.57789993286133" lon="127.02749633789062"><ele>-12.399999618530273</ele><time>2026-07-26T13:04:35Z</time></trkpt><trkpt lat="37.577877044677734" lon="127.02751159667969"><ele>-12.399999618530273</ele><time>2026-07-26T13:04:36Z</time></trkpt><trkpt lat="37.57785415649414" lon="127.02752685546875"><ele>-12.399999618530273</ele><time>2026-07-26T13:04:37Z</time></trkpt><trkpt lat="37.57783889770508" lon="127.02754211425781"><ele>-12.399999618530273</ele><time>2026-07-26T13:04:38Z</time></trkpt><trkpt lat="37.577816009521484" lon="127.02754974365234"><ele>-12.399999618530273</ele><time>2026-07-26T13:04:39Z</time></trkpt><trkpt lat="37.57780075073242" lon="127.02755737304688"><ele>-12.399999618530273</ele><time>2026-07-26T13:04:40Z</time></trkpt><trkpt lat="37.577781677246094" lon="127.02757263183594"><ele>-12.399999618530273</ele><time>2026-07-26T13:04:41Z</time></trkpt><trkpt lat="37.577762603759766" lon="127.02758026123047"><ele>-12.399999618530273</ele><time>2026-07-26T13:04:42Z</time></trkpt><trkpt lat="37.5777473449707" lon="127.02759552001953"><ele>-12.399999618530273</ele><time>2026-07-26T13:04:43Z</time></trkpt><trkpt lat="37.577728271484375" lon="127.02760314941406"><ele>-12.600000381469727</ele><time>2026-07-26T13:04:44Z</time></trkpt><trkpt lat="37.57770919799805" lon="127.02761840820312"><ele>-12.399999618530273</ele><time>2026-07-26T13:04:45Z</time></trkpt><trkpt lat="37.577693939208984" lon="127.02763366699219"><ele>-12.399999618530273</ele><time>2026-07-26T13:04:46Z</time></trkpt><trkpt lat="37.577674865722656" lon="127.02764892578125"><ele>-12.600000381469727</ele><time>2026-07-26T13:04:47Z</time></trkpt><trkpt lat="37.577659606933594" lon="127.02766418457031"><ele>-12.399999618530273</ele><time>2026-07-26T13:04:48Z</time></trkpt><trkpt lat="37.57764434814453" lon="127.02767944335938"><ele>-12.600000381469727</ele><time>2026-07-26T13:04:49Z</time></trkpt><trkpt lat="37.577613830566406" lon="127.02769470214844"><ele>-12.600000381469727</ele><time>2026-07-26T13:04:50Z</time></trkpt><trkpt lat="37.577598571777344" lon="127.02770233154297"><ele>-12.600000381469727</ele><time>2026-07-26T13:04:51Z</time></trkpt><trkpt lat="37.577579498291016" lon="127.0277099609375"><ele>-12.800000190734863</ele><time>2026-07-26T13:04:52Z</time></trkpt><trkpt lat="37.57755661010742" lon="127.02771759033203"><ele>-12.800000190734863</ele><time>2026-07-26T13:04:53Z</time></trkpt><trkpt lat="37.57754135131836" lon="127.0277328491211"><ele>-12.800000190734863</ele><time>2026-07-26T13:04:54Z</time></trkpt><trkpt lat="37.577518463134766" lon="127.02774047851562"><ele>-13.0</ele><time>2026-07-26T13:04:55Z</time></trkpt><trkpt lat="37.57749938964844" lon="127.02774810791016"><ele>-13.0</ele><time>2026-07-26T13:04:56Z</time></trkpt><trkpt lat="37.57748794555664" lon="127.02774810791016"><ele>-13.0</ele><time>2026-07-26T13:04:57Z</time></trkpt><trkpt lat="37.57746124267578" lon="127.02776336669922"><ele>-13.0</ele><time>2026-07-26T13:04:58Z</time></trkpt><trkpt lat="37.577449798583984" lon="127.02777862548828"><ele>-12.800000190734863</ele><time>2026-07-26T13:04:59Z</time></trkpt><trkpt lat="37.577430725097656" lon="127.02778625488281"><ele>-13.0</ele><time>2026-07-26T13:05:00Z</time></trkpt><trkpt lat="37.5774040222168" lon="127.02780151367188"><ele>-12.800000190734863</ele><time>2026-07-26T13:05:01Z</time></trkpt><trkpt lat="37.577388763427734" lon="127.02780151367188"><ele>-13.0</ele><time>2026-07-26T13:05:02Z</time></trkpt><trkpt lat="37.57736587524414" lon="127.02780151367188"><ele>-13.0</ele><time>2026-07-26T13:05:03Z</time></trkpt><trkpt lat="37.577354431152344" lon="127.02780151367188"><ele>-13.199999809265137</ele><time>2026-07-26T13:05:04Z</time></trkpt><trkpt lat="37.57733154296875" lon="127.0278091430664"><ele>-13.199999809265137</ele><time>2026-07-26T13:05:05Z</time></trkpt><trkpt lat="37.577308654785156" lon="127.0278091430664"><ele>-13.399999618530273</ele><time>2026-07-26T13:05:06Z</time></trkpt><trkpt lat="37.577293395996094" lon="127.02781677246094"><ele>-13.600000381469727</ele><time>2026-07-26T13:05:07Z</time></trkpt><trkpt lat="37.5772705078125" lon="127.02782440185547"><ele>-13.600000381469727</ele><time>2026-07-26T13:05:08Z</time></trkpt><trkpt lat="37.5772590637207" lon="127.02782440185547"><ele>-13.600000381469727</ele><time>2026-07-26T13:05:09Z</time></trkpt><trkpt lat="37.57723617553711" lon="127.02783203125"><ele>-13.600000381469727</ele><time>2026-07-26T13:05:10Z</time></trkpt><trkpt lat="37.577213287353516" lon="127.02782440185547"><ele>-13.600000381469727</ele><time>2026-07-26T13:05:11Z</time></trkpt><trkpt lat="37.57719039916992" lon="127.02781677246094"><ele>-13.600000381469727</ele><time>2026-07-26T13:05:12Z</time></trkpt><trkpt lat="37.577171325683594" lon="127.02783966064453"><ele>-13.600000381469727</ele><time>2026-07-26T13:05:13Z</time></trkpt><trkpt lat="37.577152252197266" lon="127.02787780761719"><ele>-13.600000381469727</ele><time>2026-07-26T13:05:14Z</time></trkpt><trkpt lat="37.57712936401367" lon="127.02788543701172"><ele>-13.800000190734863</ele><time>2026-07-26T13:05:15Z</time></trkpt><trkpt lat="37.577110290527344" lon="127.02788543701172"><ele>-13.800000190734863</ele><time>2026-07-26T13:05:16Z</time></trkpt><trkpt lat="37.577091217041016" lon="127.02788543701172"><ele>-13.800000190734863</ele><time>2026-07-26T13:05:17Z</time></trkpt><trkpt lat="37.57707595825195" lon="127.02789306640625"><ele>-13.800000190734863</ele><time>2026-07-26T13:05:18Z</time></trkpt><trkpt lat="37.577056884765625" lon="127.02788543701172"><ele>-13.800000190734863</ele><time>2026-07-26T13:05:19Z</time></trkpt><trkpt lat="37.57704162597656" lon="127.02789306640625"><ele>-13.800000190734863</ele><time>2026-07-26T13:05:20Z</time></trkpt><trkpt lat="37.5770263671875" lon="127.02788543701172"><ele>-13.800000190734863</ele><time>2026-07-26T13:05:21Z</time></trkpt><trkpt lat="37.57700729370117" lon="127.02788543701172"><ele>-13.800000190734863</ele><time>2026-07-26T13:05:22Z</time></trkpt><trkpt lat="37.576995849609375" lon="127.02788543701172"><ele>-14.0</ele><time>2026-07-26T13:05:23Z</time></trkpt><trkpt lat="37.57697677612305" lon="127.02787780761719"><ele>-13.800000190734863</ele><time>2026-07-26T13:05:24Z</time></trkpt><trkpt lat="37.57695770263672" lon="127.02787780761719"><ele>-14.0</ele><time>2026-07-26T13:05:25Z</time></trkpt><trkpt lat="37.57694625854492" lon="127.02787780761719"><ele>-14.0</ele><time>2026-07-26T13:05:26Z</time></trkpt><trkpt lat="37.57691192626953" lon="127.02788543701172"><ele>-13.800000190734863</ele><time>2026-07-26T13:05:27Z</time></trkpt><trkpt lat="37.5768928527832" lon="127.02788543701172"><ele>-14.0</ele><time>2026-07-26T13:05:28Z</time></trkpt><trkpt lat="37.57687759399414" lon="127.02787017822266"><ele>-14.0</ele><time>2026-07-26T13:05:29Z</time></trkpt><trkpt lat="37.57685852050781" lon="127.02787017822266"><ele>-14.0</ele><time>2026-07-26T13:05:30Z</time></trkpt><trkpt lat="37.576839447021484" lon="127.0278549194336"><ele>-14.0</ele><time>2026-07-26T13:05:31Z</time></trkpt><trkpt lat="37.57682800292969" lon="127.0278549194336"><ele>-14.0</ele><time>2026-07-26T13:05:32Z</time></trkpt><trkpt lat="37.57680130004883" lon="127.02784729003906"><ele>-14.0</ele><time>2026-07-26T13:05:33Z</time></trkpt><trkpt lat="37.576778411865234" lon="127.02783966064453"><ele>-14.0</ele><time>2026-07-26T13:05:34Z</time></trkpt><trkpt lat="37.576751708984375" lon="127.02783966064453"><ele>-14.0</ele><time>2026-07-26T13:05:35Z</time></trkpt><trkpt lat="37.57672882080078" lon="127.02783966064453"><ele>-14.0</ele><time>2026-07-26T13:05:36Z</time></trkpt><trkpt lat="37.57670593261719" lon="127.02784729003906"><ele>-14.0</ele><time>2026-07-26T13:05:37Z</time></trkpt><trkpt lat="37.57667922973633" lon="127.02784729003906"><ele>-14.0</ele><time>2026-07-26T13:05:38Z</time></trkpt><trkpt lat="37.576656341552734" lon="127.0278549194336"><ele>-14.0</ele><time>2026-07-26T13:05:39Z</time></trkpt><trkpt lat="37.576637268066406" lon="127.02786254882812"><ele>-13.800000190734863</ele><time>2026-07-26T13:05:40Z</time></trkpt><trkpt lat="37.57661056518555" lon="127.02786254882812"><ele>-13.800000190734863</ele><time>2026-07-26T13:05:41Z</time></trkpt><trkpt lat="37.57658767700195" lon="127.02787017822266"><ele>-13.800000190734863</ele><time>2026-07-26T13:05:42Z</time></trkpt><trkpt lat="37.576560974121094" lon="127.02786254882812"><ele>-13.800000190734863</ele><time>2026-07-26T13:05:43Z</time></trkpt><trkpt lat="37.5765380859375" lon="127.02786254882812"><ele>-13.800000190734863</ele><time>2026-07-26T13:05:44Z</time></trkpt><trkpt lat="37.5765266418457" lon="127.02786254882812"><ele>-13.800000190734863</ele><time>2026-07-26T13:05:45Z</time></trkpt><trkpt lat="37.57653045654297" lon="127.0278549194336"><ele>-13.800000190734863</ele><time>2026-07-26T13:05:46Z</time></trkpt><trkpt lat="37.576515197753906" lon="127.02783966064453"><ele>-13.800000190734863</ele><time>2026-07-26T13:05:47Z</time></trkpt><trkpt lat="37.576499938964844" lon="127.02783203125"><ele>-13.800000190734863</ele><time>2026-07-26T13:05:48Z</time></trkpt><trkpt lat="37.57648468017578" lon="127.02783203125"><ele>-13.800000190734863</ele><time>2026-07-26T13:05:49Z</time></trkpt><trkpt lat="37.576473236083984" lon="127.02783966064453"><ele>-14.0</ele><time>2026-07-26T13:05:50Z</time></trkpt><trkpt lat="37.57644271850586" lon="127.02783966064453"><ele>-14.0</ele><time>2026-07-26T13:05:51Z</time></trkpt><trkpt lat="37.57642364501953" lon="127.02783966064453"><ele>-14.0</ele><time>2026-07-26T13:05:52Z</time></trkpt><trkpt lat="37.57640075683594" lon="127.0278549194336"><ele>-14.0</ele><time>2026-07-26T13:05:53Z</time></trkpt><trkpt lat="37.576377868652344" lon="127.02786254882812"><ele>-14.199999809265137</ele><time>2026-07-26T13:05:54Z</time></trkpt><trkpt lat="37.57637023925781" lon="127.02787780761719"><ele>-14.199999809265137</ele><time>2026-07-26T13:05:55Z</time></trkpt><trkpt lat="37.57634353637695" lon="127.02787780761719"><ele>-14.199999809265137</ele><time>2026-07-26T13:05:56Z</time></trkpt><trkpt lat="37.576324462890625" lon="127.02787780761719"><ele>-14.199999809265137</ele><time>2026-07-26T13:05:57Z</time></trkpt><trkpt lat="37.57630157470703" lon="127.02788543701172"><ele>-14.199999809265137</ele><time>2026-07-26T13:05:58Z</time></trkpt><trkpt lat="37.57627487182617" lon="127.02789306640625"><ele>-14.199999809265137</ele><time>2026-07-26T13:05:59Z</time></trkpt><trkpt lat="37.576255798339844" lon="127.02789306640625"><ele>-14.199999809265137</ele><time>2026-07-26T13:06:00Z</time></trkpt><trkpt lat="37.57622528076172" lon="127.02788543701172"><ele>-14.199999809265137</ele><time>2026-07-26T13:06:01Z</time></trkpt><trkpt lat="37.576202392578125" lon="127.02787017822266"><ele>-14.199999809265137</ele><time>2026-07-26T13:06:02Z</time></trkpt><trkpt lat="37.57619094848633" lon="127.0278549194336"><ele>-14.199999809265137</ele><time>2026-07-26T13:06:03Z</time></trkpt><trkpt lat="37.57618713378906" lon="127.02783203125"><ele>-14.199999809265137</ele><time>2026-07-26T13:06:04Z</time></trkpt><trkpt lat="37.57617950439453" lon="127.02780151367188"><ele>-14.199999809265137</ele><time>2026-07-26T13:06:05Z</time></trkpt><trkpt lat="37.5761833190918" lon="127.02777099609375"><ele>-14.199999809265137</ele><time>2026-07-26T13:06:06Z</time></trkpt><trkpt lat="37.57617950439453" lon="127.02774810791016"><ele>-14.199999809265137</ele><time>2026-07-26T13:06:07Z</time></trkpt><trkpt lat="37.57616424560547" lon="127.0277328491211"><ele>-14.199999809265137</ele><time>2026-07-26T13:06:08Z</time></trkpt><trkpt lat="37.57614517211914" lon="127.02772521972656"><ele>-14.199999809265137</ele><time>2026-07-26T13:06:09Z</time></trkpt><trkpt lat="37.57612228393555" lon="127.02772521972656"><ele>-14.199999809265137</ele><time>2026-07-26T13:06:10Z</time></trkpt><trkpt lat="37.57609939575195" lon="127.02772521972656"><ele>-14.199999809265137</ele><time>2026-07-26T13:06:11Z</time></trkpt><trkpt lat="37.57607650756836" lon="127.0277328491211"><ele>-14.199999809265137</ele><time>2026-07-26T13:06:12Z</time></trkpt><trkpt lat="37.57605743408203" lon="127.02774047851562"><ele>-14.199999809265137</ele><time>2026-07-26T13:06:13Z</time></trkpt><trkpt lat="37.57603073120117" lon="127.02774047851562"><ele>-14.0</ele><time>2026-07-26T13:06:14Z</time></trkpt><trkpt lat="37.57600784301758" lon="127.02774810791016"><ele>-14.199999809265137</ele><time>2026-07-26T13:06:15Z</time></trkpt><trkpt lat="37.57598876953125" lon="127.02774810791016"><ele>-14.199999809265137</ele><time>2026-07-26T13:06:16Z</time></trkpt><trkpt lat="37.57596206665039" lon="127.02774810791016"><ele>-14.199999809265137</ele><time>2026-07-26T13:06:17Z</time></trkpt><trkpt lat="37.57594299316406" lon="127.02774810791016"><ele>-14.199999809265137</ele><time>2026-07-26T13:06:18Z</time></trkpt><trkpt lat="37.57591247558594" lon="127.02775573730469"><ele>-14.199999809265137</ele><time>2026-07-26T13:06:19Z</time></trkpt><trkpt lat="37.57589340209961" lon="127.02775573730469"><ele>-14.199999809265137</ele><time>2026-07-26T13:06:20Z</time></trkpt><trkpt lat="37.57587814331055" lon="127.02776336669922"><ele>-14.199999809265137</ele><time>2026-07-26T13:06:21Z</time></trkpt><trkpt lat="37.57585525512695" lon="127.02776336669922"><ele>-14.199999809265137</ele><time>2026-07-26T13:06:22Z</time></trkpt><trkpt lat="37.57583236694336" lon="127.02776336669922"><ele>-14.0</ele><time>2026-07-26T13:06:23Z</time></trkpt><trkpt lat="37.57582092285156" lon="127.02777099609375"><ele>-14.0</ele><time>2026-07-26T13:06:24Z</time></trkpt><trkpt lat="37.5757942199707" lon="127.02775573730469"><ele>-14.199999809265137</ele><time>2026-07-26T13:06:25Z</time></trkpt><trkpt lat="37.575775146484375" lon="127.02777099609375"><ele>-14.199999809265137</ele><time>2026-07-26T13:06:26Z</time></trkpt><trkpt lat="37.57575225830078" lon="127.02777099609375"><ele>-14.199999809265137</ele><time>2026-07-26T13:06:27Z</time></trkpt><trkpt lat="37.57573318481445" lon="127.02777099609375"><ele>-14.199999809265137</ele><time>2026-07-26T13:06:28Z</time></trkpt><trkpt lat="37.57571792602539" lon="127.02777862548828"><ele>-14.199999809265137</ele><time>2026-07-26T13:06:29Z</time></trkpt><trkpt lat="37.575687408447266" lon="127.02777862548828"><ele>-14.199999809265137</ele><time>2026-07-26T13:06:30Z</time></trkpt><trkpt lat="37.5756721496582" lon="127.02777862548828"><ele>-14.199999809265137</ele><time>2026-07-26T13:06:31Z</time></trkpt><trkpt lat="37.575653076171875" lon="127.02778625488281"><ele>-14.199999809265137</ele><time>2026-07-26T13:06:32Z</time></trkpt><trkpt lat="37.575626373291016" lon="127.02778625488281"><ele>-14.199999809265137</ele><time>2026-07-26T13:06:33Z</time></trkpt><trkpt lat="37.57561111450195" lon="127.02778625488281"><ele>-14.199999809265137</ele><time>2026-07-26T13:06:34Z</time></trkpt><trkpt lat="37.57558822631836" lon="127.02779388427734"><ele>-14.199999809265137</ele><time>2026-07-26T13:06:35Z</time></trkpt><trkpt lat="37.575565338134766" lon="127.02779388427734"><ele>-14.199999809265137</ele><time>2026-07-26T13:06:36Z</time></trkpt><trkpt lat="37.57555389404297" lon="127.02779388427734"><ele>-14.199999809265137</ele><time>2026-07-26T13:06:37Z</time></trkpt><trkpt lat="37.575523376464844" lon="127.02779388427734"><ele>-14.199999809265137</ele><time>2026-07-26T13:06:38Z</time></trkpt><trkpt lat="37.575504302978516" lon="127.02779388427734"><ele>-14.199999809265137</ele><time>2026-07-26T13:06:39Z</time></trkpt><trkpt lat="37.57548522949219" lon="127.02780151367188"><ele>-14.199999809265137</ele><time>2026-07-26T13:06:40Z</time></trkpt><trkpt lat="37.57545852661133" lon="127.02779388427734"><ele>-14.199999809265137</ele><time>2026-07-26T13:06:41Z</time></trkpt><trkpt lat="37.575439453125" lon="127.02780151367188"><ele>-14.199999809265137</ele><time>2026-07-26T13:06:42Z</time></trkpt><trkpt lat="37.57541275024414" lon="127.0278091430664"><ele>-14.199999809265137</ele><time>2026-07-26T13:06:43Z</time></trkpt><trkpt lat="37.57539367675781" lon="127.0278091430664"><ele>-14.399999618530273</ele><time>2026-07-26T13:06:44Z</time></trkpt><trkpt lat="37.57537078857422" lon="127.02781677246094"><ele>-14.399999618530273</ele><time>2026-07-26T13:06:45Z</time></trkpt><trkpt lat="37.57534408569336" lon="127.02781677246094"><ele>-14.399999618530273</ele><time>2026-07-26T13:06:46Z</time></trkpt><trkpt lat="37.5753288269043" lon="127.02782440185547"><ele>-14.399999618530273</ele><time>2026-07-26T13:06:47Z</time></trkpt><trkpt lat="37.57529830932617" lon="127.02783203125"><ele>-14.399999618530273</ele><time>2026-07-26T13:06:48Z</time></trkpt><trkpt lat="37.57527160644531" lon="127.02782440185547"><ele>-14.399999618530273</ele><time>2026-07-26T13:06:49Z</time></trkpt><trkpt lat="37.57524871826172" lon="127.02783203125"><ele>-14.399999618530273</ele><time>2026-07-26T13:06:50Z</time></trkpt><trkpt lat="37.57522964477539" lon="127.02782440185547"><ele>-14.399999618530273</ele><time>2026-07-26T13:06:51Z</time></trkpt><trkpt lat="37.5752067565918" lon="127.02783203125"><ele>-14.399999618530273</ele><time>2026-07-26T13:06:52Z</time></trkpt><trkpt lat="37.57518768310547" lon="127.02783203125"><ele>-14.399999618530273</ele><time>2026-07-26T13:06:53Z</time></trkpt><trkpt lat="37.57516098022461" lon="127.02783966064453"><ele>-14.600000381469727</ele><time>2026-07-26T13:06:54Z</time></trkpt><trkpt lat="37.575138092041016" lon="127.02783966064453"><ele>-14.600000381469727</ele><time>2026-07-26T13:06:55Z</time></trkpt><trkpt lat="37.57511520385742" lon="127.02784729003906"><ele>-14.600000381469727</ele><time>2026-07-26T13:06:56Z</time></trkpt><trkpt lat="37.57509231567383" lon="127.02784729003906"><ele>-14.600000381469727</ele><time>2026-07-26T13:06:57Z</time></trkpt><trkpt lat="37.575069427490234" lon="127.02784729003906"><ele>-14.600000381469727</ele><time>2026-07-26T13:06:58Z</time></trkpt><trkpt lat="37.575042724609375" lon="127.0278549194336"><ele>-14.399999618530273</ele><time>2026-07-26T13:06:59Z</time></trkpt><trkpt lat="37.57502746582031" lon="127.0278549194336"><ele>-14.399999618530273</ele><time>2026-07-26T13:07:00Z</time></trkpt><trkpt lat="37.575008392333984" lon="127.02787017822266"><ele>-14.399999618530273</ele><time>2026-07-26T13:07:01Z</time></trkpt><trkpt lat="37.57497787475586" lon="127.02786254882812"><ele>-14.399999618530273</ele><time>2026-07-26T13:07:02Z</time></trkpt><trkpt lat="37.57495880126953" lon="127.02786254882812"><ele>-14.399999618530273</ele><time>2026-07-26T13:07:03Z</time></trkpt><trkpt lat="37.5749397277832" lon="127.02786254882812"><ele>-14.600000381469727</ele><time>2026-07-26T13:07:04Z</time></trkpt><trkpt lat="37.574913024902344" lon="127.02786254882812"><ele>-14.600000381469727</ele><time>2026-07-26T13:07:05Z</time></trkpt><trkpt lat="37.574893951416016" lon="127.0278549194336"><ele>-14.600000381469727</ele><time>2026-07-26T13:07:06Z</time></trkpt><trkpt lat="37.57487487792969" lon="127.02786254882812"><ele>-14.600000381469727</ele><time>2026-07-26T13:07:07Z</time></trkpt><trkpt lat="37.57485580444336" lon="127.02787017822266"><ele>-14.600000381469727</ele><time>2026-07-26T13:07:08Z</time></trkpt><trkpt lat="37.5748405456543" lon="127.02788543701172"><ele>-14.600000381469727</ele><time>2026-07-26T13:07:09Z</time></trkpt><trkpt lat="37.5748176574707" lon="127.02789306640625"><ele>-14.600000381469727</ele><time>2026-07-26T13:07:10Z</time></trkpt><trkpt lat="37.574798583984375" lon="127.02789306640625"><ele>-14.600000381469727</ele><time>2026-07-26T13:07:11Z</time></trkpt><trkpt lat="37.574771881103516" lon="127.02789306640625"><ele>-14.600000381469727</ele><time>2026-07-26T13:07:12Z</time></trkpt><trkpt lat="37.57474899291992" lon="127.02789306640625"><ele>-14.600000381469727</ele><time>2026-07-26T13:07:13Z</time></trkpt><trkpt lat="37.57473373413086" lon="127.02790069580078"><ele>-14.600000381469727</ele><time>2026-07-26T13:07:14Z</time></trkpt><trkpt lat="37.57470703125" lon="127.02790832519531"><ele>-14.600000381469727</ele><time>2026-07-26T13:07:15Z</time></trkpt><trkpt lat="37.574684143066406" lon="127.02790832519531"><ele>-14.600000381469727</ele><time>2026-07-26T13:07:16Z</time></trkpt><trkpt lat="37.57466506958008" lon="127.02792358398438"><ele>-14.600000381469727</ele><time>2026-07-26T13:07:17Z</time></trkpt><trkpt lat="37.57463836669922" lon="127.02792358398438"><ele>-14.600000381469727</ele><time>2026-07-26T13:07:18Z</time></trkpt><trkpt lat="37.57461929321289" lon="127.0279312133789"><ele>-14.600000381469727</ele><time>2026-07-26T13:07:19Z</time></trkpt><trkpt lat="37.57459259033203" lon="127.02793884277344"><ele>-14.600000381469727</ele><time>2026-07-26T13:07:20Z</time></trkpt><trkpt lat="37.5745735168457" lon="127.0279312133789"><ele>-14.600000381469727</ele><time>2026-07-26T13:07:21Z</time></trkpt><trkpt lat="37.574554443359375" lon="127.02793884277344"><ele>-14.600000381469727</ele><time>2026-07-26T13:07:22Z</time></trkpt><trkpt lat="37.57453155517578" lon="127.02793884277344"><ele>-14.600000381469727</ele><time>2026-07-26T13:07:23Z</time></trkpt><trkpt lat="37.57451629638672" lon="127.02794647216797"><ele>-14.800000190734863</ele><time>2026-07-26T13:07:24Z</time></trkpt><trkpt lat="37.57448959350586" lon="127.0279541015625"><ele>-14.600000381469727</ele><time>2026-07-26T13:07:25Z</time></trkpt><trkpt lat="37.57447052001953" lon="127.0279541015625"><ele>-14.800000190734863</ele><time>2026-07-26T13:07:26Z</time></trkpt><trkpt lat="37.5744514465332" lon="127.02796173095703"><ele>-14.600000381469727</ele><time>2026-07-26T13:07:27Z</time></trkpt><trkpt lat="37.574424743652344" lon="127.02796173095703"><ele>-14.800000190734863</ele><time>2026-07-26T13:07:28Z</time></trkpt><trkpt lat="37.57440185546875" lon="127.02796936035156"><ele>-14.800000190734863</ele><time>2026-07-26T13:07:29Z</time></trkpt><trkpt lat="37.57438659667969" lon="127.0279769897461"><ele>-14.800000190734863</ele><time>2026-07-26T13:07:30Z</time></trkpt><trkpt lat="37.574363708496094" lon="127.0279769897461"><ele>-14.800000190734863</ele><time>2026-07-26T13:07:31Z</time></trkpt><trkpt lat="37.574344635009766" lon="127.0279769897461"><ele>-14.800000190734863</ele><time>2026-07-26T13:07:32Z</time></trkpt><trkpt lat="37.57432174682617" lon="127.0279769897461"><ele>-14.800000190734863</ele><time>2026-07-26T13:07:33Z</time></trkpt><trkpt lat="37.574302673339844" lon="127.02796936035156"><ele>-14.800000190734863</ele><time>2026-07-26T13:07:34Z</time></trkpt><trkpt lat="37.574283599853516" lon="127.0279769897461"><ele>-14.800000190734863</ele><time>2026-07-26T13:07:35Z</time></trkpt><trkpt lat="37.574256896972656" lon="127.0279769897461"><ele>-14.800000190734863</ele><time>2026-07-26T13:07:36Z</time></trkpt><trkpt lat="37.57423400878906" lon="127.0279769897461"><ele>-14.800000190734863</ele><time>2026-07-26T13:07:37Z</time></trkpt><trkpt lat="37.574222564697266" lon="127.02798461914062"><ele>-14.800000190734863</ele><time>2026-07-26T13:07:38Z</time></trkpt><trkpt lat="37.574195861816406" lon="127.02798461914062"><ele>-14.800000190734863</ele><time>2026-07-26T13:07:39Z</time></trkpt><trkpt lat="37.574180603027344" lon="127.0279769897461"><ele>-14.600000381469727</ele><time>2026-07-26T13:07:40Z</time></trkpt><trkpt lat="37.574161529541016" lon="127.0279769897461"><ele>-14.800000190734863</ele><time>2026-07-26T13:07:41Z</time></trkpt><trkpt lat="37.57414245605469" lon="127.02796936035156"><ele>-14.600000381469727</ele><time>2026-07-26T13:07:42Z</time></trkpt><trkpt lat="37.57413101196289" lon="127.0279541015625"><ele>-14.600000381469727</ele><time>2026-07-26T13:07:43Z</time></trkpt><trkpt lat="37.57411193847656" lon="127.02794647216797"><ele>-14.600000381469727</ele><time>2026-07-26T13:07:44Z</time></trkpt><trkpt lat="37.57412338256836" lon="127.02791595458984"><ele>-14.800000190734863</ele><time>2026-07-26T13:07:45Z</time></trkpt><trkpt lat="37.5741081237793" lon="127.02792358398438"><ele>-14.800000190734863</ele><time>2026-07-26T13:07:46Z</time></trkpt><trkpt lat="37.574092864990234" lon="127.02791595458984"><ele>-14.800000190734863</ele><time>2026-07-26T13:07:47Z</time></trkpt><trkpt lat="37.574073791503906" lon="127.02790832519531"><ele>-14.800000190734863</ele><time>2026-07-26T13:07:48Z</time></trkpt><trkpt lat="37.574058532714844" lon="127.02789306640625"><ele>-14.800000190734863</ele><time>2026-07-26T13:07:49Z</time></trkpt><trkpt lat="37.574039459228516" lon="127.02787780761719"><ele>-14.800000190734863</ele><time>2026-07-26T13:07:50Z</time></trkpt><trkpt lat="37.57402038574219" lon="127.02786254882812"><ele>-14.800000190734863</ele><time>2026-07-26T13:07:51Z</time></trkpt><trkpt lat="37.57400131225586" lon="127.02784729003906"><ele>-14.800000190734863</ele><time>2026-07-26T13:07:52Z</time></trkpt><trkpt lat="37.573978424072266" lon="127.02783203125"><ele>-15.0</ele><time>2026-07-26T13:07:53Z</time></trkpt><trkpt lat="37.57395935058594" lon="127.02781677246094"><ele>-15.0</ele><time>2026-07-26T13:07:54Z</time></trkpt><trkpt lat="37.57394027709961" lon="127.02780151367188"><ele>-15.0</ele><time>2026-07-26T13:07:55Z</time></trkpt><trkpt lat="37.57392501831055" lon="127.02779388427734"><ele>-15.0</ele><time>2026-07-26T13:07:56Z</time></trkpt><trkpt lat="37.57390594482422" lon="127.02777862548828"><ele>-15.0</ele><time>2026-07-26T13:07:57Z</time></trkpt><trkpt lat="37.573890686035156" lon="127.02776336669922"><ele>-15.0</ele><time>2026-07-26T13:07:58Z</time></trkpt><trkpt lat="37.57381820678711" lon="127.02779388427734"><ele>-14.800000190734863</ele><time>2026-07-26T13:07:59Z</time></trkpt><trkpt lat="37.57377624511719" lon="127.02787780761719"><ele>-14.800000190734863</ele><time>2026-07-26T13:08:00Z</time></trkpt><trkpt lat="37.57374572753906" lon="127.02790832519531"><ele>-14.800000190734863</ele><time>2026-07-26T13:08:01Z</time></trkpt><trkpt lat="37.5737190246582" lon="127.02792358398438"><ele>-15.0</ele><time>2026-07-26T13:08:02Z</time></trkpt><trkpt lat="37.57369613647461" lon="127.0279312133789"><ele>-15.0</ele><time>2026-07-26T13:08:03Z</time></trkpt><trkpt lat="37.573673248291016" lon="127.02793884277344"><ele>-15.0</ele><time>2026-07-26T13:08:04Z</time></trkpt><trkpt lat="37.57365417480469" lon="127.02794647216797"><ele>-15.0</ele><time>2026-07-26T13:08:05Z</time></trkpt><trkpt lat="37.573631286621094" lon="127.02794647216797"><ele>-14.800000190734863</ele><time>2026-07-26T13:08:06Z</time></trkpt><trkpt lat="37.573604583740234" lon="127.02794647216797"><ele>-14.800000190734863</ele><time>2026-07-26T13:08:07Z</time></trkpt><trkpt lat="37.57358169555664" lon="127.0279541015625"><ele>-14.800000190734863</ele><time>2026-07-26T13:08:08Z</time></trkpt><trkpt lat="37.573551177978516" lon="127.0279541015625"><ele>-15.0</ele><time>2026-07-26T13:08:09Z</time></trkpt><trkpt lat="37.573524475097656" lon="127.02794647216797"><ele>-15.0</ele><time>2026-07-26T13:08:10Z</time></trkpt><trkpt lat="37.57350158691406" lon="127.02793884277344"><ele>-15.0</ele><time>2026-07-26T13:08:11Z</time></trkpt><trkpt lat="37.5734748840332" lon="127.02793884277344"><ele>-15.0</ele><time>2026-07-26T13:08:12Z</time></trkpt><trkpt lat="37.573455810546875" lon="127.0279312133789"><ele>-15.0</ele><time>2026-07-26T13:08:13Z</time></trkpt><trkpt lat="37.57343292236328" lon="127.0279312133789"><ele>-15.0</ele><time>2026-07-26T13:08:14Z</time></trkpt><trkpt lat="37.57341384887695" lon="127.0279312133789"><ele>-14.800000190734863</ele><time>2026-07-26T13:08:15Z</time></trkpt><trkpt lat="37.573394775390625" lon="127.0279312133789"><ele>-14.800000190734863</ele><time>2026-07-26T13:08:16Z</time></trkpt><trkpt lat="37.57337188720703" lon="127.02792358398438"><ele>-14.800000190734863</ele><time>2026-07-26T13:08:17Z</time></trkpt><trkpt lat="37.5733528137207" lon="127.02792358398438"><ele>-14.800000190734863</ele><time>2026-07-26T13:08:18Z</time></trkpt><trkpt lat="37.57332992553711" lon="127.02791595458984"><ele>-14.800000190734863</ele><time>2026-07-26T13:08:19Z</time></trkpt><trkpt lat="37.573307037353516" lon="127.02791595458984"><ele>-14.800000190734863</ele><time>2026-07-26T13:08:20Z</time></trkpt><trkpt lat="37.57328796386719" lon="127.02791595458984"><ele>-14.800000190734863</ele><time>2026-07-26T13:08:21Z</time></trkpt><trkpt lat="37.57326126098633" lon="127.02790832519531"><ele>-14.600000381469727</ele><time>2026-07-26T13:08:22Z</time></trkpt><trkpt lat="37.573238372802734" lon="127.02790069580078"><ele>-14.600000381469727</ele><time>2026-07-26T13:08:23Z</time></trkpt><trkpt lat="37.57321548461914" lon="127.02790069580078"><ele>-14.600000381469727</ele><time>2026-07-26T13:08:24Z</time></trkpt><trkpt lat="37.57319259643555" lon="127.02789306640625"><ele>-14.600000381469727</ele><time>2026-07-26T13:08:25Z</time></trkpt><trkpt lat="37.573177337646484" lon="127.02789306640625"><ele>-14.600000381469727</ele><time>2026-07-26T13:08:26Z</time></trkpt><trkpt lat="37.57315444946289" lon="127.02789306640625"><ele>-14.600000381469727</ele><time>2026-07-26T13:08:27Z</time></trkpt><trkpt lat="37.5731315612793" lon="127.02788543701172"><ele>-14.800000190734863</ele><time>2026-07-26T13:08:28Z</time></trkpt><trkpt lat="37.573116302490234" lon="127.02789306640625"><ele>-14.800000190734863</ele><time>2026-07-26T13:08:29Z</time></trkpt><trkpt lat="37.573089599609375" lon="127.02787780761719"><ele>-14.800000190734863</ele><time>2026-07-26T13:08:30Z</time></trkpt><trkpt lat="37.57307052612305" lon="127.02787780761719"><ele>-14.800000190734863</ele><time>2026-07-26T13:08:31Z</time></trkpt><trkpt lat="37.573055267333984" lon="127.02787780761719"><ele>-14.800000190734863</ele><time>2026-07-26T13:08:32Z</time></trkpt><trkpt lat="37.573028564453125" lon="127.02787017822266"><ele>-14.800000190734863</ele><time>2026-07-26T13:08:33Z</time></trkpt><trkpt lat="37.57301712036133" lon="127.02787017822266"><ele>-14.800000190734863</ele><time>2026-07-26T13:08:34Z</time></trkpt><trkpt lat="37.572994232177734" lon="127.02787017822266"><ele>-14.800000190734863</ele><time>2026-07-26T13:08:35Z</time></trkpt><trkpt lat="37.572967529296875" lon="127.02787017822266"><ele>-14.800000190734863</ele><time>2026-07-26T13:08:36Z</time></trkpt><trkpt lat="37.57295227050781" lon="127.02787017822266"><ele>-14.800000190734863</ele><time>2026-07-26T13:08:37Z</time></trkpt><trkpt lat="37.57292556762695" lon="127.02786254882812"><ele>-14.800000190734863</ele><time>2026-07-26T13:08:38Z</time></trkpt><trkpt lat="37.572906494140625" lon="127.0278549194336"><ele>-14.800000190734863</ele><time>2026-07-26T13:08:39Z</time></trkpt><trkpt lat="37.5728874206543" lon="127.02786254882812"><ele>-14.800000190734863</ele><time>2026-07-26T13:08:40Z</time></trkpt><trkpt lat="37.5728645324707" lon="127.0278549194336"><ele>-14.800000190734863</ele><time>2026-07-26T13:08:41Z</time></trkpt><trkpt lat="37.572845458984375" lon="127.0278549194336"><ele>-14.800000190734863</ele><time>2026-07-26T13:08:42Z</time></trkpt><trkpt lat="37.57282638549805" lon="127.02786254882812"><ele>-14.800000190734863</ele><time>2026-07-26T13:08:43Z</time></trkpt><trkpt lat="37.57279968261719" lon="127.0278549194336"><ele>-14.800000190734863</ele><time>2026-07-26T13:08:44Z</time></trkpt><trkpt lat="37.57278060913086" lon="127.0278549194336"><ele>-14.800000190734863</ele><time>2026-07-26T13:08:45Z</time></trkpt><trkpt lat="37.572757720947266" lon="127.0278549194336"><ele>-14.800000190734863</ele><time>2026-07-26T13:08:46Z</time></trkpt><trkpt lat="37.57273483276367" lon="127.02784729003906"><ele>-14.800000190734863</ele><time>2026-07-26T13:08:47Z</time></trkpt><trkpt lat="37.57271957397461" lon="127.02784729003906"><ele>-14.800000190734863</ele><time>2026-07-26T13:08:48Z</time></trkpt><trkpt lat="37.572696685791016" lon="127.02784729003906"><ele>-14.600000381469727</ele><time>2026-07-26T13:08:49Z</time></trkpt><trkpt lat="37.57267761230469" lon="127.02783966064453"><ele>-14.600000381469727</ele><time>2026-07-26T13:08:50Z</time></trkpt><trkpt lat="37.572662353515625" lon="127.02784729003906"><ele>-14.800000190734863</ele><time>2026-07-26T13:08:51Z</time></trkpt><trkpt lat="37.57263946533203" lon="127.0278549194336"><ele>-14.800000190734863</ele><time>2026-07-26T13:08:52Z</time></trkpt><trkpt lat="37.5726203918457" lon="127.02786254882812"><ele>-14.800000190734863</ele><time>2026-07-26T13:08:53Z</time></trkpt><trkpt lat="37.572601318359375" lon="127.02786254882812"><ele>-14.800000190734863</ele><time>2026-07-26T13:08:54Z</time></trkpt><trkpt lat="37.57258224487305" lon="127.02786254882812"><ele>-14.800000190734863</ele><time>2026-07-26T13:08:55Z</time></trkpt><trkpt lat="37.572566986083984" lon="127.02787017822266"><ele>-14.800000190734863</ele><time>2026-07-26T13:08:56Z</time></trkpt><trkpt lat="37.572547912597656" lon="127.02784729003906"><ele>-14.600000381469727</ele><time>2026-07-26T13:08:57Z</time></trkpt><trkpt lat="37.57252883911133" lon="127.02783966064453"><ele>-14.600000381469727</ele><time>2026-07-26T13:08:58Z</time></trkpt><trkpt lat="37.572509765625" lon="127.02783966064453"><ele>-14.600000381469727</ele><time>2026-07-26T13:08:59Z</time></trkpt><trkpt lat="37.572486877441406" lon="127.02782440185547"><ele>-14.600000381469727</ele><time>2026-07-26T13:09:00Z</time></trkpt><trkpt lat="37.57246780395508" lon="127.02782440185547"><ele>-14.800000190734863</ele><time>2026-07-26T13:09:01Z</time></trkpt><trkpt lat="37.57244873046875" lon="127.02782440185547"><ele>-14.800000190734863</ele><time>2026-07-26T13:09:02Z</time></trkpt><trkpt lat="37.57242965698242" lon="127.0278091430664"><ele>-14.800000190734863</ele><time>2026-07-26T13:09:03Z</time></trkpt><trkpt lat="37.572410583496094" lon="127.0278091430664"><ele>-14.800000190734863</ele><time>2026-07-26T13:09:04Z</time></trkpt><trkpt lat="37.572383880615234" lon="127.0278091430664"><ele>-14.600000381469727</ele><time>2026-07-26T13:09:05Z</time></trkpt><trkpt lat="37.57236099243164" lon="127.02780151367188"><ele>-14.600000381469727</ele><time>2026-07-26T13:09:06Z</time></trkpt><trkpt lat="37.57234191894531" lon="127.02780151367188"><ele>-14.600000381469727</ele><time>2026-07-26T13:09:07Z</time></trkpt><trkpt lat="37.572322845458984" lon="127.02779388427734"><ele>-14.600000381469727</ele><time>2026-07-26T13:09:08Z</time></trkpt><trkpt lat="37.572303771972656" lon="127.02778625488281"><ele>-14.800000190734863</ele><time>2026-07-26T13:09:09Z</time></trkpt><trkpt lat="37.57228088378906" lon="127.02778625488281"><ele>-14.800000190734863</ele><time>2026-07-26T13:09:10Z</time></trkpt><trkpt lat="37.57225799560547" lon="127.02777862548828"><ele>-14.800000190734863</ele><time>2026-07-26T13:09:11Z</time></trkpt><trkpt lat="37.572242736816406" lon="127.02777862548828"><ele>-14.800000190734863</ele><time>2026-07-26T13:09:12Z</time></trkpt><trkpt lat="37.57221221923828" lon="127.02777862548828"><ele>-14.800000190734863</ele><time>2026-07-26T13:09:13Z</time></trkpt><trkpt lat="37.57219314575195" lon="127.02777862548828"><ele>-14.800000190734863</ele><time>2026-07-26T13:09:14Z</time></trkpt><trkpt lat="37.57217025756836" lon="127.02777862548828"><ele>-14.800000190734863</ele><time>2026-07-26T13:09:15Z</time></trkpt><trkpt lat="37.572147369384766" lon="127.02777099609375"><ele>-14.800000190734863</ele><time>2026-07-26T13:09:16Z</time></trkpt><trkpt lat="37.5721321105957" lon="127.02777862548828"><ele>-14.800000190734863</ele><time>2026-07-26T13:09:17Z</time></trkpt><trkpt lat="37.572113037109375" lon="127.02777099609375"><ele>-14.800000190734863</ele><time>2026-07-26T13:09:18Z</time></trkpt><trkpt lat="37.57210159301758" lon="127.02777099609375"><ele>-14.800000190734863</ele><time>2026-07-26T13:09:19Z</time></trkpt><trkpt lat="37.572086334228516" lon="127.02777099609375"><ele>-14.800000190734863</ele><time>2026-07-26T13:09:20Z</time></trkpt><trkpt lat="37.57206344604492" lon="127.02776336669922"><ele>-15.0</ele><time>2026-07-26T13:09:21Z</time></trkpt><trkpt lat="37.572052001953125" lon="127.02776336669922"><ele>-14.800000190734863</ele><time>2026-07-26T13:09:22Z</time></trkpt><trkpt lat="37.57203674316406" lon="127.02777099609375"><ele>-14.800000190734863</ele><time>2026-07-26T13:09:23Z</time></trkpt><trkpt lat="37.572017669677734" lon="127.02776336669922"><ele>-14.800000190734863</ele><time>2026-07-26T13:09:24Z</time></trkpt><trkpt lat="37.57200241088867" lon="127.02775573730469"><ele>-14.800000190734863</ele><time>2026-07-26T13:09:25Z</time></trkpt><trkpt lat="37.571983337402344" lon="127.02775573730469"><ele>-14.800000190734863</ele><time>2026-07-26T13:09:26Z</time></trkpt><trkpt lat="37.57196044921875" lon="127.02774810791016"><ele>-14.800000190734863</ele><time>2026-07-26T13:09:27Z</time></trkpt><trkpt lat="37.57194519042969" lon="127.02774810791016"><ele>-14.800000190734863</ele><time>2026-07-26T13:09:28Z</time></trkpt><trkpt lat="37.571922302246094" lon="127.02774047851562"><ele>-14.800000190734863</ele><time>2026-07-26T13:09:29Z</time></trkpt><trkpt lat="37.5718994140625" lon="127.02774047851562"><ele>-14.800000190734863</ele><time>2026-07-26T13:09:30Z</time></trkpt><trkpt lat="37.57188034057617" lon="127.02774047851562"><ele>-14.800000190734863</ele><time>2026-07-26T13:09:31Z</time></trkpt><trkpt lat="37.57185745239258" lon="127.0277328491211"><ele>-14.800000190734863</ele><time>2026-07-26T13:09:32Z</time></trkpt><trkpt lat="37.57183837890625" lon="127.0277328491211"><ele>-14.800000190734863</ele><time>2026-07-26T13:09:33Z</time></trkpt><trkpt lat="37.571807861328125" lon="127.02772521972656"><ele>-14.800000190734863</ele><time>2026-07-26T13:09:34Z</time></trkpt><trkpt lat="37.5717887878418" lon="127.02772521972656"><ele>-14.800000190734863</ele><time>2026-07-26T13:09:35Z</time></trkpt><trkpt lat="37.57176971435547" lon="127.02771759033203"><ele>-14.800000190734863</ele><time>2026-07-26T13:09:36Z</time></trkpt><trkpt lat="37.571746826171875" lon="127.02771759033203"><ele>-14.600000381469727</ele><time>2026-07-26T13:09:37Z</time></trkpt><trkpt lat="37.57173156738281" lon="127.02771759033203"><ele>-14.600000381469727</ele><time>2026-07-26T13:09:38Z</time></trkpt><trkpt lat="37.57170867919922" lon="127.02771759033203"><ele>-14.600000381469727</ele><time>2026-07-26T13:09:39Z</time></trkpt><trkpt lat="37.571685791015625" lon="127.0277099609375"><ele>-14.800000190734863</ele><time>2026-07-26T13:09:40Z</time></trkpt><trkpt lat="37.57166290283203" lon="127.02771759033203"><ele>-14.800000190734863</ele><time>2026-07-26T13:09:41Z</time></trkpt><trkpt lat="37.57163619995117" lon="127.0277099609375"><ele>-14.800000190734863</ele><time>2026-07-26T13:09:42Z</time></trkpt><trkpt lat="37.57162094116211" lon="127.02771759033203"><ele>-14.800000190734863</ele><time>2026-07-26T13:09:43Z</time></trkpt><trkpt lat="37.57159423828125" lon="127.02771759033203"><ele>-14.800000190734863</ele><time>2026-07-26T13:09:44Z</time></trkpt><trkpt lat="37.57157516479492" lon="127.02771759033203"><ele>-14.800000190734863</ele><time>2026-07-26T13:09:45Z</time></trkpt><trkpt lat="37.57155990600586" lon="127.0277099609375"><ele>-14.800000190734863</ele><time>2026-07-26T13:09:46Z</time></trkpt><trkpt lat="37.571537017822266" lon="127.0277099609375"><ele>-14.800000190734863</ele><time>2026-07-26T13:09:47Z</time></trkpt><trkpt lat="37.57152557373047" lon="127.0277099609375"><ele>-14.800000190734863</ele><time>2026-07-26T13:09:48Z</time></trkpt><trkpt lat="37.57151794433594" lon="127.0277099609375"><ele>-14.800000190734863</ele><time>2026-07-26T13:09:49Z</time></trkpt><trkpt lat="37.57061767578125" lon="127.02802276611328"><ele>-15.600000381469727</ele><time>2026-07-26T13:11:46Z</time></trkpt><trkpt lat="37.57060241699219" lon="127.0280532836914"><ele>-15.600000381469727</ele><time>2026-07-26T13:11:47Z</time></trkpt><trkpt lat="37.57059860229492" lon="127.028076171875"><ele>-15.800000190734863</ele><time>2026-07-26T13:11:48Z</time></trkpt><trkpt lat="37.57058334350586" lon="127.02810668945312"><ele>-15.800000190734863</ele><time>2026-07-26T13:11:49Z</time></trkpt><trkpt lat="37.57057571411133" lon="127.02812957763672"><ele>-15.800000190734863</ele><time>2026-07-26T13:11:50Z</time></trkpt><trkpt lat="37.57057189941406" lon="127.02815246582031"><ele>-15.800000190734863</ele><time>2026-07-26T13:11:51Z</time></trkpt><trkpt lat="37.57056427001953" lon="127.02818298339844"><ele>-15.800000190734863</ele><time>2026-07-26T13:11:52Z</time></trkpt><trkpt lat="37.57056427001953" lon="127.02821350097656"><ele>-15.800000190734863</ele><time>2026-07-26T13:11:53Z</time></trkpt><trkpt lat="37.570556640625" lon="127.02824401855469"><ele>-15.800000190734863</ele><time>2026-07-26T13:11:54Z</time></trkpt><trkpt lat="37.57054901123047" lon="127.02826690673828"><ele>-15.800000190734863</ele><time>2026-07-26T13:11:55Z</time></trkpt><trkpt lat="37.57054138183594" lon="127.0282974243164"><ele>-15.800000190734863</ele><time>2026-07-26T13:11:56Z</time></trkpt><trkpt lat="37.570533752441406" lon="127.0283203125"><ele>-15.800000190734863</ele><time>2026-07-26T13:11:57Z</time></trkpt><trkpt lat="37.57052230834961" lon="127.02835083007812"><ele>-15.600000381469727</ele><time>2026-07-26T13:11:58Z</time></trkpt><trkpt lat="37.57051467895508" lon="127.02837371826172"><ele>-15.600000381469727</ele><time>2026-07-26T13:11:59Z</time></trkpt><trkpt lat="37.57050323486328" lon="127.02840423583984"><ele>-15.600000381469727</ele><time>2026-07-26T13:12:00Z</time></trkpt><trkpt lat="37.57049560546875" lon="127.0284194946289"><ele>-15.600000381469727</ele><time>2026-07-26T13:12:01Z</time></trkpt><trkpt lat="37.57048797607422" lon="127.02845001220703"><ele>-15.600000381469727</ele><time>2026-07-26T13:12:02Z</time></trkpt><trkpt lat="37.57048034667969" lon="127.02847290039062"><ele>-15.800000190734863</ele><time>2026-07-26T13:12:03Z</time></trkpt><trkpt lat="37.57046890258789" lon="127.02849578857422"><ele>-15.800000190734863</ele><time>2026-07-26T13:12:04Z</time></trkpt><trkpt lat="37.570465087890625" lon="127.02851867675781"><ele>-15.800000190734863</ele><time>2026-07-26T13:12:05Z</time></trkpt><trkpt lat="37.57046127319336" lon="127.02853393554688"><ele>-15.800000190734863</ele><time>2026-07-26T13:12:06Z</time></trkpt><trkpt lat="37.57044982910156" lon="127.028564453125"><ele>-15.800000190734863</ele><time>2026-07-26T13:12:07Z</time></trkpt><trkpt lat="37.57044219970703" lon="127.02857971191406"><ele>-15.800000190734863</ele><time>2026-07-26T13:12:08Z</time></trkpt><trkpt lat="37.5704345703125" lon="127.02861785888672"><ele>-15.800000190734863</ele><time>2026-07-26T13:12:09Z</time></trkpt><trkpt lat="37.5704231262207" lon="127.02864074707031"><ele>-15.800000190734863</ele><time>2026-07-26T13:12:10Z</time></trkpt><trkpt lat="37.57041931152344" lon="127.02867126464844"><ele>-15.800000190734863</ele><time>2026-07-26T13:12:11Z</time></trkpt><trkpt lat="37.57040786743164" lon="127.02869415283203"><ele>-15.600000381469727</ele><time>2026-07-26T13:12:12Z</time></trkpt><trkpt lat="37.570404052734375" lon="127.0287094116211"><ele>-15.800000190734863</ele><time>2026-07-26T13:12:13Z</time></trkpt><trkpt lat="37.570396423339844" lon="127.02873992919922"><ele>-15.800000190734863</ele><time>2026-07-26T13:12:14Z</time></trkpt><trkpt lat="37.57038879394531" lon="127.02876281738281"><ele>-15.800000190734863</ele><time>2026-07-26T13:12:15Z</time></trkpt><trkpt lat="37.57038497924805" lon="127.0287857055664"><ele>-15.800000190734863</ele><time>2026-07-26T13:12:16Z</time></trkpt><trkpt lat="37.57038116455078" lon="127.02880859375"><ele>-15.800000190734863</ele><time>2026-07-26T13:12:17Z</time></trkpt><trkpt lat="37.57037353515625" lon="127.02882385253906"><ele>-15.800000190734863</ele><time>2026-07-26T13:12:18Z</time></trkpt><trkpt lat="37.57036590576172" lon="127.02883911132812"><ele>-15.800000190734863</ele><time>2026-07-26T13:12:19Z</time></trkpt><trkpt lat="37.57087326049805" lon="127.02745819091797"><ele>-10.600000381469727</ele><time>2026-07-26T13:16:50Z</time></trkpt><trkpt lat="37.57087326049805" lon="127.0274429321289"><ele>-10.399999618530273</ele><time>2026-07-26T13:16:51Z</time></trkpt><trkpt lat="37.57087707519531" lon="127.02742767333984"><ele>-10.399999618530273</ele><time>2026-07-26T13:16:52Z</time></trkpt><trkpt lat="37.570884704589844" lon="127.02740478515625"><ele>-10.600000381469727</ele><time>2026-07-26T13:16:53Z</time></trkpt><trkpt lat="37.57089614868164" lon="127.02738189697266"><ele>-10.600000381469727</ele><time>2026-07-26T13:16:54Z</time></trkpt><trkpt lat="37.57090377807617" lon="127.0273666381836"><ele>-10.600000381469727</ele><time>2026-07-26T13:16:55Z</time></trkpt><trkpt lat="37.57091522216797" lon="127.02734375"><ele>-10.600000381469727</ele><time>2026-07-26T13:16:56Z</time></trkpt><trkpt lat="37.5709228515625" lon="127.02733612060547"><ele>-10.600000381469727</ele><time>2026-07-26T13:16:57Z</time></trkpt><trkpt lat="37.570926666259766" lon="127.0273208618164"><ele>-10.399999618530273</ele><time>2026-07-26T13:16:58Z</time></trkpt><trkpt lat="37.57094192504883" lon="127.02731323242188"><ele>-10.399999618530273</ele><time>2026-07-26T13:16:59Z</time></trkpt><trkpt lat="37.570945739746094" lon="127.02729797363281"><ele>-10.399999618530273</ele><time>2026-07-26T13:17:00Z</time></trkpt><trkpt lat="37.570953369140625" lon="127.02728271484375"><ele>-10.399999618530273</ele><time>2026-07-26T13:17:01Z</time></trkpt><trkpt lat="37.57094955444336" lon="127.02725219726562"><ele>-10.399999618530273</ele><time>2026-07-26T13:17:02Z</time></trkpt><trkpt lat="37.570953369140625" lon="127.0272216796875"><ele>-10.399999618530273</ele><time>2026-07-26T13:17:03Z</time></trkpt><trkpt lat="37.570960998535156" lon="127.02719116210938"><ele>-10.600000381469727</ele><time>2026-07-26T13:17:04Z</time></trkpt><trkpt lat="37.57096862792969" lon="127.02716064453125"><ele>-10.600000381469727</ele><time>2026-07-26T13:17:05Z</time></trkpt><trkpt lat="37.57097625732422" lon="127.02713012695312"><ele>-10.600000381469727</ele><time>2026-07-26T13:17:06Z</time></trkpt><trkpt lat="37.57098388671875" lon="127.02709197998047"><ele>-10.600000381469727</ele><time>2026-07-26T13:17:07Z</time></trkpt><trkpt lat="37.57099533081055" lon="127.02706146240234"><ele>-10.600000381469727</ele><time>2026-07-26T13:17:08Z</time></trkpt><trkpt lat="37.57100296020508" lon="127.02703857421875"><ele>-10.600000381469727</ele><time>2026-07-26T13:17:09Z</time></trkpt><trkpt lat="37.57101058959961" lon="127.02701568603516"><ele>-10.600000381469727</ele><time>2026-07-26T13:17:10Z</time></trkpt><trkpt lat="37.57101821899414" lon="127.02699279785156"><ele>-10.600000381469727</ele><time>2026-07-26T13:17:11Z</time></trkpt><trkpt lat="37.571022033691406" lon="127.02696228027344"><ele>-10.399999618530273</ele><time>2026-07-26T13:17:12Z</time></trkpt><trkpt lat="37.571022033691406" lon="127.02694702148438"><ele>-10.399999618530273</ele><time>2026-07-26T13:17:13Z</time></trkpt><trkpt lat="37.570552825927734" lon="127.02681732177734"><ele>-10.600000381469727</ele><time>2026-07-26T13:18:11Z</time></trkpt><trkpt lat="37.57054901123047" lon="127.0268325805664"><ele>-10.600000381469727</ele><time>2026-07-26T13:18:12Z</time></trkpt><trkpt lat="37.57054138183594" lon="127.02686309814453"><ele>-10.600000381469727</ele><time>2026-07-26T13:18:13Z</time></trkpt><trkpt lat="37.57053756713867" lon="127.02688598632812"><ele>-10.800000190734863</ele><time>2026-07-26T13:18:14Z</time></trkpt><trkpt lat="37.57052993774414" lon="127.02690887451172"><ele>-11.0</ele><time>2026-07-26T13:18:15Z</time></trkpt><trkpt lat="37.570526123046875" lon="127.02693176269531"><ele>-11.199999809265137</ele><time>2026-07-26T13:18:16Z</time></trkpt><trkpt lat="37.570518493652344" lon="127.0269546508789"><ele>-11.399999618530273</ele><time>2026-07-26T13:18:17Z</time></trkpt><trkpt lat="37.57051086425781" lon="127.0269775390625"><ele>-11.399999618530273</ele><time>2026-07-26T13:18:18Z</time></trkpt><trkpt lat="37.57052230834961" lon="127.02699279785156"><ele>-11.600000381469727</ele><time>2026-07-26T13:18:19Z</time></trkpt><trkpt lat="37.57051086425781" lon="127.02700805664062"><ele>-11.600000381469727</ele><time>2026-07-26T13:18:20Z</time></trkpt><trkpt lat="37.57050704956055" lon="127.02703094482422"><ele>-11.800000190734863</ele><time>2026-07-26T13:18:21Z</time></trkpt><trkpt lat="37.5703239440918" lon="127.02765655517578"><ele>-16.0</ele><time>2026-07-26T13:18:58Z</time></trkpt><trkpt lat="37.5703239440918" lon="127.02767944335938"><ele>-16.0</ele><time>2026-07-26T13:18:59Z</time></trkpt><trkpt lat="37.5703239440918" lon="127.02769470214844"><ele>-16.0</ele><time>2026-07-26T13:19:00Z</time></trkpt><trkpt lat="37.570316314697266" lon="127.02771759033203"><ele>-16.0</ele><time>2026-07-26T13:19:01Z</time></trkpt><trkpt lat="37.57030487060547" lon="127.02774047851562"><ele>-16.200000762939453</ele><time>2026-07-26T13:19:02Z</time></trkpt><trkpt lat="37.5703010559082" lon="127.02775573730469"><ele>-16.200000762939453</ele><time>2026-07-26T13:19:03Z</time></trkpt><trkpt lat="37.570289611816406" lon="127.02777862548828"><ele>-16.200000762939453</ele><time>2026-07-26T13:19:04Z</time></trkpt><trkpt lat="37.570281982421875" lon="127.02780151367188"><ele>-16.200000762939453</ele><time>2026-07-26T13:19:05Z</time></trkpt><trkpt lat="37.57027053833008" lon="127.02783203125"><ele>-16.200000762939453</ele><time>2026-07-26T13:19:06Z</time></trkpt><trkpt lat="37.57026290893555" lon="127.0278549194336"><ele>-16.200000762939453</ele><time>2026-07-26T13:19:07Z</time></trkpt><trkpt lat="37.570247650146484" lon="127.02787780761719"><ele>-16.200000762939453</ele><time>2026-07-26T13:19:08Z</time></trkpt><trkpt lat="37.57023620605469" lon="127.02790832519531"><ele>-16.200000762939453</ele><time>2026-07-26T13:19:09Z</time></trkpt><trkpt lat="37.57023239135742" lon="127.0279312133789"><ele>-16.200000762939453</ele><time>2026-07-26T13:19:10Z</time></trkpt><trkpt lat="37.570220947265625" lon="127.02796936035156"><ele>-16.200000762939453</ele><time>2026-07-26T13:19:11Z</time></trkpt><trkpt lat="37.57020950317383" lon="127.02799224853516"><ele>-16.200000762939453</ele><time>2026-07-26T13:19:12Z</time></trkpt><trkpt lat="37.570194244384766" lon="127.02803039550781"><ele>-16.200000762939453</ele><time>2026-07-26T13:19:13Z</time></trkpt><trkpt lat="37.57018280029297" lon="127.0280532836914"><ele>-16.200000762939453</ele><time>2026-07-26T13:19:14Z</time></trkpt><trkpt lat="37.57017517089844" lon="127.02808380126953"><ele>-16.200000762939453</ele><time>2026-07-26T13:19:15Z</time></trkpt><trkpt lat="37.570167541503906" lon="127.02811431884766"><ele>-16.200000762939453</ele><time>2026-07-26T13:19:16Z</time></trkpt><trkpt lat="37.570159912109375" lon="127.02813720703125"><ele>-16.200000762939453</ele><time>2026-07-26T13:19:17Z</time></trkpt><trkpt lat="37.570152282714844" lon="127.02816009521484"><ele>-16.200000762939453</ele><time>2026-07-26T13:19:18Z</time></trkpt><trkpt lat="37.57014465332031" lon="127.02818298339844"><ele>-16.200000762939453</ele><time>2026-07-26T13:19:19Z</time></trkpt><trkpt lat="37.57013702392578" lon="127.02821350097656"><ele>-16.200000762939453</ele><time>2026-07-26T13:19:20Z</time></trkpt><trkpt lat="37.570133209228516" lon="127.02823638916016"><ele>-16.200000762939453</ele><time>2026-07-26T13:19:21Z</time></trkpt><trkpt lat="37.570133209228516" lon="127.02825927734375"><ele>-16.200000762939453</ele><time>2026-07-26T13:19:22Z</time></trkpt><trkpt lat="37.570125579833984" lon="127.02828979492188"><ele>-16.200000762939453</ele><time>2026-07-26T13:19:23Z</time></trkpt><trkpt lat="37.57012176513672" lon="127.02831268310547"><ele>-16.200000762939453</ele><time>2026-07-26T13:19:24Z</time></trkpt><trkpt lat="37.57011413574219" lon="127.0283432006836"><ele>-16.200000762939453</ele><time>2026-07-26T13:19:25Z</time></trkpt><trkpt lat="37.570106506347656" lon="127.02837371826172"><ele>-16.200000762939453</ele><time>2026-07-26T13:19:26Z</time></trkpt><trkpt lat="37.57010269165039" lon="127.02839660644531"><ele>-16.399999618530273</ele><time>2026-07-26T13:19:27Z</time></trkpt><trkpt lat="37.570098876953125" lon="127.02842712402344"><ele>-16.399999618530273</ele><time>2026-07-26T13:19:28Z</time></trkpt><trkpt lat="37.570098876953125" lon="127.02845001220703"><ele>-16.399999618530273</ele><time>2026-07-26T13:19:29Z</time></trkpt><trkpt lat="37.570091247558594" lon="127.02848052978516"><ele>-16.399999618530273</ele><time>2026-07-26T13:19:30Z</time></trkpt><trkpt lat="37.570091247558594" lon="127.02850341796875"><ele>-16.399999618530273</ele><time>2026-07-26T13:19:31Z</time></trkpt><trkpt lat="37.57008361816406" lon="127.0285415649414"><ele>-16.399999618530273</ele><time>2026-07-26T13:19:32Z</time></trkpt><trkpt lat="37.57007598876953" lon="127.028564453125"><ele>-16.399999618530273</ele><time>2026-07-26T13:19:33Z</time></trkpt><trkpt lat="37.5700798034668" lon="127.0285873413086"><ele>-16.399999618530273</ele><time>2026-07-26T13:19:34Z</time></trkpt><trkpt lat="37.570072174072266" lon="127.02861785888672"><ele>-16.399999618530273</ele><time>2026-07-26T13:19:35Z</time></trkpt><trkpt lat="37.570068359375" lon="127.02864074707031"><ele>-16.399999618530273</ele><time>2026-07-26T13:19:36Z</time></trkpt><trkpt lat="37.57006072998047" lon="127.02867126464844"><ele>-16.399999618530273</ele><time>2026-07-26T13:19:37Z</time></trkpt><trkpt lat="37.57005310058594" lon="127.02870178222656"><ele>-16.399999618530273</ele><time>2026-07-26T13:19:38Z</time></trkpt><trkpt lat="37.57004928588867" lon="127.02873229980469"><ele>-16.399999618530273</ele><time>2026-07-26T13:19:39Z</time></trkpt><trkpt lat="37.57004165649414" lon="127.02875518798828"><ele>-16.600000381469727</ele><time>2026-07-26T13:19:40Z</time></trkpt><trkpt lat="37.570037841796875" lon="127.0287857055664"><ele>-16.399999618530273</ele><time>2026-07-26T13:19:41Z</time></trkpt><trkpt lat="37.570030212402344" lon="127.02880859375"><ele>-16.399999618530273</ele><time>2026-07-26T13:19:42Z</time></trkpt><trkpt lat="37.570030212402344" lon="127.0288314819336"><ele>-16.399999618530273</ele><time>2026-07-26T13:19:43Z</time></trkpt><trkpt lat="37.57001876831055" lon="127.02886199951172"><ele>-16.399999618530273</ele><time>2026-07-26T13:19:44Z</time></trkpt><trkpt lat="37.57001495361328" lon="127.02888488769531"><ele>-16.600000381469727</ele><time>2026-07-26T13:19:45Z</time></trkpt><trkpt lat="37.57000732421875" lon="127.02891540527344"><ele>-16.600000381469727</ele><time>2026-07-26T13:19:46Z</time></trkpt><trkpt lat="37.56999969482422" lon="127.02893829345703"><ele>-16.600000381469727</ele><time>2026-07-26T13:19:47Z</time></trkpt><trkpt lat="37.56999206542969" lon="127.02896881103516"><ele>-16.600000381469727</ele><time>2026-07-26T13:19:48Z</time></trkpt><trkpt lat="37.56998062133789" lon="127.02899169921875"><ele>-16.600000381469727</ele><time>2026-07-26T13:19:49Z</time></trkpt><trkpt lat="37.569969177246094" lon="127.0290298461914"><ele>-16.600000381469727</ele><time>2026-07-26T13:19:50Z</time></trkpt><trkpt lat="37.56996154785156" lon="127.029052734375"><ele>-16.600000381469727</ele><time>2026-07-26T13:19:51Z</time></trkpt><trkpt lat="37.56995391845703" lon="127.02908325195312"><ele>-16.600000381469727</ele><time>2026-07-26T13:19:52Z</time></trkpt><trkpt lat="37.5699462890625" lon="127.02911376953125"><ele>-16.600000381469727</ele><time>2026-07-26T13:19:53Z</time></trkpt><trkpt lat="37.569942474365234" lon="127.02913665771484"><ele>-16.600000381469727</ele><time>2026-07-26T13:19:54Z</time></trkpt><trkpt lat="37.5699348449707" lon="127.02916717529297"><ele>-16.600000381469727</ele><time>2026-07-26T13:19:55Z</time></trkpt><trkpt lat="37.56993103027344" lon="127.02919006347656"><ele>-16.600000381469727</ele><time>2026-07-26T13:19:56Z</time></trkpt><trkpt lat="37.56991958618164" lon="127.02922058105469"><ele>-16.600000381469727</ele><time>2026-07-26T13:19:57Z</time></trkpt><trkpt lat="37.569915771484375" lon="127.02924346923828"><ele>-16.600000381469727</ele><time>2026-07-26T13:19:58Z</time></trkpt><trkpt lat="37.56991195678711" lon="127.02926635742188"><ele>-16.600000381469727</ele><time>2026-07-26T13:19:59Z</time></trkpt><trkpt lat="37.569908142089844" lon="127.029296875"><ele>-16.600000381469727</ele><time>2026-07-26T13:20:00Z</time></trkpt><trkpt lat="37.569908142089844" lon="127.0293197631836"><ele>-16.600000381469727</ele><time>2026-07-26T13:20:01Z</time></trkpt><trkpt lat="37.56989669799805" lon="127.02935028076172"><ele>-16.600000381469727</ele><time>2026-07-26T13:20:02Z</time></trkpt><trkpt lat="37.569889068603516" lon="127.02937316894531"><ele>-16.600000381469727</ele><time>2026-07-26T13:20:03Z</time></trkpt><trkpt lat="37.569881439208984" lon="127.02940368652344"><ele>-16.600000381469727</ele><time>2026-07-26T13:20:04Z</time></trkpt><trkpt lat="37.56987380981445" lon="127.02943420410156"><ele>-16.799999237060547</ele><time>2026-07-26T13:20:05Z</time></trkpt><trkpt lat="37.56986999511719" lon="127.02945709228516"><ele>-16.799999237060547</ele><time>2026-07-26T13:20:06Z</time></trkpt><trkpt lat="37.569862365722656" lon="127.02948760986328"><ele>-16.799999237060547</ele><time>2026-07-26T13:20:07Z</time></trkpt><trkpt lat="37.56985855102539" lon="127.02951049804688"><ele>-16.799999237060547</ele><time>2026-07-26T13:20:08Z</time></trkpt><trkpt lat="37.569847106933594" lon="127.029541015625"><ele>-16.799999237060547</ele><time>2026-07-26T13:20:09Z</time></trkpt><trkpt lat="37.56983947753906" lon="127.02955627441406"><ele>-16.799999237060547</ele><time>2026-07-26T13:20:10Z</time></trkpt><trkpt lat="37.5698356628418" lon="127.02958679199219"><ele>-16.799999237060547</ele><time>2026-07-26T13:20:11Z</time></trkpt><trkpt lat="37.569828033447266" lon="127.02960968017578"><ele>-16.799999237060547</ele><time>2026-07-26T13:20:12Z</time></trkpt><trkpt lat="37.56982421875" lon="127.02962493896484"><ele>-16.799999237060547</ele><time>2026-07-26T13:20:13Z</time></trkpt><trkpt lat="37.56981658935547" lon="127.02964782714844"><ele>-16.799999237060547</ele><time>2026-07-26T13:20:14Z</time></trkpt><trkpt lat="37.5698127746582" lon="127.02967071533203"><ele>-16.799999237060547</ele><time>2026-07-26T13:20:15Z</time></trkpt><trkpt lat="37.569801330566406" lon="127.02969360351562"><ele>-16.799999237060547</ele><time>2026-07-26T13:20:16Z</time></trkpt><trkpt lat="37.56979751586914" lon="127.02970886230469"><ele>-16.799999237060547</ele><time>2026-07-26T13:20:17Z</time></trkpt><trkpt lat="37.56978988647461" lon="127.02973937988281"><ele>-16.799999237060547</ele><time>2026-07-26T13:20:18Z</time></trkpt><trkpt lat="37.56978225708008" lon="127.0297622680664"><ele>-16.799999237060547</ele><time>2026-07-26T13:20:19Z</time></trkpt><trkpt lat="37.56977844238281" lon="127.02979278564453"><ele>-16.799999237060547</ele><time>2026-07-26T13:20:20Z</time></trkpt><trkpt lat="37.569766998291016" lon="127.02981567382812"><ele>-17.0</ele><time>2026-07-26T13:20:21Z</time></trkpt><trkpt lat="37.569759368896484" lon="127.02984619140625"><ele>-17.0</ele><time>2026-07-26T13:20:22Z</time></trkpt><trkpt lat="37.56975173950195" lon="127.02987670898438"><ele>-17.0</ele><time>2026-07-26T13:20:23Z</time></trkpt><trkpt lat="37.56974792480469" lon="127.02989959716797"><ele>-17.200000762939453</ele><time>2026-07-26T13:20:24Z</time></trkpt><trkpt lat="37.569740295410156" lon="127.0299301147461"><ele>-17.200000762939453</ele><time>2026-07-26T13:20:25Z</time></trkpt><trkpt lat="37.569740295410156" lon="127.02996063232422"><ele>-17.200000762939453</ele><time>2026-07-26T13:20:26Z</time></trkpt><trkpt lat="37.56973648071289" lon="127.02998352050781"><ele>-17.200000762939453</ele><time>2026-07-26T13:20:27Z</time></trkpt><trkpt lat="37.56972885131836" lon="127.03001403808594"><ele>-17.200000762939453</ele><time>2026-07-26T13:20:28Z</time></trkpt><trkpt lat="37.56972885131836" lon="127.03003692626953"><ele>-17.0</ele><time>2026-07-26T13:20:29Z</time></trkpt><trkpt lat="37.569725036621094" lon="127.03006744384766"><ele>-17.0</ele><time>2026-07-26T13:20:30Z</time></trkpt><trkpt lat="37.56971740722656" lon="127.03010559082031"><ele>-17.0</ele><time>2026-07-26T13:20:31Z</time></trkpt><trkpt lat="37.569698333740234" lon="127.03014373779297"><ele>-17.0</ele><time>2026-07-26T13:20:32Z</time></trkpt><trkpt lat="37.56969451904297" lon="127.03019714355469"><ele>-17.0</ele><time>2026-07-26T13:20:33Z</time></trkpt><trkpt lat="37.5696907043457" lon="127.03023529052734"><ele>-17.200000762939453</ele><time>2026-07-26T13:20:34Z</time></trkpt><trkpt lat="37.56968688964844" lon="127.0302505493164"><ele>-17.0</ele><time>2026-07-26T13:20:35Z</time></trkpt><trkpt lat="37.56968688964844" lon="127.03025817871094"><ele>-17.0</ele><time>2026-07-26T13:20:36Z</time></trkpt><trkpt lat="37.56968307495117" lon="127.03028106689453"><ele>-17.0</ele><time>2026-07-26T13:20:37Z</time></trkpt><trkpt lat="37.56968688964844" lon="127.03030395507812"><ele>-17.0</ele><time>2026-07-26T13:20:38Z</time></trkpt><trkpt lat="37.56968307495117" lon="127.03032684326172"><ele>-17.0</ele><time>2026-07-26T13:20:39Z</time></trkpt><trkpt lat="37.569679260253906" lon="127.03035736083984"><ele>-17.0</ele><time>2026-07-26T13:20:40Z</time></trkpt><trkpt lat="37.56967544555664" lon="127.03040313720703"><ele>-17.0</ele><time>2026-07-26T13:20:41Z</time></trkpt><trkpt lat="37.569679260253906" lon="127.03045654296875"><ele>-17.0</ele><time>2026-07-26T13:20:42Z</time></trkpt><trkpt lat="37.569679260253906" lon="127.03050994873047"><ele>-17.0</ele><time>2026-07-26T13:20:43Z</time></trkpt><trkpt lat="37.569679260253906" lon="127.03057098388672"><ele>-17.0</ele><time>2026-07-26T13:20:44Z</time></trkpt><trkpt lat="37.569679260253906" lon="127.03060150146484"><ele>-17.0</ele><time>2026-07-26T13:20:45Z</time></trkpt><trkpt lat="37.56968307495117" lon="127.03062438964844"><ele>-17.0</ele><time>2026-07-26T13:20:46Z</time></trkpt><trkpt lat="37.569679260253906" lon="127.03064727783203"><ele>-17.0</ele><time>2026-07-26T13:20:47Z</time></trkpt><trkpt lat="37.56968307495117" lon="127.03065490722656"><ele>-17.0</ele><time>2026-07-26T13:20:48Z</time></trkpt><trkpt lat="37.56968688964844" lon="127.03067016601562"><ele>-17.0</ele><time>2026-07-26T13:20:49Z</time></trkpt><trkpt lat="37.569679260253906" lon="127.03067016601562"><ele>-17.0</ele><time>2026-07-26T13:20:50Z</time></trkpt><trkpt lat="37.56968307495117" lon="127.0306625366211"><ele>-17.0</ele><time>2026-07-26T13:20:51Z</time></trkpt><trkpt lat="37.56967544555664" lon="127.03067016601562"><ele>-17.200000762939453</ele><time>2026-07-26T13:20:52Z</time></trkpt><trkpt lat="37.56967544555664" lon="127.03067016601562"><ele>-17.200000762939453</ele><time>2026-07-26T13:20:53Z</time></trkpt><trkpt lat="37.569671630859375" lon="127.03068542480469"><ele>-17.200000762939453</ele><time>2026-07-26T13:20:54Z</time></trkpt><trkpt lat="37.56966781616211" lon="127.03070068359375"><ele>-17.200000762939453</ele><time>2026-07-26T13:20:55Z</time></trkpt><trkpt lat="37.569664001464844" lon="127.03072357177734"><ele>-17.200000762939453</ele><time>2026-07-26T13:20:56Z</time></trkpt><trkpt lat="37.56966018676758" lon="127.0307388305664"><ele>-17.200000762939453</ele><time>2026-07-26T13:20:57Z</time></trkpt><trkpt lat="37.56965637207031" lon="127.03076171875"><ele>-17.200000762939453</ele><time>2026-07-26T13:20:58Z</time></trkpt><trkpt lat="37.56965637207031" lon="127.0307846069336"><ele>-17.200000762939453</ele><time>2026-07-26T13:20:59Z</time></trkpt><trkpt lat="37.56965637207031" lon="127.03080749511719"><ele>-17.200000762939453</ele><time>2026-07-26T13:21:00Z</time></trkpt><trkpt lat="37.56965255737305" lon="127.03083801269531"><ele>-17.200000762939453</ele><time>2026-07-26T13:21:01Z</time></trkpt><trkpt lat="37.56965637207031" lon="127.0308609008789"><ele>-17.200000762939453</ele><time>2026-07-26T13:21:02Z</time></trkpt><trkpt lat="37.56965637207031" lon="127.03089904785156"><ele>-17.399999618530273</ele><time>2026-07-26T13:21:03Z</time></trkpt><trkpt lat="37.56965255737305" lon="127.03091430664062"><ele>-17.399999618530273</ele><time>2026-07-26T13:21:04Z</time></trkpt><trkpt lat="37.56965255737305" lon="127.03095245361328"><ele>-17.399999618530273</ele><time>2026-07-26T13:21:05Z</time></trkpt><trkpt lat="37.56965255737305" lon="127.03097534179688"><ele>-17.399999618530273</ele><time>2026-07-26T13:21:06Z</time></trkpt><trkpt lat="37.56965255737305" lon="127.03099822998047"><ele>-17.399999618530273</ele><time>2026-07-26T13:21:07Z</time></trkpt><trkpt lat="37.56965255737305" lon="127.0310287475586"><ele>-17.399999618530273</ele><time>2026-07-26T13:21:08Z</time></trkpt><trkpt lat="37.56965255737305" lon="127.03105163574219"><ele>-17.399999618530273</ele><time>2026-07-26T13:21:09Z</time></trkpt><trkpt lat="37.56965255737305" lon="127.03108215332031"><ele>-17.200000762939453</ele><time>2026-07-26T13:21:10Z</time></trkpt><trkpt lat="37.56964874267578" lon="127.0311050415039"><ele>-17.399999618530273</ele><time>2026-07-26T13:21:11Z</time></trkpt><trkpt lat="37.56964874267578" lon="127.03113555908203"><ele>-17.399999618530273</ele><time>2026-07-26T13:21:12Z</time></trkpt><trkpt lat="37.56964874267578" lon="127.03116607666016"><ele>-17.399999618530273</ele><time>2026-07-26T13:21:13Z</time></trkpt><trkpt lat="37.56964874267578" lon="127.03118896484375"><ele>-17.399999618530273</ele><time>2026-07-26T13:21:14Z</time></trkpt><trkpt lat="37.56965255737305" lon="127.03121185302734"><ele>-17.399999618530273</ele><time>2026-07-26T13:21:15Z</time></trkpt><trkpt lat="37.56965255737305" lon="127.03124237060547"><ele>-17.399999618530273</ele><time>2026-07-26T13:21:16Z</time></trkpt><trkpt lat="37.56965255737305" lon="127.03125762939453"><ele>-17.200000762939453</ele><time>2026-07-26T13:21:17Z</time></trkpt><trkpt lat="37.56965637207031" lon="127.03128814697266"><ele>-17.200000762939453</ele><time>2026-07-26T13:21:18Z</time></trkpt><trkpt lat="37.56966018676758" lon="127.03131866455078"><ele>-17.200000762939453</ele><time>2026-07-26T13:21:19Z</time></trkpt><trkpt lat="37.569664001464844" lon="127.03134155273438"><ele>-17.200000762939453</ele><time>2026-07-26T13:21:20Z</time></trkpt><trkpt lat="37.56966781616211" lon="127.03136444091797"><ele>-17.200000762939453</ele><time>2026-07-26T13:21:21Z</time></trkpt><trkpt lat="37.569671630859375" lon="127.03138732910156"><ele>-17.200000762939453</ele><time>2026-07-26T13:21:22Z</time></trkpt><trkpt lat="37.56967544555664" lon="127.03141784667969"><ele>-17.200000762939453</ele><time>2026-07-26T13:21:23Z</time></trkpt><trkpt lat="37.569679260253906" lon="127.03144073486328"><ele>-17.200000762939453</ele><time>2026-07-26T13:21:24Z</time></trkpt><trkpt lat="37.56968688964844" lon="127.0314712524414"><ele>-17.200000762939453</ele><time>2026-07-26T13:21:25Z</time></trkpt><trkpt lat="37.56969451904297" lon="127.031494140625"><ele>-17.200000762939453</ele><time>2026-07-26T13:21:26Z</time></trkpt><trkpt lat="37.569698333740234" lon="127.0315170288086"><ele>-17.200000762939453</ele><time>2026-07-26T13:21:27Z</time></trkpt><trkpt lat="37.569705963134766" lon="127.03154754638672"><ele>-17.200000762939453</ele><time>2026-07-26T13:21:28Z</time></trkpt><trkpt lat="37.5697135925293" lon="127.03157043457031"><ele>-17.200000762939453</ele><time>2026-07-26T13:21:29Z</time></trkpt><trkpt lat="37.56971740722656" lon="127.03160095214844"><ele>-17.200000762939453</ele><time>2026-07-26T13:21:30Z</time></trkpt><trkpt lat="37.56972122192383" lon="127.03162384033203"><ele>-17.200000762939453</ele><time>2026-07-26T13:21:31Z</time></trkpt><trkpt lat="37.569725036621094" lon="127.03166198730469"><ele>-17.200000762939453</ele><time>2026-07-26T13:21:32Z</time></trkpt><trkpt lat="37.569732666015625" lon="127.03168487548828"><ele>-17.200000762939453</ele><time>2026-07-26T13:21:33Z</time></trkpt><trkpt lat="37.56973648071289" lon="127.03172302246094"><ele>-17.399999618530273</ele><time>2026-07-26T13:21:34Z</time></trkpt><trkpt lat="37.56974411010742" lon="127.03174591064453"><ele>-17.399999618530273</ele><time>2026-07-26T13:21:35Z</time></trkpt><trkpt lat="37.56974792480469" lon="127.03176879882812"><ele>-17.399999618530273</ele><time>2026-07-26T13:21:36Z</time></trkpt><trkpt lat="37.56975555419922" lon="127.03179168701172"><ele>-17.399999618530273</ele><time>2026-07-26T13:21:37Z</time></trkpt><trkpt lat="37.569759368896484" lon="127.03182220458984"><ele>-17.399999618530273</ele><time>2026-07-26T13:21:38Z</time></trkpt><trkpt lat="37.569766998291016" lon="127.0318374633789"><ele>-17.399999618530273</ele><time>2026-07-26T13:21:39Z</time></trkpt><trkpt lat="37.56977081298828" lon="127.03186798095703"><ele>-17.399999618530273</ele><time>2026-07-26T13:21:40Z</time></trkpt><trkpt lat="37.56977844238281" lon="127.0318832397461"><ele>-17.200000762939453</ele><time>2026-07-26T13:21:41Z</time></trkpt><trkpt lat="37.569786071777344" lon="127.03191375732422"><ele>-17.200000762939453</ele><time>2026-07-26T13:21:42Z</time></trkpt><trkpt lat="37.56978988647461" lon="127.03193664550781"><ele>-17.399999618530273</ele><time>2026-07-26T13:21:43Z</time></trkpt><trkpt lat="37.56979751586914" lon="127.03196716308594"><ele>-17.399999618530273</ele><time>2026-07-26T13:21:44Z</time></trkpt><trkpt lat="37.569801330566406" lon="127.03199005126953"><ele>-17.399999618530273</ele><time>2026-07-26T13:21:45Z</time></trkpt><trkpt lat="37.5698127746582" lon="127.03201293945312"><ele>-17.399999618530273</ele><time>2026-07-26T13:21:46Z</time></trkpt><trkpt lat="37.569820404052734" lon="127.03205108642578"><ele>-17.399999618530273</ele><time>2026-07-26T13:21:47Z</time></trkpt><trkpt lat="37.56983184814453" lon="127.03206634521484"><ele>-17.399999618530273</ele><time>2026-07-26T13:21:48Z</time></trkpt><trkpt lat="37.56983947753906" lon="127.03209686279297"><ele>-17.200000762939453</ele><time>2026-07-26T13:21:49Z</time></trkpt><trkpt lat="37.56985092163086" lon="127.03211212158203"><ele>-17.200000762939453</ele><time>2026-07-26T13:21:50Z</time></trkpt><trkpt lat="37.569862365722656" lon="127.03213500976562"><ele>-17.200000762939453</ele><time>2026-07-26T13:21:51Z</time></trkpt><trkpt lat="37.56986999511719" lon="127.03215789794922"><ele>-17.200000762939453</ele><time>2026-07-26T13:21:52Z</time></trkpt><trkpt lat="37.569881439208984" lon="127.03217315673828"><ele>-17.200000762939453</ele><time>2026-07-26T13:21:53Z</time></trkpt><trkpt lat="37.56989288330078" lon="127.0322036743164"><ele>-17.399999618530273</ele><time>2026-07-26T13:21:54Z</time></trkpt><trkpt lat="37.56990051269531" lon="127.0322265625"><ele>-17.200000762939453</ele><time>2026-07-26T13:21:55Z</time></trkpt><trkpt lat="37.56991195678711" lon="127.0322494506836"><ele>-17.399999618530273</ele><time>2026-07-26T13:21:56Z</time></trkpt><trkpt lat="37.56992721557617" lon="127.03227233886719"><ele>-17.399999618530273</ele><time>2026-07-26T13:21:57Z</time></trkpt><trkpt lat="37.56993865966797" lon="127.03228759765625"><ele>-17.399999618530273</ele><time>2026-07-26T13:21:58Z</time></trkpt><trkpt lat="37.5699577331543" lon="127.03231048583984"><ele>-17.399999618530273</ele><time>2026-07-26T13:21:59Z</time></trkpt><trkpt lat="37.569969177246094" lon="127.0323257446289"><ele>-17.399999618530273</ele><time>2026-07-26T13:22:00Z</time></trkpt><trkpt lat="37.569976806640625" lon="127.0323486328125"><ele>-17.399999618530273</ele><time>2026-07-26T13:22:01Z</time></trkpt><trkpt lat="37.56998825073242" lon="127.03236389160156"><ele>-17.399999618530273</ele><time>2026-07-26T13:22:02Z</time></trkpt><trkpt lat="37.56999588012695" lon="127.03237915039062"><ele>-17.399999618530273</ele><time>2026-07-26T13:22:03Z</time></trkpt><trkpt lat="37.56999969482422" lon="127.03238677978516"><ele>-17.399999618530273</ele><time>2026-07-26T13:22:04Z</time></trkpt><trkpt lat="37.57000732421875" lon="127.03240203857422"><ele>-17.399999618530273</ele><time>2026-07-26T13:22:05Z</time></trkpt><trkpt lat="37.570011138916016" lon="127.03242492675781"><ele>-17.600000381469727</ele><time>2026-07-26T13:22:06Z</time></trkpt><trkpt lat="37.57001876831055" lon="127.03243255615234"><ele>-17.399999618530273</ele><time>2026-07-26T13:22:07Z</time></trkpt><trkpt lat="37.57002639770508" lon="127.0324478149414"><ele>-17.399999618530273</ele><time>2026-07-26T13:22:08Z</time></trkpt><trkpt lat="37.57003402709961" lon="127.03246307373047"><ele>-17.200000762939453</ele><time>2026-07-26T13:22:09Z</time></trkpt><trkpt lat="37.57004165649414" lon="127.03247833251953"><ele>-17.200000762939453</ele><time>2026-07-26T13:22:10Z</time></trkpt><trkpt lat="37.57004928588867" lon="127.0324935913086"><ele>-17.0</ele><time>2026-07-26T13:22:11Z</time></trkpt><trkpt lat="37.57005310058594" lon="127.03250885009766"><ele>-17.200000762939453</ele><time>2026-07-26T13:22:12Z</time></trkpt><trkpt lat="37.57006072998047" lon="127.03251647949219"><ele>-17.200000762939453</ele><time>2026-07-26T13:22:13Z</time></trkpt><trkpt lat="37.570068359375" lon="127.03253173828125"><ele>-17.200000762939453</ele><time>2026-07-26T13:22:14Z</time></trkpt><trkpt lat="37.570072174072266" lon="127.03254699707031"><ele>-17.200000762939453</ele><time>2026-07-26T13:22:15Z</time></trkpt><trkpt lat="37.57007598876953" lon="127.03255462646484"><ele>-17.200000762939453</ele><time>2026-07-26T13:22:16Z</time></trkpt><trkpt lat="37.57008361816406" lon="127.0325698852539"><ele>-17.200000762939453</ele><time>2026-07-26T13:22:17Z</time></trkpt><trkpt lat="37.57009506225586" lon="127.03257751464844"><ele>-17.399999618530273</ele><time>2026-07-26T13:22:18Z</time></trkpt><trkpt lat="37.57010269165039" lon="127.03260040283203"><ele>-17.399999618530273</ele><time>2026-07-26T13:22:19Z</time></trkpt><trkpt lat="37.57011413574219" lon="127.0326156616211"><ele>-17.600000381469727</ele><time>2026-07-26T13:22:20Z</time></trkpt><trkpt lat="37.570125579833984" lon="127.03263854980469"><ele>-17.399999618530273</ele><time>2026-07-26T13:22:21Z</time></trkpt><trkpt lat="37.57014083862305" lon="127.03265380859375"><ele>-17.399999618530273</ele><time>2026-07-26T13:22:22Z</time></trkpt><trkpt lat="37.57016372680664" lon="127.03267669677734"><ele>-17.399999618530273</ele><time>2026-07-26T13:22:23Z</time></trkpt><trkpt lat="37.57017135620117" lon="127.0326919555664"><ele>-17.399999618530273</ele><time>2026-07-26T13:22:24Z</time></trkpt><trkpt lat="37.570186614990234" lon="127.03271484375"><ele>-17.399999618530273</ele><time>2026-07-26T13:22:25Z</time></trkpt><trkpt lat="37.5702018737793" lon="127.0327377319336"><ele>-17.399999618530273</ele><time>2026-07-26T13:22:26Z</time></trkpt><trkpt lat="37.57021713256836" lon="127.03276062011719"><ele>-17.399999618530273</ele><time>2026-07-26T13:22:27Z</time></trkpt><trkpt lat="37.57023620605469" lon="127.03279113769531"><ele>-17.399999618530273</ele><time>2026-07-26T13:22:28Z</time></trkpt><trkpt lat="37.570247650146484" lon="127.03280639648438"><ele>-17.399999618530273</ele><time>2026-07-26T13:22:29Z</time></trkpt><trkpt lat="37.57026290893555" lon="127.0328369140625"><ele>-17.399999618530273</ele><time>2026-07-26T13:22:30Z</time></trkpt><trkpt lat="37.57027816772461" lon="127.03286743164062"><ele>-17.399999618530273</ele><time>2026-07-26T13:22:31Z</time></trkpt><trkpt lat="37.57029342651367" lon="127.03289031982422"><ele>-17.399999618530273</ele><time>2026-07-26T13:22:32Z</time></trkpt><trkpt lat="37.57030487060547" lon="127.03292083740234"><ele>-17.399999618530273</ele><time>2026-07-26T13:22:33Z</time></trkpt><trkpt lat="37.5703125" lon="127.0329360961914"><ele>-17.399999618530273</ele><time>2026-07-26T13:22:34Z</time></trkpt><trkpt lat="37.57032775878906" lon="127.03296661376953"><ele>-17.399999618530273</ele><time>2026-07-26T13:22:35Z</time></trkpt><trkpt lat="37.57033920288086" lon="127.03298950195312"><ele>-17.399999618530273</ele><time>2026-07-26T13:22:36Z</time></trkpt><trkpt lat="37.57035446166992" lon="127.03301239013672"><ele>-17.399999618530273</ele><time>2026-07-26T13:22:37Z</time></trkpt><trkpt lat="37.57036590576172" lon="127.03303527832031"><ele>-17.399999618530273</ele><time>2026-07-26T13:22:38Z</time></trkpt><trkpt lat="37.57038116455078" lon="127.0330581665039"><ele>-17.600000381469727</ele><time>2026-07-26T13:22:39Z</time></trkpt><trkpt lat="37.57038879394531" lon="127.03308868408203"><ele>-17.600000381469727</ele><time>2026-07-26T13:22:40Z</time></trkpt><trkpt lat="37.570396423339844" lon="127.03311157226562"><ele>-17.600000381469727</ele><time>2026-07-26T13:22:41Z</time></trkpt><trkpt lat="37.570411682128906" lon="127.03313446044922"><ele>-17.600000381469727</ele><time>2026-07-26T13:22:42Z</time></trkpt><trkpt lat="37.57041549682617" lon="127.03314971923828"><ele>-17.600000381469727</ele><time>2026-07-26T13:22:43Z</time></trkpt><trkpt lat="37.5704345703125" lon="127.0331802368164"><ele>-17.600000381469727</ele><time>2026-07-26T13:22:44Z</time></trkpt><trkpt lat="37.57044219970703" lon="127.033203125"><ele>-17.600000381469727</ele><time>2026-07-26T13:22:45Z</time></trkpt><trkpt lat="37.570457458496094" lon="127.03323364257812"><ele>-17.600000381469727</ele><time>2026-07-26T13:22:46Z</time></trkpt><trkpt lat="37.570472717285156" lon="127.03325653076172"><ele>-17.600000381469727</ele><time>2026-07-26T13:22:47Z</time></trkpt><trkpt lat="37.57048416137695" lon="127.03327941894531"><ele>-17.600000381469727</ele><time>2026-07-26T13:22:48Z</time></trkpt><trkpt lat="37.570499420166016" lon="127.0333023071289"><ele>-17.600000381469727</ele><time>2026-07-26T13:22:49Z</time></trkpt><trkpt lat="37.57051086425781" lon="127.03331756591797"><ele>-17.600000381469727</ele><time>2026-07-26T13:22:50Z</time></trkpt><trkpt lat="37.57052993774414" lon="127.03334045410156"><ele>-17.600000381469727</ele><time>2026-07-26T13:22:51Z</time></trkpt><trkpt lat="37.57054138183594" lon="127.03335571289062"><ele>-17.600000381469727</ele><time>2026-07-26T13:22:52Z</time></trkpt><trkpt lat="37.57056427001953" lon="127.03337860107422"><ele>-17.600000381469727</ele><time>2026-07-26T13:22:53Z</time></trkpt><trkpt lat="37.57057571411133" lon="127.03339385986328"><ele>-17.600000381469727</ele><time>2026-07-26T13:22:54Z</time></trkpt><trkpt lat="37.570594787597656" lon="127.03341674804688"><ele>-17.799999237060547</ele><time>2026-07-26T13:22:55Z</time></trkpt><trkpt lat="37.570613861083984" lon="127.03343200683594"><ele>-17.799999237060547</ele><time>2026-07-26T13:22:56Z</time></trkpt><trkpt lat="37.57062911987305" lon="127.033447265625"><ele>-17.799999237060547</ele><time>2026-07-26T13:22:57Z</time></trkpt><trkpt lat="37.570648193359375" lon="127.0334701538086"><ele>-17.799999237060547</ele><time>2026-07-26T13:22:58Z</time></trkpt><trkpt lat="37.57066345214844" lon="127.03348541259766"><ele>-17.600000381469727</ele><time>2026-07-26T13:22:59Z</time></trkpt><trkpt lat="37.5706787109375" lon="127.03351593017578"><ele>-17.600000381469727</ele><time>2026-07-26T13:23:00Z</time></trkpt><trkpt lat="37.57069396972656" lon="127.03353118896484"><ele>-17.799999237060547</ele><time>2026-07-26T13:23:01Z</time></trkpt><trkpt lat="37.570709228515625" lon="127.03355407714844"><ele>-17.600000381469727</ele><time>2026-07-26T13:23:02Z</time></trkpt><trkpt lat="37.57073211669922" lon="127.03357696533203"><ele>-17.600000381469727</ele><time>2026-07-26T13:23:03Z</time></trkpt><trkpt lat="37.57074737548828" lon="127.03359985351562"><ele>-17.600000381469727</ele><time>2026-07-26T13:23:04Z</time></trkpt><trkpt lat="37.570770263671875" lon="127.03362274169922"><ele>-17.600000381469727</ele><time>2026-07-26T13:23:05Z</time></trkpt><trkpt lat="37.57078552246094" lon="127.03363800048828"><ele>-17.600000381469727</ele><time>2026-07-26T13:23:06Z</time></trkpt><trkpt lat="37.570804595947266" lon="127.03366088867188"><ele>-17.600000381469727</ele><time>2026-07-26T13:23:07Z</time></trkpt><trkpt lat="37.570823669433594" lon="127.03368377685547"><ele>-17.799999237060547</ele><time>2026-07-26T13:23:08Z</time></trkpt><trkpt lat="37.57083511352539" lon="127.03369140625"><ele>-17.799999237060547</ele><time>2026-07-26T13:23:09Z</time></trkpt><trkpt lat="37.57085418701172" lon="127.0337142944336"><ele>-17.799999237060547</ele><time>2026-07-26T13:23:10Z</time></trkpt><trkpt lat="37.57086944580078" lon="127.03372955322266"><ele>-17.799999237060547</ele><time>2026-07-26T13:23:11Z</time></trkpt><trkpt lat="37.57088851928711" lon="127.03375244140625"><ele>-17.799999237060547</ele><time>2026-07-26T13:23:12Z</time></trkpt><trkpt lat="37.57090377807617" lon="127.03376770019531"><ele>-17.799999237060547</ele><time>2026-07-26T13:23:13Z</time></trkpt><trkpt lat="37.570919036865234" lon="127.03378295898438"><ele>-17.799999237060547</ele><time>2026-07-26T13:23:14Z</time></trkpt><trkpt lat="37.57093811035156" lon="127.03380584716797"><ele>-17.799999237060547</ele><time>2026-07-26T13:23:15Z</time></trkpt><trkpt lat="37.570953369140625" lon="127.03382110595703"><ele>-17.799999237060547</ele><time>2026-07-26T13:23:16Z</time></trkpt><trkpt lat="37.57097625732422" lon="127.0338363647461"><ele>-17.799999237060547</ele><time>2026-07-26T13:23:17Z</time></trkpt><trkpt lat="37.570987701416016" lon="127.03385925292969"><ele>-17.799999237060547</ele><time>2026-07-26T13:23:18Z</time></trkpt><trkpt lat="37.57100296020508" lon="127.03387451171875"><ele>-17.799999237060547</ele><time>2026-07-26T13:23:19Z</time></trkpt><trkpt lat="37.571022033691406" lon="127.03389739990234"><ele>-17.600000381469727</ele><time>2026-07-26T13:23:20Z</time></trkpt><trkpt lat="37.57103729248047" lon="127.0339126586914"><ele>-17.600000381469727</ele><time>2026-07-26T13:23:21Z</time></trkpt><trkpt lat="37.57105255126953" lon="127.033935546875"><ele>-17.600000381469727</ele><time>2026-07-26T13:23:22Z</time></trkpt><trkpt lat="37.571067810058594" lon="127.03395080566406"><ele>-17.799999237060547</ele><time>2026-07-26T13:23:23Z</time></trkpt><trkpt lat="37.571083068847656" lon="127.0339584350586"><ele>-17.799999237060547</ele><time>2026-07-26T13:23:24Z</time></trkpt><trkpt lat="37.57109832763672" lon="127.03398132324219"><ele>-18.0</ele><time>2026-07-26T13:23:25Z</time></trkpt><trkpt lat="37.57110595703125" lon="127.03399658203125"><ele>-18.0</ele><time>2026-07-26T13:23:26Z</time></trkpt><trkpt lat="37.57112121582031" lon="127.03401184082031"><ele>-18.200000762939453</ele><time>2026-07-26T13:23:27Z</time></trkpt><trkpt lat="37.57113265991211" lon="127.03401947021484"><ele>-18.0</ele><time>2026-07-26T13:23:28Z</time></trkpt><trkpt lat="37.571144104003906" lon="127.03404235839844"><ele>-18.0</ele><time>2026-07-26T13:23:29Z</time></trkpt><trkpt lat="37.5711555480957" lon="127.0340576171875"><ele>-18.0</ele><time>2026-07-26T13:23:30Z</time></trkpt><trkpt lat="37.5711669921875" lon="127.03407287597656"><ele>-17.799999237060547</ele><time>2026-07-26T13:23:31Z</time></trkpt><trkpt lat="37.57118606567383" lon="127.03409576416016"><ele>-17.799999237060547</ele><time>2026-07-26T13:23:32Z</time></trkpt><trkpt lat="37.571197509765625" lon="127.03411102294922"><ele>-17.799999237060547</ele><time>2026-07-26T13:23:33Z</time></trkpt><trkpt lat="37.57120895385742" lon="127.03413391113281"><ele>-17.799999237060547</ele><time>2026-07-26T13:23:34Z</time></trkpt><trkpt lat="37.571224212646484" lon="127.0341567993164"><ele>-17.799999237060547</ele><time>2026-07-26T13:23:35Z</time></trkpt><trkpt lat="37.57123947143555" lon="127.0341796875"><ele>-17.799999237060547</ele><time>2026-07-26T13:23:36Z</time></trkpt><trkpt lat="37.57125473022461" lon="127.0342025756836"><ele>-17.799999237060547</ele><time>2026-07-26T13:23:37Z</time></trkpt><trkpt lat="37.57126235961914" lon="127.03421783447266"><ele>-17.799999237060547</ele><time>2026-07-26T13:23:38Z</time></trkpt><trkpt lat="37.57127380371094" lon="127.03424072265625"><ele>-17.799999237060547</ele><time>2026-07-26T13:23:39Z</time></trkpt><trkpt lat="37.5712890625" lon="127.03426361083984"><ele>-17.799999237060547</ele><time>2026-07-26T13:23:40Z</time></trkpt><trkpt lat="37.57130432128906" lon="127.0342788696289"><ele>-17.799999237060547</ele><time>2026-07-26T13:23:41Z</time></trkpt><trkpt lat="37.57131576538086" lon="127.0343017578125"><ele>-17.600000381469727</ele><time>2026-07-26T13:23:42Z</time></trkpt><trkpt lat="37.57132339477539" lon="127.03431701660156"><ele>-17.600000381469727</ele><time>2026-07-26T13:23:43Z</time></trkpt><trkpt lat="37.57133865356445" lon="127.03433990478516"><ele>-17.600000381469727</ele><time>2026-07-26T13:23:44Z</time></trkpt><trkpt lat="37.57135009765625" lon="127.03435516357422"><ele>-17.799999237060547</ele><time>2026-07-26T13:23:45Z</time></trkpt><trkpt lat="37.57136535644531" lon="127.03437805175781"><ele>-17.799999237060547</ele><time>2026-07-26T13:23:46Z</time></trkpt><trkpt lat="37.57137680053711" lon="127.0344009399414"><ele>-17.799999237060547</ele><time>2026-07-26T13:23:47Z</time></trkpt><trkpt lat="37.57139205932617" lon="127.034423828125"><ele>-17.799999237060547</ele><time>2026-07-26T13:23:48Z</time></trkpt><trkpt lat="37.5713996887207" lon="127.03443908691406"><ele>-17.799999237060547</ele><time>2026-07-26T13:23:49Z</time></trkpt><trkpt lat="37.571414947509766" lon="127.03445434570312"><ele>-17.799999237060547</ele><time>2026-07-26T13:23:50Z</time></trkpt><trkpt lat="37.57143020629883" lon="127.03447723388672"><ele>-17.799999237060547</ele><time>2026-07-26T13:23:51Z</time></trkpt><trkpt lat="37.571441650390625" lon="127.03449249267578"><ele>-17.799999237060547</ele><time>2026-07-26T13:23:52Z</time></trkpt><trkpt lat="37.57146072387695" lon="127.03451538085938"><ele>-17.799999237060547</ele><time>2026-07-26T13:23:53Z</time></trkpt><trkpt lat="37.57148361206055" lon="127.03453826904297"><ele>-17.799999237060547</ele><time>2026-07-26T13:23:54Z</time></trkpt><trkpt lat="37.57150650024414" lon="127.0345458984375"><ele>-17.799999237060547</ele><time>2026-07-26T13:23:55Z</time></trkpt><trkpt lat="37.571529388427734" lon="127.0345687866211"><ele>-17.799999237060547</ele><time>2026-07-26T13:23:56Z</time></trkpt><trkpt lat="37.57154846191406" lon="127.03457641601562"><ele>-17.799999237060547</ele><time>2026-07-26T13:23:57Z</time></trkpt><trkpt lat="37.571571350097656" lon="127.03459167480469"><ele>-17.799999237060547</ele><time>2026-07-26T13:23:58Z</time></trkpt><trkpt lat="37.57159423828125" lon="127.03459930419922"><ele>-17.799999237060547</ele><time>2026-07-26T13:23:59Z</time></trkpt><trkpt lat="37.57160568237305" lon="127.03462219238281"><ele>-17.799999237060547</ele><time>2026-07-26T13:24:00Z</time></trkpt><trkpt lat="37.571624755859375" lon="127.0346450805664"><ele>-17.799999237060547</ele><time>2026-07-26T13:24:01Z</time></trkpt><trkpt lat="37.57164001464844" lon="127.03466796875"><ele>-17.799999237060547</ele><time>2026-07-26T13:24:02Z</time></trkpt><trkpt lat="37.57164764404297" lon="127.0346908569336"><ele>-17.799999237060547</ele><time>2026-07-26T13:24:03Z</time></trkpt><trkpt lat="37.57167053222656" lon="127.03469848632812"><ele>-17.799999237060547</ele><time>2026-07-26T13:24:04Z</time></trkpt><trkpt lat="37.57168960571289" lon="127.03471374511719"><ele>-17.799999237060547</ele><time>2026-07-26T13:24:05Z</time></trkpt><trkpt lat="37.57170486450195" lon="127.03473663330078"><ele>-17.799999237060547</ele><time>2026-07-26T13:24:06Z</time></trkpt><trkpt lat="37.57172393798828" lon="127.03475189208984"><ele>-17.799999237060547</ele><time>2026-07-26T13:24:07Z</time></trkpt><trkpt lat="37.57175064086914" lon="127.03477478027344"><ele>-17.799999237060547</ele><time>2026-07-26T13:24:08Z</time></trkpt><trkpt lat="37.5717658996582" lon="127.03479766845703"><ele>-17.799999237060547</ele><time>2026-07-26T13:24:09Z</time></trkpt><trkpt lat="37.57177734375" lon="127.03483581542969"><ele>-17.799999237060547</ele><time>2026-07-26T13:24:10Z</time></trkpt><trkpt lat="37.57179641723633" lon="127.03486633300781"><ele>-17.799999237060547</ele><time>2026-07-26T13:24:11Z</time></trkpt><trkpt lat="37.571800231933594" lon="127.0348892211914"><ele>-17.799999237060547</ele><time>2026-07-26T13:24:12Z</time></trkpt><trkpt lat="37.57180404663086" lon="127.0349349975586"><ele>-17.799999237060547</ele><time>2026-07-26T13:24:13Z</time></trkpt><trkpt lat="37.571807861328125" lon="127.03497314453125"><ele>-17.799999237060547</ele><time>2026-07-26T13:24:14Z</time></trkpt><trkpt lat="37.57181167602539" lon="127.03499603271484"><ele>-17.799999237060547</ele><time>2026-07-26T13:24:15Z</time></trkpt><trkpt lat="37.571815490722656" lon="127.03501892089844"><ele>-17.799999237060547</ele><time>2026-07-26T13:24:16Z</time></trkpt><trkpt lat="37.571815490722656" lon="127.03504180908203"><ele>-17.799999237060547</ele><time>2026-07-26T13:24:17Z</time></trkpt><trkpt lat="37.57181930541992" lon="127.03507232666016"><ele>-17.799999237060547</ele><time>2026-07-26T13:24:18Z</time></trkpt><trkpt lat="37.57182312011719" lon="127.03509521484375"><ele>-17.799999237060547</ele><time>2026-07-26T13:24:19Z</time></trkpt><trkpt lat="37.57183074951172" lon="127.03511810302734"><ele>-17.799999237060547</ele><time>2026-07-26T13:24:20Z</time></trkpt><trkpt lat="37.571834564208984" lon="127.03514862060547"><ele>-17.799999237060547</ele><time>2026-07-26T13:24:21Z</time></trkpt><trkpt lat="37.571842193603516" lon="127.03516387939453"><ele>-17.799999237060547</ele><time>2026-07-26T13:24:22Z</time></trkpt><trkpt lat="37.57185363769531" lon="127.03518676757812"><ele>-17.799999237060547</ele><time>2026-07-26T13:24:23Z</time></trkpt><trkpt lat="37.57185745239258" lon="127.03520965576172"><ele>-17.799999237060547</ele><time>2026-07-26T13:24:24Z</time></trkpt><trkpt lat="37.57186508178711" lon="127.03524017333984"><ele>-18.0</ele><time>2026-07-26T13:24:25Z</time></trkpt><trkpt lat="37.571868896484375" lon="127.03527069091797"><ele>-18.0</ele><time>2026-07-26T13:24:26Z</time></trkpt><trkpt lat="37.571876525878906" lon="127.03529357910156"><ele>-18.0</ele><time>2026-07-26T13:24:27Z</time></trkpt><trkpt lat="37.57188415527344" lon="127.03532409667969"><ele>-18.0</ele><time>2026-07-26T13:24:28Z</time></trkpt><trkpt lat="37.571895599365234" lon="127.03535461425781"><ele>-17.799999237060547</ele><time>2026-07-26T13:24:29Z</time></trkpt><trkpt lat="37.5718994140625" lon="127.03538513183594"><ele>-17.799999237060547</ele><time>2026-07-26T13:24:30Z</time></trkpt><trkpt lat="37.571903228759766" lon="127.03541564941406"><ele>-17.799999237060547</ele><time>2026-07-26T13:24:31Z</time></trkpt><trkpt lat="37.57190704345703" lon="127.03544616699219"><ele>-17.799999237060547</ele><time>2026-07-26T13:24:32Z</time></trkpt><trkpt lat="37.5719108581543" lon="127.03547668457031"><ele>-18.0</ele><time>2026-07-26T13:24:33Z</time></trkpt><trkpt lat="37.57191848754883" lon="127.0354995727539"><ele>-18.0</ele><time>2026-07-26T13:24:34Z</time></trkpt><trkpt lat="37.57192611694336" lon="127.03553009033203"><ele>-18.0</ele><time>2026-07-26T13:24:35Z</time></trkpt><trkpt lat="37.571929931640625" lon="127.03555297851562"><ele>-18.0</ele><time>2026-07-26T13:24:36Z</time></trkpt><trkpt lat="37.571937561035156" lon="127.03557586669922"><ele>-18.0</ele><time>2026-07-26T13:24:37Z</time></trkpt><trkpt lat="37.57194519042969" lon="127.03560638427734"><ele>-18.0</ele><time>2026-07-26T13:24:38Z</time></trkpt><trkpt lat="37.57194900512695" lon="127.0356216430664"><ele>-18.0</ele><time>2026-07-26T13:24:39Z</time></trkpt><trkpt lat="37.571956634521484" lon="127.03564453125"><ele>-18.0</ele><time>2026-07-26T13:24:40Z</time></trkpt><trkpt lat="37.571964263916016" lon="127.0356674194336"><ele>-18.0</ele><time>2026-07-26T13:24:41Z</time></trkpt><trkpt lat="37.57196807861328" lon="127.03569030761719"><ele>-18.0</ele><time>2026-07-26T13:24:42Z</time></trkpt><trkpt lat="37.57197189331055" lon="127.03572082519531"><ele>-18.0</ele><time>2026-07-26T13:24:43Z</time></trkpt><trkpt lat="37.57197952270508" lon="127.03573608398438"><ele>-18.0</ele><time>2026-07-26T13:24:44Z</time></trkpt><trkpt lat="37.57197952270508" lon="127.03578186035156"><ele>-18.0</ele><time>2026-07-26T13:24:45Z</time></trkpt><trkpt lat="37.57198715209961" lon="127.03579711914062"><ele>-18.0</ele><time>2026-07-26T13:24:46Z</time></trkpt><trkpt lat="37.57199478149414" lon="127.03582000732422"><ele>-18.0</ele><time>2026-07-26T13:24:47Z</time></trkpt><trkpt lat="37.571998596191406" lon="127.03585052490234"><ele>-18.0</ele><time>2026-07-26T13:24:48Z</time></trkpt><trkpt lat="37.57200241088867" lon="127.03587341308594"><ele>-18.0</ele><time>2026-07-26T13:24:49Z</time></trkpt><trkpt lat="37.57200622558594" lon="127.03590393066406"><ele>-18.0</ele><time>2026-07-26T13:24:50Z</time></trkpt><trkpt lat="37.5720100402832" lon="127.03592681884766"><ele>-18.0</ele><time>2026-07-26T13:24:51Z</time></trkpt><trkpt lat="37.57201385498047" lon="127.03595733642578"><ele>-18.0</ele><time>2026-07-26T13:24:52Z</time></trkpt><trkpt lat="37.572017669677734" lon="127.03598022460938"><ele>-18.0</ele><time>2026-07-26T13:24:53Z</time></trkpt><trkpt lat="37.572021484375" lon="127.0360107421875"><ele>-18.0</ele><time>2026-07-26T13:24:54Z</time></trkpt><trkpt lat="37.572017669677734" lon="127.03604125976562"><ele>-18.0</ele><time>2026-07-26T13:24:55Z</time></trkpt><trkpt lat="37.572017669677734" lon="127.03606414794922"><ele>-18.0</ele><time>2026-07-26T13:24:56Z</time></trkpt><trkpt lat="37.57201385498047" lon="127.03609466552734"><ele>-18.0</ele><time>2026-07-26T13:24:57Z</time></trkpt><trkpt lat="37.572017669677734" lon="127.03611755371094"><ele>-18.0</ele><time>2026-07-26T13:24:58Z</time></trkpt><trkpt lat="37.57201385498047" lon="127.0361557006836"><ele>-18.0</ele><time>2026-07-26T13:24:59Z</time></trkpt><trkpt lat="37.57201385498047" lon="127.03617858886719"><ele>-17.799999237060547</ele><time>2026-07-26T13:25:00Z</time></trkpt><trkpt lat="37.57201385498047" lon="127.03620910644531"><ele>-17.799999237060547</ele><time>2026-07-26T13:25:01Z</time></trkpt><trkpt lat="37.572017669677734" lon="127.0362319946289"><ele>-18.0</ele><time>2026-07-26T13:25:02Z</time></trkpt><trkpt lat="37.57201385498047" lon="127.03626251220703"><ele>-18.0</ele><time>2026-07-26T13:25:03Z</time></trkpt><trkpt lat="37.572017669677734" lon="127.03629302978516"><ele>-18.0</ele><time>2026-07-26T13:25:04Z</time></trkpt><trkpt lat="37.572025299072266" lon="127.03630828857422"><ele>-18.0</ele><time>2026-07-26T13:25:05Z</time></trkpt><trkpt lat="37.57202911376953" lon="127.03633880615234"><ele>-18.0</ele><time>2026-07-26T13:25:06Z</time></trkpt><trkpt lat="37.57202911376953" lon="127.03636169433594"><ele>-18.0</ele><time>2026-07-26T13:25:07Z</time></trkpt><trkpt lat="37.5720329284668" lon="127.036376953125"><ele>-18.0</ele><time>2026-07-26T13:25:08Z</time></trkpt><trkpt lat="37.57203674316406" lon="127.0363998413086"><ele>-18.0</ele><time>2026-07-26T13:25:09Z</time></trkpt><trkpt lat="37.57204055786133" lon="127.03642272949219"><ele>-18.0</ele><time>2026-07-26T13:25:10Z</time></trkpt><trkpt lat="37.57204818725586" lon="127.03644561767578"><ele>-18.0</ele><time>2026-07-26T13:25:11Z</time></trkpt><trkpt lat="37.572052001953125" lon="127.0364761352539"><ele>-18.0</ele><time>2026-07-26T13:25:12Z</time></trkpt><trkpt lat="37.57205581665039" lon="127.0364990234375"><ele>-18.0</ele><time>2026-07-26T13:25:13Z</time></trkpt><trkpt lat="37.57205581665039" lon="127.03653717041016"><ele>-18.0</ele><time>2026-07-26T13:25:14Z</time></trkpt><trkpt lat="37.572059631347656" lon="127.03656005859375"><ele>-18.0</ele><time>2026-07-26T13:25:15Z</time></trkpt><trkpt lat="37.57206344604492" lon="127.0365982055664"><ele>-18.0</ele><time>2026-07-26T13:25:16Z</time></trkpt><trkpt lat="37.57206726074219" lon="127.03662109375"><ele>-18.0</ele><time>2026-07-26T13:25:17Z</time></trkpt><trkpt lat="37.57206726074219" lon="127.03665161132812"><ele>-18.0</ele><time>2026-07-26T13:25:18Z</time></trkpt><trkpt lat="37.57206344604492" lon="127.03668212890625"><ele>-18.0</ele><time>2026-07-26T13:25:19Z</time></trkpt><trkpt lat="37.57206344604492" lon="127.03671264648438"><ele>-18.0</ele><time>2026-07-26T13:25:20Z</time></trkpt><trkpt lat="37.57206344604492" lon="127.0367431640625"><ele>-17.799999237060547</ele><time>2026-07-26T13:25:21Z</time></trkpt><trkpt lat="37.572059631347656" lon="127.03677368164062"><ele>-17.799999237060547</ele><time>2026-07-26T13:25:22Z</time></trkpt><trkpt lat="37.57206344604492" lon="127.03680419921875"><ele>-17.799999237060547</ele><time>2026-07-26T13:25:23Z</time></trkpt><trkpt lat="37.57206344604492" lon="127.03683471679688"><ele>-17.799999237060547</ele><time>2026-07-26T13:25:24Z</time></trkpt><trkpt lat="37.57206344604492" lon="127.03685760498047"><ele>-17.799999237060547</ele><time>2026-07-26T13:25:25Z</time></trkpt><trkpt lat="37.57206344604492" lon="127.03689575195312"><ele>-17.799999237060547</ele><time>2026-07-26T13:25:26Z</time></trkpt><trkpt lat="37.57207107543945" lon="127.03692626953125"><ele>-17.799999237060547</ele><time>2026-07-26T13:25:27Z</time></trkpt><trkpt lat="37.57207489013672" lon="127.03695678710938"><ele>-17.600000381469727</ele><time>2026-07-26T13:25:28Z</time></trkpt><trkpt lat="37.57207489013672" lon="127.03697967529297"><ele>-17.600000381469727</ele><time>2026-07-26T13:25:29Z</time></trkpt><trkpt lat="37.572078704833984" lon="127.0370101928711"><ele>-17.600000381469727</ele><time>2026-07-26T13:25:30Z</time></trkpt><trkpt lat="37.57207489013672" lon="127.03704833984375"><ele>-17.600000381469727</ele><time>2026-07-26T13:25:31Z</time></trkpt><trkpt lat="37.572078704833984" lon="127.03707122802734"><ele>-17.600000381469727</ele><time>2026-07-26T13:25:32Z</time></trkpt><trkpt lat="37.572078704833984" lon="127.03711700439453"><ele>-17.600000381469727</ele><time>2026-07-26T13:25:33Z</time></trkpt><trkpt lat="37.572078704833984" lon="127.03714752197266"><ele>-17.799999237060547</ele><time>2026-07-26T13:25:34Z</time></trkpt><trkpt lat="37.57208251953125" lon="127.03718566894531"><ele>-17.799999237060547</ele><time>2026-07-26T13:25:35Z</time></trkpt><trkpt lat="37.57208251953125" lon="127.03722381591797"><ele>-17.600000381469727</ele><time>2026-07-26T13:25:36Z</time></trkpt><trkpt lat="37.57209014892578" lon="127.0372543334961"><ele>-17.600000381469727</ele><time>2026-07-26T13:25:37Z</time></trkpt><trkpt lat="37.57209014892578" lon="127.03729248046875"><ele>-17.600000381469727</ele><time>2026-07-26T13:25:38Z</time></trkpt><trkpt lat="37.57209014892578" lon="127.03732299804688"><ele>-17.600000381469727</ele><time>2026-07-26T13:25:39Z</time></trkpt><trkpt lat="37.57209014892578" lon="127.03736114501953"><ele>-17.600000381469727</ele><time>2026-07-26T13:25:40Z</time></trkpt><trkpt lat="37.572086334228516" lon="127.03739929199219"><ele>-17.600000381469727</ele><time>2026-07-26T13:25:41Z</time></trkpt><trkpt lat="37.57209014892578" lon="127.03742980957031"><ele>-17.600000381469727</ele><time>2026-07-26T13:25:42Z</time></trkpt><trkpt lat="37.57209777832031" lon="127.03746795654297"><ele>-17.600000381469727</ele><time>2026-07-26T13:25:43Z</time></trkpt><trkpt lat="37.57209777832031" lon="127.03750610351562"><ele>-17.600000381469727</ele><time>2026-07-26T13:25:44Z</time></trkpt><trkpt lat="37.57210159301758" lon="127.03754425048828"><ele>-17.600000381469727</ele><time>2026-07-26T13:25:45Z</time></trkpt><trkpt lat="37.57209777832031" lon="127.03758239746094"><ele>-17.600000381469727</ele><time>2026-07-26T13:25:46Z</time></trkpt><trkpt lat="37.57209777832031" lon="127.03760528564453"><ele>-17.600000381469727</ele><time>2026-07-26T13:25:47Z</time></trkpt><trkpt lat="37.57210159301758" lon="127.03763580322266"><ele>-17.600000381469727</ele><time>2026-07-26T13:25:48Z</time></trkpt><trkpt lat="37.57210159301758" lon="127.03766632080078"><ele>-17.600000381469727</ele><time>2026-07-26T13:25:49Z</time></trkpt><trkpt lat="37.57210159301758" lon="127.03768920898438"><ele>-17.600000381469727</ele><time>2026-07-26T13:25:50Z</time></trkpt><trkpt lat="37.572105407714844" lon="127.0377197265625"><ele>-17.600000381469727</ele><time>2026-07-26T13:25:51Z</time></trkpt><trkpt lat="37.572105407714844" lon="127.03773498535156"><ele>-17.600000381469727</ele><time>2026-07-26T13:25:52Z</time></trkpt><trkpt lat="37.572113037109375" lon="127.03775787353516"><ele>-17.600000381469727</ele><time>2026-07-26T13:25:53Z</time></trkpt><trkpt lat="37.572120666503906" lon="127.03778076171875"><ele>-17.600000381469727</ele><time>2026-07-26T13:25:54Z</time></trkpt><trkpt lat="37.57212829589844" lon="127.03781127929688"><ele>-17.600000381469727</ele><time>2026-07-26T13:25:55Z</time></trkpt><trkpt lat="37.572147369384766" lon="127.03784942626953"><ele>-17.600000381469727</ele><time>2026-07-26T13:25:56Z</time></trkpt><trkpt lat="37.57216262817383" lon="127.03787994384766"><ele>-17.600000381469727</ele><time>2026-07-26T13:25:57Z</time></trkpt><trkpt lat="37.572181701660156" lon="127.03791046142578"><ele>-17.600000381469727</ele><time>2026-07-26T13:25:58Z</time></trkpt><trkpt lat="37.57219696044922" lon="127.0379409790039"><ele>-17.600000381469727</ele><time>2026-07-26T13:25:59Z</time></trkpt><trkpt lat="37.57221984863281" lon="127.03797149658203"><ele>-17.600000381469727</ele><time>2026-07-26T13:26:00Z</time></trkpt><trkpt lat="37.57221984863281" lon="127.03799438476562"><ele>-17.600000381469727</ele><time>2026-07-26T13:26:01Z</time></trkpt><trkpt lat="37.57223129272461" lon="127.03800964355469"><ele>-17.600000381469727</ele><time>2026-07-26T13:26:02Z</time></trkpt><trkpt lat="37.5722541809082" lon="127.03801727294922"><ele>-17.600000381469727</ele><time>2026-07-26T13:26:03Z</time></trkpt><trkpt lat="37.5722541809082" lon="127.03803253173828"><ele>-17.600000381469727</ele><time>2026-07-26T13:26:04Z</time></trkpt><trkpt lat="37.572265625" lon="127.03807067871094"><ele>-17.600000381469727</ele><time>2026-07-26T13:26:05Z</time></trkpt><trkpt lat="37.57227325439453" lon="127.03810119628906"><ele>-17.799999237060547</ele><time>2026-07-26T13:26:06Z</time></trkpt><trkpt lat="37.57227325439453" lon="127.03813171386719"><ele>-17.799999237060547</ele><time>2026-07-26T13:26:07Z</time></trkpt><trkpt lat="37.57227325439453" lon="127.03816223144531"><ele>-17.799999237060547</ele><time>2026-07-26T13:26:08Z</time></trkpt><trkpt lat="37.57227325439453" lon="127.03819274902344"><ele>-17.799999237060547</ele><time>2026-07-26T13:26:09Z</time></trkpt><trkpt lat="37.57228088378906" lon="127.03823852539062"><ele>-17.799999237060547</ele><time>2026-07-26T13:26:10Z</time></trkpt><trkpt lat="37.57228469848633" lon="127.03826904296875"><ele>-17.799999237060547</ele><time>2026-07-26T13:26:11Z</time></trkpt><trkpt lat="37.57229232788086" lon="127.03831481933594"><ele>-17.799999237060547</ele><time>2026-07-26T13:26:12Z</time></trkpt><trkpt lat="37.572303771972656" lon="127.03834533691406"><ele>-17.600000381469727</ele><time>2026-07-26T13:26:13Z</time></trkpt><trkpt lat="37.572303771972656" lon="127.03839111328125"><ele>-17.799999237060547</ele><time>2026-07-26T13:26:14Z</time></trkpt><trkpt lat="37.57231140136719" lon="127.03843688964844"><ele>-17.799999237060547</ele><time>2026-07-26T13:26:15Z</time></trkpt><trkpt lat="37.572322845458984" lon="127.0384750366211"><ele>-17.799999237060547</ele><time>2026-07-26T13:26:16Z</time></trkpt><trkpt lat="37.57231521606445" lon="127.03850555419922"><ele>-17.799999237060547</ele><time>2026-07-26T13:26:17Z</time></trkpt><trkpt lat="37.57231903076172" lon="127.03854370117188"><ele>-17.600000381469727</ele><time>2026-07-26T13:26:18Z</time></trkpt><trkpt lat="37.57231140136719" lon="127.03860473632812"><ele>-17.600000381469727</ele><time>2026-07-26T13:26:19Z</time></trkpt><trkpt lat="37.57231140136719" lon="127.03862762451172"><ele>-17.600000381469727</ele><time>2026-07-26T13:26:20Z</time></trkpt><trkpt lat="37.572303771972656" lon="127.03866577148438"><ele>-17.600000381469727</ele><time>2026-07-26T13:26:21Z</time></trkpt><trkpt lat="37.57229995727539" lon="127.0386962890625"><ele>-17.600000381469727</ele><time>2026-07-26T13:26:22Z</time></trkpt><trkpt lat="37.57229995727539" lon="127.03872680664062"><ele>-17.600000381469727</ele><time>2026-07-26T13:26:23Z</time></trkpt><trkpt lat="37.572296142578125" lon="127.03876495361328"><ele>-17.600000381469727</ele><time>2026-07-26T13:26:24Z</time></trkpt><trkpt lat="37.57229232788086" lon="127.03881072998047"><ele>-17.600000381469727</ele><time>2026-07-26T13:26:25Z</time></trkpt><trkpt lat="37.572288513183594" lon="127.0388412475586"><ele>-17.600000381469727</ele><time>2026-07-26T13:26:26Z</time></trkpt><trkpt lat="37.572288513183594" lon="127.03887176513672"><ele>-17.600000381469727</ele><time>2026-07-26T13:26:27Z</time></trkpt><trkpt lat="37.57228088378906" lon="127.03890991210938"><ele>-17.600000381469727</ele><time>2026-07-26T13:26:28Z</time></trkpt><trkpt lat="37.57228469848633" lon="127.0389404296875"><ele>-17.799999237060547</ele><time>2026-07-26T13:26:29Z</time></trkpt><trkpt lat="37.57228088378906" lon="127.0389633178711"><ele>-17.600000381469727</ele><time>2026-07-26T13:26:30Z</time></trkpt><trkpt lat="37.5722770690918" lon="127.03900146484375"><ele>-17.600000381469727</ele><time>2026-07-26T13:26:31Z</time></trkpt><trkpt lat="37.5722770690918" lon="127.03902435302734"><ele>-17.600000381469727</ele><time>2026-07-26T13:26:32Z</time></trkpt><trkpt lat="37.57227325439453" lon="127.0390625"><ele>-17.600000381469727</ele><time>2026-07-26T13:26:33Z</time></trkpt><trkpt lat="37.57227325439453" lon="127.03907775878906"><ele>-17.600000381469727</ele><time>2026-07-26T13:26:34Z</time></trkpt><trkpt lat="37.572269439697266" lon="127.03910064697266"><ele>-17.600000381469727</ele><time>2026-07-26T13:26:35Z</time></trkpt><trkpt lat="37.57227325439453" lon="127.03912353515625"><ele>-17.600000381469727</ele><time>2026-07-26T13:26:36Z</time></trkpt><trkpt lat="37.57227325439453" lon="127.03915405273438"><ele>-17.600000381469727</ele><time>2026-07-26T13:26:37Z</time></trkpt><trkpt lat="37.57227325439453" lon="127.0391845703125"><ele>-17.600000381469727</ele><time>2026-07-26T13:26:38Z</time></trkpt><trkpt lat="37.57227325439453" lon="127.03921508789062"><ele>-17.600000381469727</ele><time>2026-07-26T13:26:39Z</time></trkpt><trkpt lat="37.572269439697266" lon="127.03924560546875"><ele>-17.600000381469727</ele><time>2026-07-26T13:26:40Z</time></trkpt><trkpt lat="37.572261810302734" lon="127.03926849365234"><ele>-17.600000381469727</ele><time>2026-07-26T13:26:41Z</time></trkpt><trkpt lat="37.57225799560547" lon="127.03929901123047"><ele>-17.600000381469727</ele><time>2026-07-26T13:26:42Z</time></trkpt><trkpt lat="37.57224655151367" lon="127.0393295288086"><ele>-17.799999237060547</ele><time>2026-07-26T13:26:43Z</time></trkpt><trkpt lat="37.572242736816406" lon="127.03934478759766"><ele>-17.799999237060547</ele><time>2026-07-26T13:26:44Z</time></trkpt><trkpt lat="37.57223129272461" lon="127.03936767578125"><ele>-17.799999237060547</ele><time>2026-07-26T13:26:45Z</time></trkpt><trkpt lat="37.57222366333008" lon="127.03939056396484"><ele>-17.799999237060547</ele><time>2026-07-26T13:26:46Z</time></trkpt><trkpt lat="37.572208404541016" lon="127.03939819335938"><ele>-17.799999237060547</ele><time>2026-07-26T13:26:47Z</time></trkpt><trkpt lat="37.57219696044922" lon="127.03942108154297"><ele>-17.799999237060547</ele><time>2026-07-26T13:26:48Z</time></trkpt><trkpt lat="37.57218551635742" lon="127.0394287109375"><ele>-17.799999237060547</ele><time>2026-07-26T13:26:49Z</time></trkpt><trkpt lat="37.57216262817383" lon="127.03945922851562"><ele>-17.799999237060547</ele><time>2026-07-26T13:26:50Z</time></trkpt><trkpt lat="37.572139739990234" lon="127.03948211669922"><ele>-17.799999237060547</ele><time>2026-07-26T13:26:51Z</time></trkpt><trkpt lat="37.57210922241211" lon="127.03952026367188"><ele>-17.799999237060547</ele><time>2026-07-26T13:26:52Z</time></trkpt><trkpt lat="37.57209396362305" lon="127.03955078125"><ele>-17.799999237060547</ele><time>2026-07-26T13:26:53Z</time></trkpt><trkpt lat="37.572078704833984" lon="127.03958129882812"><ele>-17.799999237060547</ele><time>2026-07-26T13:26:54Z</time></trkpt><trkpt lat="37.572059631347656" lon="127.03961181640625"><ele>-17.799999237060547</ele><time>2026-07-26T13:26:55Z</time></trkpt><trkpt lat="37.57204818725586" lon="127.03961944580078"><ele>-17.799999237060547</ele><time>2026-07-26T13:26:56Z</time></trkpt><trkpt lat="37.57204055786133" lon="127.03962707519531"><ele>-17.600000381469727</ele><time>2026-07-26T13:26:57Z</time></trkpt><trkpt lat="37.572025299072266" lon="127.03964233398438"><ele>-17.600000381469727</ele><time>2026-07-26T13:26:58Z</time></trkpt><trkpt lat="37.572021484375" lon="127.03965759277344"><ele>-17.600000381469727</ele><time>2026-07-26T13:26:59Z</time></trkpt><trkpt lat="37.57200241088867" lon="127.03966522216797"><ele>-17.600000381469727</ele><time>2026-07-26T13:27:00Z</time></trkpt><trkpt lat="37.57197952270508" lon="127.03965759277344"><ele>-17.799999237060547</ele><time>2026-07-26T13:27:01Z</time></trkpt><trkpt lat="37.57196807861328" lon="127.0396728515625"><ele>-17.799999237060547</ele><time>2026-07-26T13:27:02Z</time></trkpt><trkpt lat="37.57195281982422" lon="127.03968811035156"><ele>-17.799999237060547</ele><time>2026-07-26T13:27:03Z</time></trkpt><trkpt lat="37.57194900512695" lon="127.03970336914062"><ele>-17.600000381469727</ele><time>2026-07-26T13:27:04Z</time></trkpt><trkpt lat="37.571937561035156" lon="127.03972625732422"><ele>-17.600000381469727</ele><time>2026-07-26T13:27:05Z</time></trkpt><trkpt lat="37.571929931640625" lon="127.03973388671875"><ele>-17.600000381469727</ele><time>2026-07-26T13:27:06Z</time></trkpt><trkpt lat="37.57192611694336" lon="127.03974914550781"><ele>-17.399999618530273</ele><time>2026-07-26T13:27:07Z</time></trkpt><trkpt lat="37.57191848754883" lon="127.03974914550781"><ele>-17.399999618530273</ele><time>2026-07-26T13:27:08Z</time></trkpt><trkpt lat="37.57191848754883" lon="127.03975677490234"><ele>-17.399999618530273</ele><time>2026-07-26T13:27:09Z</time></trkpt><trkpt lat="37.57191467285156" lon="127.0397720336914"><ele>-17.399999618530273</ele><time>2026-07-26T13:27:10Z</time></trkpt><trkpt lat="37.57191467285156" lon="127.03978729248047"><ele>-17.399999618530273</ele><time>2026-07-26T13:27:11Z</time></trkpt><trkpt lat="37.57191467285156" lon="127.03981018066406"><ele>-17.600000381469727</ele><time>2026-07-26T13:27:12Z</time></trkpt><trkpt lat="37.5719108581543" lon="127.03982543945312"><ele>-17.600000381469727</ele><time>2026-07-26T13:27:13Z</time></trkpt><trkpt lat="37.5719108581543" lon="127.03984069824219"><ele>-17.600000381469727</ele><time>2026-07-26T13:27:14Z</time></trkpt><trkpt lat="37.5718994140625" lon="127.03985595703125"><ele>-17.600000381469727</ele><time>2026-07-26T13:27:15Z</time></trkpt><trkpt lat="37.571895599365234" lon="127.03987121582031"><ele>-17.600000381469727</ele><time>2026-07-26T13:27:16Z</time></trkpt><trkpt lat="37.57189178466797" lon="127.0398941040039"><ele>-17.600000381469727</ele><time>2026-07-26T13:27:17Z</time></trkpt><trkpt lat="37.571895599365234" lon="127.03990173339844"><ele>-17.600000381469727</ele><time>2026-07-26T13:27:18Z</time></trkpt><trkpt lat="37.571895599365234" lon="127.03992462158203"><ele>-17.600000381469727</ele><time>2026-07-26T13:27:19Z</time></trkpt><trkpt lat="37.57189178466797" lon="127.0399398803711"><ele>-17.600000381469727</ele><time>2026-07-26T13:27:20Z</time></trkpt><trkpt lat="37.57189178466797" lon="127.03996276855469"><ele>-17.600000381469727</ele><time>2026-07-26T13:27:21Z</time></trkpt><trkpt lat="37.57188415527344" lon="127.03998565673828"><ele>-17.600000381469727</ele><time>2026-07-26T13:27:22Z</time></trkpt><trkpt lat="37.5718879699707" lon="127.04000854492188"><ele>-17.600000381469727</ele><time>2026-07-26T13:27:23Z</time></trkpt><trkpt lat="37.5718879699707" lon="127.0400390625"><ele>-17.600000381469727</ele><time>2026-07-26T13:27:24Z</time></trkpt><trkpt lat="37.57188415527344" lon="127.04006958007812"><ele>-17.600000381469727</ele><time>2026-07-26T13:27:25Z</time></trkpt><trkpt lat="37.5718879699707" lon="127.04009246826172"><ele>-17.600000381469727</ele><time>2026-07-26T13:27:26Z</time></trkpt><trkpt lat="37.57188415527344" lon="127.04011535644531"><ele>-17.600000381469727</ele><time>2026-07-26T13:27:27Z</time></trkpt><trkpt lat="37.57188034057617" lon="127.04014587402344"><ele>-17.600000381469727</ele><time>2026-07-26T13:27:28Z</time></trkpt><trkpt lat="37.57188415527344" lon="127.04017639160156"><ele>-17.600000381469727</ele><time>2026-07-26T13:27:29Z</time></trkpt><trkpt lat="37.57188034057617" lon="127.04019927978516"><ele>-17.600000381469727</ele><time>2026-07-26T13:27:30Z</time></trkpt><trkpt lat="37.57188415527344" lon="127.04022216796875"><ele>-17.600000381469727</ele><time>2026-07-26T13:27:31Z</time></trkpt><trkpt lat="37.57188034057617" lon="127.04025268554688"><ele>-17.600000381469727</ele><time>2026-07-26T13:27:32Z</time></trkpt><trkpt lat="37.57188034057617" lon="127.04027557373047"><ele>-17.600000381469727</ele><time>2026-07-26T13:27:33Z</time></trkpt><trkpt lat="37.57188034057617" lon="127.0403060913086"><ele>-17.600000381469727</ele><time>2026-07-26T13:27:34Z</time></trkpt><trkpt lat="37.571876525878906" lon="127.04032135009766"><ele>-17.600000381469727</ele><time>2026-07-26T13:27:35Z</time></trkpt><trkpt lat="37.57187271118164" lon="127.04034423828125"><ele>-17.600000381469727</ele><time>2026-07-26T13:27:36Z</time></trkpt><trkpt lat="37.571868896484375" lon="127.04037475585938"><ele>-17.600000381469727</ele><time>2026-07-26T13:27:37Z</time></trkpt><trkpt lat="37.571861267089844" lon="127.04039764404297"><ele>-17.600000381469727</ele><time>2026-07-26T13:27:38Z</time></trkpt><trkpt lat="37.57185745239258" lon="127.04042053222656"><ele>-17.600000381469727</ele><time>2026-07-26T13:27:39Z</time></trkpt><trkpt lat="37.57185363769531" lon="127.04044342041016"><ele>-17.600000381469727</ele><time>2026-07-26T13:27:40Z</time></trkpt><trkpt lat="37.57184982299805" lon="127.04047393798828"><ele>-17.600000381469727</ele><time>2026-07-26T13:27:41Z</time></trkpt><trkpt lat="37.57184600830078" lon="127.0405044555664"><ele>-17.399999618530273</ele><time>2026-07-26T13:27:42Z</time></trkpt><trkpt lat="37.571842193603516" lon="127.04053497314453"><ele>-17.399999618530273</ele><time>2026-07-26T13:27:43Z</time></trkpt><trkpt lat="37.57183837890625" lon="127.04056549072266"><ele>-17.399999618530273</ele><time>2026-07-26T13:27:44Z</time></trkpt><trkpt lat="37.571834564208984" lon="127.04059600830078"><ele>-17.399999618530273</ele><time>2026-07-26T13:27:45Z</time></trkpt><trkpt lat="37.57183074951172" lon="127.0406265258789"><ele>-17.399999618530273</ele><time>2026-07-26T13:27:46Z</time></trkpt><trkpt lat="37.57182693481445" lon="127.04065704345703"><ele>-17.399999618530273</ele><time>2026-07-26T13:27:47Z</time></trkpt><trkpt lat="37.57182312011719" lon="127.04068756103516"><ele>-17.399999618530273</ele><time>2026-07-26T13:27:48Z</time></trkpt><trkpt lat="37.57181930541992" lon="127.04071807861328"><ele>-17.399999618530273</ele><time>2026-07-26T13:27:49Z</time></trkpt><trkpt lat="37.57181930541992" lon="127.0407485961914"><ele>-17.600000381469727</ele><time>2026-07-26T13:27:50Z</time></trkpt><trkpt lat="37.57181167602539" lon="127.040771484375"><ele>-17.600000381469727</ele><time>2026-07-26T13:27:51Z</time></trkpt><trkpt lat="37.57181167602539" lon="127.0407943725586"><ele>-17.600000381469727</ele><time>2026-07-26T13:27:52Z</time></trkpt><trkpt lat="37.57181167602539" lon="127.04082489013672"><ele>-17.600000381469727</ele><time>2026-07-26T13:27:53Z</time></trkpt><trkpt lat="37.571807861328125" lon="127.04085540771484"><ele>-17.600000381469727</ele><time>2026-07-26T13:27:54Z</time></trkpt><trkpt lat="37.57180404663086" lon="127.04087829589844"><ele>-17.600000381469727</ele><time>2026-07-26T13:27:55Z</time></trkpt><trkpt lat="37.571800231933594" lon="127.04090881347656"><ele>-17.399999618530273</ele><time>2026-07-26T13:27:56Z</time></trkpt><trkpt lat="37.57179641723633" lon="127.04093933105469"><ele>-17.399999618530273</ele><time>2026-07-26T13:27:57Z</time></trkpt><trkpt lat="37.57179641723633" lon="127.04096221923828"><ele>-17.399999618530273</ele><time>2026-07-26T13:27:58Z</time></trkpt><trkpt lat="37.5717887878418" lon="127.0409927368164"><ele>-17.399999618530273</ele><time>2026-07-26T13:27:59Z</time></trkpt><trkpt lat="37.5717887878418" lon="127.04100799560547"><ele>-17.399999618530273</ele><time>2026-07-26T13:28:00Z</time></trkpt><trkpt lat="37.5717887878418" lon="127.04103088378906"><ele>-17.399999618530273</ele><time>2026-07-26T13:28:01Z</time></trkpt><trkpt lat="37.5717887878418" lon="127.0410385131836"><ele>-17.399999618530273</ele><time>2026-07-26T13:28:02Z</time></trkpt><trkpt lat="37.57178497314453" lon="127.04106140136719"><ele>-17.399999618530273</ele><time>2026-07-26T13:28:03Z</time></trkpt><trkpt lat="37.57177734375" lon="127.04107666015625"><ele>-17.399999618530273</ele><time>2026-07-26T13:28:04Z</time></trkpt><trkpt lat="37.571781158447266" lon="127.04109954833984"><ele>-17.399999618530273</ele><time>2026-07-26T13:28:05Z</time></trkpt><trkpt lat="37.57177734375" lon="127.0411148071289"><ele>-17.399999618530273</ele><time>2026-07-26T13:28:06Z</time></trkpt><trkpt lat="37.571781158447266" lon="127.0411376953125"><ele>-17.399999618530273</ele><time>2026-07-26T13:28:07Z</time></trkpt><trkpt lat="37.571773529052734" lon="127.0411605834961"><ele>-17.399999618530273</ele><time>2026-07-26T13:28:08Z</time></trkpt><trkpt lat="37.571773529052734" lon="127.04117584228516"><ele>-17.399999618530273</ele><time>2026-07-26T13:28:09Z</time></trkpt><trkpt lat="37.57176971435547" lon="127.04119873046875"><ele>-17.399999618530273</ele><time>2026-07-26T13:28:10Z</time></trkpt><trkpt lat="37.57176971435547" lon="127.04122161865234"><ele>-17.399999618530273</ele><time>2026-07-26T13:28:11Z</time></trkpt><trkpt lat="37.571773529052734" lon="127.04124450683594"><ele>-17.399999618530273</ele><time>2026-07-26T13:28:12Z</time></trkpt><trkpt lat="37.57177734375" lon="127.04126739501953"><ele>-17.399999618530273</ele><time>2026-07-26T13:28:13Z</time></trkpt><trkpt lat="37.57177734375" lon="127.0412826538086"><ele>-17.399999618530273</ele><time>2026-07-26T13:28:14Z</time></trkpt><trkpt lat="37.571773529052734" lon="127.04130554199219"><ele>-17.399999618530273</ele><time>2026-07-26T13:28:15Z</time></trkpt><trkpt lat="37.571773529052734" lon="127.04132080078125"><ele>-17.399999618530273</ele><time>2026-07-26T13:28:16Z</time></trkpt><trkpt lat="37.57176971435547" lon="127.04134368896484"><ele>-17.399999618530273</ele><time>2026-07-26T13:28:17Z</time></trkpt><trkpt lat="37.57176971435547" lon="127.04135131835938"><ele>-17.399999618530273</ele><time>2026-07-26T13:28:18Z</time></trkpt><trkpt lat="37.57176208496094" lon="127.0413818359375"><ele>-17.399999618530273</ele><time>2026-07-26T13:28:19Z</time></trkpt><trkpt lat="37.57172775268555" lon="127.04138946533203"><ele>-17.399999618530273</ele><time>2026-07-26T13:28:20Z</time></trkpt><trkpt lat="37.57170867919922" lon="127.04139709472656"><ele>-17.200000762939453</ele><time>2026-07-26T13:28:21Z</time></trkpt><trkpt lat="37.571685791015625" lon="127.04141235351562"><ele>-17.399999618530273</ele><time>2026-07-26T13:28:22Z</time></trkpt><trkpt lat="37.57167053222656" lon="127.04142761230469"><ele>-17.399999618530273</ele><time>2026-07-26T13:28:23Z</time></trkpt><trkpt lat="37.571659088134766" lon="127.04144287109375"><ele>-17.399999618530273</ele><time>2026-07-26T13:28:24Z</time></trkpt><trkpt lat="37.57164001464844" lon="127.04145050048828"><ele>-17.399999618530273</ele><time>2026-07-26T13:28:25Z</time></trkpt><trkpt lat="37.571624755859375" lon="127.04146575927734"><ele>-17.200000762939453</ele><time>2026-07-26T13:28:26Z</time></trkpt><trkpt lat="37.57160568237305" lon="127.04148864746094"><ele>-17.200000762939453</ele><time>2026-07-26T13:28:27Z</time></trkpt><trkpt lat="37.571590423583984" lon="127.04151153564453"><ele>-17.200000762939453</ele><time>2026-07-26T13:28:28Z</time></trkpt><trkpt lat="37.57158279418945" lon="127.04153442382812"><ele>-17.200000762939453</ele><time>2026-07-26T13:28:29Z</time></trkpt><trkpt lat="37.57156753540039" lon="127.04156494140625"><ele>-17.200000762939453</ele><time>2026-07-26T13:28:30Z</time></trkpt><trkpt lat="37.57155990600586" lon="127.04158782958984"><ele>-17.399999618530273</ele><time>2026-07-26T13:28:31Z</time></trkpt><trkpt lat="37.5715446472168" lon="127.04161834716797"><ele>-17.399999618530273</ele><time>2026-07-26T13:28:32Z</time></trkpt><trkpt lat="37.571529388427734" lon="127.04164123535156"><ele>-17.399999618530273</ele><time>2026-07-26T13:28:33Z</time></trkpt><trkpt lat="37.57151412963867" lon="127.04165649414062"><ele>-17.399999618530273</ele><time>2026-07-26T13:28:34Z</time></trkpt><trkpt lat="37.57149887084961" lon="127.04167938232422"><ele>-17.399999618530273</ele><time>2026-07-26T13:28:35Z</time></trkpt><trkpt lat="37.57148742675781" lon="127.04170227050781"><ele>-17.399999618530273</ele><time>2026-07-26T13:28:36Z</time></trkpt><trkpt lat="37.57146453857422" lon="127.0417251586914"><ele>-17.399999618530273</ele><time>2026-07-26T13:28:37Z</time></trkpt><trkpt lat="37.571449279785156" lon="127.04175567626953"><ele>-17.399999618530273</ele><time>2026-07-26T13:28:38Z</time></trkpt><trkpt lat="37.57143783569336" lon="127.0417709350586"><ele>-17.399999618530273</ele><time>2026-07-26T13:28:39Z</time></trkpt><trkpt lat="37.5714225769043" lon="127.04179382324219"><ele>-17.200000762939453</ele><time>2026-07-26T13:28:40Z</time></trkpt><trkpt lat="37.5714111328125" lon="127.04181671142578"><ele>-17.200000762939453</ele><time>2026-07-26T13:28:41Z</time></trkpt><trkpt lat="37.57139205932617" lon="127.04183959960938"><ele>-17.200000762939453</ele><time>2026-07-26T13:28:42Z</time></trkpt><trkpt lat="37.571388244628906" lon="127.04186248779297"><ele>-17.200000762939453</ele><time>2026-07-26T13:28:43Z</time></trkpt><trkpt lat="37.571372985839844" lon="127.04188537597656"><ele>-17.200000762939453</ele><time>2026-07-26T13:28:44Z</time></trkpt><trkpt lat="37.57136535644531" lon="127.04190826416016"><ele>-17.200000762939453</ele><time>2026-07-26T13:28:45Z</time></trkpt><trkpt lat="37.57135009765625" lon="127.04193878173828"><ele>-17.200000762939453</ele><time>2026-07-26T13:28:46Z</time></trkpt><trkpt lat="37.57133483886719" lon="127.04196166992188"><ele>-17.200000762939453</ele><time>2026-07-26T13:28:47Z</time></trkpt><trkpt lat="37.57132339477539" lon="127.0419921875"><ele>-17.200000762939453</ele><time>2026-07-26T13:28:48Z</time></trkpt><trkpt lat="37.57130813598633" lon="127.04202270507812"><ele>-17.200000762939453</ele><time>2026-07-26T13:28:49Z</time></trkpt><trkpt lat="37.57129669189453" lon="127.04204559326172"><ele>-17.0</ele><time>2026-07-26T13:28:50Z</time></trkpt><trkpt lat="37.571285247802734" lon="127.04206848144531"><ele>-17.0</ele><time>2026-07-26T13:28:51Z</time></trkpt><trkpt lat="37.571266174316406" lon="127.04208374023438"><ele>-17.0</ele><time>2026-07-26T13:28:52Z</time></trkpt><trkpt lat="37.57125473022461" lon="127.04210662841797"><ele>-17.0</ele><time>2026-07-26T13:28:53Z</time></trkpt><trkpt lat="37.57123947143555" lon="127.04212188720703"><ele>-17.0</ele><time>2026-07-26T13:28:54Z</time></trkpt><trkpt lat="37.57122802734375" lon="127.04214477539062"><ele>-17.0</ele><time>2026-07-26T13:28:55Z</time></trkpt><trkpt lat="37.57121658325195" lon="127.04216766357422"><ele>-17.0</ele><time>2026-07-26T13:28:56Z</time></trkpt><trkpt lat="37.571197509765625" lon="127.04219055175781"><ele>-17.0</ele><time>2026-07-26T13:28:57Z</time></trkpt><trkpt lat="37.571189880371094" lon="127.0422134399414"><ele>-17.0</ele><time>2026-07-26T13:28:58Z</time></trkpt><trkpt lat="37.57117462158203" lon="127.042236328125"><ele>-16.799999237060547</ele><time>2026-07-26T13:28:59Z</time></trkpt><trkpt lat="37.571163177490234" lon="127.04225158691406"><ele>-17.0</ele><time>2026-07-26T13:29:00Z</time></trkpt><trkpt lat="37.57115173339844" lon="127.04227447509766"><ele>-17.0</ele><time>2026-07-26T13:29:01Z</time></trkpt><trkpt lat="37.571136474609375" lon="127.04229736328125"><ele>-17.0</ele><time>2026-07-26T13:29:02Z</time></trkpt><trkpt lat="37.571128845214844" lon="127.04232025146484"><ele>-17.0</ele><time>2026-07-26T13:29:03Z</time></trkpt><trkpt lat="37.57111358642578" lon="127.04235076904297"><ele>-17.0</ele><time>2026-07-26T13:29:04Z</time></trkpt><trkpt lat="37.57110595703125" lon="127.04236602783203"><ele>-17.0</ele><time>2026-07-26T13:29:05Z</time></trkpt><trkpt lat="37.571083068847656" lon="127.04238891601562"><ele>-17.0</ele><time>2026-07-26T13:29:06Z</time></trkpt><trkpt lat="37.57107162475586" lon="127.04240417480469"><ele>-17.0</ele><time>2026-07-26T13:29:07Z</time></trkpt><trkpt lat="37.5710563659668" lon="127.04241943359375"><ele>-17.0</ele><time>2026-07-26T13:29:08Z</time></trkpt><trkpt lat="37.571041107177734" lon="127.04243469238281"><ele>-17.0</ele><time>2026-07-26T13:29:09Z</time></trkpt><trkpt lat="37.5710334777832" lon="127.0424575805664"><ele>-17.0</ele><time>2026-07-26T13:29:10Z</time></trkpt><trkpt lat="37.57101821899414" lon="127.04248046875"><ele>-16.799999237060547</ele><time>2026-07-26T13:29:11Z</time></trkpt><trkpt lat="37.57101058959961" lon="127.0425033569336"><ele>-16.799999237060547</ele><time>2026-07-26T13:29:12Z</time></trkpt><trkpt lat="37.570987701416016" lon="127.04252624511719"><ele>-16.799999237060547</ele><time>2026-07-26T13:29:13Z</time></trkpt><trkpt lat="37.57098388671875" lon="127.04254913330078"><ele>-16.799999237060547</ele><time>2026-07-26T13:29:14Z</time></trkpt><trkpt lat="37.57096862792969" lon="127.04257202148438"><ele>-16.799999237060547</ele><time>2026-07-26T13:29:15Z</time></trkpt><trkpt lat="37.57095718383789" lon="127.04259490966797"><ele>-16.799999237060547</ele><time>2026-07-26T13:29:16Z</time></trkpt><trkpt lat="37.57094955444336" lon="127.04261779785156"><ele>-16.799999237060547</ele><time>2026-07-26T13:29:17Z</time></trkpt><trkpt lat="37.57094192504883" lon="127.04264831542969"><ele>-16.799999237060547</ele><time>2026-07-26T13:29:18Z</time></trkpt><trkpt lat="37.57093811035156" lon="127.04266357421875"><ele>-16.799999237060547</ele><time>2026-07-26T13:29:19Z</time></trkpt><trkpt lat="37.570945739746094" lon="127.04267883300781"><ele>-16.799999237060547</ele><time>2026-07-26T13:29:20Z</time></trkpt><trkpt lat="37.57095718383789" lon="127.04269409179688"><ele>-17.0</ele><time>2026-07-26T13:29:21Z</time></trkpt><trkpt lat="37.57096862792969" lon="127.04270935058594"><ele>-17.0</ele><time>2026-07-26T13:29:22Z</time></trkpt><trkpt lat="37.57097244262695" lon="127.04273223876953"><ele>-17.0</ele><time>2026-07-26T13:29:23Z</time></trkpt><trkpt lat="37.57096481323242" lon="127.0427474975586"><ele>-17.0</ele><time>2026-07-26T13:29:24Z</time></trkpt><trkpt lat="37.57095718383789" lon="127.04276275634766"><ele>-17.0</ele><time>2026-07-26T13:29:25Z</time></trkpt><trkpt lat="37.57094192504883" lon="127.04278564453125"><ele>-17.0</ele><time>2026-07-26T13:29:26Z</time></trkpt><trkpt lat="37.5709342956543" lon="127.04280853271484"><ele>-17.0</ele><time>2026-07-26T13:29:27Z</time></trkpt><trkpt lat="37.5709228515625" lon="127.04283142089844"><ele>-17.0</ele><time>2026-07-26T13:29:28Z</time></trkpt><trkpt lat="37.5709114074707" lon="127.04285430908203"><ele>-17.0</ele><time>2026-07-26T13:29:29Z</time></trkpt><trkpt lat="37.570899963378906" lon="127.04287719726562"><ele>-17.0</ele><time>2026-07-26T13:29:30Z</time></trkpt><trkpt lat="37.57088851928711" lon="127.04290008544922"><ele>-17.0</ele><time>2026-07-26T13:29:31Z</time></trkpt><trkpt lat="37.57087707519531" lon="127.04292297363281"><ele>-17.0</ele><time>2026-07-26T13:29:32Z</time></trkpt><trkpt lat="37.570865631103516" lon="127.0429458618164"><ele>-17.0</ele><time>2026-07-26T13:29:33Z</time></trkpt><trkpt lat="37.57085037231445" lon="127.04297637939453"><ele>-17.0</ele><time>2026-07-26T13:29:34Z</time></trkpt><trkpt lat="37.57084274291992" lon="127.0429916381836"><ele>-17.0</ele><time>2026-07-26T13:29:35Z</time></trkpt><trkpt lat="37.570831298828125" lon="127.04301452636719"><ele>-17.0</ele><time>2026-07-26T13:29:36Z</time></trkpt><trkpt lat="37.57082748413086" lon="127.04302978515625"><ele>-17.0</ele><time>2026-07-26T13:29:37Z</time></trkpt><trkpt lat="37.570831298828125" lon="127.04304504394531"><ele>-17.0</ele><time>2026-07-26T13:29:38Z</time></trkpt><trkpt lat="37.570838928222656" lon="127.0430679321289"><ele>-17.0</ele><time>2026-07-26T13:29:39Z</time></trkpt><trkpt lat="37.570838928222656" lon="127.04308319091797"><ele>-17.0</ele><time>2026-07-26T13:29:40Z</time></trkpt><trkpt lat="37.57084655761719" lon="127.04310607910156"><ele>-17.0</ele><time>2026-07-26T13:29:41Z</time></trkpt><trkpt lat="37.57085037231445" lon="127.04310607910156"><ele>-17.0</ele><time>2026-07-26T13:29:42Z</time></trkpt><trkpt lat="37.57085037231445" lon="127.0431137084961"><ele>-17.0</ele><time>2026-07-26T13:29:43Z</time></trkpt><trkpt lat="37.57085037231445" lon="127.04313659667969"><ele>-17.200000762939453</ele><time>2026-07-26T13:29:44Z</time></trkpt><trkpt lat="37.57085037231445" lon="127.04315948486328"><ele>-17.200000762939453</ele><time>2026-07-26T13:29:45Z</time></trkpt><trkpt lat="37.57084274291992" lon="127.04317474365234"><ele>-17.399999618530273</ele><time>2026-07-26T13:29:46Z</time></trkpt><trkpt lat="37.57084274291992" lon="127.04319763183594"><ele>-17.399999618530273</ele><time>2026-07-26T13:29:47Z</time></trkpt><trkpt lat="37.57083511352539" lon="127.04322052001953"><ele>-17.399999618530273</ele><time>2026-07-26T13:29:48Z</time></trkpt><trkpt lat="37.570823669433594" lon="127.04324340820312"><ele>-17.200000762939453</ele><time>2026-07-26T13:29:49Z</time></trkpt><trkpt lat="37.5708122253418" lon="127.04325866699219"><ele>-17.200000762939453</ele><time>2026-07-26T13:29:50Z</time></trkpt><trkpt lat="37.57080078125" lon="127.04329681396484"><ele>-17.200000762939453</ele><time>2026-07-26T13:29:51Z</time></trkpt><trkpt lat="37.57079315185547" lon="127.0433349609375"><ele>-17.200000762939453</ele><time>2026-07-26T13:29:52Z</time></trkpt><trkpt lat="37.570777893066406" lon="127.04336547851562"><ele>-17.200000762939453</ele><time>2026-07-26T13:29:53Z</time></trkpt><trkpt lat="37.570770263671875" lon="127.04339599609375"><ele>-17.200000762939453</ele><time>2026-07-26T13:29:54Z</time></trkpt><trkpt lat="37.57075881958008" lon="127.04341888427734"><ele>-17.200000762939453</ele><time>2026-07-26T13:29:55Z</time></trkpt><trkpt lat="37.57074737548828" lon="127.04344940185547"><ele>-17.200000762939453</ele><time>2026-07-26T13:29:56Z</time></trkpt><trkpt lat="37.57073974609375" lon="127.04347229003906"><ele>-17.200000762939453</ele><time>2026-07-26T13:29:57Z</time></trkpt><trkpt lat="37.57072830200195" lon="127.04349517822266"><ele>-17.200000762939453</ele><time>2026-07-26T13:29:58Z</time></trkpt><trkpt lat="37.57072448730469" lon="127.04351806640625"><ele>-17.200000762939453</ele><time>2026-07-26T13:29:59Z</time></trkpt><trkpt lat="37.57071304321289" lon="127.04354095458984"><ele>-17.200000762939453</ele><time>2026-07-26T13:30:00Z</time></trkpt><trkpt lat="37.570701599121094" lon="127.04357147216797"><ele>-17.200000762939453</ele><time>2026-07-26T13:30:01Z</time></trkpt><trkpt lat="37.5706901550293" lon="127.04359436035156"><ele>-17.200000762939453</ele><time>2026-07-26T13:30:02Z</time></trkpt><trkpt lat="37.570674896240234" lon="127.04362487792969"><ele>-17.200000762939453</ele><time>2026-07-26T13:30:03Z</time></trkpt><trkpt lat="37.5706672668457" lon="127.04364776611328"><ele>-17.200000762939453</ele><time>2026-07-26T13:30:04Z</time></trkpt><trkpt lat="37.570655822753906" lon="127.0436782836914"><ele>-17.200000762939453</ele><time>2026-07-26T13:30:05Z</time></trkpt><trkpt lat="37.57064437866211" lon="127.043701171875"><ele>-17.200000762939453</ele><time>2026-07-26T13:30:06Z</time></trkpt><trkpt lat="37.57063674926758" lon="127.0437240600586"><ele>-17.200000762939453</ele><time>2026-07-26T13:30:07Z</time></trkpt><trkpt lat="37.570621490478516" lon="127.04374694824219"><ele>-17.200000762939453</ele><time>2026-07-26T13:30:08Z</time></trkpt><trkpt lat="37.570613861083984" lon="127.04376983642578"><ele>-17.200000762939453</ele><time>2026-07-26T13:30:09Z</time></trkpt><trkpt lat="37.57060241699219" lon="127.04379272460938"><ele>-17.200000762939453</ele><time>2026-07-26T13:30:10Z</time></trkpt><trkpt lat="37.570594787597656" lon="127.0438232421875"><ele>-17.200000762939453</ele><time>2026-07-26T13:30:11Z</time></trkpt><trkpt lat="37.57058334350586" lon="127.04385375976562"><ele>-17.399999618530273</ele><time>2026-07-26T13:30:12Z</time></trkpt><trkpt lat="37.57057189941406" lon="127.04387664794922"><ele>-17.399999618530273</ele><time>2026-07-26T13:30:13Z</time></trkpt><trkpt lat="37.570560455322266" lon="127.04390716552734"><ele>-17.399999618530273</ele><time>2026-07-26T13:30:14Z</time></trkpt><trkpt lat="37.5705451965332" lon="127.04393768310547"><ele>-17.399999618530273</ele><time>2026-07-26T13:30:15Z</time></trkpt><trkpt lat="37.57052993774414" lon="127.0439682006836"><ele>-17.399999618530273</ele><time>2026-07-26T13:30:16Z</time></trkpt><trkpt lat="37.570526123046875" lon="127.04399108886719"><ele>-17.399999618530273</ele><time>2026-07-26T13:30:17Z</time></trkpt><trkpt lat="37.57050704956055" lon="127.04401397705078"><ele>-17.399999618530273</ele><time>2026-07-26T13:30:18Z</time></trkpt><trkpt lat="37.570499420166016" lon="127.04403686523438"><ele>-17.399999618530273</ele><time>2026-07-26T13:30:19Z</time></trkpt><trkpt lat="37.57048797607422" lon="127.04405975341797"><ele>-17.399999618530273</ele><time>2026-07-26T13:30:20Z</time></trkpt><trkpt lat="37.57047653198242" lon="127.04408264160156"><ele>-17.399999618530273</ele><time>2026-07-26T13:30:21Z</time></trkpt><trkpt lat="37.57046890258789" lon="127.04410552978516"><ele>-17.399999618530273</ele><time>2026-07-26T13:30:22Z</time></trkpt><trkpt lat="37.570457458496094" lon="127.04412078857422"><ele>-17.399999618530273</ele><time>2026-07-26T13:30:23Z</time></trkpt><trkpt lat="37.57044982910156" lon="127.04414367675781"><ele>-17.200000762939453</ele><time>2026-07-26T13:30:24Z</time></trkpt><trkpt lat="37.5704345703125" lon="127.04417419433594"><ele>-17.399999618530273</ele><time>2026-07-26T13:30:25Z</time></trkpt><trkpt lat="37.57042694091797" lon="127.044189453125"><ele>-17.399999618530273</ele><time>2026-07-26T13:30:26Z</time></trkpt><trkpt lat="37.570411682128906" lon="127.0442123413086"><ele>-17.399999618530273</ele><time>2026-07-26T13:30:27Z</time></trkpt><trkpt lat="37.57040023803711" lon="127.04422760009766"><ele>-17.399999618530273</ele><time>2026-07-26T13:30:28Z</time></trkpt><trkpt lat="37.57039260864258" lon="127.04425048828125"><ele>-17.399999618530273</ele><time>2026-07-26T13:30:29Z</time></trkpt><trkpt lat="37.57038116455078" lon="127.04427337646484"><ele>-17.399999618530273</ele><time>2026-07-26T13:30:30Z</time></trkpt><trkpt lat="37.570369720458984" lon="127.04430389404297"><ele>-17.399999618530273</ele><time>2026-07-26T13:30:31Z</time></trkpt><trkpt lat="37.57035827636719" lon="127.04431915283203"><ele>-17.399999618530273</ele><time>2026-07-26T13:30:32Z</time></trkpt><trkpt lat="37.57034683227539" lon="127.04434204101562"><ele>-17.399999618530273</ele><time>2026-07-26T13:30:33Z</time></trkpt><trkpt lat="37.570335388183594" lon="127.04437255859375"><ele>-17.399999618530273</ele><time>2026-07-26T13:30:34Z</time></trkpt><trkpt lat="37.570316314697266" lon="127.04439544677734"><ele>-17.399999618530273</ele><time>2026-07-26T13:30:35Z</time></trkpt><trkpt lat="37.57030487060547" lon="127.04441833496094"><ele>-17.399999618530273</ele><time>2026-07-26T13:30:36Z</time></trkpt><trkpt lat="37.570289611816406" lon="127.04444122314453"><ele>-17.399999618530273</ele><time>2026-07-26T13:30:37Z</time></trkpt><trkpt lat="37.57027816772461" lon="127.04446411132812"><ele>-17.399999618530273</ele><time>2026-07-26T13:30:38Z</time></trkpt><trkpt lat="37.57026672363281" lon="127.04449462890625"><ele>-17.399999618530273</ele><time>2026-07-26T13:30:39Z</time></trkpt><trkpt lat="37.57025146484375" lon="127.04451751708984"><ele>-17.399999618530273</ele><time>2026-07-26T13:30:40Z</time></trkpt><trkpt lat="37.57024383544922" lon="127.04454040527344"><ele>-17.399999618530273</ele><time>2026-07-26T13:30:41Z</time></trkpt><trkpt lat="37.57023239135742" lon="127.04456329345703"><ele>-17.399999618530273</ele><time>2026-07-26T13:30:42Z</time></trkpt><trkpt lat="37.570220947265625" lon="127.04458618164062"><ele>-17.600000381469727</ele><time>2026-07-26T13:30:43Z</time></trkpt><trkpt lat="37.57020950317383" lon="127.04461669921875"><ele>-17.600000381469727</ele><time>2026-07-26T13:30:44Z</time></trkpt><trkpt lat="37.570194244384766" lon="127.04464721679688"><ele>-17.600000381469727</ele><time>2026-07-26T13:30:45Z</time></trkpt><trkpt lat="37.57018280029297" lon="127.04467010498047"><ele>-17.600000381469727</ele><time>2026-07-26T13:30:46Z</time></trkpt><trkpt lat="37.57017135620117" lon="127.0447006225586"><ele>-17.600000381469727</ele><time>2026-07-26T13:30:47Z</time></trkpt><trkpt lat="37.57016372680664" lon="127.04471588134766"><ele>-17.399999618530273</ele><time>2026-07-26T13:30:48Z</time></trkpt><trkpt lat="37.57015609741211" lon="127.04473876953125"><ele>-17.399999618530273</ele><time>2026-07-26T13:30:49Z</time></trkpt><trkpt lat="37.57014465332031" lon="127.04475402832031"><ele>-17.399999618530273</ele><time>2026-07-26T13:30:50Z</time></trkpt><trkpt lat="37.57013702392578" lon="127.0447769165039"><ele>-17.399999618530273</ele><time>2026-07-26T13:30:51Z</time></trkpt><trkpt lat="37.570125579833984" lon="127.0447998046875"><ele>-17.600000381469727</ele><time>2026-07-26T13:30:52Z</time></trkpt><trkpt lat="37.57011795043945" lon="127.04481506347656"><ele>-17.399999618530273</ele><time>2026-07-26T13:30:53Z</time></trkpt><trkpt lat="37.57009506225586" lon="127.04481506347656"><ele>-17.399999618530273</ele><time>2026-07-26T13:30:54Z</time></trkpt><trkpt lat="37.570194244384766" lon="127.0445327758789"><ele>-17.399999618530273</ele><time>2026-07-26T13:34:01Z</time></trkpt><trkpt lat="37.57011413574219" lon="127.04447174072266"><ele>-17.600000381469727</ele><time>2026-07-26T13:34:03Z</time></trkpt><trkpt lat="37.57011413574219" lon="127.04441833496094"><ele>-17.600000381469727</ele><time>2026-07-26T13:34:04Z</time></trkpt><trkpt lat="37.57011795043945" lon="127.0444107055664"><ele>-17.600000381469727</ele><time>2026-07-26T13:34:05Z</time></trkpt><trkpt lat="37.57012939453125" lon="127.04439544677734"><ele>-17.799999237060547</ele><time>2026-07-26T13:34:06Z</time></trkpt><trkpt lat="37.57014465332031" lon="127.04438018798828"><ele>-17.799999237060547</ele><time>2026-07-26T13:34:07Z</time></trkpt><trkpt lat="37.57015609741211" lon="127.04437255859375"><ele>-17.799999237060547</ele><time>2026-07-26T13:34:08Z</time></trkpt><trkpt lat="37.57017135620117" lon="127.04435729980469"><ele>-17.799999237060547</ele><time>2026-07-26T13:34:09Z</time></trkpt><trkpt lat="37.570186614990234" lon="127.04434967041016"><ele>-17.799999237060547</ele><time>2026-07-26T13:34:10Z</time></trkpt><trkpt lat="37.5702018737793" lon="127.04432678222656"><ele>-17.799999237060547</ele><time>2026-07-26T13:34:11Z</time></trkpt><trkpt lat="37.57020568847656" lon="127.04430389404297"><ele>-17.799999237060547</ele><time>2026-07-26T13:34:12Z</time></trkpt><trkpt lat="37.570220947265625" lon="127.04428100585938"><ele>-17.600000381469727</ele><time>2026-07-26T13:34:13Z</time></trkpt><trkpt lat="37.570228576660156" lon="127.04425811767578"><ele>-17.600000381469727</ele><time>2026-07-26T13:34:14Z</time></trkpt><trkpt lat="37.57024002075195" lon="127.04423522949219"><ele>-17.600000381469727</ele><time>2026-07-26T13:34:15Z</time></trkpt><trkpt lat="37.57025146484375" lon="127.0442123413086"><ele>-17.600000381469727</ele><time>2026-07-26T13:34:16Z</time></trkpt><trkpt lat="37.57025909423828" lon="127.044189453125"><ele>-17.600000381469727</ele><time>2026-07-26T13:34:17Z</time></trkpt><trkpt lat="37.570274353027344" lon="127.04415893554688"><ele>-17.600000381469727</ele><time>2026-07-26T13:34:18Z</time></trkpt><trkpt lat="37.57027816772461" lon="127.04413604736328"><ele>-17.600000381469727</ele><time>2026-07-26T13:34:19Z</time></trkpt><trkpt lat="37.570289611816406" lon="127.04411315917969"><ele>-17.600000381469727</ele><time>2026-07-26T13:34:20Z</time></trkpt><trkpt lat="37.5703010559082" lon="127.04409790039062"><ele>-17.600000381469727</ele><time>2026-07-26T13:34:21Z</time></trkpt><trkpt lat="37.570308685302734" lon="127.04407501220703"><ele>-17.600000381469727</ele><time>2026-07-26T13:34:22Z</time></trkpt><trkpt lat="37.57032012939453" lon="127.0440444946289"><ele>-17.600000381469727</ele><time>2026-07-26T13:34:23Z</time></trkpt><trkpt lat="37.5703239440918" lon="127.04402160644531"><ele>-17.600000381469727</ele><time>2026-07-26T13:34:24Z</time></trkpt><trkpt lat="37.570335388183594" lon="127.04399871826172"><ele>-17.600000381469727</ele><time>2026-07-26T13:34:25Z</time></trkpt><trkpt lat="37.57033920288086" lon="127.04397583007812"><ele>-17.600000381469727</ele><time>2026-07-26T13:34:26Z</time></trkpt><trkpt lat="37.570350646972656" lon="127.0439453125"><ele>-17.600000381469727</ele><time>2026-07-26T13:34:27Z</time></trkpt><trkpt lat="37.57035446166992" lon="127.0439224243164"><ele>-17.399999618530273</ele><time>2026-07-26T13:34:28Z</time></trkpt><trkpt lat="37.57036590576172" lon="127.04389190673828"><ele>-17.399999618530273</ele><time>2026-07-26T13:34:29Z</time></trkpt><trkpt lat="37.570377349853516" lon="127.04386901855469"><ele>-17.399999618530273</ele><time>2026-07-26T13:34:30Z</time></trkpt><trkpt lat="37.57038497924805" lon="127.0438461303711"><ele>-17.399999618530273</ele><time>2026-07-26T13:34:31Z</time></trkpt><trkpt lat="37.57039260864258" lon="127.04380798339844"><ele>-17.399999618530273</ele><time>2026-07-26T13:34:32Z</time></trkpt><trkpt lat="37.57040023803711" lon="127.04377746582031"><ele>-17.399999618530273</ele><time>2026-07-26T13:34:33Z</time></trkpt><trkpt lat="37.570411682128906" lon="127.04374694824219"><ele>-17.399999618530273</ele><time>2026-07-26T13:34:34Z</time></trkpt><trkpt lat="37.57041549682617" lon="127.04371643066406"><ele>-17.600000381469727</ele><time>2026-07-26T13:34:35Z</time></trkpt><trkpt lat="37.57041931152344" lon="127.04369354248047"><ele>-17.399999618530273</ele><time>2026-07-26T13:34:36Z</time></trkpt><trkpt lat="37.570430755615234" lon="127.04366302490234"><ele>-17.399999618530273</ele><time>2026-07-26T13:34:37Z</time></trkpt><trkpt lat="37.5704345703125" lon="127.04364013671875"><ele>-17.399999618530273</ele><time>2026-07-26T13:34:38Z</time></trkpt><trkpt lat="37.5704460144043" lon="127.04360961914062"><ele>-17.399999618530273</ele><time>2026-07-26T13:34:39Z</time></trkpt><trkpt lat="37.57045364379883" lon="127.04359436035156"><ele>-17.399999618530273</ele><time>2026-07-26T13:34:40Z</time></trkpt><trkpt lat="37.57046127319336" lon="127.04356384277344"><ele>-17.399999618530273</ele><time>2026-07-26T13:34:41Z</time></trkpt><trkpt lat="37.57046890258789" lon="127.04354095458984"><ele>-17.399999618530273</ele><time>2026-07-26T13:34:42Z</time></trkpt><trkpt lat="37.57047653198242" lon="127.04352569580078"><ele>-17.399999618530273</ele><time>2026-07-26T13:34:43Z</time></trkpt><trkpt lat="37.57048416137695" lon="127.04350280761719"><ele>-17.399999618530273</ele><time>2026-07-26T13:34:44Z</time></trkpt><trkpt lat="37.570491790771484" lon="127.0434799194336"><ele>-17.399999618530273</ele><time>2026-07-26T13:34:45Z</time></trkpt><trkpt lat="37.570499420166016" lon="127.04344940185547"><ele>-17.399999618530273</ele><time>2026-07-26T13:34:46Z</time></trkpt><trkpt lat="37.57050704956055" lon="127.04342651367188"><ele>-17.399999618530273</ele><time>2026-07-26T13:34:47Z</time></trkpt><trkpt lat="37.57051467895508" lon="127.04340362548828"><ele>-17.399999618530273</ele><time>2026-07-26T13:34:48Z</time></trkpt><trkpt lat="37.570526123046875" lon="127.04337310791016"><ele>-17.399999618530273</ele><time>2026-07-26T13:34:49Z</time></trkpt><trkpt lat="37.570533752441406" lon="127.04335021972656"><ele>-17.600000381469727</ele><time>2026-07-26T13:34:50Z</time></trkpt><trkpt lat="37.57054138183594" lon="127.04332733154297"><ele>-17.399999618530273</ele><time>2026-07-26T13:34:51Z</time></trkpt><trkpt lat="37.57054901123047" lon="127.04329681396484"><ele>-17.399999618530273</ele><time>2026-07-26T13:34:52Z</time></trkpt><trkpt lat="37.570560455322266" lon="127.04326629638672"><ele>-17.399999618530273</ele><time>2026-07-26T13:34:53Z</time></trkpt><trkpt lat="37.57057189941406" lon="127.0432357788086"><ele>-17.399999618530273</ele><time>2026-07-26T13:34:54Z</time></trkpt><trkpt lat="37.570579528808594" lon="127.04320526123047"><ele>-17.399999618530273</ele><time>2026-07-26T13:34:55Z</time></trkpt><trkpt lat="37.570587158203125" lon="127.04318237304688"><ele>-17.399999618530273</ele><time>2026-07-26T13:34:56Z</time></trkpt><trkpt lat="37.57059097290039" lon="127.04315948486328"><ele>-17.399999618530273</ele><time>2026-07-26T13:34:57Z</time></trkpt><trkpt lat="37.57060623168945" lon="127.04312896728516"><ele>-17.399999618530273</ele><time>2026-07-26T13:34:58Z</time></trkpt><trkpt lat="37.570613861083984" lon="127.0431137084961"><ele>-17.399999618530273</ele><time>2026-07-26T13:34:59Z</time></trkpt><trkpt lat="37.570621490478516" lon="127.0430908203125"><ele>-17.200000762939453</ele><time>2026-07-26T13:35:00Z</time></trkpt><trkpt lat="37.57062911987305" lon="127.0430679321289"><ele>-17.200000762939453</ele><time>2026-07-26T13:35:01Z</time></trkpt><trkpt lat="37.57063674926758" lon="127.04304504394531"><ele>-17.399999618530273</ele><time>2026-07-26T13:35:02Z</time></trkpt><trkpt lat="37.570648193359375" lon="127.04302215576172"><ele>-17.399999618530273</ele><time>2026-07-26T13:35:03Z</time></trkpt><trkpt lat="37.57066345214844" lon="127.04300689697266"><ele>-17.600000381469727</ele><time>2026-07-26T13:35:04Z</time></trkpt><trkpt lat="37.570674896240234" lon="127.04298400878906"><ele>-17.600000381469727</ele><time>2026-07-26T13:35:05Z</time></trkpt><trkpt lat="37.57068634033203" lon="127.04296112060547"><ele>-17.600000381469727</ele><time>2026-07-26T13:35:06Z</time></trkpt><trkpt lat="37.57069778442383" lon="127.04293823242188"><ele>-17.600000381469727</ele><time>2026-07-26T13:35:07Z</time></trkpt><trkpt lat="37.570709228515625" lon="127.04291534423828"><ele>-17.399999618530273</ele><time>2026-07-26T13:35:08Z</time></trkpt><trkpt lat="37.57072448730469" lon="127.04289245605469"><ele>-17.399999618530273</ele><time>2026-07-26T13:35:09Z</time></trkpt><trkpt lat="37.57073974609375" lon="127.04287719726562"><ele>-17.399999618530273</ele><time>2026-07-26T13:35:10Z</time></trkpt><trkpt lat="37.57075500488281" lon="127.04285430908203"><ele>-17.399999618530273</ele><time>2026-07-26T13:35:11Z</time></trkpt><trkpt lat="37.570770263671875" lon="127.04283142089844"><ele>-17.399999618530273</ele><time>2026-07-26T13:35:12Z</time></trkpt><trkpt lat="37.57078170776367" lon="127.04280853271484"><ele>-17.399999618530273</ele><time>2026-07-26T13:35:13Z</time></trkpt><trkpt lat="37.570804595947266" lon="127.04278564453125"><ele>-17.399999618530273</ele><time>2026-07-26T13:35:14Z</time></trkpt><trkpt lat="37.57081604003906" lon="127.04276275634766"><ele>-17.399999618530273</ele><time>2026-07-26T13:35:15Z</time></trkpt><trkpt lat="37.57083511352539" lon="127.04273986816406"><ele>-17.399999618530273</ele><time>2026-07-26T13:35:16Z</time></trkpt><trkpt lat="37.57085037231445" lon="127.042724609375"><ele>-17.399999618530273</ele><time>2026-07-26T13:35:17Z</time></trkpt><trkpt lat="37.57086181640625" lon="127.04269409179688"><ele>-17.600000381469727</ele><time>2026-07-26T13:35:18Z</time></trkpt><trkpt lat="37.57087707519531" lon="127.04267120361328"><ele>-17.600000381469727</ele><time>2026-07-26T13:35:19Z</time></trkpt><trkpt lat="37.57088851928711" lon="127.04265594482422"><ele>-17.399999618530273</ele><time>2026-07-26T13:35:20Z</time></trkpt><trkpt lat="37.57090377807617" lon="127.04263305664062"><ele>-17.399999618530273</ele><time>2026-07-26T13:35:21Z</time></trkpt><trkpt lat="37.57091522216797" lon="127.04261779785156"><ele>-17.399999618530273</ele><time>2026-07-26T13:35:22Z</time></trkpt><trkpt lat="37.57093048095703" lon="127.04259490966797"><ele>-17.200000762939453</ele><time>2026-07-26T13:35:23Z</time></trkpt><trkpt lat="37.57094192504883" lon="127.0425796508789"><ele>-17.200000762939453</ele><time>2026-07-26T13:35:24Z</time></trkpt><trkpt lat="37.57095718383789" lon="127.04255676269531"><ele>-17.200000762939453</ele><time>2026-07-26T13:35:25Z</time></trkpt><trkpt lat="37.57097244262695" lon="127.04253387451172"><ele>-17.200000762939453</ele><time>2026-07-26T13:35:26Z</time></trkpt><trkpt lat="37.570980072021484" lon="127.04251098632812"><ele>-17.399999618530273</ele><time>2026-07-26T13:35:27Z</time></trkpt><trkpt lat="37.57099533081055" lon="127.04248809814453"><ele>-17.399999618530273</ele><time>2026-07-26T13:35:28Z</time></trkpt><trkpt lat="37.57100296020508" lon="127.0424575805664"><ele>-17.399999618530273</ele><time>2026-07-26T13:35:29Z</time></trkpt><trkpt lat="37.571014404296875" lon="127.04243469238281"><ele>-17.399999618530273</ele><time>2026-07-26T13:35:30Z</time></trkpt><trkpt lat="37.57101821899414" lon="127.04241943359375"><ele>-17.399999618530273</ele><time>2026-07-26T13:35:31Z</time></trkpt><trkpt lat="37.57102966308594" lon="127.04239654541016"><ele>-17.399999618530273</ele><time>2026-07-26T13:35:32Z</time></trkpt><trkpt lat="37.571041107177734" lon="127.04237365722656"><ele>-17.399999618530273</ele><time>2026-07-26T13:35:33Z</time></trkpt><trkpt lat="37.57105255126953" lon="127.04235076904297"><ele>-17.399999618530273</ele><time>2026-07-26T13:35:34Z</time></trkpt><trkpt lat="37.57106399536133" lon="127.04232788085938"><ele>-17.399999618530273</ele><time>2026-07-26T13:35:35Z</time></trkpt><trkpt lat="37.57107162475586" lon="127.04231262207031"><ele>-17.399999618530273</ele><time>2026-07-26T13:35:36Z</time></trkpt><trkpt lat="37.57108688354492" lon="127.04228210449219"><ele>-17.200000762939453</ele><time>2026-07-26T13:35:37Z</time></trkpt><trkpt lat="37.57109832763672" lon="127.0422592163086"><ele>-17.200000762939453</ele><time>2026-07-26T13:35:38Z</time></trkpt><trkpt lat="37.57111358642578" lon="127.042236328125"><ele>-17.200000762939453</ele><time>2026-07-26T13:35:39Z</time></trkpt><trkpt lat="37.57112503051758" lon="127.0422134399414"><ele>-17.200000762939453</ele><time>2026-07-26T13:35:40Z</time></trkpt><trkpt lat="37.57114028930664" lon="127.04219055175781"><ele>-17.200000762939453</ele><time>2026-07-26T13:35:41Z</time></trkpt><trkpt lat="37.57115173339844" lon="127.04216766357422"><ele>-17.200000762939453</ele><time>2026-07-26T13:35:42Z</time></trkpt><trkpt lat="37.571163177490234" lon="127.04214477539062"><ele>-17.200000762939453</ele><time>2026-07-26T13:35:43Z</time></trkpt><trkpt lat="37.5711784362793" lon="127.04212188720703"><ele>-17.200000762939453</ele><time>2026-07-26T13:35:44Z</time></trkpt><trkpt lat="37.571189880371094" lon="127.04209899902344"><ele>-17.200000762939453</ele><time>2026-07-26T13:35:45Z</time></trkpt><trkpt lat="37.57120132446289" lon="127.04206848144531"><ele>-17.200000762939453</ele><time>2026-07-26T13:35:46Z</time></trkpt><trkpt lat="37.57121276855469" lon="127.04205322265625"><ele>-17.200000762939453</ele><time>2026-07-26T13:35:47Z</time></trkpt><trkpt lat="37.571224212646484" lon="127.04203033447266"><ele>-17.200000762939453</ele><time>2026-07-26T13:35:48Z</time></trkpt><trkpt lat="37.57123565673828" lon="127.0420150756836"><ele>-17.0</ele><time>2026-07-26T13:35:49Z</time></trkpt><trkpt lat="37.57124328613281" lon="127.0419921875"><ele>-17.0</ele><time>2026-07-26T13:35:50Z</time></trkpt><trkpt lat="37.57125473022461" lon="127.0419692993164"><ele>-17.0</ele><time>2026-07-26T13:35:51Z</time></trkpt><trkpt lat="37.57126235961914" lon="127.04195404052734"><ele>-17.0</ele><time>2026-07-26T13:35:52Z</time></trkpt><trkpt lat="37.5712776184082" lon="127.04192352294922"><ele>-17.200000762939453</ele><time>2026-07-26T13:35:53Z</time></trkpt><trkpt lat="37.5712890625" lon="127.04190063476562"><ele>-17.0</ele><time>2026-07-26T13:35:54Z</time></trkpt><trkpt lat="37.57130432128906" lon="127.04187774658203"><ele>-17.0</ele><time>2026-07-26T13:35:55Z</time></trkpt><trkpt lat="37.571311950683594" lon="127.04185485839844"><ele>-17.0</ele><time>2026-07-26T13:35:56Z</time></trkpt><trkpt lat="37.571319580078125" lon="127.04183197021484"><ele>-17.0</ele><time>2026-07-26T13:35:57Z</time></trkpt><trkpt lat="37.57133483886719" lon="127.04180908203125"><ele>-17.0</ele><time>2026-07-26T13:35:58Z</time></trkpt><trkpt lat="37.57133865356445" lon="127.04178619384766"><ele>-17.0</ele><time>2026-07-26T13:35:59Z</time></trkpt><trkpt lat="37.57135009765625" lon="127.04175567626953"><ele>-17.0</ele><time>2026-07-26T13:36:00Z</time></trkpt><trkpt lat="37.57135009765625" lon="127.04174041748047"><ele>-17.0</ele><time>2026-07-26T13:36:01Z</time></trkpt><trkpt lat="37.57136154174805" lon="127.04170989990234"><ele>-17.0</ele><time>2026-07-26T13:36:02Z</time></trkpt><trkpt lat="37.57136917114258" lon="127.04168701171875"><ele>-17.0</ele><time>2026-07-26T13:36:03Z</time></trkpt><trkpt lat="37.571380615234375" lon="127.04165649414062"><ele>-17.0</ele><time>2026-07-26T13:36:04Z</time></trkpt><trkpt lat="37.571388244628906" lon="127.04163360595703"><ele>-17.0</ele><time>2026-07-26T13:36:05Z</time></trkpt><trkpt lat="37.5713996887207" lon="127.04161071777344"><ele>-17.0</ele><time>2026-07-26T13:36:06Z</time></trkpt><trkpt lat="37.571414947509766" lon="127.04158020019531"><ele>-17.0</ele><time>2026-07-26T13:36:07Z</time></trkpt><trkpt lat="37.57141876220703" lon="127.04155731201172"><ele>-17.200000762939453</ele><time>2026-07-26T13:36:08Z</time></trkpt><trkpt lat="37.57143020629883" lon="127.04153442382812"><ele>-17.200000762939453</ele><time>2026-07-26T13:36:09Z</time></trkpt><trkpt lat="37.571441650390625" lon="127.04151153564453"><ele>-17.200000762939453</ele><time>2026-07-26T13:36:10Z</time></trkpt><trkpt lat="37.57144546508789" lon="127.04149627685547"><ele>-17.200000762939453</ele><time>2026-07-26T13:36:11Z</time></trkpt><trkpt lat="37.57144546508789" lon="127.0414810180664"><ele>-17.0</ele><time>2026-07-26T13:36:12Z</time></trkpt><trkpt lat="37.57144546508789" lon="127.04145050048828"><ele>-17.0</ele><time>2026-07-26T13:36:13Z</time></trkpt><trkpt lat="37.57144546508789" lon="127.04144287109375"><ele>-16.799999237060547</ele><time>2026-07-26T13:36:14Z</time></trkpt><trkpt lat="37.571441650390625" lon="127.04142761230469"><ele>-16.799999237060547</ele><time>2026-07-26T13:36:15Z</time></trkpt><trkpt lat="37.57144546508789" lon="127.04141235351562"><ele>-16.799999237060547</ele><time>2026-07-26T13:36:16Z</time></trkpt><trkpt lat="37.57144546508789" lon="127.04139709472656"><ele>-16.799999237060547</ele><time>2026-07-26T13:36:17Z</time></trkpt><trkpt lat="37.57145690917969" lon="127.0413818359375"><ele>-16.799999237060547</ele><time>2026-07-26T13:36:18Z</time></trkpt><trkpt lat="37.57146072387695" lon="127.04136657714844"><ele>-16.600000381469727</ele><time>2026-07-26T13:36:19Z</time></trkpt><trkpt lat="37.571468353271484" lon="127.0413589477539"><ele>-16.600000381469727</ele><time>2026-07-26T13:36:20Z</time></trkpt><trkpt lat="37.571468353271484" lon="127.04133605957031"><ele>-16.799999237060547</ele><time>2026-07-26T13:36:21Z</time></trkpt><trkpt lat="37.57146453857422" lon="127.04132080078125"><ele>-16.799999237060547</ele><time>2026-07-26T13:36:22Z</time></trkpt><trkpt lat="37.57146072387695" lon="127.04130554199219"><ele>-17.0</ele><time>2026-07-26T13:36:23Z</time></trkpt><trkpt lat="37.57146072387695" lon="127.04126739501953"><ele>-17.0</ele><time>2026-07-26T13:36:24Z</time></trkpt><trkpt lat="37.57146453857422" lon="127.04124450683594"><ele>-17.200000762939453</ele><time>2026-07-26T13:36:25Z</time></trkpt><trkpt lat="37.571475982666016" lon="127.04122924804688"><ele>-17.200000762939453</ele><time>2026-07-26T13:36:26Z</time></trkpt><trkpt lat="37.57149124145508" lon="127.04120635986328"><ele>-17.200000762939453</ele><time>2026-07-26T13:36:27Z</time></trkpt><trkpt lat="37.571502685546875" lon="127.04119873046875"><ele>-17.200000762939453</ele><time>2026-07-26T13:36:28Z</time></trkpt><trkpt lat="37.571510314941406" lon="127.04119110107422"><ele>-17.0</ele><time>2026-07-26T13:36:29Z</time></trkpt><trkpt lat="37.57154846191406" lon="127.0411376953125"><ele>-17.0</ele><time>2026-07-26T13:36:36Z</time></trkpt><trkpt lat="37.57155227661133" lon="127.04113006591797"><ele>-17.0</ele><time>2026-07-26T13:36:37Z</time></trkpt><trkpt lat="37.57155990600586" lon="127.0411148071289"><ele>-16.799999237060547</ele><time>2026-07-26T13:36:38Z</time></trkpt><trkpt lat="37.57156753540039" lon="127.04109954833984"><ele>-16.799999237060547</ele><time>2026-07-26T13:36:39Z</time></trkpt><trkpt lat="37.57157516479492" lon="127.04109191894531"><ele>-16.799999237060547</ele><time>2026-07-26T13:36:40Z</time></trkpt><trkpt lat="37.57158279418945" lon="127.04107666015625"><ele>-17.0</ele><time>2026-07-26T13:36:41Z</time></trkpt><trkpt lat="37.571590423583984" lon="127.04106140136719"><ele>-17.0</ele><time>2026-07-26T13:36:42Z</time></trkpt><trkpt lat="37.57160186767578" lon="127.04103088378906"><ele>-17.0</ele><time>2026-07-26T13:36:43Z</time></trkpt><trkpt lat="37.571617126464844" lon="127.04100799560547"><ele>-17.0</ele><time>2026-07-26T13:36:44Z</time></trkpt><trkpt lat="37.57163619995117" lon="127.04097747802734"><ele>-17.0</ele><time>2026-07-26T13:36:45Z</time></trkpt><trkpt lat="37.5716438293457" lon="127.04096221923828"><ele>-17.0</ele><time>2026-07-26T13:36:46Z</time></trkpt><trkpt lat="37.5716552734375" lon="127.04093170166016"><ele>-17.0</ele><time>2026-07-26T13:36:47Z</time></trkpt><trkpt lat="37.57166290283203" lon="127.04090881347656"><ele>-17.0</ele><time>2026-07-26T13:36:48Z</time></trkpt><trkpt lat="37.5716667175293" lon="127.0408935546875"><ele>-16.799999237060547</ele><time>2026-07-26T13:36:49Z</time></trkpt><trkpt lat="37.5716667175293" lon="127.04086303710938"><ele>-16.799999237060547</ele><time>2026-07-26T13:36:50Z</time></trkpt><trkpt lat="37.5716667175293" lon="127.04084014892578"><ele>-16.799999237060547</ele><time>2026-07-26T13:36:51Z</time></trkpt><trkpt lat="37.57167053222656" lon="127.04080200195312"><ele>-16.799999237060547</ele><time>2026-07-26T13:36:52Z</time></trkpt><trkpt lat="37.57167053222656" lon="127.04077911376953"><ele>-16.799999237060547</ele><time>2026-07-26T13:36:53Z</time></trkpt><trkpt lat="37.57167434692383" lon="127.0407485961914"><ele>-16.799999237060547</ele><time>2026-07-26T13:36:54Z</time></trkpt><trkpt lat="37.57168197631836" lon="127.04072570800781"><ele>-16.799999237060547</ele><time>2026-07-26T13:36:55Z</time></trkpt><trkpt lat="37.57168197631836" lon="127.04070281982422"><ele>-16.799999237060547</ele><time>2026-07-26T13:36:56Z</time></trkpt><trkpt lat="37.57168960571289" lon="127.04067993164062"><ele>-17.0</ele><time>2026-07-26T13:36:57Z</time></trkpt><trkpt lat="37.57168960571289" lon="127.04065704345703"><ele>-17.0</ele><time>2026-07-26T13:36:58Z</time></trkpt><trkpt lat="37.57169723510742" lon="127.04063415527344"><ele>-17.0</ele><time>2026-07-26T13:36:59Z</time></trkpt><trkpt lat="37.57170486450195" lon="127.04061126708984"><ele>-17.0</ele><time>2026-07-26T13:37:00Z</time></trkpt><trkpt lat="37.571712493896484" lon="127.04058074951172"><ele>-17.0</ele><time>2026-07-26T13:37:01Z</time></trkpt><trkpt lat="37.571720123291016" lon="127.04055786132812"><ele>-17.0</ele><time>2026-07-26T13:37:02Z</time></trkpt><trkpt lat="37.57172393798828" lon="127.04053497314453"><ele>-16.799999237060547</ele><time>2026-07-26T13:37:03Z</time></trkpt><trkpt lat="37.57173156738281" lon="127.04051208496094"><ele>-16.799999237060547</ele><time>2026-07-26T13:37:04Z</time></trkpt><trkpt lat="37.57173538208008" lon="127.04048919677734"><ele>-16.799999237060547</ele><time>2026-07-26T13:37:05Z</time></trkpt><trkpt lat="37.571739196777344" lon="127.04045867919922"><ele>-17.0</ele><time>2026-07-26T13:37:06Z</time></trkpt><trkpt lat="37.57175064086914" lon="127.04043579101562"><ele>-17.0</ele><time>2026-07-26T13:37:07Z</time></trkpt><trkpt lat="37.57175064086914" lon="127.0404052734375"><ele>-17.0</ele><time>2026-07-26T13:37:08Z</time></trkpt><trkpt lat="37.57175827026367" lon="127.0403823852539"><ele>-17.0</ele><time>2026-07-26T13:37:09Z</time></trkpt><trkpt lat="37.5717658996582" lon="127.04035186767578"><ele>-17.0</ele><time>2026-07-26T13:37:10Z</time></trkpt><trkpt lat="37.57176971435547" lon="127.04031372070312"><ele>-17.0</ele><time>2026-07-26T13:37:11Z</time></trkpt><trkpt lat="37.57177734375" lon="127.040283203125"><ele>-17.0</ele><time>2026-07-26T13:37:12Z</time></trkpt><trkpt lat="37.571781158447266" lon="127.0402603149414"><ele>-17.0</ele><time>2026-07-26T13:37:13Z</time></trkpt><trkpt lat="37.5717887878418" lon="127.04022979736328"><ele>-17.0</ele><time>2026-07-26T13:37:14Z</time></trkpt><trkpt lat="37.57179641723633" lon="127.04020690917969"><ele>-16.799999237060547</ele><time>2026-07-26T13:37:15Z</time></trkpt><trkpt lat="37.57179641723633" lon="127.04017639160156"><ele>-16.799999237060547</ele><time>2026-07-26T13:37:16Z</time></trkpt><trkpt lat="37.57180404663086" lon="127.04015350341797"><ele>-17.0</ele><time>2026-07-26T13:37:17Z</time></trkpt><trkpt lat="37.571800231933594" lon="127.04013061523438"><ele>-17.0</ele><time>2026-07-26T13:37:18Z</time></trkpt><trkpt lat="37.571800231933594" lon="127.04010009765625"><ele>-17.0</ele><time>2026-07-26T13:37:19Z</time></trkpt><trkpt lat="37.57180404663086" lon="127.04007720947266"><ele>-17.0</ele><time>2026-07-26T13:37:20Z</time></trkpt><trkpt lat="37.57180404663086" lon="127.04005432128906"><ele>-16.799999237060547</ele><time>2026-07-26T13:37:21Z</time></trkpt><trkpt lat="37.571807861328125" lon="127.04003143310547"><ele>-16.799999237060547</ele><time>2026-07-26T13:37:22Z</time></trkpt><trkpt lat="37.57181167602539" lon="127.04000091552734"><ele>-17.0</ele><time>2026-07-26T13:37:23Z</time></trkpt><trkpt lat="37.571815490722656" lon="127.03997802734375"><ele>-16.799999237060547</ele><time>2026-07-26T13:37:24Z</time></trkpt><trkpt lat="37.57181930541992" lon="127.03994750976562"><ele>-17.0</ele><time>2026-07-26T13:37:25Z</time></trkpt><trkpt lat="37.571815490722656" lon="127.03992462158203"><ele>-17.0</ele><time>2026-07-26T13:37:26Z</time></trkpt><trkpt lat="37.57181930541992" lon="127.0398941040039"><ele>-17.0</ele><time>2026-07-26T13:37:27Z</time></trkpt><trkpt lat="37.57181930541992" lon="127.03987121582031"><ele>-17.0</ele><time>2026-07-26T13:37:28Z</time></trkpt><trkpt lat="37.57181930541992" lon="127.03984069824219"><ele>-17.0</ele><time>2026-07-26T13:37:29Z</time></trkpt><trkpt lat="37.57182312011719" lon="127.03981018066406"><ele>-17.0</ele><time>2026-07-26T13:37:30Z</time></trkpt><trkpt lat="37.57181930541992" lon="127.03978729248047"><ele>-17.0</ele><time>2026-07-26T13:37:31Z</time></trkpt><trkpt lat="37.57182312011719" lon="127.03975677490234"><ele>-17.0</ele><time>2026-07-26T13:37:32Z</time></trkpt><trkpt lat="37.57182312011719" lon="127.03973388671875"><ele>-17.0</ele><time>2026-07-26T13:37:33Z</time></trkpt><trkpt lat="37.57182312011719" lon="127.03970336914062"><ele>-17.0</ele><time>2026-07-26T13:37:34Z</time></trkpt><trkpt lat="37.57182312011719" lon="127.0396728515625"><ele>-17.0</ele><time>2026-07-26T13:37:35Z</time></trkpt><trkpt lat="37.571815490722656" lon="127.0396499633789"><ele>-17.0</ele><time>2026-07-26T13:37:36Z</time></trkpt><trkpt lat="37.571815490722656" lon="127.03961944580078"><ele>-17.0</ele><time>2026-07-26T13:37:37Z</time></trkpt><trkpt lat="37.57181167602539" lon="127.03960418701172"><ele>-17.0</ele><time>2026-07-26T13:37:38Z</time></trkpt><trkpt lat="37.571807861328125" lon="127.03958129882812"><ele>-17.0</ele><time>2026-07-26T13:37:39Z</time></trkpt><trkpt lat="37.57180404663086" lon="127.03955078125"><ele>-17.0</ele><time>2026-07-26T13:37:40Z</time></trkpt><trkpt lat="37.571800231933594" lon="127.03953552246094"><ele>-17.0</ele><time>2026-07-26T13:37:41Z</time></trkpt><trkpt lat="37.571800231933594" lon="127.03951263427734"><ele>-17.0</ele><time>2026-07-26T13:37:42Z</time></trkpt><trkpt lat="37.57180404663086" lon="127.03948974609375"><ele>-17.0</ele><time>2026-07-26T13:37:43Z</time></trkpt><trkpt lat="37.57180404663086" lon="127.03946685791016"><ele>-17.0</ele><time>2026-07-26T13:37:44Z</time></trkpt><trkpt lat="37.571807861328125" lon="127.03944396972656"><ele>-17.0</ele><time>2026-07-26T13:37:45Z</time></trkpt><trkpt lat="37.57181167602539" lon="127.03942108154297"><ele>-17.0</ele><time>2026-07-26T13:37:46Z</time></trkpt><trkpt lat="37.57181167602539" lon="127.03939819335938"><ele>-17.0</ele><time>2026-07-26T13:37:47Z</time></trkpt><trkpt lat="37.571815490722656" lon="127.03936767578125"><ele>-17.0</ele><time>2026-07-26T13:37:48Z</time></trkpt><trkpt lat="37.571815490722656" lon="127.03934478759766"><ele>-17.0</ele><time>2026-07-26T13:37:49Z</time></trkpt><trkpt lat="37.57181930541992" lon="127.039306640625"><ele>-17.0</ele><time>2026-07-26T13:37:50Z</time></trkpt><trkpt lat="37.57182693481445" lon="127.0392837524414"><ele>-17.0</ele><time>2026-07-26T13:37:51Z</time></trkpt><trkpt lat="37.57182693481445" lon="127.03925323486328"><ele>-17.0</ele><time>2026-07-26T13:37:52Z</time></trkpt><trkpt lat="37.571834564208984" lon="127.03923034667969"><ele>-16.799999237060547</ele><time>2026-07-26T13:37:53Z</time></trkpt><trkpt lat="37.571834564208984" lon="127.0392074584961"><ele>-17.0</ele><time>2026-07-26T13:37:54Z</time></trkpt><trkpt lat="37.571834564208984" lon="127.03917694091797"><ele>-17.0</ele><time>2026-07-26T13:37:55Z</time></trkpt><trkpt lat="37.57183837890625" lon="127.03915405273438"><ele>-17.0</ele><time>2026-07-26T13:37:56Z</time></trkpt><trkpt lat="37.571842193603516" lon="127.03912353515625"><ele>-17.0</ele><time>2026-07-26T13:37:57Z</time></trkpt><trkpt lat="37.57184600830078" lon="127.03909301757812"><ele>-16.799999237060547</ele><time>2026-07-26T13:37:58Z</time></trkpt><trkpt lat="37.57184600830078" lon="127.03907012939453"><ele>-16.799999237060547</ele><time>2026-07-26T13:37:59Z</time></trkpt><trkpt lat="37.57184982299805" lon="127.0390396118164"><ele>-17.0</ele><time>2026-07-26T13:38:00Z</time></trkpt><trkpt lat="37.57185745239258" lon="127.03901672363281"><ele>-17.0</ele><time>2026-07-26T13:38:01Z</time></trkpt><trkpt lat="37.571861267089844" lon="127.03898620605469"><ele>-17.0</ele><time>2026-07-26T13:38:02Z</time></trkpt><trkpt lat="37.571868896484375" lon="127.0389633178711"><ele>-17.0</ele><time>2026-07-26T13:38:03Z</time></trkpt><trkpt lat="37.57187271118164" lon="127.0389404296875"><ele>-17.0</ele><time>2026-07-26T13:38:04Z</time></trkpt><trkpt lat="37.571876525878906" lon="127.03890991210938"><ele>-17.0</ele><time>2026-07-26T13:38:05Z</time></trkpt><trkpt lat="37.57188034057617" lon="127.03888702392578"><ele>-17.0</ele><time>2026-07-26T13:38:06Z</time></trkpt><trkpt lat="37.57188415527344" lon="127.03887176513672"><ele>-16.799999237060547</ele><time>2026-07-26T13:38:07Z</time></trkpt><trkpt lat="37.5718879699707" lon="127.03884887695312"><ele>-16.799999237060547</ele><time>2026-07-26T13:38:08Z</time></trkpt><trkpt lat="37.5718879699707" lon="127.03882598876953"><ele>-16.799999237060547</ele><time>2026-07-26T13:38:09Z</time></trkpt><trkpt lat="37.57188415527344" lon="127.03880310058594"><ele>-16.799999237060547</ele><time>2026-07-26T13:38:10Z</time></trkpt><trkpt lat="37.57188034057617" lon="127.03878021240234"><ele>-16.799999237060547</ele><time>2026-07-26T13:38:11Z</time></trkpt><trkpt lat="37.571876525878906" lon="127.03875732421875"><ele>-16.799999237060547</ele><time>2026-07-26T13:38:12Z</time></trkpt><trkpt lat="37.571868896484375" lon="127.03873443603516"><ele>-16.799999237060547</ele><time>2026-07-26T13:38:13Z</time></trkpt><trkpt lat="37.57185745239258" lon="127.03870391845703"><ele>-16.600000381469727</ele><time>2026-07-26T13:38:14Z</time></trkpt><trkpt lat="37.57185363769531" lon="127.03868103027344"><ele>-16.600000381469727</ele><time>2026-07-26T13:38:15Z</time></trkpt><trkpt lat="37.57185363769531" lon="127.03865814208984"><ele>-16.600000381469727</ele><time>2026-07-26T13:38:16Z</time></trkpt><trkpt lat="37.57184982299805" lon="127.03863525390625"><ele>-16.600000381469727</ele><time>2026-07-26T13:38:17Z</time></trkpt><trkpt lat="37.57185363769531" lon="127.03860473632812"><ele>-16.600000381469727</ele><time>2026-07-26T13:38:18Z</time></trkpt><trkpt lat="37.57185745239258" lon="127.03858184814453"><ele>-16.600000381469727</ele><time>2026-07-26T13:38:19Z</time></trkpt><trkpt lat="37.571861267089844" lon="127.0385513305664"><ele>-16.600000381469727</ele><time>2026-07-26T13:38:20Z</time></trkpt><trkpt lat="37.571868896484375" lon="127.03852844238281"><ele>-16.600000381469727</ele><time>2026-07-26T13:38:21Z</time></trkpt><trkpt lat="37.57187271118164" lon="127.03850555419922"><ele>-16.600000381469727</ele><time>2026-07-26T13:38:22Z</time></trkpt><trkpt lat="37.57188034057617" lon="127.03848266601562"><ele>-16.600000381469727</ele><time>2026-07-26T13:38:23Z</time></trkpt><trkpt lat="37.57189178466797" lon="127.03845977783203"><ele>-16.600000381469727</ele><time>2026-07-26T13:38:24Z</time></trkpt><trkpt lat="37.5718994140625" lon="127.03843688964844"><ele>-16.799999237060547</ele><time>2026-07-26T13:38:25Z</time></trkpt><trkpt lat="37.5719108581543" lon="127.03842163085938"><ele>-16.799999237060547</ele><time>2026-07-26T13:38:26Z</time></trkpt><trkpt lat="37.57191848754883" lon="127.03839874267578"><ele>-16.799999237060547</ele><time>2026-07-26T13:38:27Z</time></trkpt><trkpt lat="37.57192611694336" lon="127.03837585449219"><ele>-16.799999237060547</ele><time>2026-07-26T13:38:28Z</time></trkpt><trkpt lat="37.57192611694336" lon="127.0383529663086"><ele>-16.799999237060547</ele><time>2026-07-26T13:38:29Z</time></trkpt><trkpt lat="37.57192611694336" lon="127.03832244873047"><ele>-16.799999237060547</ele><time>2026-07-26T13:38:30Z</time></trkpt><trkpt lat="37.571929931640625" lon="127.03829193115234"><ele>-16.799999237060547</ele><time>2026-07-26T13:38:31Z</time></trkpt><trkpt lat="37.571929931640625" lon="127.03827667236328"><ele>-16.600000381469727</ele><time>2026-07-26T13:38:32Z</time></trkpt><trkpt lat="37.57193374633789" lon="127.03824615478516"><ele>-16.799999237060547</ele><time>2026-07-26T13:38:33Z</time></trkpt><trkpt lat="37.571937561035156" lon="127.03822326660156"><ele>-16.799999237060547</ele><time>2026-07-26T13:38:34Z</time></trkpt><trkpt lat="37.571937561035156" lon="127.03820037841797"><ele>-16.799999237060547</ele><time>2026-07-26T13:38:35Z</time></trkpt><trkpt lat="37.57194137573242" lon="127.03817749023438"><ele>-17.0</ele><time>2026-07-26T13:38:36Z</time></trkpt><trkpt lat="37.57194137573242" lon="127.03814697265625"><ele>-17.0</ele><time>2026-07-26T13:38:37Z</time></trkpt><trkpt lat="37.571937561035156" lon="127.0380859375"><ele>-17.0</ele><time>2026-07-26T13:38:38Z</time></trkpt><trkpt lat="37.57193374633789" lon="127.03804779052734"><ele>-17.0</ele><time>2026-07-26T13:38:39Z</time></trkpt><trkpt lat="37.571937561035156" lon="127.03800964355469"><ele>-17.0</ele><time>2026-07-26T13:38:40Z</time></trkpt><trkpt lat="37.57194137573242" lon="127.0379867553711"><ele>-17.0</ele><time>2026-07-26T13:38:41Z</time></trkpt><trkpt lat="37.571964263916016" lon="127.03797149658203"><ele>-16.799999237060547</ele><time>2026-07-26T13:38:42Z</time></trkpt><trkpt lat="37.57197570800781" lon="127.03794860839844"><ele>-16.799999237060547</ele><time>2026-07-26T13:38:43Z</time></trkpt><trkpt lat="37.57197952270508" lon="127.03792572021484"><ele>-16.799999237060547</ele><time>2026-07-26T13:38:44Z</time></trkpt><trkpt lat="37.571983337402344" lon="127.03790283203125"><ele>-16.799999237060547</ele><time>2026-07-26T13:38:45Z</time></trkpt><trkpt lat="37.571990966796875" lon="127.03787231445312"><ele>-16.799999237060547</ele><time>2026-07-26T13:38:46Z</time></trkpt><trkpt lat="37.57199478149414" lon="127.03784942626953"><ele>-16.799999237060547</ele><time>2026-07-26T13:38:47Z</time></trkpt><trkpt lat="37.571998596191406" lon="127.03782653808594"><ele>-16.799999237060547</ele><time>2026-07-26T13:38:48Z</time></trkpt><trkpt lat="37.57200241088867" lon="127.03779602050781"><ele>-16.799999237060547</ele><time>2026-07-26T13:38:49Z</time></trkpt><trkpt lat="37.57200241088867" lon="127.03777313232422"><ele>-16.799999237060547</ele><time>2026-07-26T13:38:50Z</time></trkpt><trkpt lat="37.57200622558594" lon="127.03775024414062"><ele>-16.799999237060547</ele><time>2026-07-26T13:38:51Z</time></trkpt><trkpt lat="37.5720100402832" lon="127.03773498535156"><ele>-16.799999237060547</ele><time>2026-07-26T13:38:52Z</time></trkpt><trkpt lat="37.57201385498047" lon="127.0377197265625"><ele>-17.0</ele><time>2026-07-26T13:38:53Z</time></trkpt><trkpt lat="37.572017669677734" lon="127.03771209716797"><ele>-17.0</ele><time>2026-07-26T13:38:54Z</time></trkpt><trkpt lat="37.572021484375" lon="127.0376968383789"><ele>-17.0</ele><time>2026-07-26T13:38:55Z</time></trkpt><trkpt lat="37.57200241088867" lon="127.03765869140625"><ele>-17.0</ele><time>2026-07-26T13:38:56Z</time></trkpt><trkpt lat="37.571998596191406" lon="127.03762817382812"><ele>-16.799999237060547</ele><time>2026-07-26T13:38:57Z</time></trkpt><trkpt lat="37.57200241088867" lon="127.03760528564453"><ele>-16.799999237060547</ele><time>2026-07-26T13:38:58Z</time></trkpt><trkpt lat="37.57200241088867" lon="127.03759002685547"><ele>-16.799999237060547</ele><time>2026-07-26T13:38:59Z</time></trkpt><trkpt lat="37.571998596191406" lon="127.03756713867188"><ele>-16.799999237060547</ele><time>2026-07-26T13:39:00Z</time></trkpt><trkpt lat="37.5720100402832" lon="127.03753662109375"><ele>-16.799999237060547</ele><time>2026-07-26T13:39:01Z</time></trkpt><trkpt lat="37.57201385498047" lon="127.03750610351562"><ele>-16.799999237060547</ele><time>2026-07-26T13:39:02Z</time></trkpt><trkpt lat="37.572017669677734" lon="127.03748321533203"><ele>-16.799999237060547</ele><time>2026-07-26T13:39:03Z</time></trkpt><trkpt lat="37.572021484375" lon="127.0374526977539"><ele>-16.799999237060547</ele><time>2026-07-26T13:39:04Z</time></trkpt><trkpt lat="37.572025299072266" lon="127.03742980957031"><ele>-16.799999237060547</ele><time>2026-07-26T13:39:05Z</time></trkpt><trkpt lat="37.572025299072266" lon="127.03740692138672"><ele>-16.799999237060547</ele><time>2026-07-26T13:39:06Z</time></trkpt><trkpt lat="37.57202911376953" lon="127.03738403320312"><ele>-16.799999237060547</ele><time>2026-07-26T13:39:07Z</time></trkpt><trkpt lat="37.572025299072266" lon="127.03736114501953"><ele>-16.799999237060547</ele><time>2026-07-26T13:39:08Z</time></trkpt><trkpt lat="37.572021484375" lon="127.03733825683594"><ele>-16.600000381469727</ele><time>2026-07-26T13:39:09Z</time></trkpt><trkpt lat="37.572021484375" lon="127.03731536865234"><ele>-16.600000381469727</ele><time>2026-07-26T13:39:10Z</time></trkpt><trkpt lat="37.572017669677734" lon="127.03729248046875"><ele>-16.600000381469727</ele><time>2026-07-26T13:39:11Z</time></trkpt><trkpt lat="37.57201385498047" lon="127.03726196289062"><ele>-16.600000381469727</ele><time>2026-07-26T13:39:12Z</time></trkpt><trkpt lat="37.57201385498047" lon="127.03724670410156"><ele>-16.600000381469727</ele><time>2026-07-26T13:39:13Z</time></trkpt><trkpt lat="37.5720100402832" lon="127.03722381591797"><ele>-16.600000381469727</ele><time>2026-07-26T13:39:14Z</time></trkpt><trkpt lat="37.5720100402832" lon="127.03720092773438"><ele>-16.600000381469727</ele><time>2026-07-26T13:39:15Z</time></trkpt><trkpt lat="37.57200241088867" lon="127.03717803955078"><ele>-16.600000381469727</ele><time>2026-07-26T13:39:16Z</time></trkpt></trkseg></trk></gpx>