<?xml version='1.0' encoding='UTF-8'?><gpx version="1.1" creator="Garmin Sports" xmlns="http://www.topografix.com/GPX/1/1"><metadata><author><name>Garmin Sports</name></author><copyright author="Garmin Sports"><year>2026</year></copyright></metadata><trk><trkseg><trkpt lat="37.65946578979492" lon="127.0723876953125"><ele>36.0</ele><time>2026-09-18T22:39:30Z</time></trkpt><trkpt lat="37.65946960449219" lon="127.07237243652344"><ele>36.0</ele><time>2026-09-18T22:39:31Z</time></trkpt><trkpt lat="37.65944290161133" lon="127.0723648071289"><ele>36.0</ele><time>2026-09-18T22:39:32Z</time></trkpt><trkpt lat="37.659420013427734" lon="127.07234954833984"><ele>36.0</ele><time>2026-09-18T22:39:33Z</time></trkpt><trkpt lat="37.65939712524414" lon="127.07234191894531"><ele>36.0</ele><time>2026-09-18T22:39:34Z</time></trkpt><trkpt lat="37.65937423706055" lon="127.07233428955078"><ele>36.0</ele><time>2026-09-18T22:39:35Z</time></trkpt><trkpt lat="37.659358978271484" lon="127.07232666015625"><ele>36.0</ele><time>2026-09-18T22:39:36Z</time></trkpt><trkpt lat="37.659332275390625" lon="127.07231903076172"><ele>36.0</ele><time>2026-09-18T22:39:37Z</time></trkpt><trkpt lat="37.6593132019043" lon="127.07230377197266"><ele>36.0</ele><time>2026-09-18T22:39:38Z</time></trkpt><trkpt lat="37.6592903137207" lon="127.07229614257812"><ele>36.0</ele><time>2026-09-18T22:39:39Z</time></trkpt><trkpt lat="37.659271240234375" lon="127.0722885131836"><ele>36.0</ele><time>2026-09-18T22:39:40Z</time></trkpt><trkpt lat="37.65925598144531" lon="127.07228088378906"><ele>36.0</ele><time>2026-09-18T22:39:41Z</time></trkpt><trkpt lat="37.65923309326172" lon="127.072265625"><ele>36.0</ele><time>2026-09-18T22:39:42Z</time></trkpt><trkpt lat="37.65922164916992" lon="127.07225799560547"><ele>36.0</ele><time>2026-09-18T22:39:43Z</time></trkpt><trkpt lat="37.65919494628906" lon="127.07223510742188"><ele>36.0</ele><time>2026-09-18T22:39:44Z</time></trkpt><trkpt lat="37.6591796875" lon="127.07222747802734"><ele>36.0</ele><time>2026-09-18T22:39:45Z</time></trkpt><trkpt lat="37.65915298461914" lon="127.07220458984375"><ele>36.0</ele><time>2026-09-18T22:39:46Z</time></trkpt><trkpt lat="37.65913772583008" lon="127.07218933105469"><ele>36.0</ele><time>2026-09-18T22:39:47Z</time></trkpt><trkpt lat="37.659114837646484" lon="127.07217407226562"><ele>36.0</ele><time>2026-09-18T22:39:48Z</time></trkpt><trkpt lat="37.65910339355469" lon="127.07215881347656"><ele>36.0</ele><time>2026-09-18T22:39:49Z</time></trkpt><trkpt lat="37.65908432006836" lon="127.0721435546875"><ele>36.0</ele><time>2026-09-18T22:39:50Z</time></trkpt><trkpt lat="37.659061431884766" lon="127.07212829589844"><ele>36.20000076293945</ele><time>2026-09-18T22:39:51Z</time></trkpt><trkpt lat="37.65904235839844" lon="127.0721206665039"><ele>36.20000076293945</ele><time>2026-09-18T22:39:52Z</time></trkpt><trkpt lat="37.659019470214844" lon="127.07210540771484"><ele>36.20000076293945</ele><time>2026-09-18T22:39:53Z</time></trkpt><trkpt lat="37.659000396728516" lon="127.07209777832031"><ele>36.20000076293945</ele><time>2026-09-18T22:39:54Z</time></trkpt><trkpt lat="37.658973693847656" lon="127.07207489013672"><ele>36.20000076293945</ele><time>2026-09-18T22:39:55Z</time></trkpt><trkpt lat="37.65895462036133" lon="127.07206726074219"><ele>36.20000076293945</ele><time>2026-09-18T22:39:56Z</time></trkpt><trkpt lat="37.658935546875" lon="127.07206726074219"><ele>36.20000076293945</ele><time>2026-09-18T22:39:57Z</time></trkpt><trkpt lat="37.65891647338867" lon="127.07205963134766"><ele>36.400001525878906</ele><time>2026-09-18T22:39:58Z</time></trkpt><trkpt lat="37.65889358520508" lon="127.07205963134766"><ele>36.20000076293945</ele><time>2026-09-18T22:39:59Z</time></trkpt><trkpt lat="37.658870697021484" lon="127.0720443725586"><ele>36.20000076293945</ele><time>2026-09-18T22:40:00Z</time></trkpt><trkpt lat="37.65885543823242" lon="127.0720443725586"><ele>36.20000076293945</ele><time>2026-09-18T22:40:01Z</time></trkpt><trkpt lat="37.658836364746094" lon="127.07203674316406"><ele>36.0</ele><time>2026-09-18T22:40:02Z</time></trkpt><trkpt lat="37.658817291259766" lon="127.07203674316406"><ele>36.0</ele><time>2026-09-18T22:40:03Z</time></trkpt><trkpt lat="37.65879821777344" lon="127.07202911376953"><ele>36.0</ele><time>2026-09-18T22:40:04Z</time></trkpt><trkpt lat="37.65878677368164" lon="127.07202911376953"><ele>36.0</ele><time>2026-09-18T22:40:05Z</time></trkpt><trkpt lat="37.65876007080078" lon="127.072021484375"><ele>36.0</ele><time>2026-09-18T22:40:06Z</time></trkpt><trkpt lat="37.65874481201172" lon="127.07201385498047"><ele>36.0</ele><time>2026-09-18T22:40:07Z</time></trkpt><trkpt lat="37.65872573852539" lon="127.07201385498047"><ele>36.0</ele><time>2026-09-18T22:40:08Z</time></trkpt><trkpt lat="37.6587028503418" lon="127.07200622558594"><ele>36.0</ele><time>2026-09-18T22:40:09Z</time></trkpt><trkpt lat="37.65869140625" lon="127.07200622558594"><ele>36.0</ele><time>2026-09-18T22:40:10Z</time></trkpt><trkpt lat="37.65867233276367" lon="127.0719985961914"><ele>36.0</ele><time>2026-09-18T22:40:11Z</time></trkpt><trkpt lat="37.65865707397461" lon="127.0719985961914"><ele>35.79999923706055</ele><time>2026-09-18T22:40:12Z</time></trkpt><trkpt lat="37.65864562988281" lon="127.07199096679688"><ele>35.79999923706055</ele><time>2026-09-18T22:40:13Z</time></trkpt><trkpt lat="37.658626556396484" lon="127.07199096679688"><ele>35.79999923706055</ele><time>2026-09-18T22:40:14Z</time></trkpt><trkpt lat="37.65861129760742" lon="127.07199096679688"><ele>35.79999923706055</ele><time>2026-09-18T22:40:15Z</time></trkpt><trkpt lat="37.65859603881836" lon="127.07199096679688"><ele>35.79999923706055</ele><time>2026-09-18T22:40:16Z</time></trkpt><trkpt lat="37.65857696533203" lon="127.07199096679688"><ele>35.599998474121094</ele><time>2026-09-18T22:40:17Z</time></trkpt><trkpt lat="37.658565521240234" lon="127.07199096679688"><ele>35.599998474121094</ele><time>2026-09-18T22:40:18Z</time></trkpt><trkpt lat="37.65854263305664" lon="127.07198333740234"><ele>35.599998474121094</ele><time>2026-09-18T22:40:19Z</time></trkpt><trkpt lat="37.65852737426758" lon="127.07199096679688"><ele>35.79999923706055</ele><time>2026-09-18T22:40:20Z</time></trkpt><trkpt lat="37.65850830078125" lon="127.07198333740234"><ele>35.79999923706055</ele><time>2026-09-18T22:40:21Z</time></trkpt><trkpt lat="37.65848922729492" lon="127.07198333740234"><ele>35.79999923706055</ele><time>2026-09-18T22:40:22Z</time></trkpt><trkpt lat="37.65847396850586" lon="127.07199096679688"><ele>35.79999923706055</ele><time>2026-09-18T22:40:23Z</time></trkpt><trkpt lat="37.658447265625" lon="127.07199096679688"><ele>35.79999923706055</ele><time>2026-09-18T22:40:24Z</time></trkpt><trkpt lat="37.65843200683594" lon="127.0719985961914"><ele>35.79999923706055</ele><time>2026-09-18T22:40:25Z</time></trkpt><trkpt lat="37.658409118652344" lon="127.07200622558594"><ele>35.79999923706055</ele><time>2026-09-18T22:40:26Z</time></trkpt><trkpt lat="37.658390045166016" lon="127.0719985961914"><ele>35.79999923706055</ele><time>2026-09-18T22:40:27Z</time></trkpt><trkpt lat="37.65837097167969" lon="127.0719985961914"><ele>35.79999923706055</ele><time>2026-09-18T22:40:28Z</time></trkpt><trkpt lat="37.658348083496094" lon="127.0719985961914"><ele>35.79999923706055</ele><time>2026-09-18T22:40:29Z</time></trkpt><trkpt lat="37.65833282470703" lon="127.0719985961914"><ele>35.79999923706055</ele><time>2026-09-18T22:40:30Z</time></trkpt><trkpt lat="37.65830612182617" lon="127.0719985961914"><ele>35.79999923706055</ele><time>2026-09-18T22:40:31Z</time></trkpt><trkpt lat="37.658287048339844" lon="127.0719985961914"><ele>35.79999923706055</ele><time>2026-09-18T22:40:32Z</time></trkpt><trkpt lat="37.658267974853516" lon="127.0719985961914"><ele>35.79999923706055</ele><time>2026-09-18T22:40:33Z</time></trkpt><trkpt lat="37.65824890136719" lon="127.0719985961914"><ele>35.79999923706055</ele><time>2026-09-18T22:40:34Z</time></trkpt><trkpt lat="37.658233642578125" lon="127.0719985961914"><ele>35.79999923706055</ele><time>2026-09-18T22:40:35Z</time></trkpt><trkpt lat="37.65821075439453" lon="127.0719985961914"><ele>35.79999923706055</ele><time>2026-09-18T22:40:36Z</time></trkpt><trkpt lat="37.65819549560547" lon="127.0719985961914"><ele>35.79999923706055</ele><time>2026-09-18T22:40:37Z</time></trkpt><trkpt lat="37.658172607421875" lon="127.07200622558594"><ele>35.79999923706055</ele><time>2026-09-18T22:40:38Z</time></trkpt><trkpt lat="37.65815734863281" lon="127.07200622558594"><ele>36.0</ele><time>2026-09-18T22:40:39Z</time></trkpt><trkpt lat="37.658138275146484" lon="127.07201385498047"><ele>36.0</ele><time>2026-09-18T22:40:40Z</time></trkpt><trkpt lat="37.65812301635742" lon="127.07201385498047"><ele>36.0</ele><time>2026-09-18T22:40:41Z</time></trkpt><trkpt lat="37.65810775756836" lon="127.072021484375"><ele>35.79999923706055</ele><time>2026-09-18T22:40:42Z</time></trkpt><trkpt lat="37.658084869384766" lon="127.07202911376953"><ele>35.79999923706055</ele><time>2026-09-18T22:40:43Z</time></trkpt><trkpt lat="37.6580696105957" lon="127.07203674316406"><ele>35.79999923706055</ele><time>2026-09-18T22:40:44Z</time></trkpt><trkpt lat="37.65804672241211" lon="127.07203674316406"><ele>35.79999923706055</ele><time>2026-09-18T22:40:45Z</time></trkpt><trkpt lat="37.65802764892578" lon="127.0720443725586"><ele>35.79999923706055</ele><time>2026-09-18T22:40:46Z</time></trkpt><trkpt lat="37.65800857543945" lon="127.07205200195312"><ele>35.79999923706055</ele><time>2026-09-18T22:40:47Z</time></trkpt><trkpt lat="37.657981872558594" lon="127.07205200195312"><ele>35.599998474121094</ele><time>2026-09-18T22:40:48Z</time></trkpt><trkpt lat="37.65796661376953" lon="127.07205963134766"><ele>35.599998474121094</ele><time>2026-09-18T22:40:49Z</time></trkpt><trkpt lat="37.65794372558594" lon="127.07205963134766"><ele>35.599998474121094</ele><time>2026-09-18T22:40:50Z</time></trkpt><trkpt lat="37.657928466796875" lon="127.07206726074219"><ele>35.400001525878906</ele><time>2026-09-18T22:40:51Z</time></trkpt><trkpt lat="37.65790557861328" lon="127.07205963134766"><ele>35.400001525878906</ele><time>2026-09-18T22:40:52Z</time></trkpt><trkpt lat="37.65788650512695" lon="127.07206726074219"><ele>35.400001525878906</ele><time>2026-09-18T22:40:53Z</time></trkpt><trkpt lat="37.65786361694336" lon="127.07207489013672"><ele>35.400001525878906</ele><time>2026-09-18T22:40:54Z</time></trkpt><trkpt lat="37.65784454345703" lon="127.07207489013672"><ele>35.400001525878906</ele><time>2026-09-18T22:40:55Z</time></trkpt><trkpt lat="37.6578254699707" lon="127.07208251953125"><ele>35.400001525878906</ele><time>2026-09-18T22:40:56Z</time></trkpt><trkpt lat="37.65780258178711" lon="127.07209014892578"><ele>35.599998474121094</ele><time>2026-09-18T22:40:57Z</time></trkpt><trkpt lat="37.657779693603516" lon="127.07209777832031"><ele>35.599998474121094</ele><time>2026-09-18T22:40:58Z</time></trkpt><trkpt lat="37.65775680541992" lon="127.07209777832031"><ele>35.599998474121094</ele><time>2026-09-18T22:40:59Z</time></trkpt><trkpt lat="37.65773391723633" lon="127.07210540771484"><ele>35.599998474121094</ele><time>2026-09-18T22:41:00Z</time></trkpt><trkpt lat="37.657711029052734" lon="127.07211303710938"><ele>35.599998474121094</ele><time>2026-09-18T22:41:01Z</time></trkpt><trkpt lat="37.657684326171875" lon="127.07211303710938"><ele>35.599998474121094</ele><time>2026-09-18T22:41:02Z</time></trkpt><trkpt lat="37.65766525268555" lon="127.0721206665039"><ele>35.599998474121094</ele><time>2026-09-18T22:41:03Z</time></trkpt><trkpt lat="37.65764236450195" lon="127.0721206665039"><ele>35.79999923706055</ele><time>2026-09-18T22:41:04Z</time></trkpt><trkpt lat="37.65762710571289" lon="127.0721206665039"><ele>35.79999923706055</ele><time>2026-09-18T22:41:05Z</time></trkpt><trkpt lat="37.6576042175293" lon="127.0721206665039"><ele>36.0</ele><time>2026-09-18T22:41:06Z</time></trkpt><trkpt lat="37.65758514404297" lon="127.0721206665039"><ele>36.0</ele><time>2026-09-18T22:41:07Z</time></trkpt><trkpt lat="37.657562255859375" lon="127.0721206665039"><ele>36.0</ele><time>2026-09-18T22:41:08Z</time></trkpt><trkpt lat="37.65754318237305" lon="127.07212829589844"><ele>36.0</ele><time>2026-09-18T22:41:09Z</time></trkpt><trkpt lat="37.65752029418945" lon="127.07213592529297"><ele>35.79999923706055</ele><time>2026-09-18T22:41:10Z</time></trkpt><trkpt lat="37.657493591308594" lon="127.0721435546875"><ele>35.79999923706055</ele><time>2026-09-18T22:41:11Z</time></trkpt><trkpt lat="37.65747833251953" lon="127.07215118408203"><ele>36.0</ele><time>2026-09-18T22:41:12Z</time></trkpt><trkpt lat="37.65745544433594" lon="127.07215118408203"><ele>36.0</ele><time>2026-09-18T22:41:13Z</time></trkpt><trkpt lat="37.657440185546875" lon="127.07215881347656"><ele>36.0</ele><time>2026-09-18T22:41:14Z</time></trkpt><trkpt lat="37.65741729736328" lon="127.07215881347656"><ele>36.0</ele><time>2026-09-18T22:41:15Z</time></trkpt><trkpt lat="37.65739822387695" lon="127.07215881347656"><ele>36.0</ele><time>2026-09-18T22:41:16Z</time></trkpt><trkpt lat="37.657379150390625" lon="127.0721664428711"><ele>35.79999923706055</ele><time>2026-09-18T22:41:17Z</time></trkpt><trkpt lat="37.6573600769043" lon="127.07217407226562"><ele>35.79999923706055</ele><time>2026-09-18T22:41:18Z</time></trkpt><trkpt lat="37.65734100341797" lon="127.07218170166016"><ele>35.79999923706055</ele><time>2026-09-18T22:41:19Z</time></trkpt><trkpt lat="37.657318115234375" lon="127.07218170166016"><ele>36.0</ele><time>2026-09-18T22:41:20Z</time></trkpt><trkpt lat="37.65729904174805" lon="127.07218933105469"><ele>36.0</ele><time>2026-09-18T22:41:21Z</time></trkpt><trkpt lat="37.65727615356445" lon="127.07219696044922"><ele>36.0</ele><time>2026-09-18T22:41:22Z</time></trkpt><trkpt lat="37.657249450683594" lon="127.07219696044922"><ele>36.20000076293945</ele><time>2026-09-18T22:41:23Z</time></trkpt><trkpt lat="37.6572380065918" lon="127.07220458984375"><ele>36.20000076293945</ele><time>2026-09-18T22:41:24Z</time></trkpt><trkpt lat="37.65721893310547" lon="127.07220458984375"><ele>36.20000076293945</ele><time>2026-09-18T22:41:25Z</time></trkpt><trkpt lat="37.657203674316406" lon="127.07221221923828"><ele>36.400001525878906</ele><time>2026-09-18T22:41:26Z</time></trkpt><trkpt lat="37.65719223022461" lon="127.07221221923828"><ele>36.400001525878906</ele><time>2026-09-18T22:41:27Z</time></trkpt><trkpt lat="37.657169342041016" lon="127.07221221923828"><ele>36.400001525878906</ele><time>2026-09-18T22:41:28Z</time></trkpt><trkpt lat="37.65715408325195" lon="127.07221221923828"><ele>36.400001525878906</ele><time>2026-09-18T22:41:29Z</time></trkpt><trkpt lat="37.65713119506836" lon="127.07221221923828"><ele>36.400001525878906</ele><time>2026-09-18T22:41:30Z</time></trkpt><trkpt lat="37.65711212158203" lon="127.07221984863281"><ele>36.400001525878906</ele><time>2026-09-18T22:41:31Z</time></trkpt><trkpt lat="37.6570930480957" lon="127.07221984863281"><ele>36.20000076293945</ele><time>2026-09-18T22:41:32Z</time></trkpt><trkpt lat="37.65707015991211" lon="127.07221984863281"><ele>36.20000076293945</ele><time>2026-09-18T22:41:33Z</time></trkpt><trkpt lat="37.65705108642578" lon="127.07222747802734"><ele>36.20000076293945</ele><time>2026-09-18T22:41:34Z</time></trkpt><trkpt lat="37.65702438354492" lon="127.07222747802734"><ele>36.20000076293945</ele><time>2026-09-18T22:41:35Z</time></trkpt><trkpt lat="37.65700912475586" lon="127.07222747802734"><ele>36.20000076293945</ele><time>2026-09-18T22:41:36Z</time></trkpt><trkpt lat="37.6569938659668" lon="127.07223510742188"><ele>36.20000076293945</ele><time>2026-09-18T22:41:37Z</time></trkpt><trkpt lat="37.656978607177734" lon="127.07223510742188"><ele>36.20000076293945</ele><time>2026-09-18T22:41:38Z</time></trkpt><trkpt lat="37.65696334838867" lon="127.0722427368164"><ele>36.20000076293945</ele><time>2026-09-18T22:41:39Z</time></trkpt><trkpt lat="37.656944274902344" lon="127.0722427368164"><ele>36.20000076293945</ele><time>2026-09-18T22:41:40Z</time></trkpt><trkpt lat="37.65692901611328" lon="127.07225036621094"><ele>36.0</ele><time>2026-09-18T22:41:41Z</time></trkpt><trkpt lat="37.65690994262695" lon="127.07225036621094"><ele>36.0</ele><time>2026-09-18T22:41:42Z</time></trkpt><trkpt lat="37.65689468383789" lon="127.07225799560547"><ele>36.0</ele><time>2026-09-18T22:41:43Z</time></trkpt><trkpt lat="37.65686798095703" lon="127.07225799560547"><ele>35.79999923706055</ele><time>2026-09-18T22:41:44Z</time></trkpt><trkpt lat="37.65685272216797" lon="127.072265625"><ele>35.79999923706055</ele><time>2026-09-18T22:41:45Z</time></trkpt><trkpt lat="37.656829833984375" lon="127.072265625"><ele>35.79999923706055</ele><time>2026-09-18T22:41:46Z</time></trkpt><trkpt lat="37.65680694580078" lon="127.07227325439453"><ele>35.79999923706055</ele><time>2026-09-18T22:41:47Z</time></trkpt><trkpt lat="37.65679168701172" lon="127.07228088378906"><ele>35.79999923706055</ele><time>2026-09-18T22:41:48Z</time></trkpt><trkpt lat="37.65676498413086" lon="127.07228088378906"><ele>35.79999923706055</ele><time>2026-09-18T22:41:49Z</time></trkpt><trkpt lat="37.6567497253418" lon="127.0722885131836"><ele>35.79999923706055</ele><time>2026-09-18T22:41:50Z</time></trkpt><trkpt lat="37.65673065185547" lon="127.0722885131836"><ele>35.79999923706055</ele><time>2026-09-18T22:41:51Z</time></trkpt><trkpt lat="37.656707763671875" lon="127.0722885131836"><ele>35.79999923706055</ele><time>2026-09-18T22:41:52Z</time></trkpt><trkpt lat="37.65668869018555" lon="127.0722885131836"><ele>35.79999923706055</ele><time>2026-09-18T22:41:53Z</time></trkpt><trkpt lat="37.65665817260742" lon="127.0722885131836"><ele>35.79999923706055</ele><time>2026-09-18T22:41:54Z</time></trkpt><trkpt lat="37.65664291381836" lon="127.0722885131836"><ele>35.79999923706055</ele><time>2026-09-18T22:41:55Z</time></trkpt><trkpt lat="37.656620025634766" lon="127.07229614257812"><ele>35.79999923706055</ele><time>2026-09-18T22:41:56Z</time></trkpt><trkpt lat="37.65660095214844" lon="127.0722885131836"><ele>35.79999923706055</ele><time>2026-09-18T22:41:57Z</time></trkpt><trkpt lat="37.65658187866211" lon="127.07229614257812"><ele>35.599998474121094</ele><time>2026-09-18T22:41:58Z</time></trkpt><trkpt lat="37.656558990478516" lon="127.07229614257812"><ele>35.79999923706055</ele><time>2026-09-18T22:41:59Z</time></trkpt><trkpt lat="37.65654373168945" lon="127.07230377197266"><ele>35.79999923706055</ele><time>2026-09-18T22:42:00Z</time></trkpt><trkpt lat="37.65652084350586" lon="127.07230377197266"><ele>35.79999923706055</ele><time>2026-09-18T22:42:01Z</time></trkpt><trkpt lat="37.65650177001953" lon="127.07230377197266"><ele>35.599998474121094</ele><time>2026-09-18T22:42:02Z</time></trkpt><trkpt lat="37.6564826965332" lon="127.07231140136719"><ele>35.599998474121094</ele><time>2026-09-18T22:42:03Z</time></trkpt><trkpt lat="37.65645980834961" lon="127.07230377197266"><ele>35.599998474121094</ele><time>2026-09-18T22:42:04Z</time></trkpt><trkpt lat="37.65644073486328" lon="127.07231140136719"><ele>35.79999923706055</ele><time>2026-09-18T22:42:05Z</time></trkpt><trkpt lat="37.65641403198242" lon="127.07231140136719"><ele>35.79999923706055</ele><time>2026-09-18T22:42:06Z</time></trkpt><trkpt lat="37.65639877319336" lon="127.07231140136719"><ele>35.79999923706055</ele><time>2026-09-18T22:42:07Z</time></trkpt><trkpt lat="37.65637969970703" lon="127.07231140136719"><ele>35.79999923706055</ele><time>2026-09-18T22:42:08Z</time></trkpt><trkpt lat="37.6563606262207" lon="127.07231140136719"><ele>35.79999923706055</ele><time>2026-09-18T22:42:09Z</time></trkpt><trkpt lat="37.65634536743164" lon="127.07231903076172"><ele>35.79999923706055</ele><time>2026-09-18T22:42:10Z</time></trkpt><trkpt lat="37.65632629394531" lon="127.07231903076172"><ele>35.79999923706055</ele><time>2026-09-18T22:42:11Z</time></trkpt><trkpt lat="37.656314849853516" lon="127.07231903076172"><ele>35.79999923706055</ele><time>2026-09-18T22:42:12Z</time></trkpt><trkpt lat="37.65629959106445" lon="127.07231903076172"><ele>35.79999923706055</ele><time>2026-09-18T22:42:13Z</time></trkpt><trkpt lat="37.656280517578125" lon="127.07231903076172"><ele>35.79999923706055</ele><time>2026-09-18T22:42:14Z</time></trkpt><trkpt lat="37.65626525878906" lon="127.07232666015625"><ele>35.79999923706055</ele><time>2026-09-18T22:42:15Z</time></trkpt><trkpt lat="37.65625" lon="127.07232666015625"><ele>35.79999923706055</ele><time>2026-09-18T22:42:16Z</time></trkpt><trkpt lat="37.65623092651367" lon="127.07232666015625"><ele>35.79999923706055</ele><time>2026-09-18T22:42:17Z</time></trkpt><trkpt lat="37.65621566772461" lon="127.07232666015625"><ele>35.79999923706055</ele><time>2026-09-18T22:42:18Z</time></trkpt><trkpt lat="37.65619659423828" lon="127.07233428955078"><ele>35.79999923706055</ele><time>2026-09-18T22:42:19Z</time></trkpt><trkpt lat="37.65617370605469" lon="127.07233428955078"><ele>35.79999923706055</ele><time>2026-09-18T22:42:20Z</time></trkpt><trkpt lat="37.65615463256836" lon="127.07233428955078"><ele>35.599998474121094</ele><time>2026-09-18T22:42:21Z</time></trkpt><trkpt lat="37.65613555908203" lon="127.07233428955078"><ele>35.599998474121094</ele><time>2026-09-18T22:42:22Z</time></trkpt><trkpt lat="37.65611267089844" lon="127.07233428955078"><ele>35.599998474121094</ele><time>2026-09-18T22:42:23Z</time></trkpt><trkpt lat="37.656097412109375" lon="127.07233428955078"><ele>35.599998474121094</ele><time>2026-09-18T22:42:24Z</time></trkpt><trkpt lat="37.65607452392578" lon="127.07234191894531"><ele>35.599998474121094</ele><time>2026-09-18T22:42:25Z</time></trkpt><trkpt lat="37.65605926513672" lon="127.07234191894531"><ele>35.599998474121094</ele><time>2026-09-18T22:42:26Z</time></trkpt><trkpt lat="37.65604019165039" lon="127.07234191894531"><ele>35.599998474121094</ele><time>2026-09-18T22:42:27Z</time></trkpt><trkpt lat="37.65602111816406" lon="127.07234191894531"><ele>35.599998474121094</ele><time>2026-09-18T22:42:28Z</time></trkpt><trkpt lat="37.656005859375" lon="127.07234191894531"><ele>35.599998474121094</ele><time>2026-09-18T22:42:29Z</time></trkpt><trkpt lat="37.65598678588867" lon="127.07234191894531"><ele>35.599998474121094</ele><time>2026-09-18T22:42:30Z</time></trkpt><trkpt lat="37.65597152709961" lon="127.07234191894531"><ele>35.599998474121094</ele><time>2026-09-18T22:42:31Z</time></trkpt><trkpt lat="37.65595245361328" lon="127.07234191894531"><ele>35.599998474121094</ele><time>2026-09-18T22:42:32Z</time></trkpt><trkpt lat="37.65592956542969" lon="127.07234191894531"><ele>35.599998474121094</ele><time>2026-09-18T22:42:33Z</time></trkpt><trkpt lat="37.65591812133789" lon="127.07234191894531"><ele>35.599998474121094</ele><time>2026-09-18T22:42:34Z</time></trkpt><trkpt lat="37.65590286254883" lon="127.07233428955078"><ele>35.79999923706055</ele><time>2026-09-18T22:42:35Z</time></trkpt><trkpt lat="37.655887603759766" lon="127.07233428955078"><ele>35.79999923706055</ele><time>2026-09-18T22:42:36Z</time></trkpt><trkpt lat="37.6558723449707" lon="127.07233428955078"><ele>35.79999923706055</ele><time>2026-09-18T22:42:37Z</time></trkpt><trkpt lat="37.65585708618164" lon="127.07233428955078"><ele>35.79999923706055</ele><time>2026-09-18T22:42:38Z</time></trkpt><trkpt lat="37.655845642089844" lon="127.07233428955078"><ele>35.79999923706055</ele><time>2026-09-18T22:42:39Z</time></trkpt><trkpt lat="37.65583038330078" lon="127.07233428955078"><ele>35.79999923706055</ele><time>2026-09-18T22:42:40Z</time></trkpt><trkpt lat="37.655818939208984" lon="127.07232666015625"><ele>35.79999923706055</ele><time>2026-09-18T22:42:41Z</time></trkpt><trkpt lat="37.655799865722656" lon="127.07232666015625"><ele>35.79999923706055</ele><time>2026-09-18T22:42:42Z</time></trkpt><trkpt lat="37.65578079223633" lon="127.07232666015625"><ele>35.79999923706055</ele><time>2026-09-18T22:42:43Z</time></trkpt><trkpt lat="37.655765533447266" lon="127.07232666015625"><ele>35.79999923706055</ele><time>2026-09-18T22:42:44Z</time></trkpt><trkpt lat="37.65574264526367" lon="127.07231903076172"><ele>35.79999923706055</ele><time>2026-09-18T22:42:45Z</time></trkpt><trkpt lat="37.65572738647461" lon="127.07231140136719"><ele>35.599998474121094</ele><time>2026-09-18T22:42:46Z</time></trkpt><trkpt lat="37.65570068359375" lon="127.07231140136719"><ele>35.599998474121094</ele><time>2026-09-18T22:42:47Z</time></trkpt><trkpt lat="37.655677795410156" lon="127.07230377197266"><ele>35.400001525878906</ele><time>2026-09-18T22:42:48Z</time></trkpt><trkpt lat="37.65565872192383" lon="127.07230377197266"><ele>35.400001525878906</ele><time>2026-09-18T22:42:49Z</time></trkpt><trkpt lat="37.65563201904297" lon="127.07231140136719"><ele>35.400001525878906</ele><time>2026-09-18T22:42:50Z</time></trkpt><trkpt lat="37.65561294555664" lon="127.07230377197266"><ele>35.400001525878906</ele><time>2026-09-18T22:42:51Z</time></trkpt><trkpt lat="37.65558624267578" lon="127.07231140136719"><ele>35.400001525878906</ele><time>2026-09-18T22:42:52Z</time></trkpt><trkpt lat="37.65556716918945" lon="127.07231140136719"><ele>35.400001525878906</ele><time>2026-09-18T22:42:53Z</time></trkpt><trkpt lat="37.65554428100586" lon="127.07230377197266"><ele>35.400001525878906</ele><time>2026-09-18T22:42:54Z</time></trkpt><trkpt lat="37.655517578125" lon="127.07231140136719"><ele>35.400001525878906</ele><time>2026-09-18T22:42:55Z</time></trkpt><trkpt lat="37.65549850463867" lon="127.07231140136719"><ele>35.400001525878906</ele><time>2026-09-18T22:42:56Z</time></trkpt><trkpt lat="37.65547180175781" lon="127.07231140136719"><ele>35.400001525878906</ele><time>2026-09-18T22:42:57Z</time></trkpt><trkpt lat="37.655452728271484" lon="127.07230377197266"><ele>35.400001525878906</ele><time>2026-09-18T22:42:58Z</time></trkpt><trkpt lat="37.655433654785156" lon="127.07231140136719"><ele>35.400001525878906</ele><time>2026-09-18T22:42:59Z</time></trkpt><trkpt lat="37.65541458129883" lon="127.07231140136719"><ele>35.400001525878906</ele><time>2026-09-18T22:43:00Z</time></trkpt><trkpt lat="37.65540313720703" lon="127.07231140136719"><ele>35.599998474121094</ele><time>2026-09-18T22:43:01Z</time></trkpt><trkpt lat="37.6553840637207" lon="127.07231903076172"><ele>35.599998474121094</ele><time>2026-09-18T22:43:02Z</time></trkpt><trkpt lat="37.65536880493164" lon="127.07231903076172"><ele>35.400001525878906</ele><time>2026-09-18T22:43:03Z</time></trkpt><trkpt lat="37.65534591674805" lon="127.07232666015625"><ele>35.400001525878906</ele><time>2026-09-18T22:43:04Z</time></trkpt><trkpt lat="37.655330657958984" lon="127.07232666015625"><ele>35.400001525878906</ele><time>2026-09-18T22:43:05Z</time></trkpt><trkpt lat="37.65530776977539" lon="127.07232666015625"><ele>35.400001525878906</ele><time>2026-09-18T22:43:06Z</time></trkpt><trkpt lat="37.65528869628906" lon="127.07232666015625"><ele>35.400001525878906</ele><time>2026-09-18T22:43:07Z</time></trkpt><trkpt lat="37.655269622802734" lon="127.07232666015625"><ele>35.20000076293945</ele><time>2026-09-18T22:43:08Z</time></trkpt><trkpt lat="37.655242919921875" lon="127.07231903076172"><ele>35.20000076293945</ele><time>2026-09-18T22:43:09Z</time></trkpt><trkpt lat="37.65522766113281" lon="127.07232666015625"><ele>35.20000076293945</ele><time>2026-09-18T22:43:10Z</time></trkpt><trkpt lat="37.655208587646484" lon="127.07231903076172"><ele>35.0</ele><time>2026-09-18T22:43:11Z</time></trkpt><trkpt lat="37.655189514160156" lon="127.07232666015625"><ele>35.0</ele><time>2026-09-18T22:43:12Z</time></trkpt><trkpt lat="37.65517044067383" lon="127.07232666015625"><ele>35.0</ele><time>2026-09-18T22:43:13Z</time></trkpt><trkpt lat="37.6551513671875" lon="127.07232666015625"><ele>35.20000076293945</ele><time>2026-09-18T22:43:14Z</time></trkpt><trkpt lat="37.65513229370117" lon="127.07233428955078"><ele>35.20000076293945</ele><time>2026-09-18T22:43:15Z</time></trkpt><trkpt lat="37.65511703491211" lon="127.07233428955078"><ele>35.400001525878906</ele><time>2026-09-18T22:43:16Z</time></trkpt><trkpt lat="37.65510177612305" lon="127.07233428955078"><ele>35.400001525878906</ele><time>2026-09-18T22:43:17Z</time></trkpt><trkpt lat="37.65509796142578" lon="127.07232666015625"><ele>35.400001525878906</ele><time>2026-09-18T22:43:18Z</time></trkpt><trkpt lat="37.65507888793945" lon="127.07231903076172"><ele>35.400001525878906</ele><time>2026-09-18T22:43:19Z</time></trkpt><trkpt lat="37.655067443847656" lon="127.07231903076172"><ele>35.400001525878906</ele><time>2026-09-18T22:43:20Z</time></trkpt><trkpt lat="37.65504837036133" lon="127.07231140136719"><ele>35.599998474121094</ele><time>2026-09-18T22:43:21Z</time></trkpt><trkpt lat="37.655025482177734" lon="127.07231140136719"><ele>35.599998474121094</ele><time>2026-09-18T22:43:22Z</time></trkpt><trkpt lat="37.65501022338867" lon="127.07230377197266"><ele>35.79999923706055</ele><time>2026-09-18T22:43:23Z</time></trkpt><trkpt lat="37.654991149902344" lon="127.07229614257812"><ele>35.79999923706055</ele><time>2026-09-18T22:43:24Z</time></trkpt><trkpt lat="37.65497589111328" lon="127.07229614257812"><ele>36.0</ele><time>2026-09-18T22:43:25Z</time></trkpt><trkpt lat="37.65495681762695" lon="127.07229614257812"><ele>35.79999923706055</ele><time>2026-09-18T22:43:26Z</time></trkpt><trkpt lat="37.654930114746094" lon="127.07228088378906"><ele>35.79999923706055</ele><time>2026-09-18T22:43:27Z</time></trkpt><trkpt lat="37.65491485595703" lon="127.07227325439453"><ele>35.79999923706055</ele><time>2026-09-18T22:43:28Z</time></trkpt><trkpt lat="37.65489196777344" lon="127.072265625"><ele>35.79999923706055</ele><time>2026-09-18T22:43:29Z</time></trkpt><trkpt lat="37.65487289428711" lon="127.07225799560547"><ele>35.79999923706055</ele><time>2026-09-18T22:43:30Z</time></trkpt><trkpt lat="37.65485382080078" lon="127.07225799560547"><ele>35.79999923706055</ele><time>2026-09-18T22:43:31Z</time></trkpt><trkpt lat="37.65483093261719" lon="127.07225036621094"><ele>35.599998474121094</ele><time>2026-09-18T22:43:32Z</time></trkpt><trkpt lat="37.654815673828125" lon="127.07225036621094"><ele>35.599998474121094</ele><time>2026-09-18T22:43:33Z</time></trkpt><trkpt lat="37.65479278564453" lon="127.0722427368164"><ele>35.599998474121094</ele><time>2026-09-18T22:43:34Z</time></trkpt><trkpt lat="37.6547737121582" lon="127.07223510742188"><ele>35.599998474121094</ele><time>2026-09-18T22:43:35Z</time></trkpt><trkpt lat="37.654754638671875" lon="127.07223510742188"><ele>35.599998474121094</ele><time>2026-09-18T22:43:36Z</time></trkpt><trkpt lat="37.65473175048828" lon="127.07223510742188"><ele>35.599998474121094</ele><time>2026-09-18T22:43:37Z</time></trkpt><trkpt lat="37.654720306396484" lon="127.07223510742188"><ele>35.599998474121094</ele><time>2026-09-18T22:43:38Z</time></trkpt><trkpt lat="37.654693603515625" lon="127.07223510742188"><ele>35.599998474121094</ele><time>2026-09-18T22:43:39Z</time></trkpt><trkpt lat="37.65467834472656" lon="127.07223510742188"><ele>35.599998474121094</ele><time>2026-09-18T22:43:40Z</time></trkpt><trkpt lat="37.654659271240234" lon="127.07222747802734"><ele>35.599998474121094</ele><time>2026-09-18T22:43:41Z</time></trkpt><trkpt lat="37.654632568359375" lon="127.07221984863281"><ele>35.599998474121094</ele><time>2026-09-18T22:43:42Z</time></trkpt><trkpt lat="37.65461730957031" lon="127.07221984863281"><ele>35.599998474121094</ele><time>2026-09-18T22:43:43Z</time></trkpt><trkpt lat="37.65459442138672" lon="127.07221984863281"><ele>35.599998474121094</ele><time>2026-09-18T22:43:44Z</time></trkpt><trkpt lat="37.654579162597656" lon="127.07221984863281"><ele>35.400001525878906</ele><time>2026-09-18T22:43:45Z</time></trkpt><trkpt lat="37.65456008911133" lon="127.07221984863281"><ele>35.400001525878906</ele><time>2026-09-18T22:43:46Z</time></trkpt><trkpt lat="37.654537200927734" lon="127.07221221923828"><ele>35.400001525878906</ele><time>2026-09-18T22:43:47Z</time></trkpt><trkpt lat="37.65452194213867" lon="127.07221221923828"><ele>35.400001525878906</ele><time>2026-09-18T22:43:48Z</time></trkpt><trkpt lat="37.654502868652344" lon="127.07221221923828"><ele>35.400001525878906</ele><time>2026-09-18T22:43:49Z</time></trkpt><trkpt lat="37.65448760986328" lon="127.07221221923828"><ele>35.400001525878906</ele><time>2026-09-18T22:43:50Z</time></trkpt><trkpt lat="37.65446853637695" lon="127.07220458984375"><ele>35.400001525878906</ele><time>2026-09-18T22:43:51Z</time></trkpt><trkpt lat="37.65444564819336" lon="127.07220458984375"><ele>35.400001525878906</ele><time>2026-09-18T22:43:52Z</time></trkpt><trkpt lat="37.65442657470703" lon="127.07220458984375"><ele>35.400001525878906</ele><time>2026-09-18T22:43:53Z</time></trkpt><trkpt lat="37.65441131591797" lon="127.07220458984375"><ele>35.400001525878906</ele><time>2026-09-18T22:43:54Z</time></trkpt><trkpt lat="37.65439224243164" lon="127.07219696044922"><ele>35.400001525878906</ele><time>2026-09-18T22:43:55Z</time></trkpt><trkpt lat="37.65437316894531" lon="127.07218933105469"><ele>35.400001525878906</ele><time>2026-09-18T22:43:56Z</time></trkpt><trkpt lat="37.65434646606445" lon="127.07218170166016"><ele>35.20000076293945</ele><time>2026-09-18T22:43:57Z</time></trkpt><trkpt lat="37.65433120727539" lon="127.07218170166016"><ele>35.20000076293945</ele><time>2026-09-18T22:43:58Z</time></trkpt><trkpt lat="37.65431213378906" lon="127.07217407226562"><ele>35.0</ele><time>2026-09-18T22:43:59Z</time></trkpt><trkpt lat="37.654296875" lon="127.07215881347656"><ele>35.0</ele><time>2026-09-18T22:44:00Z</time></trkpt><trkpt lat="37.65428161621094" lon="127.07215881347656"><ele>34.79999923706055</ele><time>2026-09-18T22:44:01Z</time></trkpt><trkpt lat="37.65426254272461" lon="127.0721435546875"><ele>34.79999923706055</ele><time>2026-09-18T22:44:02Z</time></trkpt><trkpt lat="37.65425109863281" lon="127.07213592529297"><ele>34.79999923706055</ele><time>2026-09-18T22:44:03Z</time></trkpt><trkpt lat="37.65422821044922" lon="127.0721206665039"><ele>34.599998474121094</ele><time>2026-09-18T22:44:04Z</time></trkpt><trkpt lat="37.65420913696289" lon="127.07211303710938"><ele>34.599998474121094</ele><time>2026-09-18T22:44:05Z</time></trkpt><trkpt lat="37.6541862487793" lon="127.07210540771484"><ele>34.400001525878906</ele><time>2026-09-18T22:44:06Z</time></trkpt><trkpt lat="37.65416717529297" lon="127.07209777832031"><ele>34.400001525878906</ele><time>2026-09-18T22:44:07Z</time></trkpt><trkpt lat="37.654151916503906" lon="127.07209014892578"><ele>34.400001525878906</ele><time>2026-09-18T22:44:08Z</time></trkpt><trkpt lat="37.65413284301758" lon="127.07208251953125"><ele>34.400001525878906</ele><time>2026-09-18T22:44:09Z</time></trkpt><trkpt lat="37.654117584228516" lon="127.07208251953125"><ele>34.400001525878906</ele><time>2026-09-18T22:44:10Z</time></trkpt><trkpt lat="37.65409851074219" lon="127.07207489013672"><ele>34.400001525878906</ele><time>2026-09-18T22:44:11Z</time></trkpt><trkpt lat="37.654083251953125" lon="127.07206726074219"><ele>34.599998474121094</ele><time>2026-09-18T22:44:12Z</time></trkpt><trkpt lat="37.6540641784668" lon="127.07206726074219"><ele>34.599998474121094</ele><time>2026-09-18T22:44:13Z</time></trkpt><trkpt lat="37.65404510498047" lon="127.0720443725586"><ele>34.599998474121094</ele><time>2026-09-18T22:44:14Z</time></trkpt><trkpt lat="37.654029846191406" lon="127.07203674316406"><ele>34.599998474121094</ele><time>2026-09-18T22:44:15Z</time></trkpt><trkpt lat="37.65400695800781" lon="127.07202911376953"><ele>34.599998474121094</ele><time>2026-09-18T22:44:16Z</time></trkpt><trkpt lat="37.653987884521484" lon="127.072021484375"><ele>34.599998474121094</ele><time>2026-09-18T22:44:17Z</time></trkpt><trkpt lat="37.653968811035156" lon="127.072021484375"><ele>34.599998474121094</ele><time>2026-09-18T22:44:18Z</time></trkpt><trkpt lat="37.6539421081543" lon="127.07200622558594"><ele>34.599998474121094</ele><time>2026-09-18T22:44:19Z</time></trkpt><trkpt lat="37.65392303466797" lon="127.0719985961914"><ele>34.79999923706055</ele><time>2026-09-18T22:44:20Z</time></trkpt><trkpt lat="37.653900146484375" lon="127.07199096679688"><ele>34.79999923706055</ele><time>2026-09-18T22:44:21Z</time></trkpt><trkpt lat="37.65386962890625" lon="127.07199096679688"><ele>34.79999923706055</ele><time>2026-09-18T22:44:22Z</time></trkpt><trkpt lat="37.65385055541992" lon="127.07198333740234"><ele>34.79999923706055</ele><time>2026-09-18T22:44:23Z</time></trkpt><trkpt lat="37.65382766723633" lon="127.07197570800781"><ele>34.79999923706055</ele><time>2026-09-18T22:44:24Z</time></trkpt><trkpt lat="37.653812408447266" lon="127.07196807861328"><ele>34.79999923706055</ele><time>2026-09-18T22:44:25Z</time></trkpt><trkpt lat="37.65379333496094" lon="127.07196044921875"><ele>34.79999923706055</ele><time>2026-09-18T22:44:26Z</time></trkpt><trkpt lat="37.65377426147461" lon="127.07195281982422"><ele>34.79999923706055</ele><time>2026-09-18T22:44:27Z</time></trkpt><trkpt lat="37.65375518798828" lon="127.07194519042969"><ele>35.0</ele><time>2026-09-18T22:44:28Z</time></trkpt><trkpt lat="37.65373611450195" lon="127.07193756103516"><ele>35.0</ele><time>2026-09-18T22:44:29Z</time></trkpt><trkpt lat="37.653717041015625" lon="127.07192993164062"><ele>35.0</ele><time>2026-09-18T22:44:30Z</time></trkpt><trkpt lat="37.65370178222656" lon="127.0719223022461"><ele>34.79999923706055</ele><time>2026-09-18T22:44:31Z</time></trkpt><trkpt lat="37.65367889404297" lon="127.07191467285156"><ele>34.79999923706055</ele><time>2026-09-18T22:44:32Z</time></trkpt><trkpt lat="37.65365982055664" lon="127.07191467285156"><ele>34.79999923706055</ele><time>2026-09-18T22:44:33Z</time></trkpt><trkpt lat="37.65364456176758" lon="127.07191467285156"><ele>35.0</ele><time>2026-09-18T22:44:34Z</time></trkpt><trkpt lat="37.65362548828125" lon="127.07191467285156"><ele>35.0</ele><time>2026-09-18T22:44:35Z</time></trkpt><trkpt lat="37.65361022949219" lon="127.07190704345703"><ele>35.0</ele><time>2026-09-18T22:44:36Z</time></trkpt><trkpt lat="37.65359115600586" lon="127.07189178466797"><ele>35.0</ele><time>2026-09-18T22:44:37Z</time></trkpt><trkpt lat="37.65357208251953" lon="127.07188415527344"><ele>34.79999923706055</ele><time>2026-09-18T22:44:38Z</time></trkpt><trkpt lat="37.65354919433594" lon="127.07188415527344"><ele>34.79999923706055</ele><time>2026-09-18T22:44:39Z</time></trkpt><trkpt lat="37.653526306152344" lon="127.0718765258789"><ele>34.79999923706055</ele><time>2026-09-18T22:44:40Z</time></trkpt><trkpt lat="37.65350341796875" lon="127.07186889648438"><ele>34.79999923706055</ele><time>2026-09-18T22:44:41Z</time></trkpt><trkpt lat="37.653480529785156" lon="127.07185363769531"><ele>34.599998474121094</ele><time>2026-09-18T22:44:42Z</time></trkpt><trkpt lat="37.653465270996094" lon="127.07185363769531"><ele>34.599998474121094</ele><time>2026-09-18T22:44:43Z</time></trkpt><trkpt lat="37.6534423828125" lon="127.07184600830078"><ele>34.599998474121094</ele><time>2026-09-18T22:44:44Z</time></trkpt><trkpt lat="37.65342712402344" lon="127.07183837890625"><ele>34.599998474121094</ele><time>2026-09-18T22:44:45Z</time></trkpt><trkpt lat="37.65340805053711" lon="127.07183074951172"><ele>34.599998474121094</ele><time>2026-09-18T22:44:46Z</time></trkpt><trkpt lat="37.653385162353516" lon="127.07181549072266"><ele>34.599998474121094</ele><time>2026-09-18T22:44:47Z</time></trkpt><trkpt lat="37.65337371826172" lon="127.07180786132812"><ele>34.599998474121094</ele><time>2026-09-18T22:44:48Z</time></trkpt><trkpt lat="37.653358459472656" lon="127.07179260253906"><ele>34.599998474121094</ele><time>2026-09-18T22:44:49Z</time></trkpt><trkpt lat="37.65334701538086" lon="127.07179260253906"><ele>34.599998474121094</ele><time>2026-09-18T22:44:50Z</time></trkpt><trkpt lat="37.6533317565918" lon="127.07177734375"><ele>34.599998474121094</ele><time>2026-09-18T22:44:51Z</time></trkpt><trkpt lat="37.65331268310547" lon="127.07176971435547"><ele>34.599998474121094</ele><time>2026-09-18T22:44:52Z</time></trkpt><trkpt lat="37.653289794921875" lon="127.0717544555664"><ele>34.599998474121094</ele><time>2026-09-18T22:44:53Z</time></trkpt><trkpt lat="37.65327453613281" lon="127.07174682617188"><ele>34.400001525878906</ele><time>2026-09-18T22:44:54Z</time></trkpt><trkpt lat="37.653263092041016" lon="127.07173156738281"><ele>34.400001525878906</ele><time>2026-09-18T22:44:55Z</time></trkpt><trkpt lat="37.65323257446289" lon="127.07171630859375"><ele>34.400001525878906</ele><time>2026-09-18T22:44:56Z</time></trkpt><trkpt lat="37.6532096862793" lon="127.07170104980469"><ele>34.400001525878906</ele><time>2026-09-18T22:44:57Z</time></trkpt><trkpt lat="37.653194427490234" lon="127.07169342041016"><ele>34.400001525878906</ele><time>2026-09-18T22:44:58Z</time></trkpt><trkpt lat="37.653175354003906" lon="127.0716781616211"><ele>34.400001525878906</ele><time>2026-09-18T22:44:59Z</time></trkpt><trkpt lat="37.65316390991211" lon="127.07166290283203"><ele>34.400001525878906</ele><time>2026-09-18T22:45:00Z</time></trkpt><trkpt lat="37.65314865112305" lon="127.0716552734375"><ele>34.400001525878906</ele><time>2026-09-18T22:45:01Z</time></trkpt><trkpt lat="37.65312576293945" lon="127.0716323852539"><ele>34.400001525878906</ele><time>2026-09-18T22:45:02Z</time></trkpt><trkpt lat="37.65311050415039" lon="127.07161712646484"><ele>34.400001525878906</ele><time>2026-09-18T22:45:03Z</time></trkpt><trkpt lat="37.65309524536133" lon="127.07159423828125"><ele>34.400001525878906</ele><time>2026-09-18T22:45:04Z</time></trkpt><trkpt lat="37.65308380126953" lon="127.07157897949219"><ele>34.400001525878906</ele><time>2026-09-18T22:45:05Z</time></trkpt><trkpt lat="37.65306854248047" lon="127.07156372070312"><ele>34.400001525878906</ele><time>2026-09-18T22:45:06Z</time></trkpt><trkpt lat="37.653053283691406" lon="127.07154846191406"><ele>34.400001525878906</ele><time>2026-09-18T22:45:07Z</time></trkpt><trkpt lat="37.65304183959961" lon="127.07152557373047"><ele>34.400001525878906</ele><time>2026-09-18T22:45:08Z</time></trkpt><trkpt lat="37.65302658081055" lon="127.0715103149414"><ele>34.400001525878906</ele><time>2026-09-18T22:45:09Z</time></trkpt><trkpt lat="37.653018951416016" lon="127.07149505615234"><ele>34.599998474121094</ele><time>2026-09-18T22:45:10Z</time></trkpt><trkpt lat="37.65300369262695" lon="127.07147979736328"><ele>34.599998474121094</ele><time>2026-09-18T22:45:11Z</time></trkpt><trkpt lat="37.65299606323242" lon="127.07145690917969"><ele>34.599998474121094</ele><time>2026-09-18T22:45:12Z</time></trkpt><trkpt lat="37.652984619140625" lon="127.07144165039062"><ele>34.400001525878906</ele><time>2026-09-18T22:45:13Z</time></trkpt><trkpt lat="37.65296936035156" lon="127.07142639160156"><ele>34.400001525878906</ele><time>2026-09-18T22:45:14Z</time></trkpt><trkpt lat="37.65297317504883" lon="127.0714111328125"><ele>34.400001525878906</ele><time>2026-09-18T22:45:15Z</time></trkpt><trkpt lat="37.6529655456543" lon="127.0713882446289"><ele>34.400001525878906</ele><time>2026-09-18T22:45:16Z</time></trkpt><trkpt lat="37.652950286865234" lon="127.07137298583984"><ele>34.400001525878906</ele><time>2026-09-18T22:45:17Z</time></trkpt><trkpt lat="37.65293884277344" lon="127.07135772705078"><ele>34.400001525878906</ele><time>2026-09-18T22:45:18Z</time></trkpt><trkpt lat="37.65291976928711" lon="127.07134246826172"><ele>34.400001525878906</ele><time>2026-09-18T22:45:19Z</time></trkpt><trkpt lat="37.65290451049805" lon="127.07132720947266"><ele>34.400001525878906</ele><time>2026-09-18T22:45:20Z</time></trkpt><trkpt lat="37.652889251708984" lon="127.07131958007812"><ele>34.20000076293945</ele><time>2026-09-18T22:45:21Z</time></trkpt><trkpt lat="37.652870178222656" lon="127.07130432128906"><ele>34.20000076293945</ele><time>2026-09-18T22:45:22Z</time></trkpt><trkpt lat="37.65285110473633" lon="127.07129669189453"><ele>34.20000076293945</ele><time>2026-09-18T22:45:23Z</time></trkpt><trkpt lat="37.652835845947266" lon="127.07128143310547"><ele>34.20000076293945</ele><time>2026-09-18T22:45:24Z</time></trkpt><trkpt lat="37.6528205871582" lon="127.0712661743164"><ele>34.20000076293945</ele><time>2026-09-18T22:45:25Z</time></trkpt><trkpt lat="37.652809143066406" lon="127.07125854492188"><ele>34.20000076293945</ele><time>2026-09-18T22:45:26Z</time></trkpt><trkpt lat="37.65278625488281" lon="127.07124328613281"><ele>34.0</ele><time>2026-09-18T22:45:27Z</time></trkpt><trkpt lat="37.652774810791016" lon="127.07123565673828"><ele>34.0</ele><time>2026-09-18T22:45:28Z</time></trkpt><trkpt lat="37.65275955200195" lon="127.07122039794922"><ele>34.0</ele><time>2026-09-18T22:45:29Z</time></trkpt><trkpt lat="37.65275192260742" lon="127.07120513916016"><ele>34.0</ele><time>2026-09-18T22:45:30Z</time></trkpt><trkpt lat="37.65273666381836" lon="127.07119750976562"><ele>34.0</ele><time>2026-09-18T22:45:31Z</time></trkpt><trkpt lat="37.65271759033203" lon="127.0711898803711"><ele>34.0</ele><time>2026-09-18T22:45:32Z</time></trkpt><trkpt lat="37.652706146240234" lon="127.07117462158203"><ele>33.79999923706055</ele><time>2026-09-18T22:45:33Z</time></trkpt><trkpt lat="37.65269088745117" lon="127.0711669921875"><ele>33.79999923706055</ele><time>2026-09-18T22:45:34Z</time></trkpt><trkpt lat="37.652671813964844" lon="127.07115936279297"><ele>33.79999923706055</ele><time>2026-09-18T22:45:35Z</time></trkpt><trkpt lat="37.65265655517578" lon="127.0711441040039"><ele>33.79999923706055</ele><time>2026-09-18T22:45:36Z</time></trkpt><trkpt lat="37.65263748168945" lon="127.07112884521484"><ele>33.79999923706055</ele><time>2026-09-18T22:45:37Z</time></trkpt><trkpt lat="37.65262222290039" lon="127.07111358642578"><ele>33.79999923706055</ele><time>2026-09-18T22:45:38Z</time></trkpt><trkpt lat="37.6525993347168" lon="127.07109832763672"><ele>33.79999923706055</ele><time>2026-09-18T22:45:39Z</time></trkpt><trkpt lat="37.6525764465332" lon="127.07108306884766"><ele>33.79999923706055</ele><time>2026-09-18T22:45:40Z</time></trkpt><trkpt lat="37.65256118774414" lon="127.0710678100586"><ele>33.79999923706055</ele><time>2026-09-18T22:45:41Z</time></trkpt><trkpt lat="37.65254592895508" lon="127.07106018066406"><ele>33.79999923706055</ele><time>2026-09-18T22:45:42Z</time></trkpt><trkpt lat="37.65253448486328" lon="127.07103729248047"><ele>33.79999923706055</ele><time>2026-09-18T22:45:43Z</time></trkpt><trkpt lat="37.65251922607422" lon="127.07102966308594"><ele>33.79999923706055</ele><time>2026-09-18T22:45:44Z</time></trkpt><trkpt lat="37.65250778198242" lon="127.07101440429688"><ele>34.0</ele><time>2026-09-18T22:45:45Z</time></trkpt><trkpt lat="37.652488708496094" lon="127.07099914550781"><ele>34.0</ele><time>2026-09-18T22:45:46Z</time></trkpt><trkpt lat="37.6524772644043" lon="127.07098388671875"><ele>34.20000076293945</ele><time>2026-09-18T22:45:47Z</time></trkpt><trkpt lat="37.65245819091797" lon="127.07096862792969"><ele>34.20000076293945</ele><time>2026-09-18T22:45:48Z</time></trkpt><trkpt lat="37.65244674682617" lon="127.07096099853516"><ele>34.20000076293945</ele><time>2026-09-18T22:45:49Z</time></trkpt><trkpt lat="37.652427673339844" lon="127.07093811035156"><ele>34.20000076293945</ele><time>2026-09-18T22:45:50Z</time></trkpt><trkpt lat="37.652408599853516" lon="127.0709228515625"><ele>34.20000076293945</ele><time>2026-09-18T22:45:51Z</time></trkpt><trkpt lat="37.65239334106445" lon="127.07091522216797"><ele>34.20000076293945</ele><time>2026-09-18T22:45:52Z</time></trkpt><trkpt lat="37.65237045288086" lon="127.0708999633789"><ele>34.20000076293945</ele><time>2026-09-18T22:45:53Z</time></trkpt><trkpt lat="37.6523551940918" lon="127.07088470458984"><ele>34.20000076293945</ele><time>2026-09-18T22:45:54Z</time></trkpt><trkpt lat="37.6523323059082" lon="127.07086181640625"><ele>34.20000076293945</ele><time>2026-09-18T22:45:55Z</time></trkpt><trkpt lat="37.65231704711914" lon="127.07085418701172"><ele>34.20000076293945</ele><time>2026-09-18T22:45:56Z</time></trkpt><trkpt lat="37.65229034423828" lon="127.07083129882812"><ele>34.20000076293945</ele><time>2026-09-18T22:45:57Z</time></trkpt><trkpt lat="37.65227508544922" lon="127.0708236694336"><ele>34.20000076293945</ele><time>2026-09-18T22:45:58Z</time></trkpt><trkpt lat="37.652252197265625" lon="127.07080841064453"><ele>34.20000076293945</ele><time>2026-09-18T22:45:59Z</time></trkpt><trkpt lat="37.6522331237793" lon="127.07079315185547"><ele>34.20000076293945</ele><time>2026-09-18T22:46:00Z</time></trkpt><trkpt lat="37.65221405029297" lon="127.0707778930664"><ele>34.20000076293945</ele><time>2026-09-18T22:46:01Z</time></trkpt><trkpt lat="37.65219497680664" lon="127.07075500488281"><ele>34.20000076293945</ele><time>2026-09-18T22:46:02Z</time></trkpt><trkpt lat="37.65217971801758" lon="127.07074737548828"><ele>34.20000076293945</ele><time>2026-09-18T22:46:03Z</time></trkpt><trkpt lat="37.65216827392578" lon="127.07073211669922"><ele>34.20000076293945</ele><time>2026-09-18T22:46:04Z</time></trkpt><trkpt lat="37.65214920043945" lon="127.07070922851562"><ele>34.20000076293945</ele><time>2026-09-18T22:46:05Z</time></trkpt><trkpt lat="37.65212631225586" lon="127.07070922851562"><ele>34.20000076293945</ele><time>2026-09-18T22:46:06Z</time></trkpt><trkpt lat="37.652103424072266" lon="127.07068634033203"><ele>34.20000076293945</ele><time>2026-09-18T22:46:07Z</time></trkpt><trkpt lat="37.65209197998047" lon="127.07067108154297"><ele>34.20000076293945</ele><time>2026-09-18T22:46:08Z</time></trkpt><trkpt lat="37.652076721191406" lon="127.0706558227539"><ele>34.20000076293945</ele><time>2026-09-18T22:46:09Z</time></trkpt><trkpt lat="37.652061462402344" lon="127.07063293457031"><ele>34.20000076293945</ele><time>2026-09-18T22:46:10Z</time></trkpt><trkpt lat="37.65204620361328" lon="127.07062530517578"><ele>34.20000076293945</ele><time>2026-09-18T22:46:11Z</time></trkpt><trkpt lat="37.65202713012695" lon="127.07060241699219"><ele>34.20000076293945</ele><time>2026-09-18T22:46:12Z</time></trkpt><trkpt lat="37.65201950073242" lon="127.07058715820312"><ele>34.20000076293945</ele><time>2026-09-18T22:46:13Z</time></trkpt><trkpt lat="37.652000427246094" lon="127.07057189941406"><ele>34.20000076293945</ele><time>2026-09-18T22:46:14Z</time></trkpt><trkpt lat="37.65198516845703" lon="127.070556640625"><ele>34.20000076293945</ele><time>2026-09-18T22:46:15Z</time></trkpt><trkpt lat="37.65196990966797" lon="127.07054901123047"><ele>34.0</ele><time>2026-09-18T22:46:16Z</time></trkpt><trkpt lat="37.651947021484375" lon="127.07052612304688"><ele>34.0</ele><time>2026-09-18T22:46:17Z</time></trkpt><trkpt lat="37.65193176269531" lon="127.07052612304688"><ele>34.0</ele><time>2026-09-18T22:46:18Z</time></trkpt><trkpt lat="37.651912689208984" lon="127.07051086425781"><ele>34.0</ele><time>2026-09-18T22:46:19Z</time></trkpt><trkpt lat="37.65189743041992" lon="127.07049560546875"><ele>34.0</ele><time>2026-09-18T22:46:20Z</time></trkpt><trkpt lat="37.65188217163086" lon="127.07048797607422"><ele>34.0</ele><time>2026-09-18T22:46:21Z</time></trkpt><trkpt lat="37.65186309814453" lon="127.07046508789062"><ele>34.0</ele><time>2026-09-18T22:46:22Z</time></trkpt><trkpt lat="37.651851654052734" lon="127.07046508789062"><ele>34.0</ele><time>2026-09-18T22:46:23Z</time></trkpt><trkpt lat="37.65183639526367" lon="127.07044982910156"><ele>34.0</ele><time>2026-09-18T22:46:24Z</time></trkpt><trkpt lat="37.651817321777344" lon="127.0704345703125"><ele>34.20000076293945</ele><time>2026-09-18T22:46:25Z</time></trkpt><trkpt lat="37.65180587768555" lon="127.07042694091797"><ele>34.20000076293945</ele><time>2026-09-18T22:46:26Z</time></trkpt><trkpt lat="37.65178680419922" lon="127.07040405273438"><ele>34.20000076293945</ele><time>2026-09-18T22:46:27Z</time></trkpt><trkpt lat="37.65177536010742" lon="127.07039642333984"><ele>34.20000076293945</ele><time>2026-09-18T22:46:28Z</time></trkpt><trkpt lat="37.651756286621094" lon="127.07038116455078"><ele>34.0</ele><time>2026-09-18T22:46:29Z</time></trkpt><trkpt lat="37.65174102783203" lon="127.07036590576172"><ele>34.0</ele><time>2026-09-18T22:46:30Z</time></trkpt><trkpt lat="37.6517333984375" lon="127.07035064697266"><ele>34.0</ele><time>2026-09-18T22:46:31Z</time></trkpt><trkpt lat="37.65171813964844" lon="127.07032775878906"><ele>34.0</ele><time>2026-09-18T22:46:32Z</time></trkpt><trkpt lat="37.651710510253906" lon="127.07032012939453"><ele>34.0</ele><time>2026-09-18T22:46:33Z</time></trkpt><trkpt lat="37.651695251464844" lon="127.07030487060547"><ele>34.20000076293945</ele><time>2026-09-18T22:46:34Z</time></trkpt><trkpt lat="37.65168380737305" lon="127.0702896118164"><ele>34.20000076293945</ele><time>2026-09-18T22:46:35Z</time></trkpt><trkpt lat="37.65167236328125" lon="127.07028198242188"><ele>34.20000076293945</ele><time>2026-09-18T22:46:36Z</time></trkpt><trkpt lat="37.65165710449219" lon="127.07025909423828"><ele>34.0</ele><time>2026-09-18T22:46:37Z</time></trkpt><trkpt lat="37.651649475097656" lon="127.07024383544922"><ele>34.0</ele><time>2026-09-18T22:46:38Z</time></trkpt><trkpt lat="37.65163803100586" lon="127.07022857666016"><ele>34.0</ele><time>2026-09-18T22:46:39Z</time></trkpt><trkpt lat="37.6516227722168" lon="127.07020568847656"><ele>34.0</ele><time>2026-09-18T22:46:40Z</time></trkpt><trkpt lat="37.651615142822266" lon="127.0701904296875"><ele>34.0</ele><time>2026-09-18T22:46:41Z</time></trkpt><trkpt lat="37.65159606933594" lon="127.0701675415039"><ele>34.0</ele><time>2026-09-18T22:46:42Z</time></trkpt><trkpt lat="37.651588439941406" lon="127.07015228271484"><ele>34.0</ele><time>2026-09-18T22:46:43Z</time></trkpt><trkpt lat="37.651573181152344" lon="127.07013702392578"><ele>34.0</ele><time>2026-09-18T22:46:44Z</time></trkpt><trkpt lat="37.65156173706055" lon="127.07012176513672"><ele>34.0</ele><time>2026-09-18T22:46:45Z</time></trkpt><trkpt lat="37.65154266357422" lon="127.07011413574219"><ele>34.0</ele><time>2026-09-18T22:46:46Z</time></trkpt><trkpt lat="37.65153121948242" lon="127.07010650634766"><ele>34.0</ele><time>2026-09-18T22:46:47Z</time></trkpt><trkpt lat="37.651527404785156" lon="127.0700912475586"><ele>34.0</ele><time>2026-09-18T22:46:48Z</time></trkpt><trkpt lat="37.651519775390625" lon="127.07008361816406"><ele>34.0</ele><time>2026-09-18T22:46:49Z</time></trkpt><trkpt lat="37.65150833129883" lon="127.070068359375"><ele>34.20000076293945</ele><time>2026-09-18T22:46:50Z</time></trkpt><trkpt lat="37.65150451660156" lon="127.07006072998047"><ele>34.20000076293945</ele><time>2026-09-18T22:46:51Z</time></trkpt><trkpt lat="37.6514892578125" lon="127.0700454711914"><ele>34.20000076293945</ele><time>2026-09-18T22:46:52Z</time></trkpt><trkpt lat="37.6514778137207" lon="127.07003784179688"><ele>34.20000076293945</ele><time>2026-09-18T22:46:53Z</time></trkpt><trkpt lat="37.65146255493164" lon="127.07002258300781"><ele>34.20000076293945</ele><time>2026-09-18T22:46:54Z</time></trkpt><trkpt lat="37.651451110839844" lon="127.07000732421875"><ele>34.0</ele><time>2026-09-18T22:46:55Z</time></trkpt><trkpt lat="37.651432037353516" lon="127.06999969482422"><ele>34.0</ele><time>2026-09-18T22:46:56Z</time></trkpt><trkpt lat="37.65141677856445" lon="127.06997680664062"><ele>34.0</ele><time>2026-09-18T22:46:57Z</time></trkpt><trkpt lat="37.65141296386719" lon="127.06997680664062"><ele>34.0</ele><time>2026-09-18T22:46:58Z</time></trkpt><trkpt lat="37.651397705078125" lon="127.0699691772461"><ele>33.79999923706055</ele><time>2026-09-18T22:46:59Z</time></trkpt><trkpt lat="37.65138626098633" lon="127.06995391845703"><ele>33.79999923706055</ele><time>2026-09-18T22:47:00Z</time></trkpt><trkpt lat="37.65137481689453" lon="127.06993865966797"><ele>33.79999923706055</ele><time>2026-09-18T22:47:01Z</time></trkpt><trkpt lat="37.651363372802734" lon="127.0699234008789"><ele>33.79999923706055</ele><time>2026-09-18T22:47:02Z</time></trkpt><trkpt lat="37.65134811401367" lon="127.06990814208984"><ele>33.79999923706055</ele><time>2026-09-18T22:47:03Z</time></trkpt><trkpt lat="37.65134048461914" lon="127.06990051269531"><ele>33.79999923706055</ele><time>2026-09-18T22:47:04Z</time></trkpt><trkpt lat="37.65132522583008" lon="127.06988525390625"><ele>33.79999923706055</ele><time>2026-09-18T22:47:05Z</time></trkpt><trkpt lat="37.65131378173828" lon="127.06986999511719"><ele>33.79999923706055</ele><time>2026-09-18T22:47:06Z</time></trkpt><trkpt lat="37.651302337646484" lon="127.06986236572266"><ele>33.79999923706055</ele><time>2026-09-18T22:47:07Z</time></trkpt><trkpt lat="37.65128707885742" lon="127.0698471069336"><ele>33.79999923706055</ele><time>2026-09-18T22:47:08Z</time></trkpt><trkpt lat="37.65127182006836" lon="127.06983947753906"><ele>33.79999923706055</ele><time>2026-09-18T22:47:09Z</time></trkpt><trkpt lat="37.6512565612793" lon="127.06982421875"><ele>33.79999923706055</ele><time>2026-09-18T22:47:10Z</time></trkpt><trkpt lat="37.651241302490234" lon="127.06980895996094"><ele>33.79999923706055</ele><time>2026-09-18T22:47:11Z</time></trkpt><trkpt lat="37.651222229003906" lon="127.06979370117188"><ele>33.79999923706055</ele><time>2026-09-18T22:47:12Z</time></trkpt><trkpt lat="37.65120315551758" lon="127.06977844238281"><ele>33.79999923706055</ele><time>2026-09-18T22:47:13Z</time></trkpt><trkpt lat="37.651187896728516" lon="127.06977081298828"><ele>33.79999923706055</ele><time>2026-09-18T22:47:14Z</time></trkpt><trkpt lat="37.65116500854492" lon="127.06974792480469"><ele>33.599998474121094</ele><time>2026-09-18T22:47:15Z</time></trkpt><trkpt lat="37.651153564453125" lon="127.06973266601562"><ele>33.599998474121094</ele><time>2026-09-18T22:47:16Z</time></trkpt><trkpt lat="37.6511344909668" lon="127.06971740722656"><ele>33.599998474121094</ele><time>2026-09-18T22:47:17Z</time></trkpt><trkpt lat="37.65111541748047" lon="127.0697021484375"><ele>33.599998474121094</ele><time>2026-09-18T22:47:18Z</time></trkpt><trkpt lat="37.65109634399414" lon="127.06968688964844"><ele>33.599998474121094</ele><time>2026-09-18T22:47:19Z</time></trkpt><trkpt lat="37.65108108520508" lon="127.06965637207031"><ele>33.599998474121094</ele><time>2026-09-18T22:47:20Z</time></trkpt><trkpt lat="37.651065826416016" lon="127.06964111328125"><ele>33.599998474121094</ele><time>2026-09-18T22:47:21Z</time></trkpt><trkpt lat="37.65105438232422" lon="127.06961822509766"><ele>33.599998474121094</ele><time>2026-09-18T22:47:22Z</time></trkpt><trkpt lat="37.65103530883789" lon="127.0696029663086"><ele>33.599998474121094</ele><time>2026-09-18T22:47:23Z</time></trkpt><trkpt lat="37.651023864746094" lon="127.06958770751953"><ele>33.599998474121094</ele><time>2026-09-18T22:47:24Z</time></trkpt><trkpt lat="37.651004791259766" lon="127.06957244873047"><ele>33.599998474121094</ele><time>2026-09-18T22:47:25Z</time></trkpt><trkpt lat="37.65099334716797" lon="127.06954956054688"><ele>33.400001525878906</ele><time>2026-09-18T22:47:26Z</time></trkpt><trkpt lat="37.65098190307617" lon="127.06953430175781"><ele>33.400001525878906</ele><time>2026-09-18T22:47:27Z</time></trkpt><trkpt lat="37.650970458984375" lon="127.06951141357422"><ele>33.400001525878906</ele><time>2026-09-18T22:47:28Z</time></trkpt><trkpt lat="37.650962829589844" lon="127.06949615478516"><ele>33.400001525878906</ele><time>2026-09-18T22:47:29Z</time></trkpt><trkpt lat="37.65095138549805" lon="127.0694808959961"><ele>33.400001525878906</ele><time>2026-09-18T22:47:30Z</time></trkpt><trkpt lat="37.650943756103516" lon="127.06946563720703"><ele>33.400001525878906</ele><time>2026-09-18T22:47:31Z</time></trkpt><trkpt lat="37.65092849731445" lon="127.06944274902344"><ele>33.400001525878906</ele><time>2026-09-18T22:47:32Z</time></trkpt><trkpt lat="37.650917053222656" lon="127.06942749023438"><ele>33.400001525878906</ele><time>2026-09-18T22:47:33Z</time></trkpt><trkpt lat="37.65090560913086" lon="127.06941223144531"><ele>33.400001525878906</ele><time>2026-09-18T22:47:34Z</time></trkpt><trkpt lat="37.6508903503418" lon="127.06939697265625"><ele>33.400001525878906</ele><time>2026-09-18T22:47:35Z</time></trkpt><trkpt lat="37.650875091552734" lon="127.06938171386719"><ele>33.400001525878906</ele><time>2026-09-18T22:47:36Z</time></trkpt><trkpt lat="37.65085983276367" lon="127.0693588256836"><ele>33.400001525878906</ele><time>2026-09-18T22:47:37Z</time></trkpt><trkpt lat="37.65084457397461" lon="127.06935119628906"><ele>33.400001525878906</ele><time>2026-09-18T22:47:38Z</time></trkpt><trkpt lat="37.65082931518555" lon="127.0693359375"><ele>33.400001525878906</ele><time>2026-09-18T22:47:39Z</time></trkpt><trkpt lat="37.65081024169922" lon="127.06932067871094"><ele>33.400001525878906</ele><time>2026-09-18T22:47:40Z</time></trkpt><trkpt lat="37.65079879760742" lon="127.06930541992188"><ele>33.20000076293945</ele><time>2026-09-18T22:47:41Z</time></trkpt><trkpt lat="37.65078353881836" lon="127.06929016113281"><ele>33.400001525878906</ele><time>2026-09-18T22:47:42Z</time></trkpt><trkpt lat="37.65077590942383" lon="127.06927490234375"><ele>33.20000076293945</ele><time>2026-09-18T22:47:43Z</time></trkpt><trkpt lat="37.650760650634766" lon="127.06925964355469"><ele>33.20000076293945</ele><time>2026-09-18T22:47:44Z</time></trkpt><trkpt lat="37.650753021240234" lon="127.06924438476562"><ele>33.20000076293945</ele><time>2026-09-18T22:47:45Z</time></trkpt><trkpt lat="37.65074157714844" lon="127.06922912597656"><ele>33.20000076293945</ele><time>2026-09-18T22:47:46Z</time></trkpt><trkpt lat="37.650726318359375" lon="127.06920623779297"><ele>33.20000076293945</ele><time>2026-09-18T22:47:47Z</time></trkpt><trkpt lat="37.65071487426758" lon="127.0691909790039"><ele>33.20000076293945</ele><time>2026-09-18T22:47:48Z</time></trkpt><trkpt lat="37.65070343017578" lon="127.06917572021484"><ele>33.20000076293945</ele><time>2026-09-18T22:47:49Z</time></trkpt><trkpt lat="37.65068817138672" lon="127.06915283203125"><ele>33.20000076293945</ele><time>2026-09-18T22:47:50Z</time></trkpt><trkpt lat="37.65067672729492" lon="127.06913757324219"><ele>33.20000076293945</ele><time>2026-09-18T22:47:51Z</time></trkpt><trkpt lat="37.65066146850586" lon="127.0691146850586"><ele>33.20000076293945</ele><time>2026-09-18T22:47:52Z</time></trkpt><trkpt lat="37.65065002441406" lon="127.069091796875"><ele>33.20000076293945</ele><time>2026-09-18T22:47:53Z</time></trkpt><trkpt lat="37.650630950927734" lon="127.06907653808594"><ele>33.20000076293945</ele><time>2026-09-18T22:47:54Z</time></trkpt><trkpt lat="37.650611877441406" lon="127.06906127929688"><ele>33.20000076293945</ele><time>2026-09-18T22:47:55Z</time></trkpt><trkpt lat="37.65060806274414" lon="127.06904602050781"><ele>33.20000076293945</ele><time>2026-09-18T22:47:56Z</time></trkpt><trkpt lat="37.650596618652344" lon="127.06903076171875"><ele>33.0</ele><time>2026-09-18T22:47:57Z</time></trkpt><trkpt lat="37.65058517456055" lon="127.06901550292969"><ele>33.0</ele><time>2026-09-18T22:47:58Z</time></trkpt><trkpt lat="37.65057373046875" lon="127.06900024414062"><ele>33.0</ele><time>2026-09-18T22:47:59Z</time></trkpt><trkpt lat="37.650569915771484" lon="127.0689926147461"><ele>33.0</ele><time>2026-09-18T22:48:00Z</time></trkpt><trkpt lat="37.650569915771484" lon="127.0689926147461"><ele>32.79999923706055</ele><time>2026-09-18T22:48:01Z</time></trkpt><trkpt lat="37.650569915771484" lon="127.0689926147461"><ele>32.79999923706055</ele><time>2026-09-18T22:48:02Z</time></trkpt><trkpt lat="37.65057373046875" lon="127.0689926147461"><ele>32.79999923706055</ele><time>2026-09-18T22:48:03Z</time></trkpt><trkpt lat="37.65057373046875" lon="127.0689926147461"><ele>32.79999923706055</ele><time>2026-09-18T22:48:04Z</time></trkpt><trkpt lat="37.65057373046875" lon="127.06898498535156"><ele>32.599998474121094</ele><time>2026-09-18T22:48:05Z</time></trkpt><trkpt lat="37.65057373046875" lon="127.06898498535156"><ele>32.599998474121094</ele><time>2026-09-18T22:48:06Z</time></trkpt><trkpt lat="37.650569915771484" lon="127.06897735595703"><ele>32.599998474121094</ele><time>2026-09-18T22:48:07Z</time></trkpt><trkpt lat="37.65056228637695" lon="127.0689697265625"><ele>32.79999923706055</ele><time>2026-09-18T22:48:08Z</time></trkpt><trkpt lat="37.65055465698242" lon="127.06895446777344"><ele>32.79999923706055</ele><time>2026-09-18T22:48:09Z</time></trkpt><trkpt lat="37.65054702758789" lon="127.0689468383789"><ele>32.79999923706055</ele><time>2026-09-18T22:48:10Z</time></trkpt><trkpt lat="37.65053176879883" lon="127.06893157958984"><ele>32.79999923706055</ele><time>2026-09-18T22:48:11Z</time></trkpt><trkpt lat="37.6505241394043" lon="127.06892395019531"><ele>32.79999923706055</ele><time>2026-09-18T22:48:12Z</time></trkpt><trkpt lat="37.650508880615234" lon="127.06892395019531"><ele>32.79999923706055</ele><time>2026-09-18T22:48:13Z</time></trkpt><trkpt lat="37.65049362182617" lon="127.06891632080078"><ele>32.79999923706055</ele><time>2026-09-18T22:48:14Z</time></trkpt><trkpt lat="37.65047836303711" lon="127.06890106201172"><ele>32.79999923706055</ele><time>2026-09-18T22:48:15Z</time></trkpt><trkpt lat="37.65046691894531" lon="127.06890106201172"><ele>32.599998474121094</ele><time>2026-09-18T22:48:16Z</time></trkpt><trkpt lat="37.65045928955078" lon="127.06889343261719"><ele>32.400001525878906</ele><time>2026-09-18T22:48:17Z</time></trkpt><trkpt lat="37.650447845458984" lon="127.06889343261719"><ele>32.20000076293945</ele><time>2026-09-18T22:48:18Z</time></trkpt><trkpt lat="37.65044021606445" lon="127.06888580322266"><ele>32.20000076293945</ele><time>2026-09-18T22:48:19Z</time></trkpt><trkpt lat="37.65043258666992" lon="127.06887817382812"><ele>32.0</ele><time>2026-09-18T22:48:20Z</time></trkpt><trkpt lat="37.650421142578125" lon="127.0688705444336"><ele>32.0</ele><time>2026-09-18T22:48:21Z</time></trkpt><trkpt lat="37.65040969848633" lon="127.06886291503906"><ele>32.0</ele><time>2026-09-18T22:48:22Z</time></trkpt><trkpt lat="37.65039825439453" lon="127.0688705444336"><ele>32.0</ele><time>2026-09-18T22:48:23Z</time></trkpt><trkpt lat="37.650394439697266" lon="127.06885528564453"><ele>31.799999237060547</ele><time>2026-09-18T22:48:24Z</time></trkpt><trkpt lat="37.650386810302734" lon="127.06884002685547"><ele>31.600000381469727</ele><time>2026-09-18T22:48:25Z</time></trkpt><trkpt lat="37.65038299560547" lon="127.06884002685547"><ele>31.600000381469727</ele><time>2026-09-18T22:48:26Z</time></trkpt><trkpt lat="37.6503791809082" lon="127.06883239746094"><ele>31.399999618530273</ele><time>2026-09-18T22:48:27Z</time></trkpt><trkpt lat="37.6503791809082" lon="127.0688247680664"><ele>31.399999618530273</ele><time>2026-09-18T22:48:28Z</time></trkpt><trkpt lat="37.6503791809082" lon="127.0688247680664"><ele>31.399999618530273</ele><time>2026-09-18T22:48:29Z</time></trkpt><trkpt lat="37.6503791809082" lon="127.06881713867188"><ele>31.399999618530273</ele><time>2026-09-18T22:48:30Z</time></trkpt><trkpt lat="37.6503791809082" lon="127.06880950927734"><ele>31.399999618530273</ele><time>2026-09-18T22:48:31Z</time></trkpt><trkpt lat="37.6503791809082" lon="127.06879425048828"><ele>31.600000381469727</ele><time>2026-09-18T22:48:32Z</time></trkpt><trkpt lat="37.65037536621094" lon="127.06876373291016"><ele>31.600000381469727</ele><time>2026-09-18T22:48:33Z</time></trkpt><trkpt lat="37.65037155151367" lon="127.06874084472656"><ele>31.600000381469727</ele><time>2026-09-18T22:48:34Z</time></trkpt><trkpt lat="37.650367736816406" lon="127.06869506835938"><ele>31.600000381469727</ele><time>2026-09-18T22:48:35Z</time></trkpt><trkpt lat="37.650325775146484" lon="127.068603515625"><ele>31.600000381469727</ele><time>2026-09-18T22:48:36Z</time></trkpt><trkpt lat="37.65028381347656" lon="127.06855773925781"><ele>31.600000381469727</ele><time>2026-09-18T22:48:37Z</time></trkpt><trkpt lat="37.650272369384766" lon="127.06851196289062"><ele>31.600000381469727</ele><time>2026-09-18T22:48:38Z</time></trkpt><trkpt lat="37.65025329589844" lon="127.06846618652344"><ele>31.600000381469727</ele><time>2026-09-18T22:48:39Z</time></trkpt><trkpt lat="37.650238037109375" lon="127.06843566894531"><ele>31.600000381469727</ele><time>2026-09-18T22:48:40Z</time></trkpt><trkpt lat="37.65022277832031" lon="127.06840515136719"><ele>31.600000381469727</ele><time>2026-09-18T22:48:41Z</time></trkpt><trkpt lat="37.65020751953125" lon="127.06837463378906"><ele>31.600000381469727</ele><time>2026-09-18T22:48:42Z</time></trkpt><trkpt lat="37.65019226074219" lon="127.06834411621094"><ele>31.799999237060547</ele><time>2026-09-18T22:48:43Z</time></trkpt><trkpt lat="37.65018081665039" lon="127.06832122802734"><ele>31.799999237060547</ele><time>2026-09-18T22:48:44Z</time></trkpt><trkpt lat="37.65016555786133" lon="127.06829833984375"><ele>31.799999237060547</ele><time>2026-09-18T22:48:45Z</time></trkpt><trkpt lat="37.65015411376953" lon="127.06827545166016"><ele>32.0</ele><time>2026-09-18T22:48:46Z</time></trkpt><trkpt lat="37.6501350402832" lon="127.06824493408203"><ele>32.0</ele><time>2026-09-18T22:48:47Z</time></trkpt><trkpt lat="37.650123596191406" lon="127.06822204589844"><ele>32.0</ele><time>2026-09-18T22:48:48Z</time></trkpt><trkpt lat="37.650108337402344" lon="127.06819152832031"><ele>32.0</ele><time>2026-09-18T22:48:49Z</time></trkpt><trkpt lat="37.65010070800781" lon="127.06816864013672"><ele>32.20000076293945</ele><time>2026-09-18T22:48:50Z</time></trkpt><trkpt lat="37.65009689331055" lon="127.06813049316406"><ele>32.20000076293945</ele><time>2026-09-18T22:48:51Z</time></trkpt><trkpt lat="37.65009307861328" lon="127.068115234375"><ele>32.20000076293945</ele><time>2026-09-18T22:48:52Z</time></trkpt><trkpt lat="37.650081634521484" lon="127.06807708740234"><ele>32.20000076293945</ele><time>2026-09-18T22:48:53Z</time></trkpt><trkpt lat="37.65007400512695" lon="127.06805419921875"><ele>32.20000076293945</ele><time>2026-09-18T22:48:54Z</time></trkpt><trkpt lat="37.650062561035156" lon="127.0680160522461"><ele>32.20000076293945</ele><time>2026-09-18T22:48:55Z</time></trkpt><trkpt lat="37.65005111694336" lon="127.0679931640625"><ele>32.400001525878906</ele><time>2026-09-18T22:48:56Z</time></trkpt><trkpt lat="37.65004348754883" lon="127.0679702758789"><ele>32.20000076293945</ele><time>2026-09-18T22:48:57Z</time></trkpt><trkpt lat="37.65003204345703" lon="127.06793975830078"><ele>32.400001525878906</ele><time>2026-09-18T22:48:58Z</time></trkpt><trkpt lat="37.650020599365234" lon="127.06791687011719"><ele>32.400001525878906</ele><time>2026-09-18T22:48:59Z</time></trkpt><trkpt lat="37.6500129699707" lon="127.0678939819336"><ele>32.400001525878906</ele><time>2026-09-18T22:49:00Z</time></trkpt><trkpt lat="37.65000534057617" lon="127.06787109375"><ele>32.400001525878906</ele><time>2026-09-18T22:49:01Z</time></trkpt><trkpt lat="37.650001525878906" lon="127.06784057617188"><ele>32.400001525878906</ele><time>2026-09-18T22:49:02Z</time></trkpt><trkpt lat="37.64999008178711" lon="127.06781768798828"><ele>32.400001525878906</ele><time>2026-09-18T22:49:03Z</time></trkpt><trkpt lat="37.64997863769531" lon="127.06777954101562"><ele>32.400001525878906</ele><time>2026-09-18T22:49:04Z</time></trkpt><trkpt lat="37.649967193603516" lon="127.06776428222656"><ele>32.400001525878906</ele><time>2026-09-18T22:49:05Z</time></trkpt><trkpt lat="37.64995574951172" lon="127.0677261352539"><ele>32.400001525878906</ele><time>2026-09-18T22:49:06Z</time></trkpt><trkpt lat="37.64994812011719" lon="127.06769561767578"><ele>32.400001525878906</ele><time>2026-09-18T22:49:07Z</time></trkpt><trkpt lat="37.649932861328125" lon="127.06766510009766"><ele>32.400001525878906</ele><time>2026-09-18T22:49:08Z</time></trkpt><trkpt lat="37.649925231933594" lon="127.0676498413086"><ele>32.400001525878906</ele><time>2026-09-18T22:49:09Z</time></trkpt><trkpt lat="37.64990997314453" lon="127.06761932373047"><ele>32.400001525878906</ele><time>2026-09-18T22:49:10Z</time></trkpt><trkpt lat="37.64990234375" lon="127.06759643554688"><ele>32.20000076293945</ele><time>2026-09-18T22:49:11Z</time></trkpt><trkpt lat="37.64988708496094" lon="127.06757354736328"><ele>32.20000076293945</ele><time>2026-09-18T22:49:12Z</time></trkpt><trkpt lat="37.649879455566406" lon="127.06754302978516"><ele>32.20000076293945</ele><time>2026-09-18T22:49:13Z</time></trkpt><trkpt lat="37.649864196777344" lon="127.06752014160156"><ele>32.20000076293945</ele><time>2026-09-18T22:49:14Z</time></trkpt><trkpt lat="37.64985656738281" lon="127.06748962402344"><ele>32.0</ele><time>2026-09-18T22:49:15Z</time></trkpt><trkpt lat="37.649845123291016" lon="127.06746673583984"><ele>32.0</ele><time>2026-09-18T22:49:16Z</time></trkpt><trkpt lat="37.64984130859375" lon="127.06743621826172"><ele>32.0</ele><time>2026-09-18T22:49:17Z</time></trkpt><trkpt lat="37.64983367919922" lon="127.06741333007812"><ele>32.0</ele><time>2026-09-18T22:49:18Z</time></trkpt><trkpt lat="37.64982986450195" lon="127.06737518310547"><ele>32.0</ele><time>2026-09-18T22:49:19Z</time></trkpt><trkpt lat="37.649818420410156" lon="127.06735229492188"><ele>32.20000076293945</ele><time>2026-09-18T22:49:20Z</time></trkpt><trkpt lat="37.649810791015625" lon="127.06732177734375"><ele>32.20000076293945</ele><time>2026-09-18T22:49:21Z</time></trkpt><trkpt lat="37.649803161621094" lon="127.06729888916016"><ele>32.0</ele><time>2026-09-18T22:49:22Z</time></trkpt><trkpt lat="37.6497917175293" lon="127.06727600097656"><ele>32.0</ele><time>2026-09-18T22:49:23Z</time></trkpt><trkpt lat="37.649784088134766" lon="127.06725311279297"><ele>32.0</ele><time>2026-09-18T22:49:24Z</time></trkpt><trkpt lat="37.64977264404297" lon="127.0672378540039"><ele>32.0</ele><time>2026-09-18T22:49:25Z</time></trkpt><trkpt lat="37.6497688293457" lon="127.06721496582031"><ele>32.0</ele><time>2026-09-18T22:49:26Z</time></trkpt><trkpt lat="37.649757385253906" lon="127.06719970703125"><ele>32.0</ele><time>2026-09-18T22:49:27Z</time></trkpt><trkpt lat="37.649749755859375" lon="127.06717681884766"><ele>32.0</ele><time>2026-09-18T22:49:28Z</time></trkpt><trkpt lat="37.649742126464844" lon="127.06715393066406"><ele>31.799999237060547</ele><time>2026-09-18T22:49:29Z</time></trkpt><trkpt lat="37.64973449707031" lon="127.06713104248047"><ele>31.799999237060547</ele><time>2026-09-18T22:49:30Z</time></trkpt><trkpt lat="37.649723052978516" lon="127.06710815429688"><ele>31.799999237060547</ele><time>2026-09-18T22:49:31Z</time></trkpt><trkpt lat="37.649715423583984" lon="127.06708526611328"><ele>31.799999237060547</ele><time>2026-09-18T22:49:32Z</time></trkpt><trkpt lat="37.64970779418945" lon="127.06706237792969"><ele>31.799999237060547</ele><time>2026-09-18T22:49:33Z</time></trkpt><trkpt lat="37.64970397949219" lon="127.06703186035156"><ele>31.799999237060547</ele><time>2026-09-18T22:49:34Z</time></trkpt><trkpt lat="37.64969253540039" lon="127.0670166015625"><ele>31.799999237060547</ele><time>2026-09-18T22:49:35Z</time></trkpt><trkpt lat="37.64968490600586" lon="127.0669937133789"><ele>31.799999237060547</ele><time>2026-09-18T22:49:36Z</time></trkpt><trkpt lat="37.64967727661133" lon="127.06697845458984"><ele>31.799999237060547</ele><time>2026-09-18T22:49:37Z</time></trkpt><trkpt lat="37.64967346191406" lon="127.06695556640625"><ele>31.799999237060547</ele><time>2026-09-18T22:49:38Z</time></trkpt><trkpt lat="37.64966583251953" lon="127.06692504882812"><ele>31.799999237060547</ele><time>2026-09-18T22:49:39Z</time></trkpt><trkpt lat="37.649658203125" lon="127.06690216064453"><ele>31.799999237060547</ele><time>2026-09-18T22:49:40Z</time></trkpt><trkpt lat="37.649654388427734" lon="127.0668716430664"><ele>31.600000381469727</ele><time>2026-09-18T22:49:41Z</time></trkpt><trkpt lat="37.64965057373047" lon="127.06685638427734"><ele>31.600000381469727</ele><time>2026-09-18T22:49:42Z</time></trkpt><trkpt lat="37.6496467590332" lon="127.06682586669922"><ele>31.600000381469727</ele><time>2026-09-18T22:49:43Z</time></trkpt><trkpt lat="37.64963912963867" lon="127.06680297851562"><ele>31.600000381469727</ele><time>2026-09-18T22:49:44Z</time></trkpt><trkpt lat="37.649627685546875" lon="127.06678771972656"><ele>31.600000381469727</ele><time>2026-09-18T22:49:45Z</time></trkpt><trkpt lat="37.64961242675781" lon="127.06675720214844"><ele>31.600000381469727</ele><time>2026-09-18T22:49:46Z</time></trkpt><trkpt lat="37.649600982666016" lon="127.06674194335938"><ele>31.600000381469727</ele><time>2026-09-18T22:49:47Z</time></trkpt><trkpt lat="37.64958953857422" lon="127.06672668457031"><ele>31.600000381469727</ele><time>2026-09-18T22:49:48Z</time></trkpt><trkpt lat="37.64958572387695" lon="127.06670379638672"><ele>31.600000381469727</ele><time>2026-09-18T22:49:49Z</time></trkpt><trkpt lat="37.64958190917969" lon="127.06668090820312"><ele>31.600000381469727</ele><time>2026-09-18T22:49:50Z</time></trkpt><trkpt lat="37.64958190917969" lon="127.066650390625"><ele>31.600000381469727</ele><time>2026-09-18T22:49:51Z</time></trkpt><trkpt lat="37.64957809448242" lon="127.06663513183594"><ele>31.399999618530273</ele><time>2026-09-18T22:49:52Z</time></trkpt><trkpt lat="37.649566650390625" lon="127.06660461425781"><ele>31.399999618530273</ele><time>2026-09-18T22:49:53Z</time></trkpt><trkpt lat="37.649559020996094" lon="127.06658935546875"><ele>31.399999618530273</ele><time>2026-09-18T22:49:54Z</time></trkpt><trkpt lat="37.64955139160156" lon="127.06656646728516"><ele>31.399999618530273</ele><time>2026-09-18T22:49:55Z</time></trkpt><trkpt lat="37.649539947509766" lon="127.06653594970703"><ele>31.399999618530273</ele><time>2026-09-18T22:49:56Z</time></trkpt><trkpt lat="37.64952850341797" lon="127.06652069091797"><ele>31.200000762939453</ele><time>2026-09-18T22:49:57Z</time></trkpt><trkpt lat="37.64951705932617" lon="127.06649017333984"><ele>31.200000762939453</ele><time>2026-09-18T22:49:58Z</time></trkpt><trkpt lat="37.64950942993164" lon="127.06646728515625"><ele>31.200000762939453</ele><time>2026-09-18T22:49:59Z</time></trkpt><trkpt lat="37.64950180053711" lon="127.06644439697266"><ele>31.200000762939453</ele><time>2026-09-18T22:50:00Z</time></trkpt><trkpt lat="37.64949035644531" lon="127.06642150878906"><ele>31.200000762939453</ele><time>2026-09-18T22:50:01Z</time></trkpt><trkpt lat="37.64948272705078" lon="127.06639862060547"><ele>31.200000762939453</ele><time>2026-09-18T22:50:02Z</time></trkpt><trkpt lat="37.64946746826172" lon="127.06637573242188"><ele>31.200000762939453</ele><time>2026-09-18T22:50:03Z</time></trkpt><trkpt lat="37.64945602416992" lon="127.06635284423828"><ele>31.200000762939453</ele><time>2026-09-18T22:50:04Z</time></trkpt><trkpt lat="37.64944076538086" lon="127.06632995605469"><ele>31.200000762939453</ele><time>2026-09-18T22:50:05Z</time></trkpt><trkpt lat="37.64943313598633" lon="127.0663070678711"><ele>31.200000762939453</ele><time>2026-09-18T22:50:06Z</time></trkpt><trkpt lat="37.64942169189453" lon="127.0662841796875"><ele>31.200000762939453</ele><time>2026-09-18T22:50:07Z</time></trkpt><trkpt lat="37.649410247802734" lon="127.0662612915039"><ele>31.200000762939453</ele><time>2026-09-18T22:50:08Z</time></trkpt><trkpt lat="37.64939498901367" lon="127.06624603271484"><ele>31.200000762939453</ele><time>2026-09-18T22:50:09Z</time></trkpt><trkpt lat="37.64938735961914" lon="127.06622314453125"><ele>31.200000762939453</ele><time>2026-09-18T22:50:10Z</time></trkpt><trkpt lat="37.64937973022461" lon="127.06620788574219"><ele>31.200000762939453</ele><time>2026-09-18T22:50:11Z</time></trkpt><trkpt lat="37.64937210083008" lon="127.06619262695312"><ele>31.200000762939453</ele><time>2026-09-18T22:50:12Z</time></trkpt><trkpt lat="37.649356842041016" lon="127.06617736816406"><ele>31.200000762939453</ele><time>2026-09-18T22:50:13Z</time></trkpt><trkpt lat="37.649349212646484" lon="127.066162109375"><ele>31.200000762939453</ele><time>2026-09-18T22:50:14Z</time></trkpt><trkpt lat="37.64933776855469" lon="127.06613159179688"><ele>31.200000762939453</ele><time>2026-09-18T22:50:15Z</time></trkpt><trkpt lat="37.64932632446289" lon="127.06611633300781"><ele>31.200000762939453</ele><time>2026-09-18T22:50:16Z</time></trkpt><trkpt lat="37.64931106567383" lon="127.06609344482422"><ele>31.200000762939453</ele><time>2026-09-18T22:50:17Z</time></trkpt><trkpt lat="37.649295806884766" lon="127.06607818603516"><ele>31.200000762939453</ele><time>2026-09-18T22:50:18Z</time></trkpt><trkpt lat="37.64928436279297" lon="127.06607055664062"><ele>31.200000762939453</ele><time>2026-09-18T22:50:19Z</time></trkpt><trkpt lat="37.649269104003906" lon="127.06604766845703"><ele>31.200000762939453</ele><time>2026-09-18T22:50:20Z</time></trkpt><trkpt lat="37.649253845214844" lon="127.06603240966797"><ele>31.200000762939453</ele><time>2026-09-18T22:50:21Z</time></trkpt><trkpt lat="37.64924240112305" lon="127.0660171508789"><ele>31.200000762939453</ele><time>2026-09-18T22:50:22Z</time></trkpt><trkpt lat="37.649227142333984" lon="127.06599426269531"><ele>31.200000762939453</ele><time>2026-09-18T22:50:23Z</time></trkpt><trkpt lat="37.64921569824219" lon="127.06597900390625"><ele>31.200000762939453</ele><time>2026-09-18T22:50:24Z</time></trkpt><trkpt lat="37.64920425415039" lon="127.06596374511719"><ele>31.200000762939453</ele><time>2026-09-18T22:50:25Z</time></trkpt><trkpt lat="37.64918899536133" lon="127.0659408569336"><ele>31.200000762939453</ele><time>2026-09-18T22:50:26Z</time></trkpt><trkpt lat="37.64917755126953" lon="127.06592559814453"><ele>31.200000762939453</ele><time>2026-09-18T22:50:27Z</time></trkpt><trkpt lat="37.64916229248047" lon="127.06590270996094"><ele>31.200000762939453</ele><time>2026-09-18T22:50:28Z</time></trkpt><trkpt lat="37.64915084838867" lon="127.06588745117188"><ele>31.200000762939453</ele><time>2026-09-18T22:50:29Z</time></trkpt><trkpt lat="37.64913558959961" lon="127.06587219238281"><ele>31.200000762939453</ele><time>2026-09-18T22:50:30Z</time></trkpt><trkpt lat="37.64912033081055" lon="127.06584930419922"><ele>31.200000762939453</ele><time>2026-09-18T22:50:31Z</time></trkpt><trkpt lat="37.64910125732422" lon="127.06582641601562"><ele>31.200000762939453</ele><time>2026-09-18T22:50:32Z</time></trkpt><trkpt lat="37.649085998535156" lon="127.06580352783203"><ele>31.200000762939453</ele><time>2026-09-18T22:50:33Z</time></trkpt><trkpt lat="37.649070739746094" lon="127.06578826904297"><ele>31.200000762939453</ele><time>2026-09-18T22:50:34Z</time></trkpt><trkpt lat="37.64905548095703" lon="127.06576538085938"><ele>31.200000762939453</ele><time>2026-09-18T22:50:35Z</time></trkpt><trkpt lat="37.64904022216797" lon="127.06574249267578"><ele>31.200000762939453</ele><time>2026-09-18T22:50:36Z</time></trkpt><trkpt lat="37.649024963378906" lon="127.06573486328125"><ele>31.399999618530273</ele><time>2026-09-18T22:50:37Z</time></trkpt><trkpt lat="37.64900207519531" lon="127.06571197509766"><ele>31.399999618530273</ele><time>2026-09-18T22:50:38Z</time></trkpt><trkpt lat="37.64899826049805" lon="127.0656967163086"><ele>31.399999618530273</ele><time>2026-09-18T22:50:39Z</time></trkpt><trkpt lat="37.648983001708984" lon="127.06568145751953"><ele>31.399999618530273</ele><time>2026-09-18T22:50:40Z</time></trkpt><trkpt lat="37.64896774291992" lon="127.06565856933594"><ele>31.399999618530273</ele><time>2026-09-18T22:50:41Z</time></trkpt><trkpt lat="37.648956298828125" lon="127.06564331054688"><ele>31.399999618530273</ele><time>2026-09-18T22:50:42Z</time></trkpt><trkpt lat="37.64894104003906" lon="127.06562805175781"><ele>31.399999618530273</ele><time>2026-09-18T22:50:43Z</time></trkpt><trkpt lat="37.64892578125" lon="127.06560516357422"><ele>31.200000762939453</ele><time>2026-09-18T22:50:44Z</time></trkpt><trkpt lat="37.64891052246094" lon="127.06559753417969"><ele>31.200000762939453</ele><time>2026-09-18T22:50:45Z</time></trkpt><trkpt lat="37.64889144897461" lon="127.06558227539062"><ele>31.200000762939453</ele><time>2026-09-18T22:50:46Z</time></trkpt><trkpt lat="37.64888000488281" lon="127.0655746459961"><ele>31.200000762939453</ele><time>2026-09-18T22:50:47Z</time></trkpt><trkpt lat="37.64886474609375" lon="127.06555938720703"><ele>31.200000762939453</ele><time>2026-09-18T22:50:48Z</time></trkpt><trkpt lat="37.64884567260742" lon="127.0655517578125"><ele>31.200000762939453</ele><time>2026-09-18T22:50:49Z</time></trkpt><trkpt lat="37.64883041381836" lon="127.06554412841797"><ele>31.200000762939453</ele><time>2026-09-18T22:50:50Z</time></trkpt><trkpt lat="37.64881134033203" lon="127.0655288696289"><ele>31.0</ele><time>2026-09-18T22:50:51Z</time></trkpt><trkpt lat="37.64879608154297" lon="127.06551361083984"><ele>31.0</ele><time>2026-09-18T22:50:52Z</time></trkpt><trkpt lat="37.64877700805664" lon="127.06550598144531"><ele>31.0</ele><time>2026-09-18T22:50:53Z</time></trkpt><trkpt lat="37.64875793457031" lon="127.06549072265625"><ele>31.0</ele><time>2026-09-18T22:50:54Z</time></trkpt><trkpt lat="37.64874267578125" lon="127.06548309326172"><ele>31.0</ele><time>2026-09-18T22:50:55Z</time></trkpt><trkpt lat="37.64872360229492" lon="127.06546020507812"><ele>31.0</ele><time>2026-09-18T22:50:56Z</time></trkpt><trkpt lat="37.64871597290039" lon="127.0654525756836"><ele>31.0</ele><time>2026-09-18T22:50:57Z</time></trkpt><trkpt lat="37.64869689941406" lon="127.06543731689453"><ele>30.799999237060547</ele><time>2026-09-18T22:50:58Z</time></trkpt><trkpt lat="37.648681640625" lon="127.06542205810547"><ele>30.799999237060547</ele><time>2026-09-18T22:50:59Z</time></trkpt><trkpt lat="37.64866256713867" lon="127.06541442871094"><ele>30.799999237060547</ele><time>2026-09-18T22:51:00Z</time></trkpt><trkpt lat="37.64863967895508" lon="127.06539916992188"><ele>30.799999237060547</ele><time>2026-09-18T22:51:01Z</time></trkpt><trkpt lat="37.648624420166016" lon="127.06539154052734"><ele>30.799999237060547</ele><time>2026-09-18T22:51:02Z</time></trkpt><trkpt lat="37.64860534667969" lon="127.06538391113281"><ele>30.799999237060547</ele><time>2026-09-18T22:51:03Z</time></trkpt><trkpt lat="37.648582458496094" lon="127.06536865234375"><ele>30.600000381469727</ele><time>2026-09-18T22:51:04Z</time></trkpt><trkpt lat="37.64856719970703" lon="127.06536102294922"><ele>30.600000381469727</ele><time>2026-09-18T22:51:05Z</time></trkpt><trkpt lat="37.64854431152344" lon="127.06534576416016"><ele>30.600000381469727</ele><time>2026-09-18T22:51:06Z</time></trkpt><trkpt lat="37.648529052734375" lon="127.06533813476562"><ele>30.399999618530273</ele><time>2026-09-18T22:51:07Z</time></trkpt><trkpt lat="37.64850997924805" lon="127.0653305053711"><ele>30.200000762939453</ele><time>2026-09-18T22:51:08Z</time></trkpt><trkpt lat="37.64849090576172" lon="127.06531524658203"><ele>30.200000762939453</ele><time>2026-09-18T22:51:09Z</time></trkpt><trkpt lat="37.648475646972656" lon="127.0653076171875"><ele>30.0</ele><time>2026-09-18T22:51:10Z</time></trkpt><trkpt lat="37.648460388183594" lon="127.06529998779297"><ele>30.0</ele><time>2026-09-18T22:51:11Z</time></trkpt><trkpt lat="37.648441314697266" lon="127.06529235839844"><ele>30.0</ele><time>2026-09-18T22:51:12Z</time></trkpt><trkpt lat="37.6484260559082" lon="127.0652847290039"><ele>30.0</ele><time>2026-09-18T22:51:13Z</time></trkpt><trkpt lat="37.648406982421875" lon="127.06526184082031"><ele>30.0</ele><time>2026-09-18T22:51:14Z</time></trkpt><trkpt lat="37.64839553833008" lon="127.06525421142578"><ele>30.0</ele><time>2026-09-18T22:51:15Z</time></trkpt><trkpt lat="37.64837646484375" lon="127.06523895263672"><ele>30.0</ele><time>2026-09-18T22:51:16Z</time></trkpt><trkpt lat="37.64835739135742" lon="127.06522369384766"><ele>30.0</ele><time>2026-09-18T22:51:17Z</time></trkpt><trkpt lat="37.64834213256836" lon="127.06521606445312"><ele>30.0</ele><time>2026-09-18T22:51:18Z</time></trkpt><trkpt lat="37.64832305908203" lon="127.06520080566406"><ele>29.799999237060547</ele><time>2026-09-18T22:51:19Z</time></trkpt><trkpt lat="37.648311614990234" lon="127.06520080566406"><ele>29.799999237060547</ele><time>2026-09-18T22:51:20Z</time></trkpt><trkpt lat="37.64828872680664" lon="127.06519317626953"><ele>29.799999237060547</ele><time>2026-09-18T22:51:21Z</time></trkpt><trkpt lat="37.64826965332031" lon="127.06517791748047"><ele>29.799999237060547</ele><time>2026-09-18T22:51:22Z</time></trkpt><trkpt lat="37.648258209228516" lon="127.06517028808594"><ele>29.799999237060547</ele><time>2026-09-18T22:51:23Z</time></trkpt><trkpt lat="37.64823913574219" lon="127.06514739990234"><ele>29.600000381469727</ele><time>2026-09-18T22:51:24Z</time></trkpt><trkpt lat="37.648223876953125" lon="127.06513977050781"><ele>29.600000381469727</ele><time>2026-09-18T22:51:25Z</time></trkpt><trkpt lat="37.64820861816406" lon="127.06513214111328"><ele>29.600000381469727</ele><time>2026-09-18T22:51:26Z</time></trkpt><trkpt lat="37.64818572998047" lon="127.06510925292969"><ele>29.600000381469727</ele><time>2026-09-18T22:51:27Z</time></trkpt><trkpt lat="37.64817428588867" lon="127.06510162353516"><ele>29.600000381469727</ele><time>2026-09-18T22:51:28Z</time></trkpt><trkpt lat="37.648155212402344" lon="127.0650863647461"><ele>29.600000381469727</ele><time>2026-09-18T22:51:29Z</time></trkpt><trkpt lat="37.648136138916016" lon="127.06507873535156"><ele>29.600000381469727</ele><time>2026-09-18T22:51:30Z</time></trkpt><trkpt lat="37.64812088012695" lon="127.06507110595703"><ele>29.399999618530273</ele><time>2026-09-18T22:51:31Z</time></trkpt><trkpt lat="37.64809799194336" lon="127.06505584716797"><ele>29.399999618530273</ele><time>2026-09-18T22:51:32Z</time></trkpt><trkpt lat="37.6480827331543" lon="127.06505584716797"><ele>29.399999618530273</ele><time>2026-09-18T22:51:33Z</time></trkpt><trkpt lat="37.64806365966797" lon="127.06503295898438"><ele>29.399999618530273</ele><time>2026-09-18T22:51:34Z</time></trkpt><trkpt lat="37.648048400878906" lon="127.06501770019531"><ele>29.399999618530273</ele><time>2026-09-18T22:51:35Z</time></trkpt><trkpt lat="37.64802932739258" lon="127.06501007080078"><ele>29.399999618530273</ele><time>2026-09-18T22:51:36Z</time></trkpt><trkpt lat="37.64801025390625" lon="127.06499481201172"><ele>29.399999618530273</ele><time>2026-09-18T22:51:37Z</time></trkpt><trkpt lat="37.64799499511719" lon="127.06498718261719"><ele>29.399999618530273</ele><time>2026-09-18T22:51:38Z</time></trkpt><trkpt lat="37.64796829223633" lon="127.06497192382812"><ele>29.399999618530273</ele><time>2026-09-18T22:51:39Z</time></trkpt><trkpt lat="37.64795684814453" lon="127.0649642944336"><ele>29.399999618530273</ele><time>2026-09-18T22:51:40Z</time></trkpt><trkpt lat="37.64794158935547" lon="127.06494140625"><ele>29.200000762939453</ele><time>2026-09-18T22:51:41Z</time></trkpt><trkpt lat="37.64792251586914" lon="127.06492614746094"><ele>29.200000762939453</ele><time>2026-09-18T22:51:42Z</time></trkpt><trkpt lat="37.64790725708008" lon="127.06491088867188"><ele>29.200000762939453</ele><time>2026-09-18T22:51:43Z</time></trkpt><trkpt lat="37.647891998291016" lon="127.06488800048828"><ele>29.200000762939453</ele><time>2026-09-18T22:51:44Z</time></trkpt><trkpt lat="37.64788055419922" lon="127.06487274169922"><ele>29.200000762939453</ele><time>2026-09-18T22:51:45Z</time></trkpt><trkpt lat="37.647865295410156" lon="127.06485748291016"><ele>29.200000762939453</ele><time>2026-09-18T22:51:46Z</time></trkpt><trkpt lat="37.647850036621094" lon="127.06484985351562"><ele>29.200000762939453</ele><time>2026-09-18T22:51:47Z</time></trkpt><trkpt lat="37.647830963134766" lon="127.0648422241211"><ele>29.200000762939453</ele><time>2026-09-18T22:51:48Z</time></trkpt><trkpt lat="37.64781188964844" lon="127.06482696533203"><ele>29.200000762939453</ele><time>2026-09-18T22:51:49Z</time></trkpt><trkpt lat="37.647804260253906" lon="127.0648193359375"><ele>29.200000762939453</ele><time>2026-09-18T22:51:50Z</time></trkpt><trkpt lat="37.647789001464844" lon="127.06480407714844"><ele>29.200000762939453</ele><time>2026-09-18T22:51:51Z</time></trkpt><trkpt lat="37.64777374267578" lon="127.06478118896484"><ele>29.200000762939453</ele><time>2026-09-18T22:51:52Z</time></trkpt><trkpt lat="37.64775466918945" lon="127.06477355957031"><ele>29.0</ele><time>2026-09-18T22:51:53Z</time></trkpt><trkpt lat="37.64773941040039" lon="127.06475067138672"><ele>29.0</ele><time>2026-09-18T22:51:54Z</time></trkpt><trkpt lat="37.64772415161133" lon="127.06473541259766"><ele>29.0</ele><time>2026-09-18T22:51:55Z</time></trkpt><trkpt lat="37.647705078125" lon="127.0647201538086"><ele>29.0</ele><time>2026-09-18T22:51:56Z</time></trkpt><trkpt lat="37.64768981933594" lon="127.06470489501953"><ele>29.0</ele><time>2026-09-18T22:51:57Z</time></trkpt><trkpt lat="37.647674560546875" lon="127.064697265625"><ele>29.0</ele><time>2026-09-18T22:51:58Z</time></trkpt><trkpt lat="37.64765548706055" lon="127.0646743774414"><ele>29.0</ele><time>2026-09-18T22:51:59Z</time></trkpt><trkpt lat="37.647640228271484" lon="127.06466674804688"><ele>29.0</ele><time>2026-09-18T22:52:00Z</time></trkpt><trkpt lat="37.64762878417969" lon="127.06465148925781"><ele>29.0</ele><time>2026-09-18T22:52:01Z</time></trkpt><trkpt lat="37.64760971069336" lon="127.06463623046875"><ele>29.0</ele><time>2026-09-18T22:52:02Z</time></trkpt><trkpt lat="37.64759826660156" lon="127.06462097167969"><ele>29.0</ele><time>2026-09-18T22:52:03Z</time></trkpt><trkpt lat="37.647586822509766" lon="127.06460571289062"><ele>29.0</ele><time>2026-09-18T22:52:04Z</time></trkpt><trkpt lat="37.64757537841797" lon="127.06459045410156"><ele>29.0</ele><time>2026-09-18T22:52:05Z</time></trkpt><trkpt lat="37.64756393432617" lon="127.06458282470703"><ele>29.0</ele><time>2026-09-18T22:52:06Z</time></trkpt><trkpt lat="37.647544860839844" lon="127.06455993652344"><ele>29.0</ele><time>2026-09-18T22:52:07Z</time></trkpt><trkpt lat="37.64753341674805" lon="127.0645523071289"><ele>29.0</ele><time>2026-09-18T22:52:08Z</time></trkpt><trkpt lat="37.64752197265625" lon="127.06454467773438"><ele>29.0</ele><time>2026-09-18T22:52:09Z</time></trkpt><trkpt lat="37.64750289916992" lon="127.06452941894531"><ele>29.0</ele><time>2026-09-18T22:52:10Z</time></trkpt><trkpt lat="37.64748764038086" lon="127.06452178955078"><ele>29.0</ele><time>2026-09-18T22:52:11Z</time></trkpt><trkpt lat="37.6474723815918" lon="127.06449890136719"><ele>29.0</ele><time>2026-09-18T22:52:12Z</time></trkpt><trkpt lat="37.6474609375" lon="127.06449127197266"><ele>29.0</ele><time>2026-09-18T22:52:13Z</time></trkpt><trkpt lat="37.64744567871094" lon="127.0644760131836"><ele>29.0</ele><time>2026-09-18T22:52:14Z</time></trkpt><trkpt lat="37.64742660522461" lon="127.064453125"><ele>29.0</ele><time>2026-09-18T22:52:15Z</time></trkpt><trkpt lat="37.64741516113281" lon="127.064453125"><ele>29.0</ele><time>2026-09-18T22:52:16Z</time></trkpt><trkpt lat="37.647396087646484" lon="127.06442260742188"><ele>29.0</ele><time>2026-09-18T22:52:17Z</time></trkpt><trkpt lat="37.64738845825195" lon="127.06440734863281"><ele>29.0</ele><time>2026-09-18T22:52:18Z</time></trkpt><trkpt lat="37.64737319946289" lon="127.06439208984375"><ele>28.799999237060547</ele><time>2026-09-18T22:52:19Z</time></trkpt><trkpt lat="37.64735794067383" lon="127.06437683105469"><ele>28.799999237060547</ele><time>2026-09-18T22:52:20Z</time></trkpt><trkpt lat="37.647342681884766" lon="127.06436157226562"><ele>29.0</ele><time>2026-09-18T22:52:21Z</time></trkpt><trkpt lat="37.6473274230957" lon="127.06434631347656"><ele>29.0</ele><time>2026-09-18T22:52:22Z</time></trkpt><trkpt lat="37.64731216430664" lon="127.06433868408203"><ele>29.0</ele><time>2026-09-18T22:52:23Z</time></trkpt><trkpt lat="37.64729690551758" lon="127.0643310546875"><ele>29.0</ele><time>2026-09-18T22:52:24Z</time></trkpt><trkpt lat="37.64727783203125" lon="127.06431579589844"><ele>29.0</ele><time>2026-09-18T22:52:25Z</time></trkpt><trkpt lat="37.64726257324219" lon="127.06430053710938"><ele>28.799999237060547</ele><time>2026-09-18T22:52:26Z</time></trkpt><trkpt lat="37.647247314453125" lon="127.06428527832031"><ele>28.799999237060547</ele><time>2026-09-18T22:52:27Z</time></trkpt><trkpt lat="37.64723587036133" lon="127.06427001953125"><ele>28.799999237060547</ele><time>2026-09-18T22:52:28Z</time></trkpt><trkpt lat="37.647220611572266" lon="127.06426239013672"><ele>28.799999237060547</ele><time>2026-09-18T22:52:29Z</time></trkpt><trkpt lat="37.64719772338867" lon="127.06423950195312"><ele>28.799999237060547</ele><time>2026-09-18T22:52:30Z</time></trkpt><trkpt lat="37.647186279296875" lon="127.06423950195312"><ele>28.799999237060547</ele><time>2026-09-18T22:52:31Z</time></trkpt><trkpt lat="37.64716720581055" lon="127.06422424316406"><ele>28.799999237060547</ele><time>2026-09-18T22:52:32Z</time></trkpt><trkpt lat="37.64714813232422" lon="127.064208984375"><ele>28.799999237060547</ele><time>2026-09-18T22:52:33Z</time></trkpt><trkpt lat="37.64713668823242" lon="127.06420135498047"><ele>28.799999237060547</ele><time>2026-09-18T22:52:34Z</time></trkpt><trkpt lat="37.64712142944336" lon="127.0641860961914"><ele>28.799999237060547</ele><time>2026-09-18T22:52:35Z</time></trkpt><trkpt lat="37.6471061706543" lon="127.06417083740234"><ele>28.799999237060547</ele><time>2026-09-18T22:52:36Z</time></trkpt><trkpt lat="37.647090911865234" lon="127.06417083740234"><ele>28.799999237060547</ele><time>2026-09-18T22:52:37Z</time></trkpt><trkpt lat="37.647071838378906" lon="127.06414794921875"><ele>28.799999237060547</ele><time>2026-09-18T22:52:38Z</time></trkpt><trkpt lat="37.647056579589844" lon="127.06414794921875"><ele>28.799999237060547</ele><time>2026-09-18T22:52:39Z</time></trkpt><trkpt lat="37.64704132080078" lon="127.06414031982422"><ele>28.799999237060547</ele><time>2026-09-18T22:52:40Z</time></trkpt><trkpt lat="37.64701843261719" lon="127.06412506103516"><ele>28.799999237060547</ele><time>2026-09-18T22:52:41Z</time></trkpt><trkpt lat="37.64700698852539" lon="127.06411743164062"><ele>28.799999237060547</ele><time>2026-09-18T22:52:42Z</time></trkpt><trkpt lat="37.64699172973633" lon="127.06410217285156"><ele>28.799999237060547</ele><time>2026-09-18T22:52:43Z</time></trkpt><trkpt lat="37.646976470947266" lon="127.0640869140625"><ele>28.799999237060547</ele><time>2026-09-18T22:52:44Z</time></trkpt><trkpt lat="37.64695739746094" lon="127.0640869140625"><ele>28.799999237060547</ele><time>2026-09-18T22:52:45Z</time></trkpt><trkpt lat="37.646934509277344" lon="127.06407165527344"><ele>28.799999237060547</ele><time>2026-09-18T22:52:46Z</time></trkpt><trkpt lat="37.64691925048828" lon="127.06405639648438"><ele>28.799999237060547</ele><time>2026-09-18T22:52:47Z</time></trkpt><trkpt lat="37.64690399169922" lon="127.06404113769531"><ele>28.799999237060547</ele><time>2026-09-18T22:52:48Z</time></trkpt><trkpt lat="37.646888732910156" lon="127.06402587890625"><ele>28.799999237060547</ele><time>2026-09-18T22:52:49Z</time></trkpt><trkpt lat="37.64686965942383" lon="127.06401062011719"><ele>28.799999237060547</ele><time>2026-09-18T22:52:50Z</time></trkpt><trkpt lat="37.64686584472656" lon="127.0639877319336"><ele>28.600000381469727</ele><time>2026-09-18T22:52:51Z</time></trkpt><trkpt lat="37.64685821533203" lon="127.06396484375"><ele>28.600000381469727</ele><time>2026-09-18T22:52:52Z</time></trkpt><trkpt lat="37.646846771240234" lon="127.0639419555664"><ele>28.600000381469727</ele><time>2026-09-18T22:52:53Z</time></trkpt><trkpt lat="37.6468391418457" lon="127.06391906738281"><ele>28.600000381469727</ele><time>2026-09-18T22:52:54Z</time></trkpt><trkpt lat="37.646827697753906" lon="127.06390380859375"><ele>28.600000381469727</ele><time>2026-09-18T22:52:55Z</time></trkpt><trkpt lat="37.64680862426758" lon="127.06388092041016"><ele>28.600000381469727</ele><time>2026-09-18T22:52:56Z</time></trkpt><trkpt lat="37.64679718017578" lon="127.0638656616211"><ele>28.600000381469727</ele><time>2026-09-18T22:52:57Z</time></trkpt><trkpt lat="37.64678192138672" lon="127.06385803222656"><ele>28.600000381469727</ele><time>2026-09-18T22:52:58Z</time></trkpt><trkpt lat="37.646766662597656" lon="127.06383514404297"><ele>28.600000381469727</ele><time>2026-09-18T22:52:59Z</time></trkpt><trkpt lat="37.64676284790039" lon="127.0638198852539"><ele>28.600000381469727</ele><time>2026-09-18T22:53:00Z</time></trkpt><trkpt lat="37.646751403808594" lon="127.06380462646484"><ele>28.600000381469727</ele><time>2026-09-18T22:53:01Z</time></trkpt><trkpt lat="37.64674377441406" lon="127.06378936767578"><ele>28.600000381469727</ele><time>2026-09-18T22:53:02Z</time></trkpt><trkpt lat="37.646728515625" lon="127.06378173828125"><ele>28.600000381469727</ele><time>2026-09-18T22:53:03Z</time></trkpt><trkpt lat="37.64670944213867" lon="127.06375885009766"><ele>28.600000381469727</ele><time>2026-09-18T22:53:04Z</time></trkpt><trkpt lat="37.64670181274414" lon="127.0637435913086"><ele>28.600000381469727</ele><time>2026-09-18T22:53:05Z</time></trkpt><trkpt lat="37.646690368652344" lon="127.06373596191406"><ele>28.600000381469727</ele><time>2026-09-18T22:53:06Z</time></trkpt><trkpt lat="37.646671295166016" lon="127.063720703125"><ele>28.600000381469727</ele><time>2026-09-18T22:53:07Z</time></trkpt><trkpt lat="37.64665985107422" lon="127.06371307373047"><ele>28.600000381469727</ele><time>2026-09-18T22:53:08Z</time></trkpt><trkpt lat="37.64664077758789" lon="127.06369018554688"><ele>28.600000381469727</ele><time>2026-09-18T22:53:09Z</time></trkpt><trkpt lat="37.64663314819336" lon="127.06367492675781"><ele>28.399999618530273</ele><time>2026-09-18T22:53:10Z</time></trkpt><trkpt lat="37.64662170410156" lon="127.06366729736328"><ele>28.399999618530273</ele><time>2026-09-18T22:53:11Z</time></trkpt><trkpt lat="37.646610260009766" lon="127.06365203857422"><ele>28.200000762939453</ele><time>2026-09-18T22:53:12Z</time></trkpt><trkpt lat="37.646602630615234" lon="127.06363677978516"><ele>28.200000762939453</ele><time>2026-09-18T22:53:13Z</time></trkpt><trkpt lat="37.64658737182617" lon="127.0636215209961"><ele>28.0</ele><time>2026-09-18T22:53:14Z</time></trkpt><trkpt lat="37.64657211303711" lon="127.06359100341797"><ele>28.0</ele><time>2026-09-18T22:53:15Z</time></trkpt><trkpt lat="37.64656066894531" lon="127.0635757446289"><ele>28.0</ele><time>2026-09-18T22:53:16Z</time></trkpt><trkpt lat="37.64654541015625" lon="127.06356048583984"><ele>28.0</ele><time>2026-09-18T22:53:17Z</time></trkpt><trkpt lat="37.646514892578125" lon="127.06355285644531"><ele>28.0</ele><time>2026-09-18T22:53:18Z</time></trkpt><trkpt lat="37.646514892578125" lon="127.06352233886719"><ele>28.0</ele><time>2026-09-18T22:53:19Z</time></trkpt><trkpt lat="37.64649963378906" lon="127.06350708007812"><ele>28.0</ele><time>2026-09-18T22:53:20Z</time></trkpt><trkpt lat="37.646488189697266" lon="127.06350708007812"><ele>28.0</ele><time>2026-09-18T22:53:21Z</time></trkpt><trkpt lat="37.646480560302734" lon="127.0634994506836"><ele>28.0</ele><time>2026-09-18T22:53:22Z</time></trkpt><trkpt lat="37.64646911621094" lon="127.06349182128906"><ele>28.0</ele><time>2026-09-18T22:53:23Z</time></trkpt><trkpt lat="37.646461486816406" lon="127.0634765625"><ele>28.0</ele><time>2026-09-18T22:53:24Z</time></trkpt><trkpt lat="37.64645004272461" lon="127.06346893310547"><ele>28.0</ele><time>2026-09-18T22:53:25Z</time></trkpt><trkpt lat="37.64643859863281" lon="127.0634536743164"><ele>27.799999237060547</ele><time>2026-09-18T22:53:26Z</time></trkpt><trkpt lat="37.646427154541016" lon="127.06344604492188"><ele>27.799999237060547</ele><time>2026-09-18T22:53:27Z</time></trkpt><trkpt lat="37.646419525146484" lon="127.06343078613281"><ele>27.799999237060547</ele><time>2026-09-18T22:53:28Z</time></trkpt><trkpt lat="37.64640426635742" lon="127.06341552734375"><ele>27.799999237060547</ele><time>2026-09-18T22:53:29Z</time></trkpt><trkpt lat="37.64638900756836" lon="127.06340026855469"><ele>28.0</ele><time>2026-09-18T22:53:30Z</time></trkpt><trkpt lat="37.6463737487793" lon="127.06338500976562"><ele>28.0</ele><time>2026-09-18T22:53:31Z</time></trkpt><trkpt lat="37.646358489990234" lon="127.0633773803711"><ele>28.0</ele><time>2026-09-18T22:53:32Z</time></trkpt><trkpt lat="37.64634323120117" lon="127.06336212158203"><ele>28.0</ele><time>2026-09-18T22:53:33Z</time></trkpt><trkpt lat="37.64633560180664" lon="127.06334686279297"><ele>28.0</ele><time>2026-09-18T22:53:34Z</time></trkpt><trkpt lat="37.646324157714844" lon="127.06329345703125"><ele>28.0</ele><time>2026-09-18T22:53:35Z</time></trkpt><trkpt lat="37.64631652832031" lon="127.06327819824219"><ele>28.0</ele><time>2026-09-18T22:53:36Z</time></trkpt><trkpt lat="37.646305084228516" lon="127.0632553100586"><ele>28.0</ele><time>2026-09-18T22:53:37Z</time></trkpt><trkpt lat="37.646297454833984" lon="127.063232421875"><ele>28.0</ele><time>2026-09-18T22:53:38Z</time></trkpt><trkpt lat="37.646297454833984" lon="127.0632095336914"><ele>28.0</ele><time>2026-09-18T22:53:39Z</time></trkpt><trkpt lat="37.64628982543945" lon="127.06318664550781"><ele>28.0</ele><time>2026-09-18T22:53:40Z</time></trkpt><trkpt lat="37.64628219604492" lon="127.06317138671875"><ele>28.0</ele><time>2026-09-18T22:53:41Z</time></trkpt><trkpt lat="37.64627456665039" lon="127.06314849853516"><ele>28.0</ele><time>2026-09-18T22:53:42Z</time></trkpt><trkpt lat="37.64626693725586" lon="127.06311798095703"><ele>28.0</ele><time>2026-09-18T22:53:43Z</time></trkpt><trkpt lat="37.64625930786133" lon="127.06310272216797"><ele>27.799999237060547</ele><time>2026-09-18T22:53:44Z</time></trkpt><trkpt lat="37.64624786376953" lon="127.06307220458984"><ele>27.799999237060547</ele><time>2026-09-18T22:53:45Z</time></trkpt><trkpt lat="37.646240234375" lon="127.06305694580078"><ele>27.799999237060547</ele><time>2026-09-18T22:53:46Z</time></trkpt><trkpt lat="37.64623260498047" lon="127.06302642822266"><ele>27.799999237060547</ele><time>2026-09-18T22:53:47Z</time></trkpt><trkpt lat="37.6462287902832" lon="127.06300354003906"><ele>27.799999237060547</ele><time>2026-09-18T22:53:48Z</time></trkpt><trkpt lat="37.64622116088867" lon="127.06298828125"><ele>27.799999237060547</ele><time>2026-09-18T22:53:49Z</time></trkpt><trkpt lat="37.64621353149414" lon="127.0629653930664"><ele>27.799999237060547</ele><time>2026-09-18T22:53:50Z</time></trkpt><trkpt lat="37.646202087402344" lon="127.06295013427734"><ele>27.799999237060547</ele><time>2026-09-18T22:53:51Z</time></trkpt><trkpt lat="37.64619445800781" lon="127.06292724609375"><ele>27.799999237060547</ele><time>2026-09-18T22:53:52Z</time></trkpt><trkpt lat="37.64617919921875" lon="127.06291198730469"><ele>27.799999237060547</ele><time>2026-09-18T22:53:53Z</time></trkpt><trkpt lat="37.64616775512695" lon="127.06290435791016"><ele>27.799999237060547</ele><time>2026-09-18T22:53:54Z</time></trkpt><trkpt lat="37.646156311035156" lon="127.06288146972656"><ele>27.799999237060547</ele><time>2026-09-18T22:53:55Z</time></trkpt><trkpt lat="37.646148681640625" lon="127.0628662109375"><ele>27.799999237060547</ele><time>2026-09-18T22:53:56Z</time></trkpt><trkpt lat="37.64613723754883" lon="127.06285095214844"><ele>27.799999237060547</ele><time>2026-09-18T22:53:57Z</time></trkpt><trkpt lat="37.64612579345703" lon="127.06282806396484"><ele>27.799999237060547</ele><time>2026-09-18T22:53:58Z</time></trkpt><trkpt lat="37.6461181640625" lon="127.06281280517578"><ele>27.799999237060547</ele><time>2026-09-18T22:53:59Z</time></trkpt><trkpt lat="37.64610290527344" lon="127.06279754638672"><ele>27.799999237060547</ele><time>2026-09-18T22:54:00Z</time></trkpt><trkpt lat="37.64609146118164" lon="127.06278228759766"><ele>27.799999237060547</ele><time>2026-09-18T22:54:01Z</time></trkpt><trkpt lat="37.64607620239258" lon="127.0627670288086"><ele>27.799999237060547</ele><time>2026-09-18T22:54:02Z</time></trkpt><trkpt lat="37.646060943603516" lon="127.062744140625"><ele>27.799999237060547</ele><time>2026-09-18T22:54:03Z</time></trkpt><trkpt lat="37.64604187011719" lon="127.06272888183594"><ele>27.799999237060547</ele><time>2026-09-18T22:54:04Z</time></trkpt><trkpt lat="37.646026611328125" lon="127.06270599365234"><ele>27.799999237060547</ele><time>2026-09-18T22:54:05Z</time></trkpt><trkpt lat="37.64601516723633" lon="127.06269073486328"><ele>27.799999237060547</ele><time>2026-09-18T22:54:06Z</time></trkpt><trkpt lat="37.6460075378418" lon="127.06266784667969"><ele>27.799999237060547</ele><time>2026-09-18T22:54:07Z</time></trkpt><trkpt lat="37.645999908447266" lon="127.0626449584961"><ele>28.0</ele><time>2026-09-18T22:54:08Z</time></trkpt><trkpt lat="37.64598846435547" lon="127.0626220703125"><ele>27.799999237060547</ele><time>2026-09-18T22:54:09Z</time></trkpt><trkpt lat="37.64597702026367" lon="127.0625991821289"><ele>27.799999237060547</ele><time>2026-09-18T22:54:10Z</time></trkpt><trkpt lat="37.645965576171875" lon="127.06258392333984"><ele>27.600000381469727</ele><time>2026-09-18T22:54:11Z</time></trkpt><trkpt lat="37.64595031738281" lon="127.06255340576172"><ele>27.600000381469727</ele><time>2026-09-18T22:54:12Z</time></trkpt><trkpt lat="37.64594268798828" lon="127.06253814697266"><ele>27.600000381469727</ele><time>2026-09-18T22:54:13Z</time></trkpt><trkpt lat="37.645931243896484" lon="127.06251525878906"><ele>27.600000381469727</ele><time>2026-09-18T22:54:14Z</time></trkpt><trkpt lat="37.64592361450195" lon="127.0625"><ele>27.399999618530273</ele><time>2026-09-18T22:54:15Z</time></trkpt><trkpt lat="37.64591598510742" lon="127.06248474121094"><ele>27.600000381469727</ele><time>2026-09-18T22:54:16Z</time></trkpt><trkpt lat="37.645904541015625" lon="127.06246185302734"><ele>27.600000381469727</ele><time>2026-09-18T22:54:17Z</time></trkpt><trkpt lat="37.645896911621094" lon="127.06244659423828"><ele>27.399999618530273</ele><time>2026-09-18T22:54:18Z</time></trkpt><trkpt lat="37.64588928222656" lon="127.06241607666016"><ele>27.399999618530273</ele><time>2026-09-18T22:54:19Z</time></trkpt><trkpt lat="37.64588165283203" lon="127.06239318847656"><ele>27.399999618530273</ele><time>2026-09-18T22:54:20Z</time></trkpt><trkpt lat="37.645870208740234" lon="127.0623779296875"><ele>27.399999618530273</ele><time>2026-09-18T22:54:21Z</time></trkpt><trkpt lat="37.64585876464844" lon="127.0623550415039"><ele>27.399999618530273</ele><time>2026-09-18T22:54:22Z</time></trkpt><trkpt lat="37.645851135253906" lon="127.06233978271484"><ele>27.399999618530273</ele><time>2026-09-18T22:54:23Z</time></trkpt><trkpt lat="37.64583969116211" lon="127.06232452392578"><ele>27.399999618530273</ele><time>2026-09-18T22:54:24Z</time></trkpt><trkpt lat="37.64582824707031" lon="127.06230163574219"><ele>27.399999618530273</ele><time>2026-09-18T22:54:25Z</time></trkpt><trkpt lat="37.645816802978516" lon="127.06229400634766"><ele>27.399999618530273</ele><time>2026-09-18T22:54:26Z</time></trkpt><trkpt lat="37.64580154418945" lon="127.06226348876953"><ele>27.399999618530273</ele><time>2026-09-18T22:54:27Z</time></trkpt><trkpt lat="37.64579391479492" lon="127.06224822998047"><ele>27.399999618530273</ele><time>2026-09-18T22:54:28Z</time></trkpt><trkpt lat="37.645782470703125" lon="127.06224060058594"><ele>27.399999618530273</ele><time>2026-09-18T22:54:29Z</time></trkpt><trkpt lat="37.64576721191406" lon="127.06221771240234"><ele>27.399999618530273</ele><time>2026-09-18T22:54:30Z</time></trkpt><trkpt lat="37.64575958251953" lon="127.06220245361328"><ele>27.399999618530273</ele><time>2026-09-18T22:54:31Z</time></trkpt><trkpt lat="37.645748138427734" lon="127.06217956542969"><ele>27.399999618530273</ele><time>2026-09-18T22:54:32Z</time></trkpt><trkpt lat="37.64573287963867" lon="127.06216430664062"><ele>27.200000762939453</ele><time>2026-09-18T22:54:33Z</time></trkpt><trkpt lat="37.64571762084961" lon="127.0621566772461"><ele>27.200000762939453</ele><time>2026-09-18T22:54:34Z</time></trkpt><trkpt lat="37.64570236206055" lon="127.06214141845703"><ele>27.200000762939453</ele><time>2026-09-18T22:54:35Z</time></trkpt><trkpt lat="37.645694732666016" lon="127.06212615966797"><ele>27.399999618530273</ele><time>2026-09-18T22:54:36Z</time></trkpt><trkpt lat="37.64567565917969" lon="127.0621109008789"><ele>27.200000762939453</ele><time>2026-09-18T22:54:37Z</time></trkpt><trkpt lat="37.64565658569336" lon="127.06210327148438"><ele>27.200000762939453</ele><time>2026-09-18T22:54:38Z</time></trkpt><trkpt lat="37.6456413269043" lon="127.06208801269531"><ele>27.200000762939453</ele><time>2026-09-18T22:54:39Z</time></trkpt><trkpt lat="37.64562225341797" lon="127.06208038330078"><ele>27.0</ele><time>2026-09-18T22:54:40Z</time></trkpt><trkpt lat="37.645606994628906" lon="127.06207275390625"><ele>27.0</ele><time>2026-09-18T22:54:41Z</time></trkpt><trkpt lat="37.645591735839844" lon="127.06206512451172"><ele>27.0</ele><time>2026-09-18T22:54:42Z</time></trkpt><trkpt lat="37.64557647705078" lon="127.06206512451172"><ele>27.0</ele><time>2026-09-18T22:54:43Z</time></trkpt><trkpt lat="37.64556884765625" lon="127.06204986572266"><ele>27.0</ele><time>2026-09-18T22:54:44Z</time></trkpt><trkpt lat="37.64555740356445" lon="127.0620346069336"><ele>27.0</ele><time>2026-09-18T22:54:45Z</time></trkpt><trkpt lat="37.64554977416992" lon="127.06201934814453"><ele>27.0</ele><time>2026-09-18T22:54:46Z</time></trkpt><trkpt lat="37.645538330078125" lon="127.06200408935547"><ele>27.0</ele><time>2026-09-18T22:54:47Z</time></trkpt><trkpt lat="37.64552307128906" lon="127.0619888305664"><ele>26.799999237060547</ele><time>2026-09-18T22:54:48Z</time></trkpt><trkpt lat="37.645511627197266" lon="127.06198120117188"><ele>26.799999237060547</ele><time>2026-09-18T22:54:49Z</time></trkpt><trkpt lat="37.645503997802734" lon="127.06197357177734"><ele>26.799999237060547</ele><time>2026-09-18T22:54:50Z</time></trkpt><trkpt lat="37.64549255371094" lon="127.06195831298828"><ele>26.799999237060547</ele><time>2026-09-18T22:54:51Z</time></trkpt><trkpt lat="37.645484924316406" lon="127.06195068359375"><ele>26.799999237060547</ele><time>2026-09-18T22:54:52Z</time></trkpt><trkpt lat="37.645477294921875" lon="127.06195068359375"><ele>27.0</ele><time>2026-09-18T22:54:53Z</time></trkpt><trkpt lat="37.645469665527344" lon="127.06194305419922"><ele>27.200000762939453</ele><time>2026-09-18T22:54:54Z</time></trkpt><trkpt lat="37.64545822143555" lon="127.06193542480469"><ele>27.399999618530273</ele><time>2026-09-18T22:54:55Z</time></trkpt><trkpt lat="37.64544677734375" lon="127.06192016601562"><ele>27.399999618530273</ele><time>2026-09-18T22:54:56Z</time></trkpt><trkpt lat="37.64543533325195" lon="127.0619125366211"><ele>27.399999618530273</ele><time>2026-09-18T22:54:57Z</time></trkpt><trkpt lat="37.645423889160156" lon="127.06190490722656"><ele>27.200000762939453</ele><time>2026-09-18T22:54:58Z</time></trkpt><trkpt lat="37.64541244506836" lon="127.06190490722656"><ele>26.799999237060547</ele><time>2026-09-18T22:54:59Z</time></trkpt><trkpt lat="37.64540481567383" lon="127.06189727783203"><ele>26.600000381469727</ele><time>2026-09-18T22:55:00Z</time></trkpt><trkpt lat="37.64539337158203" lon="127.06188201904297"><ele>26.600000381469727</ele><time>2026-09-18T22:55:01Z</time></trkpt><trkpt lat="37.6453857421875" lon="127.06187438964844"><ele>26.600000381469727</ele><time>2026-09-18T22:55:02Z</time></trkpt><trkpt lat="37.64537811279297" lon="127.0618667602539"><ele>26.600000381469727</ele><time>2026-09-18T22:55:03Z</time></trkpt><trkpt lat="37.6453742980957" lon="127.06185913085938"><ele>26.600000381469727</ele><time>2026-09-18T22:55:04Z</time></trkpt><trkpt lat="37.64537048339844" lon="127.06185150146484"><ele>26.600000381469727</ele><time>2026-09-18T22:55:05Z</time></trkpt><trkpt lat="37.645362854003906" lon="127.06184387207031"><ele>26.600000381469727</ele><time>2026-09-18T22:55:06Z</time></trkpt><trkpt lat="37.64535140991211" lon="127.06183624267578"><ele>26.600000381469727</ele><time>2026-09-18T22:55:07Z</time></trkpt><trkpt lat="37.64534378051758" lon="127.06182861328125"><ele>26.600000381469727</ele><time>2026-09-18T22:55:08Z</time></trkpt><trkpt lat="37.64533233642578" lon="127.06181335449219"><ele>26.799999237060547</ele><time>2026-09-18T22:55:09Z</time></trkpt><trkpt lat="37.645320892333984" lon="127.06180572509766"><ele>26.799999237060547</ele><time>2026-09-18T22:55:10Z</time></trkpt><trkpt lat="37.64530944824219" lon="127.0617904663086"><ele>26.799999237060547</ele><time>2026-09-18T22:55:11Z</time></trkpt><trkpt lat="37.645301818847656" lon="127.06177520751953"><ele>26.799999237060547</ele><time>2026-09-18T22:55:12Z</time></trkpt><trkpt lat="37.645294189453125" lon="127.061767578125"><ele>26.799999237060547</ele><time>2026-09-18T22:55:13Z</time></trkpt><trkpt lat="37.64528274536133" lon="127.06175231933594"><ele>26.799999237060547</ele><time>2026-09-18T22:55:14Z</time></trkpt><trkpt lat="37.6452751159668" lon="127.06173706054688"><ele>26.799999237060547</ele><time>2026-09-18T22:55:15Z</time></trkpt><trkpt lat="37.645267486572266" lon="127.06172180175781"><ele>27.0</ele><time>2026-09-18T22:55:16Z</time></trkpt><trkpt lat="37.645259857177734" lon="127.06170654296875"><ele>27.0</ele><time>2026-09-18T22:55:17Z</time></trkpt><trkpt lat="37.64524841308594" lon="127.06169128417969"><ele>27.0</ele><time>2026-09-18T22:55:18Z</time></trkpt><trkpt lat="37.64524459838867" lon="127.06168365478516"><ele>26.799999237060547</ele><time>2026-09-18T22:55:19Z</time></trkpt><trkpt lat="37.645233154296875" lon="127.06167602539062"><ele>26.799999237060547</ele><time>2026-09-18T22:55:20Z</time></trkpt><trkpt lat="37.645225524902344" lon="127.0616683959961"><ele>26.799999237060547</ele><time>2026-09-18T22:55:21Z</time></trkpt><trkpt lat="37.64521789550781" lon="127.06165313720703"><ele>26.799999237060547</ele><time>2026-09-18T22:55:22Z</time></trkpt><trkpt lat="37.64521026611328" lon="127.0616455078125"><ele>26.799999237060547</ele><time>2026-09-18T22:55:23Z</time></trkpt><trkpt lat="37.64520263671875" lon="127.06163787841797"><ele>27.0</ele><time>2026-09-18T22:55:24Z</time></trkpt><trkpt lat="37.64519119262695" lon="127.06163024902344"><ele>27.0</ele><time>2026-09-18T22:55:25Z</time></trkpt><trkpt lat="37.645179748535156" lon="127.06161499023438"><ele>27.200000762939453</ele><time>2026-09-18T22:55:26Z</time></trkpt><trkpt lat="37.645172119140625" lon="127.06159973144531"><ele>27.0</ele><time>2026-09-18T22:55:27Z</time></trkpt><trkpt lat="37.64516067504883" lon="127.06159210205078"><ele>27.0</ele><time>2026-09-18T22:55:28Z</time></trkpt><trkpt lat="37.6451530456543" lon="127.06158447265625"><ele>26.799999237060547</ele><time>2026-09-18T22:55:29Z</time></trkpt><trkpt lat="37.6451416015625" lon="127.06156921386719"><ele>26.600000381469727</ele><time>2026-09-18T22:55:30Z</time></trkpt><trkpt lat="37.64513397216797" lon="127.06156158447266"><ele>26.600000381469727</ele><time>2026-09-18T22:55:31Z</time></trkpt><trkpt lat="37.64512252807617" lon="127.06155395507812"><ele>26.600000381469727</ele><time>2026-09-18T22:55:32Z</time></trkpt><trkpt lat="37.64511489868164" lon="127.06153869628906"><ele>26.600000381469727</ele><time>2026-09-18T22:55:33Z</time></trkpt><trkpt lat="37.645103454589844" lon="127.0615234375"><ele>26.600000381469727</ele><time>2026-09-18T22:55:34Z</time></trkpt><trkpt lat="37.64509201049805" lon="127.06151580810547"><ele>26.799999237060547</ele><time>2026-09-18T22:55:35Z</time></trkpt><trkpt lat="37.64508056640625" lon="127.06150817871094"><ele>26.799999237060547</ele><time>2026-09-18T22:55:36Z</time></trkpt><trkpt lat="37.64506912231445" lon="127.0615005493164"><ele>26.799999237060547</ele><time>2026-09-18T22:55:37Z</time></trkpt><trkpt lat="37.64506149291992" lon="127.06149291992188"><ele>26.600000381469727</ele><time>2026-09-18T22:55:38Z</time></trkpt><trkpt lat="37.64505386352539" lon="127.06148529052734"><ele>26.600000381469727</ele><time>2026-09-18T22:55:39Z</time></trkpt><trkpt lat="37.64504623413086" lon="127.06147766113281"><ele>26.600000381469727</ele><time>2026-09-18T22:55:40Z</time></trkpt><trkpt lat="37.64503479003906" lon="127.06146240234375"><ele>26.600000381469727</ele><time>2026-09-18T22:55:41Z</time></trkpt><trkpt lat="37.645023345947266" lon="127.06145477294922"><ele>26.399999618530273</ele><time>2026-09-18T22:55:42Z</time></trkpt><trkpt lat="37.645015716552734" lon="127.06144714355469"><ele>26.600000381469727</ele><time>2026-09-18T22:55:43Z</time></trkpt><trkpt lat="37.64500427246094" lon="127.06143951416016"><ele>26.600000381469727</ele><time>2026-09-18T22:55:44Z</time></trkpt><trkpt lat="37.644996643066406" lon="127.06143188476562"><ele>26.600000381469727</ele><time>2026-09-18T22:55:45Z</time></trkpt><trkpt lat="37.644989013671875" lon="127.0614242553711"><ele>26.600000381469727</ele><time>2026-09-18T22:55:46Z</time></trkpt><trkpt lat="37.644981384277344" lon="127.0614242553711"><ele>26.600000381469727</ele><time>2026-09-18T22:55:47Z</time></trkpt><trkpt lat="37.64497375488281" lon="127.06141662597656"><ele>26.600000381469727</ele><time>2026-09-18T22:55:48Z</time></trkpt><trkpt lat="37.644962310791016" lon="127.06141662597656"><ele>26.600000381469727</ele><time>2026-09-18T22:55:49Z</time></trkpt><trkpt lat="37.644954681396484" lon="127.06140899658203"><ele>26.600000381469727</ele><time>2026-09-18T22:55:50Z</time></trkpt><trkpt lat="37.64494705200195" lon="127.0614013671875"><ele>26.600000381469727</ele><time>2026-09-18T22:55:51Z</time></trkpt><trkpt lat="37.644935607910156" lon="127.06139373779297"><ele>26.600000381469727</ele><time>2026-09-18T22:55:52Z</time></trkpt><trkpt lat="37.64492416381836" lon="127.0613784790039"><ele>26.600000381469727</ele><time>2026-09-18T22:55:53Z</time></trkpt><trkpt lat="37.6449089050293" lon="127.06137084960938"><ele>26.600000381469727</ele><time>2026-09-18T22:55:54Z</time></trkpt><trkpt lat="37.644901275634766" lon="127.06136322021484"><ele>26.399999618530273</ele><time>2026-09-18T22:55:55Z</time></trkpt><trkpt lat="37.64488220214844" lon="127.06131744384766"><ele>26.399999618530273</ele><time>2026-09-18T22:55:56Z</time></trkpt><trkpt lat="37.64487075805664" lon="127.06130981445312"><ele>26.399999618530273</ele><time>2026-09-18T22:55:57Z</time></trkpt><trkpt lat="37.64486312866211" lon="127.06129455566406"><ele>26.399999618530273</ele><time>2026-09-18T22:55:58Z</time></trkpt><trkpt lat="37.64485549926758" lon="127.06128692626953"><ele>26.399999618530273</ele><time>2026-09-18T22:55:59Z</time></trkpt><trkpt lat="37.64484405517578" lon="127.061279296875"><ele>26.399999618530273</ele><time>2026-09-18T22:56:00Z</time></trkpt><trkpt lat="37.64482879638672" lon="127.06126403808594"><ele>26.399999618530273</ele><time>2026-09-18T22:56:01Z</time></trkpt><trkpt lat="37.64481735229492" lon="127.06126403808594"><ele>26.399999618530273</ele><time>2026-09-18T22:56:02Z</time></trkpt><trkpt lat="37.64480209350586" lon="127.0612564086914"><ele>26.399999618530273</ele><time>2026-09-18T22:56:03Z</time></trkpt><trkpt lat="37.64478302001953" lon="127.06127166748047"><ele>26.399999618530273</ele><time>2026-09-18T22:56:04Z</time></trkpt><trkpt lat="37.6447868347168" lon="127.061279296875"><ele>26.399999618530273</ele><time>2026-09-18T22:56:05Z</time></trkpt><trkpt lat="37.644775390625" lon="127.06127166748047"><ele>26.399999618530273</ele><time>2026-09-18T22:56:06Z</time></trkpt><trkpt lat="37.64476013183594" lon="127.06127166748047"><ele>26.399999618530273</ele><time>2026-09-18T22:56:07Z</time></trkpt><trkpt lat="37.64475631713867" lon="127.06127166748047"><ele>26.399999618530273</ele><time>2026-09-18T22:56:08Z</time></trkpt><trkpt lat="37.644744873046875" lon="127.06127166748047"><ele>26.399999618530273</ele><time>2026-09-18T22:56:09Z</time></trkpt><trkpt lat="37.644737243652344" lon="127.06126403808594"><ele>26.399999618530273</ele><time>2026-09-18T22:56:10Z</time></trkpt><trkpt lat="37.64472198486328" lon="127.06126403808594"><ele>26.399999618530273</ele><time>2026-09-18T22:56:11Z</time></trkpt><trkpt lat="37.644710540771484" lon="127.0612564086914"><ele>26.399999618530273</ele><time>2026-09-18T22:56:12Z</time></trkpt><trkpt lat="37.64469909667969" lon="127.0612564086914"><ele>26.399999618530273</ele><time>2026-09-18T22:56:13Z</time></trkpt><trkpt lat="37.64468765258789" lon="127.0612564086914"><ele>26.600000381469727</ele><time>2026-09-18T22:56:14Z</time></trkpt><trkpt lat="37.64468002319336" lon="127.0612564086914"><ele>26.600000381469727</ele><time>2026-09-18T22:56:15Z</time></trkpt><trkpt lat="37.64466857910156" lon="127.06124877929688"><ele>26.600000381469727</ele><time>2026-09-18T22:56:16Z</time></trkpt><trkpt lat="37.644657135009766" lon="127.06124877929688"><ele>26.399999618530273</ele><time>2026-09-18T22:56:17Z</time></trkpt><trkpt lat="37.64464569091797" lon="127.06124877929688"><ele>26.399999618530273</ele><time>2026-09-18T22:56:18Z</time></trkpt><trkpt lat="37.64463424682617" lon="127.06124877929688"><ele>26.200000762939453</ele><time>2026-09-18T22:56:19Z</time></trkpt><trkpt lat="37.644622802734375" lon="127.06124877929688"><ele>26.200000762939453</ele><time>2026-09-18T22:56:20Z</time></trkpt><trkpt lat="37.64461135864258" lon="127.06124877929688"><ele>26.399999618530273</ele><time>2026-09-18T22:56:21Z</time></trkpt><trkpt lat="37.644596099853516" lon="127.06124877929688"><ele>26.399999618530273</ele><time>2026-09-18T22:56:22Z</time></trkpt><trkpt lat="37.64458465576172" lon="127.06124114990234"><ele>26.399999618530273</ele><time>2026-09-18T22:56:23Z</time></trkpt><trkpt lat="37.64457702636719" lon="127.06124114990234"><ele>26.399999618530273</ele><time>2026-09-18T22:56:24Z</time></trkpt><trkpt lat="37.64456558227539" lon="127.06124114990234"><ele>26.399999618530273</ele><time>2026-09-18T22:56:25Z</time></trkpt><trkpt lat="37.644554138183594" lon="127.06124114990234"><ele>26.399999618530273</ele><time>2026-09-18T22:56:26Z</time></trkpt><trkpt lat="37.6445426940918" lon="127.06124114990234"><ele>26.399999618530273</ele><time>2026-09-18T22:56:27Z</time></trkpt><trkpt lat="37.64453125" lon="127.06124114990234"><ele>26.399999618530273</ele><time>2026-09-18T22:56:28Z</time></trkpt><trkpt lat="37.6445198059082" lon="127.06124114990234"><ele>26.399999618530273</ele><time>2026-09-18T22:56:29Z</time></trkpt><trkpt lat="37.644508361816406" lon="127.06124114990234"><ele>26.399999618530273</ele><time>2026-09-18T22:56:30Z</time></trkpt><trkpt lat="37.64449691772461" lon="127.06124114990234"><ele>26.399999618530273</ele><time>2026-09-18T22:56:31Z</time></trkpt><trkpt lat="37.64448547363281" lon="127.06124114990234"><ele>26.399999618530273</ele><time>2026-09-18T22:56:32Z</time></trkpt><trkpt lat="37.64447021484375" lon="127.06124114990234"><ele>26.399999618530273</ele><time>2026-09-18T22:56:33Z</time></trkpt><trkpt lat="37.64446258544922" lon="127.06124114990234"><ele>26.399999618530273</ele><time>2026-09-18T22:56:34Z</time></trkpt><trkpt lat="37.644447326660156" lon="127.06124114990234"><ele>26.399999618530273</ele><time>2026-09-18T22:56:35Z</time></trkpt><trkpt lat="37.64443588256836" lon="127.06124114990234"><ele>26.399999618530273</ele><time>2026-09-18T22:56:36Z</time></trkpt><trkpt lat="37.64442443847656" lon="127.06124114990234"><ele>26.399999618530273</ele><time>2026-09-18T22:56:37Z</time></trkpt><trkpt lat="37.64441680908203" lon="127.06124114990234"><ele>26.399999618530273</ele><time>2026-09-18T22:56:38Z</time></trkpt><trkpt lat="37.644405364990234" lon="127.06124114990234"><ele>26.399999618530273</ele><time>2026-09-18T22:56:39Z</time></trkpt><trkpt lat="37.64439392089844" lon="127.06124114990234"><ele>26.399999618530273</ele><time>2026-09-18T22:56:40Z</time></trkpt><trkpt lat="37.64438247680664" lon="127.06124114990234"><ele>26.399999618530273</ele><time>2026-09-18T22:56:41Z</time></trkpt><trkpt lat="37.64437484741211" lon="127.06124114990234"><ele>26.399999618530273</ele><time>2026-09-18T22:56:42Z</time></trkpt><trkpt lat="37.64436340332031" lon="127.06124114990234"><ele>26.200000762939453</ele><time>2026-09-18T22:56:43Z</time></trkpt><trkpt lat="37.644351959228516" lon="127.06124114990234"><ele>26.200000762939453</ele><time>2026-09-18T22:56:44Z</time></trkpt><trkpt lat="37.64434051513672" lon="127.06124114990234"><ele>26.200000762939453</ele><time>2026-09-18T22:56:45Z</time></trkpt><trkpt lat="37.64432907104492" lon="127.06124114990234"><ele>26.0</ele><time>2026-09-18T22:56:46Z</time></trkpt><trkpt lat="37.64431381225586" lon="127.06124114990234"><ele>26.0</ele><time>2026-09-18T22:56:47Z</time></trkpt><trkpt lat="37.6442985534668" lon="127.06124114990234"><ele>26.0</ele><time>2026-09-18T22:56:48Z</time></trkpt><trkpt lat="37.644283294677734" lon="127.06123352050781"><ele>26.0</ele><time>2026-09-18T22:56:49Z</time></trkpt><trkpt lat="37.64426803588867" lon="127.06123352050781"><ele>26.0</ele><time>2026-09-18T22:56:50Z</time></trkpt><trkpt lat="37.644248962402344" lon="127.06123352050781"><ele>26.0</ele><time>2026-09-18T22:56:51Z</time></trkpt><trkpt lat="37.64423370361328" lon="127.06122589111328"><ele>26.0</ele><time>2026-09-18T22:56:52Z</time></trkpt><trkpt lat="37.64421844482422" lon="127.06122589111328"><ele>26.0</ele><time>2026-09-18T22:56:53Z</time></trkpt><trkpt lat="37.64420700073242" lon="127.06122589111328"><ele>26.0</ele><time>2026-09-18T22:56:54Z</time></trkpt><trkpt lat="37.64419174194336" lon="127.06121826171875"><ele>26.0</ele><time>2026-09-18T22:56:55Z</time></trkpt><trkpt lat="37.64418029785156" lon="127.06121826171875"><ele>26.0</ele><time>2026-09-18T22:56:56Z</time></trkpt><trkpt lat="37.64417266845703" lon="127.06121826171875"><ele>26.0</ele><time>2026-09-18T22:56:57Z</time></trkpt><trkpt lat="37.644161224365234" lon="127.06121826171875"><ele>26.0</ele><time>2026-09-18T22:56:58Z</time></trkpt><trkpt lat="37.6441535949707" lon="127.06121063232422"><ele>26.0</ele><time>2026-09-18T22:56:59Z</time></trkpt><trkpt lat="37.644142150878906" lon="127.06121063232422"><ele>26.0</ele><time>2026-09-18T22:57:00Z</time></trkpt><trkpt lat="37.64413070678711" lon="127.06121063232422"><ele>26.0</ele><time>2026-09-18T22:57:01Z</time></trkpt><trkpt lat="37.64411926269531" lon="127.06121063232422"><ele>26.0</ele><time>2026-09-18T22:57:02Z</time></trkpt><trkpt lat="37.644107818603516" lon="127.06120300292969"><ele>26.0</ele><time>2026-09-18T22:57:03Z</time></trkpt><trkpt lat="37.64409637451172" lon="127.06120300292969"><ele>26.0</ele><time>2026-09-18T22:57:04Z</time></trkpt><trkpt lat="37.64408493041992" lon="127.06120300292969"><ele>25.799999237060547</ele><time>2026-09-18T22:57:05Z</time></trkpt><trkpt lat="37.644073486328125" lon="127.06120300292969"><ele>25.799999237060547</ele><time>2026-09-18T22:57:06Z</time></trkpt><trkpt lat="37.644065856933594" lon="127.06120300292969"><ele>25.799999237060547</ele><time>2026-09-18T22:57:07Z</time></trkpt><trkpt lat="37.6440544128418" lon="127.06119537353516"><ele>25.799999237060547</ele><time>2026-09-18T22:57:08Z</time></trkpt><trkpt lat="37.644046783447266" lon="127.06119537353516"><ele>25.799999237060547</ele><time>2026-09-18T22:57:09Z</time></trkpt><trkpt lat="37.64403533935547" lon="127.06119537353516"><ele>25.600000381469727</ele><time>2026-09-18T22:57:10Z</time></trkpt><trkpt lat="37.64402389526367" lon="127.06119537353516"><ele>25.600000381469727</ele><time>2026-09-18T22:57:11Z</time></trkpt><trkpt lat="37.644012451171875" lon="127.06119537353516"><ele>25.799999237060547</ele><time>2026-09-18T22:57:12Z</time></trkpt><trkpt lat="37.644004821777344" lon="127.06118774414062"><ele>25.799999237060547</ele><time>2026-09-18T22:57:13Z</time></trkpt><trkpt lat="37.64399337768555" lon="127.06118774414062"><ele>25.799999237060547</ele><time>2026-09-18T22:57:14Z</time></trkpt><trkpt lat="37.643978118896484" lon="127.0611801147461"><ele>25.799999237060547</ele><time>2026-09-18T22:57:15Z</time></trkpt><trkpt lat="37.64396667480469" lon="127.0611801147461"><ele>25.799999237060547</ele><time>2026-09-18T22:57:16Z</time></trkpt><trkpt lat="37.643951416015625" lon="127.0611801147461"><ele>25.799999237060547</ele><time>2026-09-18T22:57:17Z</time></trkpt><trkpt lat="37.64393997192383" lon="127.06117248535156"><ele>25.799999237060547</ele><time>2026-09-18T22:57:18Z</time></trkpt><trkpt lat="37.64392852783203" lon="127.06117248535156"><ele>25.799999237060547</ele><time>2026-09-18T22:57:19Z</time></trkpt><trkpt lat="37.643917083740234" lon="127.06117248535156"><ele>25.600000381469727</ele><time>2026-09-18T22:57:20Z</time></trkpt><trkpt lat="37.6439094543457" lon="127.06116485595703"><ele>25.600000381469727</ele><time>2026-09-18T22:57:21Z</time></trkpt><trkpt lat="37.643898010253906" lon="127.06116485595703"><ele>25.600000381469727</ele><time>2026-09-18T22:57:22Z</time></trkpt><trkpt lat="37.64388656616211" lon="127.06116485595703"><ele>25.600000381469727</ele><time>2026-09-18T22:57:23Z</time></trkpt><trkpt lat="37.64387512207031" lon="127.06116485595703"><ele>25.600000381469727</ele><time>2026-09-18T22:57:24Z</time></trkpt><trkpt lat="37.64386749267578" lon="127.06116485595703"><ele>25.799999237060547</ele><time>2026-09-18T22:57:25Z</time></trkpt><trkpt lat="37.643856048583984" lon="127.06116485595703"><ele>25.799999237060547</ele><time>2026-09-18T22:57:26Z</time></trkpt><trkpt lat="37.64384460449219" lon="127.0611572265625"><ele>25.799999237060547</ele><time>2026-09-18T22:57:27Z</time></trkpt><trkpt lat="37.64383316040039" lon="127.0611572265625"><ele>25.799999237060547</ele><time>2026-09-18T22:57:28Z</time></trkpt><trkpt lat="37.643821716308594" lon="127.0611572265625"><ele>25.799999237060547</ele><time>2026-09-18T22:57:29Z</time></trkpt><trkpt lat="37.6438102722168" lon="127.0611572265625"><ele>25.799999237060547</ele><time>2026-09-18T22:57:30Z</time></trkpt><trkpt lat="37.643802642822266" lon="127.0611572265625"><ele>25.799999237060547</ele><time>2026-09-18T22:57:31Z</time></trkpt><trkpt lat="37.64379119873047" lon="127.0611572265625"><ele>25.799999237060547</ele><time>2026-09-18T22:57:32Z</time></trkpt><trkpt lat="37.64377975463867" lon="127.0611572265625"><ele>25.799999237060547</ele><time>2026-09-18T22:57:33Z</time></trkpt><trkpt lat="37.643768310546875" lon="127.0611572265625"><ele>25.799999237060547</ele><time>2026-09-18T22:57:34Z</time></trkpt><trkpt lat="37.64375686645508" lon="127.06116485595703"><ele>25.799999237060547</ele><time>2026-09-18T22:57:35Z</time></trkpt><trkpt lat="37.64374923706055" lon="127.0611572265625"><ele>25.799999237060547</ele><time>2026-09-18T22:57:36Z</time></trkpt><trkpt lat="37.64373779296875" lon="127.0611572265625"><ele>25.600000381469727</ele><time>2026-09-18T22:57:37Z</time></trkpt><trkpt lat="37.64372634887695" lon="127.06116485595703"><ele>25.600000381469727</ele><time>2026-09-18T22:57:38Z</time></trkpt><trkpt lat="37.64371871948242" lon="127.06116485595703"><ele>25.399999618530273</ele><time>2026-09-18T22:57:39Z</time></trkpt><trkpt lat="37.643707275390625" lon="127.06116485595703"><ele>25.399999618530273</ele><time>2026-09-18T22:57:40Z</time></trkpt><trkpt lat="37.64369201660156" lon="127.06116485595703"><ele>25.200000762939453</ele><time>2026-09-18T22:57:41Z</time></trkpt><trkpt lat="37.64368438720703" lon="127.06116485595703"><ele>25.200000762939453</ele><time>2026-09-18T22:57:42Z</time></trkpt><trkpt lat="37.643672943115234" lon="127.06116485595703"><ele>25.399999618530273</ele><time>2026-09-18T22:57:43Z</time></trkpt><trkpt lat="37.64366149902344" lon="127.06117248535156"><ele>25.399999618530273</ele><time>2026-09-18T22:57:44Z</time></trkpt><trkpt lat="37.64365005493164" lon="127.06117248535156"><ele>25.399999618530273</ele><time>2026-09-18T22:57:45Z</time></trkpt><trkpt lat="37.64363479614258" lon="127.06117248535156"><ele>25.399999618530273</ele><time>2026-09-18T22:57:46Z</time></trkpt><trkpt lat="37.64362335205078" lon="127.0611801147461"><ele>25.600000381469727</ele><time>2026-09-18T22:57:47Z</time></trkpt><trkpt lat="37.64360809326172" lon="127.0611801147461"><ele>25.600000381469727</ele><time>2026-09-18T22:57:48Z</time></trkpt><trkpt lat="37.643592834472656" lon="127.06118774414062"><ele>25.600000381469727</ele><time>2026-09-18T22:57:49Z</time></trkpt><trkpt lat="37.643577575683594" lon="127.06118774414062"><ele>25.600000381469727</ele><time>2026-09-18T22:57:50Z</time></trkpt><trkpt lat="37.64356994628906" lon="127.06118774414062"><ele>25.600000381469727</ele><time>2026-09-18T22:57:51Z</time></trkpt><trkpt lat="37.643558502197266" lon="127.06119537353516"><ele>25.399999618530273</ele><time>2026-09-18T22:57:52Z</time></trkpt><trkpt lat="37.6435432434082" lon="127.06119537353516"><ele>25.399999618530273</ele><time>2026-09-18T22:57:53Z</time></trkpt><trkpt lat="37.643531799316406" lon="127.06120300292969"><ele>25.399999618530273</ele><time>2026-09-18T22:57:54Z</time></trkpt><trkpt lat="37.64352035522461" lon="127.06120300292969"><ele>25.399999618530273</ele><time>2026-09-18T22:57:55Z</time></trkpt><trkpt lat="37.64350891113281" lon="127.06120300292969"><ele>25.399999618530273</ele><time>2026-09-18T22:57:56Z</time></trkpt><trkpt lat="37.643497467041016" lon="127.06120300292969"><ele>25.399999618530273</ele><time>2026-09-18T22:57:57Z</time></trkpt><trkpt lat="37.64348602294922" lon="127.06119537353516"><ele>25.399999618530273</ele><time>2026-09-18T22:57:58Z</time></trkpt><trkpt lat="37.64347457885742" lon="127.06119537353516"><ele>25.399999618530273</ele><time>2026-09-18T22:57:59Z</time></trkpt><trkpt lat="37.643463134765625" lon="127.06119537353516"><ele>25.399999618530273</ele><time>2026-09-18T22:58:00Z</time></trkpt><trkpt lat="37.64345169067383" lon="127.06118774414062"><ele>25.399999618530273</ele><time>2026-09-18T22:58:01Z</time></trkpt><trkpt lat="37.64344024658203" lon="127.0611801147461"><ele>25.399999618530273</ele><time>2026-09-18T22:58:02Z</time></trkpt><trkpt lat="37.6434326171875" lon="127.06117248535156"><ele>25.399999618530273</ele><time>2026-09-18T22:58:03Z</time></trkpt><trkpt lat="37.64341735839844" lon="127.06116485595703"><ele>25.399999618530273</ele><time>2026-09-18T22:58:04Z</time></trkpt><trkpt lat="37.64340591430664" lon="127.06116485595703"><ele>25.399999618530273</ele><time>2026-09-18T22:58:05Z</time></trkpt><trkpt lat="37.643394470214844" lon="127.0611572265625"><ele>25.200000762939453</ele><time>2026-09-18T22:58:06Z</time></trkpt><trkpt lat="37.64338684082031" lon="127.0611572265625"><ele>25.200000762939453</ele><time>2026-09-18T22:58:07Z</time></trkpt><trkpt lat="37.64337158203125" lon="127.0611572265625"><ele>25.200000762939453</ele><time>2026-09-18T22:58:08Z</time></trkpt><trkpt lat="37.64336395263672" lon="127.06116485595703"><ele>25.200000762939453</ele><time>2026-09-18T22:58:09Z</time></trkpt><trkpt lat="37.64335250854492" lon="127.06116485595703"><ele>25.0</ele><time>2026-09-18T22:58:10Z</time></trkpt><trkpt lat="37.643341064453125" lon="127.06116485595703"><ele>25.0</ele><time>2026-09-18T22:58:11Z</time></trkpt><trkpt lat="37.64332580566406" lon="127.06116485595703"><ele>25.0</ele><time>2026-09-18T22:58:12Z</time></trkpt><trkpt lat="37.643314361572266" lon="127.06116485595703"><ele>25.0</ele><time>2026-09-18T22:58:13Z</time></trkpt><trkpt lat="37.64329528808594" lon="127.06116485595703"><ele>25.0</ele><time>2026-09-18T22:58:14Z</time></trkpt><trkpt lat="37.64327621459961" lon="127.06116485595703"><ele>25.200000762939453</ele><time>2026-09-18T22:58:15Z</time></trkpt><trkpt lat="37.643253326416016" lon="127.06116485595703"><ele>25.200000762939453</ele><time>2026-09-18T22:58:16Z</time></trkpt><trkpt lat="37.64323043823242" lon="127.06116485595703"><ele>25.200000762939453</ele><time>2026-09-18T22:58:17Z</time></trkpt><trkpt lat="37.64320755004883" lon="127.06116485595703"><ele>25.200000762939453</ele><time>2026-09-18T22:58:18Z</time></trkpt><trkpt lat="37.64318084716797" lon="127.06116485595703"><ele>25.200000762939453</ele><time>2026-09-18T22:58:19Z</time></trkpt><trkpt lat="37.643157958984375" lon="127.06116485595703"><ele>25.200000762939453</ele><time>2026-09-18T22:58:20Z</time></trkpt><trkpt lat="37.64313507080078" lon="127.06116485595703"><ele>25.200000762939453</ele><time>2026-09-18T22:58:21Z</time></trkpt><trkpt lat="37.64311218261719" lon="127.06116485595703"><ele>25.200000762939453</ele><time>2026-09-18T22:58:22Z</time></trkpt><trkpt lat="37.643089294433594" lon="127.06116485595703"><ele>25.200000762939453</ele><time>2026-09-18T22:58:23Z</time></trkpt><trkpt lat="37.643070220947266" lon="127.06116485595703"><ele>25.200000762939453</ele><time>2026-09-18T22:58:24Z</time></trkpt><trkpt lat="37.64304733276367" lon="127.06114959716797"><ele>25.200000762939453</ele><time>2026-09-18T22:58:25Z</time></trkpt><trkpt lat="37.64302444458008" lon="127.06114959716797"><ele>25.200000762939453</ele><time>2026-09-18T22:58:26Z</time></trkpt><trkpt lat="37.64299774169922" lon="127.06114196777344"><ele>25.200000762939453</ele><time>2026-09-18T22:58:27Z</time></trkpt><trkpt lat="37.64297866821289" lon="127.06114959716797"><ele>25.200000762939453</ele><time>2026-09-18T22:58:28Z</time></trkpt><trkpt lat="37.642948150634766" lon="127.06114959716797"><ele>25.200000762939453</ele><time>2026-09-18T22:58:29Z</time></trkpt><trkpt lat="37.64292907714844" lon="127.0611572265625"><ele>25.200000762939453</ele><time>2026-09-18T22:58:30Z</time></trkpt><trkpt lat="37.64289855957031" lon="127.06114959716797"><ele>25.200000762939453</ele><time>2026-09-18T22:58:31Z</time></trkpt><trkpt lat="37.64287567138672" lon="127.06114959716797"><ele>25.200000762939453</ele><time>2026-09-18T22:58:32Z</time></trkpt><trkpt lat="37.642845153808594" lon="127.06114959716797"><ele>25.200000762939453</ele><time>2026-09-18T22:58:33Z</time></trkpt><trkpt lat="37.642822265625" lon="127.06114196777344"><ele>25.200000762939453</ele><time>2026-09-18T22:58:34Z</time></trkpt><trkpt lat="37.642799377441406" lon="127.06114196777344"><ele>25.200000762939453</ele><time>2026-09-18T22:58:35Z</time></trkpt><trkpt lat="37.64277648925781" lon="127.06114196777344"><ele>25.200000762939453</ele><time>2026-09-18T22:58:36Z</time></trkpt><trkpt lat="37.64275360107422" lon="127.06114196777344"><ele>25.200000762939453</ele><time>2026-09-18T22:58:37Z</time></trkpt><trkpt lat="37.64272689819336" lon="127.0611343383789"><ele>25.200000762939453</ele><time>2026-09-18T22:58:38Z</time></trkpt><trkpt lat="37.642704010009766" lon="127.0611343383789"><ele>25.399999618530273</ele><time>2026-09-18T22:58:39Z</time></trkpt><trkpt lat="37.64268112182617" lon="127.06112670898438"><ele>25.399999618530273</ele><time>2026-09-18T22:58:40Z</time></trkpt><trkpt lat="37.64265823364258" lon="127.06112670898438"><ele>25.399999618530273</ele><time>2026-09-18T22:58:41Z</time></trkpt><trkpt lat="37.64263153076172" lon="127.06111907958984"><ele>25.399999618530273</ele><time>2026-09-18T22:58:42Z</time></trkpt><trkpt lat="37.64261245727539" lon="127.06111907958984"><ele>25.200000762939453</ele><time>2026-09-18T22:58:43Z</time></trkpt><trkpt lat="37.64258575439453" lon="127.06111907958984"><ele>25.200000762939453</ele><time>2026-09-18T22:58:44Z</time></trkpt><trkpt lat="37.6425666809082" lon="127.06111907958984"><ele>25.0</ele><time>2026-09-18T22:58:45Z</time></trkpt><trkpt lat="37.64254379272461" lon="127.06111907958984"><ele>25.0</ele><time>2026-09-18T22:58:46Z</time></trkpt><trkpt lat="37.64252853393555" lon="127.06111907958984"><ele>25.0</ele><time>2026-09-18T22:58:47Z</time></trkpt><trkpt lat="37.64250183105469" lon="127.06111907958984"><ele>25.0</ele><time>2026-09-18T22:58:48Z</time></trkpt><trkpt lat="37.64248275756836" lon="127.06111907958984"><ele>25.0</ele><time>2026-09-18T22:58:49Z</time></trkpt><trkpt lat="37.6424560546875" lon="127.06111907958984"><ele>25.200000762939453</ele><time>2026-09-18T22:58:50Z</time></trkpt><trkpt lat="37.642433166503906" lon="127.06111907958984"><ele>25.200000762939453</ele><time>2026-09-18T22:58:51Z</time></trkpt><trkpt lat="37.64240646362305" lon="127.06111907958984"><ele>25.200000762939453</ele><time>2026-09-18T22:58:52Z</time></trkpt><trkpt lat="37.64238739013672" lon="127.06111145019531"><ele>25.200000762939453</ele><time>2026-09-18T22:58:53Z</time></trkpt><trkpt lat="37.642364501953125" lon="127.06111907958984"><ele>25.200000762939453</ele><time>2026-09-18T22:58:54Z</time></trkpt><trkpt lat="37.64234161376953" lon="127.06111145019531"><ele>25.200000762939453</ele><time>2026-09-18T22:58:55Z</time></trkpt><trkpt lat="37.6423225402832" lon="127.06111145019531"><ele>25.200000762939453</ele><time>2026-09-18T22:58:56Z</time></trkpt><trkpt lat="37.642303466796875" lon="127.06110382080078"><ele>25.200000762939453</ele><time>2026-09-18T22:58:57Z</time></trkpt><trkpt lat="37.64228820800781" lon="127.06110382080078"><ele>25.200000762939453</ele><time>2026-09-18T22:58:58Z</time></trkpt><trkpt lat="37.64226531982422" lon="127.06110382080078"><ele>25.399999618530273</ele><time>2026-09-18T22:58:59Z</time></trkpt><trkpt lat="37.64224624633789" lon="127.06110382080078"><ele>25.399999618530273</ele><time>2026-09-18T22:59:00Z</time></trkpt><trkpt lat="37.6422233581543" lon="127.06110382080078"><ele>25.399999618530273</ele><time>2026-09-18T22:59:01Z</time></trkpt><trkpt lat="37.642208099365234" lon="127.06110382080078"><ele>25.399999618530273</ele><time>2026-09-18T22:59:02Z</time></trkpt><trkpt lat="37.64218521118164" lon="127.06109619140625"><ele>25.399999618530273</ele><time>2026-09-18T22:59:03Z</time></trkpt><trkpt lat="37.64216232299805" lon="127.06108856201172"><ele>25.200000762939453</ele><time>2026-09-18T22:59:04Z</time></trkpt><trkpt lat="37.64214324951172" lon="127.06108856201172"><ele>25.200000762939453</ele><time>2026-09-18T22:59:05Z</time></trkpt><trkpt lat="37.64211654663086" lon="127.06108093261719"><ele>25.200000762939453</ele><time>2026-09-18T22:59:06Z</time></trkpt><trkpt lat="37.64209747314453" lon="127.06108093261719"><ele>25.200000762939453</ele><time>2026-09-18T22:59:07Z</time></trkpt><trkpt lat="37.64207077026367" lon="127.06107330322266"><ele>25.200000762939453</ele><time>2026-09-18T22:59:08Z</time></trkpt><trkpt lat="37.642051696777344" lon="127.06107330322266"><ele>25.200000762939453</ele><time>2026-09-18T22:59:09Z</time></trkpt><trkpt lat="37.64202880859375" lon="127.06106567382812"><ele>25.200000762939453</ele><time>2026-09-18T22:59:10Z</time></trkpt><trkpt lat="37.642005920410156" lon="127.06107330322266"><ele>25.200000762939453</ele><time>2026-09-18T22:59:11Z</time></trkpt><trkpt lat="37.6419792175293" lon="127.06107330322266"><ele>25.200000762939453</ele><time>2026-09-18T22:59:12Z</time></trkpt><trkpt lat="37.64196014404297" lon="127.06107330322266"><ele>25.200000762939453</ele><time>2026-09-18T22:59:13Z</time></trkpt><trkpt lat="37.64193344116211" lon="127.06107330322266"><ele>25.0</ele><time>2026-09-18T22:59:14Z</time></trkpt><trkpt lat="37.64191436767578" lon="127.06107330322266"><ele>25.0</ele><time>2026-09-18T22:59:15Z</time></trkpt><trkpt lat="37.64188766479492" lon="127.06107330322266"><ele>25.0</ele><time>2026-09-18T22:59:16Z</time></trkpt><trkpt lat="37.641868591308594" lon="127.06107330322266"><ele>25.0</ele><time>2026-09-18T22:59:17Z</time></trkpt><trkpt lat="37.641845703125" lon="127.06106567382812"><ele>25.0</ele><time>2026-09-18T22:59:18Z</time></trkpt><trkpt lat="37.64182662963867" lon="127.0610580444336"><ele>25.0</ele><time>2026-09-18T22:59:19Z</time></trkpt><trkpt lat="37.641807556152344" lon="127.0610580444336"><ele>25.0</ele><time>2026-09-18T22:59:20Z</time></trkpt><trkpt lat="37.64178466796875" lon="127.06105041503906"><ele>25.0</ele><time>2026-09-18T22:59:21Z</time></trkpt><trkpt lat="37.641761779785156" lon="127.06105041503906"><ele>25.0</ele><time>2026-09-18T22:59:22Z</time></trkpt><trkpt lat="37.64173889160156" lon="127.06104278564453"><ele>25.0</ele><time>2026-09-18T22:59:23Z</time></trkpt><trkpt lat="37.6417236328125" lon="127.06104278564453"><ele>25.0</ele><time>2026-09-18T22:59:24Z</time></trkpt><trkpt lat="37.641700744628906" lon="127.06103515625"><ele>25.0</ele><time>2026-09-18T22:59:25Z</time></trkpt><trkpt lat="37.64168167114258" lon="127.06103515625"><ele>25.0</ele><time>2026-09-18T22:59:26Z</time></trkpt><trkpt lat="37.641658782958984" lon="127.06102752685547"><ele>25.0</ele><time>2026-09-18T22:59:27Z</time></trkpt><trkpt lat="37.641639709472656" lon="127.06102752685547"><ele>24.799999237060547</ele><time>2026-09-18T22:59:28Z</time></trkpt><trkpt lat="37.64161682128906" lon="127.06102752685547"><ele>25.0</ele><time>2026-09-18T22:59:29Z</time></trkpt><trkpt lat="37.641597747802734" lon="127.06101989746094"><ele>25.0</ele><time>2026-09-18T22:59:30Z</time></trkpt><trkpt lat="37.64157485961914" lon="127.0610122680664"><ele>25.0</ele><time>2026-09-18T22:59:31Z</time></trkpt><trkpt lat="37.64155197143555" lon="127.0610122680664"><ele>25.0</ele><time>2026-09-18T22:59:32Z</time></trkpt><trkpt lat="37.64153289794922" lon="127.06100463867188"><ele>25.0</ele><time>2026-09-18T22:59:33Z</time></trkpt><trkpt lat="37.64151382446289" lon="127.06100463867188"><ele>25.0</ele><time>2026-09-18T22:59:34Z</time></trkpt><trkpt lat="37.64149475097656" lon="127.06100463867188"><ele>24.799999237060547</ele><time>2026-09-18T22:59:35Z</time></trkpt><trkpt lat="37.64147186279297" lon="127.06098937988281"><ele>24.799999237060547</ele><time>2026-09-18T22:59:36Z</time></trkpt><trkpt lat="37.641448974609375" lon="127.06098937988281"><ele>24.799999237060547</ele><time>2026-09-18T22:59:37Z</time></trkpt><trkpt lat="37.64142608642578" lon="127.06098937988281"><ele>24.799999237060547</ele><time>2026-09-18T22:59:38Z</time></trkpt><trkpt lat="37.64140701293945" lon="127.06098175048828"><ele>24.600000381469727</ele><time>2026-09-18T22:59:39Z</time></trkpt><trkpt lat="37.641387939453125" lon="127.06097412109375"><ele>24.600000381469727</ele><time>2026-09-18T22:59:40Z</time></trkpt><trkpt lat="37.6413688659668" lon="127.06095886230469"><ele>24.600000381469727</ele><time>2026-09-18T22:59:41Z</time></trkpt><trkpt lat="37.64134979248047" lon="127.06095886230469"><ele>24.600000381469727</ele><time>2026-09-18T22:59:42Z</time></trkpt><trkpt lat="37.641334533691406" lon="127.06094360351562"><ele>24.600000381469727</ele><time>2026-09-18T22:59:43Z</time></trkpt><trkpt lat="37.641319274902344" lon="127.0609359741211"><ele>24.600000381469727</ele><time>2026-09-18T22:59:44Z</time></trkpt><trkpt lat="37.64129638671875" lon="127.06092834472656"><ele>24.600000381469727</ele><time>2026-09-18T22:59:45Z</time></trkpt><trkpt lat="37.64127731323242" lon="127.06092834472656"><ele>24.600000381469727</ele><time>2026-09-18T22:59:46Z</time></trkpt><trkpt lat="37.64125442504883" lon="127.06092071533203"><ele>24.600000381469727</ele><time>2026-09-18T22:59:47Z</time></trkpt><trkpt lat="37.641231536865234" lon="127.06092071533203"><ele>24.399999618530273</ele><time>2026-09-18T22:59:48Z</time></trkpt><trkpt lat="37.641204833984375" lon="127.0609130859375"><ele>24.399999618530273</ele><time>2026-09-18T22:59:49Z</time></trkpt><trkpt lat="37.64118576049805" lon="127.06090545654297"><ele>24.399999618530273</ele><time>2026-09-18T22:59:50Z</time></trkpt><trkpt lat="37.64115905761719" lon="127.06089782714844"><ele>24.200000762939453</ele><time>2026-09-18T22:59:51Z</time></trkpt><trkpt lat="37.64113998413086" lon="127.06088256835938"><ele>24.200000762939453</ele><time>2026-09-18T22:59:52Z</time></trkpt><trkpt lat="37.641117095947266" lon="127.06087493896484"><ele>24.200000762939453</ele><time>2026-09-18T22:59:53Z</time></trkpt><trkpt lat="37.64109420776367" lon="127.06085968017578"><ele>24.200000762939453</ele><time>2026-09-18T22:59:54Z</time></trkpt><trkpt lat="37.641075134277344" lon="127.06085205078125"><ele>24.200000762939453</ele><time>2026-09-18T22:59:55Z</time></trkpt><trkpt lat="37.64105224609375" lon="127.06083679199219"><ele>24.200000762939453</ele><time>2026-09-18T22:59:56Z</time></trkpt><trkpt lat="37.64103317260742" lon="127.06083679199219"><ele>24.0</ele><time>2026-09-18T22:59:57Z</time></trkpt><trkpt lat="37.64100646972656" lon="127.06082916259766"><ele>24.0</ele><time>2026-09-18T22:59:58Z</time></trkpt><trkpt lat="37.640987396240234" lon="127.06082916259766"><ele>24.0</ele><time>2026-09-18T22:59:59Z</time></trkpt><trkpt lat="37.64096450805664" lon="127.0608139038086"><ele>24.0</ele><time>2026-09-18T23:00:00Z</time></trkpt><trkpt lat="37.64094543457031" lon="127.0608139038086"><ele>24.0</ele><time>2026-09-18T23:00:01Z</time></trkpt><trkpt lat="37.640926361083984" lon="127.06080627441406"><ele>24.0</ele><time>2026-09-18T23:00:02Z</time></trkpt><trkpt lat="37.64090347290039" lon="127.060791015625"><ele>24.0</ele><time>2026-09-18T23:00:03Z</time></trkpt><trkpt lat="37.64088439941406" lon="127.060791015625"><ele>24.200000762939453</ele><time>2026-09-18T23:00:04Z</time></trkpt><trkpt lat="37.64086151123047" lon="127.06077575683594"><ele>24.0</ele><time>2026-09-18T23:00:05Z</time></trkpt><trkpt lat="37.64084243774414" lon="127.06077575683594"><ele>24.200000762939453</ele><time>2026-09-18T23:00:06Z</time></trkpt><trkpt lat="37.64081573486328" lon="127.06077575683594"><ele>24.200000762939453</ele><time>2026-09-18T23:00:07Z</time></trkpt><trkpt lat="37.64079666137695" lon="127.0607681274414"><ele>24.200000762939453</ele><time>2026-09-18T23:00:08Z</time></trkpt><trkpt lat="37.640777587890625" lon="127.06076049804688"><ele>24.200000762939453</ele><time>2026-09-18T23:00:09Z</time></trkpt><trkpt lat="37.6407585144043" lon="127.06075286865234"><ele>24.200000762939453</ele><time>2026-09-18T23:00:10Z</time></trkpt><trkpt lat="37.64073944091797" lon="127.06074523925781"><ele>24.200000762939453</ele><time>2026-09-18T23:00:11Z</time></trkpt><trkpt lat="37.64072036743164" lon="127.06072998046875"><ele>24.200000762939453</ele><time>2026-09-18T23:00:12Z</time></trkpt><trkpt lat="37.64070129394531" lon="127.06072998046875"><ele>24.200000762939453</ele><time>2026-09-18T23:00:13Z</time></trkpt><trkpt lat="37.64067840576172" lon="127.06072235107422"><ele>24.200000762939453</ele><time>2026-09-18T23:00:14Z</time></trkpt><trkpt lat="37.64065933227539" lon="127.06072235107422"><ele>24.200000762939453</ele><time>2026-09-18T23:00:15Z</time></trkpt><trkpt lat="37.64064025878906" lon="127.06072235107422"><ele>24.200000762939453</ele><time>2026-09-18T23:00:16Z</time></trkpt><trkpt lat="37.640625" lon="127.06071472167969"><ele>24.200000762939453</ele><time>2026-09-18T23:00:17Z</time></trkpt><trkpt lat="37.64060974121094" lon="127.06071472167969"><ele>24.200000762939453</ele><time>2026-09-18T23:00:18Z</time></trkpt><trkpt lat="37.640594482421875" lon="127.06071472167969"><ele>24.200000762939453</ele><time>2026-09-18T23:00:19Z</time></trkpt><trkpt lat="37.64057540893555" lon="127.0606918334961"><ele>24.200000762939453</ele><time>2026-09-18T23:00:20Z</time></trkpt><trkpt lat="37.640560150146484" lon="127.06068420410156"><ele>24.200000762939453</ele><time>2026-09-18T23:00:21Z</time></trkpt><trkpt lat="37.640533447265625" lon="127.0606689453125"><ele>24.200000762939453</ele><time>2026-09-18T23:00:22Z</time></trkpt><trkpt lat="37.6405143737793" lon="127.06066131591797"><ele>24.200000762939453</ele><time>2026-09-18T23:00:23Z</time></trkpt><trkpt lat="37.6404914855957" lon="127.06065368652344"><ele>24.200000762939453</ele><time>2026-09-18T23:00:24Z</time></trkpt><trkpt lat="37.64046859741211" lon="127.0606460571289"><ele>24.200000762939453</ele><time>2026-09-18T23:00:25Z</time></trkpt><trkpt lat="37.640445709228516" lon="127.06063842773438"><ele>24.200000762939453</ele><time>2026-09-18T23:00:26Z</time></trkpt><trkpt lat="37.64042282104492" lon="127.06063079833984"><ele>24.200000762939453</ele><time>2026-09-18T23:00:27Z</time></trkpt><trkpt lat="37.640403747558594" lon="127.06063079833984"><ele>24.200000762939453</ele><time>2026-09-18T23:00:28Z</time></trkpt><trkpt lat="37.640384674072266" lon="127.06061553955078"><ele>24.399999618530273</ele><time>2026-09-18T23:00:29Z</time></trkpt><trkpt lat="37.64036560058594" lon="127.06061553955078"><ele>24.399999618530273</ele><time>2026-09-18T23:00:30Z</time></trkpt><trkpt lat="37.64034652709961" lon="127.06060028076172"><ele>24.399999618530273</ele><time>2026-09-18T23:00:31Z</time></trkpt><trkpt lat="37.64033126831055" lon="127.06060028076172"><ele>24.399999618530273</ele><time>2026-09-18T23:00:32Z</time></trkpt><trkpt lat="37.64030838012695" lon="127.06059265136719"><ele>24.399999618530273</ele><time>2026-09-18T23:00:33Z</time></trkpt><trkpt lat="37.640289306640625" lon="127.06058502197266"><ele>24.399999618530273</ele><time>2026-09-18T23:00:34Z</time></trkpt><trkpt lat="37.6402702331543" lon="127.06057739257812"><ele>24.200000762939453</ele><time>2026-09-18T23:00:35Z</time></trkpt><trkpt lat="37.64025115966797" lon="127.06056213378906"><ele>24.200000762939453</ele><time>2026-09-18T23:00:36Z</time></trkpt><trkpt lat="37.64023208618164" lon="127.06055450439453"><ele>24.399999618530273</ele><time>2026-09-18T23:00:37Z</time></trkpt><trkpt lat="37.64020919799805" lon="127.06053924560547"><ele>24.399999618530273</ele><time>2026-09-18T23:00:38Z</time></trkpt><trkpt lat="37.640193939208984" lon="127.06053161621094"><ele>24.399999618530273</ele><time>2026-09-18T23:00:39Z</time></trkpt><trkpt lat="37.640167236328125" lon="127.06051635742188"><ele>24.399999618530273</ele><time>2026-09-18T23:00:40Z</time></trkpt><trkpt lat="37.6401481628418" lon="127.06051635742188"><ele>24.399999618530273</ele><time>2026-09-18T23:00:41Z</time></trkpt><trkpt lat="37.6401252746582" lon="127.06050872802734"><ele>24.399999618530273</ele><time>2026-09-18T23:00:42Z</time></trkpt><trkpt lat="37.640106201171875" lon="127.06050872802734"><ele>24.399999618530273</ele><time>2026-09-18T23:00:43Z</time></trkpt><trkpt lat="37.64008331298828" lon="127.06049346923828"><ele>24.399999618530273</ele><time>2026-09-18T23:00:44Z</time></trkpt><trkpt lat="37.64006423950195" lon="127.06049346923828"><ele>24.399999618530273</ele><time>2026-09-18T23:00:45Z</time></trkpt><trkpt lat="37.64004135131836" lon="127.06048583984375"><ele>24.399999618530273</ele><time>2026-09-18T23:00:46Z</time></trkpt><trkpt lat="37.640018463134766" lon="127.06047821044922"><ele>24.399999618530273</ele><time>2026-09-18T23:00:47Z</time></trkpt><trkpt lat="37.63999938964844" lon="127.06047058105469"><ele>24.399999618530273</ele><time>2026-09-18T23:00:48Z</time></trkpt><trkpt lat="37.63998031616211" lon="127.06045532226562"><ele>24.399999618530273</ele><time>2026-09-18T23:00:49Z</time></trkpt><trkpt lat="37.63996124267578" lon="127.06045532226562"><ele>24.399999618530273</ele><time>2026-09-18T23:00:50Z</time></trkpt><trkpt lat="37.63993835449219" lon="127.06044006347656"><ele>24.399999618530273</ele><time>2026-09-18T23:00:51Z</time></trkpt><trkpt lat="37.63991928100586" lon="127.06044006347656"><ele>24.399999618530273</ele><time>2026-09-18T23:00:52Z</time></trkpt><trkpt lat="37.639896392822266" lon="127.06044006347656"><ele>24.399999618530273</ele><time>2026-09-18T23:00:53Z</time></trkpt><trkpt lat="37.63987731933594" lon="127.06044006347656"><ele>24.399999618530273</ele><time>2026-09-18T23:00:54Z</time></trkpt><trkpt lat="37.639854431152344" lon="127.06043243408203"><ele>24.399999618530273</ele><time>2026-09-18T23:00:55Z</time></trkpt><trkpt lat="37.639835357666016" lon="127.06043243408203"><ele>24.399999618530273</ele><time>2026-09-18T23:00:56Z</time></trkpt><trkpt lat="37.63981628417969" lon="127.0604248046875"><ele>24.399999618530273</ele><time>2026-09-18T23:00:57Z</time></trkpt><trkpt lat="37.63979721069336" lon="127.06041717529297"><ele>24.399999618530273</ele><time>2026-09-18T23:00:58Z</time></trkpt><trkpt lat="37.6397819519043" lon="127.06041717529297"><ele>24.399999618530273</ele><time>2026-09-18T23:00:59Z</time></trkpt><trkpt lat="37.63976287841797" lon="127.06040954589844"><ele>24.399999618530273</ele><time>2026-09-18T23:01:00Z</time></trkpt><trkpt lat="37.639747619628906" lon="127.06039428710938"><ele>24.399999618530273</ele><time>2026-09-18T23:01:01Z</time></trkpt><trkpt lat="37.63972854614258" lon="127.06037902832031"><ele>24.399999618530273</ele><time>2026-09-18T23:01:02Z</time></trkpt><trkpt lat="37.63970947265625" lon="127.06037139892578"><ele>24.399999618530273</ele><time>2026-09-18T23:01:03Z</time></trkpt><trkpt lat="37.63969039916992" lon="127.06036376953125"><ele>24.399999618530273</ele><time>2026-09-18T23:01:04Z</time></trkpt><trkpt lat="37.63966751098633" lon="127.06035614013672"><ele>24.399999618530273</ele><time>2026-09-18T23:01:05Z</time></trkpt><trkpt lat="37.6396484375" lon="127.06035614013672"><ele>24.200000762939453</ele><time>2026-09-18T23:01:06Z</time></trkpt><trkpt lat="37.639625549316406" lon="127.06034088134766"><ele>24.200000762939453</ele><time>2026-09-18T23:01:07Z</time></trkpt><trkpt lat="37.639610290527344" lon="127.0603256225586"><ele>24.200000762939453</ele><time>2026-09-18T23:01:08Z</time></trkpt><trkpt lat="37.639591217041016" lon="127.06031799316406"><ele>24.200000762939453</ele><time>2026-09-18T23:01:09Z</time></trkpt><trkpt lat="37.63957214355469" lon="127.06031036376953"><ele>24.399999618530273</ele><time>2026-09-18T23:01:10Z</time></trkpt><trkpt lat="37.639556884765625" lon="127.060302734375"><ele>24.399999618530273</ele><time>2026-09-18T23:01:11Z</time></trkpt><trkpt lat="37.63953399658203" lon="127.06029510498047"><ele>24.399999618530273</ele><time>2026-09-18T23:01:12Z</time></trkpt><trkpt lat="37.63951873779297" lon="127.06028747558594"><ele>24.399999618530273</ele><time>2026-09-18T23:01:13Z</time></trkpt><trkpt lat="37.63949203491211" lon="127.0602798461914"><ele>24.399999618530273</ele><time>2026-09-18T23:01:14Z</time></trkpt><trkpt lat="37.63947296142578" lon="127.06027221679688"><ele>24.600000381469727</ele><time>2026-09-18T23:01:15Z</time></trkpt><trkpt lat="37.63945388793945" lon="127.06026458740234"><ele>24.600000381469727</ele><time>2026-09-18T23:01:16Z</time></trkpt><trkpt lat="37.639434814453125" lon="127.06025695800781"><ele>24.600000381469727</ele><time>2026-09-18T23:01:17Z</time></trkpt><trkpt lat="37.6394157409668" lon="127.06024932861328"><ele>24.600000381469727</ele><time>2026-09-18T23:01:18Z</time></trkpt><trkpt lat="37.639400482177734" lon="127.06023406982422"><ele>24.600000381469727</ele><time>2026-09-18T23:01:19Z</time></trkpt><trkpt lat="37.639381408691406" lon="127.06022644042969"><ele>24.600000381469727</ele><time>2026-09-18T23:01:20Z</time></trkpt><trkpt lat="37.63935470581055" lon="127.06021881103516"><ele>24.600000381469727</ele><time>2026-09-18T23:01:21Z</time></trkpt><trkpt lat="37.63933563232422" lon="127.06021881103516"><ele>24.600000381469727</ele><time>2026-09-18T23:01:22Z</time></trkpt><trkpt lat="37.639320373535156" lon="127.06019592285156"><ele>24.600000381469727</ele><time>2026-09-18T23:01:23Z</time></trkpt><trkpt lat="37.639305114746094" lon="127.06018829345703"><ele>24.600000381469727</ele><time>2026-09-18T23:01:24Z</time></trkpt><trkpt lat="37.639286041259766" lon="127.0601806640625"><ele>24.600000381469727</ele><time>2026-09-18T23:01:25Z</time></trkpt><trkpt lat="37.63926696777344" lon="127.06016540527344"><ele>24.600000381469727</ele><time>2026-09-18T23:01:26Z</time></trkpt><trkpt lat="37.63924789428711" lon="127.0601577758789"><ele>24.600000381469727</ele><time>2026-09-18T23:01:27Z</time></trkpt><trkpt lat="37.63923263549805" lon="127.06014251708984"><ele>24.600000381469727</ele><time>2026-09-18T23:01:28Z</time></trkpt><trkpt lat="37.639217376708984" lon="127.06013488769531"><ele>24.600000381469727</ele><time>2026-09-18T23:01:29Z</time></trkpt><trkpt lat="37.639198303222656" lon="127.06011199951172"><ele>24.600000381469727</ele><time>2026-09-18T23:01:30Z</time></trkpt><trkpt lat="37.63917922973633" lon="127.06011199951172"><ele>24.600000381469727</ele><time>2026-09-18T23:01:31Z</time></trkpt><trkpt lat="37.639156341552734" lon="127.06010437011719"><ele>24.600000381469727</ele><time>2026-09-18T23:01:32Z</time></trkpt><trkpt lat="37.63914108276367" lon="127.06009674072266"><ele>24.600000381469727</ele><time>2026-09-18T23:01:33Z</time></trkpt><trkpt lat="37.63911819458008" lon="127.06008911132812"><ele>24.799999237060547</ele><time>2026-09-18T23:01:34Z</time></trkpt><trkpt lat="37.639102935791016" lon="127.06007385253906"><ele>24.799999237060547</ele><time>2026-09-18T23:01:35Z</time></trkpt><trkpt lat="37.63908386230469" lon="127.06007385253906"><ele>24.799999237060547</ele><time>2026-09-18T23:01:36Z</time></trkpt><trkpt lat="37.639060974121094" lon="127.06005859375"><ele>24.799999237060547</ele><time>2026-09-18T23:01:37Z</time></trkpt><trkpt lat="37.639041900634766" lon="127.06005859375"><ele>24.799999237060547</ele><time>2026-09-18T23:01:38Z</time></trkpt><trkpt lat="37.63901901245117" lon="127.06004333496094"><ele>24.799999237060547</ele><time>2026-09-18T23:01:39Z</time></trkpt><trkpt lat="37.63900375366211" lon="127.06004333496094"><ele>24.799999237060547</ele><time>2026-09-18T23:01:40Z</time></trkpt><trkpt lat="37.638980865478516" lon="127.06002044677734"><ele>24.799999237060547</ele><time>2026-09-18T23:01:41Z</time></trkpt><trkpt lat="37.63896179199219" lon="127.06002044677734"><ele>24.799999237060547</ele><time>2026-09-18T23:01:42Z</time></trkpt><trkpt lat="37.63894271850586" lon="127.06000518798828"><ele>24.799999237060547</ele><time>2026-09-18T23:01:43Z</time></trkpt><trkpt lat="37.63892364501953" lon="127.05998992919922"><ele>24.799999237060547</ele><time>2026-09-18T23:01:44Z</time></trkpt><trkpt lat="37.6389045715332" lon="127.05998229980469"><ele>24.799999237060547</ele><time>2026-09-18T23:01:45Z</time></trkpt><trkpt lat="37.638885498046875" lon="127.05997467041016"><ele>24.799999237060547</ele><time>2026-09-18T23:01:46Z</time></trkpt><trkpt lat="37.63886642456055" lon="127.05996704101562"><ele>24.600000381469727</ele><time>2026-09-18T23:01:47Z</time></trkpt><trkpt lat="37.63883972167969" lon="127.0599594116211"><ele>24.600000381469727</ele><time>2026-09-18T23:01:48Z</time></trkpt><trkpt lat="37.638824462890625" lon="127.05995178222656"><ele>24.600000381469727</ele><time>2026-09-18T23:01:49Z</time></trkpt><trkpt lat="37.6388053894043" lon="127.0599365234375"><ele>24.600000381469727</ele><time>2026-09-18T23:01:50Z</time></trkpt><trkpt lat="37.63878631591797" lon="127.05992889404297"><ele>24.600000381469727</ele><time>2026-09-18T23:01:51Z</time></trkpt><trkpt lat="37.63876724243164" lon="127.05992126464844"><ele>24.600000381469727</ele><time>2026-09-18T23:01:52Z</time></trkpt><trkpt lat="37.63875198364258" lon="127.05990600585938"><ele>24.600000381469727</ele><time>2026-09-18T23:01:53Z</time></trkpt><trkpt lat="37.638736724853516" lon="127.05989074707031"><ele>24.600000381469727</ele><time>2026-09-18T23:01:54Z</time></trkpt><trkpt lat="37.63871765136719" lon="127.05986785888672"><ele>24.600000381469727</ele><time>2026-09-18T23:01:55Z</time></trkpt><trkpt lat="37.638702392578125" lon="127.05986022949219"><ele>24.600000381469727</ele><time>2026-09-18T23:01:56Z</time></trkpt><trkpt lat="37.6386833190918" lon="127.05984497070312"><ele>24.600000381469727</ele><time>2026-09-18T23:01:57Z</time></trkpt><trkpt lat="37.6386604309082" lon="127.0598373413086"><ele>24.600000381469727</ele><time>2026-09-18T23:01:58Z</time></trkpt><trkpt lat="37.638641357421875" lon="127.05982208251953"><ele>24.600000381469727</ele><time>2026-09-18T23:01:59Z</time></trkpt><trkpt lat="37.63862228393555" lon="127.059814453125"><ele>24.600000381469727</ele><time>2026-09-18T23:02:00Z</time></trkpt><trkpt lat="37.63860321044922" lon="127.05980682373047"><ele>24.600000381469727</ele><time>2026-09-18T23:02:01Z</time></trkpt><trkpt lat="37.638580322265625" lon="127.05979919433594"><ele>24.600000381469727</ele><time>2026-09-18T23:02:02Z</time></trkpt><trkpt lat="37.6385612487793" lon="127.0597915649414"><ele>24.600000381469727</ele><time>2026-09-18T23:02:03Z</time></trkpt><trkpt lat="37.63854217529297" lon="127.05977630615234"><ele>24.399999618530273</ele><time>2026-09-18T23:02:04Z</time></trkpt><trkpt lat="37.638526916503906" lon="127.05976867675781"><ele>24.399999618530273</ele><time>2026-09-18T23:02:05Z</time></trkpt><trkpt lat="37.63850402832031" lon="127.05975341796875"><ele>24.399999618530273</ele><time>2026-09-18T23:02:06Z</time></trkpt><trkpt lat="37.638484954833984" lon="127.05974578857422"><ele>24.399999618530273</ele><time>2026-09-18T23:02:07Z</time></trkpt><trkpt lat="37.638465881347656" lon="127.05973815917969"><ele>24.399999618530273</ele><time>2026-09-18T23:02:08Z</time></trkpt><trkpt lat="37.63844299316406" lon="127.05973815917969"><ele>24.399999618530273</ele><time>2026-09-18T23:02:09Z</time></trkpt><trkpt lat="37.638423919677734" lon="127.05973052978516"><ele>24.600000381469727</ele><time>2026-09-18T23:02:10Z</time></trkpt><trkpt lat="37.63840103149414" lon="127.0597152709961"><ele>24.600000381469727</ele><time>2026-09-18T23:02:11Z</time></trkpt><trkpt lat="37.63838577270508" lon="127.05970764160156"><ele>24.600000381469727</ele><time>2026-09-18T23:02:12Z</time></trkpt><trkpt lat="37.63836669921875" lon="127.0596923828125"><ele>24.600000381469727</ele><time>2026-09-18T23:02:13Z</time></trkpt><trkpt lat="37.63835144042969" lon="127.05968475341797"><ele>24.600000381469727</ele><time>2026-09-18T23:02:14Z</time></trkpt><trkpt lat="37.63833236694336" lon="127.0596694946289"><ele>24.600000381469727</ele><time>2026-09-18T23:02:15Z</time></trkpt><trkpt lat="37.63831329345703" lon="127.05966186523438"><ele>24.600000381469727</ele><time>2026-09-18T23:02:16Z</time></trkpt><trkpt lat="37.6382942199707" lon="127.05964660644531"><ele>24.600000381469727</ele><time>2026-09-18T23:02:17Z</time></trkpt><trkpt lat="37.63827896118164" lon="127.05963897705078"><ele>24.399999618530273</ele><time>2026-09-18T23:02:18Z</time></trkpt><trkpt lat="37.63825225830078" lon="127.05962371826172"><ele>24.399999618530273</ele><time>2026-09-18T23:02:19Z</time></trkpt><trkpt lat="37.63823318481445" lon="127.05960845947266"><ele>24.399999618530273</ele><time>2026-09-18T23:02:20Z</time></trkpt><trkpt lat="37.638214111328125" lon="127.05960083007812"><ele>24.399999618530273</ele><time>2026-09-18T23:02:21Z</time></trkpt><trkpt lat="37.63819885253906" lon="127.0595932006836"><ele>24.399999618530273</ele><time>2026-09-18T23:02:22Z</time></trkpt><trkpt lat="37.63818359375" lon="127.05958557128906"><ele>24.399999618530273</ele><time>2026-09-18T23:02:23Z</time></trkpt><trkpt lat="37.63816452026367" lon="127.05957794189453"><ele>24.399999618530273</ele><time>2026-09-18T23:02:24Z</time></trkpt><trkpt lat="37.638145446777344" lon="127.0595703125"><ele>24.399999618530273</ele><time>2026-09-18T23:02:25Z</time></trkpt><trkpt lat="37.638126373291016" lon="127.05956268310547"><ele>24.399999618530273</ele><time>2026-09-18T23:02:26Z</time></trkpt><trkpt lat="37.63811111450195" lon="127.05956268310547"><ele>24.399999618530273</ele><time>2026-09-18T23:02:27Z</time></trkpt><trkpt lat="37.638092041015625" lon="127.05955505371094"><ele>24.399999618530273</ele><time>2026-09-18T23:02:28Z</time></trkpt><trkpt lat="37.6380729675293" lon="127.0595474243164"><ele>24.399999618530273</ele><time>2026-09-18T23:02:29Z</time></trkpt><trkpt lat="37.63805389404297" lon="127.05953979492188"><ele>24.399999618530273</ele><time>2026-09-18T23:02:30Z</time></trkpt><trkpt lat="37.63804626464844" lon="127.05953216552734"><ele>24.399999618530273</ele><time>2026-09-18T23:02:31Z</time></trkpt><trkpt lat="37.63801193237305" lon="127.05950164794922"><ele>24.399999618530273</ele><time>2026-09-18T23:02:32Z</time></trkpt><trkpt lat="37.63799285888672" lon="127.05948638916016"><ele>24.399999618530273</ele><time>2026-09-18T23:02:33Z</time></trkpt><trkpt lat="37.63796615600586" lon="127.0594711303711"><ele>24.399999618530273</ele><time>2026-09-18T23:02:34Z</time></trkpt><trkpt lat="37.63794708251953" lon="127.0594711303711"><ele>24.600000381469727</ele><time>2026-09-18T23:02:35Z</time></trkpt><trkpt lat="37.63793182373047" lon="127.05946350097656"><ele>24.600000381469727</ele><time>2026-09-18T23:02:36Z</time></trkpt><trkpt lat="37.63791275024414" lon="127.05945587158203"><ele>24.600000381469727</ele><time>2026-09-18T23:02:37Z</time></trkpt><trkpt lat="37.63789749145508" lon="127.05944061279297"><ele>24.600000381469727</ele><time>2026-09-18T23:02:38Z</time></trkpt><trkpt lat="37.63787841796875" lon="127.05943298339844"><ele>24.600000381469727</ele><time>2026-09-18T23:02:39Z</time></trkpt><trkpt lat="37.63786697387695" lon="127.0594253540039"><ele>24.799999237060547</ele><time>2026-09-18T23:02:40Z</time></trkpt><trkpt lat="37.63785934448242" lon="127.05941009521484"><ele>24.799999237060547</ele><time>2026-09-18T23:02:41Z</time></trkpt><trkpt lat="37.63785171508789" lon="127.05940246582031"><ele>25.0</ele><time>2026-09-18T23:02:42Z</time></trkpt><trkpt lat="37.63785171508789" lon="127.05939483642578"><ele>25.0</ele><time>2026-09-18T23:02:43Z</time></trkpt><trkpt lat="37.63784408569336" lon="127.05938720703125"><ele>25.0</ele><time>2026-09-18T23:02:44Z</time></trkpt><trkpt lat="37.63782501220703" lon="127.05937957763672"><ele>25.0</ele><time>2026-09-18T23:02:45Z</time></trkpt><trkpt lat="37.63780975341797" lon="127.05938720703125"><ele>25.200000762939453</ele><time>2026-09-18T23:02:46Z</time></trkpt><trkpt lat="37.637794494628906" lon="127.05939483642578"><ele>25.200000762939453</ele><time>2026-09-18T23:02:47Z</time></trkpt><trkpt lat="37.637779235839844" lon="127.05940246582031"><ele>25.200000762939453</ele><time>2026-09-18T23:02:48Z</time></trkpt><trkpt lat="37.637760162353516" lon="127.05941772460938"><ele>25.200000762939453</ele><time>2026-09-18T23:02:49Z</time></trkpt><trkpt lat="37.63774871826172" lon="127.05943298339844"><ele>25.200000762939453</ele><time>2026-09-18T23:02:50Z</time></trkpt><trkpt lat="37.637733459472656" lon="127.0594482421875"><ele>25.0</ele><time>2026-09-18T23:02:51Z</time></trkpt><trkpt lat="37.637718200683594" lon="127.0594711303711"><ele>25.0</ele><time>2026-09-18T23:02:52Z</time></trkpt><trkpt lat="37.63771057128906" lon="127.05949401855469"><ele>25.0</ele><time>2026-09-18T23:02:53Z</time></trkpt><trkpt lat="37.637691497802734" lon="127.05950927734375"><ele>25.0</ele><time>2026-09-18T23:02:54Z</time></trkpt><trkpt lat="37.63767623901367" lon="127.05953216552734"><ele>24.799999237060547</ele><time>2026-09-18T23:02:55Z</time></trkpt><trkpt lat="37.63765335083008" lon="127.05953979492188"><ele>24.799999237060547</ele><time>2026-09-18T23:02:56Z</time></trkpt><trkpt lat="37.63763427734375" lon="127.05955505371094"><ele>24.799999237060547</ele><time>2026-09-18T23:02:57Z</time></trkpt><trkpt lat="37.63761520385742" lon="127.0595703125"><ele>24.799999237060547</ele><time>2026-09-18T23:02:58Z</time></trkpt><trkpt lat="37.637596130371094" lon="127.05958557128906"><ele>24.799999237060547</ele><time>2026-09-18T23:02:59Z</time></trkpt><trkpt lat="37.63758087158203" lon="127.0595932006836"><ele>24.799999237060547</ele><time>2026-09-18T23:03:00Z</time></trkpt><trkpt lat="37.637420654296875" lon="127.05965423583984"><ele>25.0</ele><time>2026-09-18T23:03:33Z</time></trkpt><trkpt lat="37.637413024902344" lon="127.0596694946289"><ele>25.0</ele><time>2026-09-18T23:03:34Z</time></trkpt><trkpt lat="37.63739776611328" lon="127.05968475341797"><ele>25.0</ele><time>2026-09-18T23:03:35Z</time></trkpt><trkpt lat="37.637386322021484" lon="127.05970764160156"><ele>24.799999237060547</ele><time>2026-09-18T23:03:36Z</time></trkpt><trkpt lat="37.63737869262695" lon="127.05972290039062"><ele>24.799999237060547</ele><time>2026-09-18T23:03:37Z</time></trkpt><trkpt lat="37.637367248535156" lon="127.05974578857422"><ele>24.799999237060547</ele><time>2026-09-18T23:03:38Z</time></trkpt><trkpt lat="37.63735580444336" lon="127.05976867675781"><ele>24.799999237060547</ele><time>2026-09-18T23:03:39Z</time></trkpt><trkpt lat="37.6373405456543" lon="127.0597915649414"><ele>24.799999237060547</ele><time>2026-09-18T23:03:40Z</time></trkpt><trkpt lat="37.63732147216797" lon="127.05980682373047"><ele>24.799999237060547</ele><time>2026-09-18T23:03:41Z</time></trkpt><trkpt lat="37.637298583984375" lon="127.05982971191406"><ele>24.799999237060547</ele><time>2026-09-18T23:03:42Z</time></trkpt><trkpt lat="37.63728332519531" lon="127.05984497070312"><ele>24.799999237060547</ele><time>2026-09-18T23:03:43Z</time></trkpt><trkpt lat="37.63726043701172" lon="127.05986785888672"><ele>24.799999237060547</ele><time>2026-09-18T23:03:44Z</time></trkpt><trkpt lat="37.63724136352539" lon="127.05989074707031"><ele>24.799999237060547</ele><time>2026-09-18T23:03:45Z</time></trkpt><trkpt lat="37.63722229003906" lon="127.0599136352539"><ele>24.799999237060547</ele><time>2026-09-18T23:03:46Z</time></trkpt><trkpt lat="37.63720703125" lon="127.05992889404297"><ele>24.799999237060547</ele><time>2026-09-18T23:03:47Z</time></trkpt><trkpt lat="37.63718795776367" lon="127.05994415283203"><ele>24.799999237060547</ele><time>2026-09-18T23:03:48Z</time></trkpt><trkpt lat="37.637168884277344" lon="127.0599594116211"><ele>24.799999237060547</ele><time>2026-09-18T23:03:49Z</time></trkpt><trkpt lat="37.637149810791016" lon="127.05997467041016"><ele>24.799999237060547</ele><time>2026-09-18T23:03:50Z</time></trkpt><trkpt lat="37.63713073730469" lon="127.05998229980469"><ele>24.799999237060547</ele><time>2026-09-18T23:03:51Z</time></trkpt><trkpt lat="37.637107849121094" lon="127.05999755859375"><ele>24.799999237060547</ele><time>2026-09-18T23:03:52Z</time></trkpt><trkpt lat="37.637088775634766" lon="127.06000518798828"><ele>24.600000381469727</ele><time>2026-09-18T23:03:53Z</time></trkpt><trkpt lat="37.63706588745117" lon="127.06001281738281"><ele>24.600000381469727</ele><time>2026-09-18T23:03:54Z</time></trkpt><trkpt lat="37.63703918457031" lon="127.06001281738281"><ele>24.600000381469727</ele><time>2026-09-18T23:03:55Z</time></trkpt><trkpt lat="37.637020111083984" lon="127.06001281738281"><ele>24.600000381469727</ele><time>2026-09-18T23:03:56Z</time></trkpt><trkpt lat="37.636993408203125" lon="127.06002044677734"><ele>24.600000381469727</ele><time>2026-09-18T23:03:57Z</time></trkpt><trkpt lat="37.6369743347168" lon="127.06002044677734"><ele>24.600000381469727</ele><time>2026-09-18T23:03:58Z</time></trkpt><trkpt lat="37.63694763183594" lon="127.06002807617188"><ele>24.600000381469727</ele><time>2026-09-18T23:03:59Z</time></trkpt><trkpt lat="37.63692855834961" lon="127.06004333496094"><ele>24.600000381469727</ele><time>2026-09-18T23:04:00Z</time></trkpt><trkpt lat="37.63690185546875" lon="127.06004333496094"><ele>24.600000381469727</ele><time>2026-09-18T23:04:01Z</time></trkpt><trkpt lat="37.63688659667969" lon="127.06005096435547"><ele>24.600000381469727</ele><time>2026-09-18T23:04:02Z</time></trkpt><trkpt lat="37.63685989379883" lon="127.06005859375"><ele>24.600000381469727</ele><time>2026-09-18T23:04:03Z</time></trkpt><trkpt lat="37.636844635009766" lon="127.06006622314453"><ele>24.600000381469727</ele><time>2026-09-18T23:04:04Z</time></trkpt><trkpt lat="37.63682174682617" lon="127.06007385253906"><ele>24.600000381469727</ele><time>2026-09-18T23:04:05Z</time></trkpt><trkpt lat="37.636802673339844" lon="127.0600814819336"><ele>24.600000381469727</ele><time>2026-09-18T23:04:06Z</time></trkpt><trkpt lat="37.63677978515625" lon="127.06009674072266"><ele>24.399999618530273</ele><time>2026-09-18T23:04:07Z</time></trkpt><trkpt lat="37.63677215576172" lon="127.06010437011719"><ele>24.399999618530273</ele><time>2026-09-18T23:04:08Z</time></trkpt><trkpt lat="37.636741638183594" lon="127.06011199951172"><ele>24.399999618530273</ele><time>2026-09-18T23:04:09Z</time></trkpt><trkpt lat="37.63672637939453" lon="127.06011962890625"><ele>24.399999618530273</ele><time>2026-09-18T23:04:10Z</time></trkpt><trkpt lat="37.63670349121094" lon="127.06013488769531"><ele>24.399999618530273</ele><time>2026-09-18T23:04:11Z</time></trkpt><trkpt lat="37.63668441772461" lon="127.06013488769531"><ele>24.399999618530273</ele><time>2026-09-18T23:04:12Z</time></trkpt><trkpt lat="37.63666534423828" lon="127.06014251708984"><ele>24.399999618530273</ele><time>2026-09-18T23:04:13Z</time></trkpt><trkpt lat="37.63665008544922" lon="127.06015014648438"><ele>24.399999618530273</ele><time>2026-09-18T23:04:14Z</time></trkpt><trkpt lat="37.636634826660156" lon="127.0601577758789"><ele>24.399999618530273</ele><time>2026-09-18T23:04:15Z</time></trkpt><trkpt lat="37.63661193847656" lon="127.06016540527344"><ele>24.399999618530273</ele><time>2026-09-18T23:04:16Z</time></trkpt><trkpt lat="37.636592864990234" lon="127.06017303466797"><ele>24.399999618530273</ele><time>2026-09-18T23:04:17Z</time></trkpt><trkpt lat="37.63656997680664" lon="127.06017303466797"><ele>24.399999618530273</ele><time>2026-09-18T23:04:18Z</time></trkpt><trkpt lat="37.63655090332031" lon="127.0601806640625"><ele>24.399999618530273</ele><time>2026-09-18T23:04:19Z</time></trkpt><trkpt lat="37.63652801513672" lon="127.06019592285156"><ele>24.399999618530273</ele><time>2026-09-18T23:04:20Z</time></trkpt><trkpt lat="37.63650894165039" lon="127.0602035522461"><ele>24.399999618530273</ele><time>2026-09-18T23:04:21Z</time></trkpt><trkpt lat="37.6364860534668" lon="127.06021881103516"><ele>24.399999618530273</ele><time>2026-09-18T23:04:22Z</time></trkpt><trkpt lat="37.63646697998047" lon="127.06022644042969"><ele>24.399999618530273</ele><time>2026-09-18T23:04:23Z</time></trkpt><trkpt lat="37.63644790649414" lon="127.06022644042969"><ele>24.399999618530273</ele><time>2026-09-18T23:04:24Z</time></trkpt><trkpt lat="37.63642501831055" lon="127.06022644042969"><ele>24.399999618530273</ele><time>2026-09-18T23:04:25Z</time></trkpt><trkpt lat="37.63639831542969" lon="127.06023406982422"><ele>24.399999618530273</ele><time>2026-09-18T23:04:26Z</time></trkpt><trkpt lat="37.63637924194336" lon="127.06024169921875"><ele>24.399999618530273</ele><time>2026-09-18T23:04:27Z</time></trkpt><trkpt lat="37.636356353759766" lon="127.06024932861328"><ele>24.399999618530273</ele><time>2026-09-18T23:04:28Z</time></trkpt><trkpt lat="37.63633728027344" lon="127.06025695800781"><ele>24.399999618530273</ele><time>2026-09-18T23:04:29Z</time></trkpt><trkpt lat="37.63631057739258" lon="127.06027221679688"><ele>24.200000762939453</ele><time>2026-09-18T23:04:30Z</time></trkpt><trkpt lat="37.63629150390625" lon="127.0602798461914"><ele>24.200000762939453</ele><time>2026-09-18T23:04:31Z</time></trkpt><trkpt lat="37.636268615722656" lon="127.06028747558594"><ele>24.200000762939453</ele><time>2026-09-18T23:04:32Z</time></trkpt><trkpt lat="37.63624954223633" lon="127.06029510498047"><ele>24.200000762939453</ele><time>2026-09-18T23:04:33Z</time></trkpt><trkpt lat="37.636226654052734" lon="127.060302734375"><ele>24.200000762939453</ele><time>2026-09-18T23:04:34Z</time></trkpt><trkpt lat="37.636207580566406" lon="127.06031036376953"><ele>24.200000762939453</ele><time>2026-09-18T23:04:35Z</time></trkpt><trkpt lat="37.63618087768555" lon="127.06031036376953"><ele>24.200000762939453</ele><time>2026-09-18T23:04:36Z</time></trkpt><trkpt lat="37.63616180419922" lon="127.0603256225586"><ele>24.200000762939453</ele><time>2026-09-18T23:04:37Z</time></trkpt><trkpt lat="37.63614273071289" lon="127.06034088134766"><ele>24.200000762939453</ele><time>2026-09-18T23:04:38Z</time></trkpt><trkpt lat="37.63612747192383" lon="127.06034851074219"><ele>24.200000762939453</ele><time>2026-09-18T23:04:39Z</time></trkpt><trkpt lat="37.636104583740234" lon="127.06035614013672"><ele>24.200000762939453</ele><time>2026-09-18T23:04:40Z</time></trkpt><trkpt lat="37.63608932495117" lon="127.06036376953125"><ele>24.200000762939453</ele><time>2026-09-18T23:04:41Z</time></trkpt><trkpt lat="37.63606643676758" lon="127.06037139892578"><ele>24.200000762939453</ele><time>2026-09-18T23:04:42Z</time></trkpt><trkpt lat="37.636051177978516" lon="127.06037902832031"><ele>24.200000762939453</ele><time>2026-09-18T23:04:43Z</time></trkpt><trkpt lat="37.63603210449219" lon="127.06038665771484"><ele>24.0</ele><time>2026-09-18T23:04:44Z</time></trkpt><trkpt lat="37.63602066040039" lon="127.06039428710938"><ele>24.0</ele><time>2026-09-18T23:04:45Z</time></trkpt><trkpt lat="37.6359977722168" lon="127.0604019165039"><ele>24.0</ele><time>2026-09-18T23:04:46Z</time></trkpt><trkpt lat="37.635986328125" lon="127.06041717529297"><ele>24.0</ele><time>2026-09-18T23:04:47Z</time></trkpt><trkpt lat="37.635963439941406" lon="127.0604248046875"><ele>24.0</ele><time>2026-09-18T23:04:48Z</time></trkpt><trkpt lat="37.635948181152344" lon="127.06044006347656"><ele>24.0</ele><time>2026-09-18T23:04:49Z</time></trkpt><trkpt lat="37.63592529296875" lon="127.06045532226562"><ele>24.200000762939453</ele><time>2026-09-18T23:04:50Z</time></trkpt><trkpt lat="37.63590621948242" lon="127.06047058105469"><ele>24.0</ele><time>2026-09-18T23:04:51Z</time></trkpt><trkpt lat="37.63588333129883" lon="127.06047821044922"><ele>24.0</ele><time>2026-09-18T23:04:52Z</time></trkpt><trkpt lat="37.635868072509766" lon="127.06049346923828"><ele>24.0</ele><time>2026-09-18T23:04:53Z</time></trkpt><trkpt lat="37.63584518432617" lon="127.06050109863281"><ele>24.0</ele><time>2026-09-18T23:04:54Z</time></trkpt><trkpt lat="37.63582992553711" lon="127.06051635742188"><ele>24.0</ele><time>2026-09-18T23:04:55Z</time></trkpt><trkpt lat="37.63581085205078" lon="127.06053161621094"><ele>24.200000762939453</ele><time>2026-09-18T23:04:56Z</time></trkpt><trkpt lat="37.63579559326172" lon="127.060546875"><ele>24.200000762939453</ele><time>2026-09-18T23:04:57Z</time></trkpt><trkpt lat="37.635772705078125" lon="127.06055450439453"><ele>24.200000762939453</ele><time>2026-09-18T23:04:58Z</time></trkpt><trkpt lat="37.63575744628906" lon="127.0605697631836"><ele>24.200000762939453</ele><time>2026-09-18T23:04:59Z</time></trkpt><trkpt lat="37.63573455810547" lon="127.06057739257812"><ele>24.200000762939453</ele><time>2026-09-18T23:05:00Z</time></trkpt><trkpt lat="37.635719299316406" lon="127.06059265136719"><ele>24.0</ele><time>2026-09-18T23:05:01Z</time></trkpt><trkpt lat="37.635704040527344" lon="127.06060791015625"><ele>24.0</ele><time>2026-09-18T23:05:02Z</time></trkpt><trkpt lat="37.63568878173828" lon="127.06063079833984"><ele>24.0</ele><time>2026-09-18T23:05:03Z</time></trkpt><trkpt lat="37.63566589355469" lon="127.06063842773438"><ele>24.0</ele><time>2026-09-18T23:05:04Z</time></trkpt><trkpt lat="37.635650634765625" lon="127.06065368652344"><ele>24.0</ele><time>2026-09-18T23:05:05Z</time></trkpt><trkpt lat="37.63562774658203" lon="127.0606689453125"><ele>24.0</ele><time>2026-09-18T23:05:06Z</time></trkpt><trkpt lat="37.63561248779297" lon="127.06068420410156"><ele>24.0</ele><time>2026-09-18T23:05:07Z</time></trkpt><trkpt lat="37.635589599609375" lon="127.06069946289062"><ele>23.799999237060547</ele><time>2026-09-18T23:05:08Z</time></trkpt><trkpt lat="37.63557434082031" lon="127.06071472167969"><ele>23.799999237060547</ele><time>2026-09-18T23:05:09Z</time></trkpt><trkpt lat="37.63555145263672" lon="127.06072998046875"><ele>23.799999237060547</ele><time>2026-09-18T23:05:10Z</time></trkpt><trkpt lat="37.635536193847656" lon="127.06074523925781"><ele>23.799999237060547</ele><time>2026-09-18T23:05:11Z</time></trkpt><trkpt lat="37.63551712036133" lon="127.06076049804688"><ele>23.799999237060547</ele><time>2026-09-18T23:05:12Z</time></trkpt><trkpt lat="37.635498046875" lon="127.06077575683594"><ele>23.799999237060547</ele><time>2026-09-18T23:05:13Z</time></trkpt><trkpt lat="37.63547897338867" lon="127.06079864501953"><ele>23.799999237060547</ele><time>2026-09-18T23:05:14Z</time></trkpt><trkpt lat="37.63546371459961" lon="127.0608139038086"><ele>23.799999237060547</ele><time>2026-09-18T23:05:15Z</time></trkpt><trkpt lat="37.63544845581055" lon="127.06082916259766"><ele>23.799999237060547</ele><time>2026-09-18T23:05:16Z</time></trkpt><trkpt lat="37.63542938232422" lon="127.06085205078125"><ele>23.799999237060547</ele><time>2026-09-18T23:05:17Z</time></trkpt><trkpt lat="37.63540267944336" lon="127.06086730957031"><ele>23.799999237060547</ele><time>2026-09-18T23:05:18Z</time></trkpt><trkpt lat="37.6353874206543" lon="127.06088256835938"><ele>23.799999237060547</ele><time>2026-09-18T23:05:19Z</time></trkpt><trkpt lat="37.63536834716797" lon="127.06089782714844"><ele>24.0</ele><time>2026-09-18T23:05:20Z</time></trkpt><trkpt lat="37.635353088378906" lon="127.06090545654297"><ele>24.0</ele><time>2026-09-18T23:05:21Z</time></trkpt><trkpt lat="37.63533401489258" lon="127.06092071533203"><ele>24.0</ele><time>2026-09-18T23:05:22Z</time></trkpt><trkpt lat="37.635318756103516" lon="127.06092834472656"><ele>23.799999237060547</ele><time>2026-09-18T23:05:23Z</time></trkpt><trkpt lat="37.63529968261719" lon="127.06094360351562"><ele>23.799999237060547</ele><time>2026-09-18T23:05:24Z</time></trkpt><trkpt lat="37.63528823852539" lon="127.06095886230469"><ele>23.799999237060547</ele><time>2026-09-18T23:05:25Z</time></trkpt><trkpt lat="37.6352653503418" lon="127.06098175048828"><ele>23.799999237060547</ele><time>2026-09-18T23:05:26Z</time></trkpt><trkpt lat="37.63525390625" lon="127.06099700927734"><ele>23.799999237060547</ele><time>2026-09-18T23:05:27Z</time></trkpt><trkpt lat="37.63523483276367" lon="127.0610122680664"><ele>23.799999237060547</ele><time>2026-09-18T23:05:28Z</time></trkpt><trkpt lat="37.63521957397461" lon="127.06102752685547"><ele>23.799999237060547</ele><time>2026-09-18T23:05:29Z</time></trkpt><trkpt lat="37.63520050048828" lon="127.06104278564453"><ele>23.799999237060547</ele><time>2026-09-18T23:05:30Z</time></trkpt><trkpt lat="37.63518524169922" lon="127.0610580444336"><ele>23.799999237060547</ele><time>2026-09-18T23:05:31Z</time></trkpt><trkpt lat="37.63516616821289" lon="127.06108093261719"><ele>23.799999237060547</ele><time>2026-09-18T23:05:32Z</time></trkpt><trkpt lat="37.635154724121094" lon="127.06109619140625"><ele>23.799999237060547</ele><time>2026-09-18T23:05:33Z</time></trkpt><trkpt lat="37.6351318359375" lon="127.06111145019531"><ele>23.799999237060547</ele><time>2026-09-18T23:05:34Z</time></trkpt><trkpt lat="37.6351203918457" lon="127.06112670898438"><ele>23.799999237060547</ele><time>2026-09-18T23:05:35Z</time></trkpt><trkpt lat="37.635101318359375" lon="127.06114196777344"><ele>23.799999237060547</ele><time>2026-09-18T23:05:36Z</time></trkpt><trkpt lat="37.63508605957031" lon="127.0611572265625"><ele>23.799999237060547</ele><time>2026-09-18T23:05:37Z</time></trkpt><trkpt lat="37.635066986083984" lon="127.06117248535156"><ele>24.0</ele><time>2026-09-18T23:05:38Z</time></trkpt><trkpt lat="37.63505172729492" lon="127.06118774414062"><ele>24.0</ele><time>2026-09-18T23:05:39Z</time></trkpt><trkpt lat="37.635032653808594" lon="127.06120300292969"><ele>24.0</ele><time>2026-09-18T23:05:40Z</time></trkpt><trkpt lat="37.635013580322266" lon="127.06122589111328"><ele>24.0</ele><time>2026-09-18T23:05:41Z</time></trkpt><trkpt lat="37.63499450683594" lon="127.06124114990234"><ele>24.0</ele><time>2026-09-18T23:05:42Z</time></trkpt><trkpt lat="37.63498306274414" lon="127.0612564086914"><ele>24.0</ele><time>2026-09-18T23:05:43Z</time></trkpt><trkpt lat="37.63496398925781" lon="127.06127166748047"><ele>24.0</ele><time>2026-09-18T23:05:44Z</time></trkpt><trkpt lat="37.63494873046875" lon="127.06129455566406"><ele>24.0</ele><time>2026-09-18T23:05:45Z</time></trkpt><trkpt lat="37.634925842285156" lon="127.06130981445312"><ele>24.0</ele><time>2026-09-18T23:05:46Z</time></trkpt><trkpt lat="37.63491439819336" lon="127.06132507324219"><ele>24.0</ele><time>2026-09-18T23:05:47Z</time></trkpt><trkpt lat="37.634891510009766" lon="127.06134796142578"><ele>24.0</ele><time>2026-09-18T23:05:48Z</time></trkpt><trkpt lat="37.63488006591797" lon="127.06136322021484"><ele>24.0</ele><time>2026-09-18T23:05:49Z</time></trkpt><trkpt lat="37.63486099243164" lon="127.06138610839844"><ele>24.0</ele><time>2026-09-18T23:05:50Z</time></trkpt><trkpt lat="37.63484573364258" lon="127.0614013671875"><ele>23.799999237060547</ele><time>2026-09-18T23:05:51Z</time></trkpt><trkpt lat="37.634822845458984" lon="127.06141662597656"><ele>24.0</ele><time>2026-09-18T23:05:52Z</time></trkpt><trkpt lat="37.63480758666992" lon="127.06143188476562"><ele>24.0</ele><time>2026-09-18T23:05:53Z</time></trkpt><trkpt lat="37.634788513183594" lon="127.06144714355469"><ele>24.0</ele><time>2026-09-18T23:05:54Z</time></trkpt><trkpt lat="37.63477325439453" lon="127.06146240234375"><ele>24.0</ele><time>2026-09-18T23:05:55Z</time></trkpt><trkpt lat="37.6347541809082" lon="127.06148529052734"><ele>24.0</ele><time>2026-09-18T23:05:56Z</time></trkpt><trkpt lat="37.634742736816406" lon="127.06150817871094"><ele>24.0</ele><time>2026-09-18T23:05:57Z</time></trkpt><trkpt lat="37.63472366333008" lon="127.06153106689453"><ele>24.0</ele><time>2026-09-18T23:05:58Z</time></trkpt><trkpt lat="37.634708404541016" lon="127.0615463256836"><ele>24.0</ele><time>2026-09-18T23:05:59Z</time></trkpt><trkpt lat="37.63469314575195" lon="127.06156158447266"><ele>24.0</ele><time>2026-09-18T23:06:00Z</time></trkpt><trkpt lat="37.63467788696289" lon="127.06157684326172"><ele>24.0</ele><time>2026-09-18T23:06:01Z</time></trkpt><trkpt lat="37.6346549987793" lon="127.06159210205078"><ele>24.0</ele><time>2026-09-18T23:06:02Z</time></trkpt><trkpt lat="37.634639739990234" lon="127.06159973144531"><ele>24.0</ele><time>2026-09-18T23:06:03Z</time></trkpt><trkpt lat="37.634620666503906" lon="127.06161499023438"><ele>24.0</ele><time>2026-09-18T23:06:04Z</time></trkpt><trkpt lat="37.634605407714844" lon="127.06163024902344"><ele>24.0</ele><time>2026-09-18T23:06:05Z</time></trkpt><trkpt lat="37.63459014892578" lon="127.0616455078125"><ele>24.0</ele><time>2026-09-18T23:06:06Z</time></trkpt><trkpt lat="37.63457489013672" lon="127.0616683959961"><ele>24.0</ele><time>2026-09-18T23:06:07Z</time></trkpt><trkpt lat="37.63455581665039" lon="127.06168365478516"><ele>24.0</ele><time>2026-09-18T23:06:08Z</time></trkpt><trkpt lat="37.63454055786133" lon="127.06169891357422"><ele>24.0</ele><time>2026-09-18T23:06:09Z</time></trkpt><trkpt lat="37.634525299072266" lon="127.06172180175781"><ele>24.0</ele><time>2026-09-18T23:06:10Z</time></trkpt><trkpt lat="37.6345100402832" lon="127.0617446899414"><ele>24.0</ele><time>2026-09-18T23:06:11Z</time></trkpt><trkpt lat="37.634490966796875" lon="127.061767578125"><ele>24.0</ele><time>2026-09-18T23:06:12Z</time></trkpt><trkpt lat="37.63447952270508" lon="127.06178283691406"><ele>24.0</ele><time>2026-09-18T23:06:13Z</time></trkpt><trkpt lat="37.63446044921875" lon="127.06180572509766"><ele>24.0</ele><time>2026-09-18T23:06:14Z</time></trkpt><trkpt lat="37.63444900512695" lon="127.06182098388672"><ele>24.0</ele><time>2026-09-18T23:06:15Z</time></trkpt><trkpt lat="37.634429931640625" lon="127.06183624267578"><ele>24.0</ele><time>2026-09-18T23:06:16Z</time></trkpt><trkpt lat="37.63441848754883" lon="127.06185150146484"><ele>24.0</ele><time>2026-09-18T23:06:17Z</time></trkpt><trkpt lat="37.634403228759766" lon="127.06187438964844"><ele>24.0</ele><time>2026-09-18T23:06:18Z</time></trkpt><trkpt lat="37.63439178466797" lon="127.0618896484375"><ele>24.0</ele><time>2026-09-18T23:06:19Z</time></trkpt><trkpt lat="37.634368896484375" lon="127.0619125366211"><ele>24.0</ele><time>2026-09-18T23:06:20Z</time></trkpt><trkpt lat="37.63435745239258" lon="127.06193542480469"><ele>24.0</ele><time>2026-09-18T23:06:21Z</time></trkpt><trkpt lat="37.634334564208984" lon="127.06195068359375"><ele>24.0</ele><time>2026-09-18T23:06:22Z</time></trkpt><trkpt lat="37.63431930541992" lon="127.06197357177734"><ele>24.0</ele><time>2026-09-18T23:06:23Z</time></trkpt><trkpt lat="37.634300231933594" lon="127.0619888305664"><ele>24.0</ele><time>2026-09-18T23:06:24Z</time></trkpt><trkpt lat="37.63428497314453" lon="127.06201171875"><ele>24.0</ele><time>2026-09-18T23:06:25Z</time></trkpt><trkpt lat="37.63426971435547" lon="127.06202697753906"><ele>24.0</ele><time>2026-09-18T23:06:26Z</time></trkpt><trkpt lat="37.63426208496094" lon="127.06204986572266"><ele>24.0</ele><time>2026-09-18T23:06:27Z</time></trkpt><trkpt lat="37.634246826171875" lon="127.06207275390625"><ele>24.0</ele><time>2026-09-18T23:06:28Z</time></trkpt><trkpt lat="37.634239196777344" lon="127.06209564208984"><ele>24.0</ele><time>2026-09-18T23:06:29Z</time></trkpt><trkpt lat="37.634220123291016" lon="127.06212615966797"><ele>23.799999237060547</ele><time>2026-09-18T23:06:30Z</time></trkpt><trkpt lat="37.63420486450195" lon="127.06214904785156"><ele>24.0</ele><time>2026-09-18T23:06:31Z</time></trkpt><trkpt lat="37.63418960571289" lon="127.06217193603516"><ele>24.0</ele><time>2026-09-18T23:06:32Z</time></trkpt><trkpt lat="37.634178161621094" lon="127.06220245361328"><ele>24.0</ele><time>2026-09-18T23:06:33Z</time></trkpt><trkpt lat="37.634159088134766" lon="127.06222534179688"><ele>24.0</ele><time>2026-09-18T23:06:34Z</time></trkpt><trkpt lat="37.6341438293457" lon="127.06224822998047"><ele>24.0</ele><time>2026-09-18T23:06:35Z</time></trkpt><trkpt lat="37.63412857055664" lon="127.06226348876953"><ele>24.0</ele><time>2026-09-18T23:06:36Z</time></trkpt><trkpt lat="37.63411331176758" lon="127.06228637695312"><ele>23.799999237060547</ele><time>2026-09-18T23:06:37Z</time></trkpt><trkpt lat="37.63409423828125" lon="127.06230926513672"><ele>24.0</ele><time>2026-09-18T23:06:38Z</time></trkpt><trkpt lat="37.63407516479492" lon="127.06233215332031"><ele>24.0</ele><time>2026-09-18T23:06:39Z</time></trkpt><trkpt lat="37.634056091308594" lon="127.06234741210938"><ele>24.0</ele><time>2026-09-18T23:06:40Z</time></trkpt><trkpt lat="37.634037017822266" lon="127.06237030029297"><ele>23.799999237060547</ele><time>2026-09-18T23:06:41Z</time></trkpt><trkpt lat="37.6340217590332" lon="127.06239318847656"><ele>23.799999237060547</ele><time>2026-09-18T23:06:42Z</time></trkpt><trkpt lat="37.634002685546875" lon="127.06241607666016"><ele>23.799999237060547</ele><time>2026-09-18T23:06:43Z</time></trkpt><trkpt lat="37.63398742675781" lon="127.06243133544922"><ele>23.799999237060547</ele><time>2026-09-18T23:06:44Z</time></trkpt><trkpt lat="37.633968353271484" lon="127.06245422363281"><ele>23.799999237060547</ele><time>2026-09-18T23:06:45Z</time></trkpt><trkpt lat="37.63395309448242" lon="127.06246185302734"><ele>23.799999237060547</ele><time>2026-09-18T23:06:46Z</time></trkpt><trkpt lat="37.633934020996094" lon="127.06248474121094"><ele>23.799999237060547</ele><time>2026-09-18T23:06:47Z</time></trkpt><trkpt lat="37.633914947509766" lon="127.0625"><ele>23.799999237060547</ele><time>2026-09-18T23:06:48Z</time></trkpt><trkpt lat="37.63389587402344" lon="127.0625228881836"><ele>24.0</ele><time>2026-09-18T23:06:49Z</time></trkpt><trkpt lat="37.633880615234375" lon="127.06253814697266"><ele>24.0</ele><time>2026-09-18T23:06:50Z</time></trkpt><trkpt lat="37.63386154174805" lon="127.06256103515625"><ele>24.0</ele><time>2026-09-18T23:06:51Z</time></trkpt><trkpt lat="37.633846282958984" lon="127.06257629394531"><ele>24.0</ele><time>2026-09-18T23:06:52Z</time></trkpt><trkpt lat="37.633827209472656" lon="127.0625991821289"><ele>24.0</ele><time>2026-09-18T23:06:53Z</time></trkpt><trkpt lat="37.63380813598633" lon="127.06260681152344"><ele>24.0</ele><time>2026-09-18T23:06:54Z</time></trkpt><trkpt lat="37.6337890625" lon="127.0626220703125"><ele>24.0</ele><time>2026-09-18T23:06:55Z</time></trkpt><trkpt lat="37.633766174316406" lon="127.06263732910156"><ele>24.0</ele><time>2026-09-18T23:06:56Z</time></trkpt><trkpt lat="37.63374710083008" lon="127.06265258789062"><ele>24.200000762939453</ele><time>2026-09-18T23:06:57Z</time></trkpt><trkpt lat="37.63372802734375" lon="127.06266021728516"><ele>24.200000762939453</ele><time>2026-09-18T23:06:58Z</time></trkpt><trkpt lat="37.63371658325195" lon="127.06267547607422"><ele>24.200000762939453</ele><time>2026-09-18T23:06:59Z</time></trkpt><trkpt lat="37.63370132446289" lon="127.06269836425781"><ele>24.200000762939453</ele><time>2026-09-18T23:07:00Z</time></trkpt><trkpt lat="37.633689880371094" lon="127.06271362304688"><ele>24.200000762939453</ele><time>2026-09-18T23:07:01Z</time></trkpt><trkpt lat="37.63367462158203" lon="127.06272888183594"><ele>24.0</ele><time>2026-09-18T23:07:02Z</time></trkpt><trkpt lat="37.6336555480957" lon="127.062744140625"><ele>24.200000762939453</ele><time>2026-09-18T23:07:03Z</time></trkpt><trkpt lat="37.63364028930664" lon="127.0627670288086"><ele>24.200000762939453</ele><time>2026-09-18T23:07:04Z</time></trkpt><trkpt lat="37.63362503051758" lon="127.06278228759766"><ele>24.200000762939453</ele><time>2026-09-18T23:07:05Z</time></trkpt><trkpt lat="37.633609771728516" lon="127.06279754638672"><ele>24.0</ele><time>2026-09-18T23:07:06Z</time></trkpt><trkpt lat="37.63358688354492" lon="127.06282043457031"><ele>24.0</ele><time>2026-09-18T23:07:07Z</time></trkpt><trkpt lat="37.633575439453125" lon="127.06283569335938"><ele>24.0</ele><time>2026-09-18T23:07:08Z</time></trkpt><trkpt lat="37.6335563659668" lon="127.0628662109375"><ele>24.0</ele><time>2026-09-18T23:07:09Z</time></trkpt><trkpt lat="37.633541107177734" lon="127.06288146972656"><ele>24.0</ele><time>2026-09-18T23:07:10Z</time></trkpt><trkpt lat="37.633522033691406" lon="127.06290435791016"><ele>24.0</ele><time>2026-09-18T23:07:11Z</time></trkpt><trkpt lat="37.633506774902344" lon="127.06291961669922"><ele>24.0</ele><time>2026-09-18T23:07:12Z</time></trkpt><trkpt lat="37.63349533081055" lon="127.06293487548828"><ele>24.0</ele><time>2026-09-18T23:07:13Z</time></trkpt><trkpt lat="37.633480072021484" lon="127.06295013427734"><ele>24.0</ele><time>2026-09-18T23:07:14Z</time></trkpt><trkpt lat="37.63346862792969" lon="127.06295776367188"><ele>24.0</ele><time>2026-09-18T23:07:15Z</time></trkpt><trkpt lat="37.633453369140625" lon="127.06298065185547"><ele>24.0</ele><time>2026-09-18T23:07:16Z</time></trkpt><trkpt lat="37.63344192504883" lon="127.06299591064453"><ele>24.0</ele><time>2026-09-18T23:07:17Z</time></trkpt><trkpt lat="37.633426666259766" lon="127.0630111694336"><ele>23.799999237060547</ele><time>2026-09-18T23:07:18Z</time></trkpt><trkpt lat="37.6334114074707" lon="127.0630111694336"><ele>23.799999237060547</ele><time>2026-09-18T23:07:19Z</time></trkpt><trkpt lat="37.63339614868164" lon="127.06302642822266"><ele>23.799999237060547</ele><time>2026-09-18T23:07:20Z</time></trkpt><trkpt lat="37.63338088989258" lon="127.06303405761719"><ele>23.799999237060547</ele><time>2026-09-18T23:07:21Z</time></trkpt><trkpt lat="37.63336944580078" lon="127.06304168701172"><ele>23.799999237060547</ele><time>2026-09-18T23:07:22Z</time></trkpt><trkpt lat="37.63335418701172" lon="127.06305694580078"><ele>23.799999237060547</ele><time>2026-09-18T23:07:23Z</time></trkpt><trkpt lat="37.633338928222656" lon="127.06307220458984"><ele>23.799999237060547</ele><time>2026-09-18T23:07:24Z</time></trkpt><trkpt lat="37.633323669433594" lon="127.06307983398438"><ele>23.799999237060547</ele><time>2026-09-18T23:07:25Z</time></trkpt><trkpt lat="37.63330841064453" lon="127.06309509277344"><ele>23.799999237060547</ele><time>2026-09-18T23:07:26Z</time></trkpt><trkpt lat="37.63329315185547" lon="127.0631103515625"><ele>23.799999237060547</ele><time>2026-09-18T23:07:27Z</time></trkpt><trkpt lat="37.633277893066406" lon="127.06312561035156"><ele>23.600000381469727</ele><time>2026-09-18T23:07:28Z</time></trkpt><trkpt lat="37.63326644897461" lon="127.06314086914062"><ele>23.399999618530273</ele><time>2026-09-18T23:07:29Z</time></trkpt><trkpt lat="37.63324737548828" lon="127.06315612792969"><ele>23.399999618530273</ele><time>2026-09-18T23:07:30Z</time></trkpt><trkpt lat="37.633235931396484" lon="127.06317138671875"><ele>23.399999618530273</ele><time>2026-09-18T23:07:31Z</time></trkpt><trkpt lat="37.633216857910156" lon="127.06318664550781"><ele>23.399999618530273</ele><time>2026-09-18T23:07:32Z</time></trkpt><trkpt lat="37.63320541381836" lon="127.06319427490234"><ele>23.399999618530273</ele><time>2026-09-18T23:07:33Z</time></trkpt><trkpt lat="37.6331901550293" lon="127.0632095336914"><ele>23.399999618530273</ele><time>2026-09-18T23:07:34Z</time></trkpt><trkpt lat="37.6331787109375" lon="127.06322479248047"><ele>23.399999618530273</ele><time>2026-09-18T23:07:35Z</time></trkpt><trkpt lat="37.63316345214844" lon="127.06324005126953"><ele>23.399999618530273</ele><time>2026-09-18T23:07:36Z</time></trkpt><trkpt lat="37.63315200805664" lon="127.06324768066406"><ele>23.399999618530273</ele><time>2026-09-18T23:07:37Z</time></trkpt><trkpt lat="37.63313674926758" lon="127.06326293945312"><ele>23.399999618530273</ele><time>2026-09-18T23:07:38Z</time></trkpt><trkpt lat="37.633121490478516" lon="127.06327819824219"><ele>23.399999618530273</ele><time>2026-09-18T23:07:39Z</time></trkpt><trkpt lat="37.633113861083984" lon="127.06329345703125"><ele>23.399999618530273</ele><time>2026-09-18T23:07:40Z</time></trkpt><trkpt lat="37.63309860229492" lon="127.06331634521484"><ele>23.399999618530273</ele><time>2026-09-18T23:07:41Z</time></trkpt><trkpt lat="37.63308334350586" lon="127.06333923339844"><ele>23.399999618530273</ele><time>2026-09-18T23:07:42Z</time></trkpt><trkpt lat="37.6330680847168" lon="127.06336212158203"><ele>23.399999618530273</ele><time>2026-09-18T23:07:43Z</time></trkpt><trkpt lat="37.633052825927734" lon="127.0633773803711"><ele>23.399999618530273</ele><time>2026-09-18T23:07:44Z</time></trkpt><trkpt lat="37.63304138183594" lon="127.06338500976562"><ele>23.600000381469727</ele><time>2026-09-18T23:07:45Z</time></trkpt><trkpt lat="37.633026123046875" lon="127.06340789794922"><ele>23.600000381469727</ele><time>2026-09-18T23:07:46Z</time></trkpt><trkpt lat="37.63301086425781" lon="127.06342315673828"><ele>23.399999618530273</ele><time>2026-09-18T23:07:47Z</time></trkpt><trkpt lat="37.632999420166016" lon="127.06343841552734"><ele>23.399999618530273</ele><time>2026-09-18T23:07:48Z</time></trkpt><trkpt lat="37.63298416137695" lon="127.0634536743164"><ele>23.399999618530273</ele><time>2026-09-18T23:07:49Z</time></trkpt><trkpt lat="37.632972717285156" lon="127.06346130371094"><ele>23.399999618530273</ele><time>2026-09-18T23:07:50Z</time></trkpt><trkpt lat="37.63296127319336" lon="127.0634765625"><ele>23.600000381469727</ele><time>2026-09-18T23:07:51Z</time></trkpt><trkpt lat="37.63294982910156" lon="127.06348419189453"><ele>23.600000381469727</ele><time>2026-09-18T23:07:52Z</time></trkpt><trkpt lat="37.632938385009766" lon="127.0634994506836"><ele>23.600000381469727</ele><time>2026-09-18T23:07:53Z</time></trkpt><trkpt lat="37.63292694091797" lon="127.06352233886719"><ele>23.600000381469727</ele><time>2026-09-18T23:07:54Z</time></trkpt><trkpt lat="37.6329231262207" lon="127.06353759765625"><ele>23.399999618530273</ele><time>2026-09-18T23:07:55Z</time></trkpt><trkpt lat="37.63290786743164" lon="127.06355285644531"><ele>23.399999618530273</ele><time>2026-09-18T23:07:56Z</time></trkpt><trkpt lat="37.632904052734375" lon="127.06358337402344"><ele>23.399999618530273</ele><time>2026-09-18T23:07:57Z</time></trkpt><trkpt lat="37.63288116455078" lon="127.0635986328125"><ele>23.399999618530273</ele><time>2026-09-18T23:07:58Z</time></trkpt><trkpt lat="37.63286590576172" lon="127.06361389160156"><ele>23.399999618530273</ele><time>2026-09-18T23:07:59Z</time></trkpt><trkpt lat="37.632850646972656" lon="127.06363677978516"><ele>23.399999618530273</ele><time>2026-09-18T23:08:00Z</time></trkpt><trkpt lat="37.63283157348633" lon="127.06365966796875"><ele>23.399999618530273</ele><time>2026-09-18T23:08:01Z</time></trkpt><trkpt lat="37.632816314697266" lon="127.06368255615234"><ele>23.399999618530273</ele><time>2026-09-18T23:08:02Z</time></trkpt><trkpt lat="37.63279724121094" lon="127.06370544433594"><ele>23.399999618530273</ele><time>2026-09-18T23:08:03Z</time></trkpt><trkpt lat="37.632781982421875" lon="127.06372833251953"><ele>23.399999618530273</ele><time>2026-09-18T23:08:04Z</time></trkpt><trkpt lat="37.63277053833008" lon="127.0637435913086"><ele>23.600000381469727</ele><time>2026-09-18T23:08:05Z</time></trkpt><trkpt lat="37.63275146484375" lon="127.06375885009766"><ele>23.600000381469727</ele><time>2026-09-18T23:08:06Z</time></trkpt><trkpt lat="37.63274002075195" lon="127.06378173828125"><ele>23.600000381469727</ele><time>2026-09-18T23:08:07Z</time></trkpt><trkpt lat="37.63272476196289" lon="127.06379699707031"><ele>23.399999618530273</ele><time>2026-09-18T23:08:08Z</time></trkpt><trkpt lat="37.63270950317383" lon="127.0638198852539"><ele>23.600000381469727</ele><time>2026-09-18T23:08:09Z</time></trkpt><trkpt lat="37.632694244384766" lon="127.0638427734375"><ele>23.399999618530273</ele><time>2026-09-18T23:08:10Z</time></trkpt><trkpt lat="37.6326789855957" lon="127.0638656616211"><ele>23.399999618530273</ele><time>2026-09-18T23:08:11Z</time></trkpt><trkpt lat="37.63267135620117" lon="127.06388092041016"><ele>23.399999618530273</ele><time>2026-09-18T23:08:12Z</time></trkpt><trkpt lat="37.63265609741211" lon="127.06389617919922"><ele>23.399999618530273</ele><time>2026-09-18T23:08:13Z</time></trkpt><trkpt lat="37.63264465332031" lon="127.06391143798828"><ele>23.399999618530273</ele><time>2026-09-18T23:08:14Z</time></trkpt><trkpt lat="37.632633209228516" lon="127.06393432617188"><ele>23.399999618530273</ele><time>2026-09-18T23:08:15Z</time></trkpt><trkpt lat="37.63261413574219" lon="127.06395721435547"><ele>23.399999618530273</ele><time>2026-09-18T23:08:16Z</time></trkpt><trkpt lat="37.63260269165039" lon="127.06397247314453"><ele>23.399999618530273</ele><time>2026-09-18T23:08:17Z</time></trkpt><trkpt lat="37.63258743286133" lon="127.06399536132812"><ele>23.399999618530273</ele><time>2026-09-18T23:08:18Z</time></trkpt><trkpt lat="37.63257598876953" lon="127.06401062011719"><ele>23.399999618530273</ele><time>2026-09-18T23:08:19Z</time></trkpt><trkpt lat="37.63256072998047" lon="127.06403350830078"><ele>23.399999618530273</ele><time>2026-09-18T23:08:20Z</time></trkpt><trkpt lat="37.63254928588867" lon="127.06405639648438"><ele>23.399999618530273</ele><time>2026-09-18T23:08:21Z</time></trkpt><trkpt lat="37.63254165649414" lon="127.06407928466797"><ele>23.399999618530273</ele><time>2026-09-18T23:08:22Z</time></trkpt><trkpt lat="37.63252258300781" lon="127.06410217285156"><ele>23.600000381469727</ele><time>2026-09-18T23:08:23Z</time></trkpt><trkpt lat="37.632511138916016" lon="127.06411743164062"><ele>23.600000381469727</ele><time>2026-09-18T23:08:24Z</time></trkpt><trkpt lat="37.63249206542969" lon="127.06413269042969"><ele>23.600000381469727</ele><time>2026-09-18T23:08:25Z</time></trkpt><trkpt lat="37.63248062133789" lon="127.06415557861328"><ele>23.600000381469727</ele><time>2026-09-18T23:08:26Z</time></trkpt><trkpt lat="37.632469177246094" lon="127.06417846679688"><ele>23.600000381469727</ele><time>2026-09-18T23:08:27Z</time></trkpt><trkpt lat="37.6324462890625" lon="127.06420135498047"><ele>23.600000381469727</ele><time>2026-09-18T23:08:28Z</time></trkpt><trkpt lat="37.6324348449707" lon="127.06421661376953"><ele>23.600000381469727</ele><time>2026-09-18T23:08:29Z</time></trkpt><trkpt lat="37.63241195678711" lon="127.06423950195312"><ele>23.600000381469727</ele><time>2026-09-18T23:08:30Z</time></trkpt><trkpt lat="37.63240432739258" lon="127.06425476074219"><ele>23.600000381469727</ele><time>2026-09-18T23:08:31Z</time></trkpt><trkpt lat="37.63238525390625" lon="127.06427001953125"><ele>23.600000381469727</ele><time>2026-09-18T23:08:32Z</time></trkpt><trkpt lat="37.63236618041992" lon="127.06428527832031"><ele>23.600000381469727</ele><time>2026-09-18T23:08:33Z</time></trkpt><trkpt lat="37.632354736328125" lon="127.06430053710938"><ele>23.600000381469727</ele><time>2026-09-18T23:08:34Z</time></trkpt><trkpt lat="37.6323356628418" lon="127.06431579589844"><ele>23.600000381469727</ele><time>2026-09-18T23:08:35Z</time></trkpt><trkpt lat="37.632320404052734" lon="127.06432342529297"><ele>23.600000381469727</ele><time>2026-09-18T23:08:36Z</time></trkpt><trkpt lat="37.632301330566406" lon="127.06434631347656"><ele>23.600000381469727</ele><time>2026-09-18T23:08:37Z</time></trkpt><trkpt lat="37.632286071777344" lon="127.06434631347656"><ele>23.600000381469727</ele><time>2026-09-18T23:08:38Z</time></trkpt><trkpt lat="37.632266998291016" lon="127.06436157226562"><ele>23.600000381469727</ele><time>2026-09-18T23:08:39Z</time></trkpt><trkpt lat="37.63224792480469" lon="127.06436920166016"><ele>23.399999618530273</ele><time>2026-09-18T23:08:40Z</time></trkpt><trkpt lat="37.63223648071289" lon="127.06436920166016"><ele>23.399999618530273</ele><time>2026-09-18T23:08:41Z</time></trkpt><trkpt lat="37.6322135925293" lon="127.06437683105469"><ele>23.399999618530273</ele><time>2026-09-18T23:08:42Z</time></trkpt><trkpt lat="37.632205963134766" lon="127.06438446044922"><ele>23.399999618530273</ele><time>2026-09-18T23:08:43Z</time></trkpt><trkpt lat="37.63218688964844" lon="127.06438446044922"><ele>23.399999618530273</ele><time>2026-09-18T23:08:44Z</time></trkpt><trkpt lat="37.632171630859375" lon="127.06438446044922"><ele>23.399999618530273</ele><time>2026-09-18T23:08:45Z</time></trkpt><trkpt lat="37.63215255737305" lon="127.06439208984375"><ele>23.399999618530273</ele><time>2026-09-18T23:08:46Z</time></trkpt><trkpt lat="37.63213348388672" lon="127.06439971923828"><ele>23.399999618530273</ele><time>2026-09-18T23:08:47Z</time></trkpt><trkpt lat="37.632118225097656" lon="127.06439971923828"><ele>23.399999618530273</ele><time>2026-09-18T23:08:48Z</time></trkpt><trkpt lat="37.632102966308594" lon="127.06440734863281"><ele>23.399999618530273</ele><time>2026-09-18T23:08:49Z</time></trkpt><trkpt lat="37.63208770751953" lon="127.06442260742188"><ele>23.399999618530273</ele><time>2026-09-18T23:08:50Z</time></trkpt><trkpt lat="37.63206481933594" lon="127.0644302368164"><ele>23.399999618530273</ele><time>2026-09-18T23:08:51Z</time></trkpt><trkpt lat="37.632049560546875" lon="127.06443786621094"><ele>23.399999618530273</ele><time>2026-09-18T23:08:52Z</time></trkpt><trkpt lat="37.63202667236328" lon="127.064453125"><ele>23.399999618530273</ele><time>2026-09-18T23:08:53Z</time></trkpt><trkpt lat="37.63200759887695" lon="127.064453125"><ele>23.399999618530273</ele><time>2026-09-18T23:08:54Z</time></trkpt><trkpt lat="37.63199234008789" lon="127.06446838378906"><ele>23.399999618530273</ele><time>2026-09-18T23:08:55Z</time></trkpt><trkpt lat="37.6319694519043" lon="127.06448364257812"><ele>23.399999618530273</ele><time>2026-09-18T23:08:56Z</time></trkpt><trkpt lat="37.6319580078125" lon="127.06449127197266"><ele>23.399999618530273</ele><time>2026-09-18T23:08:57Z</time></trkpt><trkpt lat="37.631935119628906" lon="127.06449890136719"><ele>23.399999618530273</ele><time>2026-09-18T23:08:58Z</time></trkpt><trkpt lat="37.631919860839844" lon="127.06450653076172"><ele>23.399999618530273</ele><time>2026-09-18T23:08:59Z</time></trkpt><trkpt lat="37.63190460205078" lon="127.06451416015625"><ele>23.399999618530273</ele><time>2026-09-18T23:09:00Z</time></trkpt><trkpt lat="37.63188934326172" lon="127.06452178955078"><ele>23.399999618530273</ele><time>2026-09-18T23:09:01Z</time></trkpt><trkpt lat="37.631874084472656" lon="127.06452941894531"><ele>23.399999618530273</ele><time>2026-09-18T23:09:02Z</time></trkpt><trkpt lat="37.63185119628906" lon="127.06453704833984"><ele>23.399999618530273</ele><time>2026-09-18T23:09:03Z</time></trkpt><trkpt lat="37.631839752197266" lon="127.06454467773438"><ele>23.399999618530273</ele><time>2026-09-18T23:09:04Z</time></trkpt><trkpt lat="37.63181686401367" lon="127.0645523071289"><ele>23.399999618530273</ele><time>2026-09-18T23:09:05Z</time></trkpt><trkpt lat="37.631805419921875" lon="127.06455993652344"><ele>23.399999618530273</ele><time>2026-09-18T23:09:06Z</time></trkpt><trkpt lat="37.63179016113281" lon="127.06456756591797"><ele>23.399999618530273</ele><time>2026-09-18T23:09:07Z</time></trkpt><trkpt lat="37.631771087646484" lon="127.06458282470703"><ele>23.399999618530273</ele><time>2026-09-18T23:09:08Z</time></trkpt><trkpt lat="37.63175582885742" lon="127.06459045410156"><ele>23.399999618530273</ele><time>2026-09-18T23:09:09Z</time></trkpt><trkpt lat="37.63173294067383" lon="127.0645980834961"><ele>23.399999618530273</ele><time>2026-09-18T23:09:10Z</time></trkpt><trkpt lat="37.63172149658203" lon="127.06460571289062"><ele>23.399999618530273</ele><time>2026-09-18T23:09:11Z</time></trkpt><trkpt lat="37.6317024230957" lon="127.06461334228516"><ele>23.399999618530273</ele><time>2026-09-18T23:09:12Z</time></trkpt><trkpt lat="37.631683349609375" lon="127.06462097167969"><ele>23.399999618530273</ele><time>2026-09-18T23:09:13Z</time></trkpt><trkpt lat="37.63166809082031" lon="127.06462860107422"><ele>23.399999618530273</ele><time>2026-09-18T23:09:14Z</time></trkpt><trkpt lat="37.63164520263672" lon="127.06463623046875"><ele>23.399999618530273</ele><time>2026-09-18T23:09:15Z</time></trkpt><trkpt lat="37.63163375854492" lon="127.06464385986328"><ele>23.399999618530273</ele><time>2026-09-18T23:09:16Z</time></trkpt><trkpt lat="37.631614685058594" lon="127.06465148925781"><ele>23.399999618530273</ele><time>2026-09-18T23:09:17Z</time></trkpt><trkpt lat="37.631595611572266" lon="127.06465148925781"><ele>23.399999618530273</ele><time>2026-09-18T23:09:18Z</time></trkpt><trkpt lat="37.6315803527832" lon="127.06465911865234"><ele>23.399999618530273</ele><time>2026-09-18T23:09:19Z</time></trkpt><trkpt lat="37.63155746459961" lon="127.06466674804688"><ele>23.399999618530273</ele><time>2026-09-18T23:09:20Z</time></trkpt><trkpt lat="37.63154220581055" lon="127.0646743774414"><ele>23.399999618530273</ele><time>2026-09-18T23:09:21Z</time></trkpt><trkpt lat="37.63152313232422" lon="127.0646743774414"><ele>23.399999618530273</ele><time>2026-09-18T23:09:22Z</time></trkpt><trkpt lat="37.63150405883789" lon="127.06468200683594"><ele>23.399999618530273</ele><time>2026-09-18T23:09:23Z</time></trkpt><trkpt lat="37.63148498535156" lon="127.06468963623047"><ele>23.399999618530273</ele><time>2026-09-18T23:09:24Z</time></trkpt><trkpt lat="37.63146209716797" lon="127.06468963623047"><ele>23.200000762939453</ele><time>2026-09-18T23:09:25Z</time></trkpt><trkpt lat="37.631446838378906" lon="127.064697265625"><ele>23.200000762939453</ele><time>2026-09-18T23:09:26Z</time></trkpt><trkpt lat="37.63142395019531" lon="127.06470489501953"><ele>23.200000762939453</ele><time>2026-09-18T23:09:27Z</time></trkpt><trkpt lat="37.631404876708984" lon="127.06470489501953"><ele>23.200000762939453</ele><time>2026-09-18T23:09:28Z</time></trkpt><trkpt lat="37.631385803222656" lon="127.06471252441406"><ele>23.200000762939453</ele><time>2026-09-18T23:09:29Z</time></trkpt><trkpt lat="37.63136672973633" lon="127.0647201538086"><ele>23.200000762939453</ele><time>2026-09-18T23:09:30Z</time></trkpt><trkpt lat="37.63134765625" lon="127.0647201538086"><ele>23.200000762939453</ele><time>2026-09-18T23:09:31Z</time></trkpt><trkpt lat="37.631324768066406" lon="127.0647201538086"><ele>23.200000762939453</ele><time>2026-09-18T23:09:32Z</time></trkpt><trkpt lat="37.63131332397461" lon="127.06472778320312"><ele>23.0</ele><time>2026-09-18T23:09:33Z</time></trkpt><trkpt lat="37.63128662109375" lon="127.06472778320312"><ele>23.0</ele><time>2026-09-18T23:09:34Z</time></trkpt><trkpt lat="37.63127136230469" lon="127.06472778320312"><ele>23.0</ele><time>2026-09-18T23:09:35Z</time></trkpt><trkpt lat="37.63125228881836" lon="127.06472778320312"><ele>22.799999237060547</ele><time>2026-09-18T23:09:36Z</time></trkpt><trkpt lat="37.63123321533203" lon="127.06473541259766"><ele>22.799999237060547</ele><time>2026-09-18T23:09:37Z</time></trkpt><trkpt lat="37.6312141418457" lon="127.06474304199219"><ele>22.799999237060547</ele><time>2026-09-18T23:09:38Z</time></trkpt><trkpt lat="37.63119125366211" lon="127.06475067138672"><ele>22.799999237060547</ele><time>2026-09-18T23:09:39Z</time></trkpt><trkpt lat="37.63117599487305" lon="127.06475830078125"><ele>22.600000381469727</ele><time>2026-09-18T23:09:40Z</time></trkpt><trkpt lat="37.63115692138672" lon="127.06475830078125"><ele>22.600000381469727</ele><time>2026-09-18T23:09:41Z</time></trkpt><trkpt lat="37.63113784790039" lon="127.06476593017578"><ele>22.799999237060547</ele><time>2026-09-18T23:09:42Z</time></trkpt><trkpt lat="37.63111877441406" lon="127.06477355957031"><ele>22.799999237060547</ele><time>2026-09-18T23:09:43Z</time></trkpt><trkpt lat="37.63109588623047" lon="127.06477355957031"><ele>22.799999237060547</ele><time>2026-09-18T23:09:44Z</time></trkpt><trkpt lat="37.631080627441406" lon="127.06478118896484"><ele>22.799999237060547</ele><time>2026-09-18T23:09:45Z</time></trkpt><trkpt lat="37.63105392456055" lon="127.06478881835938"><ele>22.600000381469727</ele><time>2026-09-18T23:09:46Z</time></trkpt><trkpt lat="37.63103485107422" lon="127.06478881835938"><ele>22.600000381469727</ele><time>2026-09-18T23:09:47Z</time></trkpt><trkpt lat="37.631019592285156" lon="127.06480407714844"><ele>22.600000381469727</ele><time>2026-09-18T23:09:48Z</time></trkpt><trkpt lat="37.63100051879883" lon="127.06480407714844"><ele>22.600000381469727</ele><time>2026-09-18T23:09:49Z</time></trkpt><trkpt lat="37.6309814453125" lon="127.06481170654297"><ele>22.799999237060547</ele><time>2026-09-18T23:09:50Z</time></trkpt><trkpt lat="37.63095474243164" lon="127.06481170654297"><ele>22.799999237060547</ele><time>2026-09-18T23:09:51Z</time></trkpt><trkpt lat="37.63093948364258" lon="127.0648193359375"><ele>22.799999237060547</ele><time>2026-09-18T23:09:52Z</time></trkpt><trkpt lat="37.63092041015625" lon="127.0648193359375"><ele>22.799999237060547</ele><time>2026-09-18T23:09:53Z</time></trkpt><trkpt lat="37.630897521972656" lon="127.0648193359375"><ele>22.799999237060547</ele><time>2026-09-18T23:09:54Z</time></trkpt><trkpt lat="37.63087844848633" lon="127.0648193359375"><ele>22.799999237060547</ele><time>2026-09-18T23:09:55Z</time></trkpt><trkpt lat="37.630855560302734" lon="127.06482696533203"><ele>22.799999237060547</ele><time>2026-09-18T23:09:56Z</time></trkpt><trkpt lat="37.63084411621094" lon="127.06483459472656"><ele>22.799999237060547</ele><time>2026-09-18T23:09:57Z</time></trkpt><trkpt lat="37.630821228027344" lon="127.06484985351562"><ele>22.799999237060547</ele><time>2026-09-18T23:09:58Z</time></trkpt><trkpt lat="37.630802154541016" lon="127.06485748291016"><ele>22.799999237060547</ele><time>2026-09-18T23:09:59Z</time></trkpt><trkpt lat="37.63078308105469" lon="127.06486511230469"><ele>22.799999237060547</ele><time>2026-09-18T23:10:00Z</time></trkpt><trkpt lat="37.630760192871094" lon="127.06487274169922"><ele>22.799999237060547</ele><time>2026-09-18T23:10:01Z</time></trkpt><trkpt lat="37.63074493408203" lon="127.06488037109375"><ele>22.600000381469727</ele><time>2026-09-18T23:10:02Z</time></trkpt><trkpt lat="37.63072204589844" lon="127.06488800048828"><ele>22.600000381469727</ele><time>2026-09-18T23:10:03Z</time></trkpt><trkpt lat="37.63070297241211" lon="127.06489562988281"><ele>22.600000381469727</ele><time>2026-09-18T23:10:04Z</time></trkpt><trkpt lat="37.63068389892578" lon="127.06490325927734"><ele>22.799999237060547</ele><time>2026-09-18T23:10:05Z</time></trkpt><trkpt lat="37.63066482543945" lon="127.06491088867188"><ele>22.799999237060547</ele><time>2026-09-18T23:10:06Z</time></trkpt><trkpt lat="37.630645751953125" lon="127.06491088867188"><ele>22.799999237060547</ele><time>2026-09-18T23:10:07Z</time></trkpt><trkpt lat="37.63062286376953" lon="127.06491088867188"><ele>22.799999237060547</ele><time>2026-09-18T23:10:08Z</time></trkpt><trkpt lat="37.630611419677734" lon="127.06491088867188"><ele>23.0</ele><time>2026-09-18T23:10:09Z</time></trkpt><trkpt lat="37.63058853149414" lon="127.0649185180664"><ele>23.0</ele><time>2026-09-18T23:10:10Z</time></trkpt><trkpt lat="37.63057327270508" lon="127.0649185180664"><ele>23.0</ele><time>2026-09-18T23:10:11Z</time></trkpt><trkpt lat="37.630558013916016" lon="127.0649185180664"><ele>23.0</ele><time>2026-09-18T23:10:12Z</time></trkpt><trkpt lat="37.63053512573242" lon="127.06492614746094"><ele>23.0</ele><time>2026-09-18T23:10:13Z</time></trkpt><trkpt lat="37.63051986694336" lon="127.06492614746094"><ele>23.0</ele><time>2026-09-18T23:10:14Z</time></trkpt><trkpt lat="37.63050079345703" lon="127.06492614746094"><ele>23.0</ele><time>2026-09-18T23:10:15Z</time></trkpt><trkpt lat="37.6304817199707" lon="127.06492614746094"><ele>23.0</ele><time>2026-09-18T23:10:16Z</time></trkpt><trkpt lat="37.63046646118164" lon="127.06493377685547"><ele>23.200000762939453</ele><time>2026-09-18T23:10:17Z</time></trkpt><trkpt lat="37.63045120239258" lon="127.06493377685547"><ele>23.200000762939453</ele><time>2026-09-18T23:10:18Z</time></trkpt><trkpt lat="37.63043975830078" lon="127.06492614746094"><ele>23.200000762939453</ele><time>2026-09-18T23:10:19Z</time></trkpt><trkpt lat="37.63042449951172" lon="127.06492614746094"><ele>23.200000762939453</ele><time>2026-09-18T23:10:20Z</time></trkpt><trkpt lat="37.62993621826172" lon="127.0650863647461"><ele>21.600000381469727</ele><time>2026-09-18T23:13:05Z</time></trkpt><trkpt lat="37.62992858886719" lon="127.06509399414062"><ele>21.600000381469727</ele><time>2026-09-18T23:13:06Z</time></trkpt><trkpt lat="37.62992477416992" lon="127.06509399414062"><ele>21.600000381469727</ele><time>2026-09-18T23:13:07Z</time></trkpt><trkpt lat="37.629913330078125" lon="127.06509399414062"><ele>21.600000381469727</ele><time>2026-09-18T23:13:08Z</time></trkpt><trkpt lat="37.6298942565918" lon="127.06510162353516"><ele>21.600000381469727</ele><time>2026-09-18T23:13:09Z</time></trkpt><trkpt lat="37.62987518310547" lon="127.06510925292969"><ele>21.399999618530273</ele><time>2026-09-18T23:13:10Z</time></trkpt><trkpt lat="37.62985610961914" lon="127.06510925292969"><ele>21.399999618530273</ele><time>2026-09-18T23:13:11Z</time></trkpt><trkpt lat="37.62983322143555" lon="127.06511688232422"><ele>21.399999618530273</ele><time>2026-09-18T23:13:12Z</time></trkpt><trkpt lat="37.62981414794922" lon="127.06511688232422"><ele>21.600000381469727</ele><time>2026-09-18T23:13:13Z</time></trkpt><trkpt lat="37.629791259765625" lon="127.06512451171875"><ele>21.399999618530273</ele><time>2026-09-18T23:13:14Z</time></trkpt><trkpt lat="37.6297721862793" lon="127.06512451171875"><ele>21.399999618530273</ele><time>2026-09-18T23:13:15Z</time></trkpt><trkpt lat="37.6297492980957" lon="127.06512451171875"><ele>21.600000381469727</ele><time>2026-09-18T23:13:16Z</time></trkpt><trkpt lat="37.629722595214844" lon="127.06512451171875"><ele>21.600000381469727</ele><time>2026-09-18T23:13:17Z</time></trkpt><trkpt lat="37.62969970703125" lon="127.06513214111328"><ele>21.600000381469727</ele><time>2026-09-18T23:13:18Z</time></trkpt><trkpt lat="37.62967300415039" lon="127.06513214111328"><ele>21.600000381469727</ele><time>2026-09-18T23:13:19Z</time></trkpt><trkpt lat="37.62965393066406" lon="127.06513977050781"><ele>21.600000381469727</ele><time>2026-09-18T23:13:20Z</time></trkpt><trkpt lat="37.62963104248047" lon="127.06513977050781"><ele>21.600000381469727</ele><time>2026-09-18T23:13:21Z</time></trkpt><trkpt lat="37.62961196899414" lon="127.06514739990234"><ele>21.399999618530273</ele><time>2026-09-18T23:13:22Z</time></trkpt><trkpt lat="37.62958526611328" lon="127.06514739990234"><ele>21.399999618530273</ele><time>2026-09-18T23:13:23Z</time></trkpt><trkpt lat="37.62956619262695" lon="127.06515502929688"><ele>21.399999618530273</ele><time>2026-09-18T23:13:24Z</time></trkpt><trkpt lat="37.62954330444336" lon="127.0651626586914"><ele>21.200000762939453</ele><time>2026-09-18T23:13:25Z</time></trkpt><trkpt lat="37.62952423095703" lon="127.0651626586914"><ele>21.200000762939453</ele><time>2026-09-18T23:13:26Z</time></trkpt><trkpt lat="37.6295051574707" lon="127.06517028808594"><ele>21.200000762939453</ele><time>2026-09-18T23:13:27Z</time></trkpt><trkpt lat="37.62948226928711" lon="127.06517791748047"><ele>21.200000762939453</ele><time>2026-09-18T23:13:28Z</time></trkpt><trkpt lat="37.62946319580078" lon="127.06517791748047"><ele>21.200000762939453</ele><time>2026-09-18T23:13:29Z</time></trkpt><trkpt lat="37.62944030761719" lon="127.065185546875"><ele>21.200000762939453</ele><time>2026-09-18T23:13:30Z</time></trkpt><trkpt lat="37.62942123413086" lon="127.06519317626953"><ele>21.200000762939453</ele><time>2026-09-18T23:13:31Z</time></trkpt><trkpt lat="37.629398345947266" lon="127.06520080566406"><ele>21.200000762939453</ele><time>2026-09-18T23:13:32Z</time></trkpt><trkpt lat="37.62937545776367" lon="127.0652084350586"><ele>21.0</ele><time>2026-09-18T23:13:33Z</time></trkpt><trkpt lat="37.629356384277344" lon="127.06521606445312"><ele>21.200000762939453</ele><time>2026-09-18T23:13:34Z</time></trkpt><trkpt lat="37.62933349609375" lon="127.06523132324219"><ele>21.200000762939453</ele><time>2026-09-18T23:13:35Z</time></trkpt><trkpt lat="37.62931442260742" lon="127.06523895263672"><ele>21.200000762939453</ele><time>2026-09-18T23:13:36Z</time></trkpt><trkpt lat="37.629295349121094" lon="127.06524658203125"><ele>21.200000762939453</ele><time>2026-09-18T23:13:37Z</time></trkpt><trkpt lat="37.629276275634766" lon="127.06525421142578"><ele>21.200000762939453</ele><time>2026-09-18T23:13:38Z</time></trkpt><trkpt lat="37.62925720214844" lon="127.06526184082031"><ele>21.0</ele><time>2026-09-18T23:13:39Z</time></trkpt><trkpt lat="37.62923812866211" lon="127.06526947021484"><ele>21.0</ele><time>2026-09-18T23:13:40Z</time></trkpt><trkpt lat="37.62921905517578" lon="127.06527709960938"><ele>21.200000762939453</ele><time>2026-09-18T23:13:41Z</time></trkpt><trkpt lat="37.62919616699219" lon="127.06529235839844"><ele>21.200000762939453</ele><time>2026-09-18T23:13:42Z</time></trkpt><trkpt lat="37.62917709350586" lon="127.06529998779297"><ele>21.200000762939453</ele><time>2026-09-18T23:13:43Z</time></trkpt><trkpt lat="37.62915802001953" lon="127.06531524658203"><ele>21.399999618530273</ele><time>2026-09-18T23:13:44Z</time></trkpt><trkpt lat="37.62914276123047" lon="127.06532287597656"><ele>21.399999618530273</ele><time>2026-09-18T23:13:45Z</time></trkpt><trkpt lat="37.629119873046875" lon="127.0653305053711"><ele>21.399999618530273</ele><time>2026-09-18T23:13:46Z</time></trkpt><trkpt lat="37.62910461425781" lon="127.06533813476562"><ele>21.399999618530273</ele><time>2026-09-18T23:13:47Z</time></trkpt><trkpt lat="37.62907791137695" lon="127.06534576416016"><ele>21.399999618530273</ele><time>2026-09-18T23:13:48Z</time></trkpt><trkpt lat="37.62906265258789" lon="127.06535339355469"><ele>21.399999618530273</ele><time>2026-09-18T23:13:49Z</time></trkpt><trkpt lat="37.6290397644043" lon="127.06536865234375"><ele>21.200000762939453</ele><time>2026-09-18T23:13:50Z</time></trkpt><trkpt lat="37.629024505615234" lon="127.06537628173828"><ele>21.200000762939453</ele><time>2026-09-18T23:13:51Z</time></trkpt><trkpt lat="37.62900161743164" lon="127.06539154052734"><ele>21.399999618530273</ele><time>2026-09-18T23:13:52Z</time></trkpt><trkpt lat="37.62898254394531" lon="127.06539916992188"><ele>21.600000381469727</ele><time>2026-09-18T23:13:53Z</time></trkpt><trkpt lat="37.62896728515625" lon="127.0654067993164"><ele>21.600000381469727</ele><time>2026-09-18T23:13:54Z</time></trkpt><trkpt lat="37.62894058227539" lon="127.06541442871094"><ele>21.600000381469727</ele><time>2026-09-18T23:13:55Z</time></trkpt><trkpt lat="37.628929138183594" lon="127.06542205810547"><ele>21.399999618530273</ele><time>2026-09-18T23:13:56Z</time></trkpt><trkpt lat="37.62890625" lon="127.06543731689453"><ele>21.399999618530273</ele><time>2026-09-18T23:13:57Z</time></trkpt><trkpt lat="37.62889099121094" lon="127.06544494628906"><ele>21.200000762939453</ele><time>2026-09-18T23:13:58Z</time></trkpt><trkpt lat="37.62887191772461" lon="127.0654525756836"><ele>21.0</ele><time>2026-09-18T23:13:59Z</time></trkpt><trkpt lat="37.62885665893555" lon="127.06546020507812"><ele>21.200000762939453</ele><time>2026-09-18T23:14:00Z</time></trkpt><trkpt lat="37.62883377075195" lon="127.06546783447266"><ele>21.200000762939453</ele><time>2026-09-18T23:14:01Z</time></trkpt><trkpt lat="37.628814697265625" lon="127.06548309326172"><ele>21.200000762939453</ele><time>2026-09-18T23:14:02Z</time></trkpt><trkpt lat="37.62879943847656" lon="127.06549072265625"><ele>21.200000762939453</ele><time>2026-09-18T23:14:03Z</time></trkpt><trkpt lat="37.628780364990234" lon="127.06549835205078"><ele>21.200000762939453</ele><time>2026-09-18T23:14:04Z</time></trkpt><trkpt lat="37.62876510620117" lon="127.06551361083984"><ele>21.200000762939453</ele><time>2026-09-18T23:14:05Z</time></trkpt><trkpt lat="37.62874221801758" lon="127.0655288696289"><ele>21.200000762939453</ele><time>2026-09-18T23:14:06Z</time></trkpt><trkpt lat="37.62873077392578" lon="127.06554412841797"><ele>21.399999618530273</ele><time>2026-09-18T23:14:07Z</time></trkpt><trkpt lat="37.62870788574219" lon="127.0655517578125"><ele>21.399999618530273</ele><time>2026-09-18T23:14:08Z</time></trkpt><trkpt lat="37.628692626953125" lon="127.06556701660156"><ele>21.200000762939453</ele><time>2026-09-18T23:14:09Z</time></trkpt><trkpt lat="37.6286735534668" lon="127.06558227539062"><ele>21.200000762939453</ele><time>2026-09-18T23:14:10Z</time></trkpt><trkpt lat="37.628658294677734" lon="127.06559753417969"><ele>21.200000762939453</ele><time>2026-09-18T23:14:11Z</time></trkpt><trkpt lat="37.62863540649414" lon="127.06561279296875"><ele>21.200000762939453</ele><time>2026-09-18T23:14:12Z</time></trkpt><trkpt lat="37.628623962402344" lon="127.06562042236328"><ele>21.200000762939453</ele><time>2026-09-18T23:14:13Z</time></trkpt><trkpt lat="37.62860107421875" lon="127.06563568115234"><ele>21.200000762939453</ele><time>2026-09-18T23:14:14Z</time></trkpt><trkpt lat="37.62858963012695" lon="127.0656509399414"><ele>21.200000762939453</ele><time>2026-09-18T23:14:15Z</time></trkpt><trkpt lat="37.62856674194336" lon="127.06566619873047"><ele>21.200000762939453</ele><time>2026-09-18T23:14:16Z</time></trkpt><trkpt lat="37.62855529785156" lon="127.06568145751953"><ele>21.200000762939453</ele><time>2026-09-18T23:14:17Z</time></trkpt><trkpt lat="37.62853240966797" lon="127.0656967163086"><ele>21.200000762939453</ele><time>2026-09-18T23:14:18Z</time></trkpt><trkpt lat="37.628517150878906" lon="127.06571197509766"><ele>21.200000762939453</ele><time>2026-09-18T23:14:19Z</time></trkpt><trkpt lat="37.62849426269531" lon="127.06572723388672"><ele>21.200000762939453</ele><time>2026-09-18T23:14:20Z</time></trkpt><trkpt lat="37.628475189208984" lon="127.06574249267578"><ele>21.200000762939453</ele><time>2026-09-18T23:14:21Z</time></trkpt><trkpt lat="37.628456115722656" lon="127.06575775146484"><ele>21.200000762939453</ele><time>2026-09-18T23:14:22Z</time></trkpt><trkpt lat="37.62843704223633" lon="127.06576538085938"><ele>21.200000762939453</ele><time>2026-09-18T23:14:23Z</time></trkpt><trkpt lat="37.62841796875" lon="127.06578063964844"><ele>21.200000762939453</ele><time>2026-09-18T23:14:24Z</time></trkpt><trkpt lat="37.62839889526367" lon="127.0657958984375"><ele>21.200000762939453</ele><time>2026-09-18T23:14:25Z</time></trkpt><trkpt lat="37.62838363647461" lon="127.06581115722656"><ele>21.200000762939453</ele><time>2026-09-18T23:14:26Z</time></trkpt><trkpt lat="37.62836456298828" lon="127.06582641601562"><ele>21.200000762939453</ele><time>2026-09-18T23:14:27Z</time></trkpt><trkpt lat="37.62834930419922" lon="127.06584167480469"><ele>21.0</ele><time>2026-09-18T23:14:28Z</time></trkpt><trkpt lat="37.628334045410156" lon="127.06585693359375"><ele>21.0</ele><time>2026-09-18T23:14:29Z</time></trkpt><trkpt lat="37.62832260131836" lon="127.06587219238281"><ele>21.0</ele><time>2026-09-18T23:14:30Z</time></trkpt><trkpt lat="37.62830352783203" lon="127.06588745117188"><ele>21.0</ele><time>2026-09-18T23:14:31Z</time></trkpt><trkpt lat="37.628292083740234" lon="127.06590270996094"><ele>21.0</ele><time>2026-09-18T23:14:32Z</time></trkpt><trkpt lat="37.62826919555664" lon="127.06591033935547"><ele>21.0</ele><time>2026-09-18T23:14:33Z</time></trkpt><trkpt lat="37.62825393676758" lon="127.06592559814453"><ele>21.0</ele><time>2026-09-18T23:14:34Z</time></trkpt><trkpt lat="37.628238677978516" lon="127.0659408569336"><ele>21.0</ele><time>2026-09-18T23:14:35Z</time></trkpt><trkpt lat="37.62821960449219" lon="127.06595611572266"><ele>21.0</ele><time>2026-09-18T23:14:36Z</time></trkpt><trkpt lat="37.628204345703125" lon="127.06597137451172"><ele>21.0</ele><time>2026-09-18T23:14:37Z</time></trkpt><trkpt lat="37.62818908691406" lon="127.06598663330078"><ele>21.0</ele><time>2026-09-18T23:14:38Z</time></trkpt><trkpt lat="37.628177642822266" lon="127.06600189208984"><ele>21.0</ele><time>2026-09-18T23:14:39Z</time></trkpt><trkpt lat="37.6281623840332" lon="127.0660171508789"><ele>21.0</ele><time>2026-09-18T23:14:40Z</time></trkpt><trkpt lat="37.628150939941406" lon="127.06603240966797"><ele>21.0</ele><time>2026-09-18T23:14:41Z</time></trkpt><trkpt lat="37.62813186645508" lon="127.06605529785156"><ele>21.0</ele><time>2026-09-18T23:14:42Z</time></trkpt><trkpt lat="37.628116607666016" lon="127.06607055664062"><ele>21.0</ele><time>2026-09-18T23:14:43Z</time></trkpt><trkpt lat="37.62810134887695" lon="127.06608581542969"><ele>21.0</ele><time>2026-09-18T23:14:44Z</time></trkpt><trkpt lat="37.62808609008789" lon="127.06610107421875"><ele>21.0</ele><time>2026-09-18T23:14:45Z</time></trkpt><trkpt lat="37.628074645996094" lon="127.06611633300781"><ele>21.0</ele><time>2026-09-18T23:14:46Z</time></trkpt><trkpt lat="37.628055572509766" lon="127.0661392211914"><ele>21.0</ele><time>2026-09-18T23:14:47Z</time></trkpt><trkpt lat="37.62804412841797" lon="127.06614685058594"><ele>21.0</ele><time>2026-09-18T23:14:48Z</time></trkpt><trkpt lat="37.628028869628906" lon="127.06616973876953"><ele>21.0</ele><time>2026-09-18T23:14:49Z</time></trkpt><trkpt lat="37.628013610839844" lon="127.06619262695312"><ele>21.0</ele><time>2026-09-18T23:14:50Z</time></trkpt><trkpt lat="37.627994537353516" lon="127.06621551513672"><ele>21.0</ele><time>2026-09-18T23:14:51Z</time></trkpt><trkpt lat="37.62797927856445" lon="127.06623077392578"><ele>21.0</ele><time>2026-09-18T23:14:52Z</time></trkpt><trkpt lat="37.627960205078125" lon="127.06625366210938"><ele>21.0</ele><time>2026-09-18T23:14:53Z</time></trkpt><trkpt lat="37.62794876098633" lon="127.06626892089844"><ele>21.0</ele><time>2026-09-18T23:14:54Z</time></trkpt><trkpt lat="37.627933502197266" lon="127.0662841796875"><ele>21.0</ele><time>2026-09-18T23:14:55Z</time></trkpt><trkpt lat="37.62791442871094" lon="127.06629943847656"><ele>21.0</ele><time>2026-09-18T23:14:56Z</time></trkpt><trkpt lat="37.62790298461914" lon="127.06632232666016"><ele>21.0</ele><time>2026-09-18T23:14:57Z</time></trkpt><trkpt lat="37.62788772583008" lon="127.06633758544922"><ele>21.0</ele><time>2026-09-18T23:14:58Z</time></trkpt><trkpt lat="37.62787628173828" lon="127.06636047363281"><ele>21.0</ele><time>2026-09-18T23:14:59Z</time></trkpt><trkpt lat="37.62786102294922" lon="127.06637573242188"><ele>21.0</ele><time>2026-09-18T23:15:00Z</time></trkpt><trkpt lat="37.62785339355469" lon="127.06639862060547"><ele>21.0</ele><time>2026-09-18T23:15:01Z</time></trkpt><trkpt lat="37.62783432006836" lon="127.06642150878906"><ele>21.0</ele><time>2026-09-18T23:15:02Z</time></trkpt><trkpt lat="37.62782669067383" lon="127.06643676757812"><ele>21.0</ele><time>2026-09-18T23:15:03Z</time></trkpt><trkpt lat="37.627811431884766" lon="127.06645202636719"><ele>21.0</ele><time>2026-09-18T23:15:04Z</time></trkpt><trkpt lat="37.62779235839844" lon="127.06646728515625"><ele>21.0</ele><time>2026-09-18T23:15:05Z</time></trkpt><trkpt lat="37.62778091430664" lon="127.06648254394531"><ele>21.0</ele><time>2026-09-18T23:15:06Z</time></trkpt><trkpt lat="37.62776184082031" lon="127.06649780273438"><ele>21.0</ele><time>2026-09-18T23:15:07Z</time></trkpt><trkpt lat="37.62775421142578" lon="127.06651306152344"><ele>21.0</ele><time>2026-09-18T23:15:08Z</time></trkpt><trkpt lat="37.62773895263672" lon="127.06653594970703"><ele>21.0</ele><time>2026-09-18T23:15:09Z</time></trkpt><trkpt lat="37.62773132324219" lon="127.0665512084961"><ele>21.0</ele><time>2026-09-18T23:15:10Z</time></trkpt><trkpt lat="37.627716064453125" lon="127.06657409667969"><ele>21.0</ele><time>2026-09-18T23:15:11Z</time></trkpt><trkpt lat="37.62770462036133" lon="127.06659698486328"><ele>21.0</ele><time>2026-09-18T23:15:12Z</time></trkpt><trkpt lat="37.627681732177734" lon="127.06661224365234"><ele>21.0</ele><time>2026-09-18T23:15:13Z</time></trkpt><trkpt lat="37.62767028808594" lon="127.0666275024414"><ele>21.0</ele><time>2026-09-18T23:15:14Z</time></trkpt><trkpt lat="37.627655029296875" lon="127.06664276123047"><ele>21.0</ele><time>2026-09-18T23:15:15Z</time></trkpt><trkpt lat="37.62763595581055" lon="127.06666564941406"><ele>20.799999237060547</ele><time>2026-09-18T23:15:16Z</time></trkpt><trkpt lat="37.627628326416016" lon="127.06668090820312"><ele>20.799999237060547</ele><time>2026-09-18T23:15:17Z</time></trkpt><trkpt lat="37.62761306762695" lon="127.06670379638672"><ele>21.0</ele><time>2026-09-18T23:15:18Z</time></trkpt><trkpt lat="37.62760543823242" lon="127.06671905517578"><ele>21.0</ele><time>2026-09-18T23:15:19Z</time></trkpt><trkpt lat="37.627586364746094" lon="127.06674194335938"><ele>21.0</ele><time>2026-09-18T23:15:20Z</time></trkpt><trkpt lat="37.6275749206543" lon="127.0667495727539"><ele>21.0</ele><time>2026-09-18T23:15:21Z</time></trkpt><trkpt lat="37.62755584716797" lon="127.0667724609375"><ele>21.0</ele><time>2026-09-18T23:15:22Z</time></trkpt><trkpt lat="37.627540588378906" lon="127.06678771972656"><ele>20.799999237060547</ele><time>2026-09-18T23:15:23Z</time></trkpt><trkpt lat="37.627525329589844" lon="127.06681060791016"><ele>20.799999237060547</ele><time>2026-09-18T23:15:24Z</time></trkpt><trkpt lat="37.62751007080078" lon="127.06682586669922"><ele>20.799999237060547</ele><time>2026-09-18T23:15:25Z</time></trkpt><trkpt lat="37.627498626708984" lon="127.06684112548828"><ele>20.799999237060547</ele><time>2026-09-18T23:15:26Z</time></trkpt><trkpt lat="37.62748336791992" lon="127.06686401367188"><ele>20.799999237060547</ele><time>2026-09-18T23:15:27Z</time></trkpt><trkpt lat="37.627471923828125" lon="127.06687927246094"><ele>20.799999237060547</ele><time>2026-09-18T23:15:28Z</time></trkpt><trkpt lat="37.6274528503418" lon="127.06689453125"><ele>20.799999237060547</ele><time>2026-09-18T23:15:29Z</time></trkpt><trkpt lat="37.62744140625" lon="127.06690979003906"><ele>20.799999237060547</ele><time>2026-09-18T23:15:30Z</time></trkpt><trkpt lat="37.62742614746094" lon="127.06692504882812"><ele>20.799999237060547</ele><time>2026-09-18T23:15:31Z</time></trkpt><trkpt lat="37.627410888671875" lon="127.06694793701172"><ele>20.799999237060547</ele><time>2026-09-18T23:15:32Z</time></trkpt><trkpt lat="37.627403259277344" lon="127.06696319580078"><ele>20.799999237060547</ele><time>2026-09-18T23:15:33Z</time></trkpt><trkpt lat="37.627384185791016" lon="127.06698608398438"><ele>20.799999237060547</ele><time>2026-09-18T23:15:34Z</time></trkpt><trkpt lat="37.62737274169922" lon="127.06700134277344"><ele>20.799999237060547</ele><time>2026-09-18T23:15:35Z</time></trkpt><trkpt lat="37.627357482910156" lon="127.0670166015625"><ele>21.0</ele><time>2026-09-18T23:15:36Z</time></trkpt><trkpt lat="37.62734603881836" lon="127.06703186035156"><ele>20.799999237060547</ele><time>2026-09-18T23:15:37Z</time></trkpt><trkpt lat="37.6273307800293" lon="127.06705474853516"><ele>20.799999237060547</ele><time>2026-09-18T23:15:38Z</time></trkpt><trkpt lat="37.627315521240234" lon="127.06707000732422"><ele>20.799999237060547</ele><time>2026-09-18T23:15:39Z</time></trkpt><trkpt lat="37.62730407714844" lon="127.06709289550781"><ele>20.799999237060547</ele><time>2026-09-18T23:15:40Z</time></trkpt><trkpt lat="37.627288818359375" lon="127.06710815429688"><ele>20.600000381469727</ele><time>2026-09-18T23:15:41Z</time></trkpt><trkpt lat="37.62727737426758" lon="127.06712341308594"><ele>20.799999237060547</ele><time>2026-09-18T23:15:42Z</time></trkpt><trkpt lat="37.627254486083984" lon="127.067138671875"><ele>20.799999237060547</ele><time>2026-09-18T23:15:43Z</time></trkpt><trkpt lat="37.62723922729492" lon="127.06714630126953"><ele>20.799999237060547</ele><time>2026-09-18T23:15:44Z</time></trkpt><trkpt lat="37.627220153808594" lon="127.0671615600586"><ele>20.799999237060547</ele><time>2026-09-18T23:15:45Z</time></trkpt><trkpt lat="37.627201080322266" lon="127.06717681884766"><ele>20.799999237060547</ele><time>2026-09-18T23:15:46Z</time></trkpt><trkpt lat="37.62718963623047" lon="127.06719207763672"><ele>20.799999237060547</ele><time>2026-09-18T23:15:47Z</time></trkpt><trkpt lat="37.62717056274414" lon="127.06720733642578"><ele>20.799999237060547</ele><time>2026-09-18T23:15:48Z</time></trkpt><trkpt lat="37.627159118652344" lon="127.06722259521484"><ele>20.799999237060547</ele><time>2026-09-18T23:15:49Z</time></trkpt><trkpt lat="37.62714385986328" lon="127.0672378540039"><ele>20.799999237060547</ele><time>2026-09-18T23:15:50Z</time></trkpt><trkpt lat="37.62713623046875" lon="127.06725311279297"><ele>20.799999237060547</ele><time>2026-09-18T23:15:51Z</time></trkpt><trkpt lat="37.62711715698242" lon="127.06726837158203"><ele>20.799999237060547</ele><time>2026-09-18T23:15:52Z</time></trkpt><trkpt lat="37.62710189819336" lon="127.0672836303711"><ele>21.0</ele><time>2026-09-18T23:15:53Z</time></trkpt><trkpt lat="37.6270866394043" lon="127.06729888916016"><ele>20.799999237060547</ele><time>2026-09-18T23:15:54Z</time></trkpt><trkpt lat="37.62706756591797" lon="127.06731414794922"><ele>20.799999237060547</ele><time>2026-09-18T23:15:55Z</time></trkpt><trkpt lat="37.627052307128906" lon="127.06733703613281"><ele>20.799999237060547</ele><time>2026-09-18T23:15:56Z</time></trkpt><trkpt lat="37.62703323364258" lon="127.06735229492188"><ele>20.600000381469727</ele><time>2026-09-18T23:15:57Z</time></trkpt><trkpt lat="37.627017974853516" lon="127.06736755371094"><ele>20.600000381469727</ele><time>2026-09-18T23:15:58Z</time></trkpt><trkpt lat="37.62700271606445" lon="127.06739044189453"><ele>20.600000381469727</ele><time>2026-09-18T23:15:59Z</time></trkpt><trkpt lat="37.626991271972656" lon="127.0674057006836"><ele>20.600000381469727</ele><time>2026-09-18T23:16:00Z</time></trkpt><trkpt lat="37.62697219848633" lon="127.06742095947266"><ele>20.600000381469727</ele><time>2026-09-18T23:16:01Z</time></trkpt><trkpt lat="37.62696075439453" lon="127.06743621826172"><ele>20.600000381469727</ele><time>2026-09-18T23:16:02Z</time></trkpt><trkpt lat="37.6269416809082" lon="127.06745910644531"><ele>20.600000381469727</ele><time>2026-09-18T23:16:03Z</time></trkpt><trkpt lat="37.626930236816406" lon="127.06747436523438"><ele>20.600000381469727</ele><time>2026-09-18T23:16:04Z</time></trkpt><trkpt lat="37.62691879272461" lon="127.06749725341797"><ele>20.600000381469727</ele><time>2026-09-18T23:16:05Z</time></trkpt><trkpt lat="37.62689971923828" lon="127.06751251220703"><ele>20.600000381469727</ele><time>2026-09-18T23:16:06Z</time></trkpt><trkpt lat="37.62688446044922" lon="127.0675277709961"><ele>20.600000381469727</ele><time>2026-09-18T23:16:07Z</time></trkpt><trkpt lat="37.626869201660156" lon="127.06755065917969"><ele>20.600000381469727</ele><time>2026-09-18T23:16:08Z</time></trkpt><trkpt lat="37.626861572265625" lon="127.06756591796875"><ele>20.600000381469727</ele><time>2026-09-18T23:16:09Z</time></trkpt><trkpt lat="37.62685012817383" lon="127.06758880615234"><ele>20.600000381469727</ele><time>2026-09-18T23:16:10Z</time></trkpt><trkpt lat="37.6268424987793" lon="127.06761169433594"><ele>20.600000381469727</ele><time>2026-09-18T23:16:11Z</time></trkpt><trkpt lat="37.626834869384766" lon="127.06763458251953"><ele>20.600000381469727</ele><time>2026-09-18T23:16:12Z</time></trkpt><trkpt lat="37.62682342529297" lon="127.06765747070312"><ele>20.600000381469727</ele><time>2026-09-18T23:16:13Z</time></trkpt><trkpt lat="37.62681198120117" lon="127.06768035888672"><ele>20.600000381469727</ele><time>2026-09-18T23:16:14Z</time></trkpt><trkpt lat="37.62679672241211" lon="127.06769561767578"><ele>20.600000381469727</ele><time>2026-09-18T23:16:15Z</time></trkpt><trkpt lat="37.62678527832031" lon="127.06771850585938"><ele>20.600000381469727</ele><time>2026-09-18T23:16:16Z</time></trkpt><trkpt lat="37.62677001953125" lon="127.06774139404297"><ele>20.600000381469727</ele><time>2026-09-18T23:16:17Z</time></trkpt><trkpt lat="37.62676239013672" lon="127.06776428222656"><ele>20.600000381469727</ele><time>2026-09-18T23:16:18Z</time></trkpt><trkpt lat="37.62674331665039" lon="127.06777954101562"><ele>20.600000381469727</ele><time>2026-09-18T23:16:19Z</time></trkpt><trkpt lat="37.62673568725586" lon="127.06780242919922"><ele>20.600000381469727</ele><time>2026-09-18T23:16:20Z</time></trkpt><trkpt lat="37.62671661376953" lon="127.06782531738281"><ele>20.600000381469727</ele><time>2026-09-18T23:16:21Z</time></trkpt><trkpt lat="37.626705169677734" lon="127.06784057617188"><ele>20.799999237060547</ele><time>2026-09-18T23:16:22Z</time></trkpt><trkpt lat="37.62668991088867" lon="127.06786346435547"><ele>20.799999237060547</ele><time>2026-09-18T23:16:23Z</time></trkpt><trkpt lat="37.62667465209961" lon="127.06787872314453"><ele>20.799999237060547</ele><time>2026-09-18T23:16:24Z</time></trkpt><trkpt lat="37.62666320800781" lon="127.06790161132812"><ele>20.799999237060547</ele><time>2026-09-18T23:16:25Z</time></trkpt><trkpt lat="37.626644134521484" lon="127.06791687011719"><ele>20.799999237060547</ele><time>2026-09-18T23:16:26Z</time></trkpt><trkpt lat="37.62663650512695" lon="127.06793975830078"><ele>20.799999237060547</ele><time>2026-09-18T23:16:27Z</time></trkpt><trkpt lat="37.62662124633789" lon="127.06795501708984"><ele>20.799999237060547</ele><time>2026-09-18T23:16:28Z</time></trkpt><trkpt lat="37.626609802246094" lon="127.06797790527344"><ele>20.799999237060547</ele><time>2026-09-18T23:16:29Z</time></trkpt><trkpt lat="37.62659454345703" lon="127.0679931640625"><ele>20.799999237060547</ele><time>2026-09-18T23:16:30Z</time></trkpt><trkpt lat="37.62657928466797" lon="127.06800842285156"><ele>20.799999237060547</ele><time>2026-09-18T23:16:31Z</time></trkpt><trkpt lat="37.62656784057617" lon="127.06802368164062"><ele>20.799999237060547</ele><time>2026-09-18T23:16:32Z</time></trkpt><trkpt lat="37.62655258178711" lon="127.06804656982422"><ele>21.0</ele><time>2026-09-18T23:16:33Z</time></trkpt><trkpt lat="37.62654113769531" lon="127.06806182861328"><ele>21.0</ele><time>2026-09-18T23:16:34Z</time></trkpt><trkpt lat="37.62652587890625" lon="127.06808471679688"><ele>21.0</ele><time>2026-09-18T23:16:35Z</time></trkpt><trkpt lat="37.62651443481445" lon="127.0680923461914"><ele>21.0</ele><time>2026-09-18T23:16:36Z</time></trkpt><trkpt lat="37.626495361328125" lon="127.068115234375"><ele>21.0</ele><time>2026-09-18T23:16:37Z</time></trkpt><trkpt lat="37.62648010253906" lon="127.06813049316406"><ele>21.0</ele><time>2026-09-18T23:16:38Z</time></trkpt><trkpt lat="37.62646484375" lon="127.06815338134766"><ele>21.0</ele><time>2026-09-18T23:16:39Z</time></trkpt><trkpt lat="37.62644577026367" lon="127.06816864013672"><ele>21.0</ele><time>2026-09-18T23:16:40Z</time></trkpt><trkpt lat="37.62643814086914" lon="127.06819152832031"><ele>20.799999237060547</ele><time>2026-09-18T23:16:41Z</time></trkpt><trkpt lat="37.62642288208008" lon="127.06820678710938"><ele>20.799999237060547</ele><time>2026-09-18T23:16:42Z</time></trkpt><trkpt lat="37.62641143798828" lon="127.06822204589844"><ele>20.799999237060547</ele><time>2026-09-18T23:16:43Z</time></trkpt><trkpt lat="37.62639617919922" lon="127.0682373046875"><ele>20.799999237060547</ele><time>2026-09-18T23:16:44Z</time></trkpt><trkpt lat="37.626380920410156" lon="127.06825256347656"><ele>20.799999237060547</ele><time>2026-09-18T23:16:45Z</time></trkpt><trkpt lat="37.62636947631836" lon="127.06827545166016"><ele>20.799999237060547</ele><time>2026-09-18T23:16:46Z</time></trkpt><trkpt lat="37.62635040283203" lon="127.06829071044922"><ele>20.799999237060547</ele><time>2026-09-18T23:16:47Z</time></trkpt><trkpt lat="37.6263427734375" lon="127.06830596923828"><ele>20.799999237060547</ele><time>2026-09-18T23:16:48Z</time></trkpt><trkpt lat="37.62632369995117" lon="127.06832885742188"><ele>20.799999237060547</ele><time>2026-09-18T23:16:49Z</time></trkpt><trkpt lat="37.626312255859375" lon="127.06834411621094"><ele>20.799999237060547</ele><time>2026-09-18T23:16:50Z</time></trkpt><trkpt lat="37.62629699707031" lon="127.06836700439453"><ele>20.600000381469727</ele><time>2026-09-18T23:16:51Z</time></trkpt><trkpt lat="37.626277923583984" lon="127.0683822631836"><ele>20.600000381469727</ele><time>2026-09-18T23:16:52Z</time></trkpt><trkpt lat="37.62626647949219" lon="127.06840515136719"><ele>20.600000381469727</ele><time>2026-09-18T23:16:53Z</time></trkpt><trkpt lat="37.62624740600586" lon="127.06842041015625"><ele>20.600000381469727</ele><time>2026-09-18T23:16:54Z</time></trkpt><trkpt lat="37.62623977661133" lon="127.06843566894531"><ele>20.600000381469727</ele><time>2026-09-18T23:16:55Z</time></trkpt><trkpt lat="37.626224517822266" lon="127.0684585571289"><ele>20.600000381469727</ele><time>2026-09-18T23:16:56Z</time></trkpt><trkpt lat="37.626216888427734" lon="127.06847381591797"><ele>20.600000381469727</ele><time>2026-09-18T23:16:57Z</time></trkpt><trkpt lat="37.626197814941406" lon="127.06848907470703"><ele>20.600000381469727</ele><time>2026-09-18T23:16:58Z</time></trkpt><trkpt lat="37.626182556152344" lon="127.06851196289062"><ele>20.600000381469727</ele><time>2026-09-18T23:16:59Z</time></trkpt><trkpt lat="37.62617111206055" lon="127.06852722167969"><ele>20.600000381469727</ele><time>2026-09-18T23:17:00Z</time></trkpt><trkpt lat="37.626155853271484" lon="127.06854248046875"><ele>20.600000381469727</ele><time>2026-09-18T23:17:01Z</time></trkpt><trkpt lat="37.62614822387695" lon="127.06856536865234"><ele>20.600000381469727</ele><time>2026-09-18T23:17:02Z</time></trkpt><trkpt lat="37.62613296508789" lon="127.0685806274414"><ele>20.600000381469727</ele><time>2026-09-18T23:17:03Z</time></trkpt><trkpt lat="37.626121520996094" lon="127.068603515625"><ele>20.799999237060547</ele><time>2026-09-18T23:17:04Z</time></trkpt><trkpt lat="37.626102447509766" lon="127.0686264038086"><ele>20.600000381469727</ele><time>2026-09-18T23:17:05Z</time></trkpt><trkpt lat="37.62609100341797" lon="127.06864166259766"><ele>20.600000381469727</ele><time>2026-09-18T23:17:06Z</time></trkpt><trkpt lat="37.626075744628906" lon="127.06865692138672"><ele>20.799999237060547</ele><time>2026-09-18T23:17:07Z</time></trkpt><trkpt lat="37.626060485839844" lon="127.06867218017578"><ele>20.600000381469727</ele><time>2026-09-18T23:17:08Z</time></trkpt><trkpt lat="37.62604904174805" lon="127.06868743896484"><ele>20.600000381469727</ele><time>2026-09-18T23:17:09Z</time></trkpt><trkpt lat="37.626033782958984" lon="127.0687026977539"><ele>20.600000381469727</ele><time>2026-09-18T23:17:10Z</time></trkpt><trkpt lat="37.62602615356445" lon="127.0687255859375"><ele>20.600000381469727</ele><time>2026-09-18T23:17:11Z</time></trkpt><trkpt lat="37.62601089477539" lon="127.06874084472656"><ele>20.600000381469727</ele><time>2026-09-18T23:17:12Z</time></trkpt><trkpt lat="37.625999450683594" lon="127.06875610351562"><ele>20.600000381469727</ele><time>2026-09-18T23:17:13Z</time></trkpt><trkpt lat="37.62598419189453" lon="127.06877136230469"><ele>20.600000381469727</ele><time>2026-09-18T23:17:14Z</time></trkpt><trkpt lat="37.625972747802734" lon="127.06878662109375"><ele>20.600000381469727</ele><time>2026-09-18T23:17:15Z</time></trkpt><trkpt lat="37.62596130371094" lon="127.06880950927734"><ele>20.600000381469727</ele><time>2026-09-18T23:17:16Z</time></trkpt><trkpt lat="37.625946044921875" lon="127.0688247680664"><ele>20.600000381469727</ele><time>2026-09-18T23:17:17Z</time></trkpt><trkpt lat="37.625938415527344" lon="127.06884765625"><ele>20.600000381469727</ele><time>2026-09-18T23:17:18Z</time></trkpt><trkpt lat="37.62591552734375" lon="127.06886291503906"><ele>20.600000381469727</ele><time>2026-09-18T23:17:19Z</time></trkpt><trkpt lat="37.62590408325195" lon="127.06888580322266"><ele>20.600000381469727</ele><time>2026-09-18T23:17:20Z</time></trkpt><trkpt lat="37.62588882446289" lon="127.06890106201172"><ele>20.600000381469727</ele><time>2026-09-18T23:17:21Z</time></trkpt><trkpt lat="37.62587356567383" lon="127.06892395019531"><ele>20.600000381469727</ele><time>2026-09-18T23:17:22Z</time></trkpt><trkpt lat="37.62586212158203" lon="127.06893920898438"><ele>20.600000381469727</ele><time>2026-09-18T23:17:23Z</time></trkpt><trkpt lat="37.62584686279297" lon="127.06895446777344"><ele>20.600000381469727</ele><time>2026-09-18T23:17:24Z</time></trkpt><trkpt lat="37.62583541870117" lon="127.0689697265625"><ele>20.600000381469727</ele><time>2026-09-18T23:17:25Z</time></trkpt><trkpt lat="37.62582015991211" lon="127.0689926147461"><ele>20.600000381469727</ele><time>2026-09-18T23:17:26Z</time></trkpt><trkpt lat="37.62580490112305" lon="127.06901550292969"><ele>20.600000381469727</ele><time>2026-09-18T23:17:27Z</time></trkpt><trkpt lat="37.625789642333984" lon="127.06903076171875"><ele>20.600000381469727</ele><time>2026-09-18T23:17:28Z</time></trkpt><trkpt lat="37.62577438354492" lon="127.06903839111328"><ele>20.600000381469727</ele><time>2026-09-18T23:17:29Z</time></trkpt><trkpt lat="37.625762939453125" lon="127.06906127929688"><ele>20.600000381469727</ele><time>2026-09-18T23:17:30Z</time></trkpt><trkpt lat="37.62574768066406" lon="127.06908416748047"><ele>20.600000381469727</ele><time>2026-09-18T23:17:31Z</time></trkpt><trkpt lat="37.625736236572266" lon="127.06909942626953"><ele>20.600000381469727</ele><time>2026-09-18T23:17:32Z</time></trkpt><trkpt lat="37.6257209777832" lon="127.0691146850586"><ele>20.600000381469727</ele><time>2026-09-18T23:17:33Z</time></trkpt><trkpt lat="37.62570571899414" lon="127.06912994384766"><ele>20.399999618530273</ele><time>2026-09-18T23:17:34Z</time></trkpt><trkpt lat="37.62569046020508" lon="127.06915283203125"><ele>20.399999618530273</ele><time>2026-09-18T23:17:35Z</time></trkpt><trkpt lat="37.625675201416016" lon="127.06916046142578"><ele>20.399999618530273</ele><time>2026-09-18T23:17:36Z</time></trkpt><trkpt lat="37.62566375732422" lon="127.06918334960938"><ele>20.399999618530273</ele><time>2026-09-18T23:17:37Z</time></trkpt><trkpt lat="37.62564468383789" lon="127.06919860839844"><ele>20.399999618530273</ele><time>2026-09-18T23:17:38Z</time></trkpt><trkpt lat="37.625633239746094" lon="127.0692138671875"><ele>20.399999618530273</ele><time>2026-09-18T23:17:39Z</time></trkpt><trkpt lat="37.625614166259766" lon="127.0692367553711"><ele>20.399999618530273</ele><time>2026-09-18T23:17:40Z</time></trkpt><trkpt lat="37.62560272216797" lon="127.06925201416016"><ele>20.399999618530273</ele><time>2026-09-18T23:17:41Z</time></trkpt><trkpt lat="37.625587463378906" lon="127.06926727294922"><ele>20.399999618530273</ele><time>2026-09-18T23:17:42Z</time></trkpt><trkpt lat="37.625572204589844" lon="127.06928253173828"><ele>20.399999618530273</ele><time>2026-09-18T23:17:43Z</time></trkpt><trkpt lat="37.62556076049805" lon="127.06930541992188"><ele>20.399999618530273</ele><time>2026-09-18T23:17:44Z</time></trkpt><trkpt lat="37.62554168701172" lon="127.06932067871094"><ele>20.399999618530273</ele><time>2026-09-18T23:17:45Z</time></trkpt><trkpt lat="37.62553024291992" lon="127.0693359375"><ele>20.399999618530273</ele><time>2026-09-18T23:17:46Z</time></trkpt><trkpt lat="37.625511169433594" lon="127.06935119628906"><ele>20.399999618530273</ele><time>2026-09-18T23:17:47Z</time></trkpt><trkpt lat="37.62550354003906" lon="127.0693588256836"><ele>20.399999618530273</ele><time>2026-09-18T23:17:48Z</time></trkpt><trkpt lat="37.625484466552734" lon="127.06937408447266"><ele>20.399999618530273</ele><time>2026-09-18T23:17:49Z</time></trkpt><trkpt lat="37.625465393066406" lon="127.06938171386719"><ele>20.399999618530273</ele><time>2026-09-18T23:17:50Z</time></trkpt><trkpt lat="37.625450134277344" lon="127.06939697265625"><ele>20.399999618530273</ele><time>2026-09-18T23:17:51Z</time></trkpt><trkpt lat="37.62542724609375" lon="127.06941223144531"><ele>20.399999618530273</ele><time>2026-09-18T23:17:52Z</time></trkpt><trkpt lat="37.62541580200195" lon="127.06942749023438"><ele>20.399999618530273</ele><time>2026-09-18T23:17:53Z</time></trkpt><trkpt lat="37.625389099121094" lon="127.06944274902344"><ele>20.399999618530273</ele><time>2026-09-18T23:17:54Z</time></trkpt><trkpt lat="37.62537384033203" lon="127.06945037841797"><ele>20.399999618530273</ele><time>2026-09-18T23:17:55Z</time></trkpt><trkpt lat="37.62535095214844" lon="127.06946563720703"><ele>20.399999618530273</ele><time>2026-09-18T23:17:56Z</time></trkpt><trkpt lat="37.62533187866211" lon="127.06947326660156"><ele>20.399999618530273</ele><time>2026-09-18T23:17:57Z</time></trkpt><trkpt lat="37.62531661987305" lon="127.06948852539062"><ele>20.399999618530273</ele><time>2026-09-18T23:17:58Z</time></trkpt><trkpt lat="37.62529754638672" lon="127.06950378417969"><ele>20.399999618530273</ele><time>2026-09-18T23:17:59Z</time></trkpt><trkpt lat="37.62528610229492" lon="127.06951141357422"><ele>20.399999618530273</ele><time>2026-09-18T23:18:00Z</time></trkpt><trkpt lat="37.625267028808594" lon="127.06952667236328"><ele>20.399999618530273</ele><time>2026-09-18T23:18:01Z</time></trkpt><trkpt lat="37.62525177001953" lon="127.06953430175781"><ele>20.399999618530273</ele><time>2026-09-18T23:18:02Z</time></trkpt><trkpt lat="37.62523651123047" lon="127.06954956054688"><ele>20.399999618530273</ele><time>2026-09-18T23:18:03Z</time></trkpt><trkpt lat="37.62521743774414" lon="127.0695571899414"><ele>20.399999618530273</ele><time>2026-09-18T23:18:04Z</time></trkpt><trkpt lat="37.625205993652344" lon="127.06957244873047"><ele>20.399999618530273</ele><time>2026-09-18T23:18:05Z</time></trkpt><trkpt lat="37.62518310546875" lon="127.06958770751953"><ele>20.200000762939453</ele><time>2026-09-18T23:18:06Z</time></trkpt><trkpt lat="37.62516403198242" lon="127.06959533691406"><ele>20.200000762939453</ele><time>2026-09-18T23:18:07Z</time></trkpt><trkpt lat="37.625144958496094" lon="127.06961059570312"><ele>20.200000762939453</ele><time>2026-09-18T23:18:08Z</time></trkpt><trkpt lat="37.62512969970703" lon="127.06961822509766"><ele>20.200000762939453</ele><time>2026-09-18T23:18:09Z</time></trkpt><trkpt lat="37.6251106262207" lon="127.06963348388672"><ele>20.200000762939453</ele><time>2026-09-18T23:18:10Z</time></trkpt><trkpt lat="37.625091552734375" lon="127.06964111328125"><ele>20.200000762939453</ele><time>2026-09-18T23:18:11Z</time></trkpt><trkpt lat="37.62507629394531" lon="127.06964874267578"><ele>20.200000762939453</ele><time>2026-09-18T23:18:12Z</time></trkpt><trkpt lat="37.625057220458984" lon="127.06966400146484"><ele>20.200000762939453</ele><time>2026-09-18T23:18:13Z</time></trkpt><trkpt lat="37.62504196166992" lon="127.0696792602539"><ele>20.200000762939453</ele><time>2026-09-18T23:18:14Z</time></trkpt><trkpt lat="37.625022888183594" lon="127.06969451904297"><ele>20.200000762939453</ele><time>2026-09-18T23:18:15Z</time></trkpt><trkpt lat="37.62500762939453" lon="127.06970977783203"><ele>20.200000762939453</ele><time>2026-09-18T23:18:16Z</time></trkpt><trkpt lat="37.62498474121094" lon="127.0697250366211"><ele>20.200000762939453</ele><time>2026-09-18T23:18:17Z</time></trkpt><trkpt lat="37.624969482421875" lon="127.06974029541016"><ele>20.200000762939453</ele><time>2026-09-18T23:18:18Z</time></trkpt><trkpt lat="37.62495040893555" lon="127.06975555419922"><ele>20.200000762939453</ele><time>2026-09-18T23:18:19Z</time></trkpt><trkpt lat="37.624935150146484" lon="127.06976318359375"><ele>20.200000762939453</ele><time>2026-09-18T23:18:20Z</time></trkpt><trkpt lat="37.624916076660156" lon="127.06977844238281"><ele>20.200000762939453</ele><time>2026-09-18T23:18:21Z</time></trkpt><trkpt lat="37.624900817871094" lon="127.06978607177734"><ele>20.200000762939453</ele><time>2026-09-18T23:18:22Z</time></trkpt><trkpt lat="37.624881744384766" lon="127.0698013305664"><ele>20.200000762939453</ele><time>2026-09-18T23:18:23Z</time></trkpt><trkpt lat="37.62486267089844" lon="127.06981658935547"><ele>20.200000762939453</ele><time>2026-09-18T23:18:24Z</time></trkpt><trkpt lat="37.624847412109375" lon="127.06983184814453"><ele>20.200000762939453</ele><time>2026-09-18T23:18:25Z</time></trkpt><trkpt lat="37.62482833862305" lon="127.06983947753906"><ele>20.200000762939453</ele><time>2026-09-18T23:18:26Z</time></trkpt><trkpt lat="37.624813079833984" lon="127.06986236572266"><ele>20.200000762939453</ele><time>2026-09-18T23:18:27Z</time></trkpt><trkpt lat="37.62479019165039" lon="127.06987762451172"><ele>20.0</ele><time>2026-09-18T23:18:28Z</time></trkpt><trkpt lat="37.624778747558594" lon="127.06989288330078"><ele>20.0</ele><time>2026-09-18T23:18:29Z</time></trkpt><trkpt lat="37.624759674072266" lon="127.06991577148438"><ele>20.0</ele><time>2026-09-18T23:18:30Z</time></trkpt><trkpt lat="37.62474822998047" lon="127.06993103027344"><ele>19.799999237060547</ele><time>2026-09-18T23:18:31Z</time></trkpt><trkpt lat="37.624725341796875" lon="127.0699462890625"><ele>19.799999237060547</ele><time>2026-09-18T23:18:32Z</time></trkpt><trkpt lat="37.62471008300781" lon="127.06995391845703"><ele>19.799999237060547</ele><time>2026-09-18T23:18:33Z</time></trkpt><trkpt lat="37.62469482421875" lon="127.0699691772461"><ele>19.799999237060547</ele><time>2026-09-18T23:18:34Z</time></trkpt><trkpt lat="37.62467575073242" lon="127.06997680664062"><ele>19.799999237060547</ele><time>2026-09-18T23:18:35Z</time></trkpt><trkpt lat="37.624664306640625" lon="127.06999206542969"><ele>19.799999237060547</ele><time>2026-09-18T23:18:36Z</time></trkpt><trkpt lat="37.62464141845703" lon="127.06999969482422"><ele>19.799999237060547</ele><time>2026-09-18T23:18:37Z</time></trkpt><trkpt lat="37.62462615966797" lon="127.07001495361328"><ele>19.799999237060547</ele><time>2026-09-18T23:18:38Z</time></trkpt><trkpt lat="37.624603271484375" lon="127.07003021240234"><ele>19.799999237060547</ele><time>2026-09-18T23:18:39Z</time></trkpt><trkpt lat="37.62458801269531" lon="127.07003021240234"><ele>19.799999237060547</ele><time>2026-09-18T23:18:40Z</time></trkpt><trkpt lat="37.62457275390625" lon="127.0700454711914"><ele>19.799999237060547</ele><time>2026-09-18T23:18:41Z</time></trkpt><trkpt lat="37.62455368041992" lon="127.07006072998047"><ele>19.799999237060547</ele><time>2026-09-18T23:18:42Z</time></trkpt><trkpt lat="37.624534606933594" lon="127.07007598876953"><ele>19.799999237060547</ele><time>2026-09-18T23:18:43Z</time></trkpt><trkpt lat="37.624515533447266" lon="127.0700912475586"><ele>19.799999237060547</ele><time>2026-09-18T23:18:44Z</time></trkpt><trkpt lat="37.6245002746582" lon="127.07010650634766"><ele>19.799999237060547</ele><time>2026-09-18T23:18:45Z</time></trkpt><trkpt lat="37.62447738647461" lon="127.07012176513672"><ele>19.799999237060547</ele><time>2026-09-18T23:18:46Z</time></trkpt><trkpt lat="37.62445831298828" lon="127.07012939453125"><ele>19.799999237060547</ele><time>2026-09-18T23:18:47Z</time></trkpt><trkpt lat="37.62444305419922" lon="127.07014465332031"><ele>19.799999237060547</ele><time>2026-09-18T23:18:48Z</time></trkpt><trkpt lat="37.624420166015625" lon="127.07015228271484"><ele>19.799999237060547</ele><time>2026-09-18T23:18:49Z</time></trkpt><trkpt lat="37.6244010925293" lon="127.07015991210938"><ele>19.799999237060547</ele><time>2026-09-18T23:18:50Z</time></trkpt><trkpt lat="37.6243782043457" lon="127.07017517089844"><ele>19.799999237060547</ele><time>2026-09-18T23:18:51Z</time></trkpt><trkpt lat="37.62436294555664" lon="127.07018280029297"><ele>19.799999237060547</ele><time>2026-09-18T23:18:52Z</time></trkpt><trkpt lat="37.62434387207031" lon="127.07019805908203"><ele>20.0</ele><time>2026-09-18T23:18:53Z</time></trkpt><trkpt lat="37.62432098388672" lon="127.0702133178711"><ele>20.0</ele><time>2026-09-18T23:18:54Z</time></trkpt><trkpt lat="37.62430191040039" lon="127.07022094726562"><ele>20.0</ele><time>2026-09-18T23:18:55Z</time></trkpt><trkpt lat="37.62428283691406" lon="127.07022857666016"><ele>20.0</ele><time>2026-09-18T23:18:56Z</time></trkpt><trkpt lat="37.624267578125" lon="127.07023620605469"><ele>20.0</ele><time>2026-09-18T23:18:57Z</time></trkpt><trkpt lat="37.62424850463867" lon="127.07024383544922"><ele>20.0</ele><time>2026-09-18T23:18:58Z</time></trkpt><trkpt lat="37.62423324584961" lon="127.07025909423828"><ele>20.0</ele><time>2026-09-18T23:18:59Z</time></trkpt><trkpt lat="37.62421798706055" lon="127.07026672363281"><ele>20.0</ele><time>2026-09-18T23:19:00Z</time></trkpt><trkpt lat="37.62419509887695" lon="127.07026672363281"><ele>20.0</ele><time>2026-09-18T23:19:01Z</time></trkpt><trkpt lat="37.62417984008789" lon="127.07027435302734"><ele>20.0</ele><time>2026-09-18T23:19:02Z</time></trkpt><trkpt lat="37.62416076660156" lon="127.07028198242188"><ele>20.0</ele><time>2026-09-18T23:19:03Z</time></trkpt><trkpt lat="37.6241455078125" lon="127.0702896118164"><ele>20.0</ele><time>2026-09-18T23:19:04Z</time></trkpt><trkpt lat="37.624122619628906" lon="127.07029724121094"><ele>20.200000762939453</ele><time>2026-09-18T23:19:05Z</time></trkpt><trkpt lat="37.624107360839844" lon="127.07029724121094"><ele>20.200000762939453</ele><time>2026-09-18T23:19:06Z</time></trkpt><trkpt lat="37.624088287353516" lon="127.07030487060547"><ele>20.200000762939453</ele><time>2026-09-18T23:19:07Z</time></trkpt><trkpt lat="37.62406921386719" lon="127.0703125"><ele>20.200000762939453</ele><time>2026-09-18T23:19:08Z</time></trkpt><trkpt lat="37.62405014038086" lon="127.07032775878906"><ele>20.200000762939453</ele><time>2026-09-18T23:19:09Z</time></trkpt><trkpt lat="37.624027252197266" lon="127.0703353881836"><ele>20.200000762939453</ele><time>2026-09-18T23:19:10Z</time></trkpt><trkpt lat="37.6240119934082" lon="127.07034301757812"><ele>20.200000762939453</ele><time>2026-09-18T23:19:11Z</time></trkpt><trkpt lat="37.62398910522461" lon="127.07035064697266"><ele>20.0</ele><time>2026-09-18T23:19:12Z</time></trkpt><trkpt lat="37.62397384643555" lon="127.07035827636719"><ele>20.0</ele><time>2026-09-18T23:19:13Z</time></trkpt><trkpt lat="37.62395095825195" lon="127.07036590576172"><ele>20.0</ele><time>2026-09-18T23:19:14Z</time></trkpt><trkpt lat="37.62392807006836" lon="127.07036590576172"><ele>20.0</ele><time>2026-09-18T23:19:15Z</time></trkpt><trkpt lat="37.6239128112793" lon="127.07037353515625"><ele>20.0</ele><time>2026-09-18T23:19:16Z</time></trkpt><trkpt lat="37.62388610839844" lon="127.07037353515625"><ele>20.0</ele><time>2026-09-18T23:19:17Z</time></trkpt><trkpt lat="37.623870849609375" lon="127.07038879394531"><ele>20.0</ele><time>2026-09-18T23:19:18Z</time></trkpt><trkpt lat="37.623844146728516" lon="127.07038879394531"><ele>20.0</ele><time>2026-09-18T23:19:19Z</time></trkpt><trkpt lat="37.62382888793945" lon="127.07039642333984"><ele>20.0</ele><time>2026-09-18T23:19:20Z</time></trkpt><trkpt lat="37.623809814453125" lon="127.07040405273438"><ele>20.0</ele><time>2026-09-18T23:19:21Z</time></trkpt><trkpt lat="37.6237907409668" lon="127.0704116821289"><ele>20.0</ele><time>2026-09-18T23:19:22Z</time></trkpt><trkpt lat="37.623779296875" lon="127.07041931152344"><ele>20.0</ele><time>2026-09-18T23:19:23Z</time></trkpt><trkpt lat="37.623756408691406" lon="127.07042694091797"><ele>20.0</ele><time>2026-09-18T23:19:24Z</time></trkpt><trkpt lat="37.623741149902344" lon="127.0704345703125"><ele>20.0</ele><time>2026-09-18T23:19:25Z</time></trkpt><trkpt lat="37.623722076416016" lon="127.07044219970703"><ele>20.0</ele><time>2026-09-18T23:19:26Z</time></trkpt><trkpt lat="37.62370300292969" lon="127.07044982910156"><ele>20.0</ele><time>2026-09-18T23:19:27Z</time></trkpt><trkpt lat="37.62368392944336" lon="127.0704574584961"><ele>20.0</ele><time>2026-09-18T23:19:28Z</time></trkpt><trkpt lat="37.6236572265625" lon="127.0704574584961"><ele>20.0</ele><time>2026-09-18T23:19:29Z</time></trkpt><trkpt lat="37.62364196777344" lon="127.07046508789062"><ele>20.0</ele><time>2026-09-18T23:19:30Z</time></trkpt><trkpt lat="37.62361526489258" lon="127.07047271728516"><ele>20.0</ele><time>2026-09-18T23:19:31Z</time></trkpt><trkpt lat="37.62359619140625" lon="127.07048034667969"><ele>20.0</ele><time>2026-09-18T23:19:32Z</time></trkpt><trkpt lat="37.623573303222656" lon="127.07048797607422"><ele>20.0</ele><time>2026-09-18T23:19:33Z</time></trkpt><trkpt lat="37.62355422973633" lon="127.07049560546875"><ele>20.0</ele><time>2026-09-18T23:19:34Z</time></trkpt><trkpt lat="37.623538970947266" lon="127.07050323486328"><ele>20.0</ele><time>2026-09-18T23:19:35Z</time></trkpt><trkpt lat="37.62351608276367" lon="127.07051086425781"><ele>20.0</ele><time>2026-09-18T23:19:36Z</time></trkpt><trkpt lat="37.62350082397461" lon="127.07051849365234"><ele>20.0</ele><time>2026-09-18T23:19:37Z</time></trkpt><trkpt lat="37.623477935791016" lon="127.07052612304688"><ele>20.0</ele><time>2026-09-18T23:19:38Z</time></trkpt><trkpt lat="37.62345886230469" lon="127.0705337524414"><ele>20.0</ele><time>2026-09-18T23:19:39Z</time></trkpt><trkpt lat="37.623443603515625" lon="127.07054138183594"><ele>20.0</ele><time>2026-09-18T23:19:40Z</time></trkpt><trkpt lat="37.62342071533203" lon="127.07054901123047"><ele>20.0</ele><time>2026-09-18T23:19:41Z</time></trkpt><trkpt lat="37.62340545654297" lon="127.070556640625"><ele>20.0</ele><time>2026-09-18T23:19:42Z</time></trkpt><trkpt lat="37.623382568359375" lon="127.07056427001953"><ele>20.0</ele><time>2026-09-18T23:19:43Z</time></trkpt><trkpt lat="37.62336349487305" lon="127.07057189941406"><ele>20.0</ele><time>2026-09-18T23:19:44Z</time></trkpt><trkpt lat="37.62334060668945" lon="127.0705795288086"><ele>20.0</ele><time>2026-09-18T23:19:45Z</time></trkpt><trkpt lat="37.623321533203125" lon="127.07058715820312"><ele>20.0</ele><time>2026-09-18T23:19:46Z</time></trkpt><trkpt lat="37.62330627441406" lon="127.07059478759766"><ele>20.0</ele><time>2026-09-18T23:19:47Z</time></trkpt><trkpt lat="37.62328338623047" lon="127.07060241699219"><ele>20.0</ele><time>2026-09-18T23:19:48Z</time></trkpt><trkpt lat="37.623268127441406" lon="127.07061004638672"><ele>20.0</ele><time>2026-09-18T23:19:49Z</time></trkpt><trkpt lat="37.62324142456055" lon="127.07061767578125"><ele>20.0</ele><time>2026-09-18T23:19:50Z</time></trkpt><trkpt lat="37.62322235107422" lon="127.07061767578125"><ele>19.799999237060547</ele><time>2026-09-18T23:19:51Z</time></trkpt><trkpt lat="37.623199462890625" lon="127.07062530517578"><ele>19.799999237060547</ele><time>2026-09-18T23:19:52Z</time></trkpt><trkpt lat="37.62317657470703" lon="127.07063293457031"><ele>19.799999237060547</ele><time>2026-09-18T23:19:53Z</time></trkpt><trkpt lat="37.62316131591797" lon="127.07064056396484"><ele>20.0</ele><time>2026-09-18T23:19:54Z</time></trkpt><trkpt lat="37.623138427734375" lon="127.07064056396484"><ele>20.0</ele><time>2026-09-18T23:19:55Z</time></trkpt><trkpt lat="37.62311935424805" lon="127.07064819335938"><ele>20.0</ele><time>2026-09-18T23:19:56Z</time></trkpt><trkpt lat="37.62310028076172" lon="127.0706558227539"><ele>20.0</ele><time>2026-09-18T23:19:57Z</time></trkpt><trkpt lat="37.62308120727539" lon="127.07066345214844"><ele>19.799999237060547</ele><time>2026-09-18T23:19:58Z</time></trkpt><trkpt lat="37.62306213378906" lon="127.07067108154297"><ele>19.799999237060547</ele><time>2026-09-18T23:19:59Z</time></trkpt><trkpt lat="37.623043060302734" lon="127.0706787109375"><ele>19.799999237060547</ele><time>2026-09-18T23:20:00Z</time></trkpt><trkpt lat="37.62302780151367" lon="127.07068634033203"><ele>19.799999237060547</ele><time>2026-09-18T23:20:01Z</time></trkpt><trkpt lat="37.623008728027344" lon="127.07069396972656"><ele>19.799999237060547</ele><time>2026-09-18T23:20:02Z</time></trkpt><trkpt lat="37.62299346923828" lon="127.0707015991211"><ele>19.799999237060547</ele><time>2026-09-18T23:20:03Z</time></trkpt><trkpt lat="37.62297058105469" lon="127.07070922851562"><ele>19.799999237060547</ele><time>2026-09-18T23:20:04Z</time></trkpt><trkpt lat="37.62295150756836" lon="127.07071685791016"><ele>20.0</ele><time>2026-09-18T23:20:05Z</time></trkpt><trkpt lat="37.6229362487793" lon="127.07072448730469"><ele>20.0</ele><time>2026-09-18T23:20:06Z</time></trkpt><trkpt lat="37.6229133605957" lon="127.07072448730469"><ele>20.0</ele><time>2026-09-18T23:20:07Z</time></trkpt><trkpt lat="37.62289810180664" lon="127.07073211669922"><ele>20.0</ele><time>2026-09-18T23:20:08Z</time></trkpt><trkpt lat="37.62287139892578" lon="127.07073974609375"><ele>20.0</ele><time>2026-09-18T23:20:09Z</time></trkpt><trkpt lat="37.62285232543945" lon="127.07073974609375"><ele>20.200000762939453</ele><time>2026-09-18T23:20:10Z</time></trkpt><trkpt lat="37.62282943725586" lon="127.07074737548828"><ele>20.200000762939453</ele><time>2026-09-18T23:20:11Z</time></trkpt><trkpt lat="37.62281036376953" lon="127.07075500488281"><ele>20.200000762939453</ele><time>2026-09-18T23:20:12Z</time></trkpt><trkpt lat="37.62279510498047" lon="127.07076263427734"><ele>20.200000762939453</ele><time>2026-09-18T23:20:13Z</time></trkpt><trkpt lat="37.622772216796875" lon="127.07077026367188"><ele>20.200000762939453</ele><time>2026-09-18T23:20:14Z</time></trkpt><trkpt lat="37.62276077270508" lon="127.0707778930664"><ele>20.200000762939453</ele><time>2026-09-18T23:20:15Z</time></trkpt><trkpt lat="37.62274169921875" lon="127.0707778930664"><ele>20.200000762939453</ele><time>2026-09-18T23:20:16Z</time></trkpt><trkpt lat="37.62272262573242" lon="127.07078552246094"><ele>20.200000762939453</ele><time>2026-09-18T23:20:17Z</time></trkpt><trkpt lat="37.62270736694336" lon="127.07079315185547"><ele>20.200000762939453</ele><time>2026-09-18T23:20:18Z</time></trkpt><trkpt lat="37.622684478759766" lon="127.07079315185547"><ele>20.200000762939453</ele><time>2026-09-18T23:20:19Z</time></trkpt><trkpt lat="37.6226692199707" lon="127.07080078125"><ele>20.200000762939453</ele><time>2026-09-18T23:20:20Z</time></trkpt><trkpt lat="37.62264633178711" lon="127.07080841064453"><ele>20.200000762939453</ele><time>2026-09-18T23:20:21Z</time></trkpt><trkpt lat="37.62262725830078" lon="127.07080841064453"><ele>20.200000762939453</ele><time>2026-09-18T23:20:22Z</time></trkpt><trkpt lat="37.62260818481445" lon="127.07081604003906"><ele>20.0</ele><time>2026-09-18T23:20:23Z</time></trkpt><trkpt lat="37.62258529663086" lon="127.07081604003906"><ele>20.0</ele><time>2026-09-18T23:20:24Z</time></trkpt><trkpt lat="37.62256622314453" lon="127.0708236694336"><ele>19.799999237060547</ele><time>2026-09-18T23:20:25Z</time></trkpt><trkpt lat="37.62254333496094" lon="127.07083129882812"><ele>19.799999237060547</ele><time>2026-09-18T23:20:26Z</time></trkpt><trkpt lat="37.622528076171875" lon="127.07083129882812"><ele>19.799999237060547</ele><time>2026-09-18T23:20:27Z</time></trkpt><trkpt lat="37.62250900268555" lon="127.07083892822266"><ele>19.799999237060547</ele><time>2026-09-18T23:20:28Z</time></trkpt><trkpt lat="37.62248992919922" lon="127.07084655761719"><ele>20.0</ele><time>2026-09-18T23:20:29Z</time></trkpt><trkpt lat="37.62247085571289" lon="127.07086181640625"><ele>20.0</ele><time>2026-09-18T23:20:30Z</time></trkpt><trkpt lat="37.6224479675293" lon="127.07086944580078"><ele>20.0</ele><time>2026-09-18T23:20:31Z</time></trkpt><trkpt lat="37.62242889404297" lon="127.07087707519531"><ele>20.0</ele><time>2026-09-18T23:20:32Z</time></trkpt><trkpt lat="37.622406005859375" lon="127.07088470458984"><ele>20.0</ele><time>2026-09-18T23:20:33Z</time></trkpt><trkpt lat="37.62239074707031" lon="127.07089233398438"><ele>20.0</ele><time>2026-09-18T23:20:34Z</time></trkpt><trkpt lat="37.62236785888672" lon="127.07089233398438"><ele>20.0</ele><time>2026-09-18T23:20:35Z</time></trkpt><trkpt lat="37.62234878540039" lon="127.0708999633789"><ele>19.799999237060547</ele><time>2026-09-18T23:20:36Z</time></trkpt><trkpt lat="37.62232971191406" lon="127.07090759277344"><ele>19.799999237060547</ele><time>2026-09-18T23:20:37Z</time></trkpt><trkpt lat="37.62230682373047" lon="127.07091522216797"><ele>19.799999237060547</ele><time>2026-09-18T23:20:38Z</time></trkpt><trkpt lat="37.62228775024414" lon="127.0709228515625"><ele>19.799999237060547</ele><time>2026-09-18T23:20:39Z</time></trkpt><trkpt lat="37.62226104736328" lon="127.0709228515625"><ele>20.0</ele><time>2026-09-18T23:20:40Z</time></trkpt><trkpt lat="37.62224578857422" lon="127.07093048095703"><ele>20.0</ele><time>2026-09-18T23:20:41Z</time></trkpt><trkpt lat="37.622222900390625" lon="127.07093811035156"><ele>20.0</ele><time>2026-09-18T23:20:42Z</time></trkpt><trkpt lat="37.62220001220703" lon="127.07093811035156"><ele>20.0</ele><time>2026-09-18T23:20:43Z</time></trkpt><trkpt lat="37.62218475341797" lon="127.0709457397461"><ele>19.799999237060547</ele><time>2026-09-18T23:20:44Z</time></trkpt><trkpt lat="37.622161865234375" lon="127.07096099853516"><ele>19.799999237060547</ele><time>2026-09-18T23:20:45Z</time></trkpt><trkpt lat="37.62214660644531" lon="127.07096862792969"><ele>19.799999237060547</ele><time>2026-09-18T23:20:46Z</time></trkpt><trkpt lat="37.62211990356445" lon="127.07097625732422"><ele>19.799999237060547</ele><time>2026-09-18T23:20:47Z</time></trkpt><trkpt lat="37.622100830078125" lon="127.07097625732422"><ele>19.799999237060547</ele><time>2026-09-18T23:20:48Z</time></trkpt><trkpt lat="37.6220817565918" lon="127.07098388671875"><ele>19.799999237060547</ele><time>2026-09-18T23:20:49Z</time></trkpt><trkpt lat="37.6220588684082" lon="127.07099151611328"><ele>19.799999237060547</ele><time>2026-09-18T23:20:50Z</time></trkpt><trkpt lat="37.62204360961914" lon="127.07100677490234"><ele>19.799999237060547</ele><time>2026-09-18T23:20:51Z</time></trkpt><trkpt lat="37.62202072143555" lon="127.07101440429688"><ele>19.799999237060547</ele><time>2026-09-18T23:20:52Z</time></trkpt><trkpt lat="37.622005462646484" lon="127.0710220336914"><ele>19.799999237060547</ele><time>2026-09-18T23:20:53Z</time></trkpt><trkpt lat="37.62198257446289" lon="127.07102966308594"><ele>19.799999237060547</ele><time>2026-09-18T23:20:54Z</time></trkpt><trkpt lat="37.6219596862793" lon="127.07102966308594"><ele>19.600000381469727</ele><time>2026-09-18T23:20:55Z</time></trkpt><trkpt lat="37.62194061279297" lon="127.07103729248047"><ele>19.600000381469727</ele><time>2026-09-18T23:20:56Z</time></trkpt><trkpt lat="37.62192153930664" lon="127.071044921875"><ele>19.799999237060547</ele><time>2026-09-18T23:20:57Z</time></trkpt><trkpt lat="37.62190628051758" lon="127.07105255126953"><ele>19.799999237060547</ele><time>2026-09-18T23:20:58Z</time></trkpt><trkpt lat="37.62187957763672" lon="127.07106018066406"><ele>19.799999237060547</ele><time>2026-09-18T23:20:59Z</time></trkpt><trkpt lat="37.621864318847656" lon="127.07105255126953"><ele>19.799999237060547</ele><time>2026-09-18T23:21:00Z</time></trkpt><trkpt lat="37.62184524536133" lon="127.07106018066406"><ele>19.799999237060547</ele><time>2026-09-18T23:21:01Z</time></trkpt><trkpt lat="37.621826171875" lon="127.07106018066406"><ele>19.600000381469727</ele><time>2026-09-18T23:21:02Z</time></trkpt><trkpt lat="37.62181091308594" lon="127.07107543945312"><ele>19.600000381469727</ele><time>2026-09-18T23:21:03Z</time></trkpt><trkpt lat="37.621788024902344" lon="127.07108306884766"><ele>19.600000381469727</ele><time>2026-09-18T23:21:04Z</time></trkpt><trkpt lat="37.62177276611328" lon="127.07109069824219"><ele>19.600000381469727</ele><time>2026-09-18T23:21:05Z</time></trkpt><trkpt lat="37.62175369262695" lon="127.07109832763672"><ele>19.600000381469727</ele><time>2026-09-18T23:21:06Z</time></trkpt><trkpt lat="37.621734619140625" lon="127.07110595703125"><ele>19.600000381469727</ele><time>2026-09-18T23:21:07Z</time></trkpt><trkpt lat="37.62171936035156" lon="127.07112121582031"><ele>19.600000381469727</ele><time>2026-09-18T23:21:08Z</time></trkpt><trkpt lat="37.62169647216797" lon="127.07112121582031"><ele>19.600000381469727</ele><time>2026-09-18T23:21:09Z</time></trkpt><trkpt lat="37.621681213378906" lon="127.07113647460938"><ele>19.600000381469727</ele><time>2026-09-18T23:21:10Z</time></trkpt><trkpt lat="37.62165832519531" lon="127.07113647460938"><ele>19.600000381469727</ele><time>2026-09-18T23:21:11Z</time></trkpt><trkpt lat="37.62164306640625" lon="127.07115173339844"><ele>19.600000381469727</ele><time>2026-09-18T23:21:12Z</time></trkpt><trkpt lat="37.621620178222656" lon="127.07115173339844"><ele>19.600000381469727</ele><time>2026-09-18T23:21:13Z</time></trkpt><trkpt lat="37.621604919433594" lon="127.07115936279297"><ele>19.600000381469727</ele><time>2026-09-18T23:21:14Z</time></trkpt><trkpt lat="37.621585845947266" lon="127.0711669921875"><ele>19.600000381469727</ele><time>2026-09-18T23:21:15Z</time></trkpt><trkpt lat="37.621559143066406" lon="127.0711669921875"><ele>19.600000381469727</ele><time>2026-09-18T23:21:16Z</time></trkpt><trkpt lat="37.621543884277344" lon="127.07117462158203"><ele>19.600000381469727</ele><time>2026-09-18T23:21:17Z</time></trkpt><trkpt lat="37.621517181396484" lon="127.07118225097656"><ele>19.600000381469727</ele><time>2026-09-18T23:21:18Z</time></trkpt><trkpt lat="37.62150192260742" lon="127.0711898803711"><ele>19.600000381469727</ele><time>2026-09-18T23:21:19Z</time></trkpt><trkpt lat="37.62147903442383" lon="127.0711898803711"><ele>19.600000381469727</ele><time>2026-09-18T23:21:20Z</time></trkpt><trkpt lat="37.6214599609375" lon="127.07119750976562"><ele>19.799999237060547</ele><time>2026-09-18T23:21:21Z</time></trkpt><trkpt lat="37.62144088745117" lon="127.07121276855469"><ele>19.799999237060547</ele><time>2026-09-18T23:21:22Z</time></trkpt><trkpt lat="37.62141799926758" lon="127.07121276855469"><ele>19.799999237060547</ele><time>2026-09-18T23:21:23Z</time></trkpt><trkpt lat="37.621402740478516" lon="127.07122802734375"><ele>19.799999237060547</ele><time>2026-09-18T23:21:24Z</time></trkpt><trkpt lat="37.62137985229492" lon="127.07122802734375"><ele>19.799999237060547</ele><time>2026-09-18T23:21:25Z</time></trkpt><trkpt lat="37.621360778808594" lon="127.07123565673828"><ele>19.799999237060547</ele><time>2026-09-18T23:21:26Z</time></trkpt><trkpt lat="37.621337890625" lon="127.07123565673828"><ele>19.799999237060547</ele><time>2026-09-18T23:21:27Z</time></trkpt><trkpt lat="37.62132263183594" lon="127.07124328613281"><ele>19.799999237060547</ele><time>2026-09-18T23:21:28Z</time></trkpt><trkpt lat="37.621307373046875" lon="127.07125091552734"><ele>19.799999237060547</ele><time>2026-09-18T23:21:29Z</time></trkpt><trkpt lat="37.62128448486328" lon="127.07125091552734"><ele>19.799999237060547</ele><time>2026-09-18T23:21:30Z</time></trkpt><trkpt lat="37.62126922607422" lon="127.07125854492188"><ele>19.799999237060547</ele><time>2026-09-18T23:21:31Z</time></trkpt><trkpt lat="37.62125015258789" lon="127.07125854492188"><ele>20.0</ele><time>2026-09-18T23:21:32Z</time></trkpt><trkpt lat="37.6212272644043" lon="127.0712661743164"><ele>20.0</ele><time>2026-09-18T23:21:33Z</time></trkpt><trkpt lat="37.62120819091797" lon="127.07127380371094"><ele>20.0</ele><time>2026-09-18T23:21:34Z</time></trkpt><trkpt lat="37.62118911743164" lon="127.07128143310547"><ele>20.0</ele><time>2026-09-18T23:21:35Z</time></trkpt><trkpt lat="37.62117385864258" lon="127.0712890625"><ele>20.0</ele><time>2026-09-18T23:21:36Z</time></trkpt><trkpt lat="37.62115478515625" lon="127.0712890625"><ele>20.0</ele><time>2026-09-18T23:21:37Z</time></trkpt><trkpt lat="37.62113571166992" lon="127.07129669189453"><ele>20.0</ele><time>2026-09-18T23:21:38Z</time></trkpt><trkpt lat="37.621116638183594" lon="127.07130432128906"><ele>20.0</ele><time>2026-09-18T23:21:39Z</time></trkpt><trkpt lat="37.621097564697266" lon="127.0713119506836"><ele>20.0</ele><time>2026-09-18T23:21:40Z</time></trkpt><trkpt lat="37.62107849121094" lon="127.07131958007812"><ele>20.0</ele><time>2026-09-18T23:21:41Z</time></trkpt><trkpt lat="37.621055603027344" lon="127.07132720947266"><ele>20.0</ele><time>2026-09-18T23:21:42Z</time></trkpt><trkpt lat="37.621036529541016" lon="127.07133483886719"><ele>20.0</ele><time>2026-09-18T23:21:43Z</time></trkpt><trkpt lat="37.62101364135742" lon="127.07133483886719"><ele>20.0</ele><time>2026-09-18T23:21:44Z</time></trkpt><trkpt lat="37.620994567871094" lon="127.07133483886719"><ele>20.0</ele><time>2026-09-18T23:21:45Z</time></trkpt><trkpt lat="37.620975494384766" lon="127.07134246826172"><ele>20.0</ele><time>2026-09-18T23:21:46Z</time></trkpt><trkpt lat="37.62095260620117" lon="127.07135009765625"><ele>20.0</ele><time>2026-09-18T23:21:47Z</time></trkpt><trkpt lat="37.62093734741211" lon="127.07135772705078"><ele>20.0</ele><time>2026-09-18T23:21:48Z</time></trkpt><trkpt lat="37.620914459228516" lon="127.07136535644531"><ele>20.0</ele><time>2026-09-18T23:21:49Z</time></trkpt><trkpt lat="37.62089538574219" lon="127.07137298583984"><ele>20.0</ele><time>2026-09-18T23:21:50Z</time></trkpt><trkpt lat="37.62087631225586" lon="127.07138061523438"><ele>19.799999237060547</ele><time>2026-09-18T23:21:51Z</time></trkpt><trkpt lat="37.620853424072266" lon="127.07138061523438"><ele>20.0</ele><time>2026-09-18T23:21:52Z</time></trkpt><trkpt lat="37.62083435058594" lon="127.0713882446289"><ele>20.0</ele><time>2026-09-18T23:21:53Z</time></trkpt><trkpt lat="37.62080764770508" lon="127.0713882446289"><ele>20.0</ele><time>2026-09-18T23:21:54Z</time></trkpt><trkpt lat="37.620792388916016" lon="127.07140350341797"><ele>20.0</ele><time>2026-09-18T23:21:55Z</time></trkpt><trkpt lat="37.620765686035156" lon="127.0714111328125"><ele>20.0</ele><time>2026-09-18T23:21:56Z</time></trkpt><trkpt lat="37.620750427246094" lon="127.0714111328125"><ele>20.0</ele><time>2026-09-18T23:21:57Z</time></trkpt><trkpt lat="37.6207275390625" lon="127.0714111328125"><ele>20.0</ele><time>2026-09-18T23:21:58Z</time></trkpt><trkpt lat="37.62070846557617" lon="127.0714111328125"><ele>20.0</ele><time>2026-09-18T23:21:59Z</time></trkpt><trkpt lat="37.620689392089844" lon="127.07141876220703"><ele>20.0</ele><time>2026-09-18T23:22:00Z</time></trkpt><trkpt lat="37.620670318603516" lon="127.07141876220703"><ele>20.0</ele><time>2026-09-18T23:22:01Z</time></trkpt><trkpt lat="37.62065505981445" lon="127.07142639160156"><ele>20.0</ele><time>2026-09-18T23:22:02Z</time></trkpt><trkpt lat="37.62063217163086" lon="127.0714340209961"><ele>20.0</ele><time>2026-09-18T23:22:03Z</time></trkpt><trkpt lat="37.62061309814453" lon="127.07144165039062"><ele>20.0</ele><time>2026-09-18T23:22:04Z</time></trkpt><trkpt lat="37.6205940246582" lon="127.07144165039062"><ele>20.200000762939453</ele><time>2026-09-18T23:22:05Z</time></trkpt><trkpt lat="37.620574951171875" lon="127.07144165039062"><ele>20.200000762939453</ele><time>2026-09-18T23:22:06Z</time></trkpt><trkpt lat="37.62055969238281" lon="127.07144927978516"><ele>20.200000762939453</ele><time>2026-09-18T23:22:07Z</time></trkpt><trkpt lat="37.62053680419922" lon="127.07144927978516"><ele>20.200000762939453</ele><time>2026-09-18T23:22:08Z</time></trkpt><trkpt lat="37.62051773071289" lon="127.07145690917969"><ele>20.200000762939453</ele><time>2026-09-18T23:22:09Z</time></trkpt><trkpt lat="37.62049865722656" lon="127.07146453857422"><ele>20.200000762939453</ele><time>2026-09-18T23:22:10Z</time></trkpt><trkpt lat="37.620479583740234" lon="127.07147216796875"><ele>20.200000762939453</ele><time>2026-09-18T23:22:11Z</time></trkpt><trkpt lat="37.620460510253906" lon="127.07147216796875"><ele>20.200000762939453</ele><time>2026-09-18T23:22:12Z</time></trkpt><trkpt lat="37.62043762207031" lon="127.07147216796875"><ele>20.200000762939453</ele><time>2026-09-18T23:22:13Z</time></trkpt><trkpt lat="37.620418548583984" lon="127.07147216796875"><ele>20.200000762939453</ele><time>2026-09-18T23:22:14Z</time></trkpt><trkpt lat="37.62039566040039" lon="127.07146453857422"><ele>20.200000762939453</ele><time>2026-09-18T23:22:15Z</time></trkpt><trkpt lat="37.6203727722168" lon="127.07146453857422"><ele>20.200000762939453</ele><time>2026-09-18T23:22:16Z</time></trkpt><trkpt lat="37.62034606933594" lon="127.07146453857422"><ele>20.0</ele><time>2026-09-18T23:22:17Z</time></trkpt><trkpt lat="37.62032699584961" lon="127.07147216796875"><ele>20.0</ele><time>2026-09-18T23:22:18Z</time></trkpt><trkpt lat="37.62030792236328" lon="127.07147979736328"><ele>19.799999237060547</ele><time>2026-09-18T23:22:19Z</time></trkpt><trkpt lat="37.62028503417969" lon="127.07148742675781"><ele>19.799999237060547</ele><time>2026-09-18T23:22:20Z</time></trkpt><trkpt lat="37.620269775390625" lon="127.07149505615234"><ele>19.799999237060547</ele><time>2026-09-18T23:22:21Z</time></trkpt><trkpt lat="37.62025451660156" lon="127.07150268554688"><ele>19.799999237060547</ele><time>2026-09-18T23:22:22Z</time></trkpt><trkpt lat="37.6202392578125" lon="127.0715103149414"><ele>19.799999237060547</ele><time>2026-09-18T23:22:23Z</time></trkpt><trkpt lat="37.62022018432617" lon="127.07151794433594"><ele>20.0</ele><time>2026-09-18T23:22:24Z</time></trkpt><trkpt lat="37.62019729614258" lon="127.07151794433594"><ele>20.0</ele><time>2026-09-18T23:22:25Z</time></trkpt><trkpt lat="37.620182037353516" lon="127.07152557373047"><ele>20.0</ele><time>2026-09-18T23:22:26Z</time></trkpt><trkpt lat="37.62015914916992" lon="127.07152557373047"><ele>20.0</ele><time>2026-09-18T23:22:27Z</time></trkpt><trkpt lat="37.620140075683594" lon="127.071533203125"><ele>19.799999237060547</ele><time>2026-09-18T23:22:28Z</time></trkpt><trkpt lat="37.6201171875" lon="127.07154083251953"><ele>19.799999237060547</ele><time>2026-09-18T23:22:29Z</time></trkpt><trkpt lat="37.62009811401367" lon="127.07154846191406"><ele>19.799999237060547</ele><time>2026-09-18T23:22:30Z</time></trkpt><trkpt lat="37.620079040527344" lon="127.07154846191406"><ele>19.799999237060547</ele><time>2026-09-18T23:22:31Z</time></trkpt><trkpt lat="37.62005615234375" lon="127.07154846191406"><ele>19.799999237060547</ele><time>2026-09-18T23:22:32Z</time></trkpt><trkpt lat="37.62004089355469" lon="127.0715560913086"><ele>19.799999237060547</ele><time>2026-09-18T23:22:33Z</time></trkpt><trkpt lat="37.620018005371094" lon="127.07156372070312"><ele>19.799999237060547</ele><time>2026-09-18T23:22:34Z</time></trkpt><trkpt lat="37.62000274658203" lon="127.07157135009766"><ele>19.799999237060547</ele><time>2026-09-18T23:22:35Z</time></trkpt><trkpt lat="37.61997985839844" lon="127.07157135009766"><ele>19.799999237060547</ele><time>2026-09-18T23:22:36Z</time></trkpt><trkpt lat="37.61996078491211" lon="127.07157135009766"><ele>19.799999237060547</ele><time>2026-09-18T23:22:37Z</time></trkpt><trkpt lat="37.61994171142578" lon="127.07157135009766"><ele>19.799999237060547</ele><time>2026-09-18T23:22:38Z</time></trkpt><trkpt lat="37.61992263793945" lon="127.07157897949219"><ele>19.799999237060547</ele><time>2026-09-18T23:22:39Z</time></trkpt><trkpt lat="37.61990737915039" lon="127.07158660888672"><ele>19.799999237060547</ele><time>2026-09-18T23:22:40Z</time></trkpt><trkpt lat="37.6198844909668" lon="127.07158660888672"><ele>19.799999237060547</ele><time>2026-09-18T23:22:41Z</time></trkpt><trkpt lat="37.61986541748047" lon="127.07159423828125"><ele>19.600000381469727</ele><time>2026-09-18T23:22:42Z</time></trkpt><trkpt lat="37.61984634399414" lon="127.07160186767578"><ele>19.600000381469727</ele><time>2026-09-18T23:22:43Z</time></trkpt><trkpt lat="37.61982345581055" lon="127.07160186767578"><ele>19.600000381469727</ele><time>2026-09-18T23:22:44Z</time></trkpt><trkpt lat="37.619808197021484" lon="127.07160186767578"><ele>19.600000381469727</ele><time>2026-09-18T23:22:45Z</time></trkpt><trkpt lat="37.61978530883789" lon="127.07160186767578"><ele>19.600000381469727</ele><time>2026-09-18T23:22:46Z</time></trkpt><trkpt lat="37.61976623535156" lon="127.07160949707031"><ele>19.600000381469727</ele><time>2026-09-18T23:22:47Z</time></trkpt><trkpt lat="37.619747161865234" lon="127.07161712646484"><ele>19.600000381469727</ele><time>2026-09-18T23:22:48Z</time></trkpt><trkpt lat="37.61972427368164" lon="127.07160949707031"><ele>19.600000381469727</ele><time>2026-09-18T23:22:49Z</time></trkpt><trkpt lat="37.61970901489258" lon="127.07161712646484"><ele>19.600000381469727</ele><time>2026-09-18T23:22:50Z</time></trkpt><trkpt lat="37.61968994140625" lon="127.07161712646484"><ele>19.600000381469727</ele><time>2026-09-18T23:22:51Z</time></trkpt><trkpt lat="37.61967468261719" lon="127.07162475585938"><ele>19.600000381469727</ele><time>2026-09-18T23:22:52Z</time></trkpt><trkpt lat="37.619651794433594" lon="127.07162475585938"><ele>19.600000381469727</ele><time>2026-09-18T23:22:53Z</time></trkpt><trkpt lat="37.619632720947266" lon="127.07162475585938"><ele>19.600000381469727</ele><time>2026-09-18T23:22:54Z</time></trkpt><trkpt lat="37.6196174621582" lon="127.07162475585938"><ele>19.600000381469727</ele><time>2026-09-18T23:22:55Z</time></trkpt><trkpt lat="37.61959457397461" lon="127.07162475585938"><ele>19.600000381469727</ele><time>2026-09-18T23:22:56Z</time></trkpt><trkpt lat="37.61957550048828" lon="127.0716323852539"><ele>19.600000381469727</ele><time>2026-09-18T23:22:57Z</time></trkpt><trkpt lat="37.61956024169922" lon="127.07164001464844"><ele>19.600000381469727</ele><time>2026-09-18T23:22:58Z</time></trkpt><trkpt lat="37.61954116821289" lon="127.07164001464844"><ele>19.600000381469727</ele><time>2026-09-18T23:22:59Z</time></trkpt><trkpt lat="37.61952590942383" lon="127.07164001464844"><ele>19.600000381469727</ele><time>2026-09-18T23:23:00Z</time></trkpt><trkpt lat="37.61949920654297" lon="127.07164764404297"><ele>19.600000381469727</ele><time>2026-09-18T23:23:01Z</time></trkpt><trkpt lat="37.619483947753906" lon="127.07164001464844"><ele>19.600000381469727</ele><time>2026-09-18T23:23:02Z</time></trkpt><trkpt lat="37.61946487426758" lon="127.07164764404297"><ele>19.600000381469727</ele><time>2026-09-18T23:23:03Z</time></trkpt><trkpt lat="37.619441986083984" lon="127.07164764404297"><ele>19.799999237060547</ele><time>2026-09-18T23:23:04Z</time></trkpt><trkpt lat="37.61942672729492" lon="127.0716552734375"><ele>19.799999237060547</ele><time>2026-09-18T23:23:05Z</time></trkpt><trkpt lat="37.61940383911133" lon="127.0716552734375"><ele>19.799999237060547</ele><time>2026-09-18T23:23:06Z</time></trkpt><trkpt lat="37.619384765625" lon="127.0716552734375"><ele>19.799999237060547</ele><time>2026-09-18T23:23:07Z</time></trkpt><trkpt lat="37.61936569213867" lon="127.07166290283203"><ele>19.799999237060547</ele><time>2026-09-18T23:23:08Z</time></trkpt><trkpt lat="37.619346618652344" lon="127.07166290283203"><ele>19.799999237060547</ele><time>2026-09-18T23:23:09Z</time></trkpt><trkpt lat="37.61933135986328" lon="127.07167053222656"><ele>19.799999237060547</ele><time>2026-09-18T23:23:10Z</time></trkpt><trkpt lat="37.61930847167969" lon="127.0716781616211"><ele>19.799999237060547</ele><time>2026-09-18T23:23:11Z</time></trkpt><trkpt lat="37.619293212890625" lon="127.07167053222656"><ele>19.799999237060547</ele><time>2026-09-18T23:23:12Z</time></trkpt><trkpt lat="37.6192741394043" lon="127.07167053222656"><ele>19.799999237060547</ele><time>2026-09-18T23:23:13Z</time></trkpt><trkpt lat="37.61925506591797" lon="127.0716781616211"><ele>19.799999237060547</ele><time>2026-09-18T23:23:14Z</time></trkpt><trkpt lat="37.619239807128906" lon="127.0716781616211"><ele>19.799999237060547</ele><time>2026-09-18T23:23:15Z</time></trkpt><trkpt lat="37.61921310424805" lon="127.0716781616211"><ele>19.799999237060547</ele><time>2026-09-18T23:23:16Z</time></trkpt><trkpt lat="37.619197845458984" lon="127.07168579101562"><ele>19.799999237060547</ele><time>2026-09-18T23:23:17Z</time></trkpt><trkpt lat="37.619178771972656" lon="127.07168579101562"><ele>19.799999237060547</ele><time>2026-09-18T23:23:18Z</time></trkpt><trkpt lat="37.61915969848633" lon="127.07168579101562"><ele>19.799999237060547</ele><time>2026-09-18T23:23:19Z</time></trkpt><trkpt lat="37.619140625" lon="127.07169342041016"><ele>19.799999237060547</ele><time>2026-09-18T23:23:20Z</time></trkpt><trkpt lat="37.61911392211914" lon="127.07169342041016"><ele>19.799999237060547</ele><time>2026-09-18T23:23:21Z</time></trkpt><trkpt lat="37.61909866333008" lon="127.07170104980469"><ele>19.600000381469727</ele><time>2026-09-18T23:23:22Z</time></trkpt><trkpt lat="37.619075775146484" lon="127.07170104980469"><ele>19.799999237060547</ele><time>2026-09-18T23:23:23Z</time></trkpt><trkpt lat="37.619056701660156" lon="127.07169342041016"><ele>19.799999237060547</ele><time>2026-09-18T23:23:24Z</time></trkpt><trkpt lat="37.61903762817383" lon="127.07169342041016"><ele>19.799999237060547</ele><time>2026-09-18T23:23:25Z</time></trkpt><trkpt lat="37.619014739990234" lon="127.07169342041016"><ele>19.799999237060547</ele><time>2026-09-18T23:23:26Z</time></trkpt><trkpt lat="37.61899948120117" lon="127.07170104980469"><ele>19.799999237060547</ele><time>2026-09-18T23:23:27Z</time></trkpt><trkpt lat="37.61897659301758" lon="127.07170104980469"><ele>19.799999237060547</ele><time>2026-09-18T23:23:28Z</time></trkpt><trkpt lat="37.61895751953125" lon="127.07170867919922"><ele>19.799999237060547</ele><time>2026-09-18T23:23:29Z</time></trkpt><trkpt lat="37.61893844604492" lon="127.07170867919922"><ele>19.799999237060547</ele><time>2026-09-18T23:23:30Z</time></trkpt><trkpt lat="37.61891555786133" lon="127.07170104980469"><ele>19.600000381469727</ele><time>2026-09-18T23:23:31Z</time></trkpt><trkpt lat="37.618900299072266" lon="127.07170867919922"><ele>19.600000381469727</ele><time>2026-09-18T23:23:32Z</time></trkpt><trkpt lat="37.61887741088867" lon="127.07170104980469"><ele>19.600000381469727</ele><time>2026-09-18T23:23:33Z</time></trkpt><trkpt lat="37.61886215209961" lon="127.07170867919922"><ele>19.600000381469727</ele><time>2026-09-18T23:23:34Z</time></trkpt><trkpt lat="37.618839263916016" lon="127.07170104980469"><ele>19.600000381469727</ele><time>2026-09-18T23:23:35Z</time></trkpt><trkpt lat="37.61882019042969" lon="127.07169342041016"><ele>19.600000381469727</ele><time>2026-09-18T23:23:36Z</time></trkpt><trkpt lat="37.61880111694336" lon="127.07169342041016"><ele>19.600000381469727</ele><time>2026-09-18T23:23:37Z</time></trkpt><trkpt lat="37.618778228759766" lon="127.07168579101562"><ele>19.600000381469727</ele><time>2026-09-18T23:23:38Z</time></trkpt><trkpt lat="37.6187629699707" lon="127.07168579101562"><ele>19.600000381469727</ele><time>2026-09-18T23:23:39Z</time></trkpt><trkpt lat="37.61874008178711" lon="127.07168579101562"><ele>19.600000381469727</ele><time>2026-09-18T23:23:40Z</time></trkpt><trkpt lat="37.61872100830078" lon="127.0716781616211"><ele>19.600000381469727</ele><time>2026-09-18T23:23:41Z</time></trkpt><trkpt lat="37.61869812011719" lon="127.0716781616211"><ele>19.600000381469727</ele><time>2026-09-18T23:23:42Z</time></trkpt><trkpt lat="37.61867904663086" lon="127.0716781616211"><ele>19.600000381469727</ele><time>2026-09-18T23:23:43Z</time></trkpt><trkpt lat="37.6186637878418" lon="127.0716781616211"><ele>19.600000381469727</ele><time>2026-09-18T23:23:44Z</time></trkpt><trkpt lat="37.6186408996582" lon="127.0716781616211"><ele>19.600000381469727</ele><time>2026-09-18T23:23:45Z</time></trkpt><trkpt lat="37.61862564086914" lon="127.0716781616211"><ele>19.600000381469727</ele><time>2026-09-18T23:23:46Z</time></trkpt><trkpt lat="37.61860275268555" lon="127.0716781616211"><ele>19.600000381469727</ele><time>2026-09-18T23:23:47Z</time></trkpt><trkpt lat="37.61858367919922" lon="127.0716781616211"><ele>19.600000381469727</ele><time>2026-09-18T23:23:48Z</time></trkpt><trkpt lat="37.618560791015625" lon="127.0716781616211"><ele>19.600000381469727</ele><time>2026-09-18T23:23:49Z</time></trkpt><trkpt lat="37.6185417175293" lon="127.07167053222656"><ele>19.600000381469727</ele><time>2026-09-18T23:23:50Z</time></trkpt><trkpt lat="37.61852264404297" lon="127.0716781616211"><ele>19.600000381469727</ele><time>2026-09-18T23:23:51Z</time></trkpt><trkpt lat="37.618499755859375" lon="127.07167053222656"><ele>19.399999618530273</ele><time>2026-09-18T23:23:52Z</time></trkpt><trkpt lat="37.61848068237305" lon="127.0716781616211"><ele>19.399999618530273</ele><time>2026-09-18T23:23:53Z</time></trkpt><trkpt lat="37.61846160888672" lon="127.0716781616211"><ele>19.399999618530273</ele><time>2026-09-18T23:23:54Z</time></trkpt><trkpt lat="37.618438720703125" lon="127.07167053222656"><ele>19.399999618530273</ele><time>2026-09-18T23:23:55Z</time></trkpt><trkpt lat="37.61842727661133" lon="127.0716781616211"><ele>19.399999618530273</ele><time>2026-09-18T23:23:56Z</time></trkpt><trkpt lat="37.61840057373047" lon="127.07167053222656"><ele>19.399999618530273</ele><time>2026-09-18T23:23:57Z</time></trkpt><trkpt lat="37.61838150024414" lon="127.07167053222656"><ele>19.399999618530273</ele><time>2026-09-18T23:23:58Z</time></trkpt><trkpt lat="37.61836242675781" lon="127.07167053222656"><ele>19.399999618530273</ele><time>2026-09-18T23:23:59Z</time></trkpt><trkpt lat="37.61833953857422" lon="127.07167053222656"><ele>19.399999618530273</ele><time>2026-09-18T23:24:00Z</time></trkpt><trkpt lat="37.618324279785156" lon="127.07167053222656"><ele>19.399999618530273</ele><time>2026-09-18T23:24:01Z</time></trkpt><trkpt lat="37.61830139160156" lon="127.07167053222656"><ele>19.600000381469727</ele><time>2026-09-18T23:24:02Z</time></trkpt><trkpt lat="37.6182861328125" lon="127.07167053222656"><ele>19.600000381469727</ele><time>2026-09-18T23:24:03Z</time></trkpt><trkpt lat="37.61825942993164" lon="127.07167053222656"><ele>19.600000381469727</ele><time>2026-09-18T23:24:04Z</time></trkpt><trkpt lat="37.61824035644531" lon="127.07167053222656"><ele>19.600000381469727</ele><time>2026-09-18T23:24:05Z</time></trkpt><trkpt lat="37.618221282958984" lon="127.07167053222656"><ele>19.600000381469727</ele><time>2026-09-18T23:24:06Z</time></trkpt><trkpt lat="37.618202209472656" lon="127.07167053222656"><ele>19.600000381469727</ele><time>2026-09-18T23:24:07Z</time></trkpt><trkpt lat="37.61818313598633" lon="127.07167053222656"><ele>19.600000381469727</ele><time>2026-09-18T23:24:08Z</time></trkpt><trkpt lat="37.61815643310547" lon="127.07167053222656"><ele>19.600000381469727</ele><time>2026-09-18T23:24:09Z</time></trkpt><trkpt lat="37.61813735961914" lon="127.0716781616211"><ele>19.600000381469727</ele><time>2026-09-18T23:24:10Z</time></trkpt><trkpt lat="37.61811828613281" lon="127.0716781616211"><ele>19.600000381469727</ele><time>2026-09-18T23:24:11Z</time></trkpt><trkpt lat="37.61809539794922" lon="127.0716781616211"><ele>19.600000381469727</ele><time>2026-09-18T23:24:12Z</time></trkpt><trkpt lat="37.61807632446289" lon="127.07168579101562"><ele>19.399999618530273</ele><time>2026-09-18T23:24:13Z</time></trkpt><trkpt lat="37.6180534362793" lon="127.07168579101562"><ele>19.399999618530273</ele><time>2026-09-18T23:24:14Z</time></trkpt><trkpt lat="37.618038177490234" lon="127.07168579101562"><ele>19.399999618530273</ele><time>2026-09-18T23:24:15Z</time></trkpt><trkpt lat="37.61801528930664" lon="127.07168579101562"><ele>19.399999618530273</ele><time>2026-09-18T23:24:16Z</time></trkpt><trkpt lat="37.61799621582031" lon="127.07169342041016"><ele>19.399999618530273</ele><time>2026-09-18T23:24:17Z</time></trkpt><trkpt lat="37.61797332763672" lon="127.07170104980469"><ele>19.399999618530273</ele><time>2026-09-18T23:24:18Z</time></trkpt><trkpt lat="37.61795425415039" lon="127.07169342041016"><ele>19.399999618530273</ele><time>2026-09-18T23:24:19Z</time></trkpt><trkpt lat="37.61793899536133" lon="127.07169342041016"><ele>19.600000381469727</ele><time>2026-09-18T23:24:20Z</time></trkpt><trkpt lat="37.617916107177734" lon="127.07168579101562"><ele>19.600000381469727</ele><time>2026-09-18T23:24:21Z</time></trkpt><trkpt lat="37.617897033691406" lon="127.07168579101562"><ele>19.600000381469727</ele><time>2026-09-18T23:24:22Z</time></trkpt><trkpt lat="37.61787414550781" lon="127.07168579101562"><ele>19.600000381469727</ele><time>2026-09-18T23:24:23Z</time></trkpt><trkpt lat="37.617855072021484" lon="127.07168579101562"><ele>19.600000381469727</ele><time>2026-09-18T23:24:24Z</time></trkpt><trkpt lat="37.617835998535156" lon="127.07168579101562"><ele>19.399999618530273</ele><time>2026-09-18T23:24:25Z</time></trkpt><trkpt lat="37.61781311035156" lon="127.0716781616211"><ele>19.399999618530273</ele><time>2026-09-18T23:24:26Z</time></trkpt><trkpt lat="37.6177978515625" lon="127.0716781616211"><ele>19.399999618530273</ele><time>2026-09-18T23:24:27Z</time></trkpt><trkpt lat="37.617774963378906" lon="127.07166290283203"><ele>19.600000381469727</ele><time>2026-09-18T23:24:28Z</time></trkpt><trkpt lat="37.617759704589844" lon="127.07167053222656"><ele>19.600000381469727</ele><time>2026-09-18T23:24:29Z</time></trkpt><trkpt lat="37.61773681640625" lon="127.07166290283203"><ele>19.600000381469727</ele><time>2026-09-18T23:24:30Z</time></trkpt><trkpt lat="37.61772155761719" lon="127.07166290283203"><ele>19.600000381469727</ele><time>2026-09-18T23:24:31Z</time></trkpt><trkpt lat="37.617698669433594" lon="127.07166290283203"><ele>19.600000381469727</ele><time>2026-09-18T23:24:32Z</time></trkpt><trkpt lat="37.617679595947266" lon="127.0716552734375"><ele>19.600000381469727</ele><time>2026-09-18T23:24:33Z</time></trkpt><trkpt lat="37.6176643371582" lon="127.0716552734375"><ele>19.600000381469727</ele><time>2026-09-18T23:24:34Z</time></trkpt><trkpt lat="37.61764144897461" lon="127.0716552734375"><ele>19.399999618530273</ele><time>2026-09-18T23:24:35Z</time></trkpt><trkpt lat="37.61762619018555" lon="127.07164764404297"><ele>19.399999618530273</ele><time>2026-09-18T23:24:36Z</time></trkpt><trkpt lat="37.61760330200195" lon="127.07164764404297"><ele>19.399999618530273</ele><time>2026-09-18T23:24:37Z</time></trkpt><trkpt lat="37.617584228515625" lon="127.07164001464844"><ele>19.600000381469727</ele><time>2026-09-18T23:24:38Z</time></trkpt><trkpt lat="37.6175651550293" lon="127.07164001464844"><ele>19.600000381469727</ele><time>2026-09-18T23:24:39Z</time></trkpt><trkpt lat="37.6175422668457" lon="127.07164001464844"><ele>19.600000381469727</ele><time>2026-09-18T23:24:40Z</time></trkpt><trkpt lat="37.617523193359375" lon="127.07164001464844"><ele>19.600000381469727</ele><time>2026-09-18T23:24:41Z</time></trkpt><trkpt lat="37.61750030517578" lon="127.07164001464844"><ele>19.600000381469727</ele><time>2026-09-18T23:24:42Z</time></trkpt><trkpt lat="37.61748504638672" lon="127.07164001464844"><ele>19.600000381469727</ele><time>2026-09-18T23:24:43Z</time></trkpt><trkpt lat="37.61745834350586" lon="127.07164001464844"><ele>19.600000381469727</ele><time>2026-09-18T23:24:44Z</time></trkpt><trkpt lat="37.61743927001953" lon="127.07164001464844"><ele>19.600000381469727</ele><time>2026-09-18T23:24:45Z</time></trkpt><trkpt lat="37.6174201965332" lon="127.07164001464844"><ele>19.600000381469727</ele><time>2026-09-18T23:24:46Z</time></trkpt><trkpt lat="37.61739730834961" lon="127.07164001464844"><ele>19.600000381469727</ele><time>2026-09-18T23:24:47Z</time></trkpt><trkpt lat="37.61738204956055" lon="127.07164764404297"><ele>19.600000381469727</ele><time>2026-09-18T23:24:48Z</time></trkpt><trkpt lat="37.61735916137695" lon="127.07164001464844"><ele>19.600000381469727</ele><time>2026-09-18T23:24:49Z</time></trkpt><trkpt lat="37.617340087890625" lon="127.07164764404297"><ele>19.399999618530273</ele><time>2026-09-18T23:24:50Z</time></trkpt><trkpt lat="37.61731719970703" lon="127.07164764404297"><ele>19.399999618530273</ele><time>2026-09-18T23:24:51Z</time></trkpt><trkpt lat="37.6172981262207" lon="127.07164764404297"><ele>19.399999618530273</ele><time>2026-09-18T23:24:52Z</time></trkpt><trkpt lat="37.617279052734375" lon="127.0716552734375"><ele>19.399999618530273</ele><time>2026-09-18T23:24:53Z</time></trkpt><trkpt lat="37.61725616455078" lon="127.0716552734375"><ele>19.399999618530273</ele><time>2026-09-18T23:24:54Z</time></trkpt><trkpt lat="37.61723709106445" lon="127.07166290283203"><ele>19.399999618530273</ele><time>2026-09-18T23:24:55Z</time></trkpt><trkpt lat="37.61721420288086" lon="127.0716552734375"><ele>19.399999618530273</ele><time>2026-09-18T23:24:56Z</time></trkpt><trkpt lat="37.6171989440918" lon="127.07166290283203"><ele>19.399999618530273</ele><time>2026-09-18T23:24:57Z</time></trkpt><trkpt lat="37.61717987060547" lon="127.07166290283203"><ele>19.399999618530273</ele><time>2026-09-18T23:24:58Z</time></trkpt><trkpt lat="37.61716079711914" lon="127.07166290283203"><ele>19.399999618530273</ele><time>2026-09-18T23:24:59Z</time></trkpt><trkpt lat="37.61714553833008" lon="127.07167053222656"><ele>19.600000381469727</ele><time>2026-09-18T23:25:00Z</time></trkpt><trkpt lat="37.617122650146484" lon="127.07167053222656"><ele>19.399999618530273</ele><time>2026-09-18T23:25:01Z</time></trkpt><trkpt lat="37.61710739135742" lon="127.07167053222656"><ele>19.399999618530273</ele><time>2026-09-18T23:25:02Z</time></trkpt><trkpt lat="37.61708450317383" lon="127.0716781616211"><ele>19.600000381469727</ele><time>2026-09-18T23:25:03Z</time></trkpt><trkpt lat="37.6170654296875" lon="127.0716781616211"><ele>19.600000381469727</ele><time>2026-09-18T23:25:04Z</time></trkpt><trkpt lat="37.617042541503906" lon="127.0716781616211"><ele>19.600000381469727</ele><time>2026-09-18T23:25:05Z</time></trkpt><trkpt lat="37.61702346801758" lon="127.07168579101562"><ele>19.600000381469727</ele><time>2026-09-18T23:25:06Z</time></trkpt><trkpt lat="37.61700439453125" lon="127.07169342041016"><ele>19.600000381469727</ele><time>2026-09-18T23:25:07Z</time></trkpt><trkpt lat="37.616981506347656" lon="127.07169342041016"><ele>19.600000381469727</ele><time>2026-09-18T23:25:08Z</time></trkpt><trkpt lat="37.61696243286133" lon="127.07170104980469"><ele>19.600000381469727</ele><time>2026-09-18T23:25:09Z</time></trkpt><trkpt lat="37.616943359375" lon="127.07170104980469"><ele>19.600000381469727</ele><time>2026-09-18T23:25:10Z</time></trkpt><trkpt lat="37.616920471191406" lon="127.07170104980469"><ele>19.600000381469727</ele><time>2026-09-18T23:25:11Z</time></trkpt><trkpt lat="37.616905212402344" lon="127.07170104980469"><ele>19.600000381469727</ele><time>2026-09-18T23:25:12Z</time></trkpt><trkpt lat="37.616878509521484" lon="127.07170867919922"><ele>19.600000381469727</ele><time>2026-09-18T23:25:13Z</time></trkpt><trkpt lat="37.61686325073242" lon="127.07170867919922"><ele>19.600000381469727</ele><time>2026-09-18T23:25:14Z</time></trkpt><trkpt lat="37.61684036254883" lon="127.07171630859375"><ele>19.600000381469727</ele><time>2026-09-18T23:25:15Z</time></trkpt><trkpt lat="37.6168212890625" lon="127.07172393798828"><ele>19.600000381469727</ele><time>2026-09-18T23:25:16Z</time></trkpt><trkpt lat="37.6168098449707" lon="127.07173156738281"><ele>19.600000381469727</ele><time>2026-09-18T23:25:17Z</time></trkpt><trkpt lat="37.61678695678711" lon="127.07173919677734"><ele>19.600000381469727</ele><time>2026-09-18T23:25:18Z</time></trkpt><trkpt lat="37.61677169799805" lon="127.07174682617188"><ele>19.600000381469727</ele><time>2026-09-18T23:25:19Z</time></trkpt><trkpt lat="37.61675262451172" lon="127.0717544555664"><ele>19.600000381469727</ele><time>2026-09-18T23:25:20Z</time></trkpt><trkpt lat="37.61673355102539" lon="127.0717544555664"><ele>19.600000381469727</ele><time>2026-09-18T23:25:21Z</time></trkpt><trkpt lat="37.61671447753906" lon="127.07176208496094"><ele>19.600000381469727</ele><time>2026-09-18T23:25:22Z</time></trkpt><trkpt lat="37.61669158935547" lon="127.07176208496094"><ele>19.600000381469727</ele><time>2026-09-18T23:25:23Z</time></trkpt><trkpt lat="37.616676330566406" lon="127.07176971435547"><ele>19.600000381469727</ele><time>2026-09-18T23:25:24Z</time></trkpt><trkpt lat="37.61664962768555" lon="127.07177734375"><ele>19.600000381469727</ele><time>2026-09-18T23:25:25Z</time></trkpt><trkpt lat="37.61663055419922" lon="127.07178497314453"><ele>19.600000381469727</ele><time>2026-09-18T23:25:26Z</time></trkpt><trkpt lat="37.616615295410156" lon="127.0718002319336"><ele>19.600000381469727</ele><time>2026-09-18T23:25:27Z</time></trkpt><trkpt lat="37.61659240722656" lon="127.0718002319336"><ele>19.600000381469727</ele><time>2026-09-18T23:25:28Z</time></trkpt><trkpt lat="37.616580963134766" lon="127.0718002319336"><ele>19.600000381469727</ele><time>2026-09-18T23:25:29Z</time></trkpt><trkpt lat="37.61656188964844" lon="127.0718002319336"><ele>19.600000381469727</ele><time>2026-09-18T23:25:30Z</time></trkpt><trkpt lat="37.61653137207031" lon="127.07179260253906"><ele>19.600000381469727</ele><time>2026-09-18T23:25:31Z</time></trkpt><trkpt lat="37.616512298583984" lon="127.07181549072266"><ele>19.600000381469727</ele><time>2026-09-18T23:25:32Z</time></trkpt><trkpt lat="37.61648941040039" lon="127.07183074951172"><ele>19.600000381469727</ele><time>2026-09-18T23:25:33Z</time></trkpt><trkpt lat="37.61648178100586" lon="127.07183074951172"><ele>19.600000381469727</ele><time>2026-09-18T23:25:34Z</time></trkpt><trkpt lat="37.616458892822266" lon="127.07183074951172"><ele>19.600000381469727</ele><time>2026-09-18T23:25:35Z</time></trkpt><trkpt lat="37.61643600463867" lon="127.07183837890625"><ele>19.600000381469727</ele><time>2026-09-18T23:25:36Z</time></trkpt><trkpt lat="37.61642074584961" lon="127.07183837890625"><ele>19.600000381469727</ele><time>2026-09-18T23:25:37Z</time></trkpt><trkpt lat="37.61640167236328" lon="127.07183837890625"><ele>19.600000381469727</ele><time>2026-09-18T23:25:38Z</time></trkpt><trkpt lat="37.61638259887695" lon="127.07184600830078"><ele>19.600000381469727</ele><time>2026-09-18T23:25:39Z</time></trkpt><trkpt lat="37.61636734008789" lon="127.07184600830078"><ele>19.600000381469727</ele><time>2026-09-18T23:25:40Z</time></trkpt><trkpt lat="37.61635208129883" lon="127.07185363769531"><ele>19.600000381469727</ele><time>2026-09-18T23:25:41Z</time></trkpt><trkpt lat="37.6163330078125" lon="127.07186126708984"><ele>19.600000381469727</ele><time>2026-09-18T23:25:42Z</time></trkpt><trkpt lat="37.6163215637207" lon="127.0718765258789"><ele>19.600000381469727</ele><time>2026-09-18T23:25:43Z</time></trkpt><trkpt lat="37.61630630493164" lon="127.07188415527344"><ele>19.600000381469727</ele><time>2026-09-18T23:25:44Z</time></trkpt><trkpt lat="37.61627960205078" lon="127.07189178466797"><ele>19.600000381469727</ele><time>2026-09-18T23:25:45Z</time></trkpt><trkpt lat="37.61626434326172" lon="127.07191467285156"><ele>19.600000381469727</ele><time>2026-09-18T23:25:46Z</time></trkpt><trkpt lat="37.616241455078125" lon="127.07191467285156"><ele>19.600000381469727</ele><time>2026-09-18T23:25:47Z</time></trkpt><trkpt lat="37.61621856689453" lon="127.0719223022461"><ele>19.600000381469727</ele><time>2026-09-18T23:25:48Z</time></trkpt><trkpt lat="37.616188049316406" lon="127.07192993164062"><ele>19.600000381469727</ele><time>2026-09-18T23:25:49Z</time></trkpt><trkpt lat="37.61616897583008" lon="127.07192993164062"><ele>19.600000381469727</ele><time>2026-09-18T23:25:50Z</time></trkpt><trkpt lat="37.616153717041016" lon="127.07192993164062"><ele>19.399999618530273</ele><time>2026-09-18T23:25:51Z</time></trkpt><trkpt lat="37.61613845825195" lon="127.07192993164062"><ele>19.399999618530273</ele><time>2026-09-18T23:25:52Z</time></trkpt><trkpt lat="37.616119384765625" lon="127.07192993164062"><ele>19.200000762939453</ele><time>2026-09-18T23:25:53Z</time></trkpt><trkpt lat="37.61610412597656" lon="127.07192993164062"><ele>19.200000762939453</ele><time>2026-09-18T23:25:54Z</time></trkpt><trkpt lat="37.61608123779297" lon="127.07193756103516"><ele>19.200000762939453</ele><time>2026-09-18T23:25:55Z</time></trkpt><trkpt lat="37.61606216430664" lon="127.07193756103516"><ele>19.0</ele><time>2026-09-18T23:25:56Z</time></trkpt><trkpt lat="37.61604309082031" lon="127.07194519042969"><ele>19.0</ele><time>2026-09-18T23:25:57Z</time></trkpt><trkpt lat="37.616024017333984" lon="127.07194519042969"><ele>19.0</ele><time>2026-09-18T23:25:58Z</time></trkpt><trkpt lat="37.616004943847656" lon="127.07195281982422"><ele>19.0</ele><time>2026-09-18T23:25:59Z</time></trkpt><trkpt lat="37.61598587036133" lon="127.07195281982422"><ele>18.799999237060547</ele><time>2026-09-18T23:26:00Z</time></trkpt><trkpt lat="37.615962982177734" lon="127.07196044921875"><ele>18.799999237060547</ele><time>2026-09-18T23:26:01Z</time></trkpt><trkpt lat="37.61594009399414" lon="127.07196807861328"><ele>18.799999237060547</ele><time>2026-09-18T23:26:02Z</time></trkpt><trkpt lat="37.61592102050781" lon="127.07198333740234"><ele>18.799999237060547</ele><time>2026-09-18T23:26:03Z</time></trkpt><trkpt lat="37.61589813232422" lon="127.0719985961914"><ele>18.799999237060547</ele><time>2026-09-18T23:26:04Z</time></trkpt><trkpt lat="37.615882873535156" lon="127.07200622558594"><ele>18.799999237060547</ele><time>2026-09-18T23:26:05Z</time></trkpt><trkpt lat="37.61586380004883" lon="127.072021484375"><ele>18.799999237060547</ele><time>2026-09-18T23:26:06Z</time></trkpt><trkpt lat="37.6158447265625" lon="127.0720443725586"><ele>18.799999237060547</ele><time>2026-09-18T23:26:07Z</time></trkpt><trkpt lat="37.61582565307617" lon="127.07205200195312"><ele>18.799999237060547</ele><time>2026-09-18T23:26:08Z</time></trkpt><trkpt lat="37.615806579589844" lon="127.07206726074219"><ele>18.799999237060547</ele><time>2026-09-18T23:26:09Z</time></trkpt><trkpt lat="37.61579132080078" lon="127.07207489013672"><ele>18.799999237060547</ele><time>2026-09-18T23:26:10Z</time></trkpt><trkpt lat="37.61577224731445" lon="127.07209014892578"><ele>19.0</ele><time>2026-09-18T23:26:11Z</time></trkpt><trkpt lat="37.61574935913086" lon="127.07209014892578"><ele>19.0</ele><time>2026-09-18T23:26:12Z</time></trkpt><trkpt lat="37.6157341003418" lon="127.07209777832031"><ele>19.0</ele><time>2026-09-18T23:26:13Z</time></trkpt><trkpt lat="37.6157112121582" lon="127.07209777832031"><ele>19.0</ele><time>2026-09-18T23:26:14Z</time></trkpt><trkpt lat="37.61569595336914" lon="127.07209014892578"><ele>18.799999237060547</ele><time>2026-09-18T23:26:15Z</time></trkpt><trkpt lat="37.61567687988281" lon="127.07209777832031"><ele>18.799999237060547</ele><time>2026-09-18T23:26:16Z</time></trkpt><trkpt lat="37.615657806396484" lon="127.07209777832031"><ele>18.799999237060547</ele><time>2026-09-18T23:26:17Z</time></trkpt><trkpt lat="37.615638732910156" lon="127.07210540771484"><ele>18.799999237060547</ele><time>2026-09-18T23:26:18Z</time></trkpt><trkpt lat="37.61561965942383" lon="127.07210540771484"><ele>19.0</ele><time>2026-09-18T23:26:19Z</time></trkpt><trkpt lat="37.6156005859375" lon="127.07210540771484"><ele>18.799999237060547</ele><time>2026-09-18T23:26:20Z</time></trkpt><trkpt lat="37.61558532714844" lon="127.07211303710938"><ele>18.799999237060547</ele><time>2026-09-18T23:26:21Z</time></trkpt><trkpt lat="37.615562438964844" lon="127.07211303710938"><ele>18.799999237060547</ele><time>2026-09-18T23:26:22Z</time></trkpt><trkpt lat="37.61554718017578" lon="127.0721206665039"><ele>18.799999237060547</ele><time>2026-09-18T23:26:23Z</time></trkpt><trkpt lat="37.61552047729492" lon="127.07212829589844"><ele>18.799999237060547</ele><time>2026-09-18T23:26:24Z</time></trkpt><trkpt lat="37.61550521850586" lon="127.07212829589844"><ele>18.799999237060547</ele><time>2026-09-18T23:26:25Z</time></trkpt><trkpt lat="37.615482330322266" lon="127.07212829589844"><ele>18.799999237060547</ele><time>2026-09-18T23:26:26Z</time></trkpt><trkpt lat="37.61546325683594" lon="127.07212829589844"><ele>18.799999237060547</ele><time>2026-09-18T23:26:27Z</time></trkpt><trkpt lat="37.615447998046875" lon="127.07213592529297"><ele>19.0</ele><time>2026-09-18T23:26:28Z</time></trkpt><trkpt lat="37.615421295166016" lon="127.07213592529297"><ele>18.799999237060547</ele><time>2026-09-18T23:26:29Z</time></trkpt><trkpt lat="37.61540985107422" lon="127.07213592529297"><ele>18.799999237060547</ele><time>2026-09-18T23:26:30Z</time></trkpt><trkpt lat="37.61539077758789" lon="127.07213592529297"><ele>19.0</ele><time>2026-09-18T23:26:31Z</time></trkpt><trkpt lat="37.61537170410156" lon="127.07213592529297"><ele>19.0</ele><time>2026-09-18T23:26:32Z</time></trkpt><trkpt lat="37.6153564453125" lon="127.0721435546875"><ele>19.0</ele><time>2026-09-18T23:26:33Z</time></trkpt><trkpt lat="37.615333557128906" lon="127.07213592529297"><ele>19.0</ele><time>2026-09-18T23:26:34Z</time></trkpt><trkpt lat="37.615318298339844" lon="127.0721435546875"><ele>19.0</ele><time>2026-09-18T23:26:35Z</time></trkpt><trkpt lat="37.61529541015625" lon="127.0721435546875"><ele>19.0</ele><time>2026-09-18T23:26:36Z</time></trkpt><trkpt lat="37.61527633666992" lon="127.07213592529297"><ele>19.0</ele><time>2026-09-18T23:26:37Z</time></trkpt><trkpt lat="37.615257263183594" lon="127.07213592529297"><ele>19.0</ele><time>2026-09-18T23:26:38Z</time></trkpt><trkpt lat="37.615234375" lon="127.07212829589844"><ele>19.0</ele><time>2026-09-18T23:26:39Z</time></trkpt><trkpt lat="37.61521911621094" lon="127.07213592529297"><ele>19.0</ele><time>2026-09-18T23:26:40Z</time></trkpt><trkpt lat="37.615196228027344" lon="127.07212829589844"><ele>19.0</ele><time>2026-09-18T23:26:41Z</time></trkpt><trkpt lat="37.615177154541016" lon="127.07212829589844"><ele>18.799999237060547</ele><time>2026-09-18T23:26:42Z</time></trkpt><trkpt lat="37.61515426635742" lon="127.0721206665039"><ele>18.799999237060547</ele><time>2026-09-18T23:26:43Z</time></trkpt><trkpt lat="37.615135192871094" lon="127.0721206665039"><ele>18.799999237060547</ele><time>2026-09-18T23:26:44Z</time></trkpt><trkpt lat="37.6151123046875" lon="127.07211303710938"><ele>18.799999237060547</ele><time>2026-09-18T23:26:45Z</time></trkpt><trkpt lat="37.615089416503906" lon="127.07210540771484"><ele>18.799999237060547</ele><time>2026-09-18T23:26:46Z</time></trkpt><trkpt lat="37.615074157714844" lon="127.07210540771484"><ele>18.799999237060547</ele><time>2026-09-18T23:26:47Z</time></trkpt><trkpt lat="37.61505126953125" lon="127.07209014892578"><ele>18.600000381469727</ele><time>2026-09-18T23:26:48Z</time></trkpt><trkpt lat="37.61503219604492" lon="127.07209777832031"><ele>18.799999237060547</ele><time>2026-09-18T23:26:49Z</time></trkpt><trkpt lat="37.61500930786133" lon="127.07209014892578"><ele>18.799999237060547</ele><time>2026-09-18T23:26:50Z</time></trkpt><trkpt lat="37.614990234375" lon="127.07209014892578"><ele>18.799999237060547</ele><time>2026-09-18T23:26:51Z</time></trkpt><trkpt lat="37.61497116088867" lon="127.07208251953125"><ele>18.799999237060547</ele><time>2026-09-18T23:26:52Z</time></trkpt><trkpt lat="37.61494827270508" lon="127.07207489013672"><ele>18.799999237060547</ele><time>2026-09-18T23:26:53Z</time></trkpt><trkpt lat="37.61492919921875" lon="127.07207489013672"><ele>18.799999237060547</ele><time>2026-09-18T23:26:54Z</time></trkpt><trkpt lat="37.614906311035156" lon="127.07206726074219"><ele>18.799999237060547</ele><time>2026-09-18T23:26:55Z</time></trkpt><trkpt lat="37.614891052246094" lon="127.07206726074219"><ele>18.799999237060547</ele><time>2026-09-18T23:26:56Z</time></trkpt><trkpt lat="37.6148681640625" lon="127.07205963134766"><ele>18.799999237060547</ele><time>2026-09-18T23:26:57Z</time></trkpt><trkpt lat="37.61484909057617" lon="127.07205963134766"><ele>18.799999237060547</ele><time>2026-09-18T23:26:58Z</time></trkpt><trkpt lat="37.614830017089844" lon="127.07205200195312"><ele>18.799999237060547</ele><time>2026-09-18T23:26:59Z</time></trkpt><trkpt lat="37.614810943603516" lon="127.0720443725586"><ele>18.799999237060547</ele><time>2026-09-18T23:27:00Z</time></trkpt><trkpt lat="37.61479187011719" lon="127.07205200195312"><ele>18.799999237060547</ele><time>2026-09-18T23:27:01Z</time></trkpt><trkpt lat="37.614768981933594" lon="127.07203674316406"><ele>18.799999237060547</ele><time>2026-09-18T23:27:02Z</time></trkpt><trkpt lat="37.614749908447266" lon="127.07203674316406"><ele>18.799999237060547</ele><time>2026-09-18T23:27:03Z</time></trkpt><trkpt lat="37.61472702026367" lon="127.07202911376953"><ele>18.799999237060547</ele><time>2026-09-18T23:27:04Z</time></trkpt><trkpt lat="37.614707946777344" lon="127.072021484375"><ele>18.799999237060547</ele><time>2026-09-18T23:27:05Z</time></trkpt><trkpt lat="37.61468505859375" lon="127.072021484375"><ele>18.799999237060547</ele><time>2026-09-18T23:27:06Z</time></trkpt><trkpt lat="37.614662170410156" lon="127.07201385498047"><ele>18.799999237060547</ele><time>2026-09-18T23:27:07Z</time></trkpt><trkpt lat="37.614646911621094" lon="127.07201385498047"><ele>18.799999237060547</ele><time>2026-09-18T23:27:08Z</time></trkpt><trkpt lat="37.614620208740234" lon="127.07200622558594"><ele>18.799999237060547</ele><time>2026-09-18T23:27:09Z</time></trkpt><trkpt lat="37.61460494995117" lon="127.07201385498047"><ele>18.600000381469727</ele><time>2026-09-18T23:27:10Z</time></trkpt><trkpt lat="37.61458206176758" lon="127.07200622558594"><ele>18.600000381469727</ele><time>2026-09-18T23:27:11Z</time></trkpt><trkpt lat="37.61456298828125" lon="127.07200622558594"><ele>18.600000381469727</ele><time>2026-09-18T23:27:12Z</time></trkpt><trkpt lat="37.61454391479492" lon="127.07200622558594"><ele>18.600000381469727</ele><time>2026-09-18T23:27:13Z</time></trkpt><trkpt lat="37.61452102661133" lon="127.0719985961914"><ele>18.600000381469727</ele><time>2026-09-18T23:27:14Z</time></trkpt><trkpt lat="37.614501953125" lon="127.0719985961914"><ele>18.600000381469727</ele><time>2026-09-18T23:27:15Z</time></trkpt><trkpt lat="37.61447525024414" lon="127.0719985961914"><ele>18.600000381469727</ele><time>2026-09-18T23:27:16Z</time></trkpt><trkpt lat="37.61445617675781" lon="127.0719985961914"><ele>18.600000381469727</ele><time>2026-09-18T23:27:17Z</time></trkpt><trkpt lat="37.61443328857422" lon="127.0719985961914"><ele>18.600000381469727</ele><time>2026-09-18T23:27:18Z</time></trkpt><trkpt lat="37.61441421508789" lon="127.07199096679688"><ele>18.600000381469727</ele><time>2026-09-18T23:27:19Z</time></trkpt><trkpt lat="37.61439895629883" lon="127.07199096679688"><ele>18.600000381469727</ele><time>2026-09-18T23:27:20Z</time></trkpt><trkpt lat="37.614376068115234" lon="127.07199096679688"><ele>18.600000381469727</ele><time>2026-09-18T23:27:21Z</time></trkpt><trkpt lat="37.61436080932617" lon="127.07199096679688"><ele>18.600000381469727</ele><time>2026-09-18T23:27:22Z</time></trkpt><trkpt lat="37.61433410644531" lon="127.07198333740234"><ele>18.600000381469727</ele><time>2026-09-18T23:27:23Z</time></trkpt><trkpt lat="37.61431884765625" lon="127.07199096679688"><ele>18.399999618530273</ele><time>2026-09-18T23:27:24Z</time></trkpt><trkpt lat="37.614295959472656" lon="127.07199096679688"><ele>18.399999618530273</ele><time>2026-09-18T23:27:25Z</time></trkpt><trkpt lat="37.61427688598633" lon="127.07199096679688"><ele>18.399999618530273</ele><time>2026-09-18T23:27:26Z</time></trkpt><trkpt lat="37.6142578125" lon="127.07199096679688"><ele>18.399999618530273</ele><time>2026-09-18T23:27:27Z</time></trkpt><trkpt lat="37.614234924316406" lon="127.07199096679688"><ele>18.399999618530273</ele><time>2026-09-18T23:27:28Z</time></trkpt><trkpt lat="37.614219665527344" lon="127.0719985961914"><ele>18.399999618530273</ele><time>2026-09-18T23:27:29Z</time></trkpt><trkpt lat="37.61419677734375" lon="127.0719985961914"><ele>18.399999618530273</ele><time>2026-09-18T23:27:30Z</time></trkpt><trkpt lat="37.61418151855469" lon="127.0719985961914"><ele>18.399999618530273</ele><time>2026-09-18T23:27:31Z</time></trkpt><trkpt lat="37.61416244506836" lon="127.07200622558594"><ele>18.399999618530273</ele><time>2026-09-18T23:27:32Z</time></trkpt><trkpt lat="37.614139556884766" lon="127.0719985961914"><ele>18.399999618530273</ele><time>2026-09-18T23:27:33Z</time></trkpt><trkpt lat="37.6141242980957" lon="127.07200622558594"><ele>18.399999618530273</ele><time>2026-09-18T23:27:34Z</time></trkpt><trkpt lat="37.61410140991211" lon="127.07200622558594"><ele>18.399999618530273</ele><time>2026-09-18T23:27:35Z</time></trkpt><trkpt lat="37.61408233642578" lon="127.07200622558594"><ele>18.200000762939453</ele><time>2026-09-18T23:27:36Z</time></trkpt><trkpt lat="37.61405944824219" lon="127.07201385498047"><ele>18.200000762939453</ele><time>2026-09-18T23:27:37Z</time></trkpt><trkpt lat="37.61404037475586" lon="127.07201385498047"><ele>18.200000762939453</ele><time>2026-09-18T23:27:38Z</time></trkpt><trkpt lat="37.61402130126953" lon="127.07201385498047"><ele>18.200000762939453</ele><time>2026-09-18T23:27:39Z</time></trkpt><trkpt lat="37.61399841308594" lon="127.072021484375"><ele>18.200000762939453</ele><time>2026-09-18T23:27:40Z</time></trkpt><trkpt lat="37.613983154296875" lon="127.072021484375"><ele>18.200000762939453</ele><time>2026-09-18T23:27:41Z</time></trkpt><trkpt lat="37.61396026611328" lon="127.072021484375"><ele>18.200000762939453</ele><time>2026-09-18T23:27:42Z</time></trkpt><trkpt lat="37.61394119262695" lon="127.072021484375"><ele>18.200000762939453</ele><time>2026-09-18T23:27:43Z</time></trkpt><trkpt lat="37.613922119140625" lon="127.07202911376953"><ele>18.200000762939453</ele><time>2026-09-18T23:27:44Z</time></trkpt><trkpt lat="37.61389923095703" lon="127.072021484375"><ele>18.200000762939453</ele><time>2026-09-18T23:27:45Z</time></trkpt><trkpt lat="37.6138801574707" lon="127.07202911376953"><ele>18.200000762939453</ele><time>2026-09-18T23:27:46Z</time></trkpt><trkpt lat="37.613853454589844" lon="127.07202911376953"><ele>18.200000762939453</ele><time>2026-09-18T23:27:47Z</time></trkpt><trkpt lat="37.61383819580078" lon="127.07202911376953"><ele>18.200000762939453</ele><time>2026-09-18T23:27:48Z</time></trkpt><trkpt lat="37.61381530761719" lon="127.07203674316406"><ele>18.200000762939453</ele><time>2026-09-18T23:27:49Z</time></trkpt><trkpt lat="37.61379623413086" lon="127.07203674316406"><ele>18.200000762939453</ele><time>2026-09-18T23:27:50Z</time></trkpt><trkpt lat="37.61377716064453" lon="127.0720443725586"><ele>18.200000762939453</ele><time>2026-09-18T23:27:51Z</time></trkpt><trkpt lat="37.6137580871582" lon="127.0720443725586"><ele>18.200000762939453</ele><time>2026-09-18T23:27:52Z</time></trkpt><trkpt lat="37.61374282836914" lon="127.07205200195312"><ele>18.0</ele><time>2026-09-18T23:27:53Z</time></trkpt><trkpt lat="37.61371612548828" lon="127.07205200195312"><ele>18.200000762939453</ele><time>2026-09-18T23:27:54Z</time></trkpt><trkpt lat="37.61369705200195" lon="127.07205200195312"><ele>18.200000762939453</ele><time>2026-09-18T23:27:55Z</time></trkpt><trkpt lat="37.613677978515625" lon="127.07205200195312"><ele>18.200000762939453</ele><time>2026-09-18T23:27:56Z</time></trkpt><trkpt lat="37.61365509033203" lon="127.07205200195312"><ele>18.0</ele><time>2026-09-18T23:27:57Z</time></trkpt><trkpt lat="37.61363983154297" lon="127.07205963134766"><ele>18.200000762939453</ele><time>2026-09-18T23:27:58Z</time></trkpt><trkpt lat="37.61361312866211" lon="127.07205200195312"><ele>18.200000762939453</ele><time>2026-09-18T23:27:59Z</time></trkpt><trkpt lat="37.61359786987305" lon="127.07205200195312"><ele>18.200000762939453</ele><time>2026-09-18T23:28:00Z</time></trkpt><trkpt lat="37.61357498168945" lon="127.07205200195312"><ele>18.0</ele><time>2026-09-18T23:28:01Z</time></trkpt><trkpt lat="37.61355209350586" lon="127.07205200195312"><ele>18.0</ele><time>2026-09-18T23:28:02Z</time></trkpt><trkpt lat="37.61353302001953" lon="127.07205963134766"><ele>18.0</ele><time>2026-09-18T23:28:03Z</time></trkpt><trkpt lat="37.61350631713867" lon="127.07205963134766"><ele>18.0</ele><time>2026-09-18T23:28:04Z</time></trkpt><trkpt lat="37.613494873046875" lon="127.07206726074219"><ele>18.0</ele><time>2026-09-18T23:28:05Z</time></trkpt><trkpt lat="37.61347198486328" lon="127.07206726074219"><ele>18.0</ele><time>2026-09-18T23:28:06Z</time></trkpt><trkpt lat="37.61345291137695" lon="127.07206726074219"><ele>18.0</ele><time>2026-09-18T23:28:07Z</time></trkpt><trkpt lat="37.613433837890625" lon="127.07206726074219"><ele>18.0</ele><time>2026-09-18T23:28:08Z</time></trkpt><trkpt lat="37.61341094970703" lon="127.07206726074219"><ele>18.0</ele><time>2026-09-18T23:28:09Z</time></trkpt><trkpt lat="37.6133918762207" lon="127.07206726074219"><ele>18.0</ele><time>2026-09-18T23:28:10Z</time></trkpt><trkpt lat="37.61336898803711" lon="127.07205963134766"><ele>17.799999237060547</ele><time>2026-09-18T23:28:11Z</time></trkpt><trkpt lat="37.613346099853516" lon="127.07205963134766"><ele>17.799999237060547</ele><time>2026-09-18T23:28:12Z</time></trkpt><trkpt lat="37.61333084106445" lon="127.07205963134766"><ele>17.799999237060547</ele><time>2026-09-18T23:28:13Z</time></trkpt><trkpt lat="37.613304138183594" lon="127.07205963134766"><ele>17.799999237060547</ele><time>2026-09-18T23:28:14Z</time></trkpt><trkpt lat="37.61328887939453" lon="127.07205963134766"><ele>17.799999237060547</ele><time>2026-09-18T23:28:15Z</time></trkpt><trkpt lat="37.61326599121094" lon="127.07205963134766"><ele>17.799999237060547</ele><time>2026-09-18T23:28:16Z</time></trkpt><trkpt lat="37.61324691772461" lon="127.07205963134766"><ele>17.799999237060547</ele><time>2026-09-18T23:28:17Z</time></trkpt><trkpt lat="37.61322784423828" lon="127.07205963134766"><ele>17.799999237060547</ele><time>2026-09-18T23:28:18Z</time></trkpt><trkpt lat="37.61320495605469" lon="127.07205963134766"><ele>17.799999237060547</ele><time>2026-09-18T23:28:19Z</time></trkpt><trkpt lat="37.61318588256836" lon="127.07206726074219"><ele>18.0</ele><time>2026-09-18T23:28:20Z</time></trkpt><trkpt lat="37.613162994384766" lon="127.07206726074219"><ele>18.0</ele><time>2026-09-18T23:28:21Z</time></trkpt><trkpt lat="37.61314392089844" lon="127.07206726074219"><ele>17.799999237060547</ele><time>2026-09-18T23:28:22Z</time></trkpt><trkpt lat="37.61312484741211" lon="127.07206726074219"><ele>17.799999237060547</ele><time>2026-09-18T23:28:23Z</time></trkpt><trkpt lat="37.613101959228516" lon="127.07206726074219"><ele>17.799999237060547</ele><time>2026-09-18T23:28:24Z</time></trkpt><trkpt lat="37.61308670043945" lon="127.07206726074219"><ele>17.799999237060547</ele><time>2026-09-18T23:28:25Z</time></trkpt><trkpt lat="37.61306381225586" lon="127.07206726074219"><ele>17.799999237060547</ele><time>2026-09-18T23:28:26Z</time></trkpt><trkpt lat="37.6130485534668" lon="127.07206726074219"><ele>17.799999237060547</ele><time>2026-09-18T23:28:27Z</time></trkpt><trkpt lat="37.61302947998047" lon="127.07206726074219"><ele>17.799999237060547</ele><time>2026-09-18T23:28:28Z</time></trkpt><trkpt lat="37.613006591796875" lon="127.07206726074219"><ele>17.799999237060547</ele><time>2026-09-18T23:28:29Z</time></trkpt><trkpt lat="37.61299514770508" lon="127.07207489013672"><ele>17.799999237060547</ele><time>2026-09-18T23:28:30Z</time></trkpt><trkpt lat="37.612972259521484" lon="127.07207489013672"><ele>17.799999237060547</ele><time>2026-09-18T23:28:31Z</time></trkpt><trkpt lat="37.612953186035156" lon="127.07208251953125"><ele>17.799999237060547</ele><time>2026-09-18T23:28:32Z</time></trkpt><trkpt lat="37.61293411254883" lon="127.07208251953125"><ele>17.799999237060547</ele><time>2026-09-18T23:28:33Z</time></trkpt><trkpt lat="37.612911224365234" lon="127.07208251953125"><ele>17.799999237060547</ele><time>2026-09-18T23:28:34Z</time></trkpt><trkpt lat="37.61289596557617" lon="127.07208251953125"><ele>17.799999237060547</ele><time>2026-09-18T23:28:35Z</time></trkpt><trkpt lat="37.61286926269531" lon="127.07208251953125"><ele>17.799999237060547</ele><time>2026-09-18T23:28:36Z</time></trkpt><trkpt lat="37.61285400390625" lon="127.07208251953125"><ele>17.799999237060547</ele><time>2026-09-18T23:28:37Z</time></trkpt><trkpt lat="37.612831115722656" lon="127.07208251953125"><ele>17.799999237060547</ele><time>2026-09-18T23:28:38Z</time></trkpt><trkpt lat="37.61281204223633" lon="127.07208251953125"><ele>17.799999237060547</ele><time>2026-09-18T23:28:39Z</time></trkpt><trkpt lat="37.61279296875" lon="127.07208251953125"><ele>17.799999237060547</ele><time>2026-09-18T23:28:40Z</time></trkpt><trkpt lat="37.61277389526367" lon="127.07209014892578"><ele>17.600000381469727</ele><time>2026-09-18T23:28:41Z</time></trkpt><trkpt lat="37.612754821777344" lon="127.07209777832031"><ele>17.600000381469727</ele><time>2026-09-18T23:28:42Z</time></trkpt><trkpt lat="37.612728118896484" lon="127.07209777832031"><ele>17.600000381469727</ele><time>2026-09-18T23:28:43Z</time></trkpt><trkpt lat="37.61271286010742" lon="127.07209777832031"><ele>17.600000381469727</ele><time>2026-09-18T23:28:44Z</time></trkpt><trkpt lat="37.612693786621094" lon="127.07209777832031"><ele>17.600000381469727</ele><time>2026-09-18T23:28:45Z</time></trkpt><trkpt lat="37.6126708984375" lon="127.07209777832031"><ele>17.600000381469727</ele><time>2026-09-18T23:28:46Z</time></trkpt><trkpt lat="37.61265182495117" lon="127.07209777832031"><ele>17.600000381469727</ele><time>2026-09-18T23:28:47Z</time></trkpt><trkpt lat="37.61262512207031" lon="127.07209777832031"><ele>17.600000381469727</ele><time>2026-09-18T23:28:48Z</time></trkpt><trkpt lat="37.612613677978516" lon="127.07210540771484"><ele>17.600000381469727</ele><time>2026-09-18T23:28:49Z</time></trkpt><trkpt lat="37.612586975097656" lon="127.07210540771484"><ele>17.600000381469727</ele><time>2026-09-18T23:28:50Z</time></trkpt><trkpt lat="37.612571716308594" lon="127.07211303710938"><ele>17.600000381469727</ele><time>2026-09-18T23:28:51Z</time></trkpt><trkpt lat="37.612552642822266" lon="127.07211303710938"><ele>17.600000381469727</ele><time>2026-09-18T23:28:52Z</time></trkpt><trkpt lat="37.61253356933594" lon="127.07211303710938"><ele>17.600000381469727</ele><time>2026-09-18T23:28:53Z</time></trkpt><trkpt lat="37.61251449584961" lon="127.0721206665039"><ele>17.600000381469727</ele><time>2026-09-18T23:28:54Z</time></trkpt><trkpt lat="37.612491607666016" lon="127.0721206665039"><ele>17.600000381469727</ele><time>2026-09-18T23:28:55Z</time></trkpt><trkpt lat="37.61247634887695" lon="127.0721206665039"><ele>17.600000381469727</ele><time>2026-09-18T23:28:56Z</time></trkpt><trkpt lat="37.612457275390625" lon="127.0721206665039"><ele>17.600000381469727</ele><time>2026-09-18T23:28:57Z</time></trkpt><trkpt lat="37.61243438720703" lon="127.07211303710938"><ele>17.600000381469727</ele><time>2026-09-18T23:28:58Z</time></trkpt><trkpt lat="37.61241912841797" lon="127.0721206665039"><ele>17.600000381469727</ele><time>2026-09-18T23:28:59Z</time></trkpt><trkpt lat="37.61239242553711" lon="127.0721206665039"><ele>17.600000381469727</ele><time>2026-09-18T23:29:00Z</time></trkpt><trkpt lat="37.61237716674805" lon="127.0721206665039"><ele>17.600000381469727</ele><time>2026-09-18T23:29:01Z</time></trkpt><trkpt lat="37.61235046386719" lon="127.07212829589844"><ele>17.600000381469727</ele><time>2026-09-18T23:29:02Z</time></trkpt><trkpt lat="37.612335205078125" lon="127.07212829589844"><ele>17.600000381469727</ele><time>2026-09-18T23:29:03Z</time></trkpt><trkpt lat="37.612308502197266" lon="127.07212829589844"><ele>17.600000381469727</ele><time>2026-09-18T23:29:04Z</time></trkpt><trkpt lat="37.61228942871094" lon="127.07212829589844"><ele>17.600000381469727</ele><time>2026-09-18T23:29:05Z</time></trkpt><trkpt lat="37.61227035522461" lon="127.07213592529297"><ele>17.600000381469727</ele><time>2026-09-18T23:29:06Z</time></trkpt><trkpt lat="37.612247467041016" lon="127.07213592529297"><ele>17.600000381469727</ele><time>2026-09-18T23:29:07Z</time></trkpt><trkpt lat="37.61223220825195" lon="127.07213592529297"><ele>17.600000381469727</ele><time>2026-09-18T23:29:08Z</time></trkpt><trkpt lat="37.612205505371094" lon="127.0721435546875"><ele>17.600000381469727</ele><time>2026-09-18T23:29:09Z</time></trkpt><trkpt lat="37.61219024658203" lon="127.0721435546875"><ele>17.600000381469727</ele><time>2026-09-18T23:29:10Z</time></trkpt><trkpt lat="37.61216735839844" lon="127.0721435546875"><ele>17.600000381469727</ele><time>2026-09-18T23:29:11Z</time></trkpt><trkpt lat="37.612144470214844" lon="127.0721435546875"><ele>17.600000381469727</ele><time>2026-09-18T23:29:12Z</time></trkpt><trkpt lat="37.612125396728516" lon="127.0721435546875"><ele>17.600000381469727</ele><time>2026-09-18T23:29:13Z</time></trkpt><trkpt lat="37.612098693847656" lon="127.07213592529297"><ele>17.600000381469727</ele><time>2026-09-18T23:29:14Z</time></trkpt><trkpt lat="37.612083435058594" lon="127.07213592529297"><ele>17.600000381469727</ele><time>2026-09-18T23:29:15Z</time></trkpt><trkpt lat="37.612064361572266" lon="127.07213592529297"><ele>17.600000381469727</ele><time>2026-09-18T23:29:16Z</time></trkpt><trkpt lat="37.61204147338867" lon="127.07212829589844"><ele>17.600000381469727</ele><time>2026-09-18T23:29:17Z</time></trkpt><trkpt lat="37.61202621459961" lon="127.07212829589844"><ele>17.799999237060547</ele><time>2026-09-18T23:29:18Z</time></trkpt><trkpt lat="37.612003326416016" lon="127.07212829589844"><ele>17.600000381469727</ele><time>2026-09-18T23:29:19Z</time></trkpt><trkpt lat="37.61198425292969" lon="127.07212829589844"><ele>17.600000381469727</ele><time>2026-09-18T23:29:20Z</time></trkpt><trkpt lat="37.611961364746094" lon="127.07212829589844"><ele>17.600000381469727</ele><time>2026-09-18T23:29:21Z</time></trkpt><trkpt lat="37.611942291259766" lon="127.07212829589844"><ele>17.600000381469727</ele><time>2026-09-18T23:29:22Z</time></trkpt><trkpt lat="37.61192321777344" lon="127.07213592529297"><ele>17.600000381469727</ele><time>2026-09-18T23:29:23Z</time></trkpt><trkpt lat="37.61190414428711" lon="127.07212829589844"><ele>17.600000381469727</ele><time>2026-09-18T23:29:24Z</time></trkpt><trkpt lat="37.61188507080078" lon="127.07212829589844"><ele>17.600000381469727</ele><time>2026-09-18T23:29:25Z</time></trkpt><trkpt lat="37.61186218261719" lon="127.07212829589844"><ele>17.600000381469727</ele><time>2026-09-18T23:29:26Z</time></trkpt><trkpt lat="37.611846923828125" lon="127.07213592529297"><ele>17.600000381469727</ele><time>2026-09-18T23:29:27Z</time></trkpt><trkpt lat="37.61182403564453" lon="127.07213592529297"><ele>17.600000381469727</ele><time>2026-09-18T23:29:28Z</time></trkpt><trkpt lat="37.61180877685547" lon="127.07213592529297"><ele>17.399999618530273</ele><time>2026-09-18T23:29:29Z</time></trkpt><trkpt lat="37.61178970336914" lon="127.07213592529297"><ele>17.600000381469727</ele><time>2026-09-18T23:29:30Z</time></trkpt><trkpt lat="37.61176681518555" lon="127.07213592529297"><ele>17.399999618530273</ele><time>2026-09-18T23:29:31Z</time></trkpt><trkpt lat="37.611751556396484" lon="127.0721435546875"><ele>17.399999618530273</ele><time>2026-09-18T23:29:32Z</time></trkpt><trkpt lat="37.611724853515625" lon="127.07213592529297"><ele>17.600000381469727</ele><time>2026-09-18T23:29:33Z</time></trkpt><trkpt lat="37.61170959472656" lon="127.0721435546875"><ele>17.600000381469727</ele><time>2026-09-18T23:29:34Z</time></trkpt><trkpt lat="37.61168670654297" lon="127.0721435546875"><ele>17.600000381469727</ele><time>2026-09-18T23:29:35Z</time></trkpt><trkpt lat="37.611663818359375" lon="127.0721435546875"><ele>17.600000381469727</ele><time>2026-09-18T23:29:36Z</time></trkpt><trkpt lat="37.61164474487305" lon="127.0721435546875"><ele>17.600000381469727</ele><time>2026-09-18T23:29:37Z</time></trkpt><trkpt lat="37.61162185668945" lon="127.07215118408203"><ele>17.600000381469727</ele><time>2026-09-18T23:29:38Z</time></trkpt><trkpt lat="37.611602783203125" lon="127.07215118408203"><ele>17.600000381469727</ele><time>2026-09-18T23:29:39Z</time></trkpt><trkpt lat="37.6115837097168" lon="127.07215881347656"><ele>17.600000381469727</ele><time>2026-09-18T23:29:40Z</time></trkpt><trkpt lat="37.61156463623047" lon="127.07215118408203"><ele>17.399999618530273</ele><time>2026-09-18T23:29:41Z</time></trkpt><trkpt lat="37.61154556274414" lon="127.07215881347656"><ele>17.399999618530273</ele><time>2026-09-18T23:29:42Z</time></trkpt><trkpt lat="37.61152648925781" lon="127.0721664428711"><ele>17.399999618530273</ele><time>2026-09-18T23:29:43Z</time></trkpt><trkpt lat="37.611507415771484" lon="127.0721664428711"><ele>17.399999618530273</ele><time>2026-09-18T23:29:44Z</time></trkpt><trkpt lat="37.61148452758789" lon="127.0721664428711"><ele>17.399999618530273</ele><time>2026-09-18T23:29:45Z</time></trkpt><trkpt lat="37.61146926879883" lon="127.0721664428711"><ele>17.399999618530273</ele><time>2026-09-18T23:29:46Z</time></trkpt><trkpt lat="37.6114501953125" lon="127.0721664428711"><ele>17.399999618530273</ele><time>2026-09-18T23:29:47Z</time></trkpt><trkpt lat="37.611427307128906" lon="127.0721664428711"><ele>17.399999618530273</ele><time>2026-09-18T23:29:48Z</time></trkpt><trkpt lat="37.611412048339844" lon="127.0721664428711"><ele>17.399999618530273</ele><time>2026-09-18T23:29:49Z</time></trkpt><trkpt lat="37.61138916015625" lon="127.07215881347656"><ele>17.399999618530273</ele><time>2026-09-18T23:29:50Z</time></trkpt><trkpt lat="37.61137008666992" lon="127.07215881347656"><ele>17.399999618530273</ele><time>2026-09-18T23:29:51Z</time></trkpt><trkpt lat="37.611351013183594" lon="127.0721664428711"><ele>17.399999618530273</ele><time>2026-09-18T23:29:52Z</time></trkpt><trkpt lat="37.611328125" lon="127.07215881347656"><ele>17.399999618530273</ele><time>2026-09-18T23:29:53Z</time></trkpt><trkpt lat="37.6113166809082" lon="127.07215881347656"><ele>17.399999618530273</ele><time>2026-09-18T23:29:54Z</time></trkpt><trkpt lat="37.61129379272461" lon="127.07215881347656"><ele>17.200000762939453</ele><time>2026-09-18T23:29:55Z</time></trkpt><trkpt lat="37.61127853393555" lon="127.07215881347656"><ele>17.200000762939453</ele><time>2026-09-18T23:29:56Z</time></trkpt><trkpt lat="37.611263275146484" lon="127.07215881347656"><ele>17.200000762939453</ele><time>2026-09-18T23:29:57Z</time></trkpt><trkpt lat="37.611236572265625" lon="127.07215881347656"><ele>17.200000762939453</ele><time>2026-09-18T23:29:58Z</time></trkpt><trkpt lat="37.61122131347656" lon="127.0721664428711"><ele>17.200000762939453</ele><time>2026-09-18T23:29:59Z</time></trkpt><trkpt lat="37.611202239990234" lon="127.0721664428711"><ele>17.200000762939453</ele><time>2026-09-18T23:30:00Z</time></trkpt><trkpt lat="37.611183166503906" lon="127.0721664428711"><ele>17.200000762939453</ele><time>2026-09-18T23:30:01Z</time></trkpt><trkpt lat="37.61116409301758" lon="127.07217407226562"><ele>17.200000762939453</ele><time>2026-09-18T23:30:02Z</time></trkpt><trkpt lat="37.611141204833984" lon="127.07217407226562"><ele>17.0</ele><time>2026-09-18T23:30:03Z</time></trkpt><trkpt lat="37.611122131347656" lon="127.07217407226562"><ele>17.0</ele><time>2026-09-18T23:30:04Z</time></trkpt><trkpt lat="37.61110305786133" lon="127.07218170166016"><ele>17.0</ele><time>2026-09-18T23:30:05Z</time></trkpt><trkpt lat="37.611083984375" lon="127.07218170166016"><ele>17.0</ele><time>2026-09-18T23:30:06Z</time></trkpt><trkpt lat="37.61106491088867" lon="127.07218170166016"><ele>17.0</ele><time>2026-09-18T23:30:07Z</time></trkpt><trkpt lat="37.61104202270508" lon="127.07218170166016"><ele>17.0</ele><time>2026-09-18T23:30:08Z</time></trkpt><trkpt lat="37.611026763916016" lon="127.07218170166016"><ele>17.200000762939453</ele><time>2026-09-18T23:30:09Z</time></trkpt><trkpt lat="37.61100769042969" lon="127.07218170166016"><ele>17.200000762939453</ele><time>2026-09-18T23:30:10Z</time></trkpt><trkpt lat="37.61098861694336" lon="127.07218170166016"><ele>17.0</ele><time>2026-09-18T23:30:11Z</time></trkpt><trkpt lat="37.61096954345703" lon="127.07218933105469"><ele>17.0</ele><time>2026-09-18T23:30:12Z</time></trkpt><trkpt lat="37.6109504699707" lon="127.07218933105469"><ele>17.0</ele><time>2026-09-18T23:30:13Z</time></trkpt><trkpt lat="37.61093521118164" lon="127.07218933105469"><ele>17.0</ele><time>2026-09-18T23:30:14Z</time></trkpt><trkpt lat="37.61091232299805" lon="127.07218933105469"><ele>17.0</ele><time>2026-09-18T23:30:15Z</time></trkpt><trkpt lat="37.61089324951172" lon="127.07218933105469"><ele>17.0</ele><time>2026-09-18T23:30:16Z</time></trkpt><trkpt lat="37.61087417602539" lon="127.07218933105469"><ele>17.0</ele><time>2026-09-18T23:30:17Z</time></trkpt><trkpt lat="37.6108512878418" lon="127.07218933105469"><ele>17.0</ele><time>2026-09-18T23:30:18Z</time></trkpt><trkpt lat="37.610836029052734" lon="127.07219696044922"><ele>17.0</ele><time>2026-09-18T23:30:19Z</time></trkpt><trkpt lat="37.610809326171875" lon="127.07219696044922"><ele>17.0</ele><time>2026-09-18T23:30:20Z</time></trkpt><trkpt lat="37.61079788208008" lon="127.07220458984375"><ele>16.799999237060547</ele><time>2026-09-18T23:30:21Z</time></trkpt><trkpt lat="37.610774993896484" lon="127.07220458984375"><ele>16.799999237060547</ele><time>2026-09-18T23:30:22Z</time></trkpt><trkpt lat="37.610755920410156" lon="127.07220458984375"><ele>16.600000381469727</ele><time>2026-09-18T23:30:23Z</time></trkpt><trkpt lat="37.610740661621094" lon="127.07221221923828"><ele>16.799999237060547</ele><time>2026-09-18T23:30:24Z</time></trkpt><trkpt lat="37.6107177734375" lon="127.07221221923828"><ele>16.799999237060547</ele><time>2026-09-18T23:30:25Z</time></trkpt><trkpt lat="37.61070251464844" lon="127.07221221923828"><ele>16.799999237060547</ele><time>2026-09-18T23:30:26Z</time></trkpt><trkpt lat="37.61067581176758" lon="127.07221221923828"><ele>16.600000381469727</ele><time>2026-09-18T23:30:27Z</time></trkpt><trkpt lat="37.610660552978516" lon="127.07220458984375"><ele>16.600000381469727</ele><time>2026-09-18T23:30:28Z</time></trkpt><trkpt lat="37.61064529418945" lon="127.07220458984375"><ele>16.600000381469727</ele><time>2026-09-18T23:30:29Z</time></trkpt><trkpt lat="37.61062240600586" lon="127.07220458984375"><ele>16.399999618530273</ele><time>2026-09-18T23:30:30Z</time></trkpt><trkpt lat="37.61060333251953" lon="127.07220458984375"><ele>16.399999618530273</ele><time>2026-09-18T23:30:31Z</time></trkpt><trkpt lat="37.61057662963867" lon="127.07221221923828"><ele>16.399999618530273</ele><time>2026-09-18T23:30:32Z</time></trkpt><trkpt lat="37.610557556152344" lon="127.07221221923828"><ele>16.399999618530273</ele><time>2026-09-18T23:30:33Z</time></trkpt><trkpt lat="37.610538482666016" lon="127.07221221923828"><ele>16.399999618530273</ele><time>2026-09-18T23:30:34Z</time></trkpt><trkpt lat="37.61051940917969" lon="127.07221221923828"><ele>16.399999618530273</ele><time>2026-09-18T23:30:35Z</time></trkpt><trkpt lat="37.610504150390625" lon="127.07221984863281"><ele>16.600000381469727</ele><time>2026-09-18T23:30:36Z</time></trkpt><trkpt lat="37.610477447509766" lon="127.07221984863281"><ele>16.600000381469727</ele><time>2026-09-18T23:30:37Z</time></trkpt><trkpt lat="37.61045837402344" lon="127.07221984863281"><ele>16.600000381469727</ele><time>2026-09-18T23:30:38Z</time></trkpt><trkpt lat="37.61043930053711" lon="127.07222747802734"><ele>16.600000381469727</ele><time>2026-09-18T23:30:39Z</time></trkpt><trkpt lat="37.610416412353516" lon="127.07221984863281"><ele>16.399999618530273</ele><time>2026-09-18T23:30:40Z</time></trkpt><trkpt lat="37.61039733886719" lon="127.07222747802734"><ele>16.600000381469727</ele><time>2026-09-18T23:30:41Z</time></trkpt><trkpt lat="37.61037826538086" lon="127.07222747802734"><ele>16.399999618530273</ele><time>2026-09-18T23:30:42Z</time></trkpt><trkpt lat="37.6103630065918" lon="127.07223510742188"><ele>16.399999618530273</ele><time>2026-09-18T23:30:43Z</time></trkpt><trkpt lat="37.61034393310547" lon="127.07223510742188"><ele>16.399999618530273</ele><time>2026-09-18T23:30:44Z</time></trkpt><trkpt lat="37.610328674316406" lon="127.07222747802734"><ele>16.399999618530273</ele><time>2026-09-18T23:30:45Z</time></trkpt><trkpt lat="37.61030960083008" lon="127.07222747802734"><ele>16.200000762939453</ele><time>2026-09-18T23:30:46Z</time></trkpt><trkpt lat="37.610286712646484" lon="127.07222747802734"><ele>16.200000762939453</ele><time>2026-09-18T23:30:47Z</time></trkpt><trkpt lat="37.610267639160156" lon="127.07223510742188"><ele>16.200000762939453</ele><time>2026-09-18T23:30:48Z</time></trkpt><trkpt lat="37.61024475097656" lon="127.07223510742188"><ele>16.200000762939453</ele><time>2026-09-18T23:30:49Z</time></trkpt><trkpt lat="37.6102294921875" lon="127.07223510742188"><ele>16.200000762939453</ele><time>2026-09-18T23:30:50Z</time></trkpt><trkpt lat="37.61021041870117" lon="127.0722427368164"><ele>16.200000762939453</ele><time>2026-09-18T23:30:51Z</time></trkpt><trkpt lat="37.61019515991211" lon="127.07223510742188"><ele>16.200000762939453</ele><time>2026-09-18T23:30:52Z</time></trkpt><trkpt lat="37.610172271728516" lon="127.07223510742188"><ele>16.200000762939453</ele><time>2026-09-18T23:30:53Z</time></trkpt><trkpt lat="37.61014938354492" lon="127.07223510742188"><ele>16.200000762939453</ele><time>2026-09-18T23:30:54Z</time></trkpt><trkpt lat="37.61013412475586" lon="127.07222747802734"><ele>16.200000762939453</ele><time>2026-09-18T23:30:55Z</time></trkpt><trkpt lat="37.610111236572266" lon="127.07222747802734"><ele>16.200000762939453</ele><time>2026-09-18T23:30:56Z</time></trkpt><trkpt lat="37.61009216308594" lon="127.07222747802734"><ele>16.0</ele><time>2026-09-18T23:30:57Z</time></trkpt><trkpt lat="37.61007308959961" lon="127.07223510742188"><ele>16.0</ele><time>2026-09-18T23:30:58Z</time></trkpt><trkpt lat="37.61005401611328" lon="127.07223510742188"><ele>16.0</ele><time>2026-09-18T23:30:59Z</time></trkpt><trkpt lat="37.61003494262695" lon="127.0722427368164"><ele>16.0</ele><time>2026-09-18T23:31:00Z</time></trkpt><trkpt lat="37.61001205444336" lon="127.0722427368164"><ele>16.0</ele><time>2026-09-18T23:31:01Z</time></trkpt><trkpt lat="37.60999298095703" lon="127.0722427368164"><ele>16.0</ele><time>2026-09-18T23:31:02Z</time></trkpt><trkpt lat="37.6099739074707" lon="127.07225036621094"><ele>16.0</ele><time>2026-09-18T23:31:03Z</time></trkpt><trkpt lat="37.60995101928711" lon="127.07225036621094"><ele>16.0</ele><time>2026-09-18T23:31:04Z</time></trkpt><trkpt lat="37.60993576049805" lon="127.07225799560547"><ele>16.0</ele><time>2026-09-18T23:31:05Z</time></trkpt><trkpt lat="37.60991287231445" lon="127.07225799560547"><ele>16.0</ele><time>2026-09-18T23:31:06Z</time></trkpt><trkpt lat="37.60989761352539" lon="127.072265625"><ele>16.0</ele><time>2026-09-18T23:31:07Z</time></trkpt><trkpt lat="37.6098747253418" lon="127.072265625"><ele>16.0</ele><time>2026-09-18T23:31:08Z</time></trkpt><trkpt lat="37.60985565185547" lon="127.07225799560547"><ele>16.0</ele><time>2026-09-18T23:31:09Z</time></trkpt><trkpt lat="37.60983657836914" lon="127.07225799560547"><ele>16.0</ele><time>2026-09-18T23:31:10Z</time></trkpt><trkpt lat="37.60981369018555" lon="127.07225036621094"><ele>16.0</ele><time>2026-09-18T23:31:11Z</time></trkpt><trkpt lat="37.609798431396484" lon="127.07225799560547"><ele>15.800000190734863</ele><time>2026-09-18T23:31:12Z</time></trkpt><trkpt lat="37.60977554321289" lon="127.07225799560547"><ele>15.800000190734863</ele><time>2026-09-18T23:31:13Z</time></trkpt><trkpt lat="37.60976028442383" lon="127.072265625"><ele>15.800000190734863</ele><time>2026-09-18T23:31:14Z</time></trkpt><trkpt lat="37.60973358154297" lon="127.072265625"><ele>15.800000190734863</ele><time>2026-09-18T23:31:15Z</time></trkpt><trkpt lat="37.60971450805664" lon="127.072265625"><ele>15.800000190734863</ele><time>2026-09-18T23:31:16Z</time></trkpt><trkpt lat="37.60969543457031" lon="127.07227325439453"><ele>15.800000190734863</ele><time>2026-09-18T23:31:17Z</time></trkpt><trkpt lat="37.60967254638672" lon="127.072265625"><ele>15.800000190734863</ele><time>2026-09-18T23:31:18Z</time></trkpt><trkpt lat="37.609657287597656" lon="127.072265625"><ele>15.800000190734863</ele><time>2026-09-18T23:31:19Z</time></trkpt><trkpt lat="37.6096305847168" lon="127.07225799560547"><ele>15.800000190734863</ele><time>2026-09-18T23:31:20Z</time></trkpt><trkpt lat="37.609615325927734" lon="127.07225799560547"><ele>15.800000190734863</ele><time>2026-09-18T23:31:21Z</time></trkpt><trkpt lat="37.60959243774414" lon="127.07225799560547"><ele>15.800000190734863</ele><time>2026-09-18T23:31:22Z</time></trkpt><trkpt lat="37.60957336425781" lon="127.07225036621094"><ele>15.800000190734863</ele><time>2026-09-18T23:31:23Z</time></trkpt><trkpt lat="37.609554290771484" lon="127.07225036621094"><ele>15.800000190734863</ele><time>2026-09-18T23:31:24Z</time></trkpt><trkpt lat="37.609527587890625" lon="127.07225036621094"><ele>15.800000190734863</ele><time>2026-09-18T23:31:25Z</time></trkpt><trkpt lat="37.60951232910156" lon="127.07225799560547"><ele>15.600000381469727</ele><time>2026-09-18T23:31:26Z</time></trkpt><trkpt lat="37.60948944091797" lon="127.07225799560547"><ele>15.600000381469727</ele><time>2026-09-18T23:31:27Z</time></trkpt><trkpt lat="37.609474182128906" lon="127.07225799560547"><ele>15.600000381469727</ele><time>2026-09-18T23:31:28Z</time></trkpt><trkpt lat="37.60944747924805" lon="127.07225799560547"><ele>15.600000381469727</ele><time>2026-09-18T23:31:29Z</time></trkpt><trkpt lat="37.609432220458984" lon="127.07225799560547"><ele>15.600000381469727</ele><time>2026-09-18T23:31:30Z</time></trkpt><trkpt lat="37.609413146972656" lon="127.072265625"><ele>15.600000381469727</ele><time>2026-09-18T23:31:31Z</time></trkpt><trkpt lat="37.60939407348633" lon="127.07225799560547"><ele>15.600000381469727</ele><time>2026-09-18T23:31:32Z</time></trkpt><trkpt lat="37.609375" lon="127.072265625"><ele>15.600000381469727</ele><time>2026-09-18T23:31:33Z</time></trkpt><trkpt lat="37.60934829711914" lon="127.07225799560547"><ele>15.600000381469727</ele><time>2026-09-18T23:31:34Z</time></trkpt><trkpt lat="37.60932922363281" lon="127.07225799560547"><ele>15.600000381469727</ele><time>2026-09-18T23:31:35Z</time></trkpt><trkpt lat="37.60930252075195" lon="127.07225799560547"><ele>15.600000381469727</ele><time>2026-09-18T23:31:36Z</time></trkpt><trkpt lat="37.60928726196289" lon="127.07225799560547"><ele>15.600000381469727</ele><time>2026-09-18T23:31:37Z</time></trkpt><trkpt lat="37.6092643737793" lon="127.07225799560547"><ele>15.600000381469727</ele><time>2026-09-18T23:31:38Z</time></trkpt><trkpt lat="37.6092414855957" lon="127.07225799560547"><ele>15.600000381469727</ele><time>2026-09-18T23:31:39Z</time></trkpt><trkpt lat="37.609222412109375" lon="127.07225799560547"><ele>15.600000381469727</ele><time>2026-09-18T23:31:40Z</time></trkpt><trkpt lat="37.60919952392578" lon="127.07225799560547"><ele>15.600000381469727</ele><time>2026-09-18T23:31:41Z</time></trkpt><trkpt lat="37.60918426513672" lon="127.07225799560547"><ele>15.600000381469727</ele><time>2026-09-18T23:31:42Z</time></trkpt><trkpt lat="37.60915756225586" lon="127.07225799560547"><ele>15.600000381469727</ele><time>2026-09-18T23:31:43Z</time></trkpt><trkpt lat="37.60913848876953" lon="127.072265625"><ele>15.600000381469727</ele><time>2026-09-18T23:31:44Z</time></trkpt><trkpt lat="37.6091194152832" lon="127.072265625"><ele>15.600000381469727</ele><time>2026-09-18T23:31:45Z</time></trkpt><trkpt lat="37.609100341796875" lon="127.07227325439453"><ele>15.600000381469727</ele><time>2026-09-18T23:31:46Z</time></trkpt><trkpt lat="37.60908126831055" lon="127.07227325439453"><ele>15.600000381469727</ele><time>2026-09-18T23:31:47Z</time></trkpt><trkpt lat="37.60905838012695" lon="127.072265625"><ele>15.800000190734863</ele><time>2026-09-18T23:31:48Z</time></trkpt><trkpt lat="37.60904312133789" lon="127.07227325439453"><ele>15.800000190734863</ele><time>2026-09-18T23:31:49Z</time></trkpt><trkpt lat="37.6090202331543" lon="127.07228088378906"><ele>15.800000190734863</ele><time>2026-09-18T23:31:50Z</time></trkpt><trkpt lat="37.60900115966797" lon="127.0722885131836"><ele>15.800000190734863</ele><time>2026-09-18T23:31:51Z</time></trkpt><trkpt lat="37.60898208618164" lon="127.0722885131836"><ele>15.600000381469727</ele><time>2026-09-18T23:31:52Z</time></trkpt><trkpt lat="37.60895919799805" lon="127.07229614257812"><ele>15.600000381469727</ele><time>2026-09-18T23:31:53Z</time></trkpt><trkpt lat="37.60894012451172" lon="127.07230377197266"><ele>15.600000381469727</ele><time>2026-09-18T23:31:54Z</time></trkpt><trkpt lat="37.608917236328125" lon="127.07229614257812"><ele>15.600000381469727</ele><time>2026-09-18T23:31:55Z</time></trkpt><trkpt lat="37.60890197753906" lon="127.07230377197266"><ele>15.600000381469727</ele><time>2026-09-18T23:31:56Z</time></trkpt><trkpt lat="37.60887908935547" lon="127.07230377197266"><ele>15.600000381469727</ele><time>2026-09-18T23:31:57Z</time></trkpt><trkpt lat="37.60886001586914" lon="127.07230377197266"><ele>15.600000381469727</ele><time>2026-09-18T23:31:58Z</time></trkpt><trkpt lat="37.60884094238281" lon="127.07230377197266"><ele>15.600000381469727</ele><time>2026-09-18T23:31:59Z</time></trkpt><trkpt lat="37.608821868896484" lon="127.07230377197266"><ele>15.600000381469727</ele><time>2026-09-18T23:32:00Z</time></trkpt><trkpt lat="37.608802795410156" lon="127.07230377197266"><ele>15.600000381469727</ele><time>2026-09-18T23:32:01Z</time></trkpt><trkpt lat="37.60877990722656" lon="127.07230377197266"><ele>15.600000381469727</ele><time>2026-09-18T23:32:02Z</time></trkpt><trkpt lat="37.6087646484375" lon="127.07230377197266"><ele>15.600000381469727</ele><time>2026-09-18T23:32:03Z</time></trkpt><trkpt lat="37.60873794555664" lon="127.07230377197266"><ele>15.600000381469727</ele><time>2026-09-18T23:32:04Z</time></trkpt><trkpt lat="37.60871887207031" lon="127.07231140136719"><ele>15.600000381469727</ele><time>2026-09-18T23:32:05Z</time></trkpt><trkpt lat="37.60869598388672" lon="127.07231140136719"><ele>15.600000381469727</ele><time>2026-09-18T23:32:06Z</time></trkpt><trkpt lat="37.608673095703125" lon="127.07231140136719"><ele>15.600000381469727</ele><time>2026-09-18T23:32:07Z</time></trkpt><trkpt lat="37.6086540222168" lon="127.07231140136719"><ele>15.600000381469727</ele><time>2026-09-18T23:32:08Z</time></trkpt><trkpt lat="37.6086311340332" lon="127.07231140136719"><ele>15.600000381469727</ele><time>2026-09-18T23:32:09Z</time></trkpt><trkpt lat="37.60861587524414" lon="127.07231140136719"><ele>15.600000381469727</ele><time>2026-09-18T23:32:10Z</time></trkpt><trkpt lat="37.60858917236328" lon="127.07231140136719"><ele>15.600000381469727</ele><time>2026-09-18T23:32:11Z</time></trkpt><trkpt lat="37.60857391357422" lon="127.07231140136719"><ele>15.600000381469727</ele><time>2026-09-18T23:32:12Z</time></trkpt><trkpt lat="37.608551025390625" lon="127.07231140136719"><ele>15.600000381469727</ele><time>2026-09-18T23:32:13Z</time></trkpt><trkpt lat="37.6085319519043" lon="127.07230377197266"><ele>15.600000381469727</ele><time>2026-09-18T23:32:14Z</time></trkpt><trkpt lat="37.60851287841797" lon="127.07230377197266"><ele>15.399999618530273</ele><time>2026-09-18T23:32:15Z</time></trkpt><trkpt lat="37.60848617553711" lon="127.07230377197266"><ele>15.399999618530273</ele><time>2026-09-18T23:32:16Z</time></trkpt><trkpt lat="37.60847091674805" lon="127.07230377197266"><ele>15.399999618530273</ele><time>2026-09-18T23:32:17Z</time></trkpt><trkpt lat="37.60844421386719" lon="127.07230377197266"><ele>15.399999618530273</ele><time>2026-09-18T23:32:18Z</time></trkpt><trkpt lat="37.608428955078125" lon="127.07230377197266"><ele>15.399999618530273</ele><time>2026-09-18T23:32:19Z</time></trkpt><trkpt lat="37.6084098815918" lon="127.07230377197266"><ele>15.399999618530273</ele><time>2026-09-18T23:32:20Z</time></trkpt><trkpt lat="37.60839080810547" lon="127.07230377197266"><ele>15.399999618530273</ele><time>2026-09-18T23:32:21Z</time></trkpt><trkpt lat="37.60837173461914" lon="127.07231140136719"><ele>15.399999618530273</ele><time>2026-09-18T23:32:22Z</time></trkpt><trkpt lat="37.60834884643555" lon="127.07231140136719"><ele>15.399999618530273</ele><time>2026-09-18T23:32:23Z</time></trkpt><trkpt lat="37.60832977294922" lon="127.07231140136719"><ele>15.399999618530273</ele><time>2026-09-18T23:32:24Z</time></trkpt><trkpt lat="37.60830307006836" lon="127.07231140136719"><ele>15.399999618530273</ele><time>2026-09-18T23:32:25Z</time></trkpt><trkpt lat="37.60828399658203" lon="127.07231903076172"><ele>15.399999618530273</ele><time>2026-09-18T23:32:26Z</time></trkpt><trkpt lat="37.6082649230957" lon="127.07231903076172"><ele>15.399999618530273</ele><time>2026-09-18T23:32:27Z</time></trkpt><trkpt lat="37.60824203491211" lon="127.07231903076172"><ele>15.399999618530273</ele><time>2026-09-18T23:32:28Z</time></trkpt><trkpt lat="37.60822677612305" lon="127.07232666015625"><ele>15.199999809265137</ele><time>2026-09-18T23:32:29Z</time></trkpt><trkpt lat="37.60820388793945" lon="127.07232666015625"><ele>15.199999809265137</ele><time>2026-09-18T23:32:30Z</time></trkpt><trkpt lat="37.60818862915039" lon="127.07233428955078"><ele>15.199999809265137</ele><time>2026-09-18T23:32:31Z</time></trkpt><trkpt lat="37.60816955566406" lon="127.07233428955078"><ele>15.199999809265137</ele><time>2026-09-18T23:32:32Z</time></trkpt><trkpt lat="37.608150482177734" lon="127.07233428955078"><ele>15.199999809265137</ele><time>2026-09-18T23:32:33Z</time></trkpt><trkpt lat="37.608131408691406" lon="127.07233428955078"><ele>15.199999809265137</ele><time>2026-09-18T23:32:34Z</time></trkpt><trkpt lat="37.60811233520508" lon="127.07233428955078"><ele>15.199999809265137</ele><time>2026-09-18T23:32:35Z</time></trkpt><trkpt lat="37.60809326171875" lon="127.07234191894531"><ele>15.399999618530273</ele><time>2026-09-18T23:32:36Z</time></trkpt><trkpt lat="37.608070373535156" lon="127.07234191894531"><ele>15.399999618530273</ele><time>2026-09-18T23:32:37Z</time></trkpt><trkpt lat="37.60805130004883" lon="127.07234191894531"><ele>15.399999618530273</ele><time>2026-09-18T23:32:38Z</time></trkpt><trkpt lat="37.608028411865234" lon="127.07234954833984"><ele>15.199999809265137</ele><time>2026-09-18T23:32:39Z</time></trkpt><trkpt lat="37.60800552368164" lon="127.07234191894531"><ele>15.199999809265137</ele><time>2026-09-18T23:32:40Z</time></trkpt><trkpt lat="37.60798645019531" lon="127.07234954833984"><ele>15.199999809265137</ele><time>2026-09-18T23:32:41Z</time></trkpt><trkpt lat="37.60796356201172" lon="127.07234954833984"><ele>15.199999809265137</ele><time>2026-09-18T23:32:42Z</time></trkpt><trkpt lat="37.60794448852539" lon="127.07235717773438"><ele>15.199999809265137</ele><time>2026-09-18T23:32:43Z</time></trkpt><trkpt lat="37.60792541503906" lon="127.0723648071289"><ele>15.199999809265137</ele><time>2026-09-18T23:32:44Z</time></trkpt><trkpt lat="37.60790252685547" lon="127.07237243652344"><ele>15.199999809265137</ele><time>2026-09-18T23:32:45Z</time></trkpt><trkpt lat="37.607887268066406" lon="127.07238006591797"><ele>15.199999809265137</ele><time>2026-09-18T23:32:46Z</time></trkpt><trkpt lat="37.60786056518555" lon="127.0723876953125"><ele>15.0</ele><time>2026-09-18T23:32:47Z</time></trkpt><trkpt lat="37.607845306396484" lon="127.0723876953125"><ele>15.0</ele><time>2026-09-18T23:32:48Z</time></trkpt><trkpt lat="37.607826232910156" lon="127.0723876953125"><ele>15.0</ele><time>2026-09-18T23:32:49Z</time></trkpt><trkpt lat="37.60780715942383" lon="127.07239532470703"><ele>15.199999809265137</ele><time>2026-09-18T23:32:50Z</time></trkpt><trkpt lat="37.607791900634766" lon="127.07240295410156"><ele>15.0</ele><time>2026-09-18T23:32:51Z</time></trkpt><trkpt lat="37.60776901245117" lon="127.0724105834961"><ele>15.199999809265137</ele><time>2026-09-18T23:32:52Z</time></trkpt><trkpt lat="37.607749938964844" lon="127.0724105834961"><ele>15.199999809265137</ele><time>2026-09-18T23:32:53Z</time></trkpt><trkpt lat="37.607730865478516" lon="127.07241821289062"><ele>15.0</ele><time>2026-09-18T23:32:54Z</time></trkpt><trkpt lat="37.60771179199219" lon="127.07241821289062"><ele>15.0</ele><time>2026-09-18T23:32:55Z</time></trkpt><trkpt lat="37.607696533203125" lon="127.07243347167969"><ele>15.0</ele><time>2026-09-18T23:32:56Z</time></trkpt><trkpt lat="37.607669830322266" lon="127.07244110107422"><ele>15.0</ele><time>2026-09-18T23:32:57Z</time></trkpt><trkpt lat="37.6076545715332" lon="127.07244110107422"><ele>15.0</ele><time>2026-09-18T23:32:58Z</time></trkpt><trkpt lat="37.60763168334961" lon="127.07244873046875"><ele>15.0</ele><time>2026-09-18T23:32:59Z</time></trkpt><trkpt lat="37.607608795166016" lon="127.07245635986328"><ele>15.0</ele><time>2026-09-18T23:33:00Z</time></trkpt><trkpt lat="37.60758972167969" lon="127.07246398925781"><ele>15.0</ele><time>2026-09-18T23:33:01Z</time></trkpt><trkpt lat="37.607566833496094" lon="127.07246398925781"><ele>15.0</ele><time>2026-09-18T23:33:02Z</time></trkpt><trkpt lat="37.60755157470703" lon="127.07247161865234"><ele>15.0</ele><time>2026-09-18T23:33:03Z</time></trkpt><trkpt lat="37.60752868652344" lon="127.07247924804688"><ele>15.0</ele><time>2026-09-18T23:33:04Z</time></trkpt><trkpt lat="37.60750961303711" lon="127.0724868774414"><ele>15.0</ele><time>2026-09-18T23:33:05Z</time></trkpt><trkpt lat="37.60749053955078" lon="127.07249450683594"><ele>15.0</ele><time>2026-09-18T23:33:06Z</time></trkpt><trkpt lat="37.60746765136719" lon="127.07250213623047"><ele>15.0</ele><time>2026-09-18T23:33:07Z</time></trkpt><trkpt lat="37.607452392578125" lon="127.072509765625"><ele>15.0</ele><time>2026-09-18T23:33:08Z</time></trkpt><trkpt lat="37.60742950439453" lon="127.072509765625"><ele>15.0</ele><time>2026-09-18T23:33:09Z</time></trkpt><trkpt lat="37.6074104309082" lon="127.07251739501953"><ele>15.0</ele><time>2026-09-18T23:33:10Z</time></trkpt><trkpt lat="37.607391357421875" lon="127.07252502441406"><ele>15.0</ele><time>2026-09-18T23:33:11Z</time></trkpt><trkpt lat="37.60736846923828" lon="127.07252502441406"><ele>15.199999809265137</ele><time>2026-09-18T23:33:12Z</time></trkpt><trkpt lat="37.60735321044922" lon="127.07254028320312"><ele>15.199999809265137</ele><time>2026-09-18T23:33:13Z</time></trkpt><trkpt lat="37.607330322265625" lon="127.07254028320312"><ele>15.199999809265137</ele><time>2026-09-18T23:33:14Z</time></trkpt><trkpt lat="37.60731506347656" lon="127.07254791259766"><ele>15.199999809265137</ele><time>2026-09-18T23:33:15Z</time></trkpt><trkpt lat="37.607295989990234" lon="127.07254791259766"><ele>15.199999809265137</ele><time>2026-09-18T23:33:16Z</time></trkpt><trkpt lat="37.607276916503906" lon="127.07254791259766"><ele>15.199999809265137</ele><time>2026-09-18T23:33:17Z</time></trkpt><trkpt lat="37.60725784301758" lon="127.07255554199219"><ele>15.199999809265137</ele><time>2026-09-18T23:33:18Z</time></trkpt><trkpt lat="37.607234954833984" lon="127.07254791259766"><ele>15.199999809265137</ele><time>2026-09-18T23:33:19Z</time></trkpt><trkpt lat="37.60721969604492" lon="127.07255554199219"><ele>15.199999809265137</ele><time>2026-09-18T23:33:20Z</time></trkpt><trkpt lat="37.60719680786133" lon="127.07255554199219"><ele>15.199999809265137</ele><time>2026-09-18T23:33:21Z</time></trkpt><trkpt lat="37.607177734375" lon="127.07256317138672"><ele>15.199999809265137</ele><time>2026-09-18T23:33:22Z</time></trkpt><trkpt lat="37.60715866088867" lon="127.07257080078125"><ele>15.199999809265137</ele><time>2026-09-18T23:33:23Z</time></trkpt><trkpt lat="37.60713577270508" lon="127.07257080078125"><ele>15.199999809265137</ele><time>2026-09-18T23:33:24Z</time></trkpt><trkpt lat="37.60711669921875" lon="127.07257080078125"><ele>15.199999809265137</ele><time>2026-09-18T23:33:25Z</time></trkpt><trkpt lat="37.607093811035156" lon="127.07256317138672"><ele>15.199999809265137</ele><time>2026-09-18T23:33:26Z</time></trkpt><trkpt lat="37.60707473754883" lon="127.07257080078125"><ele>15.199999809265137</ele><time>2026-09-18T23:33:27Z</time></trkpt><trkpt lat="37.6070556640625" lon="127.07257080078125"><ele>15.199999809265137</ele><time>2026-09-18T23:33:28Z</time></trkpt><trkpt lat="37.607032775878906" lon="127.07256317138672"><ele>15.199999809265137</ele><time>2026-09-18T23:33:29Z</time></trkpt><trkpt lat="37.607017517089844" lon="127.07257080078125"><ele>15.199999809265137</ele><time>2026-09-18T23:33:30Z</time></trkpt><trkpt lat="37.60699462890625" lon="127.07256317138672"><ele>15.199999809265137</ele><time>2026-09-18T23:33:31Z</time></trkpt><trkpt lat="37.60697937011719" lon="127.07256317138672"><ele>15.199999809265137</ele><time>2026-09-18T23:33:32Z</time></trkpt><trkpt lat="37.60695266723633" lon="127.07256317138672"><ele>15.199999809265137</ele><time>2026-09-18T23:33:33Z</time></trkpt><trkpt lat="37.60693359375" lon="127.07256317138672"><ele>15.0</ele><time>2026-09-18T23:33:34Z</time></trkpt><trkpt lat="37.60691452026367" lon="127.07255554199219"><ele>15.0</ele><time>2026-09-18T23:33:35Z</time></trkpt><trkpt lat="37.606895446777344" lon="127.07254791259766"><ele>15.0</ele><time>2026-09-18T23:33:36Z</time></trkpt><trkpt lat="37.606876373291016" lon="127.07254791259766"><ele>15.199999809265137</ele><time>2026-09-18T23:33:37Z</time></trkpt><trkpt lat="37.60685729980469" lon="127.07254028320312"><ele>15.199999809265137</ele><time>2026-09-18T23:33:38Z</time></trkpt><trkpt lat="37.60683822631836" lon="127.07254028320312"><ele>15.199999809265137</ele><time>2026-09-18T23:33:39Z</time></trkpt><trkpt lat="37.60681915283203" lon="127.0725326538086"><ele>15.199999809265137</ele><time>2026-09-18T23:33:40Z</time></trkpt><trkpt lat="37.60679626464844" lon="127.07252502441406"><ele>15.199999809265137</ele><time>2026-09-18T23:33:41Z</time></trkpt><trkpt lat="37.60677719116211" lon="127.07252502441406"><ele>15.199999809265137</ele><time>2026-09-18T23:33:42Z</time></trkpt><trkpt lat="37.60675811767578" lon="127.07251739501953"><ele>15.0</ele><time>2026-09-18T23:33:43Z</time></trkpt><trkpt lat="37.60673904418945" lon="127.072509765625"><ele>15.0</ele><time>2026-09-18T23:33:44Z</time></trkpt><trkpt lat="37.60671615600586" lon="127.07250213623047"><ele>15.0</ele><time>2026-09-18T23:33:45Z</time></trkpt><trkpt lat="37.6067008972168" lon="127.07249450683594"><ele>15.0</ele><time>2026-09-18T23:33:46Z</time></trkpt><trkpt lat="37.60668182373047" lon="127.0724868774414"><ele>15.0</ele><time>2026-09-18T23:33:47Z</time></trkpt><trkpt lat="37.606666564941406" lon="127.07246398925781"><ele>15.0</ele><time>2026-09-18T23:33:48Z</time></trkpt><trkpt lat="37.606651306152344" lon="127.07246398925781"><ele>15.0</ele><time>2026-09-18T23:33:49Z</time></trkpt><trkpt lat="37.60663604736328" lon="127.07244110107422"><ele>15.0</ele><time>2026-09-18T23:33:50Z</time></trkpt><trkpt lat="37.60661697387695" lon="127.07243347167969"><ele>15.0</ele><time>2026-09-18T23:33:51Z</time></trkpt><trkpt lat="37.606597900390625" lon="127.0724105834961"><ele>15.0</ele><time>2026-09-18T23:33:52Z</time></trkpt><trkpt lat="37.60658264160156" lon="127.07239532470703"><ele>15.0</ele><time>2026-09-18T23:33:53Z</time></trkpt><trkpt lat="37.606563568115234" lon="127.0723876953125"><ele>15.0</ele><time>2026-09-18T23:33:54Z</time></trkpt><trkpt lat="37.606544494628906" lon="127.0723648071289"><ele>15.0</ele><time>2026-09-18T23:33:55Z</time></trkpt><trkpt lat="37.60652542114258" lon="127.07235717773438"><ele>15.0</ele><time>2026-09-18T23:33:56Z</time></trkpt><trkpt lat="37.606502532958984" lon="127.07234954833984"><ele>15.0</ele><time>2026-09-18T23:33:57Z</time></trkpt><trkpt lat="37.60647964477539" lon="127.07234954833984"><ele>15.0</ele><time>2026-09-18T23:33:58Z</time></trkpt><trkpt lat="37.60646057128906" lon="127.07234954833984"><ele>15.0</ele><time>2026-09-18T23:33:59Z</time></trkpt><trkpt lat="37.60643768310547" lon="127.07234954833984"><ele>15.0</ele><time>2026-09-18T23:34:00Z</time></trkpt><trkpt lat="37.606422424316406" lon="127.07235717773438"><ele>15.0</ele><time>2026-09-18T23:34:01Z</time></trkpt><trkpt lat="37.60639953613281" lon="127.07235717773438"><ele>15.0</ele><time>2026-09-18T23:34:02Z</time></trkpt><trkpt lat="37.606380462646484" lon="127.0723648071289"><ele>14.800000190734863</ele><time>2026-09-18T23:34:03Z</time></trkpt><trkpt lat="37.60635757446289" lon="127.07237243652344"><ele>14.800000190734863</ele><time>2026-09-18T23:34:04Z</time></trkpt><trkpt lat="37.60633850097656" lon="127.07237243652344"><ele>14.800000190734863</ele><time>2026-09-18T23:34:05Z</time></trkpt><trkpt lat="37.606319427490234" lon="127.07238006591797"><ele>14.800000190734863</ele><time>2026-09-18T23:34:06Z</time></trkpt><trkpt lat="37.60629653930664" lon="127.07238006591797"><ele>14.800000190734863</ele><time>2026-09-18T23:34:07Z</time></trkpt><trkpt lat="37.60628128051758" lon="127.0723876953125"><ele>14.800000190734863</ele><time>2026-09-18T23:34:08Z</time></trkpt><trkpt lat="37.60626220703125" lon="127.0723876953125"><ele>14.800000190734863</ele><time>2026-09-18T23:34:09Z</time></trkpt><trkpt lat="37.60624313354492" lon="127.0723876953125"><ele>14.800000190734863</ele><time>2026-09-18T23:34:10Z</time></trkpt><trkpt lat="37.60622787475586" lon="127.07239532470703"><ele>14.800000190734863</ele><time>2026-09-18T23:34:11Z</time></trkpt><trkpt lat="37.60620880126953" lon="127.07239532470703"><ele>14.800000190734863</ele><time>2026-09-18T23:34:12Z</time></trkpt><trkpt lat="37.606197357177734" lon="127.0724105834961"><ele>14.800000190734863</ele><time>2026-09-18T23:34:13Z</time></trkpt><trkpt lat="37.606170654296875" lon="127.07241821289062"><ele>14.800000190734863</ele><time>2026-09-18T23:34:14Z</time></trkpt><trkpt lat="37.60615158081055" lon="127.07242584228516"><ele>14.800000190734863</ele><time>2026-09-18T23:34:15Z</time></trkpt><trkpt lat="37.60613250732422" lon="127.07242584228516"><ele>14.600000381469727</ele><time>2026-09-18T23:34:16Z</time></trkpt><trkpt lat="37.606109619140625" lon="127.07243347167969"><ele>14.600000381469727</ele><time>2026-09-18T23:34:17Z</time></trkpt><trkpt lat="37.60609436035156" lon="127.07244873046875"><ele>14.600000381469727</ele><time>2026-09-18T23:34:18Z</time></trkpt><trkpt lat="37.6060676574707" lon="127.07244873046875"><ele>14.600000381469727</ele><time>2026-09-18T23:34:19Z</time></trkpt><trkpt lat="37.60605239868164" lon="127.07245635986328"><ele>14.600000381469727</ele><time>2026-09-18T23:34:20Z</time></trkpt><trkpt lat="37.60602569580078" lon="127.07245635986328"><ele>14.600000381469727</ele><time>2026-09-18T23:34:21Z</time></trkpt><trkpt lat="37.60600280761719" lon="127.07246398925781"><ele>14.600000381469727</ele><time>2026-09-18T23:34:22Z</time></trkpt><trkpt lat="37.605987548828125" lon="127.07247924804688"><ele>14.600000381469727</ele><time>2026-09-18T23:34:23Z</time></trkpt><trkpt lat="37.60596466064453" lon="127.0724868774414"><ele>14.600000381469727</ele><time>2026-09-18T23:34:24Z</time></trkpt><trkpt lat="37.60594940185547" lon="127.0724868774414"><ele>14.600000381469727</ele><time>2026-09-18T23:34:25Z</time></trkpt><trkpt lat="37.60592269897461" lon="127.0724868774414"><ele>14.600000381469727</ele><time>2026-09-18T23:34:26Z</time></trkpt><trkpt lat="37.60591125488281" lon="127.0724868774414"><ele>14.600000381469727</ele><time>2026-09-18T23:34:27Z</time></trkpt><trkpt lat="37.60588836669922" lon="127.07249450683594"><ele>14.600000381469727</ele><time>2026-09-18T23:34:28Z</time></trkpt><trkpt lat="37.60586929321289" lon="127.07250213623047"><ele>14.600000381469727</ele><time>2026-09-18T23:34:29Z</time></trkpt><trkpt lat="37.60585021972656" lon="127.072509765625"><ele>14.600000381469727</ele><time>2026-09-18T23:34:30Z</time></trkpt><trkpt lat="37.60582733154297" lon="127.072509765625"><ele>14.600000381469727</ele><time>2026-09-18T23:34:31Z</time></trkpt><trkpt lat="37.60580825805664" lon="127.07251739501953"><ele>14.399999618530273</ele><time>2026-09-18T23:34:32Z</time></trkpt><trkpt lat="37.60578155517578" lon="127.07252502441406"><ele>14.399999618530273</ele><time>2026-09-18T23:34:33Z</time></trkpt><trkpt lat="37.60576248168945" lon="127.07252502441406"><ele>14.399999618530273</ele><time>2026-09-18T23:34:34Z</time></trkpt><trkpt lat="37.60573959350586" lon="127.0725326538086"><ele>14.399999618530273</ele><time>2026-09-18T23:34:35Z</time></trkpt><trkpt lat="37.60572052001953" lon="127.0725326538086"><ele>14.399999618530273</ele><time>2026-09-18T23:34:36Z</time></trkpt><trkpt lat="37.6057014465332" lon="127.07254028320312"><ele>14.399999618530273</ele><time>2026-09-18T23:34:37Z</time></trkpt><trkpt lat="37.60567855834961" lon="127.07254791259766"><ele>14.399999618530273</ele><time>2026-09-18T23:34:38Z</time></trkpt><trkpt lat="37.60565948486328" lon="127.07254791259766"><ele>14.399999618530273</ele><time>2026-09-18T23:34:39Z</time></trkpt><trkpt lat="37.60563659667969" lon="127.07254791259766"><ele>14.399999618530273</ele><time>2026-09-18T23:34:40Z</time></trkpt><trkpt lat="37.605621337890625" lon="127.07255554199219"><ele>14.399999618530273</ele><time>2026-09-18T23:34:41Z</time></trkpt><trkpt lat="37.60559844970703" lon="127.07256317138672"><ele>14.399999618530273</ele><time>2026-09-18T23:34:42Z</time></trkpt><trkpt lat="37.6055793762207" lon="127.07256317138672"><ele>14.399999618530273</ele><time>2026-09-18T23:34:43Z</time></trkpt><trkpt lat="37.605560302734375" lon="127.07257080078125"><ele>14.399999618530273</ele><time>2026-09-18T23:34:44Z</time></trkpt><trkpt lat="37.60553741455078" lon="127.07257080078125"><ele>14.399999618530273</ele><time>2026-09-18T23:34:45Z</time></trkpt><trkpt lat="37.60552215576172" lon="127.07257843017578"><ele>14.399999618530273</ele><time>2026-09-18T23:34:46Z</time></trkpt><trkpt lat="37.60549545288086" lon="127.07257843017578"><ele>14.399999618530273</ele><time>2026-09-18T23:34:47Z</time></trkpt><trkpt lat="37.60548400878906" lon="127.07257843017578"><ele>14.399999618530273</ele><time>2026-09-18T23:34:48Z</time></trkpt><trkpt lat="37.60546112060547" lon="127.07257843017578"><ele>14.399999618530273</ele><time>2026-09-18T23:34:49Z</time></trkpt><trkpt lat="37.605438232421875" lon="127.07258605957031"><ele>14.399999618530273</ele><time>2026-09-18T23:34:50Z</time></trkpt><trkpt lat="37.60542297363281" lon="127.07259368896484"><ele>14.399999618530273</ele><time>2026-09-18T23:34:51Z</time></trkpt><trkpt lat="37.60540008544922" lon="127.07260131835938"><ele>14.399999618530273</ele><time>2026-09-18T23:34:52Z</time></trkpt><trkpt lat="37.605384826660156" lon="127.0726089477539"><ele>14.399999618530273</ele><time>2026-09-18T23:34:53Z</time></trkpt><trkpt lat="37.6053581237793" lon="127.07261657714844"><ele>14.399999618530273</ele><time>2026-09-18T23:34:54Z</time></trkpt><trkpt lat="37.605342864990234" lon="127.07262420654297"><ele>14.399999618530273</ele><time>2026-09-18T23:34:55Z</time></trkpt><trkpt lat="37.60531997680664" lon="127.0726318359375"><ele>14.399999618530273</ele><time>2026-09-18T23:34:56Z</time></trkpt><trkpt lat="37.60529708862305" lon="127.0726318359375"><ele>14.399999618530273</ele><time>2026-09-18T23:34:57Z</time></trkpt><trkpt lat="37.60527801513672" lon="127.07263946533203"><ele>14.600000381469727</ele><time>2026-09-18T23:34:58Z</time></trkpt><trkpt lat="37.60525894165039" lon="127.07263946533203"><ele>14.600000381469727</ele><time>2026-09-18T23:34:59Z</time></trkpt><trkpt lat="37.60523986816406" lon="127.07264709472656"><ele>14.600000381469727</ele><time>2026-09-18T23:35:00Z</time></trkpt><trkpt lat="37.6052131652832" lon="127.0726547241211"><ele>14.600000381469727</ele><time>2026-09-18T23:35:01Z</time></trkpt><trkpt lat="37.605194091796875" lon="127.07266235351562"><ele>14.600000381469727</ele><time>2026-09-18T23:35:02Z</time></trkpt><trkpt lat="37.605167388916016" lon="127.07266235351562"><ele>14.600000381469727</ele><time>2026-09-18T23:35:03Z</time></trkpt><trkpt lat="37.60514831542969" lon="127.07266998291016"><ele>14.600000381469727</ele><time>2026-09-18T23:35:04Z</time></trkpt><trkpt lat="37.605125427246094" lon="127.07267761230469"><ele>14.600000381469727</ele><time>2026-09-18T23:35:05Z</time></trkpt><trkpt lat="37.6051025390625" lon="127.07267761230469"><ele>14.800000190734863</ele><time>2026-09-18T23:35:06Z</time></trkpt><trkpt lat="37.605079650878906" lon="127.07268524169922"><ele>14.800000190734863</ele><time>2026-09-18T23:35:07Z</time></trkpt><trkpt lat="37.60506057739258" lon="127.07267761230469"><ele>14.600000381469727</ele><time>2026-09-18T23:35:08Z</time></trkpt><trkpt lat="37.60504150390625" lon="127.07268524169922"><ele>14.600000381469727</ele><time>2026-09-18T23:35:09Z</time></trkpt><trkpt lat="37.605018615722656" lon="127.07267761230469"><ele>14.600000381469727</ele><time>2026-09-18T23:35:10Z</time></trkpt><trkpt lat="37.60499954223633" lon="127.07268524169922"><ele>14.600000381469727</ele><time>2026-09-18T23:35:11Z</time></trkpt><trkpt lat="37.60497283935547" lon="127.07268524169922"><ele>14.600000381469727</ele><time>2026-09-18T23:35:12Z</time></trkpt><trkpt lat="37.60495376586914" lon="127.07269287109375"><ele>14.600000381469727</ele><time>2026-09-18T23:35:13Z</time></trkpt><trkpt lat="37.60493087768555" lon="127.07270050048828"><ele>14.600000381469727</ele><time>2026-09-18T23:35:14Z</time></trkpt><trkpt lat="37.60490798950195" lon="127.07270050048828"><ele>14.600000381469727</ele><time>2026-09-18T23:35:15Z</time></trkpt><trkpt lat="37.604888916015625" lon="127.07270812988281"><ele>14.600000381469727</ele><time>2026-09-18T23:35:16Z</time></trkpt><trkpt lat="37.60486602783203" lon="127.07271575927734"><ele>14.600000381469727</ele><time>2026-09-18T23:35:17Z</time></trkpt><trkpt lat="37.60485076904297" lon="127.07272338867188"><ele>14.600000381469727</ele><time>2026-09-18T23:35:18Z</time></trkpt><trkpt lat="37.604827880859375" lon="127.0727310180664"><ele>14.600000381469727</ele><time>2026-09-18T23:35:19Z</time></trkpt><trkpt lat="37.60480880737305" lon="127.0727310180664"><ele>14.600000381469727</ele><time>2026-09-18T23:35:20Z</time></trkpt><trkpt lat="37.60478591918945" lon="127.07273864746094"><ele>14.600000381469727</ele><time>2026-09-18T23:35:21Z</time></trkpt><trkpt lat="37.604766845703125" lon="127.07273864746094"><ele>14.399999618530273</ele><time>2026-09-18T23:35:22Z</time></trkpt><trkpt lat="37.6047477722168" lon="127.07274627685547"><ele>14.399999618530273</ele><time>2026-09-18T23:35:23Z</time></trkpt><trkpt lat="37.6047248840332" lon="127.07274627685547"><ele>14.399999618530273</ele><time>2026-09-18T23:35:24Z</time></trkpt><trkpt lat="37.60470962524414" lon="127.07276153564453"><ele>14.399999618530273</ele><time>2026-09-18T23:35:25Z</time></trkpt><trkpt lat="37.60468292236328" lon="127.07276153564453"><ele>14.399999618530273</ele><time>2026-09-18T23:35:26Z</time></trkpt><trkpt lat="37.60466384887695" lon="127.07276916503906"><ele>14.399999618530273</ele><time>2026-09-18T23:35:27Z</time></trkpt><trkpt lat="37.604644775390625" lon="127.07276916503906"><ele>14.399999618530273</ele><time>2026-09-18T23:35:28Z</time></trkpt><trkpt lat="37.60462188720703" lon="127.07276916503906"><ele>14.399999618530273</ele><time>2026-09-18T23:35:29Z</time></trkpt><trkpt lat="37.60460662841797" lon="127.0727767944336"><ele>14.399999618530273</ele><time>2026-09-18T23:35:30Z</time></trkpt><trkpt lat="37.60457992553711" lon="127.07278442382812"><ele>14.399999618530273</ele><time>2026-09-18T23:35:31Z</time></trkpt><trkpt lat="37.60456466674805" lon="127.07279205322266"><ele>14.399999618530273</ele><time>2026-09-18T23:35:32Z</time></trkpt><trkpt lat="37.60454177856445" lon="127.07279205322266"><ele>14.399999618530273</ele><time>2026-09-18T23:35:33Z</time></trkpt><trkpt lat="37.604522705078125" lon="127.07279205322266"><ele>14.399999618530273</ele><time>2026-09-18T23:35:34Z</time></trkpt><trkpt lat="37.6045036315918" lon="127.07280731201172"><ele>14.199999809265137</ele><time>2026-09-18T23:35:35Z</time></trkpt><trkpt lat="37.6044807434082" lon="127.07280731201172"><ele>14.199999809265137</ele><time>2026-09-18T23:35:36Z</time></trkpt><trkpt lat="37.604461669921875" lon="127.07281494140625"><ele>14.199999809265137</ele><time>2026-09-18T23:35:37Z</time></trkpt><trkpt lat="37.60444259643555" lon="127.07281494140625"><ele>14.199999809265137</ele><time>2026-09-18T23:35:38Z</time></trkpt><trkpt lat="37.60441970825195" lon="127.07282257080078"><ele>14.199999809265137</ele><time>2026-09-18T23:35:39Z</time></trkpt><trkpt lat="37.604400634765625" lon="127.07283020019531"><ele>14.199999809265137</ele><time>2026-09-18T23:35:40Z</time></trkpt><trkpt lat="37.60437774658203" lon="127.07282257080078"><ele>14.199999809265137</ele><time>2026-09-18T23:35:41Z</time></trkpt><trkpt lat="37.6043586730957" lon="127.07283020019531"><ele>14.199999809265137</ele><time>2026-09-18T23:35:42Z</time></trkpt><trkpt lat="37.604331970214844" lon="127.07283782958984"><ele>14.199999809265137</ele><time>2026-09-18T23:35:43Z</time></trkpt><trkpt lat="37.60431671142578" lon="127.07283782958984"><ele>14.199999809265137</ele><time>2026-09-18T23:35:44Z</time></trkpt><trkpt lat="37.60429763793945" lon="127.07283782958984"><ele>14.199999809265137</ele><time>2026-09-18T23:35:45Z</time></trkpt><trkpt lat="37.60427474975586" lon="127.07284545898438"><ele>14.0</ele><time>2026-09-18T23:35:46Z</time></trkpt><trkpt lat="37.60425567626953" lon="127.07284545898438"><ele>14.0</ele><time>2026-09-18T23:35:47Z</time></trkpt><trkpt lat="37.60422897338867" lon="127.07284545898438"><ele>14.0</ele><time>2026-09-18T23:35:48Z</time></trkpt><trkpt lat="37.60421371459961" lon="127.0728530883789"><ele>14.0</ele><time>2026-09-18T23:35:49Z</time></trkpt><trkpt lat="37.60418701171875" lon="127.07286071777344"><ele>14.0</ele><time>2026-09-18T23:35:50Z</time></trkpt><trkpt lat="37.60417175292969" lon="127.07286834716797"><ele>14.0</ele><time>2026-09-18T23:35:51Z</time></trkpt><trkpt lat="37.60414505004883" lon="127.0728759765625"><ele>14.199999809265137</ele><time>2026-09-18T23:35:52Z</time></trkpt><trkpt lat="37.6041259765625" lon="127.0728759765625"><ele>14.0</ele><time>2026-09-18T23:35:53Z</time></trkpt><trkpt lat="37.60410690307617" lon="127.07288360595703"><ele>14.0</ele><time>2026-09-18T23:35:54Z</time></trkpt><trkpt lat="37.604087829589844" lon="127.07288360595703"><ele>14.0</ele><time>2026-09-18T23:35:55Z</time></trkpt><trkpt lat="37.60407257080078" lon="127.07289123535156"><ele>14.199999809265137</ele><time>2026-09-18T23:35:56Z</time></trkpt><trkpt lat="37.60404968261719" lon="127.07289123535156"><ele>14.0</ele><time>2026-09-18T23:35:57Z</time></trkpt><trkpt lat="37.60403060913086" lon="127.0728988647461"><ele>14.0</ele><time>2026-09-18T23:35:58Z</time></trkpt><trkpt lat="37.60401153564453" lon="127.07290649414062"><ele>14.199999809265137</ele><time>2026-09-18T23:35:59Z</time></trkpt><trkpt lat="37.6039924621582" lon="127.07290649414062"><ele>14.199999809265137</ele><time>2026-09-18T23:36:00Z</time></trkpt><trkpt lat="37.60397720336914" lon="127.07290649414062"><ele>14.199999809265137</ele><time>2026-09-18T23:36:01Z</time></trkpt><trkpt lat="37.60395050048828" lon="127.07291412353516"><ele>14.199999809265137</ele><time>2026-09-18T23:36:02Z</time></trkpt><trkpt lat="37.603939056396484" lon="127.07291412353516"><ele>14.199999809265137</ele><time>2026-09-18T23:36:03Z</time></trkpt><trkpt lat="37.60391616821289" lon="127.07292175292969"><ele>14.399999618530273</ele><time>2026-09-18T23:36:04Z</time></trkpt><trkpt lat="37.60389709472656" lon="127.07292175292969"><ele>14.399999618530273</ele><time>2026-09-18T23:36:05Z</time></trkpt><trkpt lat="37.6038818359375" lon="127.07292938232422"><ele>14.199999809265137</ele><time>2026-09-18T23:36:06Z</time></trkpt><trkpt lat="37.603858947753906" lon="127.07292938232422"><ele>14.199999809265137</ele><time>2026-09-18T23:36:07Z</time></trkpt><trkpt lat="37.603843688964844" lon="127.07293701171875"><ele>14.199999809265137</ele><time>2026-09-18T23:36:08Z</time></trkpt><trkpt lat="37.603816986083984" lon="127.07293701171875"><ele>14.199999809265137</ele><time>2026-09-18T23:36:09Z</time></trkpt><trkpt lat="37.603797912597656" lon="127.07294464111328"><ele>14.0</ele><time>2026-09-18T23:36:10Z</time></trkpt><trkpt lat="37.60377883911133" lon="127.07294464111328"><ele>14.0</ele><time>2026-09-18T23:36:11Z</time></trkpt><trkpt lat="37.603755950927734" lon="127.07295227050781"><ele>14.0</ele><time>2026-09-18T23:36:12Z</time></trkpt><trkpt lat="37.603736877441406" lon="127.07295227050781"><ele>13.800000190734863</ele><time>2026-09-18T23:36:13Z</time></trkpt><trkpt lat="37.60371398925781" lon="127.07295989990234"><ele>13.800000190734863</ele><time>2026-09-18T23:36:14Z</time></trkpt><trkpt lat="37.60369873046875" lon="127.07295989990234"><ele>13.600000381469727</ele><time>2026-09-18T23:36:15Z</time></trkpt><trkpt lat="37.60368347167969" lon="127.0729751586914"><ele>13.600000381469727</ele><time>2026-09-18T23:36:16Z</time></trkpt><trkpt lat="37.603660583496094" lon="127.0729751586914"><ele>13.600000381469727</ele><time>2026-09-18T23:36:17Z</time></trkpt><trkpt lat="37.60364532470703" lon="127.07298278808594"><ele>13.600000381469727</ele><time>2026-09-18T23:36:18Z</time></trkpt><trkpt lat="37.60362243652344" lon="127.07298278808594"><ele>13.600000381469727</ele><time>2026-09-18T23:36:19Z</time></trkpt><trkpt lat="37.60360336303711" lon="127.07298278808594"><ele>13.600000381469727</ele><time>2026-09-18T23:36:20Z</time></trkpt><trkpt lat="37.60358428955078" lon="127.07299041748047"><ele>13.600000381469727</ele><time>2026-09-18T23:36:21Z</time></trkpt><trkpt lat="37.60356140136719" lon="127.07299041748047"><ele>13.800000190734863</ele><time>2026-09-18T23:36:22Z</time></trkpt><trkpt lat="37.60354232788086" lon="127.072998046875"><ele>13.800000190734863</ele><time>2026-09-18T23:36:23Z</time></trkpt><trkpt lat="37.60352325439453" lon="127.072998046875"><ele>13.800000190734863</ele><time>2026-09-18T23:36:24Z</time></trkpt><trkpt lat="37.60350799560547" lon="127.072998046875"><ele>13.800000190734863</ele><time>2026-09-18T23:36:25Z</time></trkpt><trkpt lat="37.603492736816406" lon="127.07300567626953"><ele>13.800000190734863</ele><time>2026-09-18T23:36:26Z</time></trkpt><trkpt lat="37.60347366333008" lon="127.07300567626953"><ele>13.800000190734863</ele><time>2026-09-18T23:36:27Z</time></trkpt><trkpt lat="37.603458404541016" lon="127.07301330566406"><ele>13.800000190734863</ele><time>2026-09-18T23:36:28Z</time></trkpt><trkpt lat="37.60343933105469" lon="127.0730209350586"><ele>14.0</ele><time>2026-09-18T23:36:29Z</time></trkpt><trkpt lat="37.603424072265625" lon="127.07301330566406"><ele>14.0</ele><time>2026-09-18T23:36:30Z</time></trkpt><trkpt lat="37.60340881347656" lon="127.07301330566406"><ele>14.0</ele><time>2026-09-18T23:36:31Z</time></trkpt><trkpt lat="37.603397369384766" lon="127.0730209350586"><ele>14.199999809265137</ele><time>2026-09-18T23:36:32Z</time></trkpt><trkpt lat="37.60338592529297" lon="127.0730209350586"><ele>14.199999809265137</ele><time>2026-09-18T23:36:33Z</time></trkpt><trkpt lat="37.60337448120117" lon="127.0730209350586"><ele>14.199999809265137</ele><time>2026-09-18T23:36:34Z</time></trkpt><trkpt lat="37.60336685180664" lon="127.0730209350586"><ele>14.0</ele><time>2026-09-18T23:36:35Z</time></trkpt><trkpt lat="37.603355407714844" lon="127.07303619384766"><ele>14.0</ele><time>2026-09-18T23:36:36Z</time></trkpt><trkpt lat="37.60334777832031" lon="127.07303619384766"><ele>14.0</ele><time>2026-09-18T23:36:37Z</time></trkpt><trkpt lat="37.603336334228516" lon="127.07304382324219"><ele>13.800000190734863</ele><time>2026-09-18T23:36:38Z</time></trkpt><trkpt lat="37.60332489013672" lon="127.07304382324219"><ele>13.800000190734863</ele><time>2026-09-18T23:36:39Z</time></trkpt><trkpt lat="37.60331344604492" lon="127.07304382324219"><ele>13.800000190734863</ele><time>2026-09-18T23:36:40Z</time></trkpt><trkpt lat="37.603302001953125" lon="127.07305145263672"><ele>13.800000190734863</ele><time>2026-09-18T23:36:41Z</time></trkpt><trkpt lat="37.60328674316406" lon="127.07305145263672"><ele>13.800000190734863</ele><time>2026-09-18T23:36:42Z</time></trkpt><trkpt lat="37.60327911376953" lon="127.07305145263672"><ele>13.800000190734863</ele><time>2026-09-18T23:36:43Z</time></trkpt><trkpt lat="37.603271484375" lon="127.07305145263672"><ele>14.0</ele><time>2026-09-18T23:36:44Z</time></trkpt><trkpt lat="37.603271484375" lon="127.07304382324219"><ele>14.0</ele><time>2026-09-18T23:36:45Z</time></trkpt><trkpt lat="37.603271484375" lon="127.07304382324219"><ele>14.0</ele><time>2026-09-18T23:36:46Z</time></trkpt><trkpt lat="37.603271484375" lon="127.07304382324219"><ele>14.199999809265137</ele><time>2026-09-18T23:36:47Z</time></trkpt><trkpt lat="37.603271484375" lon="127.07304382324219"><ele>14.199999809265137</ele><time>2026-09-18T23:36:48Z</time></trkpt><trkpt lat="37.603271484375" lon="127.07304382324219"><ele>14.199999809265137</ele><time>2026-09-18T23:36:49Z</time></trkpt><trkpt lat="37.60326385498047" lon="127.07305145263672"><ele>14.0</ele><time>2026-09-18T23:36:50Z</time></trkpt><trkpt lat="37.60325622558594" lon="127.07305908203125"><ele>14.0</ele><time>2026-09-18T23:36:51Z</time></trkpt><trkpt lat="37.603248596191406" lon="127.07305908203125"><ele>14.0</ele><time>2026-09-18T23:36:52Z</time></trkpt><trkpt lat="37.60323715209961" lon="127.07306671142578"><ele>13.800000190734863</ele><time>2026-09-18T23:36:53Z</time></trkpt><trkpt lat="37.60322570800781" lon="127.07306671142578"><ele>13.800000190734863</ele><time>2026-09-18T23:36:54Z</time></trkpt><trkpt lat="37.60321044921875" lon="127.07307434082031"><ele>14.0</ele><time>2026-09-18T23:36:55Z</time></trkpt><trkpt lat="37.60319900512695" lon="127.07307434082031"><ele>14.0</ele><time>2026-09-18T23:36:56Z</time></trkpt><trkpt lat="37.60318374633789" lon="127.07308197021484"><ele>14.0</ele><time>2026-09-18T23:36:57Z</time></trkpt><trkpt lat="37.60317611694336" lon="127.07308197021484"><ele>14.0</ele><time>2026-09-18T23:36:58Z</time></trkpt><trkpt lat="37.60316467285156" lon="127.07308959960938"><ele>14.0</ele><time>2026-09-18T23:36:59Z</time></trkpt><trkpt lat="37.603153228759766" lon="127.0730972290039"><ele>14.199999809265137</ele><time>2026-09-18T23:37:00Z</time></trkpt><trkpt lat="37.60314178466797" lon="127.07310485839844"><ele>14.199999809265137</ele><time>2026-09-18T23:37:01Z</time></trkpt><trkpt lat="37.60313034057617" lon="127.07311248779297"><ele>14.199999809265137</ele><time>2026-09-18T23:37:02Z</time></trkpt><trkpt lat="37.603118896484375" lon="127.07311248779297"><ele>14.199999809265137</ele><time>2026-09-18T23:37:03Z</time></trkpt><trkpt lat="37.60310745239258" lon="127.0731201171875"><ele>14.199999809265137</ele><time>2026-09-18T23:37:04Z</time></trkpt><trkpt lat="37.60309600830078" lon="127.07312774658203"><ele>14.199999809265137</ele><time>2026-09-18T23:37:05Z</time></trkpt><trkpt lat="37.60308837890625" lon="127.07313537597656"><ele>14.199999809265137</ele><time>2026-09-18T23:37:06Z</time></trkpt><trkpt lat="37.60308074951172" lon="127.07313537597656"><ele>14.0</ele><time>2026-09-18T23:37:07Z</time></trkpt><trkpt lat="37.60306930541992" lon="127.0731430053711"><ele>14.0</ele><time>2026-09-18T23:37:08Z</time></trkpt><trkpt lat="37.60305404663086" lon="127.0731430053711"><ele>14.0</ele><time>2026-09-18T23:37:09Z</time></trkpt><trkpt lat="37.6030387878418" lon="127.07315063476562"><ele>14.0</ele><time>2026-09-18T23:37:10Z</time></trkpt><trkpt lat="37.603023529052734" lon="127.07315063476562"><ele>14.0</ele><time>2026-09-18T23:37:11Z</time></trkpt><trkpt lat="37.60301208496094" lon="127.07315063476562"><ele>14.0</ele><time>2026-09-18T23:37:12Z</time></trkpt><trkpt lat="37.602996826171875" lon="127.07315063476562"><ele>14.0</ele><time>2026-09-18T23:37:13Z</time></trkpt><trkpt lat="37.60298538208008" lon="127.07315063476562"><ele>14.0</ele><time>2026-09-18T23:37:14Z</time></trkpt><trkpt lat="37.60297393798828" lon="127.07315063476562"><ele>14.0</ele><time>2026-09-18T23:37:15Z</time></trkpt><trkpt lat="37.602962493896484" lon="127.07315063476562"><ele>14.0</ele><time>2026-09-18T23:37:16Z</time></trkpt><trkpt lat="37.60295486450195" lon="127.07315826416016"><ele>14.199999809265137</ele><time>2026-09-18T23:37:17Z</time></trkpt><trkpt lat="37.602943420410156" lon="127.07315063476562"><ele>14.199999809265137</ele><time>2026-09-18T23:37:18Z</time></trkpt><trkpt lat="37.60293197631836" lon="127.07315063476562"><ele>14.199999809265137</ele><time>2026-09-18T23:37:19Z</time></trkpt><trkpt lat="37.60292053222656" lon="127.07315063476562"><ele>14.199999809265137</ele><time>2026-09-18T23:37:20Z</time></trkpt><trkpt lat="37.602909088134766" lon="127.07315826416016"><ele>14.199999809265137</ele><time>2026-09-18T23:37:21Z</time></trkpt><trkpt lat="37.6028938293457" lon="127.07315826416016"><ele>14.0</ele><time>2026-09-18T23:37:22Z</time></trkpt><trkpt lat="37.602882385253906" lon="127.07315826416016"><ele>14.0</ele><time>2026-09-18T23:37:23Z</time></trkpt><trkpt lat="37.602867126464844" lon="127.07315826416016"><ele>14.0</ele><time>2026-09-18T23:37:24Z</time></trkpt><trkpt lat="37.60285186767578" lon="127.07315826416016"><ele>14.0</ele><time>2026-09-18T23:37:25Z</time></trkpt><trkpt lat="37.602840423583984" lon="127.07315826416016"><ele>14.0</ele><time>2026-09-18T23:37:26Z</time></trkpt><trkpt lat="37.60282516479492" lon="127.07315826416016"><ele>14.0</ele><time>2026-09-18T23:37:27Z</time></trkpt><trkpt lat="37.602813720703125" lon="127.07315826416016"><ele>14.0</ele><time>2026-09-18T23:37:28Z</time></trkpt><trkpt lat="37.60280227661133" lon="127.07315826416016"><ele>14.0</ele><time>2026-09-18T23:37:29Z</time></trkpt><trkpt lat="37.602787017822266" lon="127.07315063476562"><ele>14.0</ele><time>2026-09-18T23:37:30Z</time></trkpt><trkpt lat="37.60277557373047" lon="127.07315063476562"><ele>14.0</ele><time>2026-09-18T23:37:31Z</time></trkpt><trkpt lat="37.60276412963867" lon="127.07315063476562"><ele>14.0</ele><time>2026-09-18T23:37:32Z</time></trkpt><trkpt lat="37.602752685546875" lon="127.07315063476562"><ele>14.0</ele><time>2026-09-18T23:37:33Z</time></trkpt><trkpt lat="37.60274124145508" lon="127.07315063476562"><ele>14.0</ele><time>2026-09-18T23:37:34Z</time></trkpt><trkpt lat="37.60272979736328" lon="127.07315063476562"><ele>14.0</ele><time>2026-09-18T23:37:35Z</time></trkpt><trkpt lat="37.602718353271484" lon="127.07315063476562"><ele>14.0</ele><time>2026-09-18T23:37:36Z</time></trkpt><trkpt lat="37.60270309448242" lon="127.07315063476562"><ele>14.0</ele><time>2026-09-18T23:37:37Z</time></trkpt><trkpt lat="37.602691650390625" lon="127.07315063476562"><ele>14.0</ele><time>2026-09-18T23:37:38Z</time></trkpt><trkpt lat="37.602684020996094" lon="127.0731430053711"><ele>14.0</ele><time>2026-09-18T23:37:39Z</time></trkpt><trkpt lat="37.60266876220703" lon="127.07315063476562"><ele>14.0</ele><time>2026-09-18T23:37:40Z</time></trkpt><trkpt lat="37.602657318115234" lon="127.07315063476562"><ele>14.0</ele><time>2026-09-18T23:37:41Z</time></trkpt><trkpt lat="37.60264587402344" lon="127.07315063476562"><ele>14.0</ele><time>2026-09-18T23:37:42Z</time></trkpt><trkpt lat="37.602638244628906" lon="127.07315063476562"><ele>14.0</ele><time>2026-09-18T23:37:43Z</time></trkpt><trkpt lat="37.602622985839844" lon="127.07315063476562"><ele>14.0</ele><time>2026-09-18T23:37:44Z</time></trkpt><trkpt lat="37.60261535644531" lon="127.07315063476562"><ele>14.199999809265137</ele><time>2026-09-18T23:37:45Z</time></trkpt><trkpt lat="37.602603912353516" lon="127.07315063476562"><ele>14.199999809265137</ele><time>2026-09-18T23:37:46Z</time></trkpt><trkpt lat="37.602596282958984" lon="127.07315063476562"><ele>14.0</ele><time>2026-09-18T23:37:47Z</time></trkpt><trkpt lat="37.60258483886719" lon="127.07315063476562"><ele>14.0</ele><time>2026-09-18T23:37:48Z</time></trkpt><trkpt lat="37.60257339477539" lon="127.07315063476562"><ele>13.800000190734863</ele><time>2026-09-18T23:37:49Z</time></trkpt><trkpt lat="37.602561950683594" lon="127.07315063476562"><ele>13.800000190734863</ele><time>2026-09-18T23:37:50Z</time></trkpt><trkpt lat="37.60255432128906" lon="127.07315063476562"><ele>13.600000381469727</ele><time>2026-09-18T23:37:51Z</time></trkpt><trkpt lat="37.6025390625" lon="127.07315063476562"><ele>13.600000381469727</ele><time>2026-09-18T23:37:52Z</time></trkpt><trkpt lat="37.6025276184082" lon="127.0731430053711"><ele>13.600000381469727</ele><time>2026-09-18T23:37:53Z</time></trkpt><trkpt lat="37.602508544921875" lon="127.0731430053711"><ele>13.600000381469727</ele><time>2026-09-18T23:37:54Z</time></trkpt><trkpt lat="37.60249710083008" lon="127.0731430053711"><ele>13.600000381469727</ele><time>2026-09-18T23:37:55Z</time></trkpt><trkpt lat="37.602481842041016" lon="127.0731430053711"><ele>13.600000381469727</ele><time>2026-09-18T23:37:56Z</time></trkpt><trkpt lat="37.60247039794922" lon="127.0731430053711"><ele>13.600000381469727</ele><time>2026-09-18T23:37:57Z</time></trkpt><trkpt lat="37.602455139160156" lon="127.0731430053711"><ele>13.600000381469727</ele><time>2026-09-18T23:37:58Z</time></trkpt><trkpt lat="37.602447509765625" lon="127.07315063476562"><ele>13.600000381469727</ele><time>2026-09-18T23:37:59Z</time></trkpt><trkpt lat="37.602439880371094" lon="127.07315063476562"><ele>13.600000381469727</ele><time>2026-09-18T23:38:00Z</time></trkpt><trkpt lat="37.60243606567383" lon="127.07315063476562"><ele>13.600000381469727</ele><time>2026-09-18T23:38:01Z</time></trkpt><trkpt lat="37.60243225097656" lon="127.0731430053711"><ele>13.600000381469727</ele><time>2026-09-18T23:38:02Z</time></trkpt><trkpt lat="37.602420806884766" lon="127.0731430053711"><ele>13.600000381469727</ele><time>2026-09-18T23:38:03Z</time></trkpt><trkpt lat="37.602413177490234" lon="127.07313537597656"><ele>13.600000381469727</ele><time>2026-09-18T23:38:04Z</time></trkpt><trkpt lat="37.6024055480957" lon="127.07313537597656"><ele>13.600000381469727</ele><time>2026-09-18T23:38:05Z</time></trkpt><trkpt lat="37.60239028930664" lon="127.0731430053711"><ele>13.600000381469727</ele><time>2026-09-18T23:38:06Z</time></trkpt><trkpt lat="37.602378845214844" lon="127.0731430053711"><ele>13.600000381469727</ele><time>2026-09-18T23:38:07Z</time></trkpt><trkpt lat="37.60236740112305" lon="127.0731430053711"><ele>13.600000381469727</ele><time>2026-09-18T23:38:08Z</time></trkpt><trkpt lat="37.602352142333984" lon="127.0731430053711"><ele>13.600000381469727</ele><time>2026-09-18T23:38:09Z</time></trkpt><trkpt lat="37.60233688354492" lon="127.0731430053711"><ele>13.600000381469727</ele><time>2026-09-18T23:38:10Z</time></trkpt><trkpt lat="37.602325439453125" lon="127.0731430053711"><ele>13.600000381469727</ele><time>2026-09-18T23:38:11Z</time></trkpt><trkpt lat="37.60231399536133" lon="127.0731430053711"><ele>13.600000381469727</ele><time>2026-09-18T23:38:12Z</time></trkpt><trkpt lat="37.60230255126953" lon="127.0731430053711"><ele>13.800000190734863</ele><time>2026-09-18T23:38:13Z</time></trkpt><trkpt lat="37.602294921875" lon="127.0731430053711"><ele>13.800000190734863</ele><time>2026-09-18T23:38:14Z</time></trkpt><trkpt lat="37.6022834777832" lon="127.0731430053711"><ele>14.0</ele><time>2026-09-18T23:38:15Z</time></trkpt><trkpt lat="37.6022834777832" lon="127.0731430053711"><ele>14.0</ele><time>2026-09-18T23:38:16Z</time></trkpt><trkpt lat="37.6022834777832" lon="127.0731430053711"><ele>14.199999809265137</ele><time>2026-09-18T23:38:17Z</time></trkpt><trkpt lat="37.6022834777832" lon="127.0731430053711"><ele>14.199999809265137</ele><time>2026-09-18T23:38:18Z</time></trkpt><trkpt lat="37.6022834777832" lon="127.0731430053711"><ele>14.399999618530273</ele><time>2026-09-18T23:38:19Z</time></trkpt><trkpt lat="37.6022834777832" lon="127.0731430053711"><ele>14.399999618530273</ele><time>2026-09-18T23:38:20Z</time></trkpt><trkpt lat="37.6022834777832" lon="127.0731430053711"><ele>14.399999618530273</ele><time>2026-09-18T23:38:21Z</time></trkpt><trkpt lat="37.602272033691406" lon="127.0731430053711"><ele>14.199999809265137</ele><time>2026-09-18T23:38:22Z</time></trkpt><trkpt lat="37.60226058959961" lon="127.0731430053711"><ele>14.199999809265137</ele><time>2026-09-18T23:38:23Z</time></trkpt><trkpt lat="37.60224914550781" lon="127.0731430053711"><ele>14.199999809265137</ele><time>2026-09-18T23:38:24Z</time></trkpt><trkpt lat="37.602237701416016" lon="127.0731430053711"><ele>14.199999809265137</ele><time>2026-09-18T23:38:25Z</time></trkpt><trkpt lat="37.60222625732422" lon="127.0731430053711"><ele>14.199999809265137</ele><time>2026-09-18T23:38:26Z</time></trkpt><trkpt lat="37.60221481323242" lon="127.0731430053711"><ele>14.199999809265137</ele><time>2026-09-18T23:38:27Z</time></trkpt><trkpt lat="37.602203369140625" lon="127.0731430053711"><ele>14.199999809265137</ele><time>2026-09-18T23:38:28Z</time></trkpt><trkpt lat="37.602195739746094" lon="127.0731430053711"><ele>14.199999809265137</ele><time>2026-09-18T23:38:29Z</time></trkpt><trkpt lat="37.6021842956543" lon="127.0731430053711"><ele>14.199999809265137</ele><time>2026-09-18T23:38:30Z</time></trkpt><trkpt lat="37.602176666259766" lon="127.07313537597656"><ele>14.199999809265137</ele><time>2026-09-18T23:38:31Z</time></trkpt><trkpt lat="37.602169036865234" lon="127.07313537597656"><ele>14.199999809265137</ele><time>2026-09-18T23:38:32Z</time></trkpt><trkpt lat="37.60215759277344" lon="127.07313537597656"><ele>14.199999809265137</ele><time>2026-09-18T23:38:33Z</time></trkpt><trkpt lat="37.60214614868164" lon="127.07313537597656"><ele>14.0</ele><time>2026-09-18T23:38:34Z</time></trkpt><trkpt lat="37.60213851928711" lon="127.07313537597656"><ele>14.0</ele><time>2026-09-18T23:38:35Z</time></trkpt><trkpt lat="37.60212707519531" lon="127.07313537597656"><ele>14.0</ele><time>2026-09-18T23:38:36Z</time></trkpt><trkpt lat="37.602115631103516" lon="127.07313537597656"><ele>14.0</ele><time>2026-09-18T23:38:37Z</time></trkpt><trkpt lat="37.60210418701172" lon="127.07313537597656"><ele>14.0</ele><time>2026-09-18T23:38:38Z</time></trkpt><trkpt lat="37.602088928222656" lon="127.07312774658203"><ele>14.0</ele><time>2026-09-18T23:38:39Z</time></trkpt><trkpt lat="37.60207748413086" lon="127.07312774658203"><ele>14.199999809265137</ele><time>2026-09-18T23:38:40Z</time></trkpt><trkpt lat="37.60206604003906" lon="127.07312774658203"><ele>14.199999809265137</ele><time>2026-09-18T23:38:41Z</time></trkpt><trkpt lat="37.602054595947266" lon="127.07312774658203"><ele>14.199999809265137</ele><time>2026-09-18T23:38:42Z</time></trkpt><trkpt lat="37.60204315185547" lon="127.07312774658203"><ele>14.199999809265137</ele><time>2026-09-18T23:38:43Z</time></trkpt><trkpt lat="37.602027893066406" lon="127.07312774658203"><ele>14.199999809265137</ele><time>2026-09-18T23:38:44Z</time></trkpt><trkpt lat="37.60201644897461" lon="127.07312774658203"><ele>14.199999809265137</ele><time>2026-09-18T23:38:45Z</time></trkpt><trkpt lat="37.60200119018555" lon="127.07312774658203"><ele>14.0</ele><time>2026-09-18T23:38:46Z</time></trkpt><trkpt lat="37.601985931396484" lon="127.07312774658203"><ele>13.800000190734863</ele><time>2026-09-18T23:38:47Z</time></trkpt><trkpt lat="37.601966857910156" lon="127.07312774658203"><ele>13.800000190734863</ele><time>2026-09-18T23:38:48Z</time></trkpt><trkpt lat="37.60195541381836" lon="127.07313537597656"><ele>13.800000190734863</ele><time>2026-09-18T23:38:49Z</time></trkpt><trkpt lat="37.60193634033203" lon="127.07313537597656"><ele>13.800000190734863</ele><time>2026-09-18T23:38:50Z</time></trkpt><trkpt lat="37.6019172668457" lon="127.07313537597656"><ele>14.0</ele><time>2026-09-18T23:38:51Z</time></trkpt><trkpt lat="37.601898193359375" lon="127.07313537597656"><ele>14.0</ele><time>2026-09-18T23:38:52Z</time></trkpt><trkpt lat="37.60187911987305" lon="127.0731430053711"><ele>14.199999809265137</ele><time>2026-09-18T23:38:53Z</time></trkpt><trkpt lat="37.60185623168945" lon="127.0731430053711"><ele>14.199999809265137</ele><time>2026-09-18T23:38:54Z</time></trkpt><trkpt lat="37.60183334350586" lon="127.0731430053711"><ele>14.199999809265137</ele><time>2026-09-18T23:38:55Z</time></trkpt><trkpt lat="37.601810455322266" lon="127.07315826416016"><ele>14.199999809265137</ele><time>2026-09-18T23:38:56Z</time></trkpt><trkpt lat="37.601783752441406" lon="127.07315826416016"><ele>14.199999809265137</ele><time>2026-09-18T23:38:57Z</time></trkpt><trkpt lat="37.60176467895508" lon="127.07316589355469"><ele>14.199999809265137</ele><time>2026-09-18T23:38:58Z</time></trkpt><trkpt lat="37.60173797607422" lon="127.07317352294922"><ele>14.199999809265137</ele><time>2026-09-18T23:38:59Z</time></trkpt><trkpt lat="37.60171890258789" lon="127.07317352294922"><ele>14.199999809265137</ele><time>2026-09-18T23:39:00Z</time></trkpt><trkpt lat="37.601707458496094" lon="127.07318115234375"><ele>14.199999809265137</ele><time>2026-09-18T23:39:01Z</time></trkpt><trkpt lat="37.601688385009766" lon="127.07318878173828"><ele>14.199999809265137</ele><time>2026-09-18T23:39:02Z</time></trkpt><trkpt lat="37.6016731262207" lon="127.07319641113281"><ele>14.199999809265137</ele><time>2026-09-18T23:39:03Z</time></trkpt><trkpt lat="37.601654052734375" lon="127.07319641113281"><ele>14.399999618530273</ele><time>2026-09-18T23:39:04Z</time></trkpt><trkpt lat="37.60163879394531" lon="127.07319641113281"><ele>14.399999618530273</ele><time>2026-09-18T23:39:05Z</time></trkpt><trkpt lat="37.60161590576172" lon="127.07319641113281"><ele>14.399999618530273</ele><time>2026-09-18T23:39:06Z</time></trkpt><trkpt lat="37.601600646972656" lon="127.07318878173828"><ele>14.399999618530273</ele><time>2026-09-18T23:39:07Z</time></trkpt><trkpt lat="37.6015739440918" lon="127.07318878173828"><ele>14.399999618530273</ele><time>2026-09-18T23:39:08Z</time></trkpt><trkpt lat="37.6015510559082" lon="127.07318115234375"><ele>14.399999618530273</ele><time>2026-09-18T23:39:09Z</time></trkpt><trkpt lat="37.601531982421875" lon="127.07317352294922"><ele>14.399999618530273</ele><time>2026-09-18T23:39:10Z</time></trkpt><trkpt lat="37.60150909423828" lon="127.07316589355469"><ele>14.399999618530273</ele><time>2026-09-18T23:39:11Z</time></trkpt><trkpt lat="37.601478576660156" lon="127.07315826416016"><ele>14.399999618530273</ele><time>2026-09-18T23:39:12Z</time></trkpt><trkpt lat="37.60145568847656" lon="127.07315826416016"><ele>14.399999618530273</ele><time>2026-09-18T23:39:13Z</time></trkpt><trkpt lat="37.6014289855957" lon="127.07315063476562"><ele>14.199999809265137</ele><time>2026-09-18T23:39:14Z</time></trkpt><trkpt lat="37.60140609741211" lon="127.07315063476562"><ele>14.199999809265137</ele><time>2026-09-18T23:39:15Z</time></trkpt><trkpt lat="37.60137939453125" lon="127.0731430053711"><ele>14.199999809265137</ele><time>2026-09-18T23:39:16Z</time></trkpt><trkpt lat="37.60136032104492" lon="127.07313537597656"><ele>14.199999809265137</ele><time>2026-09-18T23:39:17Z</time></trkpt><trkpt lat="37.60133361816406" lon="127.07312774658203"><ele>14.199999809265137</ele><time>2026-09-18T23:39:18Z</time></trkpt><trkpt lat="37.601314544677734" lon="127.0731201171875"><ele>14.199999809265137</ele><time>2026-09-18T23:39:19Z</time></trkpt><trkpt lat="37.60129165649414" lon="127.07311248779297"><ele>14.199999809265137</ele><time>2026-09-18T23:39:20Z</time></trkpt><trkpt lat="37.60127258300781" lon="127.07310485839844"><ele>14.199999809265137</ele><time>2026-09-18T23:39:21Z</time></trkpt><trkpt lat="37.60124588012695" lon="127.07308959960938"><ele>14.199999809265137</ele><time>2026-09-18T23:39:22Z</time></trkpt><trkpt lat="37.601226806640625" lon="127.07307434082031"><ele>14.199999809265137</ele><time>2026-09-18T23:39:23Z</time></trkpt><trkpt lat="37.60120391845703" lon="127.07306671142578"><ele>14.199999809265137</ele><time>2026-09-18T23:39:24Z</time></trkpt><trkpt lat="37.6011848449707" lon="127.07305145263672"><ele>14.199999809265137</ele><time>2026-09-18T23:39:25Z</time></trkpt><trkpt lat="37.60116195678711" lon="127.07304382324219"><ele>14.0</ele><time>2026-09-18T23:39:26Z</time></trkpt><trkpt lat="37.60114288330078" lon="127.07304382324219"><ele>14.0</ele><time>2026-09-18T23:39:27Z</time></trkpt><trkpt lat="37.601112365722656" lon="127.07302856445312"><ele>14.0</ele><time>2026-09-18T23:39:28Z</time></trkpt><trkpt lat="37.60109329223633" lon="127.07302856445312"><ele>14.0</ele><time>2026-09-18T23:39:29Z</time></trkpt><trkpt lat="37.60107421875" lon="127.07301330566406"><ele>14.0</ele><time>2026-09-18T23:39:30Z</time></trkpt><trkpt lat="37.60105895996094" lon="127.07300567626953"><ele>14.0</ele><time>2026-09-18T23:39:31Z</time></trkpt><trkpt lat="37.60103988647461" lon="127.07298278808594"><ele>14.0</ele><time>2026-09-18T23:39:32Z</time></trkpt><trkpt lat="37.60102462768555" lon="127.07296752929688"><ele>14.0</ele><time>2026-09-18T23:39:33Z</time></trkpt><trkpt lat="37.601009368896484" lon="127.07293701171875"><ele>14.199999809265137</ele><time>2026-09-18T23:39:34Z</time></trkpt><trkpt lat="37.600990295410156" lon="127.07292175292969"><ele>14.199999809265137</ele><time>2026-09-18T23:39:35Z</time></trkpt><trkpt lat="37.60097122192383" lon="127.0728988647461"><ele>14.0</ele><time>2026-09-18T23:39:36Z</time></trkpt><trkpt lat="37.6009521484375" lon="127.07288360595703"><ele>14.0</ele><time>2026-09-18T23:39:37Z</time></trkpt><trkpt lat="37.600929260253906" lon="127.07286834716797"><ele>13.800000190734863</ele><time>2026-09-18T23:39:38Z</time></trkpt><trkpt lat="37.60091018676758" lon="127.07286071777344"><ele>13.800000190734863</ele><time>2026-09-18T23:39:39Z</time></trkpt><trkpt lat="37.600887298583984" lon="127.07283782958984"><ele>13.600000381469727</ele><time>2026-09-18T23:39:40Z</time></trkpt><trkpt lat="37.600868225097656" lon="127.07283020019531"><ele>13.600000381469727</ele><time>2026-09-18T23:39:41Z</time></trkpt><trkpt lat="37.60084533691406" lon="127.07281494140625"><ele>13.600000381469727</ele><time>2026-09-18T23:39:42Z</time></trkpt><trkpt lat="37.600830078125" lon="127.07280731201172"><ele>13.800000190734863</ele><time>2026-09-18T23:39:43Z</time></trkpt><trkpt lat="37.600807189941406" lon="127.07279968261719"><ele>13.800000190734863</ele><time>2026-09-18T23:39:44Z</time></trkpt><trkpt lat="37.600791931152344" lon="127.07279205322266"><ele>13.800000190734863</ele><time>2026-09-18T23:39:45Z</time></trkpt><trkpt lat="37.600772857666016" lon="127.0727767944336"><ele>13.800000190734863</ele><time>2026-09-18T23:39:46Z</time></trkpt><trkpt lat="37.60075759887695" lon="127.07276916503906"><ele>13.800000190734863</ele><time>2026-09-18T23:39:47Z</time></trkpt><trkpt lat="37.60073471069336" lon="127.07275390625"><ele>13.600000381469727</ele><time>2026-09-18T23:39:48Z</time></trkpt><trkpt lat="37.60071563720703" lon="127.07274627685547"><ele>13.600000381469727</ele><time>2026-09-18T23:39:49Z</time></trkpt><trkpt lat="37.6006965637207" lon="127.0727310180664"><ele>13.800000190734863</ele><time>2026-09-18T23:39:50Z</time></trkpt><trkpt lat="37.600677490234375" lon="127.07271575927734"><ele>13.800000190734863</ele><time>2026-09-18T23:39:51Z</time></trkpt><trkpt lat="37.60065460205078" lon="127.07270050048828"><ele>13.800000190734863</ele><time>2026-09-18T23:39:52Z</time></trkpt><trkpt lat="37.60063934326172" lon="127.07269287109375"><ele>13.800000190734863</ele><time>2026-09-18T23:39:53Z</time></trkpt><trkpt lat="37.60062026977539" lon="127.07268524169922"><ele>13.800000190734863</ele><time>2026-09-18T23:39:54Z</time></trkpt><trkpt lat="37.60060119628906" lon="127.07267761230469"><ele>13.800000190734863</ele><time>2026-09-18T23:39:55Z</time></trkpt><trkpt lat="37.600582122802734" lon="127.07266998291016"><ele>13.600000381469727</ele><time>2026-09-18T23:39:56Z</time></trkpt><trkpt lat="37.600563049316406" lon="127.0726547241211"><ele>13.600000381469727</ele><time>2026-09-18T23:39:57Z</time></trkpt><trkpt lat="37.60055160522461" lon="127.0726547241211"><ele>13.800000190734863</ele><time>2026-09-18T23:39:58Z</time></trkpt><trkpt lat="37.60053253173828" lon="127.07263946533203"><ele>13.600000381469727</ele><time>2026-09-18T23:39:59Z</time></trkpt><trkpt lat="37.60051727294922" lon="127.0726318359375"><ele>13.600000381469727</ele><time>2026-09-18T23:40:00Z</time></trkpt><trkpt lat="37.600494384765625" lon="127.07261657714844"><ele>13.600000381469727</ele><time>2026-09-18T23:40:01Z</time></trkpt><trkpt lat="37.6004753112793" lon="127.0726089477539"><ele>13.800000190734863</ele><time>2026-09-18T23:40:02Z</time></trkpt><trkpt lat="37.60045623779297" lon="127.07260131835938"><ele>13.600000381469727</ele><time>2026-09-18T23:40:03Z</time></trkpt><trkpt lat="37.600440979003906" lon="127.07259368896484"><ele>13.600000381469727</ele><time>2026-09-18T23:40:04Z</time></trkpt><trkpt lat="37.60041809082031" lon="127.07257843017578"><ele>13.600000381469727</ele><time>2026-09-18T23:40:05Z</time></trkpt><trkpt lat="37.600399017333984" lon="127.07257080078125"><ele>13.600000381469727</ele><time>2026-09-18T23:40:06Z</time></trkpt><trkpt lat="37.600379943847656" lon="127.07256317138672"><ele>13.800000190734863</ele><time>2026-09-18T23:40:07Z</time></trkpt><trkpt lat="37.60036087036133" lon="127.07255554199219"><ele>13.800000190734863</ele><time>2026-09-18T23:40:08Z</time></trkpt><trkpt lat="37.600345611572266" lon="127.07254791259766"><ele>13.800000190734863</ele><time>2026-09-18T23:40:09Z</time></trkpt><trkpt lat="37.60032653808594" lon="127.0725326538086"><ele>13.800000190734863</ele><time>2026-09-18T23:40:10Z</time></trkpt><trkpt lat="37.60030746459961" lon="127.07252502441406"><ele>13.800000190734863</ele><time>2026-09-18T23:40:11Z</time></trkpt><trkpt lat="37.60028839111328" lon="127.072509765625"><ele>13.800000190734863</ele><time>2026-09-18T23:40:12Z</time></trkpt><trkpt lat="37.60027313232422" lon="127.07250213623047"><ele>13.800000190734863</ele><time>2026-09-18T23:40:13Z</time></trkpt><trkpt lat="37.60025405883789" lon="127.07249450683594"><ele>13.800000190734863</ele><time>2026-09-18T23:40:14Z</time></trkpt><trkpt lat="37.60023880004883" lon="127.07247924804688"><ele>13.800000190734863</ele><time>2026-09-18T23:40:15Z</time></trkpt><trkpt lat="37.600223541259766" lon="127.07247161865234"><ele>14.0</ele><time>2026-09-18T23:40:16Z</time></trkpt><trkpt lat="37.6002082824707" lon="127.07245635986328"><ele>14.0</ele><time>2026-09-18T23:40:17Z</time></trkpt><trkpt lat="37.60019302368164" lon="127.07245635986328"><ele>14.199999809265137</ele><time>2026-09-18T23:40:18Z</time></trkpt><trkpt lat="37.60017013549805" lon="127.07244110107422"><ele>14.399999618530273</ele><time>2026-09-18T23:40:19Z</time></trkpt><trkpt lat="37.60015869140625" lon="127.07243347167969"><ele>14.399999618530273</ele><time>2026-09-18T23:40:20Z</time></trkpt><trkpt lat="37.60014343261719" lon="127.07241821289062"><ele>14.600000381469727</ele><time>2026-09-18T23:40:21Z</time></trkpt><trkpt lat="37.600128173828125" lon="127.07240295410156"><ele>14.800000190734863</ele><time>2026-09-18T23:40:22Z</time></trkpt><trkpt lat="37.60011291503906" lon="127.0723876953125"><ele>15.0</ele><time>2026-09-18T23:40:23Z</time></trkpt><trkpt lat="37.600093841552734" lon="127.07237243652344"><ele>15.0</ele><time>2026-09-18T23:40:24Z</time></trkpt><trkpt lat="37.60007858276367" lon="127.0723648071289"><ele>15.0</ele><time>2026-09-18T23:40:25Z</time></trkpt><trkpt lat="37.600059509277344" lon="127.07234954833984"><ele>15.0</ele><time>2026-09-18T23:40:26Z</time></trkpt><trkpt lat="37.60004425048828" lon="127.07234191894531"><ele>15.0</ele><time>2026-09-18T23:40:27Z</time></trkpt><trkpt lat="37.60002517700195" lon="127.07233428955078"><ele>15.0</ele><time>2026-09-18T23:40:28Z</time></trkpt><trkpt lat="37.60000991821289" lon="127.07231903076172"><ele>15.0</ele><time>2026-09-18T23:40:29Z</time></trkpt><trkpt lat="37.59999084472656" lon="127.07231140136719"><ele>15.0</ele><time>2026-09-18T23:40:30Z</time></trkpt><trkpt lat="37.5999755859375" lon="127.07229614257812"><ele>15.0</ele><time>2026-09-18T23:40:31Z</time></trkpt><trkpt lat="37.59996032714844" lon="127.0722885131836"><ele>15.0</ele><time>2026-09-18T23:40:32Z</time></trkpt><trkpt lat="37.599945068359375" lon="127.072265625"><ele>15.0</ele><time>2026-09-18T23:40:33Z</time></trkpt><trkpt lat="37.59992980957031" lon="127.07225799560547"><ele>15.0</ele><time>2026-09-18T23:40:34Z</time></trkpt><trkpt lat="37.599910736083984" lon="127.07225036621094"><ele>14.800000190734863</ele><time>2026-09-18T23:40:35Z</time></trkpt><trkpt lat="37.59989547729492" lon="127.0722427368164"><ele>14.800000190734863</ele><time>2026-09-18T23:40:36Z</time></trkpt><trkpt lat="37.599876403808594" lon="127.07222747802734"><ele>14.600000381469727</ele><time>2026-09-18T23:40:37Z</time></trkpt><trkpt lat="37.59986114501953" lon="127.07221221923828"><ele>14.399999618530273</ele><time>2026-09-18T23:40:38Z</time></trkpt><trkpt lat="37.59984588623047" lon="127.07220458984375"><ele>14.199999809265137</ele><time>2026-09-18T23:40:39Z</time></trkpt><trkpt lat="37.599830627441406" lon="127.07218170166016"><ele>14.0</ele><time>2026-09-18T23:40:40Z</time></trkpt><trkpt lat="37.59981155395508" lon="127.07217407226562"><ele>14.0</ele><time>2026-09-18T23:40:41Z</time></trkpt><trkpt lat="37.599796295166016" lon="127.07215118408203"><ele>13.800000190734863</ele><time>2026-09-18T23:40:42Z</time></trkpt><trkpt lat="37.59977722167969" lon="127.07213592529297"><ele>13.600000381469727</ele><time>2026-09-18T23:40:43Z</time></trkpt><trkpt lat="37.59975814819336" lon="127.0721206665039"><ele>13.600000381469727</ele><time>2026-09-18T23:40:44Z</time></trkpt><trkpt lat="37.5997428894043" lon="127.07211303710938"><ele>13.399999618530273</ele><time>2026-09-18T23:40:45Z</time></trkpt><trkpt lat="37.59972381591797" lon="127.07209777832031"><ele>13.399999618530273</ele><time>2026-09-18T23:40:46Z</time></trkpt><trkpt lat="37.599708557128906" lon="127.07208251953125"><ele>13.399999618530273</ele><time>2026-09-18T23:40:47Z</time></trkpt><trkpt lat="37.59968948364258" lon="127.07207489013672"><ele>13.399999618530273</ele><time>2026-09-18T23:40:48Z</time></trkpt><trkpt lat="37.599674224853516" lon="127.07205963134766"><ele>13.399999618530273</ele><time>2026-09-18T23:40:49Z</time></trkpt><trkpt lat="37.59965896606445" lon="127.07205200195312"><ele>13.399999618530273</ele><time>2026-09-18T23:40:50Z</time></trkpt><trkpt lat="37.59964370727539" lon="127.07203674316406"><ele>13.399999618530273</ele><time>2026-09-18T23:40:51Z</time></trkpt><trkpt lat="37.59962463378906" lon="127.07202911376953"><ele>13.600000381469727</ele><time>2026-09-18T23:40:52Z</time></trkpt><trkpt lat="37.599605560302734" lon="127.07200622558594"><ele>13.399999618530273</ele><time>2026-09-18T23:40:53Z</time></trkpt><trkpt lat="37.599586486816406" lon="127.0719985961914"><ele>13.399999618530273</ele><time>2026-09-18T23:40:54Z</time></trkpt><trkpt lat="37.59956741333008" lon="127.07198333740234"><ele>13.399999618530273</ele><time>2026-09-18T23:40:55Z</time></trkpt><trkpt lat="37.59954833984375" lon="127.07196807861328"><ele>13.399999618530273</ele><time>2026-09-18T23:40:56Z</time></trkpt><trkpt lat="37.59953308105469" lon="127.07196044921875"><ele>13.399999618530273</ele><time>2026-09-18T23:40:57Z</time></trkpt><trkpt lat="37.599510192871094" lon="127.07194519042969"><ele>13.399999618530273</ele><time>2026-09-18T23:40:58Z</time></trkpt><trkpt lat="37.599491119384766" lon="127.07193756103516"><ele>13.399999618530273</ele><time>2026-09-18T23:40:59Z</time></trkpt><trkpt lat="37.59946823120117" lon="127.07191467285156"><ele>13.600000381469727</ele><time>2026-09-18T23:41:00Z</time></trkpt><trkpt lat="37.59945297241211" lon="127.07191467285156"><ele>13.600000381469727</ele><time>2026-09-18T23:41:01Z</time></trkpt><trkpt lat="37.599430084228516" lon="127.07189178466797"><ele>13.600000381469727</ele><time>2026-09-18T23:41:02Z</time></trkpt><trkpt lat="37.59941482543945" lon="127.07188415527344"><ele>13.600000381469727</ele><time>2026-09-18T23:41:03Z</time></trkpt><trkpt lat="37.599395751953125" lon="127.0718765258789"><ele>13.600000381469727</ele><time>2026-09-18T23:41:04Z</time></trkpt><trkpt lat="37.59938049316406" lon="127.07186126708984"><ele>13.399999618530273</ele><time>2026-09-18T23:41:05Z</time></trkpt><trkpt lat="37.599365234375" lon="127.07184600830078"><ele>13.399999618530273</ele><time>2026-09-18T23:41:06Z</time></trkpt><trkpt lat="37.59934616088867" lon="127.07183837890625"><ele>13.399999618530273</ele><time>2026-09-18T23:41:07Z</time></trkpt><trkpt lat="37.59933090209961" lon="127.07183074951172"><ele>13.399999618530273</ele><time>2026-09-18T23:41:08Z</time></trkpt><trkpt lat="37.59931182861328" lon="127.07182312011719"><ele>13.399999618530273</ele><time>2026-09-18T23:41:09Z</time></trkpt><trkpt lat="37.599300384521484" lon="127.07181549072266"><ele>13.399999618530273</ele><time>2026-09-18T23:41:10Z</time></trkpt><trkpt lat="37.599281311035156" lon="127.0718002319336"><ele>13.399999618530273</ele><time>2026-09-18T23:41:11Z</time></trkpt><trkpt lat="37.599266052246094" lon="127.07178497314453"><ele>13.399999618530273</ele><time>2026-09-18T23:41:12Z</time></trkpt><trkpt lat="37.599246978759766" lon="127.07176208496094"><ele>13.399999618530273</ele><time>2026-09-18T23:41:13Z</time></trkpt><trkpt lat="37.59923553466797" lon="127.07173919677734"><ele>13.399999618530273</ele><time>2026-09-18T23:41:14Z</time></trkpt><trkpt lat="37.599220275878906" lon="127.07172393798828"><ele>13.399999618530273</ele><time>2026-09-18T23:41:15Z</time></trkpt><trkpt lat="37.599205017089844" lon="127.07170104980469"><ele>13.399999618530273</ele><time>2026-09-18T23:41:16Z</time></trkpt><trkpt lat="37.59918975830078" lon="127.07168579101562"><ele>13.399999618530273</ele><time>2026-09-18T23:41:17Z</time></trkpt><trkpt lat="37.59918212890625" lon="127.07166290283203"><ele>13.399999618530273</ele><time>2026-09-18T23:41:18Z</time></trkpt><trkpt lat="37.59917068481445" lon="127.07164764404297"><ele>13.399999618530273</ele><time>2026-09-18T23:41:19Z</time></trkpt><trkpt lat="37.59915542602539" lon="127.07162475585938"><ele>13.399999618530273</ele><time>2026-09-18T23:41:20Z</time></trkpt><trkpt lat="37.599143981933594" lon="127.07160949707031"><ele>13.399999618530273</ele><time>2026-09-18T23:41:21Z</time></trkpt><trkpt lat="37.59912872314453" lon="127.07158660888672"><ele>13.399999618530273</ele><time>2026-09-18T23:41:22Z</time></trkpt><trkpt lat="37.599117279052734" lon="127.07157135009766"><ele>13.399999618530273</ele><time>2026-09-18T23:41:23Z</time></trkpt><trkpt lat="37.59910202026367" lon="127.0715560913086"><ele>13.399999618530273</ele><time>2026-09-18T23:41:24Z</time></trkpt><trkpt lat="37.59908676147461" lon="127.071533203125"><ele>13.399999618530273</ele><time>2026-09-18T23:41:25Z</time></trkpt><trkpt lat="37.59907150268555" lon="127.07152557373047"><ele>13.600000381469727</ele><time>2026-09-18T23:41:26Z</time></trkpt><trkpt lat="37.599056243896484" lon="127.07150268554688"><ele>13.399999618530273</ele><time>2026-09-18T23:41:27Z</time></trkpt><trkpt lat="37.599037170410156" lon="127.07149505615234"><ele>13.600000381469727</ele><time>2026-09-18T23:41:28Z</time></trkpt><trkpt lat="37.59901809692383" lon="127.07147979736328"><ele>13.600000381469727</ele><time>2026-09-18T23:41:29Z</time></trkpt><trkpt lat="37.59900665283203" lon="127.07146453857422"><ele>13.600000381469727</ele><time>2026-09-18T23:41:30Z</time></trkpt><trkpt lat="37.59899139404297" lon="127.07144165039062"><ele>13.600000381469727</ele><time>2026-09-18T23:41:31Z</time></trkpt><trkpt lat="37.598976135253906" lon="127.07142639160156"><ele>13.600000381469727</ele><time>2026-09-18T23:41:32Z</time></trkpt><trkpt lat="37.598960876464844" lon="127.07141876220703"><ele>13.600000381469727</ele><time>2026-09-18T23:41:33Z</time></trkpt><trkpt lat="37.598941802978516" lon="127.07139587402344"><ele>13.399999618530273</ele><time>2026-09-18T23:41:34Z</time></trkpt><trkpt lat="37.59892654418945" lon="127.0713882446289"><ele>13.399999618530273</ele><time>2026-09-18T23:41:35Z</time></trkpt><trkpt lat="37.59890365600586" lon="127.07137298583984"><ele>13.399999618530273</ele><time>2026-09-18T23:41:36Z</time></trkpt><trkpt lat="37.5988883972168" lon="127.07136535644531"><ele>13.399999618530273</ele><time>2026-09-18T23:41:37Z</time></trkpt><trkpt lat="37.59886932373047" lon="127.07135009765625"><ele>13.399999618530273</ele><time>2026-09-18T23:41:38Z</time></trkpt><trkpt lat="37.598854064941406" lon="127.07133483886719"><ele>13.399999618530273</ele><time>2026-09-18T23:41:39Z</time></trkpt><trkpt lat="37.59883499145508" lon="127.07131958007812"><ele>13.399999618530273</ele><time>2026-09-18T23:41:40Z</time></trkpt><trkpt lat="37.59881591796875" lon="127.07130432128906"><ele>13.600000381469727</ele><time>2026-09-18T23:41:41Z</time></trkpt><trkpt lat="37.59880065917969" lon="127.07129669189453"><ele>13.600000381469727</ele><time>2026-09-18T23:41:42Z</time></trkpt><trkpt lat="37.598785400390625" lon="127.07127380371094"><ele>13.600000381469727</ele><time>2026-09-18T23:41:43Z</time></trkpt><trkpt lat="37.59877014160156" lon="127.0712661743164"><ele>13.600000381469727</ele><time>2026-09-18T23:41:44Z</time></trkpt><trkpt lat="37.598751068115234" lon="127.07124328613281"><ele>13.600000381469727</ele><time>2026-09-18T23:41:45Z</time></trkpt><trkpt lat="37.59873580932617" lon="127.07123565673828"><ele>13.600000381469727</ele><time>2026-09-18T23:41:46Z</time></trkpt><trkpt lat="37.598716735839844" lon="127.07122039794922"><ele>13.600000381469727</ele><time>2026-09-18T23:41:47Z</time></trkpt><trkpt lat="37.59870147705078" lon="127.07120513916016"><ele>13.600000381469727</ele><time>2026-09-18T23:41:48Z</time></trkpt><trkpt lat="37.59868621826172" lon="127.07119750976562"><ele>13.600000381469727</ele><time>2026-09-18T23:41:49Z</time></trkpt><trkpt lat="37.598670959472656" lon="127.07117462158203"><ele>13.800000190734863</ele><time>2026-09-18T23:41:50Z</time></trkpt><trkpt lat="37.598655700683594" lon="127.07115936279297"><ele>13.800000190734863</ele><time>2026-09-18T23:41:51Z</time></trkpt><trkpt lat="37.598636627197266" lon="127.0711441040039"><ele>13.800000190734863</ele><time>2026-09-18T23:41:52Z</time></trkpt><trkpt lat="37.5986213684082" lon="127.07112884521484"><ele>13.800000190734863</ele><time>2026-09-18T23:41:53Z</time></trkpt><trkpt lat="37.59860610961914" lon="127.07112121582031"><ele>13.800000190734863</ele><time>2026-09-18T23:41:54Z</time></trkpt><trkpt lat="37.59859085083008" lon="127.07110595703125"><ele>13.800000190734863</ele><time>2026-09-18T23:41:55Z</time></trkpt><trkpt lat="37.598575592041016" lon="127.07109832763672"><ele>13.800000190734863</ele><time>2026-09-18T23:41:56Z</time></trkpt><trkpt lat="37.59855651855469" lon="127.07108306884766"><ele>13.800000190734863</ele><time>2026-09-18T23:41:57Z</time></trkpt><trkpt lat="37.59854507446289" lon="127.07107543945312"><ele>13.800000190734863</ele><time>2026-09-18T23:41:58Z</time></trkpt><trkpt lat="37.59852600097656" lon="127.07106018066406"><ele>13.800000190734863</ele><time>2026-09-18T23:41:59Z</time></trkpt><trkpt lat="37.5985107421875" lon="127.071044921875"><ele>13.800000190734863</ele><time>2026-09-18T23:42:00Z</time></trkpt><trkpt lat="37.59849166870117" lon="127.07102966308594"><ele>13.800000190734863</ele><time>2026-09-18T23:42:01Z</time></trkpt><trkpt lat="37.59847640991211" lon="127.0710220336914"><ele>13.600000381469727</ele><time>2026-09-18T23:42:02Z</time></trkpt><trkpt lat="37.59846115112305" lon="127.07100677490234"><ele>13.600000381469727</ele><time>2026-09-18T23:42:03Z</time></trkpt><trkpt lat="37.598445892333984" lon="127.07098388671875"><ele>13.600000381469727</ele><time>2026-09-18T23:42:04Z</time></trkpt><trkpt lat="37.598426818847656" lon="127.07097625732422"><ele>13.600000381469727</ele><time>2026-09-18T23:42:05Z</time></trkpt><trkpt lat="37.59840774536133" lon="127.07095336914062"><ele>13.600000381469727</ele><time>2026-09-18T23:42:06Z</time></trkpt><trkpt lat="37.598392486572266" lon="127.07093811035156"><ele>13.600000381469727</ele><time>2026-09-18T23:42:07Z</time></trkpt><trkpt lat="37.59837341308594" lon="127.0709228515625"><ele>13.600000381469727</ele><time>2026-09-18T23:42:08Z</time></trkpt><trkpt lat="37.598358154296875" lon="127.07091522216797"><ele>13.600000381469727</ele><time>2026-09-18T23:42:09Z</time></trkpt><trkpt lat="37.59834289550781" lon="127.0708999633789"><ele>13.600000381469727</ele><time>2026-09-18T23:42:10Z</time></trkpt><trkpt lat="37.59832763671875" lon="127.07088470458984"><ele>13.600000381469727</ele><time>2026-09-18T23:42:11Z</time></trkpt><trkpt lat="37.59831237792969" lon="127.07087707519531"><ele>13.600000381469727</ele><time>2026-09-18T23:42:12Z</time></trkpt><trkpt lat="37.598297119140625" lon="127.07085418701172"><ele>13.600000381469727</ele><time>2026-09-18T23:42:13Z</time></trkpt><trkpt lat="37.59828186035156" lon="127.07084655761719"><ele>13.600000381469727</ele><time>2026-09-18T23:42:14Z</time></trkpt><trkpt lat="37.598262786865234" lon="127.0708236694336"><ele>13.600000381469727</ele><time>2026-09-18T23:42:15Z</time></trkpt><trkpt lat="37.59824752807617" lon="127.07081604003906"><ele>13.600000381469727</ele><time>2026-09-18T23:42:16Z</time></trkpt><trkpt lat="37.598228454589844" lon="127.07080841064453"><ele>13.600000381469727</ele><time>2026-09-18T23:42:17Z</time></trkpt><trkpt lat="37.598209381103516" lon="127.07079315185547"><ele>13.600000381469727</ele><time>2026-09-18T23:42:18Z</time></trkpt><trkpt lat="37.59819030761719" lon="127.07079315185547"><ele>13.600000381469727</ele><time>2026-09-18T23:42:19Z</time></trkpt><trkpt lat="37.59817123413086" lon="127.07077026367188"><ele>13.800000190734863</ele><time>2026-09-18T23:42:20Z</time></trkpt><trkpt lat="37.5981559753418" lon="127.07076263427734"><ele>13.800000190734863</ele><time>2026-09-18T23:42:21Z</time></trkpt><trkpt lat="37.5981330871582" lon="127.07073974609375"><ele>13.800000190734863</ele><time>2026-09-18T23:42:22Z</time></trkpt><trkpt lat="37.598114013671875" lon="127.07073211669922"><ele>13.800000190734863</ele><time>2026-09-18T23:42:23Z</time></trkpt><trkpt lat="37.59809875488281" lon="127.07070922851562"><ele>13.800000190734863</ele><time>2026-09-18T23:42:24Z</time></trkpt><trkpt lat="37.59808349609375" lon="127.07068634033203"><ele>13.800000190734863</ele><time>2026-09-18T23:42:25Z</time></trkpt><trkpt lat="37.59806823730469" lon="127.07067108154297"><ele>13.800000190734863</ele><time>2026-09-18T23:42:26Z</time></trkpt><trkpt lat="37.598052978515625" lon="127.0706558227539"><ele>13.800000190734863</ele><time>2026-09-18T23:42:27Z</time></trkpt><trkpt lat="37.59803771972656" lon="127.07064056396484"><ele>13.600000381469727</ele><time>2026-09-18T23:42:28Z</time></trkpt><trkpt lat="37.59801483154297" lon="127.07062530517578"><ele>13.600000381469727</ele><time>2026-09-18T23:42:29Z</time></trkpt><trkpt lat="37.597999572753906" lon="127.07061004638672"><ele>13.600000381469727</ele><time>2026-09-18T23:42:30Z</time></trkpt><trkpt lat="37.59798049926758" lon="127.07059478759766"><ele>13.600000381469727</ele><time>2026-09-18T23:42:31Z</time></trkpt><trkpt lat="37.597965240478516" lon="127.07058715820312"><ele>13.600000381469727</ele><time>2026-09-18T23:42:32Z</time></trkpt><trkpt lat="37.59794616699219" lon="127.07057189941406"><ele>13.600000381469727</ele><time>2026-09-18T23:42:33Z</time></trkpt><trkpt lat="37.597930908203125" lon="127.070556640625"><ele>13.600000381469727</ele><time>2026-09-18T23:42:34Z</time></trkpt><trkpt lat="37.5979118347168" lon="127.07054901123047"><ele>13.600000381469727</ele><time>2026-09-18T23:42:35Z</time></trkpt><trkpt lat="37.59789276123047" lon="127.07052612304688"><ele>13.600000381469727</ele><time>2026-09-18T23:42:36Z</time></trkpt><trkpt lat="37.597877502441406" lon="127.07051849365234"><ele>13.600000381469727</ele><time>2026-09-18T23:42:37Z</time></trkpt><trkpt lat="37.59785461425781" lon="127.07049560546875"><ele>13.600000381469727</ele><time>2026-09-18T23:42:38Z</time></trkpt><trkpt lat="37.59783935546875" lon="127.07049560546875"><ele>13.600000381469727</ele><time>2026-09-18T23:42:39Z</time></trkpt><trkpt lat="37.59782028198242" lon="127.07048034667969"><ele>13.600000381469727</ele><time>2026-09-18T23:42:40Z</time></trkpt><trkpt lat="37.59780502319336" lon="127.07046508789062"><ele>13.600000381469727</ele><time>2026-09-18T23:42:41Z</time></trkpt><trkpt lat="37.59778594970703" lon="127.0704574584961"><ele>13.600000381469727</ele><time>2026-09-18T23:42:42Z</time></trkpt><trkpt lat="37.5977668762207" lon="127.07044219970703"><ele>13.600000381469727</ele><time>2026-09-18T23:42:43Z</time></trkpt><trkpt lat="37.597747802734375" lon="127.0704345703125"><ele>13.600000381469727</ele><time>2026-09-18T23:42:44Z</time></trkpt><trkpt lat="37.59772491455078" lon="127.07041931152344"><ele>13.600000381469727</ele><time>2026-09-18T23:42:45Z</time></trkpt><trkpt lat="37.59770965576172" lon="127.07041931152344"><ele>13.600000381469727</ele><time>2026-09-18T23:42:46Z</time></trkpt><trkpt lat="37.597694396972656" lon="127.07040405273438"><ele>13.600000381469727</ele><time>2026-09-18T23:42:47Z</time></trkpt><trkpt lat="37.597679138183594" lon="127.07038879394531"><ele>13.600000381469727</ele><time>2026-09-18T23:42:48Z</time></trkpt><trkpt lat="37.597660064697266" lon="127.07038116455078"><ele>13.800000190734863</ele><time>2026-09-18T23:42:49Z</time></trkpt><trkpt lat="37.59764099121094" lon="127.07036590576172"><ele>13.800000190734863</ele><time>2026-09-18T23:42:50Z</time></trkpt><trkpt lat="37.59762191772461" lon="127.07035827636719"><ele>13.600000381469727</ele><time>2026-09-18T23:42:51Z</time></trkpt><trkpt lat="37.597599029541016" lon="127.07035064697266"><ele>13.600000381469727</ele><time>2026-09-18T23:42:52Z</time></trkpt><trkpt lat="37.59757995605469" lon="127.07034301757812"><ele>13.600000381469727</ele><time>2026-09-18T23:42:53Z</time></trkpt><trkpt lat="37.597564697265625" lon="127.0703353881836"><ele>13.600000381469727</ele><time>2026-09-18T23:42:54Z</time></trkpt><trkpt lat="37.5975456237793" lon="127.07032012939453"><ele>13.600000381469727</ele><time>2026-09-18T23:42:55Z</time></trkpt><trkpt lat="37.59752655029297" lon="127.0703125"><ele>13.600000381469727</ele><time>2026-09-18T23:42:56Z</time></trkpt><trkpt lat="37.59750747680664" lon="127.0702896118164"><ele>13.600000381469727</ele><time>2026-09-18T23:42:57Z</time></trkpt><trkpt lat="37.59749221801758" lon="127.0702896118164"><ele>13.600000381469727</ele><time>2026-09-18T23:42:58Z</time></trkpt><trkpt lat="37.597469329833984" lon="127.07028198242188"><ele>13.600000381469727</ele><time>2026-09-18T23:42:59Z</time></trkpt><trkpt lat="37.59745407104492" lon="127.07026672363281"><ele>13.600000381469727</ele><time>2026-09-18T23:43:00Z</time></trkpt><trkpt lat="37.59743881225586" lon="127.07025909423828"><ele>13.600000381469727</ele><time>2026-09-18T23:43:01Z</time></trkpt><trkpt lat="37.59741973876953" lon="127.07024383544922"><ele>13.600000381469727</ele><time>2026-09-18T23:43:02Z</time></trkpt><trkpt lat="37.59740447998047" lon="127.07023620605469"><ele>13.600000381469727</ele><time>2026-09-18T23:43:03Z</time></trkpt><trkpt lat="37.597381591796875" lon="127.07022857666016"><ele>13.600000381469727</ele><time>2026-09-18T23:43:04Z</time></trkpt><trkpt lat="37.59736633300781" lon="127.07022094726562"><ele>13.600000381469727</ele><time>2026-09-18T23:43:05Z</time></trkpt><trkpt lat="37.597347259521484" lon="127.0702133178711"><ele>13.600000381469727</ele><time>2026-09-18T23:43:06Z</time></trkpt><trkpt lat="37.59732437133789" lon="127.07019805908203"><ele>13.800000190734863</ele><time>2026-09-18T23:43:07Z</time></trkpt><trkpt lat="37.59730911254883" lon="127.0701904296875"><ele>13.800000190734863</ele><time>2026-09-18T23:43:08Z</time></trkpt><trkpt lat="37.597286224365234" lon="127.07017517089844"><ele>13.600000381469727</ele><time>2026-09-18T23:43:09Z</time></trkpt><trkpt lat="37.597267150878906" lon="127.0701675415039"><ele>13.600000381469727</ele><time>2026-09-18T23:43:10Z</time></trkpt><trkpt lat="37.59724807739258" lon="127.07015991210938"><ele>13.600000381469727</ele><time>2026-09-18T23:43:11Z</time></trkpt><trkpt lat="37.59722900390625" lon="127.07014465332031"><ele>13.600000381469727</ele><time>2026-09-18T23:43:12Z</time></trkpt><trkpt lat="37.59720993041992" lon="127.07014465332031"><ele>13.600000381469727</ele><time>2026-09-18T23:43:13Z</time></trkpt><trkpt lat="37.597190856933594" lon="127.07012176513672"><ele>13.600000381469727</ele><time>2026-09-18T23:43:14Z</time></trkpt><trkpt lat="37.597171783447266" lon="127.07012176513672"><ele>13.600000381469727</ele><time>2026-09-18T23:43:15Z</time></trkpt><trkpt lat="37.59714889526367" lon="127.07010650634766"><ele>13.600000381469727</ele><time>2026-09-18T23:43:16Z</time></trkpt><trkpt lat="37.59713363647461" lon="127.07009887695312"><ele>13.600000381469727</ele><time>2026-09-18T23:43:17Z</time></trkpt><trkpt lat="37.59711456298828" lon="127.0700912475586"><ele>13.399999618530273</ele><time>2026-09-18T23:43:18Z</time></trkpt><trkpt lat="37.59709548950195" lon="127.07007598876953"><ele>13.399999618530273</ele><time>2026-09-18T23:43:19Z</time></trkpt><trkpt lat="37.59708023071289" lon="127.07007598876953"><ele>13.399999618530273</ele><time>2026-09-18T23:43:20Z</time></trkpt><trkpt lat="37.59706115722656" lon="127.07006072998047"><ele>13.399999618530273</ele><time>2026-09-18T23:43:21Z</time></trkpt><trkpt lat="37.597049713134766" lon="127.07006072998047"><ele>13.399999618530273</ele><time>2026-09-18T23:43:22Z</time></trkpt><trkpt lat="37.59702682495117" lon="127.07005310058594"><ele>13.600000381469727</ele><time>2026-09-18T23:43:23Z</time></trkpt><trkpt lat="37.59701156616211" lon="127.0700454711914"><ele>13.600000381469727</ele><time>2026-09-18T23:43:24Z</time></trkpt><trkpt lat="37.596988677978516" lon="127.07003784179688"><ele>13.600000381469727</ele><time>2026-09-18T23:43:25Z</time></trkpt><trkpt lat="37.59696960449219" lon="127.07003021240234"><ele>13.600000381469727</ele><time>2026-09-18T23:43:26Z</time></trkpt><trkpt lat="37.59695053100586" lon="127.07002258300781"><ele>13.600000381469727</ele><time>2026-09-18T23:43:27Z</time></trkpt><trkpt lat="37.596927642822266" lon="127.07001495361328"><ele>13.600000381469727</ele><time>2026-09-18T23:43:28Z</time></trkpt><trkpt lat="37.5969123840332" lon="127.07001495361328"><ele>13.600000381469727</ele><time>2026-09-18T23:43:29Z</time></trkpt><trkpt lat="37.59688949584961" lon="127.07000732421875"><ele>13.600000381469727</ele><time>2026-09-18T23:43:30Z</time></trkpt><trkpt lat="37.59687042236328" lon="127.06999969482422"><ele>13.800000190734863</ele><time>2026-09-18T23:43:31Z</time></trkpt><trkpt lat="37.59685516357422" lon="127.06999969482422"><ele>13.800000190734863</ele><time>2026-09-18T23:43:32Z</time></trkpt><trkpt lat="37.596832275390625" lon="127.06999206542969"><ele>13.800000190734863</ele><time>2026-09-18T23:43:33Z</time></trkpt><trkpt lat="37.5968132019043" lon="127.06998443603516"><ele>14.0</ele><time>2026-09-18T23:43:34Z</time></trkpt><trkpt lat="37.59679412841797" lon="127.06997680664062"><ele>14.0</ele><time>2026-09-18T23:43:35Z</time></trkpt><trkpt lat="37.59677505493164" lon="127.06997680664062"><ele>13.800000190734863</ele><time>2026-09-18T23:43:36Z</time></trkpt><trkpt lat="37.59675598144531" lon="127.06997680664062"><ele>13.800000190734863</ele><time>2026-09-18T23:43:37Z</time></trkpt><trkpt lat="37.596736907958984" lon="127.0699691772461"><ele>13.800000190734863</ele><time>2026-09-18T23:43:38Z</time></trkpt><trkpt lat="37.59672164916992" lon="127.0699691772461"><ele>13.800000190734863</ele><time>2026-09-18T23:43:39Z</time></trkpt><trkpt lat="37.59669876098633" lon="127.06996154785156"><ele>13.800000190734863</ele><time>2026-09-18T23:43:40Z</time></trkpt><trkpt lat="37.5966796875" lon="127.06996154785156"><ele>13.800000190734863</ele><time>2026-09-18T23:43:41Z</time></trkpt><trkpt lat="37.59666061401367" lon="127.06996154785156"><ele>13.800000190734863</ele><time>2026-09-18T23:43:42Z</time></trkpt><trkpt lat="37.596641540527344" lon="127.0699462890625"><ele>13.800000190734863</ele><time>2026-09-18T23:43:43Z</time></trkpt><trkpt lat="37.596622467041016" lon="127.0699462890625"><ele>13.800000190734863</ele><time>2026-09-18T23:43:44Z</time></trkpt><trkpt lat="37.596595764160156" lon="127.06993103027344"><ele>13.800000190734863</ele><time>2026-09-18T23:43:45Z</time></trkpt><trkpt lat="37.596580505371094" lon="127.06993103027344"><ele>14.0</ele><time>2026-09-18T23:43:46Z</time></trkpt><trkpt lat="37.596561431884766" lon="127.06993103027344"><ele>14.0</ele><time>2026-09-18T23:43:47Z</time></trkpt><trkpt lat="37.59654235839844" lon="127.06991577148438"><ele>14.0</ele><time>2026-09-18T23:43:48Z</time></trkpt><trkpt lat="37.596527099609375" lon="127.06991577148438"><ele>14.0</ele><time>2026-09-18T23:43:49Z</time></trkpt><trkpt lat="37.59650802612305" lon="127.06990814208984"><ele>14.0</ele><time>2026-09-18T23:43:50Z</time></trkpt><trkpt lat="37.596492767333984" lon="127.06990051269531"><ele>14.0</ele><time>2026-09-18T23:43:51Z</time></trkpt><trkpt lat="37.596473693847656" lon="127.06990051269531"><ele>14.0</ele><time>2026-09-18T23:43:52Z</time></trkpt><trkpt lat="37.59645080566406" lon="127.06989288330078"><ele>14.0</ele><time>2026-09-18T23:43:53Z</time></trkpt><trkpt lat="37.596435546875" lon="127.06989288330078"><ele>14.0</ele><time>2026-09-18T23:43:54Z</time></trkpt><trkpt lat="37.59640884399414" lon="127.06988525390625"><ele>14.0</ele><time>2026-09-18T23:43:55Z</time></trkpt><trkpt lat="37.59638977050781" lon="127.06988525390625"><ele>14.0</ele><time>2026-09-18T23:43:56Z</time></trkpt><trkpt lat="37.59636688232422" lon="127.06987762451172"><ele>14.0</ele><time>2026-09-18T23:43:57Z</time></trkpt><trkpt lat="37.596343994140625" lon="127.06987762451172"><ele>14.0</ele><time>2026-09-18T23:43:58Z</time></trkpt><trkpt lat="37.59632110595703" lon="127.06987762451172"><ele>14.0</ele><time>2026-09-18T23:43:59Z</time></trkpt><trkpt lat="37.5963020324707" lon="127.06987762451172"><ele>14.0</ele><time>2026-09-18T23:44:00Z</time></trkpt><trkpt lat="37.596275329589844" lon="127.06987762451172"><ele>14.0</ele><time>2026-09-18T23:44:01Z</time></trkpt><trkpt lat="37.59625244140625" lon="127.06987762451172"><ele>14.0</ele><time>2026-09-18T23:44:02Z</time></trkpt><trkpt lat="37.59623336791992" lon="127.06987762451172"><ele>14.0</ele><time>2026-09-18T23:44:03Z</time></trkpt><trkpt lat="37.59620666503906" lon="127.06987762451172"><ele>14.0</ele><time>2026-09-18T23:44:04Z</time></trkpt><trkpt lat="37.59619140625" lon="127.06988525390625"><ele>14.0</ele><time>2026-09-18T23:44:05Z</time></trkpt><trkpt lat="37.59617233276367" lon="127.06988525390625"><ele>14.0</ele><time>2026-09-18T23:44:06Z</time></trkpt><trkpt lat="37.596153259277344" lon="127.06988525390625"><ele>14.0</ele><time>2026-09-18T23:44:07Z</time></trkpt><trkpt lat="37.596134185791016" lon="127.06989288330078"><ele>14.0</ele><time>2026-09-18T23:44:08Z</time></trkpt><trkpt lat="37.59611129760742" lon="127.06989288330078"><ele>14.0</ele><time>2026-09-18T23:44:09Z</time></trkpt><trkpt lat="37.59609603881836" lon="127.06989288330078"><ele>14.0</ele><time>2026-09-18T23:44:10Z</time></trkpt><trkpt lat="37.596073150634766" lon="127.06990051269531"><ele>14.0</ele><time>2026-09-18T23:44:11Z</time></trkpt><trkpt lat="37.5960578918457" lon="127.06990814208984"><ele>13.800000190734863</ele><time>2026-09-18T23:44:12Z</time></trkpt><trkpt lat="37.596031188964844" lon="127.06990814208984"><ele>14.0</ele><time>2026-09-18T23:44:13Z</time></trkpt><trkpt lat="37.59601593017578" lon="127.06990814208984"><ele>14.0</ele><time>2026-09-18T23:44:14Z</time></trkpt><trkpt lat="37.59599304199219" lon="127.06991577148438"><ele>14.0</ele><time>2026-09-18T23:44:15Z</time></trkpt><trkpt lat="37.59597396850586" lon="127.06990814208984"><ele>13.800000190734863</ele><time>2026-09-18T23:44:16Z</time></trkpt><trkpt lat="37.59595489501953" lon="127.06991577148438"><ele>13.800000190734863</ele><time>2026-09-18T23:44:17Z</time></trkpt><trkpt lat="37.59593200683594" lon="127.06991577148438"><ele>13.800000190734863</ele><time>2026-09-18T23:44:18Z</time></trkpt><trkpt lat="37.59591293334961" lon="127.06991577148438"><ele>13.800000190734863</ele><time>2026-09-18T23:44:19Z</time></trkpt><trkpt lat="37.595890045166016" lon="127.06991577148438"><ele>13.600000381469727</ele><time>2026-09-18T23:44:20Z</time></trkpt><trkpt lat="37.59587097167969" lon="127.06990814208984"><ele>13.600000381469727</ele><time>2026-09-18T23:44:21Z</time></trkpt><trkpt lat="37.59585189819336" lon="127.06991577148438"><ele>13.600000381469727</ele><time>2026-09-18T23:44:22Z</time></trkpt><trkpt lat="37.59583282470703" lon="127.06991577148438"><ele>13.800000190734863</ele><time>2026-09-18T23:44:23Z</time></trkpt><trkpt lat="37.5958137512207" lon="127.06991577148438"><ele>13.800000190734863</ele><time>2026-09-18T23:44:24Z</time></trkpt><trkpt lat="37.59579086303711" lon="127.06991577148438"><ele>13.800000190734863</ele><time>2026-09-18T23:44:25Z</time></trkpt><trkpt lat="37.59577560424805" lon="127.0699234008789"><ele>13.800000190734863</ele><time>2026-09-18T23:44:26Z</time></trkpt><trkpt lat="37.59575271606445" lon="127.0699234008789"><ele>13.800000190734863</ele><time>2026-09-18T23:44:27Z</time></trkpt><trkpt lat="37.59572982788086" lon="127.0699234008789"><ele>14.0</ele><time>2026-09-18T23:44:28Z</time></trkpt><trkpt lat="37.59571075439453" lon="127.06993103027344"><ele>13.800000190734863</ele><time>2026-09-18T23:44:29Z</time></trkpt><trkpt lat="37.59568405151367" lon="127.06993103027344"><ele>13.800000190734863</ele><time>2026-09-18T23:44:30Z</time></trkpt><trkpt lat="37.59566879272461" lon="127.0699462890625"><ele>13.800000190734863</ele><time>2026-09-18T23:44:31Z</time></trkpt><trkpt lat="37.59564208984375" lon="127.0699462890625"><ele>13.800000190734863</ele><time>2026-09-18T23:44:32Z</time></trkpt><trkpt lat="37.59562683105469" lon="127.06995391845703"><ele>13.600000381469727</ele><time>2026-09-18T23:44:33Z</time></trkpt><trkpt lat="37.595603942871094" lon="127.06995391845703"><ele>13.600000381469727</ele><time>2026-09-18T23:44:34Z</time></trkpt><trkpt lat="37.595584869384766" lon="127.06995391845703"><ele>13.600000381469727</ele><time>2026-09-18T23:44:35Z</time></trkpt><trkpt lat="37.59556579589844" lon="127.06995391845703"><ele>13.600000381469727</ele><time>2026-09-18T23:44:36Z</time></trkpt><trkpt lat="37.59554672241211" lon="127.0699462890625"><ele>13.600000381469727</ele><time>2026-09-18T23:44:37Z</time></trkpt><trkpt lat="37.59552764892578" lon="127.0699462890625"><ele>13.600000381469727</ele><time>2026-09-18T23:44:38Z</time></trkpt><trkpt lat="37.59550094604492" lon="127.0699462890625"><ele>13.600000381469727</ele><time>2026-09-18T23:44:39Z</time></trkpt><trkpt lat="37.59548568725586" lon="127.06995391845703"><ele>13.600000381469727</ele><time>2026-09-18T23:44:40Z</time></trkpt><trkpt lat="37.595455169677734" lon="127.06995391845703"><ele>13.600000381469727</ele><time>2026-09-18T23:44:41Z</time></trkpt><trkpt lat="37.59543991088867" lon="127.06996154785156"><ele>13.600000381469727</ele><time>2026-09-18T23:44:42Z</time></trkpt><trkpt lat="37.595420837402344" lon="127.06996154785156"><ele>13.600000381469727</ele><time>2026-09-18T23:44:43Z</time></trkpt><trkpt lat="37.59539794921875" lon="127.06996154785156"><ele>13.600000381469727</ele><time>2026-09-18T23:44:44Z</time></trkpt><trkpt lat="37.59537887573242" lon="127.0699691772461"><ele>13.399999618530273</ele><time>2026-09-18T23:44:45Z</time></trkpt><trkpt lat="37.59535598754883" lon="127.06997680664062"><ele>13.399999618530273</ele><time>2026-09-18T23:44:46Z</time></trkpt><trkpt lat="37.5953369140625" lon="127.06998443603516"><ele>13.399999618530273</ele><time>2026-09-18T23:44:47Z</time></trkpt><trkpt lat="37.59531021118164" lon="127.06999206542969"><ele>13.399999618530273</ele><time>2026-09-18T23:44:48Z</time></trkpt><trkpt lat="37.59529495239258" lon="127.06999969482422"><ele>13.399999618530273</ele><time>2026-09-18T23:44:49Z</time></trkpt><trkpt lat="37.595272064208984" lon="127.07000732421875"><ele>13.600000381469727</ele><time>2026-09-18T23:44:50Z</time></trkpt><trkpt lat="37.59525680541992" lon="127.07000732421875"><ele>13.600000381469727</ele><time>2026-09-18T23:44:51Z</time></trkpt><trkpt lat="37.59523391723633" lon="127.07001495361328"><ele>13.600000381469727</ele><time>2026-09-18T23:44:52Z</time></trkpt><trkpt lat="37.59521484375" lon="127.07002258300781"><ele>13.600000381469727</ele><time>2026-09-18T23:44:53Z</time></trkpt><trkpt lat="37.59519577026367" lon="127.07003021240234"><ele>13.600000381469727</ele><time>2026-09-18T23:44:54Z</time></trkpt><trkpt lat="37.59517288208008" lon="127.07003021240234"><ele>13.600000381469727</ele><time>2026-09-18T23:44:55Z</time></trkpt><trkpt lat="37.595157623291016" lon="127.0700454711914"><ele>13.800000190734863</ele><time>2026-09-18T23:44:56Z</time></trkpt><trkpt lat="37.595130920410156" lon="127.07005310058594"><ele>13.800000190734863</ele><time>2026-09-18T23:44:57Z</time></trkpt><trkpt lat="37.59511947631836" lon="127.07005310058594"><ele>13.800000190734863</ele><time>2026-09-18T23:44:58Z</time></trkpt><trkpt lat="37.59510040283203" lon="127.07005310058594"><ele>13.800000190734863</ele><time>2026-09-18T23:44:59Z</time></trkpt><trkpt lat="37.5950813293457" lon="127.07006072998047"><ele>13.800000190734863</ele><time>2026-09-18T23:45:00Z</time></trkpt><trkpt lat="37.595062255859375" lon="127.07007598876953"><ele>13.800000190734863</ele><time>2026-09-18T23:45:01Z</time></trkpt><trkpt lat="37.595035552978516" lon="127.07008361816406"><ele>13.800000190734863</ele><time>2026-09-18T23:45:02Z</time></trkpt><trkpt lat="37.59502029418945" lon="127.0700912475586"><ele>13.800000190734863</ele><time>2026-09-18T23:45:03Z</time></trkpt><trkpt lat="37.594993591308594" lon="127.07009887695312"><ele>14.0</ele><time>2026-09-18T23:45:04Z</time></trkpt><trkpt lat="37.59497833251953" lon="127.07010650634766"><ele>14.0</ele><time>2026-09-18T23:45:05Z</time></trkpt><trkpt lat="37.59495544433594" lon="127.07011413574219"><ele>14.199999809265137</ele><time>2026-09-18T23:45:06Z</time></trkpt><trkpt lat="37.594932556152344" lon="127.07011413574219"><ele>14.199999809265137</ele><time>2026-09-18T23:45:07Z</time></trkpt><trkpt lat="37.59491729736328" lon="127.07012939453125"><ele>14.199999809265137</ele><time>2026-09-18T23:45:08Z</time></trkpt><trkpt lat="37.59489440917969" lon="127.07013702392578"><ele>14.399999618530273</ele><time>2026-09-18T23:45:09Z</time></trkpt><trkpt lat="37.594879150390625" lon="127.07014465332031"><ele>14.399999618530273</ele><time>2026-09-18T23:45:10Z</time></trkpt><trkpt lat="37.594852447509766" lon="127.07015228271484"><ele>14.399999618530273</ele><time>2026-09-18T23:45:11Z</time></trkpt><trkpt lat="37.5948371887207" lon="127.07015991210938"><ele>14.399999618530273</ele><time>2026-09-18T23:45:12Z</time></trkpt><trkpt lat="37.594818115234375" lon="127.0701675415039"><ele>14.399999618530273</ele><time>2026-09-18T23:45:13Z</time></trkpt><trkpt lat="37.59479904174805" lon="127.07017517089844"><ele>14.399999618530273</ele><time>2026-09-18T23:45:14Z</time></trkpt><trkpt lat="37.594783782958984" lon="127.07018280029297"><ele>14.399999618530273</ele><time>2026-09-18T23:45:15Z</time></trkpt><trkpt lat="37.59476089477539" lon="127.07018280029297"><ele>14.399999618530273</ele><time>2026-09-18T23:45:16Z</time></trkpt><trkpt lat="37.59474563598633" lon="127.07019805908203"><ele>14.399999618530273</ele><time>2026-09-18T23:45:17Z</time></trkpt><trkpt lat="37.594722747802734" lon="127.07020568847656"><ele>14.399999618530273</ele><time>2026-09-18T23:45:18Z</time></trkpt><trkpt lat="37.594703674316406" lon="127.07020568847656"><ele>14.199999809265137</ele><time>2026-09-18T23:45:19Z</time></trkpt><trkpt lat="37.59468078613281" lon="127.0702133178711"><ele>14.199999809265137</ele><time>2026-09-18T23:45:20Z</time></trkpt><trkpt lat="37.594661712646484" lon="127.07022094726562"><ele>14.0</ele><time>2026-09-18T23:45:21Z</time></trkpt><trkpt lat="37.59464645385742" lon="127.07022857666016"><ele>14.0</ele><time>2026-09-18T23:45:22Z</time></trkpt><trkpt lat="37.59461975097656" lon="127.07023620605469"><ele>14.199999809265137</ele><time>2026-09-18T23:45:23Z</time></trkpt><trkpt lat="37.594608306884766" lon="127.07024383544922"><ele>14.199999809265137</ele><time>2026-09-18T23:45:24Z</time></trkpt><trkpt lat="37.594581604003906" lon="127.07025146484375"><ele>14.399999618530273</ele><time>2026-09-18T23:45:25Z</time></trkpt><trkpt lat="37.59456253051758" lon="127.07025909423828"><ele>14.399999618530273</ele><time>2026-09-18T23:45:26Z</time></trkpt><trkpt lat="37.59454345703125" lon="127.07026672363281"><ele>14.399999618530273</ele><time>2026-09-18T23:45:27Z</time></trkpt><trkpt lat="37.594520568847656" lon="127.07025909423828"><ele>14.600000381469727</ele><time>2026-09-18T23:45:28Z</time></trkpt><trkpt lat="37.594505310058594" lon="127.07027435302734"><ele>14.600000381469727</ele><time>2026-09-18T23:45:29Z</time></trkpt><trkpt lat="37.594482421875" lon="127.07028198242188"><ele>14.600000381469727</ele><time>2026-09-18T23:45:30Z</time></trkpt><trkpt lat="37.59446716308594" lon="127.07029724121094"><ele>14.600000381469727</ele><time>2026-09-18T23:45:31Z</time></trkpt><trkpt lat="37.594444274902344" lon="127.07030487060547"><ele>14.600000381469727</ele><time>2026-09-18T23:45:32Z</time></trkpt><trkpt lat="37.59442901611328" lon="127.0703125"><ele>14.600000381469727</ele><time>2026-09-18T23:45:33Z</time></trkpt><trkpt lat="37.59440612792969" lon="127.07032012939453"><ele>14.600000381469727</ele><time>2026-09-18T23:45:34Z</time></trkpt><trkpt lat="37.59438705444336" lon="127.07032012939453"><ele>14.600000381469727</ele><time>2026-09-18T23:45:35Z</time></trkpt><trkpt lat="37.594364166259766" lon="127.07032775878906"><ele>14.600000381469727</ele><time>2026-09-18T23:45:36Z</time></trkpt><trkpt lat="37.59434509277344" lon="127.07032775878906"><ele>14.399999618530273</ele><time>2026-09-18T23:45:37Z</time></trkpt><trkpt lat="37.59432601928711" lon="127.0703353881836"><ele>14.399999618530273</ele><time>2026-09-18T23:45:38Z</time></trkpt><trkpt lat="37.59429931640625" lon="127.0703353881836"><ele>14.399999618530273</ele><time>2026-09-18T23:45:39Z</time></trkpt><trkpt lat="37.59428024291992" lon="127.0703353881836"><ele>14.399999618530273</ele><time>2026-09-18T23:45:40Z</time></trkpt><trkpt lat="37.59425735473633" lon="127.0703353881836"><ele>14.600000381469727</ele><time>2026-09-18T23:45:41Z</time></trkpt><trkpt lat="37.594242095947266" lon="127.07034301757812"><ele>14.600000381469727</ele><time>2026-09-18T23:45:42Z</time></trkpt><trkpt lat="37.59422302246094" lon="127.07035064697266"><ele>14.600000381469727</ele><time>2026-09-18T23:45:43Z</time></trkpt><trkpt lat="37.594200134277344" lon="127.07035827636719"><ele>14.600000381469727</ele><time>2026-09-18T23:45:44Z</time></trkpt><trkpt lat="37.59418487548828" lon="127.07035827636719"><ele>14.600000381469727</ele><time>2026-09-18T23:45:45Z</time></trkpt><trkpt lat="37.59415817260742" lon="127.07036590576172"><ele>14.399999618530273</ele><time>2026-09-18T23:45:46Z</time></trkpt><trkpt lat="37.59414291381836" lon="127.07037353515625"><ele>14.399999618530273</ele><time>2026-09-18T23:45:47Z</time></trkpt><trkpt lat="37.594120025634766" lon="127.07038879394531"><ele>14.399999618530273</ele><time>2026-09-18T23:45:48Z</time></trkpt><trkpt lat="37.5941047668457" lon="127.07038879394531"><ele>14.199999809265137</ele><time>2026-09-18T23:45:49Z</time></trkpt><trkpt lat="37.594085693359375" lon="127.07039642333984"><ele>14.199999809265137</ele><time>2026-09-18T23:45:50Z</time></trkpt><trkpt lat="37.59406280517578" lon="127.07039642333984"><ele>14.199999809265137</ele><time>2026-09-18T23:45:51Z</time></trkpt><trkpt lat="37.59404754638672" lon="127.07040405273438"><ele>14.199999809265137</ele><time>2026-09-18T23:45:52Z</time></trkpt><trkpt lat="37.594017028808594" lon="127.0704116821289"><ele>14.199999809265137</ele><time>2026-09-18T23:45:53Z</time></trkpt><trkpt lat="37.59400177001953" lon="127.0704116821289"><ele>14.199999809265137</ele><time>2026-09-18T23:45:54Z</time></trkpt><trkpt lat="37.59397506713867" lon="127.07041931152344"><ele>14.0</ele><time>2026-09-18T23:45:55Z</time></trkpt><trkpt lat="37.593955993652344" lon="127.07041931152344"><ele>14.0</ele><time>2026-09-18T23:45:56Z</time></trkpt><trkpt lat="37.593936920166016" lon="127.0704345703125"><ele>14.0</ele><time>2026-09-18T23:45:57Z</time></trkpt><trkpt lat="37.59391784667969" lon="127.07044219970703"><ele>14.0</ele><time>2026-09-18T23:45:58Z</time></trkpt><trkpt lat="37.593902587890625" lon="127.07044982910156"><ele>14.199999809265137</ele><time>2026-09-18T23:45:59Z</time></trkpt><trkpt lat="37.5938835144043" lon="127.07044982910156"><ele>14.199999809265137</ele><time>2026-09-18T23:46:00Z</time></trkpt><trkpt lat="37.593868255615234" lon="127.0704574584961"><ele>14.199999809265137</ele><time>2026-09-18T23:46:01Z</time></trkpt><trkpt lat="37.59384536743164" lon="127.07046508789062"><ele>14.199999809265137</ele><time>2026-09-18T23:46:02Z</time></trkpt><trkpt lat="37.59382629394531" lon="127.07046508789062"><ele>14.399999618530273</ele><time>2026-09-18T23:46:03Z</time></trkpt><trkpt lat="37.593807220458984" lon="127.07048034667969"><ele>14.399999618530273</ele><time>2026-09-18T23:46:04Z</time></trkpt><trkpt lat="37.59378433227539" lon="127.07048034667969"><ele>14.399999618530273</ele><time>2026-09-18T23:46:05Z</time></trkpt><trkpt lat="37.59376907348633" lon="127.07049560546875"><ele>14.399999618530273</ele><time>2026-09-18T23:46:06Z</time></trkpt><trkpt lat="37.593746185302734" lon="127.07050323486328"><ele>14.399999618530273</ele><time>2026-09-18T23:46:07Z</time></trkpt><trkpt lat="37.59373092651367" lon="127.07050323486328"><ele>14.399999618530273</ele><time>2026-09-18T23:46:08Z</time></trkpt><trkpt lat="37.593711853027344" lon="127.07051086425781"><ele>14.199999809265137</ele><time>2026-09-18T23:46:09Z</time></trkpt><trkpt lat="37.59368896484375" lon="127.07051849365234"><ele>14.199999809265137</ele><time>2026-09-18T23:46:10Z</time></trkpt><trkpt lat="37.59367370605469" lon="127.07052612304688"><ele>14.199999809265137</ele><time>2026-09-18T23:46:11Z</time></trkpt><trkpt lat="37.59364700317383" lon="127.0705337524414"><ele>14.199999809265137</ele><time>2026-09-18T23:46:12Z</time></trkpt><trkpt lat="37.5936279296875" lon="127.07054138183594"><ele>14.0</ele><time>2026-09-18T23:46:13Z</time></trkpt><trkpt lat="37.59360885620117" lon="127.07054901123047"><ele>14.0</ele><time>2026-09-18T23:46:14Z</time></trkpt><trkpt lat="37.59358596801758" lon="127.070556640625"><ele>14.0</ele><time>2026-09-18T23:46:15Z</time></trkpt><trkpt lat="37.593570709228516" lon="127.07056427001953"><ele>14.0</ele><time>2026-09-18T23:46:16Z</time></trkpt><trkpt lat="37.59354782104492" lon="127.07057189941406"><ele>14.0</ele><time>2026-09-18T23:46:17Z</time></trkpt><trkpt lat="37.59353256225586" lon="127.07057189941406"><ele>14.0</ele><time>2026-09-18T23:46:18Z</time></trkpt><trkpt lat="37.593509674072266" lon="127.0705795288086"><ele>14.0</ele><time>2026-09-18T23:46:19Z</time></trkpt><trkpt lat="37.59349060058594" lon="127.0705795288086"><ele>14.0</ele><time>2026-09-18T23:46:20Z</time></trkpt><trkpt lat="37.593475341796875" lon="127.07058715820312"><ele>14.0</ele><time>2026-09-18T23:46:21Z</time></trkpt><trkpt lat="37.59345245361328" lon="127.07058715820312"><ele>14.199999809265137</ele><time>2026-09-18T23:46:22Z</time></trkpt><trkpt lat="37.59343719482422" lon="127.07059478759766"><ele>14.199999809265137</ele><time>2026-09-18T23:46:23Z</time></trkpt><trkpt lat="37.593414306640625" lon="127.07059478759766"><ele>14.199999809265137</ele><time>2026-09-18T23:46:24Z</time></trkpt><trkpt lat="37.5933952331543" lon="127.07059478759766"><ele>14.199999809265137</ele><time>2026-09-18T23:46:25Z</time></trkpt><trkpt lat="37.593379974365234" lon="127.07060241699219"><ele>14.399999618530273</ele><time>2026-09-18T23:46:26Z</time></trkpt><trkpt lat="37.59335708618164" lon="127.07061004638672"><ele>14.399999618530273</ele><time>2026-09-18T23:46:27Z</time></trkpt><trkpt lat="37.593345642089844" lon="127.07061767578125"><ele>14.399999618530273</ele><time>2026-09-18T23:46:28Z</time></trkpt><trkpt lat="37.59332275390625" lon="127.07062530517578"><ele>14.399999618530273</ele><time>2026-09-18T23:46:29Z</time></trkpt><trkpt lat="37.59330749511719" lon="127.07063293457031"><ele>14.399999618530273</ele><time>2026-09-18T23:46:30Z</time></trkpt><trkpt lat="37.59328842163086" lon="127.07064056396484"><ele>14.399999618530273</ele><time>2026-09-18T23:46:31Z</time></trkpt><trkpt lat="37.593265533447266" lon="127.07063293457031"><ele>14.199999809265137</ele><time>2026-09-18T23:46:32Z</time></trkpt><trkpt lat="37.5932502746582" lon="127.07064819335938"><ele>14.199999809265137</ele><time>2026-09-18T23:46:33Z</time></trkpt><trkpt lat="37.59322738647461" lon="127.0706558227539"><ele>14.199999809265137</ele><time>2026-09-18T23:46:34Z</time></trkpt><trkpt lat="37.59321594238281" lon="127.0706558227539"><ele>14.199999809265137</ele><time>2026-09-18T23:46:35Z</time></trkpt><trkpt lat="37.593196868896484" lon="127.07066345214844"><ele>14.199999809265137</ele><time>2026-09-18T23:46:36Z</time></trkpt><trkpt lat="37.593177795410156" lon="127.07066345214844"><ele>14.199999809265137</ele><time>2026-09-18T23:46:37Z</time></trkpt><trkpt lat="37.593162536621094" lon="127.0706787109375"><ele>14.199999809265137</ele><time>2026-09-18T23:46:38Z</time></trkpt><trkpt lat="37.5931396484375" lon="127.0706787109375"><ele>14.399999618530273</ele><time>2026-09-18T23:46:39Z</time></trkpt><trkpt lat="37.593116760253906" lon="127.07069396972656"><ele>14.399999618530273</ele><time>2026-09-18T23:46:40Z</time></trkpt><trkpt lat="37.59309768676758" lon="127.0707015991211"><ele>14.399999618530273</ele><time>2026-09-18T23:46:41Z</time></trkpt><trkpt lat="37.59307861328125" lon="127.0707015991211"><ele>14.399999618530273</ele><time>2026-09-18T23:46:42Z</time></trkpt><trkpt lat="37.59306335449219" lon="127.07070922851562"><ele>14.399999618530273</ele><time>2026-09-18T23:46:43Z</time></trkpt><trkpt lat="37.593040466308594" lon="127.07070922851562"><ele>14.399999618530273</ele><time>2026-09-18T23:46:44Z</time></trkpt><trkpt lat="37.59302520751953" lon="127.07072448730469"><ele>14.199999809265137</ele><time>2026-09-18T23:46:45Z</time></trkpt><trkpt lat="37.59300231933594" lon="127.07072448730469"><ele>14.199999809265137</ele><time>2026-09-18T23:46:46Z</time></trkpt><trkpt lat="37.59299087524414" lon="127.07073211669922"><ele>14.199999809265137</ele><time>2026-09-18T23:46:47Z</time></trkpt><trkpt lat="37.59296798706055" lon="127.07073974609375"><ele>14.0</ele><time>2026-09-18T23:46:48Z</time></trkpt><trkpt lat="37.59294891357422" lon="127.07074737548828"><ele>14.0</ele><time>2026-09-18T23:46:49Z</time></trkpt><trkpt lat="37.592933654785156" lon="127.07075500488281"><ele>14.0</ele><time>2026-09-18T23:46:50Z</time></trkpt><trkpt lat="37.59291076660156" lon="127.07074737548828"><ele>14.0</ele><time>2026-09-18T23:46:51Z</time></trkpt><trkpt lat="37.5928955078125" lon="127.07076263427734"><ele>13.800000190734863</ele><time>2026-09-18T23:46:52Z</time></trkpt><trkpt lat="37.59286880493164" lon="127.07076263427734"><ele>14.0</ele><time>2026-09-18T23:46:53Z</time></trkpt><trkpt lat="37.59285354614258" lon="127.07076263427734"><ele>14.0</ele><time>2026-09-18T23:46:54Z</time></trkpt><trkpt lat="37.59283447265625" lon="127.07076263427734"><ele>14.199999809265137</ele><time>2026-09-18T23:46:55Z</time></trkpt><trkpt lat="37.592811584472656" lon="127.0707778930664"><ele>14.199999809265137</ele><time>2026-09-18T23:46:56Z</time></trkpt><trkpt lat="37.592796325683594" lon="127.07079315185547"><ele>14.199999809265137</ele><time>2026-09-18T23:46:57Z</time></trkpt><trkpt lat="37.5927734375" lon="127.07080078125"><ele>14.199999809265137</ele><time>2026-09-18T23:46:58Z</time></trkpt><trkpt lat="37.59275817871094" lon="127.07081604003906"><ele>14.199999809265137</ele><time>2026-09-18T23:46:59Z</time></trkpt><trkpt lat="37.59273910522461" lon="127.0708236694336"><ele>14.199999809265137</ele><time>2026-09-18T23:47:00Z</time></trkpt><trkpt lat="37.59272003173828" lon="127.07083129882812"><ele>14.199999809265137</ele><time>2026-09-18T23:47:01Z</time></trkpt><trkpt lat="37.59270095825195" lon="127.07083892822266"><ele>14.0</ele><time>2026-09-18T23:47:02Z</time></trkpt><trkpt lat="37.592681884765625" lon="127.07083892822266"><ele>14.0</ele><time>2026-09-18T23:47:03Z</time></trkpt><trkpt lat="37.5926628112793" lon="127.07084655761719"><ele>14.0</ele><time>2026-09-18T23:47:04Z</time></trkpt><trkpt lat="37.59264373779297" lon="127.07085418701172"><ele>14.0</ele><time>2026-09-18T23:47:05Z</time></trkpt><trkpt lat="37.59262466430664" lon="127.07086181640625"><ele>14.0</ele><time>2026-09-18T23:47:06Z</time></trkpt><trkpt lat="37.59260940551758" lon="127.07086944580078"><ele>14.0</ele><time>2026-09-18T23:47:07Z</time></trkpt><trkpt lat="37.592594146728516" lon="127.07086944580078"><ele>14.0</ele><time>2026-09-18T23:47:08Z</time></trkpt><trkpt lat="37.59257888793945" lon="127.07087707519531"><ele>14.0</ele><time>2026-09-18T23:47:09Z</time></trkpt><trkpt lat="37.592567443847656" lon="127.07088470458984"><ele>13.800000190734863</ele><time>2026-09-18T23:47:10Z</time></trkpt><trkpt lat="37.592552185058594" lon="127.07089233398438"><ele>14.0</ele><time>2026-09-18T23:47:11Z</time></trkpt><trkpt lat="37.59253692626953" lon="127.07090759277344"><ele>14.0</ele><time>2026-09-18T23:47:12Z</time></trkpt><trkpt lat="37.5925178527832" lon="127.07091522216797"><ele>14.0</ele><time>2026-09-18T23:47:13Z</time></trkpt><trkpt lat="37.592498779296875" lon="127.07090759277344"><ele>14.0</ele><time>2026-09-18T23:47:14Z</time></trkpt><trkpt lat="37.59247970581055" lon="127.07091522216797"><ele>14.0</ele><time>2026-09-18T23:47:15Z</time></trkpt><trkpt lat="37.59245300292969" lon="127.07091522216797"><ele>14.0</ele><time>2026-09-18T23:47:16Z</time></trkpt><trkpt lat="37.592437744140625" lon="127.0709228515625"><ele>13.800000190734863</ele><time>2026-09-18T23:47:17Z</time></trkpt><trkpt lat="37.59241485595703" lon="127.07093048095703"><ele>13.800000190734863</ele><time>2026-09-18T23:47:18Z</time></trkpt><trkpt lat="37.59239196777344" lon="127.07093048095703"><ele>13.800000190734863</ele><time>2026-09-18T23:47:19Z</time></trkpt><trkpt lat="37.59237289428711" lon="127.07093811035156"><ele>13.800000190734863</ele><time>2026-09-18T23:47:20Z</time></trkpt><trkpt lat="37.592350006103516" lon="127.0709457397461"><ele>13.800000190734863</ele><time>2026-09-18T23:47:21Z</time></trkpt><trkpt lat="37.59233474731445" lon="127.07095336914062"><ele>13.800000190734863</ele><time>2026-09-18T23:47:22Z</time></trkpt><trkpt lat="37.59231185913086" lon="127.07096099853516"><ele>13.800000190734863</ele><time>2026-09-18T23:47:23Z</time></trkpt><trkpt lat="37.59229278564453" lon="127.07096099853516"><ele>13.800000190734863</ele><time>2026-09-18T23:47:24Z</time></trkpt><trkpt lat="37.5922737121582" lon="127.07096862792969"><ele>13.800000190734863</ele><time>2026-09-18T23:47:25Z</time></trkpt><trkpt lat="37.592254638671875" lon="127.07096862792969"><ele>13.800000190734863</ele><time>2026-09-18T23:47:26Z</time></trkpt><trkpt lat="37.59223556518555" lon="127.07097625732422"><ele>13.800000190734863</ele><time>2026-09-18T23:47:27Z</time></trkpt><trkpt lat="37.59221649169922" lon="127.07096862792969"><ele>13.800000190734863</ele><time>2026-09-18T23:47:28Z</time></trkpt><trkpt lat="37.592201232910156" lon="127.07097625732422"><ele>13.800000190734863</ele><time>2026-09-18T23:47:29Z</time></trkpt><trkpt lat="37.59217834472656" lon="127.07097625732422"><ele>13.800000190734863</ele><time>2026-09-18T23:47:30Z</time></trkpt><trkpt lat="37.5921630859375" lon="127.07097625732422"><ele>13.800000190734863</ele><time>2026-09-18T23:47:31Z</time></trkpt><trkpt lat="37.59214782714844" lon="127.07098388671875"><ele>13.800000190734863</ele><time>2026-09-18T23:47:32Z</time></trkpt><trkpt lat="37.59212875366211" lon="127.07098388671875"><ele>13.800000190734863</ele><time>2026-09-18T23:47:33Z</time></trkpt><trkpt lat="37.59212112426758" lon="127.07098388671875"><ele>13.600000381469727</ele><time>2026-09-18T23:47:34Z</time></trkpt><trkpt lat="37.59211349487305" lon="127.07099151611328"><ele>13.600000381469727</ele><time>2026-09-18T23:47:35Z</time></trkpt><trkpt lat="37.59210968017578" lon="127.07099914550781"><ele>13.600000381469727</ele><time>2026-09-18T23:47:36Z</time></trkpt><trkpt lat="37.592098236083984" lon="127.0710220336914"><ele>13.600000381469727</ele><time>2026-09-18T23:47:37Z</time></trkpt><trkpt lat="37.59209060668945" lon="127.07103729248047"><ele>13.600000381469727</ele><time>2026-09-18T23:47:38Z</time></trkpt><trkpt lat="37.592071533203125" lon="127.07106018066406"><ele>13.600000381469727</ele><time>2026-09-18T23:47:39Z</time></trkpt><trkpt lat="37.59205627441406" lon="127.0710678100586"><ele>13.600000381469727</ele><time>2026-09-18T23:47:40Z</time></trkpt><trkpt lat="37.592041015625" lon="127.07108306884766"><ele>13.600000381469727</ele><time>2026-09-18T23:47:41Z</time></trkpt><trkpt lat="37.59202194213867" lon="127.07109069824219"><ele>13.800000190734863</ele><time>2026-09-18T23:47:42Z</time></trkpt><trkpt lat="37.59200668334961" lon="127.07109069824219"><ele>13.800000190734863</ele><time>2026-09-18T23:47:43Z</time></trkpt><trkpt lat="37.59198760986328" lon="127.07109832763672"><ele>14.0</ele><time>2026-09-18T23:47:44Z</time></trkpt><trkpt lat="37.59196472167969" lon="127.07109832763672"><ele>14.0</ele><time>2026-09-18T23:47:45Z</time></trkpt><trkpt lat="37.591949462890625" lon="127.07110595703125"><ele>14.0</ele><time>2026-09-18T23:47:46Z</time></trkpt><trkpt lat="37.59192657470703" lon="127.07110595703125"><ele>14.0</ele><time>2026-09-18T23:47:47Z</time></trkpt><trkpt lat="37.5919075012207" lon="127.07110595703125"><ele>14.0</ele><time>2026-09-18T23:47:48Z</time></trkpt><trkpt lat="37.591888427734375" lon="127.07110595703125"><ele>14.0</ele><time>2026-09-18T23:47:49Z</time></trkpt><trkpt lat="37.59186553955078" lon="127.07110595703125"><ele>14.0</ele><time>2026-09-18T23:47:50Z</time></trkpt><trkpt lat="37.59185028076172" lon="127.07111358642578"><ele>14.0</ele><time>2026-09-18T23:47:51Z</time></trkpt><trkpt lat="37.591827392578125" lon="127.07111358642578"><ele>14.0</ele><time>2026-09-18T23:47:52Z</time></trkpt><trkpt lat="37.5918083190918" lon="127.07112121582031"><ele>14.0</ele><time>2026-09-18T23:47:53Z</time></trkpt><trkpt lat="37.59178924560547" lon="127.07112121582031"><ele>14.0</ele><time>2026-09-18T23:47:54Z</time></trkpt><trkpt lat="37.591766357421875" lon="127.07112121582031"><ele>13.800000190734863</ele><time>2026-09-18T23:47:55Z</time></trkpt><trkpt lat="37.59175109863281" lon="127.07112884521484"><ele>13.800000190734863</ele><time>2026-09-18T23:47:56Z</time></trkpt><trkpt lat="37.59172439575195" lon="127.07112884521484"><ele>13.800000190734863</ele><time>2026-09-18T23:47:57Z</time></trkpt><trkpt lat="37.59170913696289" lon="127.07112884521484"><ele>13.800000190734863</ele><time>2026-09-18T23:47:58Z</time></trkpt><trkpt lat="37.59169006347656" lon="127.07113647460938"><ele>13.800000190734863</ele><time>2026-09-18T23:47:59Z</time></trkpt><trkpt lat="37.591670989990234" lon="127.07113647460938"><ele>13.800000190734863</ele><time>2026-09-18T23:48:00Z</time></trkpt><trkpt lat="37.591651916503906" lon="127.0711441040039"><ele>13.800000190734863</ele><time>2026-09-18T23:48:01Z</time></trkpt><trkpt lat="37.59162902832031" lon="127.0711441040039"><ele>13.800000190734863</ele><time>2026-09-18T23:48:02Z</time></trkpt><trkpt lat="37.59161376953125" lon="127.0711441040039"><ele>13.800000190734863</ele><time>2026-09-18T23:48:03Z</time></trkpt><trkpt lat="37.59159851074219" lon="127.07115173339844"><ele>13.800000190734863</ele><time>2026-09-18T23:48:04Z</time></trkpt><trkpt lat="37.591575622558594" lon="127.0711441040039"><ele>13.800000190734863</ele><time>2026-09-18T23:48:05Z</time></trkpt><trkpt lat="37.59156036376953" lon="127.07115173339844"><ele>14.0</ele><time>2026-09-18T23:48:06Z</time></trkpt><trkpt lat="37.5915412902832" lon="127.07115173339844"><ele>14.0</ele><time>2026-09-18T23:48:07Z</time></trkpt><trkpt lat="37.591529846191406" lon="127.07115173339844"><ele>14.0</ele><time>2026-09-18T23:48:08Z</time></trkpt><trkpt lat="37.59151077270508" lon="127.07115173339844"><ele>14.0</ele><time>2026-09-18T23:48:09Z</time></trkpt><trkpt lat="37.591487884521484" lon="127.07115173339844"><ele>14.0</ele><time>2026-09-18T23:48:10Z</time></trkpt><trkpt lat="37.59147262573242" lon="127.07115936279297"><ele>13.800000190734863</ele><time>2026-09-18T23:48:11Z</time></trkpt><trkpt lat="37.59144973754883" lon="127.07115936279297"><ele>14.0</ele><time>2026-09-18T23:48:12Z</time></trkpt><trkpt lat="37.591434478759766" lon="127.0711669921875"><ele>14.0</ele><time>2026-09-18T23:48:13Z</time></trkpt><trkpt lat="37.59141159057617" lon="127.07117462158203"><ele>14.0</ele><time>2026-09-18T23:48:14Z</time></trkpt><trkpt lat="37.59138870239258" lon="127.07118225097656"><ele>14.0</ele><time>2026-09-18T23:48:15Z</time></trkpt><trkpt lat="37.591373443603516" lon="127.07118225097656"><ele>13.800000190734863</ele><time>2026-09-18T23:48:16Z</time></trkpt><trkpt lat="37.591346740722656" lon="127.07118225097656"><ele>13.800000190734863</ele><time>2026-09-18T23:48:17Z</time></trkpt><trkpt lat="37.591331481933594" lon="127.07118225097656"><ele>13.800000190734863</ele><time>2026-09-18T23:48:18Z</time></trkpt><trkpt lat="37.591312408447266" lon="127.0711898803711"><ele>13.800000190734863</ele><time>2026-09-18T23:48:19Z</time></trkpt><trkpt lat="37.59128952026367" lon="127.0711898803711"><ele>13.800000190734863</ele><time>2026-09-18T23:48:20Z</time></trkpt><trkpt lat="37.591278076171875" lon="127.07119750976562"><ele>13.800000190734863</ele><time>2026-09-18T23:48:21Z</time></trkpt><trkpt lat="37.59125518798828" lon="127.07119750976562"><ele>13.800000190734863</ele><time>2026-09-18T23:48:22Z</time></trkpt><trkpt lat="37.59123611450195" lon="127.07119750976562"><ele>13.800000190734863</ele><time>2026-09-18T23:48:23Z</time></trkpt><trkpt lat="37.591217041015625" lon="127.07120513916016"><ele>13.800000190734863</ele><time>2026-09-18T23:48:24Z</time></trkpt><trkpt lat="37.59119415283203" lon="127.07121276855469"><ele>13.800000190734863</ele><time>2026-09-18T23:48:25Z</time></trkpt><trkpt lat="37.59117889404297" lon="127.07121276855469"><ele>13.800000190734863</ele><time>2026-09-18T23:48:26Z</time></trkpt><trkpt lat="37.591156005859375" lon="127.07122039794922"><ele>13.800000190734863</ele><time>2026-09-18T23:48:27Z</time></trkpt><trkpt lat="37.59113693237305" lon="127.07122039794922"><ele>13.800000190734863</ele><time>2026-09-18T23:48:28Z</time></trkpt><trkpt lat="37.59111785888672" lon="127.07122039794922"><ele>13.800000190734863</ele><time>2026-09-18T23:48:29Z</time></trkpt><trkpt lat="37.59109878540039" lon="127.07122802734375"><ele>13.800000190734863</ele><time>2026-09-18T23:48:30Z</time></trkpt><trkpt lat="37.59107971191406" lon="127.07122802734375"><ele>13.800000190734863</ele><time>2026-09-18T23:48:31Z</time></trkpt><trkpt lat="37.5910530090332" lon="127.07122802734375"><ele>13.800000190734863</ele><time>2026-09-18T23:48:32Z</time></trkpt><trkpt lat="37.59103775024414" lon="127.07123565673828"><ele>13.800000190734863</ele><time>2026-09-18T23:48:33Z</time></trkpt><trkpt lat="37.59101867675781" lon="127.07123565673828"><ele>13.800000190734863</ele><time>2026-09-18T23:48:34Z</time></trkpt><trkpt lat="37.59099578857422" lon="127.07124328613281"><ele>13.800000190734863</ele><time>2026-09-18T23:48:35Z</time></trkpt><trkpt lat="37.59097671508789" lon="127.07125091552734"><ele>13.600000381469727</ele><time>2026-09-18T23:48:36Z</time></trkpt><trkpt lat="37.5909538269043" lon="127.07125091552734"><ele>13.600000381469727</ele><time>2026-09-18T23:48:37Z</time></trkpt><trkpt lat="37.590938568115234" lon="127.07125854492188"><ele>13.600000381469727</ele><time>2026-09-18T23:48:38Z</time></trkpt><trkpt lat="37.59091567993164" lon="127.0712661743164"><ele>13.600000381469727</ele><time>2026-09-18T23:48:39Z</time></trkpt><trkpt lat="37.59089660644531" lon="127.0712661743164"><ele>13.600000381469727</ele><time>2026-09-18T23:48:40Z</time></trkpt><trkpt lat="37.590877532958984" lon="127.0712661743164"><ele>13.600000381469727</ele><time>2026-09-18T23:48:41Z</time></trkpt><trkpt lat="37.59085464477539" lon="127.07127380371094"><ele>13.800000190734863</ele><time>2026-09-18T23:48:42Z</time></trkpt><trkpt lat="37.59083938598633" lon="127.07128143310547"><ele>14.199999809265137</ele><time>2026-09-18T23:48:43Z</time></trkpt><trkpt lat="37.590816497802734" lon="127.0712890625"><ele>14.199999809265137</ele><time>2026-09-18T23:48:44Z</time></trkpt><trkpt lat="37.59080123901367" lon="127.0712890625"><ele>14.199999809265137</ele><time>2026-09-18T23:48:45Z</time></trkpt><trkpt lat="37.59077453613281" lon="127.07129669189453"><ele>14.199999809265137</ele><time>2026-09-18T23:48:46Z</time></trkpt><trkpt lat="37.590755462646484" lon="127.07129669189453"><ele>14.0</ele><time>2026-09-18T23:48:47Z</time></trkpt><trkpt lat="37.59073257446289" lon="127.07129669189453"><ele>13.800000190734863</ele><time>2026-09-18T23:48:48Z</time></trkpt><trkpt lat="37.59071350097656" lon="127.07129669189453"><ele>13.800000190734863</ele><time>2026-09-18T23:48:49Z</time></trkpt><trkpt lat="37.590694427490234" lon="127.0712890625"><ele>13.800000190734863</ele><time>2026-09-18T23:48:50Z</time></trkpt><trkpt lat="37.590675354003906" lon="127.0712890625"><ele>14.0</ele><time>2026-09-18T23:48:51Z</time></trkpt><trkpt lat="37.590660095214844" lon="127.0712890625"><ele>14.0</ele><time>2026-09-18T23:48:52Z</time></trkpt><trkpt lat="37.59063720703125" lon="127.0712890625"><ele>14.0</ele><time>2026-09-18T23:48:53Z</time></trkpt><trkpt lat="37.59061813354492" lon="127.0712890625"><ele>14.0</ele><time>2026-09-18T23:48:54Z</time></trkpt><trkpt lat="37.590599060058594" lon="127.07129669189453"><ele>13.800000190734863</ele><time>2026-09-18T23:48:55Z</time></trkpt><trkpt lat="37.590576171875" lon="127.07129669189453"><ele>13.800000190734863</ele><time>2026-09-18T23:48:56Z</time></trkpt><trkpt lat="37.59055709838867" lon="127.07130432128906"><ele>13.800000190734863</ele><time>2026-09-18T23:48:57Z</time></trkpt><trkpt lat="37.59053421020508" lon="127.07130432128906"><ele>13.800000190734863</ele><time>2026-09-18T23:48:58Z</time></trkpt><trkpt lat="37.59051513671875" lon="127.07130432128906"><ele>13.800000190734863</ele><time>2026-09-18T23:48:59Z</time></trkpt><trkpt lat="37.59049606323242" lon="127.0713119506836"><ele>13.800000190734863</ele><time>2026-09-18T23:49:00Z</time></trkpt><trkpt lat="37.590476989746094" lon="127.0713119506836"><ele>13.800000190734863</ele><time>2026-09-18T23:49:01Z</time></trkpt><trkpt lat="37.59046173095703" lon="127.07131958007812"><ele>13.800000190734863</ele><time>2026-09-18T23:49:02Z</time></trkpt><trkpt lat="37.59043884277344" lon="127.07131958007812"><ele>13.800000190734863</ele><time>2026-09-18T23:49:03Z</time></trkpt><trkpt lat="37.590423583984375" lon="127.07132720947266"><ele>13.800000190734863</ele><time>2026-09-18T23:49:04Z</time></trkpt><trkpt lat="37.59040069580078" lon="127.07132720947266"><ele>13.800000190734863</ele><time>2026-09-18T23:49:05Z</time></trkpt><trkpt lat="37.59038543701172" lon="127.07132720947266"><ele>13.800000190734863</ele><time>2026-09-18T23:49:06Z</time></trkpt><trkpt lat="37.590370178222656" lon="127.07133483886719"><ele>13.800000190734863</ele><time>2026-09-18T23:49:07Z</time></trkpt><trkpt lat="37.59034729003906" lon="127.07133483886719"><ele>13.800000190734863</ele><time>2026-09-18T23:49:08Z</time></trkpt><trkpt lat="37.590328216552734" lon="127.07134246826172"><ele>13.800000190734863</ele><time>2026-09-18T23:49:09Z</time></trkpt><trkpt lat="37.590301513671875" lon="127.07134246826172"><ele>13.800000190734863</ele><time>2026-09-18T23:49:10Z</time></trkpt><trkpt lat="37.59028625488281" lon="127.07134246826172"><ele>13.800000190734863</ele><time>2026-09-18T23:49:11Z</time></trkpt><trkpt lat="37.590267181396484" lon="127.07135009765625"><ele>13.800000190734863</ele><time>2026-09-18T23:49:12Z</time></trkpt><trkpt lat="37.59024429321289" lon="127.07135009765625"><ele>13.800000190734863</ele><time>2026-09-18T23:49:13Z</time></trkpt><trkpt lat="37.59022521972656" lon="127.07135772705078"><ele>13.800000190734863</ele><time>2026-09-18T23:49:14Z</time></trkpt><trkpt lat="37.5901985168457" lon="127.07135772705078"><ele>13.800000190734863</ele><time>2026-09-18T23:49:15Z</time></trkpt><trkpt lat="37.59018325805664" lon="127.07137298583984"><ele>13.600000381469727</ele><time>2026-09-18T23:49:16Z</time></trkpt><trkpt lat="37.59016036987305" lon="127.07138061523438"><ele>13.600000381469727</ele><time>2026-09-18T23:49:17Z</time></trkpt><trkpt lat="37.59014129638672" lon="127.0713882446289"><ele>13.600000381469727</ele><time>2026-09-18T23:49:18Z</time></trkpt><trkpt lat="37.59012222290039" lon="127.07139587402344"><ele>13.600000381469727</ele><time>2026-09-18T23:49:19Z</time></trkpt><trkpt lat="37.5900993347168" lon="127.07139587402344"><ele>13.600000381469727</ele><time>2026-09-18T23:49:20Z</time></trkpt><trkpt lat="37.59008026123047" lon="127.07140350341797"><ele>13.800000190734863</ele><time>2026-09-18T23:49:21Z</time></trkpt><trkpt lat="37.590057373046875" lon="127.0714111328125"><ele>13.800000190734863</ele><time>2026-09-18T23:49:22Z</time></trkpt><trkpt lat="37.59003829956055" lon="127.0714111328125"><ele>13.800000190734863</ele><time>2026-09-18T23:49:23Z</time></trkpt><trkpt lat="37.59001922607422" lon="127.07141876220703"><ele>13.800000190734863</ele><time>2026-09-18T23:49:24Z</time></trkpt><trkpt lat="37.589996337890625" lon="127.07141876220703"><ele>13.800000190734863</ele><time>2026-09-18T23:49:25Z</time></trkpt><trkpt lat="37.58998107910156" lon="127.07142639160156"><ele>14.0</ele><time>2026-09-18T23:49:26Z</time></trkpt><trkpt lat="37.58995819091797" lon="127.07142639160156"><ele>14.0</ele><time>2026-09-18T23:49:27Z</time></trkpt><trkpt lat="37.589942932128906" lon="127.07141876220703"><ele>13.800000190734863</ele><time>2026-09-18T23:49:28Z</time></trkpt><trkpt lat="37.58992004394531" lon="127.07142639160156"><ele>13.800000190734863</ele><time>2026-09-18T23:49:29Z</time></trkpt><trkpt lat="37.589900970458984" lon="127.07142639160156"><ele>13.800000190734863</ele><time>2026-09-18T23:49:30Z</time></trkpt><trkpt lat="37.589881896972656" lon="127.0714340209961"><ele>14.0</ele><time>2026-09-18T23:49:31Z</time></trkpt><trkpt lat="37.5898551940918" lon="127.07144165039062"><ele>14.0</ele><time>2026-09-18T23:49:32Z</time></trkpt><trkpt lat="37.589839935302734" lon="127.07144165039062"><ele>14.0</ele><time>2026-09-18T23:49:33Z</time></trkpt><trkpt lat="37.589820861816406" lon="127.07144927978516"><ele>14.0</ele><time>2026-09-18T23:49:34Z</time></trkpt><trkpt lat="37.58980178833008" lon="127.07144927978516"><ele>14.0</ele><time>2026-09-18T23:49:35Z</time></trkpt><trkpt lat="37.58978271484375" lon="127.07145690917969"><ele>14.0</ele><time>2026-09-18T23:49:36Z</time></trkpt><trkpt lat="37.589759826660156" lon="127.07146453857422"><ele>13.800000190734863</ele><time>2026-09-18T23:49:37Z</time></trkpt><trkpt lat="37.589744567871094" lon="127.07147216796875"><ele>13.800000190734863</ele><time>2026-09-18T23:49:38Z</time></trkpt><trkpt lat="37.5897216796875" lon="127.07147216796875"><ele>13.800000190734863</ele><time>2026-09-18T23:49:39Z</time></trkpt><trkpt lat="37.58970642089844" lon="127.07147216796875"><ele>13.600000381469727</ele><time>2026-09-18T23:49:40Z</time></trkpt><trkpt lat="37.58968734741211" lon="127.07147979736328"><ele>13.600000381469727</ele><time>2026-09-18T23:49:41Z</time></trkpt><trkpt lat="37.589664459228516" lon="127.07148742675781"><ele>13.600000381469727</ele><time>2026-09-18T23:49:42Z</time></trkpt><trkpt lat="37.58964920043945" lon="127.07149505615234"><ele>13.600000381469727</ele><time>2026-09-18T23:49:43Z</time></trkpt><trkpt lat="37.589622497558594" lon="127.07150268554688"><ele>13.600000381469727</ele><time>2026-09-18T23:49:44Z</time></trkpt><trkpt lat="37.58960723876953" lon="127.07149505615234"><ele>13.399999618530273</ele><time>2026-09-18T23:49:45Z</time></trkpt><trkpt lat="37.5895881652832" lon="127.07150268554688"><ele>13.399999618530273</ele><time>2026-09-18T23:49:46Z</time></trkpt><trkpt lat="37.58956527709961" lon="127.07150268554688"><ele>13.600000381469727</ele><time>2026-09-18T23:49:47Z</time></trkpt><trkpt lat="37.58954620361328" lon="127.0715103149414"><ele>13.600000381469727</ele><time>2026-09-18T23:49:48Z</time></trkpt><trkpt lat="37.58951950073242" lon="127.0715103149414"><ele>13.600000381469727</ele><time>2026-09-18T23:49:49Z</time></trkpt><trkpt lat="37.58950424194336" lon="127.07151794433594"><ele>13.600000381469727</ele><time>2026-09-18T23:49:50Z</time></trkpt><trkpt lat="37.589481353759766" lon="127.07151794433594"><ele>13.600000381469727</ele><time>2026-09-18T23:49:51Z</time></trkpt><trkpt lat="37.58946228027344" lon="127.07151794433594"><ele>13.600000381469727</ele><time>2026-09-18T23:49:52Z</time></trkpt><trkpt lat="37.589447021484375" lon="127.07152557373047"><ele>13.600000381469727</ele><time>2026-09-18T23:49:53Z</time></trkpt><trkpt lat="37.589420318603516" lon="127.07152557373047"><ele>13.600000381469727</ele><time>2026-09-18T23:49:54Z</time></trkpt><trkpt lat="37.58940505981445" lon="127.071533203125"><ele>13.600000381469727</ele><time>2026-09-18T23:49:55Z</time></trkpt><trkpt lat="37.58938217163086" lon="127.07154083251953"><ele>13.600000381469727</ele><time>2026-09-18T23:49:56Z</time></trkpt><trkpt lat="37.58936309814453" lon="127.07154083251953"><ele>13.600000381469727</ele><time>2026-09-18T23:49:57Z</time></trkpt><trkpt lat="37.5893440246582" lon="127.07154083251953"><ele>13.600000381469727</ele><time>2026-09-18T23:49:58Z</time></trkpt><trkpt lat="37.58932113647461" lon="127.07154083251953"><ele>13.600000381469727</ele><time>2026-09-18T23:49:59Z</time></trkpt><trkpt lat="37.58930587768555" lon="127.0715560913086"><ele>13.600000381469727</ele><time>2026-09-18T23:50:00Z</time></trkpt><trkpt lat="37.58927917480469" lon="127.0715560913086"><ele>13.600000381469727</ele><time>2026-09-18T23:50:01Z</time></trkpt><trkpt lat="37.589263916015625" lon="127.0715560913086"><ele>13.600000381469727</ele><time>2026-09-18T23:50:02Z</time></trkpt><trkpt lat="37.5892448425293" lon="127.0715560913086"><ele>13.600000381469727</ele><time>2026-09-18T23:50:03Z</time></trkpt><trkpt lat="37.58922576904297" lon="127.07156372070312"><ele>13.600000381469727</ele><time>2026-09-18T23:50:04Z</time></trkpt><trkpt lat="37.58921432495117" lon="127.07157135009766"><ele>13.600000381469727</ele><time>2026-09-18T23:50:05Z</time></trkpt><trkpt lat="37.58918762207031" lon="127.07157897949219"><ele>13.600000381469727</ele><time>2026-09-18T23:50:06Z</time></trkpt><trkpt lat="37.589176177978516" lon="127.07158660888672"><ele>13.800000190734863</ele><time>2026-09-18T23:50:07Z</time></trkpt><trkpt lat="37.58915328979492" lon="127.07159423828125"><ele>13.800000190734863</ele><time>2026-09-18T23:50:08Z</time></trkpt><trkpt lat="37.589134216308594" lon="127.07159423828125"><ele>13.800000190734863</ele><time>2026-09-18T23:50:09Z</time></trkpt><trkpt lat="37.589115142822266" lon="127.07160186767578"><ele>13.800000190734863</ele><time>2026-09-18T23:50:10Z</time></trkpt><trkpt lat="37.58909225463867" lon="127.07160949707031"><ele>13.800000190734863</ele><time>2026-09-18T23:50:11Z</time></trkpt><trkpt lat="37.589073181152344" lon="127.07160949707031"><ele>13.800000190734863</ele><time>2026-09-18T23:50:12Z</time></trkpt><trkpt lat="37.589054107666016" lon="127.07161712646484"><ele>13.800000190734863</ele><time>2026-09-18T23:50:13Z</time></trkpt><trkpt lat="37.58903121948242" lon="127.07162475585938"><ele>13.800000190734863</ele><time>2026-09-18T23:50:14Z</time></trkpt><trkpt lat="37.58901596069336" lon="127.0716323852539"><ele>13.800000190734863</ele><time>2026-09-18T23:50:15Z</time></trkpt><trkpt lat="37.588993072509766" lon="127.0716323852539"><ele>13.800000190734863</ele><time>2026-09-18T23:50:16Z</time></trkpt><trkpt lat="37.5889778137207" lon="127.0716323852539"><ele>13.800000190734863</ele><time>2026-09-18T23:50:17Z</time></trkpt><trkpt lat="37.588958740234375" lon="127.07164001464844"><ele>13.800000190734863</ele><time>2026-09-18T23:50:18Z</time></trkpt><trkpt lat="37.58893966674805" lon="127.07164764404297"><ele>13.800000190734863</ele><time>2026-09-18T23:50:19Z</time></trkpt><trkpt lat="37.58892059326172" lon="127.0716552734375"><ele>13.800000190734863</ele><time>2026-09-18T23:50:20Z</time></trkpt><trkpt lat="37.58890151977539" lon="127.07166290283203"><ele>13.800000190734863</ele><time>2026-09-18T23:50:21Z</time></trkpt><trkpt lat="37.5888786315918" lon="127.07166290283203"><ele>13.800000190734863</ele><time>2026-09-18T23:50:22Z</time></trkpt><trkpt lat="37.588863372802734" lon="127.07167053222656"><ele>13.800000190734863</ele><time>2026-09-18T23:50:23Z</time></trkpt><trkpt lat="37.58884811401367" lon="127.0716781616211"><ele>13.800000190734863</ele><time>2026-09-18T23:50:24Z</time></trkpt><trkpt lat="37.58883285522461" lon="127.07168579101562"><ele>13.800000190734863</ele><time>2026-09-18T23:50:25Z</time></trkpt><trkpt lat="37.58882141113281" lon="127.07169342041016"><ele>14.0</ele><time>2026-09-18T23:50:26Z</time></trkpt><trkpt lat="37.588809967041016" lon="127.07169342041016"><ele>14.0</ele><time>2026-09-18T23:50:27Z</time></trkpt><trkpt lat="37.588802337646484" lon="127.07169342041016"><ele>14.199999809265137</ele><time>2026-09-18T23:50:28Z</time></trkpt><trkpt lat="37.58879089355469" lon="127.07169342041016"><ele>14.199999809265137</ele><time>2026-09-18T23:50:29Z</time></trkpt><trkpt lat="37.588783264160156" lon="127.07169342041016"><ele>14.199999809265137</ele><time>2026-09-18T23:50:30Z</time></trkpt><trkpt lat="37.58877182006836" lon="127.07170104980469"><ele>14.199999809265137</ele><time>2026-09-18T23:50:31Z</time></trkpt><trkpt lat="37.58876419067383" lon="127.07170104980469"><ele>14.0</ele><time>2026-09-18T23:50:32Z</time></trkpt><trkpt lat="37.58875274658203" lon="127.07170867919922"><ele>14.0</ele><time>2026-09-18T23:50:33Z</time></trkpt><trkpt lat="37.5887451171875" lon="127.07171630859375"><ele>14.0</ele><time>2026-09-18T23:50:34Z</time></trkpt><trkpt lat="37.5887336730957" lon="127.07171630859375"><ele>14.0</ele><time>2026-09-18T23:50:35Z</time></trkpt><trkpt lat="37.588722229003906" lon="127.07172393798828"><ele>14.0</ele><time>2026-09-18T23:50:36Z</time></trkpt><trkpt lat="37.588714599609375" lon="127.07173156738281"><ele>14.0</ele><time>2026-09-18T23:50:37Z</time></trkpt><trkpt lat="37.58870315551758" lon="127.07173156738281"><ele>14.0</ele><time>2026-09-18T23:50:38Z</time></trkpt><trkpt lat="37.587860107421875" lon="127.0721206665039"><ele>14.0</ele><time>2026-09-18T23:51:58Z</time></trkpt><trkpt lat="37.58784866333008" lon="127.07213592529297"><ele>14.0</ele><time>2026-09-18T23:51:59Z</time></trkpt><trkpt lat="37.58782958984375" lon="127.0721435546875"><ele>14.0</ele><time>2026-09-18T23:52:00Z</time></trkpt><trkpt lat="37.58781433105469" lon="127.07215881347656"><ele>13.800000190734863</ele><time>2026-09-18T23:52:01Z</time></trkpt><trkpt lat="37.587799072265625" lon="127.07217407226562"><ele>13.800000190734863</ele><time>2026-09-18T23:52:02Z</time></trkpt><trkpt lat="37.5877799987793" lon="127.07218933105469"><ele>13.800000190734863</ele><time>2026-09-18T23:52:03Z</time></trkpt><trkpt lat="37.587764739990234" lon="127.07220458984375"><ele>13.800000190734863</ele><time>2026-09-18T23:52:04Z</time></trkpt><trkpt lat="37.587738037109375" lon="127.07221221923828"><ele>13.600000381469727</ele><time>2026-09-18T23:52:05Z</time></trkpt><trkpt lat="37.58772277832031" lon="127.07222747802734"><ele>13.600000381469727</ele><time>2026-09-18T23:52:06Z</time></trkpt><trkpt lat="37.58769989013672" lon="127.07225036621094"><ele>13.399999618530273</ele><time>2026-09-18T23:52:07Z</time></trkpt><trkpt lat="37.58768844604492" lon="127.07225799560547"><ele>13.399999618530273</ele><time>2026-09-18T23:52:08Z</time></trkpt><trkpt lat="37.58766174316406" lon="127.07228088378906"><ele>13.399999618530273</ele><time>2026-09-18T23:52:09Z</time></trkpt><trkpt lat="37.587650299072266" lon="127.07229614257812"><ele>13.399999618530273</ele><time>2026-09-18T23:52:10Z</time></trkpt><trkpt lat="37.58762741088867" lon="127.07231140136719"><ele>13.399999618530273</ele><time>2026-09-18T23:52:11Z</time></trkpt><trkpt lat="37.58761215209961" lon="127.07233428955078"><ele>13.399999618530273</ele><time>2026-09-18T23:52:12Z</time></trkpt><trkpt lat="37.587589263916016" lon="127.07234954833984"><ele>13.399999618530273</ele><time>2026-09-18T23:52:13Z</time></trkpt><trkpt lat="37.58757400512695" lon="127.0723648071289"><ele>13.399999618530273</ele><time>2026-09-18T23:52:14Z</time></trkpt><trkpt lat="37.58755111694336" lon="127.0723876953125"><ele>13.399999618530273</ele><time>2026-09-18T23:52:15Z</time></trkpt><trkpt lat="37.5875358581543" lon="127.07240295410156"><ele>13.399999618530273</ele><time>2026-09-18T23:52:16Z</time></trkpt><trkpt lat="37.5875129699707" lon="127.07241821289062"><ele>13.600000381469727</ele><time>2026-09-18T23:52:17Z</time></trkpt><trkpt lat="37.58749771118164" lon="127.07243347167969"><ele>13.399999618530273</ele><time>2026-09-18T23:52:18Z</time></trkpt><trkpt lat="37.58747482299805" lon="127.07245635986328"><ele>13.399999618530273</ele><time>2026-09-18T23:52:19Z</time></trkpt><trkpt lat="37.587459564208984" lon="127.07247161865234"><ele>13.399999618530273</ele><time>2026-09-18T23:52:20Z</time></trkpt><trkpt lat="37.58743667602539" lon="127.0724868774414"><ele>13.399999618530273</ele><time>2026-09-18T23:52:21Z</time></trkpt><trkpt lat="37.58742141723633" lon="127.07250213623047"><ele>13.399999618530273</ele><time>2026-09-18T23:52:22Z</time></trkpt><trkpt lat="37.587398529052734" lon="127.07251739501953"><ele>13.600000381469727</ele><time>2026-09-18T23:52:23Z</time></trkpt><trkpt lat="37.58738327026367" lon="127.0725326538086"><ele>13.600000381469727</ele><time>2026-09-18T23:52:24Z</time></trkpt><trkpt lat="37.58736038208008" lon="127.07254791259766"><ele>13.600000381469727</ele><time>2026-09-18T23:52:25Z</time></trkpt><trkpt lat="37.587345123291016" lon="127.07257080078125"><ele>13.600000381469727</ele><time>2026-09-18T23:52:26Z</time></trkpt><trkpt lat="37.58732223510742" lon="127.07258605957031"><ele>13.600000381469727</ele><time>2026-09-18T23:52:27Z</time></trkpt><trkpt lat="37.58730697631836" lon="127.07260131835938"><ele>13.600000381469727</ele><time>2026-09-18T23:52:28Z</time></trkpt><trkpt lat="37.587284088134766" lon="127.07261657714844"><ele>13.600000381469727</ele><time>2026-09-18T23:52:29Z</time></trkpt><trkpt lat="37.5872688293457" lon="127.0726318359375"><ele>13.600000381469727</ele><time>2026-09-18T23:52:30Z</time></trkpt><trkpt lat="37.58724594116211" lon="127.0726547241211"><ele>13.600000381469727</ele><time>2026-09-18T23:52:31Z</time></trkpt><trkpt lat="37.58722686767578" lon="127.07266998291016"><ele>13.600000381469727</ele><time>2026-09-18T23:52:32Z</time></trkpt><trkpt lat="37.58720779418945" lon="127.07268524169922"><ele>13.399999618530273</ele><time>2026-09-18T23:52:33Z</time></trkpt><trkpt lat="37.587188720703125" lon="127.07270050048828"><ele>13.399999618530273</ele><time>2026-09-18T23:52:34Z</time></trkpt><trkpt lat="37.5871696472168" lon="127.07271575927734"><ele>13.399999618530273</ele><time>2026-09-18T23:52:35Z</time></trkpt><trkpt lat="37.58715057373047" lon="127.0727310180664"><ele>13.399999618530273</ele><time>2026-09-18T23:52:36Z</time></trkpt><trkpt lat="37.58713912963867" lon="127.07274627685547"><ele>13.600000381469727</ele><time>2026-09-18T23:52:37Z</time></trkpt><trkpt lat="37.58711242675781" lon="127.07276153564453"><ele>13.600000381469727</ele><time>2026-09-18T23:52:38Z</time></trkpt><trkpt lat="37.58709716796875" lon="127.0727767944336"><ele>13.600000381469727</ele><time>2026-09-18T23:52:39Z</time></trkpt><trkpt lat="37.58707809448242" lon="127.07279205322266"><ele>13.800000190734863</ele><time>2026-09-18T23:52:40Z</time></trkpt><trkpt lat="37.58706283569336" lon="127.07280731201172"><ele>13.800000190734863</ele><time>2026-09-18T23:52:41Z</time></trkpt><trkpt lat="37.587039947509766" lon="127.07282257080078"><ele>13.800000190734863</ele><time>2026-09-18T23:52:42Z</time></trkpt><trkpt lat="37.5870246887207" lon="127.07283782958984"><ele>13.800000190734863</ele><time>2026-09-18T23:52:43Z</time></trkpt><trkpt lat="37.58700180053711" lon="127.0728530883789"><ele>13.800000190734863</ele><time>2026-09-18T23:52:44Z</time></trkpt><trkpt lat="37.58698272705078" lon="127.07286834716797"><ele>13.600000381469727</ele><time>2026-09-18T23:52:45Z</time></trkpt><trkpt lat="37.58695983886719" lon="127.07288360595703"><ele>13.399999618530273</ele><time>2026-09-18T23:52:46Z</time></trkpt><trkpt lat="37.58694076538086" lon="127.0728988647461"><ele>13.399999618530273</ele><time>2026-09-18T23:52:47Z</time></trkpt><trkpt lat="37.58692169189453" lon="127.07291412353516"><ele>13.399999618530273</ele><time>2026-09-18T23:52:48Z</time></trkpt><trkpt lat="37.5869026184082" lon="127.07292938232422"><ele>13.399999618530273</ele><time>2026-09-18T23:52:49Z</time></trkpt><trkpt lat="37.586883544921875" lon="127.07294464111328"><ele>13.399999618530273</ele><time>2026-09-18T23:52:50Z</time></trkpt><trkpt lat="37.58686447143555" lon="127.07295227050781"><ele>13.600000381469727</ele><time>2026-09-18T23:52:51Z</time></trkpt><trkpt lat="37.586849212646484" lon="127.07296752929688"><ele>13.600000381469727</ele><time>2026-09-18T23:52:52Z</time></trkpt><trkpt lat="37.58682632446289" lon="127.07299041748047"><ele>13.600000381469727</ele><time>2026-09-18T23:52:53Z</time></trkpt><trkpt lat="37.58681106567383" lon="127.072998046875"><ele>13.600000381469727</ele><time>2026-09-18T23:52:54Z</time></trkpt><trkpt lat="37.586788177490234" lon="127.0730209350586"><ele>13.600000381469727</ele><time>2026-09-18T23:52:55Z</time></trkpt><trkpt lat="37.58677291870117" lon="127.07302856445312"><ele>13.600000381469727</ele><time>2026-09-18T23:52:56Z</time></trkpt><trkpt lat="37.58675003051758" lon="127.07305145263672"><ele>13.600000381469727</ele><time>2026-09-18T23:52:57Z</time></trkpt><trkpt lat="37.586734771728516" lon="127.07306671142578"><ele>13.600000381469727</ele><time>2026-09-18T23:52:58Z</time></trkpt><trkpt lat="37.58671188354492" lon="127.07308197021484"><ele>13.600000381469727</ele><time>2026-09-18T23:52:59Z</time></trkpt><trkpt lat="37.586700439453125" lon="127.0730972290039"><ele>13.600000381469727</ele><time>2026-09-18T23:53:00Z</time></trkpt><trkpt lat="37.58667755126953" lon="127.07311248779297"><ele>13.600000381469727</ele><time>2026-09-18T23:53:01Z</time></trkpt><trkpt lat="37.58666229248047" lon="127.07312774658203"><ele>13.600000381469727</ele><time>2026-09-18T23:53:02Z</time></trkpt><trkpt lat="37.586639404296875" lon="127.0731430053711"><ele>13.600000381469727</ele><time>2026-09-18T23:53:03Z</time></trkpt><trkpt lat="37.58662414550781" lon="127.07315826416016"><ele>13.600000381469727</ele><time>2026-09-18T23:53:04Z</time></trkpt><trkpt lat="37.586605072021484" lon="127.07317352294922"><ele>13.600000381469727</ele><time>2026-09-18T23:53:05Z</time></trkpt><trkpt lat="37.58658981323242" lon="127.07318115234375"><ele>13.600000381469727</ele><time>2026-09-18T23:53:06Z</time></trkpt><trkpt lat="37.58656692504883" lon="127.07319641113281"><ele>13.600000381469727</ele><time>2026-09-18T23:53:07Z</time></trkpt><trkpt lat="37.586551666259766" lon="127.07321166992188"><ele>13.600000381469727</ele><time>2026-09-18T23:53:08Z</time></trkpt><trkpt lat="37.58652877807617" lon="127.07322692871094"><ele>13.600000381469727</ele><time>2026-09-18T23:53:09Z</time></trkpt><trkpt lat="37.58651351928711" lon="127.0732421875"><ele>13.600000381469727</ele><time>2026-09-18T23:53:10Z</time></trkpt><trkpt lat="37.58649444580078" lon="127.07325744628906"><ele>13.600000381469727</ele><time>2026-09-18T23:53:11Z</time></trkpt><trkpt lat="37.58647918701172" lon="127.07327270507812"><ele>13.600000381469727</ele><time>2026-09-18T23:53:12Z</time></trkpt><trkpt lat="37.58646011352539" lon="127.07328796386719"><ele>13.600000381469727</ele><time>2026-09-18T23:53:13Z</time></trkpt><trkpt lat="37.58644485473633" lon="127.07330322265625"><ele>13.600000381469727</ele><time>2026-09-18T23:53:14Z</time></trkpt><trkpt lat="37.586429595947266" lon="127.07331848144531"><ele>13.399999618530273</ele><time>2026-09-18T23:53:15Z</time></trkpt><trkpt lat="37.58640670776367" lon="127.07333374023438"><ele>13.399999618530273</ele><time>2026-09-18T23:53:16Z</time></trkpt><trkpt lat="37.58639144897461" lon="127.07334899902344"><ele>13.399999618530273</ele><time>2026-09-18T23:53:17Z</time></trkpt><trkpt lat="37.58637237548828" lon="127.0733642578125"><ele>13.399999618530273</ele><time>2026-09-18T23:53:18Z</time></trkpt><trkpt lat="37.58635711669922" lon="127.07337951660156"><ele>13.399999618530273</ele><time>2026-09-18T23:53:19Z</time></trkpt><trkpt lat="37.586334228515625" lon="127.07339477539062"><ele>13.399999618530273</ele><time>2026-09-18T23:53:20Z</time></trkpt><trkpt lat="37.58632278442383" lon="127.07341003417969"><ele>13.399999618530273</ele><time>2026-09-18T23:53:21Z</time></trkpt><trkpt lat="37.586299896240234" lon="127.07342529296875"><ele>13.399999618530273</ele><time>2026-09-18T23:53:22Z</time></trkpt><trkpt lat="37.58628463745117" lon="127.07344055175781"><ele>13.399999618530273</ele><time>2026-09-18T23:53:23Z</time></trkpt><trkpt lat="37.586265563964844" lon="127.07345581054688"><ele>13.399999618530273</ele><time>2026-09-18T23:53:24Z</time></trkpt><trkpt lat="37.58625030517578" lon="127.07347106933594"><ele>13.399999618530273</ele><time>2026-09-18T23:53:25Z</time></trkpt><trkpt lat="37.58622741699219" lon="127.073486328125"><ele>13.399999618530273</ele><time>2026-09-18T23:53:26Z</time></trkpt><trkpt lat="37.58621597290039" lon="127.07350158691406"><ele>13.399999618530273</ele><time>2026-09-18T23:53:27Z</time></trkpt><trkpt lat="37.58618927001953" lon="127.07351684570312"><ele>13.399999618530273</ele><time>2026-09-18T23:53:28Z</time></trkpt><trkpt lat="37.58617401123047" lon="127.07353210449219"><ele>13.399999618530273</ele><time>2026-09-18T23:53:29Z</time></trkpt><trkpt lat="37.586151123046875" lon="127.07354736328125"><ele>13.399999618530273</ele><time>2026-09-18T23:53:30Z</time></trkpt><trkpt lat="37.58613586425781" lon="127.07355499267578"><ele>13.199999809265137</ele><time>2026-09-18T23:53:31Z</time></trkpt><trkpt lat="37.586116790771484" lon="127.07357025146484"><ele>13.199999809265137</ele><time>2026-09-18T23:53:32Z</time></trkpt><trkpt lat="37.58610153198242" lon="127.0735855102539"><ele>13.199999809265137</ele><time>2026-09-18T23:53:33Z</time></trkpt><trkpt lat="37.58608627319336" lon="127.07360076904297"><ele>13.199999809265137</ele><time>2026-09-18T23:53:34Z</time></trkpt><trkpt lat="37.58606719970703" lon="127.07361602783203"><ele>13.199999809265137</ele><time>2026-09-18T23:53:35Z</time></trkpt><trkpt lat="37.58605194091797" lon="127.0736312866211"><ele>13.199999809265137</ele><time>2026-09-18T23:53:36Z</time></trkpt><trkpt lat="37.586029052734375" lon="127.07363891601562"><ele>13.199999809265137</ele><time>2026-09-18T23:53:37Z</time></trkpt><trkpt lat="37.58601379394531" lon="127.07366180419922"><ele>13.199999809265137</ele><time>2026-09-18T23:53:38Z</time></trkpt><trkpt lat="37.58599090576172" lon="127.07367706298828"><ele>13.199999809265137</ele><time>2026-09-18T23:53:39Z</time></trkpt><trkpt lat="37.585975646972656" lon="127.07369232177734"><ele>13.199999809265137</ele><time>2026-09-18T23:53:40Z</time></trkpt><trkpt lat="37.58595275878906" lon="127.0737075805664"><ele>13.199999809265137</ele><time>2026-09-18T23:53:41Z</time></trkpt><trkpt lat="37.5859375" lon="127.07372283935547"><ele>13.199999809265137</ele><time>2026-09-18T23:53:42Z</time></trkpt><trkpt lat="37.58592224121094" lon="127.07373809814453"><ele>13.199999809265137</ele><time>2026-09-18T23:53:43Z</time></trkpt><trkpt lat="37.58590316772461" lon="127.07374572753906"><ele>13.199999809265137</ele><time>2026-09-18T23:53:44Z</time></trkpt><trkpt lat="37.58588790893555" lon="127.07376098632812"><ele>13.199999809265137</ele><time>2026-09-18T23:53:45Z</time></trkpt><trkpt lat="37.58586502075195" lon="127.07377624511719"><ele>13.199999809265137</ele><time>2026-09-18T23:53:46Z</time></trkpt><trkpt lat="37.58584976196289" lon="127.07378387451172"><ele>13.199999809265137</ele><time>2026-09-18T23:53:47Z</time></trkpt><trkpt lat="37.58583450317383" lon="127.07379913330078"><ele>13.0</ele><time>2026-09-18T23:53:48Z</time></trkpt><trkpt lat="37.5858154296875" lon="127.07381439208984"><ele>13.0</ele><time>2026-09-18T23:53:49Z</time></trkpt><trkpt lat="37.5858039855957" lon="127.07382202148438"><ele>13.0</ele><time>2026-09-18T23:53:50Z</time></trkpt><trkpt lat="37.58578109741211" lon="127.07383728027344"><ele>13.0</ele><time>2026-09-18T23:53:51Z</time></trkpt><trkpt lat="37.58576965332031" lon="127.0738525390625"><ele>13.0</ele><time>2026-09-18T23:53:52Z</time></trkpt><trkpt lat="37.585750579833984" lon="127.0738754272461"><ele>13.0</ele><time>2026-09-18T23:53:53Z</time></trkpt><trkpt lat="37.58573532104492" lon="127.07388305664062"><ele>13.0</ele><time>2026-09-18T23:53:54Z</time></trkpt><trkpt lat="37.58572006225586" lon="127.07389831542969"><ele>13.0</ele><time>2026-09-18T23:53:55Z</time></trkpt><trkpt lat="37.585697174072266" lon="127.07391357421875"><ele>12.800000190734863</ele><time>2026-09-18T23:53:56Z</time></trkpt><trkpt lat="37.58568572998047" lon="127.07392883300781"><ele>12.800000190734863</ele><time>2026-09-18T23:53:57Z</time></trkpt><trkpt lat="37.58566665649414" lon="127.07394409179688"><ele>12.800000190734863</ele><time>2026-09-18T23:53:58Z</time></trkpt><trkpt lat="37.585655212402344" lon="127.0739517211914"><ele>12.800000190734863</ele><time>2026-09-18T23:53:59Z</time></trkpt><trkpt lat="37.58564376831055" lon="127.07396697998047"><ele>12.800000190734863</ele><time>2026-09-18T23:54:00Z</time></trkpt><trkpt lat="37.58562469482422" lon="127.07398223876953"><ele>12.800000190734863</ele><time>2026-09-18T23:54:01Z</time></trkpt><trkpt lat="37.58561325073242" lon="127.0739974975586"><ele>12.800000190734863</ele><time>2026-09-18T23:54:02Z</time></trkpt><trkpt lat="37.58559799194336" lon="127.07400512695312"><ele>12.800000190734863</ele><time>2026-09-18T23:54:03Z</time></trkpt><trkpt lat="37.5855827331543" lon="127.07402038574219"><ele>12.800000190734863</ele><time>2026-09-18T23:54:04Z</time></trkpt><trkpt lat="37.5855712890625" lon="127.07403564453125"><ele>12.800000190734863</ele><time>2026-09-18T23:54:05Z</time></trkpt><trkpt lat="37.58555603027344" lon="127.07404327392578"><ele>13.0</ele><time>2026-09-18T23:54:06Z</time></trkpt><trkpt lat="37.585548400878906" lon="127.07406616210938"><ele>13.0</ele><time>2026-09-18T23:54:07Z</time></trkpt><trkpt lat="37.58552932739258" lon="127.0740737915039"><ele>13.0</ele><time>2026-09-18T23:54:08Z</time></trkpt><trkpt lat="37.58551025390625" lon="127.07408905029297"><ele>13.0</ele><time>2026-09-18T23:54:09Z</time></trkpt><trkpt lat="37.58549880981445" lon="127.0740966796875"><ele>13.199999809265137</ele><time>2026-09-18T23:54:10Z</time></trkpt><trkpt lat="37.585479736328125" lon="127.07411193847656"><ele>13.199999809265137</ele><time>2026-09-18T23:54:11Z</time></trkpt><trkpt lat="37.58546447753906" lon="127.0741195678711"><ele>13.199999809265137</ele><time>2026-09-18T23:54:12Z</time></trkpt><trkpt lat="37.58544921875" lon="127.07413482666016"><ele>13.399999618530273</ele><time>2026-09-18T23:54:13Z</time></trkpt><trkpt lat="37.58543014526367" lon="127.07415008544922"><ele>13.399999618530273</ele><time>2026-09-18T23:54:14Z</time></trkpt><trkpt lat="37.585411071777344" lon="127.07415771484375"><ele>13.399999618530273</ele><time>2026-09-18T23:54:15Z</time></trkpt><trkpt lat="37.58538818359375" lon="127.07417297363281"><ele>13.399999618530273</ele><time>2026-09-18T23:54:16Z</time></trkpt><trkpt lat="37.58537673950195" lon="127.0741958618164"><ele>13.399999618530273</ele><time>2026-09-18T23:54:17Z</time></trkpt><trkpt lat="37.585350036621094" lon="127.07422637939453"><ele>13.199999809265137</ele><time>2026-09-18T23:54:18Z</time></trkpt><trkpt lat="37.5853271484375" lon="127.07425689697266"><ele>13.199999809265137</ele><time>2026-09-18T23:54:19Z</time></trkpt><trkpt lat="37.58531951904297" lon="127.07427215576172"><ele>13.199999809265137</ele><time>2026-09-18T23:54:20Z</time></trkpt><trkpt lat="37.585304260253906" lon="127.07427978515625"><ele>13.199999809265137</ele><time>2026-09-18T23:54:21Z</time></trkpt><trkpt lat="37.58528518676758" lon="127.07429504394531"><ele>13.199999809265137</ele><time>2026-09-18T23:54:22Z</time></trkpt><trkpt lat="37.58525848388672" lon="127.07431030273438"><ele>13.199999809265137</ele><time>2026-09-18T23:54:23Z</time></trkpt><trkpt lat="37.585243225097656" lon="127.0743179321289"><ele>13.399999618530273</ele><time>2026-09-18T23:54:24Z</time></trkpt><trkpt lat="37.58522033691406" lon="127.07433319091797"><ele>13.399999618530273</ele><time>2026-09-18T23:54:25Z</time></trkpt><trkpt lat="37.585205078125" lon="127.07434844970703"><ele>13.199999809265137</ele><time>2026-09-18T23:54:26Z</time></trkpt><trkpt lat="37.58518600463867" lon="127.0743637084961"><ele>13.399999618530273</ele><time>2026-09-18T23:54:27Z</time></trkpt><trkpt lat="37.585174560546875" lon="127.07437133789062"><ele>13.399999618530273</ele><time>2026-09-18T23:54:28Z</time></trkpt><trkpt lat="37.58515930175781" lon="127.07437896728516"><ele>13.399999618530273</ele><time>2026-09-18T23:54:29Z</time></trkpt><trkpt lat="37.585140228271484" lon="127.07439422607422"><ele>13.399999618530273</ele><time>2026-09-18T23:54:30Z</time></trkpt><trkpt lat="37.58512496948242" lon="127.07440185546875"><ele>13.399999618530273</ele><time>2026-09-18T23:54:31Z</time></trkpt><trkpt lat="37.58510971069336" lon="127.07441711425781"><ele>13.199999809265137</ele><time>2026-09-18T23:54:32Z</time></trkpt><trkpt lat="37.58509063720703" lon="127.07443237304688"><ele>13.199999809265137</ele><time>2026-09-18T23:54:33Z</time></trkpt><trkpt lat="37.585079193115234" lon="127.0744400024414"><ele>13.199999809265137</ele><time>2026-09-18T23:54:34Z</time></trkpt><trkpt lat="37.585060119628906" lon="127.07445526123047"><ele>13.0</ele><time>2026-09-18T23:54:35Z</time></trkpt><trkpt lat="37.585044860839844" lon="127.074462890625"><ele>13.0</ele><time>2026-09-18T23:54:36Z</time></trkpt><trkpt lat="37.58503341674805" lon="127.07447814941406"><ele>13.0</ele><time>2026-09-18T23:54:37Z</time></trkpt><trkpt lat="37.58501434326172" lon="127.0744857788086"><ele>13.0</ele><time>2026-09-18T23:54:38Z</time></trkpt><trkpt lat="37.58500671386719" lon="127.0744857788086"><ele>13.0</ele><time>2026-09-18T23:54:39Z</time></trkpt><trkpt lat="37.58499526977539" lon="127.07450103759766"><ele>13.0</ele><time>2026-09-18T23:54:40Z</time></trkpt><trkpt lat="37.58498001098633" lon="127.07450866699219"><ele>13.0</ele><time>2026-09-18T23:54:41Z</time></trkpt><trkpt lat="37.5849723815918" lon="127.07452392578125"><ele>13.0</ele><time>2026-09-18T23:54:42Z</time></trkpt><trkpt lat="37.58495330810547" lon="127.07453918457031"><ele>13.0</ele><time>2026-09-18T23:54:43Z</time></trkpt><trkpt lat="37.584938049316406" lon="127.07454681396484"><ele>13.0</ele><time>2026-09-18T23:54:44Z</time></trkpt><trkpt lat="37.584922790527344" lon="127.0745620727539"><ele>13.0</ele><time>2026-09-18T23:54:45Z</time></trkpt><trkpt lat="37.584903717041016" lon="127.07457733154297"><ele>13.0</ele><time>2026-09-18T23:54:46Z</time></trkpt><trkpt lat="37.58488845825195" lon="127.07459259033203"><ele>13.0</ele><time>2026-09-18T23:54:47Z</time></trkpt><trkpt lat="37.584869384765625" lon="127.0746078491211"><ele>13.0</ele><time>2026-09-18T23:54:48Z</time></trkpt><trkpt lat="37.5848503112793" lon="127.07461547851562"><ele>13.0</ele><time>2026-09-18T23:54:49Z</time></trkpt><trkpt lat="37.584835052490234" lon="127.07463073730469"><ele>13.0</ele><time>2026-09-18T23:54:50Z</time></trkpt><trkpt lat="37.584815979003906" lon="127.07464599609375"><ele>13.0</ele><time>2026-09-18T23:54:51Z</time></trkpt><trkpt lat="37.58480453491211" lon="127.07465362548828"><ele>13.199999809265137</ele><time>2026-09-18T23:54:52Z</time></trkpt><trkpt lat="37.58479309082031" lon="127.07465362548828"><ele>13.199999809265137</ele><time>2026-09-18T23:54:53Z</time></trkpt><trkpt lat="37.58478546142578" lon="127.07466125488281"><ele>13.199999809265137</ele><time>2026-09-18T23:54:54Z</time></trkpt><trkpt lat="37.58477020263672" lon="127.07467651367188"><ele>13.0</ele><time>2026-09-18T23:54:55Z</time></trkpt><trkpt lat="37.58476257324219" lon="127.07469177246094"><ele>13.0</ele><time>2026-09-18T23:54:56Z</time></trkpt><trkpt lat="37.584747314453125" lon="127.07469940185547"><ele>12.800000190734863</ele><time>2026-09-18T23:54:57Z</time></trkpt><trkpt lat="37.58473587036133" lon="127.07471466064453"><ele>12.800000190734863</ele><time>2026-09-18T23:54:58Z</time></trkpt><trkpt lat="37.58472442626953" lon="127.07472229003906"><ele>12.800000190734863</ele><time>2026-09-18T23:54:59Z</time></trkpt><trkpt lat="37.584712982177734" lon="127.07473754882812"><ele>12.800000190734863</ele><time>2026-09-18T23:55:00Z</time></trkpt><trkpt lat="37.58470153808594" lon="127.07475280761719"><ele>12.800000190734863</ele><time>2026-09-18T23:55:01Z</time></trkpt><trkpt lat="37.58469009399414" lon="127.07475280761719"><ele>12.800000190734863</ele><time>2026-09-18T23:55:02Z</time></trkpt><trkpt lat="37.584678649902344" lon="127.07476806640625"><ele>13.0</ele><time>2026-09-18T23:55:03Z</time></trkpt><trkpt lat="37.58466720581055" lon="127.07477569580078"><ele>13.0</ele><time>2026-09-18T23:55:04Z</time></trkpt><trkpt lat="37.58465576171875" lon="127.07478332519531"><ele>13.199999809265137</ele><time>2026-09-18T23:55:05Z</time></trkpt><trkpt lat="37.58464431762695" lon="127.07479858398438"><ele>13.399999618530273</ele><time>2026-09-18T23:55:06Z</time></trkpt><trkpt lat="37.58462905883789" lon="127.0748062133789"><ele>13.399999618530273</ele><time>2026-09-18T23:55:07Z</time></trkpt><trkpt lat="37.584617614746094" lon="127.07481384277344"><ele>13.399999618530273</ele><time>2026-09-18T23:55:08Z</time></trkpt><trkpt lat="37.5846061706543" lon="127.07482147216797"><ele>13.399999618530273</ele><time>2026-09-18T23:55:09Z</time></trkpt><trkpt lat="37.5845947265625" lon="127.0748291015625"><ele>13.399999618530273</ele><time>2026-09-18T23:55:10Z</time></trkpt><trkpt lat="37.58458709716797" lon="127.07483673095703"><ele>13.399999618530273</ele><time>2026-09-18T23:55:11Z</time></trkpt><trkpt lat="37.58457946777344" lon="127.07484436035156"><ele>13.199999809265137</ele><time>2026-09-18T23:55:12Z</time></trkpt><trkpt lat="37.584571838378906" lon="127.0748519897461"><ele>13.0</ele><time>2026-09-18T23:55:13Z</time></trkpt><trkpt lat="37.584564208984375" lon="127.07485961914062"><ele>12.800000190734863</ele><time>2026-09-18T23:55:14Z</time></trkpt><trkpt lat="37.58455276489258" lon="127.07486724853516"><ele>12.800000190734863</ele><time>2026-09-18T23:55:15Z</time></trkpt><trkpt lat="37.58454132080078" lon="127.07488250732422"><ele>12.800000190734863</ele><time>2026-09-18T23:55:16Z</time></trkpt><trkpt lat="37.584529876708984" lon="127.07489013671875"><ele>12.800000190734863</ele><time>2026-09-18T23:55:17Z</time></trkpt><trkpt lat="37.58451843261719" lon="127.07489776611328"><ele>12.800000190734863</ele><time>2026-09-18T23:55:18Z</time></trkpt><trkpt lat="37.58450698852539" lon="127.07490539550781"><ele>12.800000190734863</ele><time>2026-09-18T23:55:19Z</time></trkpt><trkpt lat="37.584495544433594" lon="127.07491302490234"><ele>13.0</ele><time>2026-09-18T23:55:20Z</time></trkpt><trkpt lat="37.5844841003418" lon="127.0749282836914"><ele>13.199999809265137</ele><time>2026-09-18T23:55:21Z</time></trkpt><trkpt lat="37.58447265625" lon="127.07493591308594"><ele>13.399999618530273</ele><time>2026-09-18T23:55:22Z</time></trkpt><trkpt lat="37.58446502685547" lon="127.07494354248047"><ele>13.399999618530273</ele><time>2026-09-18T23:55:23Z</time></trkpt><trkpt lat="37.58445358276367" lon="127.074951171875"><ele>13.600000381469727</ele><time>2026-09-18T23:55:24Z</time></trkpt><trkpt lat="37.584442138671875" lon="127.07495880126953"><ele>13.399999618530273</ele><time>2026-09-18T23:55:25Z</time></trkpt><trkpt lat="37.584434509277344" lon="127.07496643066406"><ele>13.399999618530273</ele><time>2026-09-18T23:55:26Z</time></trkpt><trkpt lat="37.58442687988281" lon="127.0749740600586"><ele>13.399999618530273</ele><time>2026-09-18T23:55:27Z</time></trkpt><trkpt lat="37.58441925048828" lon="127.07498168945312"><ele>13.399999618530273</ele><time>2026-09-18T23:55:28Z</time></trkpt><trkpt lat="37.584407806396484" lon="127.07498931884766"><ele>13.399999618530273</ele><time>2026-09-18T23:55:29Z</time></trkpt><trkpt lat="37.58439636230469" lon="127.07499694824219"><ele>13.199999809265137</ele><time>2026-09-18T23:55:30Z</time></trkpt><trkpt lat="37.58438491821289" lon="127.07500457763672"><ele>13.399999618530273</ele><time>2026-09-18T23:55:31Z</time></trkpt><trkpt lat="37.584373474121094" lon="127.07501220703125"><ele>13.399999618530273</ele><time>2026-09-18T23:55:32Z</time></trkpt><trkpt lat="37.5843620300293" lon="127.07501983642578"><ele>13.399999618530273</ele><time>2026-09-18T23:55:33Z</time></trkpt><trkpt lat="37.584346771240234" lon="127.07503509521484"><ele>13.399999618530273</ele><time>2026-09-18T23:55:34Z</time></trkpt><trkpt lat="37.58433151245117" lon="127.07504272460938"><ele>13.399999618530273</ele><time>2026-09-18T23:55:35Z</time></trkpt><trkpt lat="37.584312438964844" lon="127.07505798339844"><ele>13.399999618530273</ele><time>2026-09-18T23:55:36Z</time></trkpt><trkpt lat="37.58429718017578" lon="127.0750732421875"><ele>13.399999618530273</ele><time>2026-09-18T23:55:37Z</time></trkpt><trkpt lat="37.58428192138672" lon="127.07508850097656"><ele>13.399999618530273</ele><time>2026-09-18T23:55:38Z</time></trkpt><trkpt lat="37.58426284790039" lon="127.07510375976562"><ele>13.399999618530273</ele><time>2026-09-18T23:55:39Z</time></trkpt><trkpt lat="37.58424377441406" lon="127.07511138916016"><ele>13.399999618530273</ele><time>2026-09-18T23:55:40Z</time></trkpt><trkpt lat="37.584228515625" lon="127.07512664794922"><ele>13.399999618530273</ele><time>2026-09-18T23:55:41Z</time></trkpt><trkpt lat="37.58420944213867" lon="127.07514190673828"><ele>13.399999618530273</ele><time>2026-09-18T23:55:42Z</time></trkpt><trkpt lat="37.58419418334961" lon="127.07515716552734"><ele>13.399999618530273</ele><time>2026-09-18T23:55:43Z</time></trkpt><trkpt lat="37.58417510986328" lon="127.0751724243164"><ele>13.399999618530273</ele><time>2026-09-18T23:55:44Z</time></trkpt><trkpt lat="37.58415985107422" lon="127.07518005371094"><ele>13.399999618530273</ele><time>2026-09-18T23:55:45Z</time></trkpt><trkpt lat="37.58414077758789" lon="127.0751953125"><ele>13.399999618530273</ele><time>2026-09-18T23:55:46Z</time></trkpt><trkpt lat="37.58412551879883" lon="127.07521057128906"><ele>13.399999618530273</ele><time>2026-09-18T23:55:47Z</time></trkpt><trkpt lat="37.5841064453125" lon="127.07522583007812"><ele>13.399999618530273</ele><time>2026-09-18T23:55:48Z</time></trkpt><trkpt lat="37.58409118652344" lon="127.07524108886719"><ele>13.399999618530273</ele><time>2026-09-18T23:55:49Z</time></trkpt><trkpt lat="37.58407211303711" lon="127.07526397705078"><ele>13.399999618530273</ele><time>2026-09-18T23:55:50Z</time></trkpt><trkpt lat="37.58405685424805" lon="127.07527160644531"><ele>13.399999618530273</ele><time>2026-09-18T23:55:51Z</time></trkpt><trkpt lat="37.58403778076172" lon="127.0752944946289"><ele>13.399999618530273</ele><time>2026-09-18T23:55:52Z</time></trkpt><trkpt lat="37.58401870727539" lon="127.07530212402344"><ele>13.199999809265137</ele><time>2026-09-18T23:55:53Z</time></trkpt><trkpt lat="37.58400344848633" lon="127.07532501220703"><ele>13.199999809265137</ele><time>2026-09-18T23:55:54Z</time></trkpt><trkpt lat="37.583984375" lon="127.0753402709961"><ele>13.199999809265137</ele><time>2026-09-18T23:55:55Z</time></trkpt><trkpt lat="37.5839729309082" lon="127.07535552978516"><ele>13.199999809265137</ele><time>2026-09-18T23:55:56Z</time></trkpt><trkpt lat="37.583953857421875" lon="127.07537078857422"><ele>13.399999618530273</ele><time>2026-09-18T23:55:57Z</time></trkpt><trkpt lat="37.58393859863281" lon="127.07538604736328"><ele>13.399999618530273</ele><time>2026-09-18T23:55:58Z</time></trkpt><trkpt lat="37.58392333984375" lon="127.07540893554688"><ele>13.600000381469727</ele><time>2026-09-18T23:55:59Z</time></trkpt><trkpt lat="37.58391189575195" lon="127.07540893554688"><ele>13.600000381469727</ele><time>2026-09-18T23:56:00Z</time></trkpt><trkpt lat="37.58388900756836" lon="127.07543182373047"><ele>13.600000381469727</ele><time>2026-09-18T23:56:01Z</time></trkpt><trkpt lat="37.5838737487793" lon="127.075439453125"><ele>13.600000381469727</ele><time>2026-09-18T23:56:02Z</time></trkpt><trkpt lat="37.58385467529297" lon="127.0754623413086"><ele>13.600000381469727</ele><time>2026-09-18T23:56:03Z</time></trkpt><trkpt lat="37.58383560180664" lon="127.07546997070312"><ele>13.600000381469727</ele><time>2026-09-18T23:56:04Z</time></trkpt><trkpt lat="37.58382034301758" lon="127.07548522949219"><ele>13.600000381469727</ele><time>2026-09-18T23:56:05Z</time></trkpt><trkpt lat="37.58380126953125" lon="127.07550048828125"><ele>13.600000381469727</ele><time>2026-09-18T23:56:06Z</time></trkpt><trkpt lat="37.58378601074219" lon="127.07551574707031"><ele>13.600000381469727</ele><time>2026-09-18T23:56:07Z</time></trkpt><trkpt lat="37.583763122558594" lon="127.07553100585938"><ele>13.600000381469727</ele><time>2026-09-18T23:56:08Z</time></trkpt><trkpt lat="37.583744049072266" lon="127.07554626464844"><ele>13.600000381469727</ele><time>2026-09-18T23:56:09Z</time></trkpt><trkpt lat="37.58372116088867" lon="127.0755615234375"><ele>13.600000381469727</ele><time>2026-09-18T23:56:10Z</time></trkpt><trkpt lat="37.583702087402344" lon="127.07556915283203"><ele>13.399999618530273</ele><time>2026-09-18T23:56:11Z</time></trkpt><trkpt lat="37.583683013916016" lon="127.0755844116211"><ele>13.399999618530273</ele><time>2026-09-18T23:56:12Z</time></trkpt><trkpt lat="37.58366394042969" lon="127.07559204101562"><ele>13.399999618530273</ele><time>2026-09-18T23:56:13Z</time></trkpt><trkpt lat="37.58364486694336" lon="127.07560729980469"><ele>13.399999618530273</ele><time>2026-09-18T23:56:14Z</time></trkpt><trkpt lat="37.58362579345703" lon="127.07562255859375"><ele>13.199999809265137</ele><time>2026-09-18T23:56:15Z</time></trkpt><trkpt lat="37.583614349365234" lon="127.07563781738281"><ele>13.199999809265137</ele><time>2026-09-18T23:56:16Z</time></trkpt><trkpt lat="37.58359146118164" lon="127.07564544677734"><ele>13.0</ele><time>2026-09-18T23:56:17Z</time></trkpt><trkpt lat="37.583580017089844" lon="127.0756607055664"><ele>13.0</ele><time>2026-09-18T23:56:18Z</time></trkpt><trkpt lat="37.58355712890625" lon="127.07567596435547"><ele>13.0</ele><time>2026-09-18T23:56:19Z</time></trkpt><trkpt lat="37.58354568481445" lon="127.07569122314453"><ele>13.0</ele><time>2026-09-18T23:56:20Z</time></trkpt><trkpt lat="37.583526611328125" lon="127.0757064819336"><ele>13.0</ele><time>2026-09-18T23:56:21Z</time></trkpt><trkpt lat="37.5835075378418" lon="127.07571411132812"><ele>13.199999809265137</ele><time>2026-09-18T23:56:22Z</time></trkpt><trkpt lat="37.583492279052734" lon="127.07572937011719"><ele>13.199999809265137</ele><time>2026-09-18T23:56:23Z</time></trkpt><trkpt lat="37.583473205566406" lon="127.07574462890625"><ele>13.199999809265137</ele><time>2026-09-18T23:56:24Z</time></trkpt><trkpt lat="37.58346176147461" lon="127.07575988769531"><ele>13.199999809265137</ele><time>2026-09-18T23:56:25Z</time></trkpt><trkpt lat="37.583438873291016" lon="127.07577514648438"><ele>13.199999809265137</ele><time>2026-09-18T23:56:26Z</time></trkpt><trkpt lat="37.58342361450195" lon="127.0757827758789"><ele>13.199999809265137</ele><time>2026-09-18T23:56:27Z</time></trkpt><trkpt lat="37.58340835571289" lon="127.07579803466797"><ele>13.199999809265137</ele><time>2026-09-18T23:56:28Z</time></trkpt><trkpt lat="37.58338928222656" lon="127.07581329345703"><ele>13.199999809265137</ele><time>2026-09-18T23:56:29Z</time></trkpt><trkpt lat="37.583377838134766" lon="127.0758285522461"><ele>13.199999809265137</ele><time>2026-09-18T23:56:30Z</time></trkpt><trkpt lat="37.58335876464844" lon="127.07584381103516"><ele>13.199999809265137</ele><time>2026-09-18T23:56:31Z</time></trkpt><trkpt lat="37.583343505859375" lon="127.07585144042969"><ele>13.199999809265137</ele><time>2026-09-18T23:56:32Z</time></trkpt><trkpt lat="37.58332443237305" lon="127.07587432861328"><ele>13.199999809265137</ele><time>2026-09-18T23:56:33Z</time></trkpt><trkpt lat="37.583309173583984" lon="127.07588195800781"><ele>13.399999618530273</ele><time>2026-09-18T23:56:34Z</time></trkpt><trkpt lat="37.58329391479492" lon="127.0759048461914"><ele>13.399999618530273</ele><time>2026-09-18T23:56:35Z</time></trkpt><trkpt lat="37.583274841308594" lon="127.07591247558594"><ele>13.399999618530273</ele><time>2026-09-18T23:56:36Z</time></trkpt><trkpt lat="37.5832633972168" lon="127.075927734375"><ele>13.199999809265137</ele><time>2026-09-18T23:56:37Z</time></trkpt><trkpt lat="37.58324432373047" lon="127.07594299316406"><ele>13.199999809265137</ele><time>2026-09-18T23:56:38Z</time></trkpt><trkpt lat="37.58323287963867" lon="127.07595825195312"><ele>13.0</ele><time>2026-09-18T23:56:39Z</time></trkpt><trkpt lat="37.583213806152344" lon="127.07597351074219"><ele>13.0</ele><time>2026-09-18T23:56:40Z</time></trkpt><trkpt lat="37.58319854736328" lon="127.07598876953125"><ele>13.0</ele><time>2026-09-18T23:56:41Z</time></trkpt><trkpt lat="37.58318328857422" lon="127.07600402832031"><ele>13.0</ele><time>2026-09-18T23:56:42Z</time></trkpt><trkpt lat="37.583160400390625" lon="127.07601165771484"><ele>13.199999809265137</ele><time>2026-09-18T23:56:43Z</time></trkpt><trkpt lat="37.58314514160156" lon="127.0760269165039"><ele>13.199999809265137</ele><time>2026-09-18T23:56:44Z</time></trkpt><trkpt lat="37.583126068115234" lon="127.07604217529297"><ele>13.199999809265137</ele><time>2026-09-18T23:56:45Z</time></trkpt><trkpt lat="37.58311080932617" lon="127.07605743408203"><ele>13.199999809265137</ele><time>2026-09-18T23:56:46Z</time></trkpt><trkpt lat="37.58309555053711" lon="127.07606506347656"><ele>13.199999809265137</ele><time>2026-09-18T23:56:47Z</time></trkpt><trkpt lat="37.58307647705078" lon="127.0760726928711"><ele>13.199999809265137</ele><time>2026-09-18T23:56:48Z</time></trkpt><trkpt lat="37.58306121826172" lon="127.07608795166016"><ele>13.199999809265137</ele><time>2026-09-18T23:56:49Z</time></trkpt><trkpt lat="37.58304214477539" lon="127.07610321044922"><ele>13.199999809265137</ele><time>2026-09-18T23:56:50Z</time></trkpt><trkpt lat="37.583030700683594" lon="127.07611083984375"><ele>13.199999809265137</ele><time>2026-09-18T23:56:51Z</time></trkpt><trkpt lat="37.5830078125" lon="127.07612609863281"><ele>13.199999809265137</ele><time>2026-09-18T23:56:52Z</time></trkpt><trkpt lat="37.5829963684082" lon="127.07613372802734"><ele>13.199999809265137</ele><time>2026-09-18T23:56:53Z</time></trkpt><trkpt lat="37.582977294921875" lon="127.0761489868164"><ele>13.199999809265137</ele><time>2026-09-18T23:56:54Z</time></trkpt><trkpt lat="37.58296203613281" lon="127.07616424560547"><ele>13.199999809265137</ele><time>2026-09-18T23:56:55Z</time></trkpt><trkpt lat="37.58294677734375" lon="127.07617950439453"><ele>13.199999809265137</ele><time>2026-09-18T23:56:56Z</time></trkpt><trkpt lat="37.582923889160156" lon="127.0761947631836"><ele>13.199999809265137</ele><time>2026-09-18T23:56:57Z</time></trkpt><trkpt lat="37.58291244506836" lon="127.07621002197266"><ele>13.199999809265137</ele><time>2026-09-18T23:56:58Z</time></trkpt><trkpt lat="37.58289337158203" lon="127.07622528076172"><ele>13.399999618530273</ele><time>2026-09-18T23:56:59Z</time></trkpt><trkpt lat="37.582881927490234" lon="127.07623291015625"><ele>13.399999618530273</ele><time>2026-09-18T23:57:00Z</time></trkpt><trkpt lat="37.58286666870117" lon="127.07624816894531"><ele>13.399999618530273</ele><time>2026-09-18T23:57:01Z</time></trkpt><trkpt lat="37.58285140991211" lon="127.07625579833984"><ele>13.399999618530273</ele><time>2026-09-18T23:57:02Z</time></trkpt><trkpt lat="37.58283996582031" lon="127.0762710571289"><ele>13.399999618530273</ele><time>2026-09-18T23:57:03Z</time></trkpt><trkpt lat="37.58282470703125" lon="127.07628631591797"><ele>13.399999618530273</ele><time>2026-09-18T23:57:04Z</time></trkpt><trkpt lat="37.58281326293945" lon="127.0762939453125"><ele>13.399999618530273</ele><time>2026-09-18T23:57:05Z</time></trkpt><trkpt lat="37.58279800415039" lon="127.07630920410156"><ele>13.399999618530273</ele><time>2026-09-18T23:57:06Z</time></trkpt><trkpt lat="37.58278274536133" lon="127.0763168334961"><ele>13.399999618530273</ele><time>2026-09-18T23:57:07Z</time></trkpt><trkpt lat="37.582767486572266" lon="127.07633209228516"><ele>13.399999618530273</ele><time>2026-09-18T23:57:08Z</time></trkpt><trkpt lat="37.58274841308594" lon="127.07633972167969"><ele>13.399999618530273</ele><time>2026-09-18T23:57:09Z</time></trkpt><trkpt lat="37.58273696899414" lon="127.07635498046875"><ele>13.399999618530273</ele><time>2026-09-18T23:57:10Z</time></trkpt><trkpt lat="37.58271789550781" lon="127.07637023925781"><ele>13.399999618530273</ele><time>2026-09-18T23:57:11Z</time></trkpt><trkpt lat="37.58270263671875" lon="127.07638549804688"><ele>13.399999618530273</ele><time>2026-09-18T23:57:12Z</time></trkpt><trkpt lat="37.58268356323242" lon="127.0763931274414"><ele>13.399999618530273</ele><time>2026-09-18T23:57:13Z</time></trkpt><trkpt lat="37.582664489746094" lon="127.07640838623047"><ele>13.399999618530273</ele><time>2026-09-18T23:57:14Z</time></trkpt><trkpt lat="37.58264923095703" lon="127.07642364501953"><ele>13.399999618530273</ele><time>2026-09-18T23:57:15Z</time></trkpt><trkpt lat="37.5826301574707" lon="127.07643127441406"><ele>13.399999618530273</ele><time>2026-09-18T23:57:16Z</time></trkpt><trkpt lat="37.58261489868164" lon="127.07644653320312"><ele>13.399999618530273</ele><time>2026-09-18T23:57:17Z</time></trkpt><trkpt lat="37.58259963989258" lon="127.07646179199219"><ele>13.399999618530273</ele><time>2026-09-18T23:57:18Z</time></trkpt><trkpt lat="37.582584381103516" lon="127.07646942138672"><ele>13.399999618530273</ele><time>2026-09-18T23:57:19Z</time></trkpt><trkpt lat="37.58256912231445" lon="127.07649230957031"><ele>13.399999618530273</ele><time>2026-09-18T23:57:20Z</time></trkpt><trkpt lat="37.58254623413086" lon="127.07649993896484"><ele>13.399999618530273</ele><time>2026-09-18T23:57:21Z</time></trkpt><trkpt lat="37.58253479003906" lon="127.0765151977539"><ele>13.399999618530273</ele><time>2026-09-18T23:57:22Z</time></trkpt><trkpt lat="37.58251190185547" lon="127.0765380859375"><ele>13.399999618530273</ele><time>2026-09-18T23:57:23Z</time></trkpt><trkpt lat="37.58250045776367" lon="127.07655334472656"><ele>13.399999618530273</ele><time>2026-09-18T23:57:24Z</time></trkpt><trkpt lat="37.58248519897461" lon="127.07656860351562"><ele>13.199999809265137</ele><time>2026-09-18T23:57:25Z</time></trkpt><trkpt lat="37.58246994018555" lon="127.07657623291016"><ele>13.399999618530273</ele><time>2026-09-18T23:57:26Z</time></trkpt><trkpt lat="37.58245849609375" lon="127.07659149169922"><ele>13.399999618530273</ele><time>2026-09-18T23:57:27Z</time></trkpt><trkpt lat="37.58243942260742" lon="127.07659912109375"><ele>13.399999618530273</ele><time>2026-09-18T23:57:28Z</time></trkpt><trkpt lat="37.582427978515625" lon="127.07661437988281"><ele>13.199999809265137</ele><time>2026-09-18T23:57:29Z</time></trkpt><trkpt lat="37.5824089050293" lon="127.07662963867188"><ele>13.199999809265137</ele><time>2026-09-18T23:57:30Z</time></trkpt><trkpt lat="37.5823974609375" lon="127.07664489746094"><ele>13.199999809265137</ele><time>2026-09-18T23:57:31Z</time></trkpt><trkpt lat="37.58237838745117" lon="127.07666015625"><ele>13.199999809265137</ele><time>2026-09-18T23:57:32Z</time></trkpt><trkpt lat="37.582359313964844" lon="127.07667541503906"><ele>13.199999809265137</ele><time>2026-09-18T23:57:33Z</time></trkpt><trkpt lat="37.58234405517578" lon="127.07669067382812"><ele>13.199999809265137</ele><time>2026-09-18T23:57:34Z</time></trkpt><trkpt lat="37.58232498168945" lon="127.07669830322266"><ele>13.199999809265137</ele><time>2026-09-18T23:57:35Z</time></trkpt><trkpt lat="37.58230972290039" lon="127.07670593261719"><ele>13.199999809265137</ele><time>2026-09-18T23:57:36Z</time></trkpt><trkpt lat="37.58229064941406" lon="127.07672119140625"><ele>13.199999809265137</ele><time>2026-09-18T23:57:37Z</time></trkpt><trkpt lat="37.582271575927734" lon="127.07672882080078"><ele>13.399999618530273</ele><time>2026-09-18T23:57:38Z</time></trkpt><trkpt lat="37.58226013183594" lon="127.07674407958984"><ele>13.399999618530273</ele><time>2026-09-18T23:57:39Z</time></trkpt><trkpt lat="37.582237243652344" lon="127.0767593383789"><ele>13.399999618530273</ele><time>2026-09-18T23:57:40Z</time></trkpt><trkpt lat="37.58222198486328" lon="127.07677459716797"><ele>13.600000381469727</ele><time>2026-09-18T23:57:41Z</time></trkpt><trkpt lat="37.58220291137695" lon="127.07678985595703"><ele>13.600000381469727</ele><time>2026-09-18T23:57:42Z</time></trkpt><trkpt lat="37.58218765258789" lon="127.07681274414062"><ele>13.600000381469727</ele><time>2026-09-18T23:57:43Z</time></trkpt><trkpt lat="37.58216857910156" lon="127.07682800292969"><ele>13.600000381469727</ele><time>2026-09-18T23:57:44Z</time></trkpt><trkpt lat="37.582149505615234" lon="127.07683563232422"><ele>13.600000381469727</ele><time>2026-09-18T23:57:45Z</time></trkpt><trkpt lat="37.58213424682617" lon="127.07685089111328"><ele>13.600000381469727</ele><time>2026-09-18T23:57:46Z</time></trkpt><trkpt lat="37.58211135864258" lon="127.07686614990234"><ele>13.399999618530273</ele><time>2026-09-18T23:57:47Z</time></trkpt><trkpt lat="37.58209991455078" lon="127.0768814086914"><ele>13.399999618530273</ele><time>2026-09-18T23:57:48Z</time></trkpt><trkpt lat="37.58208084106445" lon="127.07689666748047"><ele>13.399999618530273</ele><time>2026-09-18T23:57:49Z</time></trkpt><trkpt lat="37.58206558227539" lon="127.07691192626953"><ele>13.399999618530273</ele><time>2026-09-18T23:57:50Z</time></trkpt><trkpt lat="37.582054138183594" lon="127.0769271850586"><ele>13.399999618530273</ele><time>2026-09-18T23:57:51Z</time></trkpt><trkpt lat="37.58203125" lon="127.07694244384766"><ele>13.399999618530273</ele><time>2026-09-18T23:57:52Z</time></trkpt><trkpt lat="37.58201217651367" lon="127.07695007324219"><ele>13.399999618530273</ele><time>2026-09-18T23:57:53Z</time></trkpt><trkpt lat="37.58198928833008" lon="127.07696533203125"><ele>13.399999618530273</ele><time>2026-09-18T23:57:54Z</time></trkpt><trkpt lat="37.581974029541016" lon="127.07698059082031"><ele>13.399999618530273</ele><time>2026-09-18T23:57:55Z</time></trkpt><trkpt lat="37.58195877075195" lon="127.07699584960938"><ele>13.399999618530273</ele><time>2026-09-18T23:57:56Z</time></trkpt><trkpt lat="37.581939697265625" lon="127.0770034790039"><ele>13.399999618530273</ele><time>2026-09-18T23:57:57Z</time></trkpt><trkpt lat="37.58192825317383" lon="127.07701873779297"><ele>13.399999618530273</ele><time>2026-09-18T23:57:58Z</time></trkpt><trkpt lat="37.5819091796875" lon="127.07703399658203"><ele>13.399999618530273</ele><time>2026-09-18T23:57:59Z</time></trkpt><trkpt lat="37.5818977355957" lon="127.0770492553711"><ele>13.399999618530273</ele><time>2026-09-18T23:58:00Z</time></trkpt><trkpt lat="37.581878662109375" lon="127.07706451416016"><ele>13.399999618530273</ele><time>2026-09-18T23:58:01Z</time></trkpt><trkpt lat="37.58185958862305" lon="127.07707214355469"><ele>13.399999618530273</ele><time>2026-09-18T23:58:02Z</time></trkpt><trkpt lat="37.581844329833984" lon="127.07708740234375"><ele>13.399999618530273</ele><time>2026-09-18T23:58:03Z</time></trkpt><trkpt lat="37.581825256347656" lon="127.07710266113281"><ele>13.399999618530273</ele><time>2026-09-18T23:58:04Z</time></trkpt><trkpt lat="37.581809997558594" lon="127.07711791992188"><ele>13.399999618530273</ele><time>2026-09-18T23:58:05Z</time></trkpt><trkpt lat="37.581787109375" lon="127.07713317871094"><ele>13.399999618530273</ele><time>2026-09-18T23:58:06Z</time></trkpt><trkpt lat="37.58177185058594" lon="127.07714080810547"><ele>13.399999618530273</ele><time>2026-09-18T23:58:07Z</time></trkpt><trkpt lat="37.58175277709961" lon="127.07715606689453"><ele>13.399999618530273</ele><time>2026-09-18T23:58:08Z</time></trkpt><trkpt lat="37.58173751831055" lon="127.07716369628906"><ele>13.399999618530273</ele><time>2026-09-18T23:58:09Z</time></trkpt><trkpt lat="37.581722259521484" lon="127.07717895507812"><ele>13.399999618530273</ele><time>2026-09-18T23:58:10Z</time></trkpt><trkpt lat="37.581703186035156" lon="127.07719421386719"><ele>13.399999618530273</ele><time>2026-09-18T23:58:11Z</time></trkpt><trkpt lat="37.58169174194336" lon="127.07720947265625"><ele>13.399999618530273</ele><time>2026-09-18T23:58:12Z</time></trkpt><trkpt lat="37.58167266845703" lon="127.07722473144531"><ele>13.399999618530273</ele><time>2026-09-18T23:58:13Z</time></trkpt><trkpt lat="37.58165740966797" lon="127.07723236083984"><ele>13.399999618530273</ele><time>2026-09-18T23:58:14Z</time></trkpt><trkpt lat="37.58164596557617" lon="127.0772476196289"><ele>13.399999618530273</ele><time>2026-09-18T23:58:15Z</time></trkpt><trkpt lat="37.58162307739258" lon="127.07726287841797"><ele>13.399999618530273</ele><time>2026-09-18T23:58:16Z</time></trkpt><trkpt lat="37.581607818603516" lon="127.07727813720703"><ele>13.399999618530273</ele><time>2026-09-18T23:58:17Z</time></trkpt><trkpt lat="37.58158493041992" lon="127.0772933959961"><ele>13.399999618530273</ele><time>2026-09-18T23:58:18Z</time></trkpt><trkpt lat="37.581573486328125" lon="127.07730865478516"><ele>13.399999618530273</ele><time>2026-09-18T23:58:19Z</time></trkpt><trkpt lat="37.58155822753906" lon="127.07732391357422"><ele>13.399999618530273</ele><time>2026-09-18T23:58:20Z</time></trkpt><trkpt lat="37.581539154052734" lon="127.07733154296875"><ele>13.399999618530273</ele><time>2026-09-18T23:58:21Z</time></trkpt><trkpt lat="37.58152389526367" lon="127.07733917236328"><ele>13.399999618530273</ele><time>2026-09-18T23:58:22Z</time></trkpt><trkpt lat="37.58150863647461" lon="127.07735443115234"><ele>13.399999618530273</ele><time>2026-09-18T23:58:23Z</time></trkpt><trkpt lat="37.58149337768555" lon="127.07736206054688"><ele>13.399999618530273</ele><time>2026-09-18T23:58:24Z</time></trkpt><trkpt lat="37.58147430419922" lon="127.07737731933594"><ele>13.399999618530273</ele><time>2026-09-18T23:58:25Z</time></trkpt><trkpt lat="37.58145523071289" lon="127.077392578125"><ele>13.399999618530273</ele><time>2026-09-18T23:58:26Z</time></trkpt><trkpt lat="37.58143997192383" lon="127.07740783691406"><ele>13.399999618530273</ele><time>2026-09-18T23:58:27Z</time></trkpt><trkpt lat="37.5814208984375" lon="127.07742309570312"><ele>13.399999618530273</ele><time>2026-09-18T23:58:28Z</time></trkpt><trkpt lat="37.58140563964844" lon="127.07743072509766"><ele>13.399999618530273</ele><time>2026-09-18T23:58:29Z</time></trkpt><trkpt lat="37.581390380859375" lon="127.07744598388672"><ele>13.399999618530273</ele><time>2026-09-18T23:58:30Z</time></trkpt><trkpt lat="37.58137130737305" lon="127.07746124267578"><ele>13.399999618530273</ele><time>2026-09-18T23:58:31Z</time></trkpt><trkpt lat="37.58135986328125" lon="127.07747650146484"><ele>13.399999618530273</ele><time>2026-09-18T23:58:32Z</time></trkpt><trkpt lat="37.581336975097656" lon="127.07748413085938"><ele>13.399999618530273</ele><time>2026-09-18T23:58:33Z</time></trkpt><trkpt lat="37.581321716308594" lon="127.07749938964844"><ele>13.399999618530273</ele><time>2026-09-18T23:58:34Z</time></trkpt><trkpt lat="37.581302642822266" lon="127.0775146484375"><ele>13.399999618530273</ele><time>2026-09-18T23:58:35Z</time></trkpt><trkpt lat="37.5812873840332" lon="127.07752990722656"><ele>13.399999618530273</ele><time>2026-09-18T23:58:36Z</time></trkpt><trkpt lat="37.58127212524414" lon="127.0775375366211"><ele>13.399999618530273</ele><time>2026-09-18T23:58:37Z</time></trkpt><trkpt lat="37.58125305175781" lon="127.07754516601562"><ele>13.399999618530273</ele><time>2026-09-18T23:58:38Z</time></trkpt><trkpt lat="37.58123779296875" lon="127.07755279541016"><ele>13.399999618530273</ele><time>2026-09-18T23:58:39Z</time></trkpt><trkpt lat="37.58121871948242" lon="127.07756805419922"><ele>13.399999618530273</ele><time>2026-09-18T23:58:40Z</time></trkpt><trkpt lat="37.581199645996094" lon="127.07757568359375"><ele>13.399999618530273</ele><time>2026-09-18T23:58:41Z</time></trkpt><trkpt lat="37.581180572509766" lon="127.07759094238281"><ele>13.399999618530273</ele><time>2026-09-18T23:58:42Z</time></trkpt><trkpt lat="37.5811653137207" lon="127.07759857177734"><ele>13.399999618530273</ele><time>2026-09-18T23:58:43Z</time></trkpt><trkpt lat="37.58115005493164" lon="127.07760620117188"><ele>13.399999618530273</ele><time>2026-09-18T23:58:44Z</time></trkpt><trkpt lat="37.58112716674805" lon="127.0776138305664"><ele>13.399999618530273</ele><time>2026-09-18T23:58:45Z</time></trkpt><trkpt lat="37.581111907958984" lon="127.07762145996094"><ele>13.199999809265137</ele><time>2026-09-18T23:58:46Z</time></trkpt><trkpt lat="37.581092834472656" lon="127.07762908935547"><ele>13.199999809265137</ele><time>2026-09-18T23:58:47Z</time></trkpt><trkpt lat="37.581077575683594" lon="127.07764434814453"><ele>13.199999809265137</ele><time>2026-09-18T23:58:48Z</time></trkpt><trkpt lat="37.581058502197266" lon="127.0776596069336"><ele>13.199999809265137</ele><time>2026-09-18T23:58:49Z</time></trkpt><trkpt lat="37.5810432434082" lon="127.07768249511719"><ele>13.199999809265137</ele><time>2026-09-18T23:58:50Z</time></trkpt><trkpt lat="37.58102035522461" lon="127.07768249511719"><ele>13.199999809265137</ele><time>2026-09-18T23:58:51Z</time></trkpt><trkpt lat="37.58100509643555" lon="127.07769775390625"><ele>13.199999809265137</ele><time>2026-09-18T23:58:52Z</time></trkpt><trkpt lat="37.58098220825195" lon="127.07770538330078"><ele>13.199999809265137</ele><time>2026-09-18T23:58:53Z</time></trkpt><trkpt lat="37.580970764160156" lon="127.07772064208984"><ele>13.199999809265137</ele><time>2026-09-18T23:58:54Z</time></trkpt><trkpt lat="37.580963134765625" lon="127.07772827148438"><ele>13.199999809265137</ele><time>2026-09-18T23:58:55Z</time></trkpt><trkpt lat="37.58095169067383" lon="127.0777359008789"><ele>13.199999809265137</ele><time>2026-09-18T23:58:56Z</time></trkpt><trkpt lat="37.5809326171875" lon="127.07774353027344"><ele>13.199999809265137</ele><time>2026-09-18T23:58:57Z</time></trkpt><trkpt lat="37.58091735839844" lon="127.0777587890625"><ele>13.199999809265137</ele><time>2026-09-18T23:58:58Z</time></trkpt><trkpt lat="37.58089828491211" lon="127.07776641845703"><ele>13.199999809265137</ele><time>2026-09-18T23:58:59Z</time></trkpt><trkpt lat="37.58088302612305" lon="127.07777404785156"><ele>13.199999809265137</ele><time>2026-09-18T23:59:00Z</time></trkpt><trkpt lat="37.58086013793945" lon="127.07778930664062"><ele>13.199999809265137</ele><time>2026-09-18T23:59:01Z</time></trkpt><trkpt lat="37.58083724975586" lon="127.07780456542969"><ele>13.199999809265137</ele><time>2026-09-18T23:59:02Z</time></trkpt><trkpt lat="37.580814361572266" lon="127.07781982421875"><ele>13.0</ele><time>2026-09-18T23:59:03Z</time></trkpt><trkpt lat="37.580787658691406" lon="127.07782745361328"><ele>13.0</ele><time>2026-09-18T23:59:04Z</time></trkpt><trkpt lat="37.580772399902344" lon="127.07783508300781"><ele>13.0</ele><time>2026-09-18T23:59:05Z</time></trkpt><trkpt lat="37.58074951171875" lon="127.07785034179688"><ele>13.0</ele><time>2026-09-18T23:59:06Z</time></trkpt><trkpt lat="37.58073043823242" lon="127.07785034179688"><ele>13.0</ele><time>2026-09-18T23:59:07Z</time></trkpt><trkpt lat="37.580711364746094" lon="127.07785034179688"><ele>13.0</ele><time>2026-09-18T23:59:08Z</time></trkpt><trkpt lat="37.5806884765625" lon="127.0778579711914"><ele>13.0</ele><time>2026-09-18T23:59:09Z</time></trkpt><trkpt lat="37.58066940307617" lon="127.07786560058594"><ele>13.0</ele><time>2026-09-18T23:59:10Z</time></trkpt><trkpt lat="37.580650329589844" lon="127.07786560058594"><ele>13.0</ele><time>2026-09-18T23:59:11Z</time></trkpt><trkpt lat="37.580631256103516" lon="127.07787322998047"><ele>13.0</ele><time>2026-09-18T23:59:12Z</time></trkpt><trkpt lat="37.58060836791992" lon="127.077880859375"><ele>13.0</ele><time>2026-09-18T23:59:13Z</time></trkpt><trkpt lat="37.58059310913086" lon="127.07788848876953"><ele>13.0</ele><time>2026-09-18T23:59:14Z</time></trkpt><trkpt lat="37.580570220947266" lon="127.07789611816406"><ele>13.0</ele><time>2026-09-18T23:59:15Z</time></trkpt><trkpt lat="37.5805549621582" lon="127.07791137695312"><ele>13.0</ele><time>2026-09-18T23:59:16Z</time></trkpt><trkpt lat="37.580528259277344" lon="127.07791900634766"><ele>13.0</ele><time>2026-09-18T23:59:17Z</time></trkpt><trkpt lat="37.580509185791016" lon="127.07792663574219"><ele>13.0</ele><time>2026-09-18T23:59:18Z</time></trkpt><trkpt lat="37.58049011230469" lon="127.07793426513672"><ele>13.0</ele><time>2026-09-18T23:59:19Z</time></trkpt><trkpt lat="37.580467224121094" lon="127.07794189453125"><ele>13.0</ele><time>2026-09-18T23:59:20Z</time></trkpt><trkpt lat="37.580448150634766" lon="127.07794952392578"><ele>13.0</ele><time>2026-09-18T23:59:21Z</time></trkpt><trkpt lat="37.58042526245117" lon="127.07795715332031"><ele>13.0</ele><time>2026-09-18T23:59:22Z</time></trkpt><trkpt lat="37.580406188964844" lon="127.07796478271484"><ele>12.800000190734863</ele><time>2026-09-18T23:59:23Z</time></trkpt><trkpt lat="37.580379486083984" lon="127.07797241210938"><ele>12.800000190734863</ele><time>2026-09-18T23:59:24Z</time></trkpt><trkpt lat="37.58036422729492" lon="127.0779800415039"><ele>12.800000190734863</ele><time>2026-09-18T23:59:25Z</time></trkpt><trkpt lat="37.58034133911133" lon="127.07798767089844"><ele>12.800000190734863</ele><time>2026-09-18T23:59:26Z</time></trkpt><trkpt lat="37.580322265625" lon="127.07798767089844"><ele>12.800000190734863</ele><time>2026-09-18T23:59:27Z</time></trkpt><trkpt lat="37.58030700683594" lon="127.0780029296875"><ele>12.800000190734863</ele><time>2026-09-18T23:59:28Z</time></trkpt><trkpt lat="37.580284118652344" lon="127.07799530029297"><ele>12.800000190734863</ele><time>2026-09-18T23:59:29Z</time></trkpt><trkpt lat="37.580265045166016" lon="127.07801055908203"><ele>12.800000190734863</ele><time>2026-09-18T23:59:30Z</time></trkpt><trkpt lat="37.580238342285156" lon="127.07801055908203"><ele>12.800000190734863</ele><time>2026-09-18T23:59:31Z</time></trkpt><trkpt lat="37.58021926879883" lon="127.0780258178711"><ele>12.800000190734863</ele><time>2026-09-18T23:59:32Z</time></trkpt><trkpt lat="37.580196380615234" lon="127.0780258178711"><ele>12.800000190734863</ele><time>2026-09-18T23:59:33Z</time></trkpt><trkpt lat="37.580177307128906" lon="127.07803344726562"><ele>12.800000190734863</ele><time>2026-09-18T23:59:34Z</time></trkpt><trkpt lat="37.580162048339844" lon="127.07804107666016"><ele>13.0</ele><time>2026-09-18T23:59:35Z</time></trkpt><trkpt lat="37.580142974853516" lon="127.07804107666016"><ele>13.0</ele><time>2026-09-18T23:59:36Z</time></trkpt><trkpt lat="37.58012390136719" lon="127.07804870605469"><ele>12.800000190734863</ele><time>2026-09-18T23:59:37Z</time></trkpt><trkpt lat="37.58011245727539" lon="127.07806396484375"><ele>12.800000190734863</ele><time>2026-09-18T23:59:38Z</time></trkpt><trkpt lat="37.580101013183594" lon="127.07807159423828"><ele>12.800000190734863</ele><time>2026-09-18T23:59:39Z</time></trkpt><trkpt lat="37.58008575439453" lon="127.07807922363281"><ele>12.600000381469727</ele><time>2026-09-18T23:59:40Z</time></trkpt><trkpt lat="37.580078125" lon="127.07809448242188"><ele>12.600000381469727</ele><time>2026-09-18T23:59:41Z</time></trkpt><trkpt lat="37.580074310302734" lon="127.07810974121094"><ele>12.600000381469727</ele><time>2026-09-18T23:59:42Z</time></trkpt><trkpt lat="37.580074310302734" lon="127.078125"><ele>12.600000381469727</ele><time>2026-09-18T23:59:43Z</time></trkpt><trkpt lat="37.580074310302734" lon="127.07814025878906"><ele>12.600000381469727</ele><time>2026-09-18T23:59:44Z</time></trkpt><trkpt lat="37.58007049560547" lon="127.07816314697266"><ele>12.399999618530273</ele><time>2026-09-18T23:59:45Z</time></trkpt><trkpt lat="37.580055236816406" lon="127.07816314697266"><ele>12.600000381469727</ele><time>2026-09-18T23:59:46Z</time></trkpt><trkpt lat="37.580047607421875" lon="127.07817840576172"><ele>12.800000190734863</ele><time>2026-09-18T23:59:47Z</time></trkpt><trkpt lat="37.58002853393555" lon="127.07818603515625"><ele>12.800000190734863</ele><time>2026-09-18T23:59:48Z</time></trkpt><trkpt lat="37.58000946044922" lon="127.07820129394531"><ele>13.0</ele><time>2026-09-18T23:59:49Z</time></trkpt><trkpt lat="37.57999038696289" lon="127.07821655273438"><ele>13.199999809265137</ele><time>2026-09-18T23:59:50Z</time></trkpt><trkpt lat="37.57996368408203" lon="127.0782241821289"><ele>13.199999809265137</ele><time>2026-09-18T23:59:51Z</time></trkpt><trkpt lat="37.57993698120117" lon="127.07823181152344"><ele>13.199999809265137</ele><time>2026-09-18T23:59:52Z</time></trkpt><trkpt lat="37.57991409301758" lon="127.0782241821289"><ele>13.199999809265137</ele><time>2026-09-18T23:59:53Z</time></trkpt><trkpt lat="37.579891204833984" lon="127.0782241821289"><ele>13.199999809265137</ele><time>2026-09-18T23:59:54Z</time></trkpt><trkpt lat="37.57986831665039" lon="127.0782241821289"><ele>13.199999809265137</ele><time>2026-09-18T23:59:55Z</time></trkpt><trkpt lat="37.57984924316406" lon="127.0782241821289"><ele>13.199999809265137</ele><time>2026-09-18T23:59:56Z</time></trkpt><trkpt lat="37.5798225402832" lon="127.0782241821289"><ele>13.199999809265137</ele><time>2026-09-18T23:59:57Z</time></trkpt><trkpt lat="37.57980728149414" lon="127.07823181152344"><ele>13.199999809265137</ele><time>2026-09-18T23:59:58Z</time></trkpt><trkpt lat="37.57978057861328" lon="127.07823181152344"><ele>13.199999809265137</ele><time>2026-09-18T23:59:59Z</time></trkpt><trkpt lat="37.57976150512695" lon="127.07823944091797"><ele>13.199999809265137</ele><time>2026-09-19T00:00:00Z</time></trkpt><trkpt lat="37.57973861694336" lon="127.0782470703125"><ele>13.199999809265137</ele><time>2026-09-19T00:00:01Z</time></trkpt><trkpt lat="37.57971954345703" lon="127.0782470703125"><ele>13.0</ele><time>2026-09-19T00:00:02Z</time></trkpt><trkpt lat="37.57969665527344" lon="127.07825469970703"><ele>13.0</ele><time>2026-09-19T00:00:03Z</time></trkpt><trkpt lat="37.579673767089844" lon="127.07825469970703"><ele>13.0</ele><time>2026-09-19T00:00:04Z</time></trkpt><trkpt lat="37.579654693603516" lon="127.07825469970703"><ele>13.0</ele><time>2026-09-19T00:00:05Z</time></trkpt><trkpt lat="37.57963180541992" lon="127.07825469970703"><ele>13.0</ele><time>2026-09-19T00:00:06Z</time></trkpt><trkpt lat="37.57961654663086" lon="127.0782699584961"><ele>13.0</ele><time>2026-09-19T00:00:07Z</time></trkpt><trkpt lat="37.579593658447266" lon="127.07826232910156"><ele>13.0</ele><time>2026-09-19T00:00:08Z</time></trkpt><trkpt lat="37.57957458496094" lon="127.0782699584961"><ele>13.0</ele><time>2026-09-19T00:00:09Z</time></trkpt><trkpt lat="37.57954788208008" lon="127.0782699584961"><ele>13.0</ele><time>2026-09-19T00:00:10Z</time></trkpt><trkpt lat="37.57952880859375" lon="127.07827758789062"><ele>13.0</ele><time>2026-09-19T00:00:11Z</time></trkpt><trkpt lat="37.57950210571289" lon="127.07827758789062"><ele>13.0</ele><time>2026-09-19T00:00:12Z</time></trkpt><trkpt lat="37.57948303222656" lon="127.07827758789062"><ele>13.0</ele><time>2026-09-19T00:00:13Z</time></trkpt><trkpt lat="37.57946014404297" lon="127.07828521728516"><ele>13.0</ele><time>2026-09-19T00:00:14Z</time></trkpt><trkpt lat="37.57944107055664" lon="127.07827758789062"><ele>13.0</ele><time>2026-09-19T00:00:15Z</time></trkpt><trkpt lat="37.57942199707031" lon="127.07828521728516"><ele>13.0</ele><time>2026-09-19T00:00:16Z</time></trkpt><trkpt lat="37.57939529418945" lon="127.07827758789062"><ele>13.0</ele><time>2026-09-19T00:00:17Z</time></trkpt><trkpt lat="37.579376220703125" lon="127.07828521728516"><ele>13.0</ele><time>2026-09-19T00:00:18Z</time></trkpt><trkpt lat="37.57935333251953" lon="127.07828521728516"><ele>13.0</ele><time>2026-09-19T00:00:19Z</time></trkpt><trkpt lat="37.5793342590332" lon="127.07829284667969"><ele>13.0</ele><time>2026-09-19T00:00:20Z</time></trkpt><trkpt lat="37.579307556152344" lon="127.07829284667969"><ele>13.0</ele><time>2026-09-19T00:00:21Z</time></trkpt><trkpt lat="37.57929229736328" lon="127.07830047607422"><ele>13.0</ele><time>2026-09-19T00:00:22Z</time></trkpt><trkpt lat="37.57926559448242" lon="127.07830047607422"><ele>12.800000190734863</ele><time>2026-09-19T00:00:23Z</time></trkpt><trkpt lat="37.579246520996094" lon="127.07830810546875"><ele>12.800000190734863</ele><time>2026-09-19T00:00:24Z</time></trkpt><trkpt lat="37.579219818115234" lon="127.07830810546875"><ele>12.800000190734863</ele><time>2026-09-19T00:00:25Z</time></trkpt><trkpt lat="37.579200744628906" lon="127.07830810546875"><ele>13.0</ele><time>2026-09-19T00:00:26Z</time></trkpt><trkpt lat="37.57917785644531" lon="127.07831573486328"><ele>13.0</ele><time>2026-09-19T00:00:27Z</time></trkpt><trkpt lat="37.579158782958984" lon="127.07831573486328"><ele>13.0</ele><time>2026-09-19T00:00:28Z</time></trkpt><trkpt lat="37.57913589477539" lon="127.07831573486328"><ele>13.0</ele><time>2026-09-19T00:00:29Z</time></trkpt><trkpt lat="37.57911682128906" lon="127.07832336425781"><ele>13.0</ele><time>2026-09-19T00:00:30Z</time></trkpt><trkpt lat="37.57909393310547" lon="127.07832336425781"><ele>13.0</ele><time>2026-09-19T00:00:31Z</time></trkpt><trkpt lat="37.579071044921875" lon="127.07832336425781"><ele>13.0</ele><time>2026-09-19T00:00:32Z</time></trkpt><trkpt lat="37.57905197143555" lon="127.07833099365234"><ele>13.0</ele><time>2026-09-19T00:00:33Z</time></trkpt><trkpt lat="37.57902908325195" lon="127.07833099365234"><ele>13.0</ele><time>2026-09-19T00:00:34Z</time></trkpt><trkpt lat="37.579010009765625" lon="127.07833099365234"><ele>13.0</ele><time>2026-09-19T00:00:35Z</time></trkpt><trkpt lat="37.57898712158203" lon="127.07833099365234"><ele>13.0</ele><time>2026-09-19T00:00:36Z</time></trkpt><trkpt lat="37.57896423339844" lon="127.07833099365234"><ele>13.0</ele><time>2026-09-19T00:00:37Z</time></trkpt><trkpt lat="37.578941345214844" lon="127.07833862304688"><ele>13.0</ele><time>2026-09-19T00:00:38Z</time></trkpt><trkpt lat="37.578922271728516" lon="127.0783462524414"><ele>13.0</ele><time>2026-09-19T00:00:39Z</time></trkpt><trkpt lat="37.57889938354492" lon="127.0783462524414"><ele>13.0</ele><time>2026-09-19T00:00:40Z</time></trkpt><trkpt lat="37.57887649536133" lon="127.0783462524414"><ele>13.0</ele><time>2026-09-19T00:00:41Z</time></trkpt><trkpt lat="37.578857421875" lon="127.0783462524414"><ele>13.0</ele><time>2026-09-19T00:00:42Z</time></trkpt><trkpt lat="37.57883071899414" lon="127.0783462524414"><ele>13.0</ele><time>2026-09-19T00:00:43Z</time></trkpt><trkpt lat="37.57880783081055" lon="127.07835388183594"><ele>13.0</ele><time>2026-09-19T00:00:44Z</time></trkpt><trkpt lat="37.57878112792969" lon="127.07835388183594"><ele>13.0</ele><time>2026-09-19T00:00:45Z</time></trkpt><trkpt lat="37.57876205444336" lon="127.07835388183594"><ele>13.0</ele><time>2026-09-19T00:00:46Z</time></trkpt><trkpt lat="37.578739166259766" lon="127.07835388183594"><ele>13.0</ele><time>2026-09-19T00:00:47Z</time></trkpt><trkpt lat="37.57871627807617" lon="127.07835388183594"><ele>13.0</ele><time>2026-09-19T00:00:48Z</time></trkpt><trkpt lat="37.57869338989258" lon="127.07836151123047"><ele>13.199999809265137</ele><time>2026-09-19T00:00:49Z</time></trkpt><trkpt lat="37.578670501708984" lon="127.078369140625"><ele>13.199999809265137</ele><time>2026-09-19T00:00:50Z</time></trkpt><trkpt lat="37.57864761352539" lon="127.078369140625"><ele>13.199999809265137</ele><time>2026-09-19T00:00:51Z</time></trkpt><trkpt lat="37.5786247253418" lon="127.078369140625"><ele>13.199999809265137</ele><time>2026-09-19T00:00:52Z</time></trkpt><trkpt lat="37.57860565185547" lon="127.07837677001953"><ele>13.199999809265137</ele><time>2026-09-19T00:00:53Z</time></trkpt><trkpt lat="37.578582763671875" lon="127.07837677001953"><ele>13.199999809265137</ele><time>2026-09-19T00:00:54Z</time></trkpt><trkpt lat="37.57856750488281" lon="127.07838439941406"><ele>13.199999809265137</ele><time>2026-09-19T00:00:55Z</time></trkpt><trkpt lat="37.578548431396484" lon="127.07837677001953"><ele>13.199999809265137</ele><time>2026-09-19T00:00:56Z</time></trkpt><trkpt lat="37.578529357910156" lon="127.07838439941406"><ele>13.199999809265137</ele><time>2026-09-19T00:00:57Z</time></trkpt><trkpt lat="37.5785026550293" lon="127.07838439941406"><ele>13.199999809265137</ele><time>2026-09-19T00:00:58Z</time></trkpt><trkpt lat="37.578487396240234" lon="127.0783920288086"><ele>13.0</ele><time>2026-09-19T00:00:59Z</time></trkpt><trkpt lat="37.578460693359375" lon="127.0783920288086"><ele>13.0</ele><time>2026-09-19T00:01:00Z</time></trkpt><trkpt lat="37.57844161987305" lon="127.0783920288086"><ele>13.0</ele><time>2026-09-19T00:01:01Z</time></trkpt><trkpt lat="37.57841110229492" lon="127.07839965820312"><ele>13.0</ele><time>2026-09-19T00:01:02Z</time></trkpt><trkpt lat="37.578392028808594" lon="127.07839965820312"><ele>13.0</ele><time>2026-09-19T00:01:03Z</time></trkpt><trkpt lat="37.578365325927734" lon="127.07839965820312"><ele>13.0</ele><time>2026-09-19T00:01:04Z</time></trkpt><trkpt lat="37.57834243774414" lon="127.07839965820312"><ele>13.0</ele><time>2026-09-19T00:01:05Z</time></trkpt><trkpt lat="37.57831954956055" lon="127.07840728759766"><ele>13.0</ele><time>2026-09-19T00:01:06Z</time></trkpt><trkpt lat="37.57829284667969" lon="127.07840728759766"><ele>13.0</ele><time>2026-09-19T00:01:07Z</time></trkpt><trkpt lat="37.57827377319336" lon="127.07841491699219"><ele>13.0</ele><time>2026-09-19T00:01:08Z</time></trkpt><trkpt lat="37.5782470703125" lon="127.07842254638672"><ele>13.0</ele><time>2026-09-19T00:01:09Z</time></trkpt><trkpt lat="37.57823181152344" lon="127.07842254638672"><ele>13.0</ele><time>2026-09-19T00:01:10Z</time></trkpt><trkpt lat="37.57820510864258" lon="127.07842254638672"><ele>13.0</ele><time>2026-09-19T00:01:11Z</time></trkpt><trkpt lat="37.57818603515625" lon="127.07843017578125"><ele>13.0</ele><time>2026-09-19T00:01:12Z</time></trkpt><trkpt lat="37.578163146972656" lon="127.07843017578125"><ele>13.0</ele><time>2026-09-19T00:01:13Z</time></trkpt><trkpt lat="37.57814407348633" lon="127.07843017578125"><ele>13.0</ele><time>2026-09-19T00:01:14Z</time></trkpt><trkpt lat="37.578121185302734" lon="127.07843780517578"><ele>13.0</ele><time>2026-09-19T00:01:15Z</time></trkpt><trkpt lat="37.578102111816406" lon="127.07843780517578"><ele>13.0</ele><time>2026-09-19T00:01:16Z</time></trkpt><trkpt lat="37.57807922363281" lon="127.07844543457031"><ele>13.0</ele><time>2026-09-19T00:01:17Z</time></trkpt><trkpt lat="37.57805633544922" lon="127.07844543457031"><ele>13.0</ele><time>2026-09-19T00:01:18Z</time></trkpt><trkpt lat="37.578033447265625" lon="127.07844543457031"><ele>13.199999809265137</ele><time>2026-09-19T00:01:19Z</time></trkpt><trkpt lat="37.57801055908203" lon="127.07844543457031"><ele>13.199999809265137</ele><time>2026-09-19T00:01:20Z</time></trkpt><trkpt lat="37.57799530029297" lon="127.07844543457031"><ele>13.399999618530273</ele><time>2026-09-19T00:01:21Z</time></trkpt><trkpt lat="37.577964782714844" lon="127.07845306396484"><ele>13.399999618530273</ele><time>2026-09-19T00:01:22Z</time></trkpt><trkpt lat="37.57795333862305" lon="127.07844543457031"><ele>13.600000381469727</ele><time>2026-09-19T00:01:23Z</time></trkpt><trkpt lat="37.57792282104492" lon="127.07844543457031"><ele>13.399999618530273</ele><time>2026-09-19T00:01:24Z</time></trkpt><trkpt lat="37.57789993286133" lon="127.07845306396484"><ele>13.199999809265137</ele><time>2026-09-19T00:01:25Z</time></trkpt><trkpt lat="37.577877044677734" lon="127.07845306396484"><ele>13.199999809265137</ele><time>2026-09-19T00:01:26Z</time></trkpt><trkpt lat="37.57785415649414" lon="127.07846069335938"><ele>13.0</ele><time>2026-09-19T00:01:27Z</time></trkpt><trkpt lat="37.57783508300781" lon="127.07847595214844"><ele>13.0</ele><time>2026-09-19T00:01:28Z</time></trkpt><trkpt lat="37.57781219482422" lon="127.07847595214844"><ele>13.0</ele><time>2026-09-19T00:01:29Z</time></trkpt><trkpt lat="37.57779312133789" lon="127.07848358154297"><ele>13.0</ele><time>2026-09-19T00:01:30Z</time></trkpt><trkpt lat="37.5777702331543" lon="127.07848358154297"><ele>13.199999809265137</ele><time>2026-09-19T00:01:31Z</time></trkpt><trkpt lat="37.57775115966797" lon="127.07848358154297"><ele>13.199999809265137</ele><time>2026-09-19T00:01:32Z</time></trkpt><trkpt lat="37.57772445678711" lon="127.07848358154297"><ele>13.199999809265137</ele><time>2026-09-19T00:01:33Z</time></trkpt><trkpt lat="37.577701568603516" lon="127.0784912109375"><ele>13.199999809265137</ele><time>2026-09-19T00:01:34Z</time></trkpt><trkpt lat="37.57767868041992" lon="127.0784912109375"><ele>13.199999809265137</ele><time>2026-09-19T00:01:35Z</time></trkpt><trkpt lat="37.57765197753906" lon="127.0784912109375"><ele>13.199999809265137</ele><time>2026-09-19T00:01:36Z</time></trkpt><trkpt lat="37.57762908935547" lon="127.07849884033203"><ele>13.199999809265137</ele><time>2026-09-19T00:01:37Z</time></trkpt><trkpt lat="37.577606201171875" lon="127.0784912109375"><ele>13.0</ele><time>2026-09-19T00:01:38Z</time></trkpt><trkpt lat="37.57758712768555" lon="127.07849884033203"><ele>13.0</ele><time>2026-09-19T00:01:39Z</time></trkpt><trkpt lat="37.57756042480469" lon="127.07849884033203"><ele>13.0</ele><time>2026-09-19T00:01:40Z</time></trkpt><trkpt lat="37.57754135131836" lon="127.07850646972656"><ele>13.0</ele><time>2026-09-19T00:01:41Z</time></trkpt><trkpt lat="37.577518463134766" lon="127.07850646972656"><ele>13.0</ele><time>2026-09-19T00:01:42Z</time></trkpt><trkpt lat="37.57749557495117" lon="127.0785140991211"><ele>13.0</ele><time>2026-09-19T00:01:43Z</time></trkpt><trkpt lat="37.57747268676758" lon="127.07852172851562"><ele>13.0</ele><time>2026-09-19T00:01:44Z</time></trkpt><trkpt lat="37.57745361328125" lon="127.0785140991211"><ele>13.0</ele><time>2026-09-19T00:01:45Z</time></trkpt><trkpt lat="37.57743453979492" lon="127.0785140991211"><ele>13.0</ele><time>2026-09-19T00:01:46Z</time></trkpt><trkpt lat="37.57741165161133" lon="127.07850646972656"><ele>13.0</ele><time>2026-09-19T00:01:47Z</time></trkpt><trkpt lat="37.577392578125" lon="127.0785140991211"><ele>13.0</ele><time>2026-09-19T00:01:48Z</time></trkpt><trkpt lat="37.577369689941406" lon="127.0785140991211"><ele>13.0</ele><time>2026-09-19T00:01:49Z</time></trkpt><trkpt lat="37.57735061645508" lon="127.07852172851562"><ele>13.0</ele><time>2026-09-19T00:01:50Z</time></trkpt><trkpt lat="37.57733154296875" lon="127.07852172851562"><ele>13.0</ele><time>2026-09-19T00:01:51Z</time></trkpt><trkpt lat="37.577308654785156" lon="127.07852172851562"><ele>13.0</ele><time>2026-09-19T00:01:52Z</time></trkpt><trkpt lat="37.577293395996094" lon="127.07852172851562"><ele>13.0</ele><time>2026-09-19T00:01:53Z</time></trkpt><trkpt lat="37.5772705078125" lon="127.07852172851562"><ele>13.0</ele><time>2026-09-19T00:01:54Z</time></trkpt><trkpt lat="37.5772590637207" lon="127.07852935791016"><ele>13.0</ele><time>2026-09-19T00:01:55Z</time></trkpt><trkpt lat="37.57722854614258" lon="127.07852935791016"><ele>13.0</ele><time>2026-09-19T00:01:56Z</time></trkpt><trkpt lat="37.577213287353516" lon="127.07853698730469"><ele>13.0</ele><time>2026-09-19T00:01:57Z</time></trkpt><trkpt lat="37.577186584472656" lon="127.07853698730469"><ele>13.0</ele><time>2026-09-19T00:01:58Z</time></trkpt><trkpt lat="37.57716751098633" lon="127.07854461669922"><ele>13.0</ele><time>2026-09-19T00:01:59Z</time></trkpt><trkpt lat="37.577144622802734" lon="127.07855224609375"><ele>13.0</ele><time>2026-09-19T00:02:00Z</time></trkpt><trkpt lat="37.57712173461914" lon="127.07855224609375"><ele>13.0</ele><time>2026-09-19T00:02:01Z</time></trkpt><trkpt lat="37.57710266113281" lon="127.07855987548828"><ele>13.0</ele><time>2026-09-19T00:02:02Z</time></trkpt><trkpt lat="37.57707977294922" lon="127.07855987548828"><ele>13.0</ele><time>2026-09-19T00:02:03Z</time></trkpt><trkpt lat="37.57706069946289" lon="127.07855987548828"><ele>13.0</ele><time>2026-09-19T00:02:04Z</time></trkpt><trkpt lat="37.57703399658203" lon="127.07855987548828"><ele>13.199999809265137</ele><time>2026-09-19T00:02:05Z</time></trkpt><trkpt lat="37.577022552490234" lon="127.07857513427734"><ele>13.199999809265137</ele><time>2026-09-19T00:02:06Z</time></trkpt><trkpt lat="37.576995849609375" lon="127.07857513427734"><ele>13.199999809265137</ele><time>2026-09-19T00:02:07Z</time></trkpt><trkpt lat="37.57697677612305" lon="127.07858276367188"><ele>13.199999809265137</ele><time>2026-09-19T00:02:08Z</time></trkpt><trkpt lat="37.57695770263672" lon="127.07858276367188"><ele>13.199999809265137</ele><time>2026-09-19T00:02:09Z</time></trkpt><trkpt lat="37.57693862915039" lon="127.07858276367188"><ele>13.199999809265137</ele><time>2026-09-19T00:02:10Z</time></trkpt><trkpt lat="37.57692337036133" lon="127.07858276367188"><ele>13.199999809265137</ele><time>2026-09-19T00:02:11Z</time></trkpt><trkpt lat="37.57689666748047" lon="127.07858276367188"><ele>13.199999809265137</ele><time>2026-09-19T00:02:12Z</time></trkpt><trkpt lat="37.57687759399414" lon="127.07858276367188"><ele>13.199999809265137</ele><time>2026-09-19T00:02:13Z</time></trkpt><trkpt lat="37.57685470581055" lon="127.07858276367188"><ele>13.199999809265137</ele><time>2026-09-19T00:02:14Z</time></trkpt><trkpt lat="37.57683563232422" lon="127.0785903930664"><ele>13.199999809265137</ele><time>2026-09-19T00:02:15Z</time></trkpt><trkpt lat="37.57681655883789" lon="127.0785903930664"><ele>13.199999809265137</ele><time>2026-09-19T00:02:16Z</time></trkpt><trkpt lat="37.5767936706543" lon="127.07858276367188"><ele>13.399999618530273</ele><time>2026-09-19T00:02:17Z</time></trkpt><trkpt lat="37.57677459716797" lon="127.0785903930664"><ele>13.399999618530273</ele><time>2026-09-19T00:02:18Z</time></trkpt><trkpt lat="37.57674789428711" lon="127.07859802246094"><ele>13.600000381469727</ele><time>2026-09-19T00:02:19Z</time></trkpt><trkpt lat="37.57672882080078" lon="127.07860565185547"><ele>13.600000381469727</ele><time>2026-09-19T00:02:20Z</time></trkpt><trkpt lat="37.57670974731445" lon="127.07860565185547"><ele>13.800000190734863</ele><time>2026-09-19T00:02:21Z</time></trkpt><trkpt lat="37.576690673828125" lon="127.07860565185547"><ele>13.800000190734863</ele><time>2026-09-19T00:02:22Z</time></trkpt><trkpt lat="37.57666778564453" lon="127.07861328125"><ele>13.800000190734863</ele><time>2026-09-19T00:02:23Z</time></trkpt><trkpt lat="37.5766487121582" lon="127.07861328125"><ele>13.600000381469727</ele><time>2026-09-19T00:02:24Z</time></trkpt><trkpt lat="37.576629638671875" lon="127.07862091064453"><ele>13.399999618530273</ele><time>2026-09-19T00:02:25Z</time></trkpt><trkpt lat="37.57660675048828" lon="127.07862854003906"><ele>13.199999809265137</ele><time>2026-09-19T00:02:26Z</time></trkpt><trkpt lat="37.57658386230469" lon="127.07862854003906"><ele>13.199999809265137</ele><time>2026-09-19T00:02:27Z</time></trkpt></trkseg></trk></gpx>